master,nonius
11025,14439
11049,14462
11074,14485
11097,14508
11121,14532
11145,14555
11169,14577
11193,14601
11217,14623
11241,14645
11264,14668
11287,14689
11311,14712
11334,14734
11358,14757
11381,14777
11403,14800
11427,14822
11449,14844
11471,14866
11494,14889
11516,14911
11539,14933
11562,14955
11586,14975
11608,14997
11632,15019
11655,15041
11677,15063
11701,15084
11726,15106
11749,15128
11772,15151
11796,15173
11819,15195
11842,15217
11864,15238
11886,15260
11908,15283
11930,15305
11953,15328
11976,15350
12000,15372
12023,15394
12046,15416
12070,15440
12093,15462
12116,15485
12139,15507
12162,15530
12185,15552
12206,15573
12229,15597
12250,15620
12273,15643
12294,15665
12315,15687
12338,15709
12360,15731
12382,15752
12404,15773
12426,15795
12449,15816
12472,15838
12494,15860
12517,15881
12540,15904
12563,15927
12587,15948
12611,15971
12634,15994
12656,16017
12680,16041
12704,16065
12726,16088
12749,16110
12773,16132
12798,16155
12821,16178
12845,16202
12868,16225
12893,16247
12917,16271
12941,16295
12966,16319
12992,16342
13018,16366
13043,7
13067,30
13092,55
13115,78
13140,101
13164,124
13189,148
13212,172
13237,196
13262,221
13287,244
13311,268
13336,292
13361,317
13386,341
13411,364
13435,388
13459,411
13484,434
13507,456
13531,479
13556,502
13580,525
13603,550
13627,573
13651,596
13675,619
13698,641
13723,663
13746,686
13769,708
13793,729
13816,753
13839,775
13861,798
13884,819
13907,840
13929,862
13952,884
13975,906
13998,929
14021,950
14043,971
14066,991
14090,1014
14112,1035
14134,1057
14156,1077
14177,1097
14200,1119
14221,1139
14243,1160
14265,1181
14288,1203
14311,1225
14334,1247
14358,1269
14381,1289
14405,1311
14428,1334
14451,1356
14475,1378
14500,1400
14523,1423
14548,1445
14571,1469
14595,1490
14617,1512
14642,1534
14666,1557
14691,1580
14715,1603
14738,1627
14761,1649
14784,1671
14808,1693
14831,1714
14855,1736
14878,1758
14901,1780
14924,1802
14949,1824
14972,1846
14995,1869
15019,1891
15042,1915
15068,1937
15091,1960
15114,1983
15139,2006
15163,2029
15187,2052
15211,2075
15235,2096
15259,2120
15282,2141
15306,2164
15330,2188
15353,2211
15377,2234
15401,2257
15425,2280
15450,2303
15474,2326
15497,2350
15520,2373
15543,2396
15567,2419
15591,2441
15614,2464
15637,2487
15660,2510
15683,2531
15707,2553
15730,2574
15752,2596
15776,2618
15799,2640
15822,2661
15845,2683
15866,2705
15889,2728
15912,2750
15934,2771
15956,2793
15978,2815
16001,2839
16024,2860
16045,2883
16066,2903
16088,2925
16111,2948
16133,2971
16155,2993
16178,3015
16201,3039
16223,3061
16245,3084
16267,3106
16290,3129
16313,3150
16335,3174
16356,3195
16379,3218
17,3242
42,3263
65,3285
88,3308
110,3331
132,3355
154,3378
176,3401
199,3423
221,3446
244,3469
268,3490
291,3512
313,3533
335,3555
358,3577
381,3600
403,3623
425,3645
447,3668
468,3690
491,3713
511,3736
533,3758
556,3780
578,3802
601,3825
623,3848
646,3870
670,3894
694,3917
718,3939
743,3963
768,3987
791,4010
815,4034
840,4057
863,4079
886,4104
910,4128
934,4152
958,4176
982,4200
1005,4224
1029,4249
1054,4274
1079,4299
1104,4324
1129,4348
1156,4374
1180,4398
1206,4423
1232,4447
1256,4471
1280,4496
1304,4521
1328,4545
1352,4568
1378,4592
1402,4616
1426,4640
1450,4666
1474,4689
1499,4713
1523,4737
1546,4761
1571,4785
1595,4808
1619,4830
1644,4852
1667,4876
1690,4900
1714,4922
1737,4944
1761,4966
1784,4988
1806,5009
1829,5032
1851,5053
1873,5076
1895,5099
1918,5121
1940,5142
1964,5166
1986,5188
2009,5209
2032,5231
2055,5251
2078,5273
2101,5295
2123,5315
2145,5337
2167,5358
2190,5379
2210,5399
2233,5421
2255,5442
2276,5463
2298,5484
2321,5505
2344,5527
2366,5548
2388,5569
2412,5592
2435,5614
2460,5636
2483,5659
2507,5682
2532,5704
2557,5727
2580,5749
2602,5771
2625,5793
2650,5815
2674,5837
2696,5859
2719,5881
2742,5902
2765,5925
2789,5948
2812,5970
2836,5992
2860,6014
2883,6036
2906,6060
2932,6081
2957,6105
2981,6126
3004,6148
3027,6170
3051,6193
3074,6215
3098,6238
3123,6261
3145,6286
3168,6310
3193,6333
3216,6357
3239,6379
3263,6402
3287,6424
3311,6450
3336,6474
3360,6496
3385,6519
3409,6542
3434,6566
3457,6587
3482,6609
3505,6631
3528,6654
3551,6677
3574,6700
3597,6721
3619,6743
3641,6765
3666,6788
3689,6810
3713,6832
3736,6854
3760,6877
3783,6900
3807,6921
3831,6944
3853,6966
3875,6987
3896,7008
3918,7029
3939,7051
3960,7073
3982,7093
4003,7114
4025,7135
4046,7158
4068,7179
4091,7202
4113,7225
4136,7247
4158,7271
4181,7292
4204,7313
4227,7336
4251,7357
4274,7379
4296,7400
4319,7422
4342,7443
4364,7466
4388,7488
4411,7511
4434,7534
4457,7557
4479,7579
4503,7603
4527,7625
4549,7647
4572,7670
4595,7692
4618,7715
4642,7737
4664,7758
4686,7781
4708,7802
4731,7823
4752,7845
4775,7866
4797,7888
4821,7909
4843,7931
4866,7953
4888,7976
4911,7997
4934,8018
4955,8039
4977,8061
5000,8083
5021,8105
5046,8129
5071,8150
5095,8174
5120,8197
5143,8220
5167,8243
5192,8266
5218,8289
5243,8314
5267,8338
5292,8361
5315,8385
5338,8409
5361,8433
5386,8457
5412,8480
5437,8505
5460,8530
5484,8553
5508,8577
5533,8601
5558,8625
5582,8650
5608,8677
5634,8701
5659,8725
5684,8748
5710,8774
5735,8797
5760,8821
5784,8845
5807,8868
5831,8891
5855,8914
5878,8938
5903,8962
5927,8984
5950,9008
5974,9031
5998,9054
6021,9076
6044,9099
6068,9121
6091,9144
6115,9167
6139,9189
6162,9212
6186,9233
6210,9255
6232,9276
6255,9298
6277,9320
6301,9341
6324,9363
6346,9384
6369,9405
6391,9426
6413,9447
6436,9469
6458,9490
6481,9511
6503,9533
6527,9554
6547,9575
6571,9596
6593,9617
6616,9637
6639,9659
6662,9679
6684,9700
6706,9721
6727,9743
6751,9765
6774,9788
6797,9810
6821,9832
6845,9855
6869,9878
6891,9900
6915,9923
6940,9945
6964,9970
6989,9992
7013,10015
7037,10037
7061,10060
7086,10083
7109,10105
7133,10127
7156,10150
7180,10172
7204,10194
7227,10217
7251,10239
7275,10263
7296,10285
7320,10308
7344,10331
7368,10353
7393,10376
7417,10400
7440,10423
7464,10447
7488,10469
7512,10493
7537,10515
7561,10538
7585,10562
7608,10585
7633,10608
7657,10632
7681,10655
7704,10678
7729,10702
7753,10726
7778,10750
7801,10773
7827,10795
7850,10819
7873,10842
7898,10865
7922,10889
7946,10914
7972,10938
7995,10960
8018,10983
8041,11006
8063,11030
8085,11052
8107,11075
8128,11098
8151,11121
8174,11144
8195,11167
8218,11188
8242,11211
8264,11234
8287,11255
8310,11278
8332,11299
8356,11323
8378,11344
8401,11366
8423,11388
8446,11410
8468,11434
8490,11456
8513,11479
8535,11501
8558,11523
8580,11547
8603,11570
8626,11593
8648,11615
8671,11639
8693,11662
8716,11684
8741,11707
8766,11730
8789,11753
8813,11777
8837,11800
8860,11824
8883,11847
8906,11869
8929,11892
8952,11914
8975,11938
8997,11960
9019,11983
9040,12006
9063,12028
9086,12048
9108,12070
9131,12091
9154,12113
9176,12134
9200,12156
9224,12178
9247,12199
9271,12222
9293,12246
9318,12268
9341,12290
9364,12313
9387,12335
9410,12358
9432,12382
9454,12405
9477,12429
9500,12454
9524,12478
9548,12501
9573,12526
9599,12550
9623,12573
9648,12598
9672,12621
9697,12645
9721,12669
9747,12694
9771,12718
9795,12742
9819,12766
9843,12792
9868,12817
9893,12842
9917,12866
9943,12891
9969,12916
9994,12941
10020,12964
10046,12989
10072,13013
10097,13038
10122,13063
10147,13088
10172,13112
10198,13137
10223,13162
10248,13186
10272,13209
10296,13232
10323,13254
10345,13277
10368,13300
10390,13322
10414,13345
10437,13371
10461,13395
10485,13417
10510,13439
10534,13461
10558,13483
10582,13504
10607,13526
10630,13549
10654,13571
10675,13593
10697,13615
10719,13635
10741,13657
10764,13680
10786,13701
10807,13720
10830,13743
10853,13764
10875,13784
10898,13806
10921,13827
10942,13846
10964,13867
10989,13888
11012,13910
11034,13931
11057,13952
11080,13973
11104,13995
11126,14017
11149,14040
11172,14063
11196,14084
11219,14108
11241,14130
11264,14151
11288,14174
11313,14198
11338,14220
11363,14243
11386,14265
11411,14288
11436,14310
11461,14333
11485,14357
11509,14379
11532,14402
11555,14425
11578,14447
11601,14468
11624,14492
11647,14514
11669,14537
11693,14558
11717,14580
11741,14602
11766,14625
11790,14647
11815,14672
11841,14696
11864,14721
11888,14743
11912,14766
11936,14788
11959,14811
11983,14834
12005,14856
12029,14878
12053,14901
12074,14924
12099,14947
12122,14970
12144,14993
12167,15015
12190,15037
12214,15062
12238,15084
12263,15108
12287,15130
12311,15154
12334,15177
12358,15199
12381,15222
12404,15244
12428,15267
12451,15291
12473,15312
12496,15335
12518,15357
12541,15380
12564,15403
12587,15426
12609,15448
12632,15471
12656,15493
12678,15515
12702,15538
12724,15559
12747,15580
12769,15601
12791,15623
12814,15645
12837,15666
12859,15690
12882,15712
12904,15735
12927,15756
12949,15778
12972,15800
12996,15823
13018,15845
13042,15867
13065,15890
13090,15914
13113,15938
13136,15960
13158,15982
13181,16005
13204,16027
13228,16050
13252,16072
13277,16096
13299,16118
13322,16140
13343,16162
13367,16184
13391,16205
13415,16227
13437,16249
13460,16269
13482,16290
13504,16312
13526,16335
13549,16357
13572,16380
13594,17
13618,39
13641,62
13664,84
13687,107
13711,129
13735,151
13759,175
13782,197
13805,221
13829,244
13854,267
13877,290
13900,313
13922,336
13947,359
13971,383
13996,406
14021,431
14045,456
14070,480
14096,504
14122,529
14147,554
14171,578
14197,603
14222,628
14248,652
14273,676
14297,700
14321,725
14345,750
14370,773
14396,795
14421,820
14445,844
14470,868
14494,892
14519,916
14545,940
14570,966
14595,989
14623,1013
14648,1037
14672,1060
14697,1083
14721,1106
14744,1130
14768,1154
14791,1176
14815,1199
14839,1221
14862,1243
14885,1265
14908,1287
14931,1309
14953,1332
14978,1352
15002,1375
15025,1396
15048,1418
15071,1442
15095,1462
15116,1483
15138,1505
15161,1527
15183,1548
15205,1569
15227,1590
15249,1612
15272,1633
15293,1654
15315,1675
15337,1696
15359,1717
15382,1738
15405,1759
15428,1780
15452,1802
15476,1824
15500,1846
15524,1869
15548,1891
15571,1914
15594,1937
15617,1959
15640,1981
15662,2004
15685,2027
15708,2048
15734,2071
15757,2094
15781,2117
15805,2139
15829,2164
15854,2187
15877,2210
15903,2233
15926,2256
15949,2279
15973,2301
15997,2325
16020,2347
16043,2370
16066,2393
16089,2416
16112,2439
16135,2462
16158,2485
16181,2509
16204,2532
16227,2556
16248,2580
16272,2603
16298,2626
16322,2648
16347,2673
16371,2695
13,2718
37,2741
61,2766
84,2789
107,2814
129,2838
152,2859
174,2882
198,2904
222,2929
246,2954
269,2976
292,2999
317,3024
341,3048
365,3072
387,3095
411,3118
435,3141
458,3164
483,3187
506,3211
529,3234
553,3256
575,3278
597,3301
620,3323
642,3345
664,3368
685,3391
707,3412
730,3435
752,3459
775,3481
798,3505
822,3526
846,3549
869,3572
894,3595
915,3618
938,3640
961,3662
984,3685
1007,3707
1030,3731
1052,3752
1075,3776
1097,3799
1120,3822
1143,3845
1166,3867
1189,3890
1213,3913
1237,3935
1261,3957
1285,3978
1308,4000
1332,4023
1355,4045
1378,4067
1400,4089
1422,4111
1444,4133
1467,4155
1489,4178
1512,4200
1533,4222
1554,4245
1576,4268
1599,4290
1622,4312
1646,4335
1669,4358
1693,4380
1718,4403
1742,4425
1766,4449
1790,4473
1815,4497
1839,4518
1863,4542
1886,4567
1910,4590
1932,4615
1956,4638
1980,4662
2004,4686
2029,4711
2055,4733
2082,4757
2107,4783
2132,4808
2158,4833
2184,4859
2210,4885
2235,4909
2261,4934
2286,4959
2312,4983
2337,5008
2362,5033
2387,5057
2413,5082
2438,5107
2463,5130
2487,5155
2512,5179
2538,5204
2563,5229
2588,5254
2614,5276
2638,5300
2663,5323
2688,5347
2712,5370
2737,5392
2762,5416
2786,5439
2809,5459
2832,5481
2855,5505
2877,5528
2900,5548
2924,5571
2946,5594
2969,5614
2992,5637
3017,5658
3040,5680
3064,5700
3087,5721
3110,5743
3132,5764
3155,5787
3177,5808
3200,5828
3222,5849
3244,5872
3266,5893
3288,5914
3311,5935
3333,5956
3356,5978
3378,5999
3401,6020
3424,6042
3447,6064
3471,6085
3495,6106
3519,6128
3542,6150
3566,6172
3591,6196
3614,6219
3638,6242
3661,6264
3684,6286
3709,6308
3733,6329
3756,6352
3780,6375
3803,6399
3827,6422
3852,6446
3875,6469
3899,6492
3924,6517
3947,6540
3971,6563
3993,6586
4016,6609
4040,6632
4064,6655
4087,6677
4111,6699
4133,6722
4156,6745
4180,6769
4204,6792
4228,6815
4253,6839
4278,6861
4303,6885
4327,6910
4352,6934
4377,6957
4402,6982
4427,7007
4451,7028
4475,7051
4498,7074
4522,7097
4544,7121
4568,7145
4591,7167
4616,7191
4640,7215
4664,7240
4686,7262
4710,7286
4737,7310
4762,7334
4787,7358
4810,7381
4834,7403
4858,7426
4881,7449
4906,7472
4929,7496
4953,7518
4975,7541
4998,7563
5020,7585
5041,7607
5063,7629
5084,7651
5108,7674
5131,7695
5154,7718
5178,7740
5201,7763
5225,7785
5248,7807
5272,7829
5294,7852
5317,7873
5341,7896
5364,7918
5388,7941
5410,7963
5432,7986
5455,8007
5477,8029
5500,8051
5524,8073
5547,8095
5571,8118
5594,8141
5619,8164
5642,8187
5666,8209
5690,8231
5712,8254
5734,8277
5757,8299
5779,8319
5803,8340
5825,8362
5847,8383
5867,8406
5890,8426
5913,8449
5935,8472
5958,8495
5981,8518
6004,8540
6028,8564
6051,8587
6073,8608
6095,8631
6119,8653
6143,8674
6168,8697
6191,8722
6214,8743
6238,8765
6263,8790
6288,8814
6314,8839
6339,8863
6362,8885
6387,8910
6412,8934
6437,8959
6461,8983
6484,9007
6509,9032
6534,9056
6559,9081
6585,9104
6610,9129
6634,9153
6660,9177
6686,9202
6711,9226
6737,9250
6763,9274
6787,9299
6813,9324
6838,9347
6864,9372
6888,9396
6912,9420
6935,9444
6961,9470
6987,9494
7010,9516
7034,9538
7059,9562
7084,9586
7108,9609
7133,9630
7157,9653
7181,9676
7205,9699
7228,9721
7251,9743
7273,9765
7297,9787
7321,9810
7343,9830
7364,9852
7386,9874
7408,9894
7432,9916
7454,9937
7477,9958
7499,9980
7522,10003
7544,10024
7567,10045
7589,10066
7613,10087
7634,10107
7656,10128
7678,10148
7699,10171
7722,10191
7745,10213
7766,10234
7788,10256
7809,10277
7832,10300
7854,10321
7876,10342
7899,10364
7923,10387
7946,10409
7970,10432
7994,10455
8019,10477
8042,10500
8066,10522
8090,10545
8111,10568
8134,10591
8159,10615
8182,10637
8204,10661
8227,10684
8250,10706
8273,10730
8297,10752
8320,10775
8344,10798
8368,10823
8393,10846
8416,10870
8439,10892
8463,10916
8488,10939
8511,10962
8534,10986
8558,11009
8582,11032
8606,11055
8627,11078
8650,11102
8673,11126
8697,11150
8721,11174
8745,11197
8769,11221
8793,11244
8818,11267
8844,11291
8868,11315
8894,11339
8919,11362
8944,11386
8969,11410
8992,11434
9015,11457
9038,11481
9062,11505
9087,11528
9111,11552
9133,11577
9157,11599
9181,11623
9204,11647
9227,11670
9251,11694
9276,11717
9300,11742
9325,11764
9348,11788
9370,11810
9392,11833
9415,11853
9437,11876
9459,11898
9481,11921
9502,11942
9524,11965
9545,11988
9569,12010
9591,12032
9613,12054
9636,12076
9659,12098
9682,12120
9706,12142
9730,12164
9752,12186
9776,12208
9799,12230
9821,12251
9844,12273
9866,12295
9888,12318
9910,12341
9932,12363
9955,12386
9978,12408
10000,12430
10024,12452
10045,12473
10068,12496
10091,12517
10113,12540
10136,12562
10159,12584
10182,12605
10206,12627
10229,12649
10251,12671
10274,12694
10297,12717
10320,12739
10342,12761
10363,12782
10386,12804
10409,12827
10431,12851
10453,12873
10477,12894
10500,12916
10523,12938
10546,12961
10571,12983
10595,13007
10619,13030
10644,13054
10668,13077
10692,13100
10716,13124
10740,13149
10765,13172
10789,13196
10814,13219
10838,13243
10862,13267
10886,13291
10911,13316
10935,13341
10959,13364
10984,13387
11010,13410
11035,13433
11060,13457
11086,13480
11111,13503
11136,13527
11161,13550
11186,13575
11210,13599
11235,13622
11259,13644
11283,13667
11307,13691
11331,13715
11356,13738
11379,13760
11403,13782
11426,13805
11451,13828
11475,13851
11500,13873
11524,13893
11547,13916
11572,13939
11595,13962
11618,13983
11640,14004
11662,14027
11685,14048
11707,14068
11728,14090
11749,14109
11772,14128
11794,14149
11815,14171
11837,14191
11860,14213
11883,14235
11906,14256
11928,14277
11949,14297
11971,14317
11993,14338
12016,14359
12038,14378
12058,14399
12080,14420
12102,14440
12122,14460
12142,14480
12163,14501
12185,14523
12206,14544
12227,14567
12249,14589
12271,14612
12295,14633
12319,14655
12343,14676
12366,14699
12389,14722
12413,14743
12438,14765
12461,14788
12486,14811
12510,14834
12533,14856
12557,14881
12581,14905
12603,14928
12627,14949
12650,14972
12673,14995
12695,15016
12718,15039
12742,15062
12767,15084
12790,15107
12814,15130
12839,15154
12863,15177
12888,15200
12911,15222
12935,15245
12959,15268
12982,15291
13005,15314
13028,15338
13052,15361
13077,15385
13101,15409
13125,15432
13149,15455
13174,15479
13196,15503
13220,15527
13244,15549
13269,15572
13294,15597
13318,15621
13342,15645
13366,15668
13391,15693
13415,15716
13440,15739
13463,15762
13486,15786
13509,15810
13531,15833
13555,15855
13578,15879
13600,15901
13623,15924
13647,15946
13672,15967
13695,15990
13718,16012
13741,16036
13763,16058
13787,16079
13810,16101
13833,16123
13856,16146
13880,16168
13901,16190
13923,16210
13945,16231
13967,16252
13991,16273
14013,16295
14034,16317
14057,16338
14079,16361
14102,0
14124,22
14149,45
14171,66
14195,88
14218,110
14241,131
14265,153
14288,174
14311,196
14334,219
14356,241
14377,264
14399,287
14422,308
14444,328
14466,350
14488,372
14511,395
14532,417
14556,439
14578,462
14600,484
14623,505
14647,525
14669,547
14693,568
14716,591
14738,613
14761,635
14783,656
14805,679
14828,702
14850,724
14873,746
14898,769
14920,793
14943,816
14967,840
14992,862
15016,885
15040,910
15064,934
15089,957
15114,981
15140,1004
15164,1028
15189,1052
15214,1075
15239,1098
15265,1123
15289,1147
15314,1170
15337,1194
15362,1218
15388,1242
15411,1265
15434,1290
15459,1311
15485,1335
15509,1358
15535,1382
15559,1406
15584,1430
15611,1454
15636,1478
15660,1503
15684,1527
15708,1550
15732,1572
15756,1596
15780,1619
15803,1641
15826,1664
15851,1687
15873,1709
15895,1731
15918,1753
15941,1775
15965,1796
15987,1819
16010,1840
16034,1862
16057,1884
16079,1904
16102,1926
16124,1948
16147,1969
16168,1990
16189,2011
16211,2033
16232,2055
16253,2076
16275,2095
16295,2116
16316,2137
16338,2158
16360,2180
16381,2200
19,2221
40,2241
61,2262
83,2283
105,2303
127,2324
150,2346
172,2367
194,2390
218,2413
240,2435
263,2459
286,2483
308,2504
331,2525
354,2549
376,2571
399,2594
423,2618
448,2640
473,2665
498,2688
523,2711
548,2734
571,2758
594,2782
618,2804
642,2828
665,2850
688,2873
711,2896
733,2919
755,2942
778,2965
801,2988
826,3011
851,3034
874,3059
897,3083
923,3106
947,3131
972,3154
996,3177
1021,3202
1046,3226
1070,3251
1094,3275
1118,3299
1143,3322
1165,3345
1188,3367
1211,3390
1235,3414
1259,3438
1283,3462
1307,3488
1331,3512
1355,3537
1380,3560
1405,3584
1429,3609
1453,3632
1477,3656
1501,3678
1526,3701
1548,3724
1570,3749
1594,3772
1616,3796
1638,3819
1661,3842
1682,3865
1705,3886
1729,3907
1752,3929
1776,3950
1799,3971
1822,3994
1845,4016
1869,4038
1892,4059
1914,4080
1937,4103
1960,4125
1984,4145
2006,4168
2027,4189
2049,4212
2071,4234
2093,4256
2115,4279
2137,4301
2160,4323
2184,4346
2208,4368
2231,4390
2253,4412
2278,4434
2302,4456
2325,4478
2348,4501
2371,4524
2392,4546
2414,4567
2437,4588
2458,4608
2479,4631
2501,4653
2523,4675
2545,4696
2567,4717
2590,4738
2614,4760
2636,4781
2659,4804
2682,4826
2706,4849
2729,4870
2752,4893
2774,4915
2798,4938
2821,4961
2845,4982
2868,5004
2891,5028
2915,5051
2938,5075
2962,5098
2986,5122
3010,5145
3034,5166
3058,5190
3083,5213
3108,5237
3135,5262
3160,5286
3184,5309
3209,5333
3235,5354
3258,5379
3283,5402
3309,5426
3333,5451
3358,5473
3383,5497
3407,5521
3431,5545
3453,5570
3478,5592
3503,5616
3529,5641
3555,5665
3582,5689
3609,5714
3633,5736
3658,5759
3683,5783
3707,5807
3732,5830
3756,5854
3780,5878
3804,5899
3828,5922
3850,5943
3872,5965
3896,5987
3916,6010
3939,6033
3960,6054
3983,6075
4005,6097
4028,6118
4048,6140
4070,6160
4092,6181
4114,6201
4137,6224
4159,6245
4181,6266
4203,6287
4225,6308
4247,6329
4268,6349
4290,6370
4312,6391
4333,6412
4354,6433
4376,6452
4398,6472
4419,6492
4441,6513
4463,6534
4485,6555
4508,6577
4531,6597
4553,6618
4576,6640
4600,6662
4623,6684
4645,6707
4667,6729
4693,6751
4716,6773
4740,6797
4763,6820
4787,6843
4812,6867
4837,6891
4860,6913
4884,6936
4908,6958
4932,6980
4956,7003
4980,7027
5002,7049
5026,7072
5048,7095
5072,7118
5095,7140
5118,7164
5141,7187
5165,7209
5188,7231
5210,7253
5233,7276
5256,7300
5279,7322
5303,7345
5326,7368
5351,7392
5376,7415
5401,7439
5424,7464
5448,7488
5472,7512
5495,7535
5518,7558
5542,7583
5567,7606
5591,7631
5615,7653
5640,7676
5663,7700
5685,7723
5709,7746
5733,7769
5755,7792
5780,7815
5804,7839
5826,7862
5851,7884
5875,7909
5898,7933
5923,7954
5946,7977
5971,8000
5993,8021
6017,8043
6040,8064
6061,8086
6084,8108
6105,8131
6128,8152
6149,8174
6171,8194
6195,8214
6218,8235
6241,8256
6263,8278
6286,8300
6308,8322
6330,8344
6353,8365
6376,8388
6397,8409
6419,8431
6441,8454
6464,8475
6486,8497
6508,8518
6530,8539
6551,8560
6574,8582
6596,8604
6618,8626
6639,8648
6662,8670
6684,8692
6709,8713
6731,8735
6755,8758
6778,8780
6800,8801
6823,8823
6846,8845
6867,8866
6888,8888
6910,8908
6931,8930
6954,8952
6976,8974
6998,8995
7021,9016
7045,9038
7069,9059
7090,9080
7113,9103
7137,9125
7160,9148
7183,9170
7209,9192
7232,9215
7257,9237
7280,9261
7304,9284
7328,9308
7352,9331
7375,9354
7400,9378
7424,9402
7449,9426
7472,9450
7498,9474
7520,9498
7545,9523
7571,9548
7596,9571
7622,9595
7647,9618
7673,9642
7699,9666
7724,9689
7748,9714
7773,9739
7798,9763
7823,9787
7848,9811
7873,9836
7898,9860
7923,9883
7947,9907
7972,9932
7997,9954
8021,9979
8044,10003
8068,10027
8091,10050
8116,10073
8141,10096
8163,10119
8188,10141
8212,10164
8235,10188
8258,10210
8281,10231
8304,10254
8325,10276
8346,10298
8368,10321
8390,10341
8413,10363
8433,10383
8456,10404
8478,10426
8501,10447
8523,10467
8547,10488
8569,10509
8591,10530
8613,10553
8635,10574
8655,10595
8675,10614
8696,10636
8717,10655
8737,10674
8758,10693
8778,10714
8799,10734
8821,10754
8843,10775
8866,10797
8888,10818
8911,10841
8936,10863
8958,10885
8983,10907
9006,10930
9029,10954
9053,10976
9077,11000
9102,11024
9124,11047
9147,11070
9169,11092
9192,11115
9216,11138
9240,11161
9263,11185
9286,11209
9309,11232
9332,11256
9357,11278
9380,11302
9404,11323
9428,11346
9452,11369
9475,11392
9499,11413
9523,11436
9546,11459
9570,11484
9591,11507
9614,11531
9636,11553
9659,11577
9681,11600
9706,11624
9730,11647
9755,11672
9779,11695
9803,11717
9827,11742
9853,11765
9878,11789
9901,11813
9925,11837
9949,11861
9972,11885
9994,11909
10017,11932
10041,11957
10064,11980
10086,12003
10109,12027
10132,12050
10155,12072
10179,12094
10204,12117
10229,12138
10255,12161
10277,12183
10301,12205
10325,12229
10348,12251
10370,12273
10393,12294
10416,12317
10438,12338
10461,12361
10483,12382
10505,12403
10527,12427
10548,12448
10571,12471
10593,12492
10616,12514
10638,12536
10660,12558
10683,12580
10705,12601
10729,12622
10752,12643
10775,12665
10797,12685
10819,12707
10841,12728
10863,12750
10885,12773
10906,12793
10929,12814
10949,12837
10971,12858
10993,12879
11015,12900
11038,12923
11060,12944
11082,12965
11106,12988
11129,13008
11152,13030
11176,13052
11198,13072
11221,13094
11243,13116
11264,13137
11286,13159
11308,13181
11330,13202
11352,13224
11374,13246
11397,13268
11420,13289
11443,13311
11468,13334
11491,13356
11516,13379
11540,13401
11564,13424
11588,13448
11612,13472
11636,13495
11659,13517
11684,13540
11707,13563
11731,13587
11755,13610
11779,13634
11803,13658
11829,13681
11854,13706
11879,13733
11903,13755
11929,13778
11954,13803
11981,13828
12007,13852
12032,13877
12056,13900
12081,13923
12106,13945
12131,13968
12155,13993
12180,14019
12205,14044
12229,14068
12254,14092
12278,14115
12305,14139
12329,14164
12354,14187
12379,14211
12405,14236
12430,14259
12456,14282
12482,14305
12506,14329
12530,14350
12553,14373
12579,14396
12602,14419
12625,14441
12648,14462
12672,14485
12694,14506
12717,14528
12739,14551
12763,14573
12785,14593
12806,14615
12828,14637
12851,14658
12875,14678
12899,14698
12922,14719
12946,14739
12967,14761
12988,14782
13010,14803
13032,14823
13054,14844
13075,14865
13095,14885
13115,14904
13135,14923
13156,14944
13178,14964
13199,14986
13220,15007
13243,15029
13266,15051
13291,15073
13315,15095
13338,15118
13363,15141
13387,15162
13411,15184
13436,15207
13459,15232
13483,15256
13507,15279
13532,15302
13555,15323
13578,15347
13601,15370
13625,15394
13649,15416
13673,15439
13695,15462
13719,15487
13744,15511
13768,15534
13792,15556
13815,15579
13839,15601
13862,15622
13884,15645
13909,15668
13933,15692
13956,15715
13981,15738
14005,15762
14028,15787
14052,15812
14077,15835
14100,15858
14123,15882
14148,15905
14172,15928
14197,15953
14220,15977
14246,16001
14269,16024
14294,16047
14317,16070
14342,16094
14366,16119
14390,16141
14415,16165
14440,16188
14463,16211
14489,16234
14513,16256
14538,16280
14561,16303
14583,16325
14607,16348
14631,16370
14655,10
14678,32
14702,53
14726,77
14749,99
14773,121
14795,143
14818,166
14843,188
14864,209
14886,231
14908,253
14932,274
14955,296
14978,318
15001,340
15023,363
15045,385
15068,406
15090,426
15112,449
15135,469
15158,491
15180,512
15201,535
15224,557
15247,580
15270,601
15293,623
15316,645
15338,667
15361,688
15383,709
15406,730
15428,753
15450,776
15471,797
15493,818
15515,840
15537,862
15559,882
15582,905
15604,927
15627,948
15649,969
15673,990
15697,1012
15720,1034
15743,1057
15767,1080
15789,1102
15812,1124
15835,1146
15857,1168
15880,1191
15902,1215
15926,1237
15950,1261
15974,1283
15998,1305
16023,1327
16047,1350
16071,1374
16094,1397
16120,1420
16144,1444
16168,1467
16193,1490
16216,1513
16240,1538
16264,1562
16288,1587
16312,1611
16336,1635
16361,1661
2,1685
28,1710
52,1734
77,1758
103,1783
128,1807
155,1831
182,1856
208,1881
233,1905
258,1929
283,1954
309,1979
333,2003
359,2028
384,2054
409,2078
434,2104
457,2127
482,2150
506,2173
530,2196
554,2219
578,2242
603,2263
626,2286
650,2309
674,2332
696,2355
719,2377
743,2400
766,2421
789,2444
811,2466
833,2486
855,2508
878,2530
899,2551
922,2573
943,2594
964,2616
986,2637
1009,2660
1032,2681
1054,2701
1077,2722
1098,2742
1120,2763
1143,2785
1163,2806
1184,2827
1207,2849
1229,2872
1252,2896
1275,2918
1298,2942
1321,2965
1345,2987
1369,3011
1394,3035
1419,3059
1443,3082
1468,3106
1493,3129
1519,3153
1542,3176
1567,3200
1591,3224
1615,3247
1637,3274
1660,3298
1684,3320
1707,3344
1731,3367
1755,3391
1779,3415
1800,3439
1825,3463
1849,3487
1873,3510
1899,3533
1924,3557
1949,3581
1974,3604
1998,3630
2023,3654
2047,3679
2071,3704
2096,3729
2121,3752
2143,3777
2167,3800
2191,3824
2217,3848
2240,3873
2264,3897
2289,3921
2314,3945
2340,3968
2365,3992
2389,4016
2414,4042
2439,4065
2465,4089
2490,4113
2515,4136
2540,4161
2563,4185
2586,4209
2609,4233
2634,4256
2658,4279
2682,4304
2706,4328
2730,4352
2755,4374
2780,4397
2804,4420
2828,4442
2852,4464
2874,4487
2898,4509
2919,4531
2941,4554
2964,4576
2987,4599
3009,4620
3031,4644
3055,4666
3077,4688
3099,4709
3121,4731
3145,4752
3169,4774
3192,4795
3217,4817
3240,4839
3263,4861
3286,4884
3310,4905
3332,4926
3355,4949
3377,4970
3399,4992
3422,5014
3444,5037
3466,5058
3488,5080
3510,5101
3531,5122
3555,5143
3577,5164
3599,5186
3624,5208
3647,5229
3670,5250
3693,5272
3716,5295
3740,5317
3763,5339
3787,5360
3810,5382
3832,5405
3856,5427
3878,5449
3901,5472
3924,5495
3947,5518
3971,5541
3994,5566
4018,5588
4044,5612
4069,5636
4095,5659
4119,5683
4144,5706
4169,5728
4194,5753
4218,5776
4242,5801
4268,5827
4293,5851
4319,5876
4344,5900
4369,5925
4395,5950
4420,5972
4446,5998
4473,6022
4499,6045
4525,6069
4551,6092
4576,6118
4602,6141
4627,6165
4653,6190
4680,6214
4706,6239
4731,6262
4756,6287
4779,6311
4804,6334
4829,6358
4853,6381
4877,6404
4902,6427
4925,6450
4950,6473
4973,6495
4996,6518
5020,6540
5044,6562
5068,6584
5092,6606
5116,6628
5138,6651
5160,6672
5183,6694
5207,6716
5230,6737
5252,6759
5273,6781
5294,6801
5316,6822
5338,6842
5359,6863
5381,6883
5403,6903
5426,6923
5449,6944
5471,6964
5493,6985
5514,7007
5537,7027
5560,7049
5582,7072
5605,7095
5628,7117
5650,7139
5673,7161
5695,7182
5718,7205
5742,7230
5767,7254
5791,7277
5816,7299
5840,7323
5864,7346
5888,7369
5913,7392
5938,7415
5963,7439
5986,7462
6010,7486
6034,7509
6059,7533
6084,7557
6108,7579
6133,7603
6155,7626
6179,7650
6202,7673
6226,7696
6249,7721
6273,7746
6296,7769
6320,7794
6344,7817
6369,7841
6395,7863
6419,7887
6444,7911
6469,7935
6495,7959
6519,7982
6543,8005
6568,8029
6591,8051
6614,8075
6639,8099
6664,8123
6688,8147
6712,8170
6736,8195
6760,8219
6785,8243
6809,8266
6834,8288
6859,8312
6883,8336
6908,8359
6933,8382
6958,8406
6981,8430
7004,8453
7028,8477
7052,8501
7075,8524
7099,8546
7121,8569
7145,8592
7169,8613
7192,8634
7214,8656
7237,8679
7260,8702
7282,8724
7304,8745
7327,8766
7350,8788
7372,8810
7396,8832
7418,8855
7441,8877
7462,8898
7485,8920
7508,8941
7528,8964
7551,8986
7572,9007
7595,9028
7617,9048
7638,9070
7662,9090
7684,9113
7707,9134
7729,9154
7752,9177
7774,9199
7797,9222
7820,9243
7842,9267
7864,9287
7886,9309
7908,9330
7929,9351
7951,9372
7972,9393
7995,9415
8016,9438
8039,9459
8060,9480
8082,9502
8106,9524
8129,9547
8153,9569
8177,9592
8201,9616
8225,9638
8248,9661
8272,9684
8294,9704
8317,9728
8339,9750
8362,9774
8385,9797
8409,9821
8432,9844
8457,9867
8481,9891
8506,9914
8531,9940
8557,9964
8582,9988
8606,10011
8633,10038
8659,10063
8685,10085
8710,10109
8735,10135
8760,10160
8784,10184
8810,10209
8835,10234
8861,10259
8887,10284
8913,10309
8939,10334
8963,10358
8989,10383
9015,10408
9041,10433
9067,10458
9093,10482
9119,10506
9143,10530
9168,10555
9193,10579
9218,10602
9243,10624
9267,10649
9289,10673
9313,10696
9335,10719
9358,10742
9382,10764
9404,10786
9428,10809
9452,10832
9476,10855
9498,10877
9520,10898
9543,10919
9565,10940
9588,10962
9611,10984
9632,11005
9656,11026
9678,11048
9699,11069
9720,11091
9741,11112
9762,11132
9784,11153
9805,11174
9827,11195
9850,11217
9872,11239
9895,11260
9920,11282
9942,11304
9966,11326
9989,11349
10012,11371
10035,11393
10059,11416
10083,11440
10105,11463
10127,11488
10150,11511
10174,11534
10198,11558
10222,11581
10246,11605
10269,11629
10294,11653
10320,11677
10346,11702
10371,11725
10396,11750
10419,11774
10443,11798
10468,11821
10491,11844
10514,11870
10537,11895
10561,11919
10584,11943
10607,11967
10631,11990
10654,12015
10678,12038
10702,12062
10727,12084
10753,12106
10778,12129
10804,12152
10829,12175
10855,12200
10879,12224
10905,12248
10929,12273
10953,12296
10977,12321
11001,12346
11025,12371
11050,12396
11075,12420
11100,12445
11124,12467
11148,12491
11173,12516
11198,12539
11224,12565
11249,12589
11275,12612
11298,12635
11323,12658
11348,12680
11370,12703
11393,12726
11417,12749
11440,12772
11465,12794
11488,12817
11510,12841
11532,12864
11556,12887
11579,12908
11602,12930
11626,12952
11648,12974
11671,12995
11694,13018
11718,13040
11742,13062
11764,13083
11784,13104
11807,13125
11830,13147
11853,13168
11875,13190
11897,13212
11920,13234
11941,13256
11963,13278
11985,13299
12005,13320
12026,13341
12048,13364
12070,13385
12092,13405
12114,13426
12136,13448
12159,13469
12180,13490
12202,13510
12224,13530
12246,13551
12266,13572
12289,13593
12311,13614
12334,13634
12355,13656
12377,13677
12400,13699
12423,13721
12446,13743
12469,13766
12492,13787
12516,13808
12540,13830
12563,13853
12586,13876
12611,13899
12635,13921
12659,13944
12682,13965
12706,13987
12731,14010
12754,14032
12776,14054
12799,14077
12823,14101
12847,14126
12872,14150
12897,14173
12922,14197
12949,14222
12975,14246
13002,14269
13028,14293
13054,14317
13078,14341
13103,14363
13127,14387
13151,14409
13176,14435
13201,14458
13227,14483
13253,14506
13279,14530
13304,14555
13329,14581
13354,14604
13381,14631
13407,14655
13432,14680
13458,14705
13483,14729
13509,14752
13533,14776
13558,14800
13582,14823
13608,14845
13631,14868
13655,14891
13678,14913
13701,14935
13724,14957
13747,14979
13770,15002
13794,15025
13817,15047
13842,15070
13864,15092
13885,15113
13907,15135
13930,15156
13952,15178
13974,15198
13997,15218
14019,15239
14042,15259
14064,15281
14087,15302
14109,15324
14130,15344
14152,15365
14172,15386
14194,15408
14214,15429
14236,15450
14259,15470
14281,15492
14304,15514
14327,15536
14349,15557
14372,15579
14397,15602
14420,15624
14443,15649
14466,15672
14490,15695
14515,15718
14537,15741
14560,15764
14583,15787
14607,15810
14631,15835
14656,15859
14680,15883
14703,15906
14729,15929
14752,15952
14777,15977
14800,16000
14826,16024
14850,16047
14873,16069
14898,16093
14922,16114
14946,16137
14969,16160
14993,16183
15017,16205
15041,16228
15063,16251
15087,16274
15111,16297
15136,16321
15160,16345
15182,16368
15207,8
15230,31
15254,55
15280,79
15304,102
15330,127
15354,150
15378,174
15403,197
15428,222
15452,246
15477,270
15500,294
15525,316
15548,341
15572,367
15596,390
15618,413
15642,436
15667,459
15691,482
15714,506
15739,529
15764,552
15786,574
15809,596
15831,618
15854,641
15878,664
15901,685
15923,706
15945,730
15967,751
15989,773
16012,796
16035,817
16058,838
16081,860
16104,882
16125,903
16146,924
16168,945
16190,968
16212,988
16235,1010
16256,1032
16278,1054
16300,1076
16323,1097
16345,1119
16366,1141
3,1163
23,1183
44,1204
66,1226
88,1248
110,1269
134,1289
155,1310
176,1331
199,1352
221,1374
244,1397
267,1418
289,1440
312,1461
333,1481
357,1504
378,1527
400,1549
422,1570
444,1592
467,1616
490,1638
513,1660
537,1682
561,1705
586,1728
610,1752
635,1775
661,1799
686,1822
710,1844
735,1869
759,1892
782,1915
807,1939
832,1962
855,1987
879,2010
903,2036
929,2060
954,2084
979,2109
1004,2133
1032,2157
1059,2181
1085,2206
1113,2230
1138,2255
1165,2281
1190,2305
1216,2329
1239,2353
1264,2378
1288,2404
1314,2429
1340,2453
1365,2479
1390,2504
1414,2528
1439,2554
1463,2578
1489,2603
1515,2627
1540,2650
1565,2675
1590,2699
1614,2721
1637,2746
1661,2768
1686,2789
1710,2813
1733,2836
1755,2859
1777,2881
1798,2903
1820,2925
1840,2947
1863,2969
1885,2990
1907,3012
1930,3032
1952,3055
1975,3076
1997,3097
2020,3118
2041,3139
2064,3160
2087,3181
2108,3202
2129,3224
2151,3246
2172,3267
2192,3289
2213,3310
2235,3330
2257,3352
2279,3372
2302,3395
2326,3417
2349,3440
2373,3464
2397,3489
2421,3512
2445,3535
2469,3557
2493,3582
2517,3605
2541,3629
2565,3654
2589,3678
2612,3702
2635,3725
2659,3749
2683,3773
2706,3795
2730,3819
2755,3841
2779,3864
2804,3887
2827,3910
2852,3933
2876,3956
2899,3978
2923,4002
2947,4023
2971,4045
2995,4069
3019,4092
3041,4115
3065,4138
3088,4162
3112,4186
3136,4209
3159,4233
3184,4257
3208,4281
3233,4304
3258,4329
3282,4354
3308,4377
3333,4401
3359,4425
3383,4449
3407,4473
3431,4498
3455,4522
3479,4545
3503,4568
3527,4592
3550,4614
3574,4638
3597,4662
3621,4685
3644,4708
3669,4730
3693,4752
3718,4776
3741,4797
3764,4821
3787,4841
3811,4863
3834,4886
3855,4908
3878,4929
3900,4951
3922,4974
3943,4995
3964,5016
3984,5039
4005,5059
4028,5081
4050,5102
4072,5123
4095,5144
4118,5165
4140,5186
4162,5207
4184,5227
4207,5249
4227,5270
4250,5291
4272,5311
4294,5331
4315,5353
4335,5374
4357,5395
4379,5417
4401,5437
4422,5458
4443,5478
4465,5498
4486,5520
4509,5540
4532,5560
4553,5581
4575,5601
4597,5623
4620,5643
4643,5664
4666,5685
4688,5707
4710,5728
4734,5749
4755,5770
4777,5791
4800,5813
4823,5834
4847,5855
4870,5878
4893,5900
4916,5922
4940,5945
4964,5965
4987,5988
5010,6011
5035,6034
5058,6056
5084,6080
5108,6104
5132,6128
5159,6152
5183,6175
5207,6199
5232,6223
5256,6246
5281,6270
5307,6294
5331,6317
5356,6340
5381,6363
5407,6386
5432,6411
5457,6435
5483,6459
5508,6483
5534,6509
5559,6533
5584,6557
5610,6581
5635,6607
5661,6632
5686,6656
5711,6681
5737,6704
5761,6728
5785,6753
5810,6778
5834,6801
5858,6825
5883,6849
5909,6873
5932,6896
5956,6920
5980,6942
6005,6965
6028,6987
6052,7010
6075,7033
6097,7054
6120,7076
6142,7099
6164,7121
6186,7141
6208,7163
6230,7183
6251,7205
6273,7226
6294,7248
6316,7269
6337,7290
6359,7310
6380,7332
6401,7353
6422,7374
6445,7394
6468,7416
6487,7436
6509,7455
6531,7476
6553,7495
6574,7515
6595,7537
6616,7558
6637,7579
6658,7599
6681,7621
6703,7643
6727,7666
6749,7688
6772,7710
6795,7734
6820,7756
6844,7781
6868,7804
6892,7826
6915,7849
6940,7873
6966,7897
6990,7920
7013,7944
7036,7968
7060,7990
7084,8013
7106,8035
7130,8058
7153,8080
7176,8103
7200,8126
7223,8149
7245,8171
7268,8194
7292,8217
7316,8240
7340,8264
7364,8288
7388,8309
7412,8331
7436,8356
7461,8380
7484,8403
7508,8427
7532,8450
7556,8474
7581,8498
7605,8523
7628,8546
7652,8570
7677,8595
7701,8618
7725,8642
7749,8666
7774,8692
7798,8716
7823,8739
7848,8762
7872,8787
7895,8810
7919,8834
7941,8856
7965,8880
7988,8904
8011,8926
8033,8949
8056,8973
8077,8996
8101,9020
8123,9042
8147,9064
8169,9087
8193,9108
8216,9130
8239,9152
8262,9174
8285,9195
8308,9217
8328,9238
8350,9260
8372,9281
8395,9302
8417,9323
8439,9344
8459,9366
8481,9388
8503,9410
8524,9432
8546,9453
8568,9474
8592,9495
8614,9516
8636,9538
8659,9559
8682,9579
8705,9601
8727,9621
8748,9642
8770,9663
8792,9684
8813,9706
8836,9728
8857,9748
8879,9769
8899,9792
8921,9813
8943,9834
8964,9855
8987,9877
9010,9899
9033,9920
9058,9942
9082,9964
9107,9985
9130,10007
9154,10028
9178,10051
9202,10074
9226,10097
9249,10120
9273,10143
9296,10167
9319,10190
9343,10213
9366,10238
9390,10261
9413,10285
9439,10308
9464,10332
9490,10357
9516,10382
9543,10407
9569,10431
9595,10454
9621,10478
9646,10503
9670,10527
9696,10552
9721,10576
9746,10600
9772,10625
9797,10649
9821,10673
9845,10698
9871,10721
9896,10745
9921,10771
9947,10797
9976,10823
10004,10848
10029,10872
10055,10897
10081,10923
10106,10948
10131,10973
10156,10997
10181,11022
10205,11047
10229,11071
10252,11095
10276,11118
10299,11142
10323,11166
10348,11189
10372,11213
10396,11235
10420,11258
10445,11279
10469,11301
10493,11324
10516,11346
10540,11369
10562,11391
10584,11414
10605,11435
10627,11456
10648,11478
10670,11500
10690,11521
10712,11541
10733,11562
10754,11582
10776,11605
10798,11627
10820,11648
10842,11669
10864,11690
10886,11710
10910,11731
10932,11752
10953,11774
10976,11795
10998,11816
11020,11837
11044,11860
11066,11883
11088,11907
11112,11930
11134,11953
11158,11976
11182,11998
11207,12022
11231,12045
11256,12069
11280,12093
11306,12116
11332,12139
11356,12161
11379,12184
11403,12207
11427,12230
11451,12252
11474,12275
11497,12297
11519,12320
11540,12344
11564,12368
11586,12390
11608,12412
11632,12436
11656,12459
11680,12482
11705,12505
11729,12529
11754,12551
11779,12575
11803,12598
11826,12623
11849,12647
11874,12670
11896,12692
11921,12716
11945,12741
11968,12764
11992,12788
12016,12813
12040,12835
12064,12859
12088,12883
12111,12906
12135,12929
12157,12953
12182,12975
12206,12998
12229,13022
12254,13046
12277,13067
12301,13091
12325,13115
12348,13137
12371,13159
12394,13182
12417,13205
12440,13228
12464,13250
12486,13271
12510,13293
12534,13315
12556,13338
12580,13360
12603,13383
12626,13403
12649,13425
12671,13445
12694,13466
12717,13486
12738,13507
12760,13529
12783,13551
12804,13570
12826,13591
12846,13611
12868,13632
12890,13652
12912,13672
12933,13693
12956,13715
12977,13736
12998,13757
13021,13776
13043,13798
13065,13817
13087,13837
13108,13858
13131,13878
13153,13899
13174,13920
13196,13941
13217,13961
13239,13981
13262,14001
13283,14023
13304,14043
13327,14064
13349,14085
13370,14105
13393,14126
13415,14146
13438,14169
13460,14191
13483,14211
13508,14234
13532,14256
13555,14279
13578,14300
13602,14321
13624,14343
13647,14366
13671,14388
13694,14411
13718,14435
13742,14458
13766,14481
13790,14505
13814,14528
13839,14550
13864,14575
13889,14599
13913,14623
13937,14647
13963,14671
13987,14694
14012,14717
14037,14739
14063,14763
14088,14789
14114,14813
14138,14837
14163,14862
14188,14885
14211,14908
14236,14932
14261,14955
14287,14979
14312,15004
14337,15030
14363,15054
14388,15078
14413,15102
14438,15126
14464,15150
14490,15175
14516,15198
14540,15222
14565,15245
14591,15270
14615,15294
14638,15316
14661,15339
14684,15362
14708,15384
14731,15406
14755,15428
14776,15450
14798,15473
14820,15495
14843,15517
14863,15539
14886,15560
14909,15581
14930,15601
14953,15622
14975,15643
14998,15665
15019,15686
15041,15706
15062,15727
15082,15747
15104,15768
15125,15788
15146,15809
15167,15831
15188,15852
15210,15873
15230,15893
15250,15913
15271,15932
15292,15954
15314,15974
15337,15995
15360,16018
15382,16040
15404,16062
15427,16085
15450,16108
15474,16131
15498,16154
15523,16177
15546,16199
15570,16222
15592,16245
15616,16267
15639,16289
15662,16312
15685,16335
15708,16359
15732,16382
15755,19
15778,41
15803,65
15826,88
15849,111
15872,134
15895,154
15918,178
15941,200
15962,223
15986,246
16008,269
16029,291
16051,314
16074,337
16098,360
16122,384
16145,406
16168,428
16192,452
16215,475
16239,498
16263,521
16287,545
16310,569
16334,592
16357,615
16380,638
19,661
42,684
65,708
88,731
110,754
132,777
157,801
181,823
203,846
227,868
251,890
276,914
300,937
324,961
349,983
373,1006
395,1027
418,1050
440,1072
463,1094
486,1114
508,1136
530,1158
551,1180
572,1202
595,1224
616,1245
639,1266
661,1286
684,1308
707,1329
730,1351
752,1371
775,1393
798,1415
819,1436
841,1457
863,1478
884,1500
905,1521
926,1542
947,1562
970,1583
991,1603
1012,1624
1035,1644
1057,1666
1079,1687
1102,1709
1125,1730
1148,1751
1170,1772
1193,1794
1214,1815
1236,1835
1258,1857
1280,1877
1303,1899
1325,1921
1346,1943
1369,1965
1391,1988
1414,2010
1437,2032
1461,2055
1485,2077
1508,2099
1532,2122
1557,2144
1582,2167
1606,2191
1631,2214
1655,2237
1681,2260
1706,2284
1730,2309
1754,2333
1777,2357
1802,2381
1826,2406
1849,2430
1874,2455
1899,2478
1923,2501
1949,2524
1974,2548
2002,2571
2027,2597
2053,2622
2078,2647
2104,2672
2131,2697
2156,2721
2180,2747
2205,2771
2232,2796
2257,2821
2281,2847
2305,2873
2330,2897
2357,2921
2382,2947
2408,2971
2434,2997
2461,3021
2487,3047
2514,3072
2540,3096
2565,3121
2589,3145
2614,3168
2639,3193
2663,3217
2687,3240
2710,3264
2732,3288
2755,3312
2778,3334
2801,3356
2824,3378
2847,3401
2869,3424
2891,3445
2913,3467
2937,3488
2960,3511
2983,3533
3007,3553
3030,3574
3053,3597
3074,3619
3096,3641
3118,3663
3138,3683
3160,3704
3181,3726
3203,3748
3225,3771
3248,3792
3270,3814
3293,3836
3315,3858
3339,3879
3363,3900
3386,3922
3410,3945
3433,3968
3458,3990
3481,4012
3504,4036
3528,4060
3552,4085
3576,4108
3599,4131
3624,4155
3649,4178
3671,4202
3696,4226
3720,4248
3743,4271
3768,4296
3792,4319
3816,4343
3840,4366
3864,4389
3888,4412
3910,4436
3933,4460
3955,4483
3978,4506
4001,4530
4024,4553
4047,4576
4071,4598
4092,4621
4116,4645
4141,4668
4164,4692
4190,4716
4216,4740
4242,4763
4267,4788
4291,4812
4316,4836
4341,4861
4366,4884
4391,4907
4414,4931
4438,4953
4462,4976
4487,5000
4510,5025
4534,5048
4557,5071
4582,5095
4606,5118
4631,5143
4657,5166
4680,5189
4704,5212
4727,5235
4752,5256
4776,5277
4800,5300
4823,5322
4847,5343
4869,5364
4892,5387
4914,5409
4938,5431
4959,5453
4981,5475
5003,5495
5026,5516
5048,5537
5071,5557
5093,5578
5115,5598
5138,5619
5162,5640
5184,5662
5206,5684
5228,5705
5250,5727
5271,5747
5294,5768
5315,5790
5337,5810
5358,5830
5380,5850
5401,5872
5424,5893
5445,5914
5468,5935
5490,5957
5514,5976
5535,5997
5559,6017
5582,6038
5604,6059
5626,6080
5648,6101
5671,6122
5693,6144
5715,6165
5737,6187
5759,6209
5781,6230
5805,6251
5827,6274
5850,6296
5874,6319
5899,6341
5925,6362
5948,6385
5972,6408
5997,6431
6021,6455
6044,6479
6070,6502
6095,6526
6121,6549
6145,6573
6169,6597
6193,6621
6218,6645
6241,6670
6266,6694
6291,6718
6316,6743
6341,6767
6366,6791
6389,6815
6413,6839
6439,6863
6465,6886
6491,6911
6517,6936
6543,6960
6568,6984
6593,7009
6618,7034
6644,7058
6669,7082
6694,7106
6718,7131
6744,7156
6768,7180
6794,7206
6820,7231
6844,7256
6869,7280
6894,7304
6917,7328
6943,7351
6966,7374
6990,7399
7014,7422
7038,7446
7060,7469
7084,7493
7107,7515
7130,7537
7152,7559
7175,7579
7196,7601
7217,7623
7239,7644
7261,7665
7282,7685
7303,7708
7324,7727
7346,7749
7370,7770
7392,7790
7414,7812
7436,7832
7458,7852
7478,7874
7499,7895
7521,7916
7543,7937
7565,7957
7586,7978
7606,7999
7627,8021
7649,8042
7672,8065
7693,8085
7717,8106
7740,8127
7765,8151
7788,8174
7811,8196
7835,8221
7860,8244
7884,8268
7908,8291
7930,8315
7954,8339
7978,8362
8000,8385
8023,8407
8045,8432
8067,8456
8090,8477
8112,8500
8135,8523
8157,8546
8179,8568
8203,8591
8227,8613
8251,8636
8274,8660
8298,8681
8322,8704
8346,8729
8370,8752
8393,8777
8417,8801
8440,8824
8464,8847
8487,8870
8511,8894
8535,8916
8558,8941
8582,8965
8606,8988
8630,9013
8655,9037
8679,9061
8705,9084
8731,9109
8757,9133
8782,9157
8806,9181
8831,9204
8855,9228
8878,9251
8901,9276
8925,9298
8947,9322
8970,9345
8993,9368
9018,9390
9042,9413
9065,9436
9088,9458
9111,9481
9135,9502
9159,9525
9184,9546
9207,9569
9231,9591
9253,9614
9276,9634
9298,9656
9319,9678
9340,9698
9361,9718
9381,9739
9403,9760
9425,9782
9447,9804
9468,9824
9491,9844
9513,9864
9535,9885
9558,9906
9581,9926
9605,9947
9626,9969
9649,9990
9672,10011
9695,10031
9716,10052
9738,10073
9759,10094
9780,10114
9800,10136
9822,10156
9845,10177
9868,10198
9889,10221
9912,10242
9935,10262
9958,10284
9981,10306
10005,10328
10029,10350
10052,10372
10075,10394
10099,10416
10122,10439
10146,10461
10170,10484
10193,10507
10217,10529
10240,10554
10266,10578
10290,10603
10313,10627
10338,10650
10363,10674
10387,10698
10413,10721
10439,10744
10464,10767
10490,10793
10515,10816
10540,10841
10565,10866
10591,10891
10616,10916
10640,10940
10664,10964
10689,10990
10713,11015
10738,11038
10763,11063
10788,11089
10814,11114
10840,11138
10865,11162
10893,11187
10918,11212
10943,11237
10969,11261
10995,11285
11020,11310
11047,11335
11073,11361
11098,11388
11122,11412
11148,11438
11173,11463
11197,11487
11222,11512
11246,11536
11270,11560
11295,11584
11321,11607
11345,11631
11369,11654
11394,11676
11418,11699
11442,11722
11465,11745
11488,11768
11511,11790
11534,11813
11556,11836
11577,11857
11599,11879
11621,11900
11642,11922
11665,11943
11687,11964
11708,11986
11731,12007
11754,12029
11777,12049
11799,12071
11821,12092
11843,12112
11866,12134
11889,12156
11912,12177
11933,12197
11955,12218
11976,12241
11998,12261
12020,12283
12043,12305
12067,12327
12089,12350
12111,12373
12133,12396
12156,12419
12179,12442
12203,12466
12229,12491
12253,12514
12276,12538
12300,12561
12325,12586
12349,12610
12372,12632
12396,12656
12419,12680
12441,12702
12464,12726
12487,12749
12511,12773
12535,12797
12560,12820
12584,12843
12608,12866
12632,12888
12655,12911
12681,12932
12704,12955
12729,12979
12753,13002
12777,13026
12802,13049
12826,13074
12851,13099
12874,13123
12897,13146
12921,13171
12945,13193
12969,13217
12994,13241
13019,13263
13045,13287
13070,13310
13096,13333
13121,13357
13147,13380
13172,13405
13197,13430
13220,13454
13245,13476
13270,13500
13294,13524
13318,13547
13343,13571
13366,13593
13390,13616
13413,13638
13438,13662
13461,13683
13485,13705
13509,13729
13533,13750
13556,13771
13578,13793
13601,13814
13623,13835
13645,13857
13669,13876
13692,13898
13714,13919
13737,13941
13760,13962
13780,13983
13802,14003
13825,14024
13847,14044
13868,14065
13891,14085
13912,14107
13934,14129
13956,14149
13979,14168
14001,14189
14024,14211
14046,14232
14068,14252
14090,14273
14113,14293
14133,14315
14155,14335
14177,14355
14199,14376
14220,14397
14241,14418
14262,14439
14285,14461
14309,14482
14332,14504
14356,14523
14379,14545
14402,14567
14426,14590
14448,14612
14473,14635
14495,14657
14518,14679
14542,14702
14566,14724
14590,14747
14613,14769
14636,14791
14660,14814
14684,14837
14709,14859
14734,14882
14759,14906
14784,14929
14808,14953
14832,14978
14856,15003
14880,15028
14906,15051
14932,15076
14958,15100
14982,15125
15007,15149
15034,15172
15058,15196
15083,15220
15107,15244
15133,15269
15159,15293
15183,15318
15207,15342
15232,15367
15257,15392
15282,15416
15308,15440
15332,15465
15356,15488
15382,15512
15407,15537
15433,15560
15459,15584
15484,15609
15510,15635
15535,15659
15561,15683
15585,15706
15609,15730
15632,15754
15656,15777
15678,15800
15701,15824
15723,15847
15745,15869
15769,15891
15793,15915
15814,15937
15836,15958
15859,15980
15882,16000
15905,16022
15929,16043
15951,16064
15974,16086
15994,16108
16015,16128
16037,16150
16057,16171
16079,16192
16100,16212
16121,16233
16142,16253
16163,16273
16184,16293
16206,16315
16228,16336
16250,16356
16272,16378
16293,14
16314,36
16334,57
16357,78
16378,100
16,122
39,145
61,168
85,190
106,213
130,236
153,259
177,283
199,306
222,329
246,351
271,375
294,398
318,419
342,444
366,466
391,489
414,511
436,534
459,556
481,580
504,602
528,625
550,648
573,670
595,693
618,716
642,738
665,759
688,782
711,805
735,828
760,851
784,873
809,895
833,919
857,943
881,966
905,990
929,1013
952,1037
975,1060
998,1085
1022,1108
1046,1131
1071,1154
1095,1177
1120,1199
1145,1223
1168,1245
1193,1267
1218,1289
1242,1311
1267,1333
1290,1356
1313,1380
1336,1403
1360,1427
1383,1448
1403,1469
1425,1491
1447,1513
1469,1534
1492,1555
1515,1576
1537,1597
1560,1619
1582,1639
1605,1660
1628,1682
1651,1704
1673,1723
1696,1744
1718,1765
1741,1785
1764,1808
1786,1828
1808,1849
1829,1869
1849,1889
1870,1911
1891,1932
1912,1954
1935,1975
1957,1996
1979,2015
2001,2037
2025,2057
2047,2079
2069,2099
2091,2120
2113,2141
2135,2162
2157,2184
2179,2205
2201,2225
2223,2246
2244,2266
2265,2287
2286,2309
2308,2331
2332,2352
2353,2375
2377,2397
2400,2420
2423,2443
2447,2465
2471,2486
2497,2510
2521,2534
2545,2558
2569,2580
2593,2604
2616,2627
2640,2650
2664,2673
2689,2697
2714,2720
2737,2745
2760,2770
2785,2795
2810,2820
2835,2845
2861,2869
2886,2893
2913,2917
2938,2942
2964,2967
2990,2991
3016,3015
3041,3039
3066,3065
3090,3089
3114,3115
3138,3139
3163,3164
3188,3188
3213,3212
3238,3237
3262,3262
3287,3287
3313,3312
3337,3337
3363,3362
3387,3388
3414,3412
3439,3437
3464,3461
3490,3487
3517,3512
3542,3538
3567,3562
3591,3586
3614,3610
3637,3634
3660,3658
3683,3681
3705,3704
3729,3727
3752,3750
3775,3772
3797,3794
3820,3816
3842,3839
3866,3861
3888,3882
3910,3904
3932,3924
3953,3945
3974,3965
3997,3985
4017,4006
4037,4026
4057,4047
4078,4067
4100,4088
4121,4111
4143,4131
4165,4152
4188,4174
4209,4195
4231,4218
4254,4239
4278,4260
4301,4282
4323,4304
4345,4328
4369,4349
4392,4372
4415,4396
4438,4418
4461,4442
4484,4464
4507,4487
4529,4511
4554,4535
4579,4559
4603,4582
4628,4607
4653,4629
4677,4652
4702,4676
4725,4699
4750,4724
4774,4748
4797,4771
4820,4795
4843,4817
4866,4840
4889,4862
4914,4884
4938,4907
4961,4930
4984,4952
5007,4975
5031,4998
5056,5020
5079,5043
5103,5065
5128,5088
5152,5113
5175,5136
5199,5160
5222,5183
5246,5205
5271,5227
5295,5250
5319,5276
5344,5298
5368,5321
5393,5343
5418,5366
5441,5390
5464,5414
5488,5437
5512,5459
5537,5482
5562,5506
5586,5528
5609,5551
5633,5573
5658,5597
5681,5618
5704,5641
5728,5664
5751,5685
5773,5707
5797,5728
5819,5749
5843,5771
5866,5791
5888,5814
5909,5835
5932,5855
5955,5877
5977,5898
5999,5919
6021,5940
6043,5961
6065,5983
6087,6003
6108,6022
6130,6042
6153,6063
6175,6084
6197,6106
6219,6127
6242,6147
6264,6167
6284,6188
6305,6208
6326,6230
6348,6250
6371,6270
6392,6290
6413,6311
6435,6332
6457,6351
6478,6372
6500,6393
6522,6414
6545,6435
6568,6457
6590,6479
6613,6501
6636,6523
6659,6544
6681,6565
6705,6587
6727,6609
6750,6631
6773,6653
6796,6675
6818,6698
6841,6720
6865,6742
6889,6765
6914,6788
6939,6812
6964,6835
6989,6859
7014,6882
7038,6905
7062,6929
7087,6953
7111,6977
7136,7001
7159,7025
7183,7049
7208,7074
7232,7099
7257,7122
7282,7148
7308,7173
7333,7198
7357,7222
7381,7246
7408,7269
7432,7293
7458,7318
7483,7343
7508,7367
7532,7391
7557,7414
7581,7438
7605,7463
7630,7486
7654,7511
7678,7536
7703,7560
7726,7584
7751,7609
7775,7633
7800,7658
7825,7684
7851,7710
7875,7733
7899,7756
7923,7779
7947,7802
7970,7827
7993,7849
8016,7872
8039,7895
8060,7916
8081,7938
8102,7959
8124,7980
8145,8001
8167,8022
8188,8044
8209,8065
8231,8084
8253,8105
8273,8126
8296,8147
8317,8168
8338,8188
8360,8207
8382,8228
8403,8248
8425,8269
8447,8289
8469,8311
8491,8331
8511,8354
8533,8375
8554,8396
8576,8416
8597,8437
8619,8458
8641,8480
8664,8502
8687,8525
8709,8547
8734,8570
8758,8594
8781,8618
8804,8640
8828,8662
8851,8685
8875,8708
8899,8730
8923,8754
8945,8777
8968,8801
8992,8824
9015,8847
9039,8870
9064,8892
9088,8916
9111,8938
9135,8962
9160,8985
9184,9007
9209,9029
9232,9053
9256,9076
9279,9099
9302,9121
9326,9143
9347,9166
9371,9188
9394,9211
9416,9233
9438,9256
9462,9279
9485,9302
9509,9325
9534,9348
9558,9370
9583,9394
9608,9418
9633,9440
9658,9465
9683,9488
9708,9511
9732,9534
9755,9558
9779,9582
9802,9605
9826,9628
9851,9652
9874,9675
9898,9699
9921,9722
9944,9744
9968,9765
9991,9786
10016,9810
10040,9832
10065,9854
10089,9877
10113,9899
10137,9921
10159,9943
10182,9964
10205,9986
10228,10008
10250,10029
10273,10050
10294,10071
10316,10092
10338,10113
10360,10134
10382,10156
10404,10177
10426,10197
10449,10218
10472,10240
10496,10260
10518,10281
10541,10303
10562,10323
10584,10344
10606,10366
10629,10387
10651,10407
10672,10427
10693,10449
10715,10470
10736,10492
10759,10513
10780,10533
10802,10553
10824,10574
10846,10595
10869,10617
10891,10638
10914,10659
10936,10680
10960,10701
10984,10724
11006,10745
11029,10768
11052,10790
11076,10811
11097,10834
11120,10857
11142,10880
11164,10903
11187,10925
11210,10948
11234,10972
11257,10994
11282,11018
11307,11042
11334,11066
11360,11090
11386,11113
11411,11138
11435,11163
11460,11188
11484,11213
11509,11236
11534,11260
11557,11285
11581,11309
11605,11334
11630,11358
11655,11382
11680,11406
11704,11431
11731,11456
11756,11482
11780,11505
11805,11531
11830,11556
11855,11581
11880,11606
11904,11631
11929,11654
11954,11677
11978,11702
12003,11727
12028,11752
12052,11775
12076,11801
12100,11825
12125,11850
12148,11876
12172,11900
12197,11925
12221,11949
12245,11975
12269,11999
12293,12022
12317,12046
12339,12069
12363,12091
12386,12113
12409,12134
12431,12155
12455,12177
12478,12199
12499,12221
12520,12242
12541,12262
12562,12284
12584,12305
12605,12327
12628,12347
12649,12368
12672,12388
12694,12409
12715,12431
12737,12452
12758,12472
12779,12493
12802,12514
12823,12536
12844,12557
12866,12580
12889,12600
12910,12621
12931,12642
12953,12663
12974,12684
12994,12705
13016,12725
13038,12747
13062,12771
13085,12793
13107,12815
13132,12837
13155,12861
13179,12884
13202,12908
13226,12931
13250,12954
13275,12978
13298,13001
13322,13022
13346,13046
13369,13068
13393,13089
13415,13113
13439,13135
13462,13158
13486,13183
13509,13205
13533,13228
13556,13249
13579,13271
13602,13292
13625,13314
13648,13335
13671,13359
13694,13381
13717,13403
13741,13424
13762,13446
13786,13470
13809,13493
13831,13514
13855,13538
13879,13561
13904,13584
13928,13607
13952,13629
13977,13652
14002,13675
14025,13698
14049,13721
14074,13744
14097,13767
14122,13790
14145,13812
14171,13834
14194,13857
14217,13880
14240,13903
14264,13926
14286,13949
14311,13972
14335,13994
14358,14017
14383,14039
14406,14061
14429,14081
14452,14103
14476,14125
14500,14145
14521,14169
14545,14189
14568,14209
14591,14231
14615,14251
14638,14272
14658,14294
14681,14315
14703,14335
14724,14356
14746,14377
14767,14399
14789,14419
14811,14438
14833,14459
14854,14481
14877,14503
14899,14523
14921,14544
14943,14564
14965,14583
14985,14605
15008,14625
15030,14645
15050,14665
15072,14686
15095,14707
15115,14728
15136,14749
15157,14771
15179,14791
15201,14812
15224,14832
15245,14852
15267,14874
15290,14896
15313,14917
15336,14940
15357,14961
15380,14983
15402,15004
15426,15026
15450,15049
15474,15070
15497,15093
15520,15117
15543,15140
15567,15162
15589,15185
15613,15208
15637,15232
15660,15255
15684,15278
15706,15299
15731,15323
15755,15346
15780,15370
15806,15394
15831,15418
15856,15444
15881,15468
15906,15492
15930,15516
15955,15540
15978,15563
16002,15585
16025,15611
16048,15634
16072,15658
16096,15683
16120,15708
16144,15732
16167,15755
16189,15779
16213,15802
16237,15826
16261,15850
16286,15872
16311,15898
16336,15921
16360,15944
1,15968
25,15992
50,16015
74,16040
98,16063
120,16087
143,16110
166,16134
191,16158
214,16181
238,16205
262,16228
286,16250
310,16272
332,16295
355,16318
377,16340
400,16362
422,0
444,21
467,41
489,62
511,83
532,102
552,122
574,143
595,164
616,185
637,207
658,228
679,248
701,270
722,291
744,312
766,333
788,353
811,374
833,395
856,416
879,438
901,458
923,479
945,500
966,522
988,544
1010,567
1034,588
1056,610
1080,632
1103,656
1127,680
1151,704
1175,727
1200,750
1225,773
1250,797
1275,820
1299,842
1323,864
1346,887
1369,911
1392,935
1415,959
1437,980
1460,1002
1484,1023
1506,1047
1529,1069
1551,1092
1575,1115
1600,1137
1623,1158
1648,1181
1671,1204
1694,1227
1719,1248
1743,1270
1766,1292
1790,1315
1813,1338
1837,1361
1861,1383
1884,1407
1908,1432
1932,1456
1956,1480
1982,1504
2007,1527
2032,1549
2056,1571
2080,1595
2106,1617
2130,1641
2154,1663
2179,1687
2203,1709
2228,1731
2251,1753
2275,1774
2297,1796
2321,1819
2345,1841
2367,1863
2390,1887
2415,1909
2437,1932
2460,1954
2483,1976
2505,1998
2530,2020
2553,2042
2576,2063
2599,2085
2621,2107
2643,2128
2667,2149
2690,2169
2712,2190
2733,2211
2756,2231
2777,2252
2799,2275
2820,2296
2841,2317
2863,2339
2884,2360
2907,2381
2930,2403
2954,2425
2976,2445
2998,2466
3020,2487
3041,2509
3063,2529
3085,2550
3107,2572
3128,2593
3150,2615
3172,2638
3195,2658
3218,2680
3240,2701
3263,2722
3285,2744
3309,2766
3331,2789
3355,2811
3378,2836
3402,2858
3425,2880
3448,2902
3471,2925
3495,2949
3520,2972
3544,2994
3568,3018
3591,3043
3615,3067
3639,3092
3662,3116
3686,3139
3710,3163
3735,3188
3760,3211
3784,3235
3809,3260
3835,3286
3859,3311
3883,3335
3907,3359
3931,3384
3955,3410
3978,3435
4002,3458
4026,3483
4049,3507
4073,3533
4096,3557
4120,3580
4144,3605
4168,3629
4193,3653
4217,3677
4243,3702
4269,3726
4294,3751
4320,3775
4345,3800
4369,3824
4394,3849
4418,3871
4442,3895
4467,3917
4491,3941
4515,3965
4537,3989
4562,4012
4586,4036
4610,4060
4634,4083
4658,4105
4679,4127
4702,4150
4725,4172
4748,4194
4771,4216
4792,4239
4815,4261
4837,4282
4858,4301
4880,4321
4902,4341
4923,4363
4945,4382
4965,4404
4986,4426
5007,4446
5028,4467
5049,4489
5071,4511
5094,4531
5115,4551
5136,4571
5159,4592
5182,4613
5202,4634
5223,4655
5246,4676
5269,4696
5290,4717
5313,4739
5336,4760
5357,4782
5381,4805
5404,4826
5428,4848
5450,4871
5472,4893
5494,4916
5517,4940
5541,4963
5565,4985
5589,5008
5613,5031
5638,5054
5661,5078
5685,5100
5707,5123
5731,5146
5754,5166
5777,5189
5801,5211
5823,5233
5846,5255
5869,5276
5891,5299
5914,5319
5937,5342
5959,5363
5983,5384
6006,5405
6029,5428
6052,5450
6075,5472
6098,5494
6121,5516
6146,5538
6169,5561
6191,5584
6216,5607
6240,5629
6263,5653
6287,5674
6310,5695
6335,5719
6358,5742
6383,5763
6408,5786
6431,5809
6455,5834
6478,5858
6504,5881
6528,5902
6551,5924
6575,5946
6599,5970
6622,5991
6645,6012
6668,6035
6691,6056
6714,6078
6739,6100
6763,6122
6785,6143
6808,6163
6830,6184
6851,6206
6874,6228
6896,6250
6916,6270
6938,6290
6960,6312
6984,6332
7006,6352
7029,6373
7050,6394
7072,6415
7095,6435
7116,6456
7138,6477
7160,6497
7180,6518
7202,6539
7224,6560
7245,6581
7266,6602
7288,6624
7310,6643
7331,6662
7352,6683
7374,6704
7397,6725
7420,6746
7443,6766
7466,6786
7488,6808
7511,6829
7532,6850
7554,6872
7577,6894
7598,6916
7621,6937
7642,6959
7665,6980
7687,7001
7711,7023
7733,7046
7755,7066
7777,7089
7799,7111
7821,7133
7845,7156
7871,7178
7894,7202
7920,7226
7943,7251
7968,7275
7992,7299
8015,7323
8039,7347
8062,7371
8085,7395
8108,7419
8131,7442
8155,7466
8178,7489
8203,7513
8227,7538
8252,7561
8276,7586
8301,7610
8326,7636
8352,7660
8377,7685
8402,7709
8427,7732
8450,7757
8475,7781
8499,7805
8522,7829
8546,7853
8569,7877
8592,7901
8617,7924
8642,7949
8667,7972
8691,7995
8716,8020
8741,8044
8766,8068
8793,8093
8817,8118
8842,8142
8868,8167
8894,8190
8918,8213
8942,8237
8967,8260
8990,8283
9011,8304
9034,8325
9056,8347
9077,8368
9100,8391
9122,8412
9143,8434
9165,8456
9186,8478
9209,8498
9231,8518
9255,8539
9278,8559
9300,8580
9322,8601
9343,8621
9363,8643
9385,8665
9408,8687
9430,8707
9452,8729
9474,8749
9495,8770
9517,8791
9539,8813
9563,8834
9586,8856
9608,8879
9630,8901
9654,8922
9678,8945
9702,8967
9725,8990
9749,9012
9773,9036
9797,9058
9819,9083
9843,9106
9866,9128
9890,9151
9913,9174
9937,9198
9961,9222
9985,9246
10010,9269
10034,9291
10058,9312
10083,9336
10107,9360
10132,9383
10156,9405
10180,9428
10203,9450
10227,9472
10250,9493
10273,9516
10295,9537
10317,9561
10340,9584
10363,9607
10387,9629
10410,9652
10434,9674
10458,9697
10482,9719
10507,9743
10533,9767
10558,9789
10584,9813
10609,9837
10634,9860
10659,9883
10681,9905
10707,9929
10730,9952
10754,9976
10778,9999
10801,10023
10825,10046
10850,10069
10874,10091
10898,10114
10922,10138
10947,10162
10972,10185
10997,10207
11022,10231
11046,10253
11071,10275
11093,10297
11116,10320
11139,10343
11160,10364
11183,10386
11204,10408
11228,10428
11249,10449
11272,10470
11295,10491
11317,10514
11339,10535
11361,10557
11385,10579
11408,10600
11430,10620
11452,10642
11475,10662
11497,10682
11518,10704
11541,10726
11563,10746
11584,10766
11605,10788
11627,10810
11649,10830
11671,10851
11692,10874
11714,10894
11735,10916
11757,10938
11779,10959
11800,10980
11824,11002
11847,11023
11869,11044
11892,11065
11914,11085
11937,11107
11959,11127
11983,11150
12004,11172
12026,11194
12047,11217
12070,11240
12091,11261
12112,11284
12134,11308
12156,11331
12177,11353
12200,11375
12224,11398
12249,11422
12273,11445
12298,11469
12322,11493
12346,11518
12370,11542
12393,11566
12417,11591
12442,11615
12466,11639
12490,11663
12513,11688
12536,11712
12562,11737
12586,11761
12611,11786
12636,11811
12660,11835
12686,11858
12711,11882
12735,11908
12761,11932
12785,11957
12810,11981
12834,12007
12858,12031
12883,12055
12907,12079
12931,12101
12954,12125
12977,12149
13000,12172
13024,12196
13048,12218
13073,12243
13099,12267
13124,12292
13150,12316
13176,12339
13199,12364
13225,12388
13249,12411
13275,12436
13298,12459
13321,12482
13345,12506
13367,12527
13389,12549
13412,12571
13435,12592
13455,12614
13478,12634
13500,12656
13520,12677
13543,12698
13564,12718
13585,12739
13607,12761
13629,12781
13650,12801
13672,12823
13695,12845
13717,12866
13739,12887
13761,12908
13781,12928
13804,12949
13825,12970
13847,12991
13869,13013
13890,13033
13911,13053
13932,13076
13955,13097
13978,13119
14002,13142
14026,13163
14048,13184
14070,13205
14094,13227
14117,13250
14139,13273
14163,13296
14186,13318
14210,13341
14234,13365
14256,13387
14280,13409
14304,13431
14327,13454
14350,13475
14373,13497
14396,13519
14419,13540
14441,13562
14464,13583
14487,13606
14511,13629
14533,13650
14557,13672
14579,13693
14602,13715
14625,13735
14649,13758
14671,13779
14693,13801
14717,13822
14740,13843
14763,13864
14785,13884
14808,13908
14832,13932
14855,13955
14879,13977
14902,14000
14926,14022
14951,14044
14974,14066
14999,14089
15023,14113
15046,14134
15071,14156
15095,14178
15118,14202
15142,14224
15165,14248
15188,14269
15212,14291
15237,14312
15260,14334
15283,14357
15306,14379
15329,14402
15352,14424
15375,14446
15399,14468
15422,14491
15445,14512
15466,14534
15488,14554
15511,14575
15536,14595
15557,14617
15580,14639
15603,14660
15624,14680
15646,14702
15669,14723
15689,14743
15710,14764
15733,14784
15754,14805
15777,14824
15798,14844
15818,14865
15840,14886
15862,14908
15884,14928
15905,14948
15927,14970
15950,14991
15972,15013
15994,15034
16015,15055
16036,15076
16059,15097
16081,15118
16102,15139
16125,15162
16146,15182
16168,15203
16189,15225
16211,15245
16232,15266
16253,15288
16274,15309
16297,15331
16320,15354
16341,15374
16365,15396
3,15418
25,15441
49,15462
72,15485
95,15509
116,15532
138,15556
162,15580
185,15603
209,15626
233,15650
258,15674
282,15699
306,15722
333,15746
357,15770
383,15794
408,15818
433,15842
458,15868
483,15891
507,15916
532,15941
556,15964
579,15989
602,16013
625,16037
650,16061
675,16085
700,16109
724,16133
750,16156
775,16180
800,16204
825,16227
850,16250
874,16273
898,16298
923,16321
948,16344
973,16368
997,7
1022,30
1047,54
1071,79
1096,103
1120,127
1144,151
1167,175
1192,199
1218,223
1242,246
1267,270
1290,292
1314,315
1338,337
1361,359
1384,380
1406,401
1428,423
1450,444
1472,465
1492,485
1514,507
1536,528
1557,550
1578,573
1600,594
1624,615
1646,636
1668,657
1691,678
1713,699
1735,720
1759,743
1782,764
1805,786
1827,807
1849,828
1871,850
1894,871
1917,893
1939,915
1963,938
1986,960
2009,983
2032,1005
2055,1027
2079,1050
2104,1073
2129,1095
2154,1118
2178,1143
2202,1166
2226,1190
2250,1213
2275,1235
2298,1260
2321,1284
2345,1306
2368,1329
2393,1351
2417,1373
2440,1396
2462,1419
2487,1441
2510,1463
2535,1486
2559,1509
2584,1531
2608,1554
2631,1577
2656,1599
2679,1622
2701,1644
2725,1666
2750,1688
2773,1710
2795,1733
2820,1756
2843,1778
2867,1801
2891,1825
2917,1850
2942,1873
2965,1897
2990,1920
3014,1942
3040,1965
3066,1989
3091,2013
3115,2034
3139,2057
3163,2082
3187,2104
3211,2126
3233,2148
3256,2173
3279,2195
3303,2218
3327,2240
3349,2263
3373,2285
3396,2307
3418,2329
3442,2351
3466,2373
3490,2395
3513,2416
3536,2437
3558,2460
3580,2481
3603,2503
3625,2525
3646,2546
3667,2568
3688,2589
3709,2611
3731,2632
3754,2652
3775,2673
3798,2695
3821,2718
3843,2739
3864,2762
3885,2784
3907,2805
3929,2825
3951,2846
3972,2866
3991,2888
4013,2910
4034,2931
4055,2952
4077,2973
4098,2995
4119,3018
4139,3038
4161,3059
4183,3082
4206,3105
4229,3127
4251,3148
4274,3170
4297,3194
4320,3216
4343,3237
4365,3259
4387,3283
4410,3306
4432,3329
4456,3352
4479,3376
4501,3400
4525,3422
4550,3446
4573,3471
4597,3495
4621,3520
4646,3543
4670,3568
4695,3592
4720,3616
4746,3639
4772,3663
4794,3686
4820,3711
4844,3737
4867,3760
4892,3785
4916,3809
4942,3835
4965,3860
4990,3883
5014,3907
5039,3929
5063,3951
5088,3975
5111,3999
5136,4023
5160,4048
5185,4073
5208,4096
5233,4119
5258,4143
5282,4167
5306,4192
5330,4215
5353,4238
5376,4262
5402,4286
5424,4311
5449,4336
5474,4361
5498,4385
5522,4407
5545,4431
5570,4456
5594,4479
5618,4502
5641,4525
5665,4546
5687,4567
5709,4590
5731,4611
5753,4632
5775,4654
5798,4676
5820,4696
5842,4717
5864,4738
5885,4759
5907,4780
5927,4800
5948,4821
5969,4842
5990,4862
6013,4882
6035,4904
6056,4925
6077,4945
6099,4966
6121,4987
6142,5007
6165,5030
6189,5050
6210,5071
6232,5094
6255,5115
6277,5138
6299,5159
6322,5180
6345,5202
6368,5222
6390,5245
6413,5267
6437,5288
6460,5310
6483,5334
6506,5355
6529,5377
6553,5399
6577,5421
6602,5444
6626,5467
6649,5490
6673,5512
6696,5532
6719,5556
6742,5577
6764,5599
6788,5621
6811,5642
6833,5663
6856,5685
6878,5707
6902,5729
6923,5751
6945,5772
6968,5793
6991,5816
7015,5838
7039,5860
7063,5882
7086,5904
7109,5927
7132,5949
7155,5970
7179,5994
7200,6016
7223,6037
7247,6060
7272,6083
7294,6104
7318,6126
7341,6149
7365,6172
7389,6195
7413,6216
7438,6240
7463,6262
7487,6285
7510,6307
7534,6331
7556,6354
7581,6375
7606,6396
7628,6417
7651,6438
7674,6459
7697,6482
7719,6504
7741,6525
7762,6547
7786,6570
7808,6590
7830,6611
7851,6634
7872,6655
7896,6675
7919,6697
7942,6718
7966,6741
7988,6762
8008,6784
8030,6806
8051,6826
8072,6846
8092,6865
8113,6886
8135,6907
8155,6928
8175,6949
8197,6970
8218,6991
8240,7011
8262,7032
8284,7054
8306,7074
8328,7096
8351,7117
8373,7138
8395,7159
8416,7180
8438,7201
8460,7222
8483,7245
8504,7266
8526,7287
8547,7308
8569,7330
8592,7351
8614,7372
8637,7395
8659,7417
8682,7439
8706,7462
8729,7486
8753,7508
8778,7531
8802,7555
8826,7577
8850,7601
8874,7623
8897,7648
8921,7672
8946,7696
8970,7720
8994,7745
9019,7769
9042,7792
9067,7817
9091,7841
9116,7866
9142,7891
9167,7914
9192,7939
9220,7963
9244,7986
9268,8010
9294,8034
9319,8057
9344,8081
9369,8104
9393,8129
9417,8152
9440,8176
9464,8201
9487,8225
9512,8248
9536,8273
9560,8297
9585,8321
9610,8345
9635,8367
9660,8391
9686,8415
9712,8440
9738,8463
9763,8487
9787,8511
9814,8535
9837,8559
9861,8582
9884,8605
9908,8629
9931,8653
9954,8676
9976,8698
9999,8721
10022,8742
10044,8765
10067,8786
10091,8808
10115,8830
10138,8851
10161,8872
10184,8892
10206,8913
10228,8935
10250,8955
10272,8976
10294,8997
10316,9020
10337,9040
10359,9060
10380,9081
10401,9101
10423,9122
10445,9144
10467,9165
10491,9186
10516,9208
10540,9230
10564,9252
10587,9275
10610,9297
10635,9320
10659,9342
10681,9364
10703,9386
10726,9410
10749,9433
10771,9454
10794,9477
10817,9500
10842,9522
10866,9545
10891,9567
10916,9589
10940,9612
10965,9634
10990,9659
11014,9682
11039,9706
11063,9728
11088,9751
11111,9774
11134,9797
11157,9820
11181,9842
11205,9865
11227,9887
11249,9909
11273,9932
11296,9954
11319,9978
11343,10000
11366,10021
11389,10044
11415,10066
11439,10089
11462,10113
11485,10134
11509,10157
11534,10181
11557,10204
11581,10227
11605,10250
11628,10273
11651,10296
11676,10319
11700,10342
11724,10365
11747,10388
11771,10411
11795,10435
11820,10458
11845,10480
11870,10504
11894,10528
11917,10551
11940,10575
11964,10596
11988,10618
12011,10640
12032,10663
12055,10685
12077,10708
12100,10731
12122,10754
12143,10775
12164,10797
12188,10819
12210,10842
12231,10864
12252,10885
12275,10907
12298,10930
12321,10952
12342,10974
12365,10995
12387,11017
12408,11038
12429,11059
12451,11080
12474,11101
12494,11123
12517,11144
12538,11165
12559,11186
12581,11207
12602,11228
12624,11249
12647,11270
12667,11291
12690,11313
12713,11336
12736,11357
12758,11379
12780,11400
12802,11422
12825,11445
12848,11468
12869,11489
12890,11511
12913,11533
12933,11554
12955,11575
12977,11599
12999,11622
13022,11645
13045,11666
13069,11690
13093,11712
13116,11735
13140,11758
13165,11782
13188,11806
13212,11829
13235,11854
13260,11878
13283,11901
13306,11925
13331,11949
13355,11973
13378,11997
13402,12022
13427,12046
13450,12071
13475,12095
13500,12118
13524,12141
13550,12164
13574,12189
13599,12212
13624,12236
13647,12261
13672,12285
13696,12309
13720,12332
13745,12355
13768,12379
13792,12405
13815,12428
13839,12452
13862,12475
13887,12498
13912,12522
13936,12546
13959,12570
13983,12594
14007,12618
14031,12642
14055,12665
14078,12689
14103,12713
14128,12737
14153,12759
14177,12782
14201,12805
14225,12830
14249,12855
14273,12877
14296,12900
14319,12921
14342,12944
14364,12966
14387,12987
14407,13010
14430,13031
14451,13052
14474,13075
14496,13096
14517,13117
14539,13139
14560,13158
14582,13178
14604,13199
14625,13219
14646,13239
14668,13259
14691,13279
14714,13300
14734,13320
14756,13340
14777,13360
14798,13380
14820,13402
14844,13425
14866,13448
14888,13468
14911,13489
14932,13509
14955,13531
14979,13553
15002,13574
15026,13596
15049,13617
15072,13640
15095,13661
15118,13683
15141,13705
15164,13728
15187,13750
15210,13773
15233,13795
15257,13818
15281,13840
15304,13862
15326,13886
15350,13907
15373,13929
15398,13953
15422,13974
15445,13995
15469,14016
15493,14038
15516,14060
15541,14082
15564,14103
15587,14126
15610,14148
15633,14170
15656,14193
15678,14215
15701,14237
15722,14259
15744,14279
15767,14301
15791,14323
15815,14345
15839,14367
15862,14388
15885,14411
15910,14434
15933,14458
15957,14480
15981,14503
16006,14526
16030,14548
16054,14570
16078,14592
16100,14615
16124,14638
16147,14661
16170,14684
16192,14707
16213,14730
16237,14751
16259,14774
16282,14795
16305,14817
16328,14839
16351,14862
16375,14885
15,14905
37,14927
61,14949
83,14971
106,14994
128,15016
150,15038
173,15059
196,15081
216,15103
237,15125
259,15146
281,15166
304,15187
326,15209
347,15229
369,15250
392,15271
416,15293
438,15313
461,15334
483,15356
505,15376
526,15398
548,15420
570,15440
592,15462
613,15484
634,15504
657,15526
678,15547
700,15568
722,15590
744,15612
768,15634
792,15656
815,15678
839,15699
862,15721
884,15743
907,15765
929,15788
952,15811
975,15834
997,15856
1020,15879
1043,15902
1066,15925
1090,15949
1114,15972
1139,15995
1164,16019
1189,16042
1213,16066
1239,16090
1263,16114
1288,16137
1313,16162
1338,16186
1362,16209
1386,16234
1410,16257
1434,16281
1459,16304
1483,16328
1507,16351
1531,16375
1555,14
1580,38
1604,62
1628,85
1652,109
1677,133
1701,157
1726,180
1751,203
1777,227
1802,251
1826,274
1851,297
1874,320
1898,344
1921,368
1946,391
1969,414
1993,438
2017,461
2041,482
2065,507
2090,530
2114,554
2138,578
2163,601
2187,625
2213,647
2237,670
2261,693
2284,715
2307,737
2330,758
2352,780
2373,801
2395,822
2417,844
2438,865
2459,886
2481,907
2503,926
2524,947
2545,968
2568,988
2591,1010
2615,1031
2637,1052
2660,1073
2683,1095
2705,1116
2726,1137
2748,1157
2771,1179
2792,1200
2812,1221
2835,1242
2856,1264
2879,1284
2901,1305
2924,1326
2947,1348
2970,1372
2995,1394
3019,1417
3042,1439
3066,1461
3091,1484
3114,1506
3138,1528
3162,1551
3187,1575
3209,1598
3232,1620
3255,1643
3280,1666
3304,1690
3327,1713
3351,1736
3373,1759
3396,1782
3420,1803
3445,1826
3469,1849
3493,1871
3516,1894
3539,1915
3563,1937
3587,1958
3610,1980
3632,2002
3656,2024
3678,2047
3700,2069
3723,2091
3745,2114
3767,2138
3791,2160
3814,2182
3838,2205
3862,2227
3886,2249
3910,2271
3933,2295
3957,2319
3980,2343
4004,2367
4028,2390
4051,2413
4074,2437
4097,2460
4121,2482
4144,2506
4166,2529
4188,2551
4210,2574
4233,2597
4256,2619
4280,2641
4303,2664
4328,2687
4351,2710
4376,2732
4398,2754
4422,2777
4445,2799
4468,2822
4491,2844
4512,2865
4534,2888
4556,2910
4579,2932
4600,2955
4621,2976
4643,2998
4664,3021
4686,3042
4708,3064
4730,3086
4753,3108
4776,3128
4798,3150
4820,3173
4843,3193
4865,3215
4887,3236
4908,3259
4930,3281
4953,3303
4975,3324
4996,3347
5018,3368
5039,3390
5061,3412
5082,3433
5105,3454
5128,3476
5151,3499
5174,3522
5197,3545
5221,3568
5245,3590
5267,3612
5290,3635
5312,3658
5335,3682
5357,3705
5380,3727
5402,3752
5426,3774
5449,3797
5473,3821
5497,3843
5520,3867
5544,3891
5569,3913
5593,3937
5617,3961
5641,3985
5666,4008
5690,4031
5715,4054
5739,4079
5764,4103
5788,4128
5813,4152
5837,4176
5862,4199
5886,4225
5911,4249
5935,4274
5959,4298
5983,4322
6006,4346
6030,4369
6054,4393
6077,4417
6101,4442
6124,4465
6147,4490
6173,4514
6198,4537
6222,4560
6246,4583
6270,4607
6294,4631
6319,4655
6341,4677
6366,4702
6390,4726
6414,4750
6439,4772
6462,4795
6485,4820
6509,4843
6535,4865
6558,4888
6581,4911
6605,4932
6628,4955
6651,4977
6674,4997
6697,5020
6721,5042
6742,5064
6764,5085
6787,5106
6810,5125
6832,5147
6854,5168
6875,5189
6896,5209
6917,5229
6939,5249
6959,5269
6980,5290
7002,5311
7025,5332
7047,5353
7070,5374
7093,5395
7117,5417
7140,5437
7162,5459
7184,5479
7206,5501
7228,5523
7250,5543
7273,5565
7297,5587
7319,5610
7342,5631
7366,5653
7391,5676
7417,5698
7440,5722
7463,5745
7486,5767
7511,5789
7536,5812
7561,5834
7585,5857
7609,5880
7633,5902
7657,5924
7681,5947
7704,5969
7726,5992
7750,6013
7772,6038
7795,6060
7817,6081
7842,6103
7864,6126
7886,6148
7909,6170
7933,6191
7957,6212
7980,6232
8003,6254
8025,6277
8048,6298
8070,6321
8093,6344
8115,6368
8138,6390
8162,6413
8184,6437
8208,6459
8232,6481
8255,6505
8279,6529
8302,6552
8328,6575
8352,6596
8376,6619
8399,6641
8424,6664
8449,6687
8474,6711
8496,6735
8520,6757
8543,6779
8565,6802
8588,6824
8610,6846
8633,6870
8656,6892
8679,6915
8702,6936
8725,6957
8748,6979
8771,7001
8795,7024
8819,7045
8844,7067
8867,7089
8890,7110
8914,7132
8936,7154
8958,7176
8981,7197
9002,7219
9023,7242
9044,7262
9066,7285
9088,7307
9110,7328
9131,7350
9152,7372
9175,7393
9197,7414
9219,7435
9242,7456
9265,7477
9288,7498
9312,7519
9334,7541
9357,7563
9378,7585
9401,7608
9423,7629
9444,7652
9466,7674
9488,7696
9509,7718
9534,7740
9556,7763
9581,7785
9604,7807
9629,7831
9653,7853
9678,7874
9702,7898
9727,7922
9751,7945
9774,7968
9799,7992
9824,8016
9847,8041
9871,8065
9895,8089
9919,8112
9943,8136
9968,8160
9993,8185
10017,8208
10042,8231
10067,8256
10094,8282
10120,8306
10146,8331
10171,8355
10196,8378
10221,8402
10246,8426
10270,8451
10294,8473
10319,8497
10344,8521
10368,8546
10392,8571
10416,8595
10442,8619
10467,8644
10492,8667
10518,8692
10542,8715
10567,8740
10592,8763
10618,8787
10643,8811
10667,8834
10691,8858
10715,8881
10739,8906
10762,8929
10785,8952
10809,8976
10834,9000
10859,9024
10883,9047
10908,9071
10931,9094
10956,9117
10980,9140
11004,9161
11028,9184
11050,9206
11074,9227
11097,9249
11118,9269
11140,9289
11163,9310
11186,9330
11208,9352
11229,9373
11252,9395
11274,9417
11296,9438
11317,9459
11339,9480
11362,9502
11385,9523
11408,9545
11431,9567
11455,9587
11479,9608
11502,9631
11526,9653
11548,9675
11571,9697
11594,9719
11616,9742
11639,9763
11663,9787
11687,9808
11710,9830
11734,9853
11758,9877
11782,9902
11807,9924
11832,9947
11856,9972
11882,9995
11906,10018
11931,10041
11956,10064
11979,10087
12003,10110
12027,10132
12049,10156
12072,10179
12094,10202
12116,10224
12139,10247
12161,10271
12184,10292
12208,10316
12230,10339
12253,10361
12277,10383
12301,10406
12324,10429
12348,10452
12371,10475
12396,10498
12420,10521
12444,10544
12467,10568
12491,10591
12515,10615
12538,10639
12562,10662
12586,10686
12611,10710
12636,10734
12659,10757
12684,10780
12708,10803
12732,10826
12756,10850
12779,10872
12804,10895
12828,10919
12852,10942
12875,10965
12899,10987
12923,11011
12947,11035
12970,11059
12993,11081
13015,11104
13039,11127
13061,11150
13085,11172
13108,11194
13131,11218
13154,11240
13177,11262
13200,11286
13224,11308
13246,11330
13268,11352
13291,11374
13314,11396
13336,11419
13359,11440
13380,11461
13403,11483
13424,11506
13446,11528
13468,11550
13491,11571
13511,11592
13532,11614
13555,11635
13576,11656
13597,11679
13618,11700
13641,11724
13663,11746
13686,11768
13710,11790
13733,11812
13754,11835
13778,11856
13800,11878
13822,11902
13845,11925
13868,11948
13891,11971
13913,11992
13936,12016
13959,12039
13982,12061
14005,12084
14028,12105
14053,12128
14077,12153
14101,12175
14124,12198
14149,12221
14172,12245
14196,12268
14221,12292
14246,12317
14271,12340
14295,12364
14320,12389
14344,12411
14369,12436
14394,12462
14419,12486
14443,12511
14467,12536
14492,12561
14516,12584
14540,12608
14564,12632
14589,12657
14613,12680
14636,12703
14661,12726
14686,12750
14709,12773
14733,12796
14758,12820
14781,12845
14805,12868
14829,12891
14852,12914
14876,12937
14900,12959
14924,12982
14948,13006
14971,13030
14996,13052
15020,13075
15044,13097
15068,13121
15094,13144
15118,13168
15143,13191
15166,13214
15190,13238
15214,13261
15238,13284
15261,13306
15284,13328
15309,13350
15330,13371
15354,13393
15375,13416
15397,13437
15420,13457
15442,13477
15463,13498
15485,13519
15507,13540
15531,13559
15552,13580
15574,13599
15596,13619
15618,13641
15640,13663
15662,13683
15684,13704
15706,13725
15727,13745
15748,13765
15769,13785
15793,13807
15816,13829
15837,13850
15860,13872
15883,13893
15906,13915
15930,13937
15954,13959
15979,13980
16003,14002
16025,14025
16048,14048
16071,14069
16094,14092
16118,14114
16140,14136
16164,14159
16186,14183
16210,14206
16234,14228
16255,14250
16279,14273
16302,14294
16328,14317
16351,14341
16374,14362
14,14384
38,14406
62,14428
84,14451
106,14473
130,14494
154,14516
176,14538
198,14560
219,14582
241,14604
264,14625
289,14647
314,14669
338,14693
362,14714
385,14737
409,14762
433,14782
457,14805
482,14829
507,14851
531,14874
554,14896
577,14918
601,14942
624,14966
648,14989
672,15013
696,15035
718,15057
742,15081
767,15105
791,15127
816,15150
840,15172
864,15194
888,15217
911,15240
935,15262
958,15286
981,15308
1006,15331
1028,15353
1050,15375
1073,15396
1095,15418
1117,15440
1141,15461
1162,15482
1186,15503
1209,15526
1232,15548
1254,15570
1277,15593
1300,15615
1321,15636
1345,15657
1366,15678
1388,15699
1410,15720
1431,15742
1453,15763
1474,15784
1495,15806
1517,15827
1538,15850
1560,15871
1582,15893
1605,15914
1628,15936
1650,15957
1673,15979
1698,16000
1722,16022
1746,16044
1770,16068
1795,16091
1817,16115
1840,16136
1862,16158
1885,16181
1908,16203
1930,16224
1953,16247
1976,16269
2000,16292
2024,16314
2049,16336
2072,16360
2098,16383
2123,23
2149,47
2175,73
2201,96
2226,121
2251,145
2275,168
2301,193
2325,219
2349,243
2374,269
2398,292
2423,315
2447,339
2472,363
2497,387
2522,411
2547,436
2571,461
2595,484
2621,508
2647,531
2671,555
2695,578
2720,601
2744,624
2767,646
2791,669
2814,693
2839,717
2863,740
2887,763
2912,787
2937,812
2961,835
2985,858
3010,882
3036,905
3062,930
3085,951
3112,974
3137,997
3160,1021
3185,1043
3208,1066
3233,1089
3257,1111
3280,1135
3303,1157
3324,1179
3346,1201
3369,1223
3391,1245
3412,1266
3437,1287
3460,1307
3484,1329
3507,1349
3529,1370
3551,1391
3572,1412
3595,1432
3616,1454
3639,1475
3660,1497
3681,1519
3703,1541
3725,1563
3747,1585
3770,1606
3793,1627
3817,1649
3839,1671
3864,1693
3886,1716
3910,1740
3933,1762
3957,1785
3980,1808
4003,1832
4027,1854
4049,1877
4073,1899
4096,1924
4119,1947
4142,1971
4165,1995
4189,2019
4214,2041
4238,2064
4263,2088
4287,2111
4311,2134
4336,2157
4359,2180
4383,2203
4406,2226
4429,2249
4453,2272
4477,2294
4500,2317
4523,2339
4547,2361
4569,2383
4592,2407
4615,2429
4637,2452
4661,2476
4685,2499
4710,2522
4735,2545
4758,2569
4782,2592
4806,2616
4830,2639
4855,2662
4881,2686
4905,2709
4927,2734
4951,2757
4974,2781
4997,2806
5021,2829
5044,2853
5068,2876
5092,2898
5117,2920
5141,2944
5164,2967
5188,2990
5212,3014
5236,3039
5260,3063
5284,3086
5306,3110
5330,3133
5352,3156
5376,3178
5399,3201
5422,3224
5444,3247
5467,3268
5489,3292
5512,3316
5535,3339
5558,3362
5580,3384
5604,3405
5627,3428
5648,3449
5671,3472
5693,3493
5716,3515
5738,3537
5760,3559
5781,3581
5801,3604
5822,3625
5844,3647
5865,3670
5887,3692
5910,3714
5933,3737
5955,3758
5978,3780
6000,3804
6023,3827
6047,3849
6071,3871
6093,3893
6117,3915
6140,3937
6164,3958
6187,3981
6210,4003
6233,4027
6257,4049
6281,4072
6304,4097
6328,4121
6352,4145
6375,4169
6398,4192
6422,4216
6447,4239
6471,4263
6494,4287
6520,4309
6545,4334
6570,4359
6595,4383
6620,4408
6645,4433
6670,4458
6695,4484
6720,4510
6746,4534
6771,4559
6794,4583
6819,4607
6842,4631
6865,4655
6889,4678
6913,4702
6937,4725
6962,4748
6986,4771
7009,4795
7034,4818
7058,4842
7082,4866
7106,4889
7130,4911
7154,4935
7178,4957
7202,4980
7225,5002
7248,5025
7272,5048
7294,5071
7318,5094
7342,5117
7366,5141
7391,5164
7415,5187
7438,5209
7462,5233
7486,5257
7510,5280
7534,5301
7558,5324
7581,5345
7605,5365
7627,5386
7649,5407
7670,5428
7691,5448
7713,5468
7735,5489
7757,5510
7778,5531
7801,5552
7822,5572
7845,5593
7866,5614
7888,5635
7910,5657
7932,5676
7955,5697
7978,5718
7999,5739
8022,5759
8045,5780
8067,5802
8088,5823
8110,5847
8133,5869
8157,5890
8179,5913
8200,5935
8222,5957
8245,5979
8270,6002
8293,6025
8318,6048
8343,6070
8367,6091
8391,6116
8415,6138
8440,6162
8465,6184
8490,6207
8513,6230
8537,6253
8561,6276
8584,6298
8607,6320
8629,6343
8653,6367
8677,6389
8700,6413
8724,6434
8748,6457
8773,6479
8797,6501
8821,6524
8846,6547
8870,6571
8893,6593
8917,6615
8942,6636
8963,6660
8987,6682
9010,6705
9033,6729
9056,6752
9081,6775
9104,6798
9128,6821
9153,6844
9177,6868
9202,6891
9227,6916
9251,6938
9277,6961
9302,6984
9326,7007
9350,7031
9374,7055
9398,7078
9422,7101
9445,7123
9467,7146
9490,7170
9514,7193
9537,7214
9560,7236
9585,7260
9607,7282
9632,7305
9657,7329
9681,7352
9706,7373
9729,7395
9752,7418
9775,7438
9799,7461
9822,7483
9845,7505
9867,7526
9890,7549
9912,7571
9933,7593
9956,7617
9978,7638
10000,7659
10024,7682
10047,7703
10071,7725
10095,7747
10118,7769
10141,7791
10164,7811
10186,7833
10208,7854
10230,7874
10253,7896
10275,7920
10298,7943
10321,7965
10343,7987
10366,8009
10389,8032
10413,8054
10436,8075
10459,8098
10484,8121
10508,8142
10532,8166
10557,8188
10582,8211
10606,8235
10630,8258
10654,8281
10679,8303
10704,8326
10727,8352
10752,8374
10774,8399
10798,8423
10824,8447
10850,8473
10875,8499
10900,8524
10926,8548
10951,8573
10977,8597
11003,8622
11029,8646
11055,8670
11080,8694
11104,8718
11129,8744
11154,8768
11178,8794
11202,8816
11226,8841
11250,8864
11273,8887
11297,8910
11320,8934
11345,8957
11370,8979
11394,9002
11419,9025
11443,9049
11468,9072
11493,9094
11517,9118
11542,9141
11565,9164
11590,9187
11614,9211
11637,9234
11659,9258
11681,9281
11706,9303
11730,9327
11754,9350
11778,9373
11802,9396
11827,9419
11851,9441
11876,9463
11900,9486
11925,9508
11949,9530
11971,9552
11994,9573
12018,9594
12040,9615
12061,9636
12081,9656
12101,9678
12121,9699
12142,9721
12163,9742
12183,9762
12206,9783
12226,9803
12250,9825
12272,9846
12295,9868
12317,9888
12338,9910
12361,9932
12385,9954
12407,9975
12429,9997
12453,10019
12475,10041
12496,10063
12519,10084
12542,10108
12565,10130
12589,10152
12612,10175
12636,10198
12661,10220
12685,10243
12709,10267
12733,10289
12756,10312
12781,10336
12805,10359
12828,10380
12852,10403
12876,10427
12901,10451
12925,10475
12948,10498
12972,10522
12996,10546
13019,10569
13042,10590
13066,10613
13089,10635
13112,10659
13135,10683
13160,10705
13185,10728
13207,10749
13230,10772
13252,10795
13276,10818
13299,10841
13322,10864
13346,10887
13369,10910
13392,10933
13416,10956
13439,10978
13462,11001
13485,11024
13508,11047
13532,11073
13556,11096
13581,11120
13606,11144
13629,11169
13654,11192
13677,11216
13701,11239
13725,11263
13750,11287
13774,11310
13798,11335
13821,11357
13844,11379
13867,11402
13890,11425
13913,11447
13935,11470
13958,11492
13980,11515
14003,11538
14025,11559
14047,11582
14070,11604
14092,11627
14116,11650
14139,11672
14162,11693
14185,11716
14207,11739
14230,11761
14254,11783
14276,11805
14296,11828
14318,11850
14339,11872
14360,11894
14381,11916
14402,11937
14423,11958
14445,11979
14467,12001
14489,12023
14512,12044
14533,12066
14558,12087
14581,12108
14603,12128
14624,12149
14647,12170
14668,12192
14692,12216
14714,12237
14736,12260
14759,12284
14783,12305
14804,12330
14828,12353
14850,12377
14873,12399
14896,12422
14919,12445
14943,12467
14968,12491
14991,12515
15015,12538
15040,12561
15063,12584
15088,12608
15114,12633
15138,12657
15162,12681
15186,12705
15211,12729
15236,12754
15261,12779
15286,12803
15311,12828
15335,12852
15359,12877
15384,12900
15409,12924
15434,12949
15458,12973
15483,12997
15508,13020
15532,13043
15557,13067
15582,13091
15605,13114
15629,13137
15652,13160
15676,13185
15700,13208
15723,13230
15745,13252
15768,13276
15791,13298
15814,13321
15839,13344
15863,13367
15887,13389
15912,13412
15936,13434
15959,13457
15984,13479
16007,13501
16030,13522
16054,13545
16076,13567
16099,13591
16123,13614
16146,13636
16169,13658
16192,13680
16215,13703
16237,13725
16258,13746
16281,13767
16305,13788
16327,13809
16348,13830
16370,13851
8,13872
32,13891
53,13913
76,13933
98,13954
119,13973
141,13994
163,14016
185,14036
207,14057
228,14078
250,14098
272,14120
295,14142
319,14163
342,14186
367,14207
390,14229
414,14253
438,14275
461,14296
484,14317
507,14339
529,14361
554,14383
577,14406
601,14428
624,14451
648,14475
672,14497
697,14521
722,14543
746,14565
770,14590
794,14614
818,14636
844,14658
869,14681
894,14703
918,14726
942,14750
967,14772
991,14793
1014,14814
1036,14837
1059,14860
1082,14884
1105,14907
1128,14928
1152,14950
1176,14973
1200,14996
1223,15020
1246,15042
1270,15064
1294,15087
1318,15110
1343,15134
1368,15155
1393,15178
1416,15202
1440,15226
1464,15249
1487,15271
1510,15295
1534,15318
1558,15341
1582,15364
1607,15387
1631,15410
1656,15433
1680,15454
1705,15477
1729,15501
1755,15524
1780,15547
1803,15570
1826,15592
1849,15616
1872,15638
1896,15661
1918,15682
1940,15705
1963,15727
1985,15750
2008,15773
2031,15795
2054,15817
2076,15839
2099,15862
2122,15884
2147,15906
2170,15927
2192,15948
2216,15970
2240,15992
2263,16014
2286,16036
2309,16058
2330,16080
2352,16101
2374,16123
2396,16144
2419,16165
2440,16186
2463,16208
2485,16229
2509,16250
2532,16273
2555,16294
2579,16316
2603,16338
2626,16360
2650,16382
2673,21
2696,44
2720,66
2744,87
2766,108
2790,132
2812,155
2836,177
2859,200
2882,223
2907,247
2930,270
2954,293
2980,317
3005,340
3031,363
3057,387
3081,411
3106,435
3131,460
3155,485
3179,509
3205,534
3229,558
3255,583
3280,608
3305,633
3331,659
3356,682
3380,707
3405,731
3430,754
3456,779
3482,802
3508,825
3531,849
3556,872
3581,896
3606,921
3630,944
3653,966
3677,990
3700,1011
3723,1035
3745,1058
3769,1080
3792,1102
3815,1125
3841,1149
3864,1172
3887,1194
3910,1216
3933,1239
3956,1260
3980,1283
4003,1305
4027,1329
4050,1352
4074,1374
4097,1397
4121,1421
4145,1444
4168,1467
4190,1489
4214,1511
4236,1533
4258,1554
4279,1576
4302,1598
4325,1619
4348,1641
4371,1661
4394,1682
4415,1703
4438,1724
4460,1746
4482,1767
4504,1788
4527,1809
4549,1831
4571,1853
4594,1875
4616,1897
4638,1920
4661,1942
4685,1963
4708,1986
4731,2008
4754,2030
4776,2052
4800,2075
4824,2099
4848,2121
4871,2143
4895,2165
4919,2188
4943,2210
4967,2234
4991,2257
5014,2281
5037,2303
5060,2327
5085,2350
5109,2374
5134,2399
5159,2423
5182,2445
5207,2469
5231,2492
5255,2516
5279,2539
5303,2563
5327,2586
5350,2610
5373,2633
5398,2656
5420,2680
5442,2703
5465,2726
5488,2749
5512,2771
5535,2795
5558,2818
5581,2841
5603,2864
5627,2887
5651,2910
5674,2933
5698,2957
5721,2979
5745,3002
5771,3026
5795,3050
5818,3073
5842,3098
5865,3122
5889,3145
5912,3168
5936,3192
5959,3216
5981,3240
6005,3264
6028,3289
6053,3313
6077,3336
6100,3360
6123,3383
6146,3404
6170,3429
6193,3453
6217,3476
6238,3499
6262,3522
6284,3545
6307,3570
6331,3592
6354,3615
6377,3638
6397,3661
6420,3682
6442,3704
6467,3728
6490,3749
6512,3771
6534,3792
6556,3815
6578,3838
6600,3860
6622,3881
6646,3902
6668,3923
6690,3944
6713,3966
6736,3988
6759,4010
6780,4032
6801,4053
6823,4075
6844,4096
6866,4119
6889,4141
6911,4165
6934,4186
6959,4210
6981,4231
7005,4254
7028,4276
7052,4299
7076,4322
7100,4345
7125,4368
7148,4393
7171,4416
7193,4439
7216,4461
7239,4484
7263,4509
7287,4532
7310,4554
7334,4579
7359,4603
7385,4627
7409,4650
7433,4674
7458,4698
7483,4721
7509,4747
7533,4770
7556,4795
7583,4819
7607,4844
7632,4869
7656,4894
7681,4918
7706,4942
7730,4966
7754,4991
7777,5015
7801,5038
7825,5061
7848,5085
7873,5109
7897,5130
7922,5152
7946,5174
7970,5196
7993,5220
8016,5242
8038,5264
8062,5287
8085,5310
8108,5332
8130,5355
8152,5377
8175,5399
8196,5421
8218,5443
8243,5466
8265,5488
8288,5510
8311,5532
8335,5554
8359,5576
8382,5598
8407,5619
8431,5640
8455,5663
8479,5686
8503,5707
8526,5729
8548,5750
8571,5771
8592,5793
8613,5814
8635,5835
8656,5855
8677,5876
8699,5896
8720,5917
8742,5937
8764,5958
8786,5979
8811,6001
8834,6021
8857,6042
8881,6063
8903,6085
8927,6106
8949,6126
8970,6147
8993,6168
9017,6189
9038,6210
9061,6232
9083,6254
9107,6277
9130,6299
9154,6320
9177,6342
9202,6365
9226,6388
9251,6411
9275,6434
9301,6455
9325,6479
9350,6502
9374,6525
9397,6548
9421,6571
9445,6593
9469,6617
9492,6640
9516,6663
9540,6686
9565,6709
9589,6732
9612,6757
9637,6779
9661,6801
9687,6824
9710,6848
9735,6870
9758,6892
9781,6914
9804,6936
9826,6958
9850,6979
9873,7000
9896,7023
9918,7045
9941,7068
9964,7090
9988,7114
10012,7137
10037,7161
10062,7183
10088,7207
10112,7230
10137,7255
10162,7278
10187,7301
10210,7325
10234,7348
10259,7372
10283,7395
10306,7418
10329,7442
10352,7464
10375,7487
10397,7510
10421,7533
10446,7554
10470,7579
10493,7601
10517,7623
10541,7647
10566,7669
10590,7691
10614,7714
10638,7736
10661,7758
10684,7780
10706,7802
10728,7824
10751,7846
10773,7868
10795,7890
10817,7914
10838,7935
10861,7955
10883,7977
10905,7998
10928,8019
10951,8040
10974,8059
10997,8080
11020,8102
11044,8123
11066,8144
11088,8166
11111,8188
11134,8209
11156,8231
11178,8253
11199,8274
11221,8295
11243,8316
11266,8338
11288,8361
11310,8383
11332,8407
11356,8429
11379,8451
11404,8474
11428,8497
11452,8520
11476,8542
11500,8566
11523,8588
11546,8611
11569,8633
11593,8656
11617,8678
11640,8701
11663,8723
11686,8745
11710,8768
11733,8791
11758,8815
11782,8840
11807,8863
11832,8888
11857,8914
11882,8937
11907,8961
11931,8985
11956,9011
11981,9034
12006,9057
12029,9081
12053,9105
12076,9130
12099,9154
12122,9177
12144,9200
12167,9223
12190,9247
12214,9269
12237,9292
12260,9315
12284,9339
12307,9361
12331,9384
12354,9405
12378,9426
12401,9449
12423,9471
12446,9494
12470,9516
12492,9537
12514,9559
12536,9580
12558,9602
12581,9624
12603,9646
12627,9668
12652,9689
12674,9711
12697,9733
12720,9755
12743,9777
12767,9800
12790,9823
12812,9845
12838,9868
12861,9889
12883,9911
12906,9933
12927,9954
12949,9976
12970,9998
12992,10019
13014,10040
13036,10060
13057,10082
13078,10102
13099,10123
13121,10145
13144,10165
13167,10187
13190,10209
13212,10231
13236,10253
13258,10273
13281,10294
13304,10315
13326,10337
13349,10360
13370,10381
13393,10402
13416,10424
13439,10446
13462,10469
13485,10491
13508,10514
13532,10535
13555,10560
13578,10582
13603,10606
13627,10630
13651,10653
13674,10675
13700,10699
13723,10722
13747,10745
13770,10768
13796,10792
13819,10815
13843,10839
13866,10861
13889,10886
13912,10910
13936,10933
13961,10957
13984,10981
14006,11003
14029,11026
14052,11050
14073,11073
14097,11095
14119,11116
14141,11139
14164,11162
14187,11184
14208,11205
14232,11227
14256,11249
14277,11272
14301,11295
14324,11317
14347,11340
14372,11363
14394,11387
14417,11411
14441,11436
14464,11460
14487,11483
14511,11504
14534,11528
14558,11551
14582,11576
14607,11599
14629,11622
14652,11646
14676,11669
14700,11693
14724,11715
14747,11739
14770,11762
14792,11785
14814,11808
14837,11832
14859,11854
14881,11877
14903,11898
14925,11919
14949,11941
14972,11963
14995,11987
15017,12009
15040,12029
15063,12052
15086,12073
15108,12095
15131,12116
15153,12137
15176,12157
15198,12180
15219,12201
15241,12222
15263,12245
15285,12267
15306,12286
15328,12308
15351,12329
15371,12351
15394,12371
15416,12392
15438,12413
15460,12435
15483,12457
15505,12478
15528,12500
15552,12522
15574,12545
15595,12567
15618,12589
15641,12612
15663,12635
15686,12656
15708,12678
15730,12700
15752,12723
15775,12747
15799,12769
15822,12793
15846,12814
15870,12838
15894,12860
15918,12881
15941,12904
15965,12927
15987,12950
16010,12973
16034,12997
16058,13019
16081,13042
16106,13065
16129,13090
16152,13114
16177,13138
16200,13163
16223,13187
16248,13210
16272,13234
16296,13258
16320,13282
16345,13305
16370,13328
12,13352
38,13375
62,13399
87,13422
111,13445
135,13470
158,13492
180,13513
203,13537
226,13560
249,13582
271,13604
295,13626
317,13647
341,13670
365,13691
387,13712
410,13734
434,13755
458,13777
482,13800
505,13822
529,13843
552,13866
574,13886
597,13908
619,13928
642,13950
664,13972
686,13994
709,14015
733,14037
757,14059
781,14082
804,14104
828,14125
852,14146
876,14167
899,14187
921,14208
944,14228
967,14249
989,14268
1010,14290
1032,14311
1054,14333
1077,14353
1098,14376
1120,14397
1142,14418
1165,14440
1188,14461
1211,14482
1236,14504
1260,14524
1284,14545
1306,14568
1330,14590
1355,14613
1378,14636
1402,14659
1425,14681
1448,14704
1471,14726
1495,14749
1518,14771
1542,14794
1565,14818
1589,14841
1613,14863
1637,14887
1662,14909
1687,14932
1713,14955
1737,14978
1763,15000
1787,15024
1812,15047
1836,15070
1860,15093
1883,15116
1907,15140
1930,15164
1953,15186
1977,15209
2001,15233
2023,15256
2045,15278
2067,15300
2090,15322
2114,15343
2138,15365
2163,15387
2188,15409
2211,15431
2236,15454
2258,15475
2282,15499
2305,15521
2330,15544
2353,15566
2377,15591
2399,15614
2422,15637
2447,15661
2471,15685
2494,15708
2520,15732
2545,15756
2568,15778
2592,15802
2617,15825
2642,15849
2665,15871
2688,15894
2713,15917
2736,15939
2760,15961
2782,15984
2806,16007
2828,16028
2850,16050
2872,16072
2895,16095
2917,16118
2940,16140
2963,16161
2986,16183
3008,16203
3032,16225
3055,16248
3079,16269
3101,16290
3124,16312
3147,16334
3168,16355
3190,16376
3212,13
3231,34
3253,55
3276,78
3299,99
3320,120
3341,142
3363,164
3385,185
3407,208
3429,229
3452,250
3475,272
3498,294
3522,315
3546,336
3568,358
3592,381
3615,404
3637,425
3658,446
3681,469
3704,492
3726,514
3748,536
3771,558
3794,582
3817,605
3839,628
3862,651
3886,673
3910,696
3934,720
3957,742
3980,764
4004,788
4027,812
4051,836
4074,859
4097,883
4122,905
4146,930
4170,955
4193,979
4218,1003
4242,1027
4267,1051
4292,1075
4318,1100
4342,1125
4367,1149
4392,1172
4417,1196
4441,1219
4465,1242
4487,1264
4511,1288
4535,1309
4558,1332
4581,1356
4605,1378
4627,1402
4651,1424
4674,1447
4698,1470
4721,1491
4743,1512
4767,1534
4791,1555
4813,1578
4835,1599
4858,1621
4881,1642
4904,1662
4928,1684
4951,1708
4974,1730
4995,1753
5018,1774
5040,1796
5063,1819
5085,1841
5108,1864
5131,1886
5155,1908
5177,1930
5200,1951
5224,1972
5247,1993
5269,2014
5291,2036
5312,2057
5335,2078
5354,2098
5376,2119
5397,2141
5420,2163
5442,2184
5463,2206
5486,2229
5509,2250
5531,2272
5554,2295
5578,2315
5602,2338
5624,2359
5647,2382
5668,2405
5691,2429
5715,2451
5738,2472
5761,2494
5785,2515
5808,2538
5832,2562
5856,2585
5879,2607
5903,2629
5926,2652
5951,2676
5974,2700
5997,2724
6021,2748
6044,2772
6068,2796
6092,2818
6115,2842
6139,2866
6163,2888
6188,2912
6212,2935
6234,2960
6257,2984
6280,3006
6305,3029
6327,3051
6350,3073
6373,3097
6396,3119
6417,3142
6439,3166
6462,3188
6485,3209
6507,3231
6530,3253
6554,3276
6577,3299
6600,3323
6622,3346
6646,3368
6670,3392
6694,3415
6718,3437
6741,3462
6765,3487
6789,3512
6812,3535
6834,3559
6856,3582
6882,3604
6905,3627
6928,3651
6952,3674
6975,3698
6998,3722
7021,3743
7044,3766
7067,3789
7091,3812
7114,3834
7136,3856
7160,3878
7184,3900
7206,3921
7229,3944
7251,3966
7273,3988
7294,4009
7316,4030
7337,4052
7359,4073
7381,4095
7403,4115
7426,4138
7448,4159
7470,4181
7493,4204
7515,4224
7537,4246
7559,4267
7580,4288
7603,4309
7626,4330
7648,4352
7672,4372
7694,4395
7715,4417
7736,4439
7758,4460
7779,4480
7800,4502
7822,4525
7843,4546
7865,4567
7889,4589
7912,4610
7935,4631
7958,4653
7981,4674
8003,4698
8027,4720
8049,4743
8071,4765
8094,4789
8116,4812
8139,4834
8161,4856
8184,4878
8207,4900
8229,4924
8252,4947
8274,4971
8297,4993
8321,5016
8347,5039
8371,5061
8396,5085
8421,5109
8445,5132
8469,5155
8495,5179
8520,5202
8544,5225
8568,5248
8592,5273
8615,5296
8639,5320
8664,5344
8687,5367
8712,5390
8736,5415
8762,5436
8786,5460
8810,5483
8835,5506
8859,5528
8883,5551
8907,5574
8929,5596
8953,5617
8976,5638
9000,5661
9022,5683
9044,5705
9066,5726
9089,5748
9112,5769
9135,5789
9158,5810
9181,5831
9204,5852
9228,5872
9251,5893
9276,5914
9300,5935
9324,5957
9347,5979
9371,6001
9394,6022
9417,6045
9440,6067
9463,6090
9485,6112
9508,6133
9530,6154
9552,6175
9573,6195
9596,6215
9618,6235
9641,6256
9664,6275
9688,6296
9710,6316
9733,6338
9757,6359
9779,6379
9802,6400
9824,6421
9847,6442
9870,6465
9892,6486
9913,6507
9936,6528
9959,6550
9982,6571
10005,6593
10028,6613
10050,6635
10074,6657
10098,6680
10124,6700
10149,6724
10172,6747
10197,6771
10221,6792
10245,6816
10268,6839
10292,6862
10317,6886
10341,6908
10365,6932
10389,6956
10411,6978
10435,7002
10459,7025
10481,7047
10506,7071
10530,7095
10556,7119
10581,7141
10605,7164
10628,7185
10652,7207
10676,7231
10699,7254
10723,7276
10745,7300
10768,7322
10789,7345
10811,7366
10834,7389
10857,7411
10880,7432
10903,7455
10927,7477
10951,7498
10975,7522
10999,7544
11023,7568
11047,7590
11072,7613
11095,7637
11119,7662
11143,7683
11167,7706
11191,7730
11215,7754
11237,7777
11261,7801
11283,7824
11306,7846
11330,7869
11353,7892
11376,7914
11398,7937
11421,7959
11445,7982
11470,8003
11494,8024
11518,8046
11541,8068
11565,8090
11587,8113
11609,8133
11632,8156
11654,8177
11676,8199
11700,8221
11721,8242
11742,8264
11764,8285
11787,8307
11811,8328
11833,8349
11855,8370
11878,8391
11901,8414
11922,8437
11946,8458
11967,8479
11990,8500
12013,8521
12034,8543
12056,8565
12077,8586
12097,8606
12119,8628
12140,8649
12161,8672
12182,8693
12204,8714
12225,8737
12248,8759
12270,8781
12292,8802
12315,8825
12339,8848
12361,8870
12386,8894
12409,8917
12433,8939
12456,8963
12479,8985
12502,9008
12525,9031
12548,9055
12571,9078
12594,9100
12617,9123
12641,9145
12663,9169
12687,9192
12713,9215
12737,9239
12761,9264
12786,9287
12811,9311
12837,9335
12862,9359
12887,9383
12912,9407
12938,9433
12962,9456
12985,9481
13009,9505
13033,9528
13057,9552
13080,9575
13105,9598
13131,9621
13155,9645
13179,9669
13203,9694
13228,9715
13251,9739
13274,9762
13299,9784
13321,9806
13344,9828
13367,9850
13391,9872
13413,9894
13436,9918
13458,9938
13481,9960
13503,9983
13527,10004
13550,10026
13572,10048
13594,10070
13618,10092
13641,10113
13664,10134
13687,10155
13710,10177
13732,10200
13754,10223
13778,10245
13800,10268
13824,10289
13846,10311
13867,10333
13889,10354
13912,10376
13934,10396
13957,10417
13978,10437
14001,10459
14024,10480
14045,10501
14068,10522
14089,10545
14111,10567
14134,10587
14156,10610
14178,10631
14200,10653
14222,10674
14245,10696
14268,10719
14291,10741
14313,10763
14335,10786
14358,10808
14381,10831
14403,10853
14425,10876
14448,10898
14471,10920
14493,10945
14519,10967
14542,10990
14567,11013
14590,11035
14614,11059
14638,11083
14662,11106
14685,11128
14709,11153
14732,11176
14755,11200
14778,11224
14802,11248
14827,11271
14849,11294
14874,11317
14897,11342
14919,11365
14943,11388
14965,11411
14988,11434
15012,11456
15036,11482
15059,11505
15082,11528
15106,11549
15129,11572
15153,11594
15175,11617
15197,11639
15220,11662
15241,11685
15263,11708
15285,11730
15307,11753
15329,11775
15352,11798
15375,11820
15399,11844
15422,11868
15447,11889
15471,11911
15494,11935
15519,11959
15542,11983
15566,12006
15589,12031
15613,12053
15636,12075
15658,12098
15680,12121
15703,12143
15726,12165
15749,12186
15772,12208
15795,12231
15817,12253
15840,12274
15863,12295
15885,12317
15907,12339
15930,12361
15954,12384
15977,12407
16000,12430
16023,12451
16043,12472
16065,12494
16088,12516
16109,12537
16130,12560
16152,12581
16173,12603
16195,12623
16216,12645
16236,12667
16257,12688
16280,12709
16302,12730
16325,12752
16347,12773
16369,12795
8,12817
30,12838
53,12860
75,12881
97,12904
119,12925
139,12947
162,12970
184,12992
207,13013
229,13034
252,13057
274,13079
297,13100
320,13121
342,13145
365,13168
390,13191
416,13215
440,13238
463,13260
489,13283
513,13306
537,13329
561,13353
585,13374
607,13398
630,13421
654,13445
678,13468
701,13491
726,13515
751,13539
776,13562
803,13585
828,13609
853,13632
880,13657
907,13682
932,13708
957,13731
982,13755
1005,13779
1030,13802
1055,13824
1079,13847
1103,13870
1126,13891
1149,13912
1174,13936
1197,13958
1221,13979
1245,14000
1269,14023
1294,14045
1318,14068
1341,14089
1364,14110
1387,14131
1410,14153
1434,14173
1456,14193
1479,14215
1502,14238
1523,14259
1545,14280
1569,14302
1592,14323
1616,14345
1639,14367
1662,14388
1686,14409
1710,14432
1733,14453
1757,14475
1781,14496
1804,14518
1827,14539
1849,14560
1873,14581
1894,14602
1917,14623
1938,14645
1961,14666
1983,14688
2006,14709
2029,14730
2052,14750
2075,14772
2098,14793
2122,14814
2146,14835
2170,14857
2194,14877
2216,14899
2239,14920
2262,14942
2287,14965
2310,14987
2332,15011
2356,15034
2379,15056
2401,15079
2425,15100
2449,15124
2474,15147
2498,15170
2521,15194
2545,15219
2570,15242
2595,15267
2620,15290
2646,15314
2670,15336
2695,15358
2720,15381
2743,15404
2767,15427
2791,15450
2815,15474
2838,15498
2862,15522
2884,15546
2907,15568
2931,15591
2956,15614
2980,15636
3004,15659
3028,15682
3052,15705
3076,15726
3099,15748
3123,15771
3146,15792
3168,15813
3191,15835
3214,15859
3236,15881
3259,15904
3281,15926
3304,15950
3327,15973
3351,15994
3372,16017
3396,16041
3420,16064
3444,16087
3469,16110
3494,16131
3519,16155
3542,16177
3566,16199
3589,16222
3613,16244
3636,16267
3658,16290
3682,16312
3706,16334
3727,16357
3750,16378
3773,15
3796,38
3818,62
3840,83
3862,106
3884,127
3906,148
3928,170
3951,193
3974,216
3997,237
4018,259
4040,281
4063,303
4085,324
4107,346
4129,368
4151,391
4171,412
4192,433
4214,454
4235,476
4256,497
4278,519
4300,539
4323,560
4345,583
4368,605
4391,625
4413,646
4437,667
4459,689
4480,711
4502,733
4524,756
4546,778
4569,801
4592,823
4614,845
4637,867
4660,889
4683,912
4705,936
4729,957
4752,979
4775,1003
4799,1025
4823,1048
4847,1071
4870,1093
4894,1116
4918,1141
4941,1163
4965,1188
4989,1210
5012,1233
5036,1256
5060,1279
5084,1302
5109,1326
5135,1351
5159,1375
5183,1399
5209,1423
5234,1446
5259,1469
5283,1493
5307,1518
5333,1541
5358,1566
5381,1590
5405,1615
5428,1638
5452,1661
5476,1684
5500,1707
5523,1729
5545,1752
5569,1774
5593,1796
5617,1818
5639,1840
5662,1862
5685,1884
5709,1905
5733,1927
5756,1949
5779,1972
5802,1994
5823,2016
5846,2037
5868,2059
5891,2080
5913,2101
5935,2123
5957,2145
5979,2167
6002,2189
6024,2211
6046,2233
6070,2256
6093,2279
6116,2300
6138,2322
6159,2344
6182,2365
6204,2387
6227,2406
6250,2428
6272,2452
6295,2473
6318,2494
6340,2514
6362,2535
6384,2557
6406,2580
6427,2602
6451,2625
6474,2647
6497,2669
6520,2692
6542,2714
6565,2735
6586,2758
6610,2781
6633,2804
6657,2827
6679,2849
6703,2872
6727,2895
6749,2918
6773,2942
6797,2966
6821,2988
6846,3012
6870,3035
6893,3059
6916,3083
6939,3107
6963,3130
6988,3156
7012,3181
7036,3206
7061,3230
7086,3254
7111,3279
7135,3304
7160,3328
7185,3352
7208,3375
7231,3399
7254,3423
7279,3446
7301,3470
7325,3493
7348,3517
7372,3539
7394,3563
7417,3587
7439,3607
7462,3630
7485,3653
7508,3677
7531,3700
7554,3723
7578,3747
7601,3769
7625,3793
7649,3816
7673,3840
7697,3863
7720,3885
7743,3908
7766,3931
7791,3954
7815,3978
7839,4002
7862,4024
7885,4047
7909,4069
7932,4093
7956,4117
7979,4141
8002,4165
8026,4187
8049,4209
8071,4231
8093,4254
8116,4277
8138,4299
8160,4323
8183,4344
8204,4367
8226,4389
8249,4411
8270,4433
8292,4456
8315,4479
8339,4501
8360,4524
8382,4545
8405,4565
8428,4587
8451,4608
8474,4629
8495,4651
8517,4672
8541,4692
8562,4715
8582,4735
8604,4757
8626,4777
8647,4799
8670,4820
8693,4840
8714,4863
8737,4884
8759,4905
8783,4928
8805,4949
8828,4971
8850,4991
8875,5014
8898,5035
8920,5057
8944,5080
8966,5103
8989,5125
9014,5147
9037,5170
9061,5193
9084,5214
9107,5237
9131,5261
9155,5284
9177,5307
9201,5330
9226,5353
9251,5375
9276,5398
9302,5422
9330,5444
9355,5466
9380,5490
9406,5513
9430,5537
9454,5560
9478,5583
9503,5608
9526,5633
9551,5656
9576,5680
9601,5703
9626,5727
9652,5752
9677,5775
9703,5798
9730,5821
9754,5845
9779,5868
9805,5892
9829,5917
9854,5939
9878,5962
9901,5983
9923,6006
9946,6027
9969,6049
9992,6071
10015,6093
10037,6115
10060,6137
10083,6157
10107,6177
10131,6198
10156,6220
10179,6241
10203,6264
10227,6285
10250,6306
10274,6327
10296,6349
10319,6371
10342,6392
10365,6413
10387,6434
10411,6457
10434,6478
10458,6500
10481,6521
10503,6542
10527,6565
10551,6586
10575,6608
10598,6629
10621,6650
10645,6671
10668,6694
10690,6716
10713,6738
10735,6758
10757,6778
10780,6801
10802,6823
10825,6846
10847,6866
10871,6888
10895,6909
10918,6931
10941,6955
10966,6977
10990,7000
11014,7023
11040,7045
11064,7068
11089,7092
11112,7115
11137,7137
11160,7160
11185,7183
11207,7207
11230,7231
11255,7255
11279,7279
11303,7303
11328,7327
11353,7351
11377,7375
11403,7401
11429,7425
11454,7450
11479,7473
11502,7497
11528,7522
11551,7547
11577,7571
11601,7595
11625,7618
11649,7641
11671,7663
11694,7687
11717,7709
11740,7732
11763,7755
11786,7777
11809,7800
11832,7822
11855,7843
11879,7867
11903,7889
11926,7911
11949,7934
11972,7957
11996,7980
12019,8003
12042,8025
12065,8048
12087,8072
12110,8094
12134,8118
12156,8141
12180,8164
12203,8187
12227,8209
12251,8232
12274,8255
12297,8278
12321,8301
12345,8324
12369,8347
12393,8371
12416,8394
12440,8418
12464,8440
12487,8464
12511,8486
12533,8509
12555,8531
12578,8552
12601,8574
12623,8596
12645,8618
12669,8640
12692,8662
12715,8685
12738,8708
12760,8729
12782,8753
12805,8775
12827,8797
12849,8816
12872,8837
12894,8859
12916,8881
12939,8904
12961,8926
12984,8947
13006,8969
13027,8991
13050,9012
13071,9034
13091,9055
13115,9077
13138,9100
13161,9123
13183,9144
13206,9166
13229,9189
13252,9211
13276,9234
13300,9257
13325,9279
13347,9303
13370,9325
13394,9348
13418,9370
13441,9392
13466,9415
13489,9439
13513,9462
13537,9486
13562,9510
13586,9534
13610,9558
13636,9581
13661,9605
13684,9629
13708,9652
13732,9676
13757,9699
13781,9723
13805,9748
13830,9771
13855,9796
13880,9821
13906,9847
13931,9872
13956,9896
13981,9920
14007,9942
14032,9967
14058,9991
14082,10014
14106,10037
14131,10062
14154,10086
14179,10109
14203,10133
14227,10157
14250,10180
14275,10203
14297,10227
14321,10249
14343,10271
14366,10293
14389,10314
14412,10336
14434,10358
14457,10380
14480,10402
14503,10423
14525,10445
14547,10466
14569,10488
14591,10510
14614,10532
14637,10554
14662,10576
14685,10597
14708,10618
14729,10642
14752,10664
14774,10686
14797,10709
14821,10731
14845,10753
14868,10775
14889,10797
14912,10819
14934,10841
14956,10863
14979,10885
15002,10906
15024,10927
15047,10950
15070,10972
15093,10996
15116,11018
15140,11041
15163,11064
15186,11086
15209,11109
15232,11132
15255,11155
15277,11178
15300,11201
15323,11223
15346,11246
15369,11270
15393,11293
15417,11316
15441,11341
15465,11364
15489,11388
15513,11412
15538,11436
15562,11460
15587,11484
15612,11509
15637,11534
15659,11558
15683,11582
15708,11607
15732,11631
15755,11657
15780,11681
15805,11705
15827,11730
15851,11753
15875,11778
15900,11802
15924,11825
15948,11848
15972,11872
15995,11896
16019,11919
16042,11942
16064,11965
16086,11987
16109,12010
16131,12033
16153,12055
16175,12076
16197,12099
16220,12120
16242,12142
16264,12163
16287,12185
16310,12208
16334,12231
16358,12254
16382,12277
20,12302
44,12326
69,12349
93,12374
118,12399
141,12422
165,12445
189,12468
212,12490
234,12514
257,12538
280,12560
304,12583
328,12607
351,12630
374,12652
398,12675
421,12699
445,12721
468,12744
490,12767
514,12788
537,12810
560,12831
581,12853
604,12875
627,12897
650,12919
672,12941
693,12964
716,12985
738,13005
760,13027
781,13048
804,13069
827,13091
849,13112
872,13133
896,13155
919,13176
942,13196
964,13218
986,13239
1009,13260
1031,13282
1053,13304
1076,13325
1098,13348
1120,13369
1144,13389
1167,13411
1190,13434
1212,13457
1235,13478
1259,13499
1283,13521
1308,13543
1332,13566
1357,13588
1381,13612
1404,13634
1428,13656
1452,13679
1476,13701
1500,13725
1523,13749
1548,13771
1572,13794
1597,13817
1622,13840
1647,13864
1672,13887
1698,13910
1722,13933
1748,13958
1774,13981
1799,14004
1824,14028
1850,14053
1876,14077
1901,14102
1925,14124
1949,14148
1974,14170
1998,14193
2022,14216
2046,14240
2071,14263
2096,14284
2120,14307
2145,14330
2169,14352
2194,14373
2219,14396
2242,14418
2266,14441
2290,14463
2313,14485
2337,14508
2360,14529
2383,14550
2406,14571
2428,14592
2451,14613
2472,14634
2495,14656
2518,14677
2541,14698
2566,14719
2588,14741
2612,14763
2635,14785
2660,14805
2683,14827
2708,14848
2731,14869
2755,14892
2779,14913
2801,14935
2824,14958
2846,14979
2868,15000
2890,15021
2911,15041
2935,15062
2957,15082
2979,15104
3002,15126
3025,15149
3048,15170
3072,15191
3096,15214
3120,15236
3143,15258
3166,15280
3189,15302
3212,15325
3234,15347
3257,15368
3280,15392
3302,15416
3326,15438
3349,15461
3373,15483
3396,15506
3421,15529
3446,15552
3470,15575
3495,15597
3520,15621
3545,15644
3569,15669
3594,15693
3618,15717
3643,15742
3666,15767
3689,15792
3714,15817
3738,15840
3763,15865
3788,15889
3812,15912
3837,15937
3860,15961
3884,15984
3907,16008
3931,16030
3954,16053
3977,16077
4000,16099
4023,16121
4045,16144
4068,16165
4090,16189
4112,16211
4135,16233
4156,16255
4179,16277
4204,16298
4226,16320
4249,16342
4273,16364
4296,2
4320,26
4345,51
4370,73
4394,97
4418,120
4443,143
4466,166
4489,191
4513,213
4536,237
4561,260
4585,283
4609,308
4632,331
4656,354
4679,376
4702,399
4726,423
4749,447
4773,468
4797,490
4819,514
4842,537
4865,558
4888,580
4913,603
4936,625
4959,649
4979,671
5002,693
5025,714
5047,736
5070,757
5093,780
5116,803
5139,825
5162,847
5184,868
5206,890
5228,911
5251,933
5273,954
5296,976
5319,998
5341,1020
5363,1042
5386,1063
5409,1085
5432,1108
5454,1130
5476,1152
5498,1174
5521,1196
5544,1218
5567,1241
5590,1263
5612,1285
5636,1307
5660,1329
5684,1352
5708,1374
5732,1398
5756,1420
5778,1445
5803,1468
5826,1491
5850,1515
5873,1537
5898,1559
5923,1583
5947,1605
5971,1629
5995,1652
6020,1676
6044,1700
6067,1725
6092,1748
6116,1771
6142,1795
6167,1820
6193,1845
6218,1869
6241,1893
6267,1918
6292,1943
6318,1967
6344,1992
6368,2017
6392,2040
6414,2063
6439,2086
6463,2110
6487,2132
6512,2156
6536,2178
6560,2201
6583,2224
6606,2246
6630,2270
6653,2293
6676,2315
6698,2338
6720,2362
6744,2383
6767,2406
6791,2428
6814,2449
6835,2471
6858,2493
6880,2515
6903,2536
6925,2558
6946,2580
6968,2602
6990,2624
7012,2646
7035,2668
7058,2690
7082,2713
7104,2735
7129,2758
7152,2781
7175,2803
7198,2825
7221,2848
7244,2870
7267,2893
7290,2916
7312,2938
7333,2961
7355,2983
7377,3004
7399,3025
7421,3047
7444,3071
7466,3094
7489,3117
7514,3140
7538,3163
7562,3185
7585,3208
7608,3231
7631,3254
7654,3278
7677,3302
7701,3324
7725,3347
7747,3371
7770,3395
7794,3419
7817,3443
7839,3468
7864,3492
7889,3518
7914,3543
7938,3567
7963,3592
7988,3617
8012,3643
8037,3667
8061,3692
8084,3716
8109,3740
8133,3765
8156,3789
8178,3815
8201,3837
8223,3859
8246,3882
8268,3905
8290,3926
8314,3947
8339,3969
8361,3992
8384,4013
8406,4035
8429,4058
8452,4081
8475,4103
8498,4126
8521,4148
8545,4171
8567,4193
8589,4217
8612,4240
8635,4264
8658,4287
8681,4310
8706,4333
8729,4356
8753,4380
8778,4403
8803,4427
8828,4450
8852,4474
8877,4497
8901,4519
8926,4544
8950,4567
8974,4592
8998,4614
9020,4637
9043,4660
9065,4682
9087,4705
9110,4728
9133,4751
9157,4773
9179,4796
9202,4818
9226,4840
9250,4862
9274,4883
9298,4905
9322,4928
9346,4949
9368,4971
9390,4993
9413,5013
9435,5033
9456,5054
9478,5077
9501,5097
9522,5120
9545,5140
9568,5162
9590,5182
9613,5204
9636,5226
9658,5247
9681,5269
9703,5291
9727,5312
9750,5332
9774,5354
9797,5375
9822,5398
9844,5421
9867,5442
9890,5464
9913,5486
9937,5508
9960,5531
9984,5553
10007,5575
10031,5597
10056,5621
10080,5644
10105,5666
10130,5689
10156,5712
10181,5736
10207,5759
10230,5781
10255,5804
10279,5828
10304,5851
10329,5873
10352,5895
10375,5919
10401,5942
10426,5964
10450,5988
10474,6011
10499,6036
10524,6062
10551,6085
10577,6109
10603,6133
10628,6157
10654,6180
10678,6204
10705,6228
10729,6251
10753,6275
10779,6298
10803,6322
10828,6343
10851,6366
10875,6390
10899,6412
10923,6434
10945,6458
10969,6480
10993,6500
11019,6522
11042,6544
11066,6565
11090,6586
11113,6609
11137,6631
11160,6652
11183,6673
11206,6694
11228,6717
11251,6738
11273,6761
11295,6782
11318,6805
11340,6826
11363,6847
11385,6868
11408,6890
11432,6911
11456,6933
11480,6955
11503,6976
11525,6997
11549,7019
11571,7040
11594,7061
11615,7081
11638,7101
11661,7122
11683,7143
11705,7165
11727,7187
11751,7209
11773,7231
11795,7254
11818,7276
11841,7298
11864,7319
11889,7342
11912,7364
11937,7387
11960,7409
11984,7432
12008,7454
12032,7478
12054,7500
12076,7523
12098,7547
12120,7571
12142,7593
12164,7618
12188,7640
12212,7664
12235,7688
12259,7713
12284,7737
12310,7762
12335,7785
12359,7811
12383,7835
12407,7859
12432,7884
12457,7907
12481,7930
12505,7954
12530,7978
12554,8001
12578,8024
12601,8047
12624,8070
12646,8091
12669,8113
12693,8137
12716,8160
12738,8182
12761,8205
12784,8227
12808,8249
12831,8271
12854,8292
12878,8314
12901,8336
12924,8359
12948,8383
12970,8406
12993,8429
13016,8452
13040,8475
13062,8497
13085,8521
13109,8544
13134,8566
13159,8590
13182,8613
13204,8637
13228,8661
13251,8684
13276,8707
13301,8731
13324,8753
13349,8775
13372,8798
13394,8821
13416,8844
13438,8866
13462,8888
13485,8911
13508,8931
13531,8954
13553,8976
13576,8998
13599,9019
13623,9041
13646,9063
13668,9085
13690,9107
13712,9129
13736,9150
13757,9171
13781,9192
13802,9215
13824,9236
13846,9256
13869,9278
13890,9300
13911,9322
13932,9343
13955,9365
13977,9386
14000,9408
14022,9428
14045,9450
14067,9473
14090,9494
14111,9515
14134,9537
14155,9558
14178,9580
14201,9602
14224,9623
14247,9646
14270,9668
14293,9691
14316,9713
14340,9736
14362,9758
14385,9781
14408,9803
14431,9825
14454,9847
14479,9870
14501,9894
14525,9918
14548,9941
14572,9963
14594,9986
14619,10009
14642,10032
14666,10054
14692,10077
14715,10100
14739,10124
14762,10146
14786,10168
14811,10193
14836,10217
14861,10240
14883,10263
14908,10287
14933,10311
14957,10336
14981,10360
15005,10383
15029,10407
15052,10431
15077,10453
15102,10477
15127,10500
15152,10522
15175,10545
15197,10569
15221,10591
15244,10613
15267,10637
15290,10659
15313,10682
15335,10703
15356,10724
15377,10747
15399,10768
15422,10789
15443,10812
15465,10833
15488,10854
15508,10876
15531,10898
15553,10919
15577,10942
15599,10964
15622,10984
15643,11007
15665,11028
15687,11050
15709,11072
15732,11094
15753,11116
15775,11137
15798,11158
15821,11180
15844,11202
15865,11225
15886,11247
15909,11268
15930,11289
15951,11311
15974,11332
15996,11354
16019,11376
16041,11397
16064,11419
16086,11442
16108,11464
16130,11485
16152,11507
16174,11529
16194,11551
16216,11574
16238,11598
16260,11620
16282,11642
16306,11665
16328,11688
16352,11711
16376,11734
16,11758
40,11782
62,11805
85,11830
110,11854
133,11879
156,11903
180,11927
203,11952
228,11977
252,12000
275,12025
299,12049
324,12073
348,12095
371,12118
395,12142
419,12164
444,12188
469,12211
493,12235
516,12258
539,12281
563,12304
587,12327
610,12349
633,12373
654,12395
675,12417
698,12438
720,12461
743,12484
765,12505
789,12528
812,12549
835,12572
859,12596
884,12618
908,12642
932,12664
956,12687
980,12710
1002,12733
1025,12756
1048,12780
1072,12803
1095,12825
1117,12848
1141,12871
1165,12894
1188,12917
1211,12940
1235,12963
1259,12987
1283,13008
1307,13030
1333,13053
1356,13074
1380,13097
1403,13120
1426,13141
1450,13163
1472,13185
1493,13207
1515,13229
1538,13250
1560,13274
1583,13294
1605,13315
1629,13338
1651,13358
1673,13380
1697,13402
1719,13424
1742,13445
1764,13465
1788,13485
1812,13506
1835,13526
1857,13546
1879,13566
1900,13587
1923,13608
1944,13630
1966,13651
1988,13674
2011,13694
2032,13716
2055,13738
2078,13760
2101,13781
2125,13804
2149,13827
2173,13847
2197,13869
2221,13891
2246,13911
2270,13934
2293,13955
2316,13978
2340,13999
2363,14023
2386,14045
2409,14067
2433,14090
2456,14112
2479,14135
2504,14157
2529,14180
2553,14203
2578,14225
2603,14248
2628,14271
2654,14294
2678,14318
2703,14340
2728,14362
2755,14384
2779,14407
2803,14432
2827,14456
2851,14479
2876,14503
2900,14526
2925,14550
2949,14574
2973,14596
3000,14620
3025,14643
3050,14666
3074,14690
3099,14713
3123,14735
3148,14757
3172,14779
3196,14801
3220,14822
3243,14844
3265,14867
3289,14888
3313,14910
3335,14932
3358,14954
3381,14975
3403,14998
3425,15018
3449,15040
3473,15061
3495,15083
3517,15104
3541,15126
3563,15149
3586,15169
3608,15189
3633,15212
3655,15233
3678,15254
3699,15275
3721,15296
3743,15316
3766,15338
3788,15360
3809,15383
3831,15405
3853,15426
3875,15447
3898,15469
3922,15490
3944,15512
3966,15533
3986,15555
4009,15578
4030,15601
4053,15622
4076,15643
4099,15665
4121,15687
4143,15709
4166,15732
4190,15756
4212,15779
4234,15800
4257,15823
4281,15846
4305,15869
4329,15894
4352,15917
4377,15940
4402,15964
4426,15986
4450,16011
4475,16034
4500,16058
4524,16081
4547,16107
4572,16130
4596,16154
4619,16178
4642,16200
4667,16223
4691,16246
4717,16270
4741,16293
4765,16318
4789,16341
4812,16362
4837,2
4862,27
4885,51
4909,73
4931,96
4956,118
4980,142
5003,164
5026,186
5048,210
5071,232
5095,254
5117,277
5139,298
5161,321
5183,342
5206,363
5230,385
5251,407
5274,430
5298,453
5322,475
5345,498
5369,522
5393,544
5416,566
5438,590
5464,613
5487,635
5510,659
5533,683
5558,706
5581,728
5604,751
5626,773
5650,796
5675,819
5699,842
5720,864
5744,886
5767,908
5790,930
5814,952
5837,975
5860,997
5882,1019
5905,1041
5928,1062
5950,1086
5972,1108
5995,1130
6017,1152
6040,1172
6062,1194
6085,1217
6107,1238
6131,1259
6152,1279
6176,1300
6197,1322
6220,1344
6243,1365
6267,1387
6289,1409
6312,1430
6334,1453
6356,1475
6378,1497
6402,1519
6424,1540
6447,1562
6470,1585
6491,1609
6514,1631
6538,1653
6561,1675
6585,1699
6608,1722
6632,1744
6656,1766
6680,1788
6704,1812
6727,1835
6752,1857
6775,1881
6800,1904
6824,1928
6847,1950
6871,1974
6894,1997
6918,2020
6941,2044
6966,2066
6990,2091
7015,2114
7040,2138
7063,2161
7088,2183
7112,2207
7138,2231
7162,2255
7187,2278
7211,2302
7235,2327
7259,2350
7283,2374
7308,2396
7332,2420
7355,2444
7379,2468
7402,2493
7426,2517
7450,2539
7472,2562
7496,2584
7520,2607
7543,2629
7567,2651
7591,2675
7614,2697
7636,2721
7659,2743
7681,2766
7704,2790
7727,2812
7749,2834
7770,2856
7793,2877
7814,2900
7836,2921
7859,2942
7881,2965
7903,2985
7925,3008
7947,3029
7969,3052
7991,3073
8013,3096
8035,3117
8057,3140
8078,3162
8100,3184
8123,3206
8144,3230
8167,3253
8188,3275
8210,3296
8231,3319
8254,3341
8277,3364
8299,3386
8321,3409
8343,3432
8367,3455
8389,3477
8411,3499
8434,3522
8458,3544
8482,3567
8505,3591
8528,3614
8551,3637
8575,3661
8598,3684
8620,3707
8645,3731
8667,3754
8690,3779
8714,3804
8738,3826
8761,3850
8785,3875
8810,3897
8835,3921
8860,3944
8885,3969
8911,3991
8936,4016
8960,4040
8985,4064
9008,4088
9033,4113
9056,4138
9080,4162
9103,4187
9128,4210
9151,4232
9176,4256
9201,4280
9225,4302
9248,4325
9272,4349
9294,4371
9319,4394
9343,4416
9367,4438
9390,4461
9414,4484
9436,4506
9458,4529
9481,4552
9504,4575
9526,4596
9548,4619
9571,4641
9594,4665
9618,4687
9640,4711
9665,4733
9690,4756
9714,4780
9738,4803
9762,4827
9788,4851
9812,4874
9838,4897
9862,4921
9884,4944
9907,4967
9931,4989
9954,5011
9977,5034
10000,5056
10023,5078
10047,5102
10069,5123
10092,5144
10116,5168
10139,5189
10165,5212
10190,5234
10214,5255
10237,5277
10261,5298
10285,5320
10308,5342
10330,5363
10352,5384
10374,5405
10396,5425
10418,5446
10440,5469
10463,5490
10485,5510
10507,5532
10530,5553
10553,5575
10578,5596
10601,5617
10625,5639
10648,5661
10672,5682
10695,5703
10717,5725
10741,5746
10764,5768
10788,5789
10810,5811
10833,5833
10856,5854
10880,5877
10904,5899
10927,5922
10950,5944
10976,5968
11001,5991
11026,6013
11050,6035
11075,6058
11099,6080
11125,6103
11150,6126
11174,6149
11199,6172
11223,6196
11247,6220
11270,6244
11293,6268
11317,6290
11340,6316
11366,6339
11391,6361
11417,6385
11442,6409
11467,6433
11494,6458
11521,6480
11546,6504
11572,6529
11597,6551
11623,6576
11648,6600
11671,6622
11696,6647
11719,6671
11743,6695
11768,6717
11792,6740
11817,6764
11841,6788
11865,6812
11890,6835
11914,6858
11939,6881
11963,6905
11987,6929
12011,6952
12034,6973
12057,6994
12080,7016
12102,7037
12123,7059
12144,7080
12165,7102
12187,7123
12208,7144
12229,7166
12253,7187
12274,7208
12297,7230
12321,7251
12343,7273
12366,7295
12390,7317
12413,7339
12435,7361
12458,7383
12482,7405
12505,7427
12529,7450
12551,7472
12572,7493
12594,7516
12616,7537
12639,7559
12661,7582
12682,7604
12705,7626
12728,7649
12752,7670
12775,7692
12799,7715
12823,7737
12846,7760
12870,7783
12894,7806
12916,7830
12940,7854
12965,7876
12990,7901
13013,7925
13038,7949
13062,7972
13085,7995
13110,8019
13134,8041
13159,8064
13183,8089
13208,8112
13233,8136
13257,8161
13283,8185
13308,8210
13333,8233
13358,8258
13381,8284
13405,8308
13429,8332
13455,8356
13479,8380
13503,8404
13527,8429
13551,8451
13575,8474
13600,8498
13622,8522
13646,8545
13670,8567
13692,8590
13717,8612
13741,8635
13765,8658
13786,8680
13809,8703
13832,8725
13855,8748
13877,8770
13899,8793
13922,8817
13945,8839
13967,8862
13989,8884
14013,8907
14036,8929
14060,8952
14086,8975
14111,9000
14135,9022
14160,9045
14185,9069
14208,9092
14233,9115
14257,9137
14281,9160
14304,9182
14328,9205
14351,9230
14374,9254
14396,9277
14419,9299
14443,9321
14466,9344
14487,9368
14511,9390
14533,9412
14556,9433
14578,9454
14602,9475
14626,9497
14649,9519
14672,9541
14697,9562
14719,9585
14741,9606
14763,9628
14785,9650
14807,9670
14829,9690
14851,9712
14874,9733
14895,9755
14917,9776
14940,9799
14962,9821
14986,9842
15010,9863
15032,9884
15054,9905
15076,9928
15099,9950
15123,9971
15147,9993
15171,10016
15194,10039
15218,10062
15241,10084
15263,10107
15287,10130
15309,10154
15334,10177
15358,10200
15379,10223
15402,10245
15425,10268
15449,10291
15474,10313
15497,10337
15522,10359
15547,10383
15571,10407
15596,10431
15620,10454
15645,10478
15670,10503
15694,10528
15718,10550
15742,10574
15766,10597
15790,10620
15816,10645
15840,10669
15863,10693
15888,10717
15912,10742
15937,10767
15962,10791
15987,10816
16014,10840
16039,10865
16063,10889
16087,10913
16112,10937
16135,10961
16158,10985
16181,11009
16202,11031
16224,11054
16246,11076
16268,11099
16292,11122
16314,11146
16337,11168
16360,11192
16383,11215
21,11236
44,11259
68,11282
91,11304
114,11325
136,11347
158,11370
180,11391
202,11413
224,11436
245,11459
266,11481
288,11504
310,11525
332,11547
354,11568
377,11591
400,11613
422,11634
445,11657
469,11680
493,11703
515,11725
538,11747
561,11769
584,11791
606,11812
628,11833
649,11855
672,11878
693,11900
715,11923
739,11946
762,11969
785,11992
807,12015
831,12038
856,12061
881,12083
905,12105
929,12128
955,12151
979,12177
1002,12200
1027,12223
1049,12248
1073,12272
1096,12296
1120,12319
1144,12343
1168,12366
1193,12391
1218,12414
1242,12438
1268,12463
1293,12487
1318,12512
1344,12537
1369,12561
1394,12586
1419,12611
1444,12635
1469,12657
1493,12681
1516,12704
1539,12726
1561,12750
1584,12773
1607,12797
1630,12819
1652,12843
1675,12866
1699,12886
1721,12908
1744,12928
1769,12950
1792,12972
1816,12995
1839,13017
1862,13037
1887,13060
1910,13082
1932,13104
1956,13126
1979,13148
2002,13172
2025,13195
2047,13216
2070,13240
2094,13263
2118,13284
2142,13308
2167,13331
2191,13354
2216,13376
2240,13399
2264,13424
2288,13447
2311,13466
2335,13488
2359,13509
2382,13530
2404,13553
2425,13575
2447,13596
2469,13617
2491,13639
2514,13659
2536,13680
2558,13701
2583,13723
2606,13745
2630,13766
2653,13786
2677,13808
2701,13829
2724,13851
2748,13871
2771,13891
2793,13912
2814,13934
2837,13955
2859,13974
2879,13996
2901,14015
2922,14037
2945,14058
2968,14078
2990,14101
3015,14122
3038,14142
3061,14163
3085,14186
3108,14208
3132,14230
3155,14252
3179,14274
3201,14295
3225,14318
3250,14340
3273,14362
3296,14385
3318,14407
3340,14429
3364,14451
3386,14474
3410,14497
3434,14521
3459,14544
3483,14567
3508,14589
3534,14611
3559,14633
3583,14655
3607,14680
3632,14702
3657,14726
3681,14749
3705,14772
3729,14795
3751,14816
3776,14840
3800,14864
3823,14887
3846,14911
3870,14933
3894,14957
3918,14981
3943,15005
3968,15030
3992,15053
4016,15077
4039,15101
4064,15125
4087,15149
4111,15171
4134,15194
4157,15217
4180,15238
4203,15260
4227,15284
4248,15305
4270,15327
4294,15349
4317,15371
4340,15393
4362,15414
4385,15436
4409,15458
4432,15481
4455,15503
4479,15524
4501,15545
4523,15566
4546,15586
4568,15608
4589,15630
4610,15652
4631,15673
4654,15696
4676,15717
4699,15738
4722,15760
4744,15780
4767,15801
4789,15824
4811,15847
4834,15869
4856,15891
4877,15912
4901,15934
4924,15955
4945,15977
4969,15997
4992,16018
5014,16039
5036,16063
5058,16085
5081,16109
5104,16131
5126,16153
5148,16175
5172,16197
5195,16218
5219,16241
5243,16263
5266,16287
5291,16309
5314,16333
5339,16358
5363,16381
5386,20
5409,44
5434,68
5458,91
5483,115
5506,140
5532,163
5556,186
5580,211
5603,235
5628,259
5651,281
5676,306
5701,330
5726,354
5750,377
5774,401
5798,425
5822,450
5846,472
5869,495
5893,519
5916,541
5940,565
5963,588
5986,611
6008,633
6031,654
6054,676
6077,697
6099,719
6121,740
6143,762
6166,785
6189,807
6212,829
6234,851
6257,872
6281,895
6305,917
6329,940
6351,962
6375,986
6399,1009
6423,1031
6447,1053
6470,1075
6492,1098
6516,1120
6539,1142
6563,1165
6585,1189
6608,1211
6631,1235
6655,1257
6679,1280
6703,1304
6724,1324
6747,1347
6769,1369
6792,1391
6815,1413
6837,1435
6859,1455
6882,1477
6905,1499
6928,1520
6949,1543
6971,1564
6994,1585
7015,1607
7038,1628
7061,1649
7083,1668
7106,1690
7128,1712
7152,1734
7174,1756
7196,1776
7218,1799
7241,1820
7263,1841
7285,1863
7307,1884
7328,1905
7350,1926
7372,1948
7396,1970
7419,1993
7440,2015
7462,2036
7484,2059
7507,2081
7530,2103
7554,2125
7577,2147
7600,2168
7623,2191
7647,2214
7670,2237
7694,2261
7718,2284
7741,2308
7763,2330
7787,2352
7811,2375
7834,2398
7858,2422
7881,2446
7905,2470
7928,2493
7952,2516
7975,2540
7999,2564
8023,2588
8048,2611
8071,2633
8095,2657
8119,2681
8141,2705
8164,2728
8188,2753
8212,2777
8236,2802
8258,2825
8282,2850
8307,2873
8331,2899
8354,2924
8379,2948
8404,2971
8429,2996
8453,3019
8477,3042
8500,3066
8523,3089
8547,3113
8569,3135
8591,3158
8613,3179
8635,3202
8658,3224
8680,3246
8702,3268
8723,3289
8745,3311
8767,3334
8790,3356
8812,3376
8834,3398
8855,3421
8878,3442
8900,3465
8924,3487
8947,3508
8969,3530
8991,3551
9013,3573
9035,3595
9055,3617
9078,3641
9100,3664
9121,3684
9143,3706
9166,3727
9189,3748
9211,3770
9234,3793
9257,3815
9281,3837
9304,3859
9327,3880
9351,3902
9374,3923
9396,3944
9418,3964
9441,3987
9462,4009
9484,4032
9506,4055
9529,4077
9552,4100
9576,4122
9600,4145
9624,4167
9648,4192
9672,4214
9696,4237
9719,4261
9744,4285
9768,4308
9794,4333
9818,4355
9842,4378
9866,4403
9889,4428
9914,4453
9938,4476
9961,4500
9985,4525
10009,4548
10032,4571
10056,4594
10080,4617
10104,4640
10128,4664
10152,4688
10177,4710
10202,4735
10228,4759
10251,4782
10274,4805
10297,4827
10321,4849
10344,4870
10366,4891
10389,4913
10411,4936
10433,4958
10456,4980
10477,5001
10500,5023
10524,5045
10547,5066
10570,5088
10593,5110
10618,5131
10641,5153
10666,5177
10691,5198
10714,5221
10739,5243
10763,5267
10785,5290
10809,5313
10834,5334
10857,5357
10880,5379
10903,5401
10927,5424
10949,5445
10972,5465
10995,5488
11019,5510
11044,5531
11069,5553
11093,5575
11117,5597
11140,5619
11163,5640
11186,5661
11209,5682
11231,5704
11254,5726
11276,5747
11299,5768
11321,5789
11344,5810
11366,5833
11389,5855
11412,5875
11435,5895
11457,5917
11481,5939
11504,5961
11527,5982
11550,6003
11574,6025
11597,6047
11619,6067
11642,6087
11665,6109
11687,6129
11710,6150
11731,6172
11754,6194
11777,6216
11799,6237
11823,6260
11845,6280
11868,6303
11892,6324
11916,6345
11940,6368
11964,6391
11988,6413
12011,6437
12035,6460
12059,6482
12082,6504
12105,6526
12127,6550
12150,6574
12172,6596
12194,6620
12217,6643
12243,6667
12267,6691
12289,6714
12314,6736
12338,6759
12364,6783
12388,6804
12413,6828
12437,6850
12461,6874
12485,6899
12510,6922
12534,6946
12558,6970
12583,6994
12608,7018
12632,7043
12655,7067
12680,7090
12703,7113
12727,7138
12752,7162
12775,7185
12799,7208
12823,7231
12847,7254
12872,7277
12896,7300
12920,7322
12945,7346
12968,7368
12990,7390
13014,7411
13036,7433
13059,7454
13081,7476
13103,7497
13125,7519
13146,7541
13167,7562
13189,7584
13213,7606
13235,7628
13258,7649
13281,7672
13305,7693
13326,7715
13350,7736
13372,7758
13395,7779
13418,7799
13440,7821
13463,7844
13486,7866
13507,7887
13528,7908
13550,7929
13573,7952
13595,7973
13618,7993
13641,8013
13664,8035
13686,8059
13709,8080
13732,8102
13754,8124
13776,8146
13800,8168
13822,8190
13845,8213
13868,8234
13892,8257
13917,8280
13940,8304
13961,8327
13984,8351
14008,8374
14032,8397
14056,8420
14080,8444
14104,8466
14129,8492
14153,8517
14178,8542
14202,8566
14226,8589
14252,8613
14277,8637
14301,8661
14325,8685
14348,8710
14373,8733
14397,8757
14422,8780
14445,8804
14468,8829
14492,8852
14516,8876
14540,8899
14563,8924
14587,8946
14612,8969
14634,8991
14658,9012
14681,9035
14704,9057
14727,9078
14750,9101
14773,9123
14796,9144
14818,9167
14839,9189
14862,9212
14885,9233
14908,9255
14930,9277
14953,9300
14976,9322
14998,9343
15022,9365
15045,9388
15068,9411
15093,9432
15117,9455
15140,9479
15162,9501
15186,9523
15211,9546
15234,9569
15257,9591
15281,9613
15304,9635
15327,9658
15348,9681
15369,9703
15392,9723
15415,9746
15438,9767
15462,9789
15484,9811
15507,9833
15529,9855
15551,9876
15574,9898
15597,9920
15621,9942
15643,9963
15666,9984
15689,10007
15710,10028
15733,10050
15754,10071
15777,10093
15800,10115
15822,10136
15844,10157
15866,10178
15888,10200
15910,10220
15931,10242
15954,10262
15977,10284
15999,10306
16022,10327
16044,10348
16067,10369
16090,10392
16112,10413
16134,10436
16156,10459
16179,10481
16201,10504
16223,10526
16244,10548
16268,10571
16290,10593
16314,10616
16335,10638
16358,10662
16381,10685
21,10708
44,10730
68,10754
93,10777
117,10800
142,10826
165,10848
189,10871
214,10895
235,10919
258,10944
282,10967
306,10989
329,11013
352,11038
376,11059
399,11084
423,11106
448,11129
471,11153
496,11178
520,11203
545,11228
570,11251
594,11274
618,11298
643,11323
668,11348
692,11373
715,11397
738,11422
761,11445
785,11468
807,11492
830,11514
853,11538
878,11560
900,11583
925,11604
948,11626
971,11649
995,11671
1018,11693
1041,11715
1064,11737
1086,11760
1108,11781
1129,11803
1151,11826
1172,11848
1194,11870
1215,11891
1236,11913
1259,11935
1280,11956
1302,11977
1324,11999
1347,12021
1369,12042
1392,12063
1415,12085
1438,12105
1462,12127
1483,12148
1505,12168
1528,12190
1549,12211
1572,12232
1594,12253
1616,12276
1639,12297
1661,12319
1684,12341
1706,12364
1730,12387
1753,12409
1777,12432
1801,12454
1826,12477
1850,12499
1873,12522
1897,12545
1922,12568
1944,12592
1967,12615
1989,12638
2012,12661
2036,12685
2061,12709
2085,12733
2107,12756
2132,12780
2157,12803
2182,12828
2207,12851
2232,12874
2256,12897
2282,12921
2307,12946
2331,12969
2355,12994
2380,13018
2403,13042
2426,13065
2449,13089
2472,13112
2495,13135
2518,13156
2543,13178
2566,13201
2589,13224
2613,13245
2636,13267
2661,13289
2685,13310
2710,13334
2734,13356
2758,13376
2781,13398
2803,13419
2826,13441
2849,13463
2871,13485
2893,13507
2916,13528
2938,13551
2961,13573
2983,13596
3006,13617
3029,13639
3053,13659
3077,13683
3101,13704
3125,13726
3150,13749
3175,13771
3199,13793
3222,13816
3246,13836
3268,13860
3292,13881
3316,13904
3339,13926
3362,13949
3383,13971
3407,13992
3430,14012
3452,14034
3476,14055
3501,14078
3525,14099
3548,14119
3571,14141
3594,14162
3618,14182
3641,14204
3663,14224
3686,14245
3706,14267
3730,14288
3753,14309
3774,14331
3796,14352
3819,14373
3842,14394
3864,14417
3887,14438
3908,14459
3929,14480
3951,14502
3974,14525
3997,14545
4019,14567
4041,14588
4064,14609
4087,14632
4110,14654
4132,14676
4156,14698
4179,14721
4203,14743
4226,14766
4249,14789
4272,14812
4294,14834
4318,14857
4342,14879
4366,14903
4392,14927
4416,14950
4441,14973
4466,14996
4490,15020
4513,15043
4537,15066
4562,15089
4587,15112
4610,15136
4635,15161
4657,15183
4681,15207
4705,15229
4729,15253
4754,15276
4778,15299
4801,15323
4828,15347
4851,15371
4875,15394
4901,15418
4925,15442
4949,15464
4974,15489
4999,15513
5023,15538
5048,15562
5072,15585
5096,15608
5118,15632
5142,15655
5166,15679
5190,15701
5214,15723
5237,15746
5259,15768
5282,15791
5305,15813
5329,15836
5353,15859
5374,15881
5397,15903
5421,15926
5443,15946
5464,15967
5485,15988
5508,16010
5529,16032
5551,16054
5574,16074
5596,16095
5617,16115
5640,16136
5663,16157
5684,16179
5707,16200
5729,16221
5751,16242
5774,16264
5796,16286
5818,16307
5840,16329
5863,16350
5886,16372
5909,9
5932,32
5955,53
5978,75
6001,97
6024,120
6047,142
6068,165
6091,187
6113,209
6135,232
6158,255
6182,277
6206,299
6229,322
6253,346
6277,369
6300,392
6325,414
6348,438
6373,462
6397,487
6420,512
6443,536
6467,560
6492,584
6516,606
6540,629
6563,653
6588,676
6612,700
6637,723
6661,747
6687,771
6710,795
6734,820
6759,845
6783,867
6808,891
6833,914
6856,937
6880,960
6904,983
6926,1004
6949,1026
6971,1050
6994,1071
7017,1093
7040,1115
7063,1138
7085,1160
7107,1181
7130,1203
7152,1225
7176,1246
7198,1268
7221,1289
7243,1310
7266,1332
7288,1355
7311,1375
7334,1396
7357,1419
7380,1442
7403,1464
7425,1487
7448,1509
7470,1531
7494,1554
7517,1577
7539,1598
7562,1619
7586,1642
7611,1664
7635,1686
7659,1708
7683,1730
7706,1753
7730,1776
7751,1797
7774,1820
7796,1841
7818,1862
7839,1885
7862,1906
7884,1926
7907,1949
7928,1970
7950,1992
7971,2014
7993,2035
8015,2056
8039,2078
8060,2100
8082,2121
8104,2142
8126,2164
8148,2185
8170,2206
8192,2229
8215,2251
8237,2272
8257,2294
8278,2315
8300,2337
8322,2359
8344,2381
8366,2404
8389,2425
8413,2447
8436,2470
8459,2494
8483,2516
8507,2538
8532,2560
8555,2582
8579,2605
8603,2628
8626,2651
8650,2674
8673,2699
8695,2721
8718,2745
8742,2770
8765,2794
8789,2818
8811,2841
8835,2864
8860,2889
8884,2911
8909,2935
8935,2959
8959,2983
8983,3007
9007,3030
9031,3054
9054,3077
9078,3102
9102,3126
9126,3150
9150,3173
9174,3199
9197,3222
9221,3246
9245,3271
9270,3296
9295,3321
9320,3345
9345,3367
9369,3392
9395,3416
9419,3440
9443,3465
9468,3490
9492,3513
9515,3537
9537,3561
9560,3584
9582,3607
9605,3629
9627,3652
9648,3674
9672,3698
9696,3719
9719,3741
9741,3764
9764,3787
9788,3810
9810,3830
9833,3851
9856,3873
9879,3893
9902,3914
9924,3934
9945,3956
9967,3975
9989,3996
10010,4018
10032,4039
10055,4061
10077,4083
10099,4105
10122,4127
10145,4148
10168,4170
10191,4192
10215,4214
10238,4234
10260,4258
10283,4280
10308,4302
10331,4325
10354,4348
10377,4371
10400,4393
10423,4416
10445,4439
10467,4462
10490,4484
10513,4506
10536,4528
10560,4551
10585,4574
10609,4597
10635,4620
10659,4644
10684,4669
10709,4695
10735,4719
10758,4742
10783,4765
10808,4788
10832,4813
10856,4837
10879,4860
10904,4884
10928,4909
10951,4933
10975,4958
11000,4981
11025,5006
11050,5030
11076,5053
11102,5078
11127,5101
11152,5122
11177,5146
11201,5170
11225,5193
11249,5216
11273,5238
11297,5261
11321,5284
11344,5308
11367,5329
11390,5352
11412,5374
11435,5396
11457,5417
11479,5439
11502,5460
11526,5483
11549,5504
11573,5525
11596,5547
11619,5569
11643,5591
11668,5612
11691,5634
11714,5656
11738,5678
11760,5701
11784,5724
11807,5748
11831,5770
11854,5793
11878,5815
11902,5837
11926,5859
11952,5883
11975,5905
12000,5927
12025,5949
12047,5972
12072,5994
12095,6016
12118,6037
12140,6060
12162,6081
12184,6104
12208,6125
12229,6147
12250,6170
12272,6191
12295,6212
12319,6233
12342,6254
12364,6274
12387,6296
12411,6318
12436,6340
12459,6362
12482,6383
12505,6406
12528,6428
12550,6449
12573,6472
12596,6493
12619,6516
12641,6539
12664,6563
12685,6584
12708,6604
12731,6626
12754,6646
12778,6668
12801,6692
12826,6715
12851,6738
12875,6760
12900,6783
12923,6805
12947,6828
12971,6851
12996,6875
13018,6899
13042,6924
13065,6946
13088,6969
13112,6993
13135,7016
13158,7039
13181,7064
13206,7088
13230,7113
13255,7135
13280,7158
13304,7182
13329,7206
13353,7228
13376,7252
13401,7275
13424,7299
13448,7324
13473,7348
13497,7371
13521,7394
13545,7418
13569,7441
13594,7465
13619,7489
13643,7513
13668,7538
13691,7562
13715,7587
13741,7609
13766,7634
13790,7658
13812,7680
13836,7703
13861,7725
13885,7748
13909,7772
13932,7795
13955,7817
13978,7840
14002,7862
14024,7885
14047,7906
14068,7927
14091,7948
14115,7971
14136,7993
14158,8014
14180,8034
14203,8056
14226,8077
14247,8097
14269,8119
14290,8139
14310,8160
14333,8182
14355,8202
14377,8224
14398,8244
14419,8265
14441,8286
14463,8308
14485,8329
14507,8349
14530,8370
14553,8392
14576,8413
14599,8434
14621,8456
14644,8478
14666,8500
14689,8522
14711,8544
14734,8564
14756,8587
14779,8609
14801,8631
14824,8654
14847,8677
14869,8699
14892,8721
14915,8743
14939,8765
14962,8788
14985,8811
15010,8835
15033,8859
15057,8882
15082,8905
15106,8928
15131,8952
15155,8975
15178,8999
15202,9023
15226,9047
15250,9069
15274,9093
15298,9118
15323,9140
15346,9163
15370,9186
15394,9210
15417,9232
15441,9256
15465,9280
15488,9304
15512,9327
15536,9350
15560,9372
15584,9395
15607,9418
15631,9441
15654,9463
15677,9486
15700,9508
15723,9530
15745,9551
15768,9572
15789,9594
15810,9615
15834,9637
15856,9659
15877,9681
15900,9702
15923,9724
15945,9745
15968,9767
15991,9789
16012,9811
16036,9834
16058,9855
16082,9877
16105,9898
16128,9921
16151,9942
16174,9964
16197,9987
16219,10010
16240,10032
16262,10056
16284,10077
16306,10099
16329,10119
16352,10141
16374,10163
14,10184
37,10207
60,10229
82,10253
107,10274
130,10295
153,10316
175,10337
198,10358
220,10381
242,10402
263,10423
285,10445
306,10467
328,10490
351,10511
373,10533
395,10556
418,10577
440,10598
463,10620
486,10642
509,10663
533,10687
557,10709
580,10731
603,10753
626,10776
649,10797
672,10820
694,10842
716,10865
739,10887
761,10909
784,10933
807,10958
831,10981
854,11003
878,11026
902,11050
926,11074
951,11098
976,11122
1001,11145
1025,11169
1050,11193
1074,11218
1099,11241
1123,11264
1147,11287
1170,11311
1193,11336
1216,11359
1239,11384
1263,11408
1287,11432
1309,11456
1334,11481
1358,11504
1384,11526
1409,11551
1434,11576
1460,11601
1485,11625
1510,11649
1534,11675
1559,11698
1583,11724
1608,11748
1633,11772
1658,11797
1682,11821
1706,11845
1730,11870
1754,11895
1778,11919
1800,11943
1825,11967
1849,11989
1874,12012
1899,12037
1924,12060
1948,12083
1971,12104
1994,12126
2018,12149
2040,12170
2061,12193
2083,12215
2106,12238
2128,12260
2151,12282
2173,12304
2195,12326
2218,12347
2240,12368
2263,12389
2287,12411
2310,12432
2333,12454
2355,12475
2379,12496
2402,12519
2424,12540
2446,12563
2468,12583
2489,12605
2512,12628
2535,12651
2558,12674
2580,12695
2602,12717
2626,12740
2650,12762
2673,12784
2697,12807
2722,12830
2746,12854
2769,12876
2793,12897
2818,12922
2842,12945
2866,12969
2888,12991
2911,13013
2936,13036
2959,13060
2983,13083
3006,13108
3030,13131
3054,13155
3080,13180
3105,13203
3131,13228
3158,13252
3184,13276
3209,13300
3234,13324
3258,13348
3282,13371
3308,13395
3332,13419
3357,13442
3382,13467
3406,13493
3430,13517
3454,13540
3478,13562
3503,13586
3527,13608
3552,13630
3575,13654
3600,13678
3624,13700
3649,13723
3672,13746
3696,13768
3719,13790
3742,13812
3765,13834
3788,13854
3809,13876
3832,13898
3854,13920
3877,13941
3897,13961
3920,13984
3942,14007
3963,14029
3987,14051
4010,14075
4034,14097
4061,14119
4084,14143
4109,14165
4131,14187
4154,14210
4177,14233
4201,14255
4224,14278
4248,14301
4271,14324
4293,14346
4317,14368
4340,14390
4364,14411
4389,14432
4412,14453
4435,14475
4459,14497
4482,14521
4506,14542
4529,14563
4553,14585
4576,14608
4600,14630
4623,14651
4645,14673
4668,14695
4691,14717
4714,14738
4737,14760
4760,14781
4783,14804
4805,14827
4828,14849
4852,14872
4875,14894
4898,14916
4922,14938
4944,14960
4968,14984
4992,15006
5015,15028
5037,15051
5061,15072
5084,15094
5106,15118
5129,15141
5152,15163
5174,15185
5197,15208
5223,15230
5247,15254
5270,15276
5293,15299
5317,15323
5341,15345
5366,15370
5391,15394
5416,15419
5440,15443
5464,15465
5487,15489
5511,15512
5536,15536
5560,15560
5584,15583
5607,15606
5632,15630
5656,15653
5681,15677
5703,15700
5727,15723
5752,15748
5777,15771
5802,15797
5826,15821
5851,15845
5875,15868
5900,15892
5925,15915
5950,15940
5974,15966
5997,15989
6022,16016
6045,16040
6070,16065
6094,16087
6118,16110
6141,16134
6164,16157
6189,16180
6213,16201
6237,16223
6261,16246
6284,16270
6308,16291
6331,16314
6353,16338
6378,16361
6402,16382
6426,19
6449,42
6471,64
6494,86
6516,107
6539,126
6561,149
6583,170
6605,191
6628,213
6649,233
6670,255
6691,276
6713,299
6735,321
6759,341
6782,363
6804,384
6826,406
6850,429
6874,450
6897,473
6919,495
6942,518
6964,541
6987,563
7012,586
7034,609
7056,631
7079,653
7103,675
7126,698
7149,722
7173,746
7197,769
7222,792
7246,816
7269,840
7293,864
7319,887
7342,910
7367,933
7390,958
7415,982
7440,1006
7464,1029
7487,1054
7511,1077
7535,1101
7560,1125
7585,1148
7610,1173
7635,1196
7660,1221
7684,1245
7708,1269
7734,1294
7760,1317
7784,1340
7808,1363
7832,1387
7855,1410
7877,1433
7901,1457
7924,1479
7946,1501
7969,1522
7992,1545
8014,1567
8038,1589
8061,1612
8083,1634
8106,1656
8128,1679
8152,1700
8174,1722
8197,1745
8219,1766
8242,1789
8265,1810
8288,1832
8309,1854
8330,1876
8353,1899
8376,1923
8398,1945
8422,1968
8445,1989
8469,2012
8493,2034
8518,2058
8543,2081
8568,2103
8591,2127
8614,2150
8638,2173
8660,2195
8684,2217
8707,2240
8730,2262
8752,2285
8776,2307
8798,2329
8821,2350
8843,2372
8866,2394
8888,2416
8911,2438
8934,2460
8957,2483
8981,2506
9005,2528
9028,2549
9053,2571
9076,2594
9099,2617
9122,2639
9144,2662
9166,2683
9189,2705
9211,2729
9234,2752
9257,2774
9281,2797
9302,2820
9327,2842
9351,2864
9375,2887
9398,2911
9421,2932
9446,2954
9470,2978
9493,3002
9518,3027
9542,3049
9564,3073
9587,3097
9610,3122
9634,3145
9657,3168
9681,3192
9704,3216
9728,3240
9752,3263
9776,3288
9802,3313
9826,3337
9852,3361
9876,3385
9901,3410
9927,3435
9951,3459
9977,3485
10000,3507
10024,3531
10048,3554
10071,3579
10094,3603
10116,3626
10140,3651
10165,3674
10189,3700
10215,3725
10239,3749
10263,3772
10290,3796
10315,3821
10341,3846
10365,3870
10391,3893
10415,3917
10439,3940
10463,3963
10488,3986
10511,4009
10535,4031
10557,4055
10581,4079
10604,4102
10627,4123
10650,4146
10673,4169
10696,4192
10720,4214
10744,4237
10769,4259
10793,4282
10817,4305
10839,4325
10863,4345
10885,4367
10907,4390
10928,4410
10950,4432
10971,4455
10992,4477
11013,4497
11036,4518
11058,4538
11081,4559
11105,4582
11129,4605
11153,4627
11176,4650
11200,4673
11223,4695
11245,4717
11269,4739
11290,4760
11314,4781
11338,4801
11360,4823
11382,4848
11404,4871
11428,4895
11452,4917
11476,4939
11500,4959
11524,4982
11548,5005
11573,5028
11598,5051
11621,5075
11646,5097
11671,5121
11695,5145
11720,5168
11744,5191
11768,5215
11791,5238
11816,5261
11841,5285
11864,5310
11888,5333
11913,5357
11936,5381
11961,5405
11986,5428
12011,5451
12036,5475
12062,5499
12086,5523
12109,5546
12132,5569
12156,5591
12179,5614
12202,5637
12226,5661
12250,5685
12273,5708
12297,5730
12320,5752
12342,5774
12364,5797
12388,5818
12411,5840
12435,5862
12459,5884
12482,5904
12506,5928
12529,5949
12552,5971
12575,5994
12597,6016
12621,6037
12644,6059
12667,6081
12691,6103
12713,6124
12736,6147
12759,6169
12782,6191
12805,6213
12829,6235
12854,6259
12877,6281
12902,6305
12926,6327
12950,6351
12974,6373
12998,6396
13020,6418
13044,6440
13068,6462
13091,6483
13115,6506
13138,6526
13160,6549
13182,6572
13207,6594
13229,6616
13252,6638
13274,6659
13297,6681
13321,6702
13346,6724
13369,6747
13392,6769
13416,6791
13438,6813
13462,6836
13485,6859
13508,6880
13531,6904
13555,6926
13577,6949
13600,6970
13624,6991
13647,7012
13671,7035
13694,7056
13717,7079
13739,7102
13762,7126
13787,7150
13811,7173
13835,7197
13859,7219
13882,7242
13906,7265
13930,7287
13952,7310
13975,7332
13999,7356
14024,7380
14046,7404
14069,7426
14093,7450
14118,7476
14140,7500
14164,7522
14188,7545
14212,7570
14236,7594
14261,7618
14285,7641
14310,7665
14335,7689
14361,7713
14385,7739
14409,7762
14433,7787
14457,7809
14480,7834
14504,7858
14528,7882
14552,7905
14577,7928
14600,7951
14624,7975
14649,7999
14673,8022
14697,8044
14721,8067
14745,8090
14770,8114
14795,8137
14819,8160
14843,8184
14867,8208
14891,8231
14914,8254
14937,8277
14962,8299
14984,8323
15008,8346
15032,8368
15054,8390
15077,8412
15100,8433
15122,8455
15144,8477
15167,8499
15190,8521
15212,8542
15234,8564
15257,8585
15280,8606
15303,8628
15323,8650
15345,8670
15365,8692
15386,8711
15407,8731
15429,8752
15449,8773
15471,8794
15493,8816
15515,8837
15537,8859
15561,8881
15583,8903
15605,8924
15627,8945
15649,8966
15673,8988
15696,9010
15719,9033
15741,9055
15766,9076
15789,9098
15812,9119
15835,9141
15858,9164
15880,9188
15902,9211
15925,9233
15948,9255
15971,9278
15994,9302
16017,9325
16041,9348
16064,9372
16088,9395
16113,9418
16137,9441
16161,9464
16185,9487
16210,9510
16233,9534
16256,9558
16280,9580
16303,9605
16325,9629
16350,9651
16372,9676
12,9699
35,9721
59,9744
82,9767
106,9790
130,9813
154,9835
178,9859
203,9882
227,9904
250,9927
273,9948
296,9969
319,9991
341,10013
364,10036
385,10059
407,10081
429,10102
451,10125
474,10145
497,10167
519,10188
541,10210
563,10231
586,10253
611,10276
634,10297
658,10319
681,10340
704,10362
727,10384
750,10407
774,10428
796,10450
818,10473
840,10494
863,10517
885,10540
907,10562
931,10585
954,10607
978,10630
1002,10652
1024,10674
1049,10695
1072,10717
1096,10739
1119,10760
1141,10782
1164,10803
1186,10826
1209,10849
1231,10871
1253,10893
1275,10915
1298,10938
1320,10960
1342,10982
1365,11003
1388,11025
1411,11047
1434,11069
1458,11091
1481,11115
1504,11137
1527,11159
1552,11182
1575,11205
1599,11226
1621,11247
1643,11270
1665,11291
1688,11314
1710,11335
1733,11358
1754,11381
1776,11405
1800,11428
1825,11452
1848,11476
1871,11499
1895,11522
1918,11545
1943,11568
1968,11592
1993,11614
2017,11638
2042,11662
2066,11685
2091,11710
2114,11734
2136,11757
2159,11781
2182,11804
2205,11826
2228,11849
2253,11874
2277,11900
2302,11924
2329,11949
2354,11974
2379,11999
2404,12021
2428,12045
2453,12069
2478,12092
2502,12115
2526,12139
2549,12161
2572,12183
2595,12207
2619,12231
2642,12255
2667,12279
2691,12302
2716,12327
2740,12351
2765,12376
2790,12399
2814,12423
2839,12447
2864,12470
2887,12492
2911,12514
2935,12537
2957,12558
2981,12581
3004,12604
3027,12625
3049,12647
3071,12670
3093,12692
3116,12714
3138,12736
3161,12757
3183,12779
3205,12801
3229,12823
3251,12844
3274,12866
3298,12887
3321,12908
3342,12930
3365,12952
3385,12973
3407,12994
3428,13015
3448,13037
3470,13058
3494,13078
3516,13099
3540,13120
3563,13142
3587,13164
3609,13185
3631,13208
3654,13231
3677,13252
3700,13275
3724,13297
3748,13318
3770,13340
3794,13363
3816,13384
3839,13404
3862,13427
3884,13451
3906,13473
3929,13496
3952,13517
3974,13539
3996,13562
4019,13584
4042,13606
4065,13629
4090,13652
4114,13676
4139,13701
4162,13725
4188,13749
4211,13772
4235,13795
4259,13816
4282,13839
4306,13863
4329,13886
4353,13909
4378,13933
4402,13958
4426,13979
4450,14002
4473,14022
4497,14046
4521,14068
4545,14090
4569,14114
4593,14138
4617,14161
4641,14183
4665,14206
4688,14227
4710,14249
4734,14270
4757,14291
4779,14313
4802,14335
4825,14355
4847,14375
4869,14397
4890,14418
4913,14440
4935,14461
4957,14483
4981,14504
5005,14527
5028,14549
5050,14571
5075,14592
5097,14615
5121,14638
5144,14661
5168,14683
5192,14705
5215,14727
5237,14749
5261,14772
5284,14793
5307,14814
5331,14835
5353,14856
5376,14880
5400,14902
5424,14923
5447,14946
5471,14968
5495,14990
5518,15012
5542,15034
5565,15056
5588,15079
5610,15101
5633,15124
5657,15147
5679,15169
5701,15191
5724,15211
5748,15232
5770,15254
5792,15277
5814,15298
5836,15321
5858,15343
5882,15365
5904,15388
5927,15410
5950,15432
5975,15455
5998,15476
6022,15499
6043,15521
6067,15544
6090,15567
6113,15589
6137,15613
6160,15635
6183,15659
6207,15683
6229,15707
6253,15729
6277,15751
6300,15775
6324,15799
6348,15821
6371,15845
6397,15869
6422,15893
6447,15915
6472,15940
6496,15964
6520,15988
6544,16010
6568,16035
6590,16058
6614,16083
6638,16106
6662,16128
6686,16152
6709,16176
6733,16199
6758,16222
6782,16245
6806,16268
6830,16291
6855,16315
6880,16337
6904,16361
6930,1
6955,24
6979,49
7003,72
7028,95
7052,118
7076,142
7100,164
7124,188
7148,212
7172,235
7196,259
7221,283
7244,306
7267,329
7290,351
7314,373
7337,396
7361,419
7384,442
7408,463
7430,486
7453,509
7477,530
7498,552
7520,574
7543,596
7565,617
7588,638
7611,659
7632,680
7655,701
7676,722
7698,742
7720,764
7743,785
7765,805
7788,827
7810,849
7833,872
7855,893
7877,914
7899,935
7922,957
7944,981
7966,1002
7988,1025
8010,1047
8032,1069
8055,1091
8077,1113
8099,1136
8123,1158
8145,1181
8169,1204
8192,1226
8216,1248
8240,1270
8263,1293
8287,1315
8311,1337
8334,1359
8356,1383
8380,1406
8402,1430
8427,1452
8450,1476
8475,1499
8500,1523
8524,1547
8548,1571
8573,1595
8598,1619
8623,1643
8648,1667
8672,1690
8697,1714
8722,1738
8747,1760
8771,1783
8795,1806
8817,1829
8840,1852
8864,1876
8887,1899
8912,1923
8936,1946
8960,1969
8984,1992
9008,2015
9031,2038
9055,2061
9079,2082
9104,2104
9127,2126
9151,2149
9175,2172
9199,2195
9221,2217
9244,2240
9267,2261
9290,2282
9312,2304
9335,2325
9356,2347
9378,2369
9401,2392
9424,2414
9448,2437
9472,2461
9496,2483
9519,2505
9544,2529
9567,2551
9591,2574
9616,2596
9639,2618
9662,2640
9685,2664
9707,2686
9730,2709
9752,2731
9775,2754
9797,2778
9820,2800
9843,2823
9866,2845
9890,2866
9915,2888
9939,2912
9963,2936
9987,2958
10012,2981
10035,3004
10059,3027
10081,3050
10105,3073
10127,3095
10149,3117
10172,3140
10193,3161
10217,3185
10239,3207
10262,3231
10286,3252
10309,3275
10333,3298
10356,3321
10379,3346
10404,3369
10427,3392
10452,3414
10475,3437
10499,3461
10521,3484
10543,3508
10567,3533
10590,3557
10614,3580
10638,3603
10662,3628
10685,3651
10709,3675
10733,3700
10758,3723
10783,3747
10808,3771
10833,3794
10859,3820
10884,3845
10909,3867
10933,3890
10958,3913
10983,3937
11007,3959
11030,3983
11053,4008
11077,4032
11100,4054
11123,4079
11148,4103
11173,4127
11198,4150
11222,4173
11247,4197
11273,4222
11298,4247
11324,4271
11349,4294
11374,4318
11398,4341
11422,4365
11446,4390
11470,4415
11494,4439
11518,4465
11542,4490
11564,4513
11588,4537
11611,4560
11637,4582
11660,4606
11684,4630
11709,4654
11733,4676
11757,4698
11780,4720
11803,4742
11826,4764
11848,4787
11871,4809
11893,4830
11915,4852
11937,4873
11959,4895
11982,4916
12005,4936
12027,4958
12049,4979
12071,5001
12092,5022
12113,5044
12134,5065
12155,5085
12178,5106
12199,5128
12223,5149
12245,5169
12267,5191
12289,5212
12311,5235
12334,5256
12356,5278
12380,5300
12404,5323
12427,5344
12450,5367
12473,5387
12496,5410
12521,5431
12545,5454
12570,5477
12595,5500
12618,5524
12641,5546
12666,5569
12690,5592
12714,5615
12738,5638
12761,5661
12784,5685
12808,5708
12834,5730
12858,5754
12882,5777
12906,5801
12931,5824
12956,5847
12982,5871
13007,5896
13031,5920
13055,5943
13079,5966
13104,5992
13130,6014
13152,6038
13175,6060
13200,6083
13225,6107
13248,6131
13272,6155
13297,6178
13320,6201
13343,6223
13367,6247
13390,6268
13414,6290
13438,6313
13462,6335
13486,6356
13509,6378
13533,6400
13556,6423
13579,6445
13603,6467
13624,6488
13648,6510
13672,6532
13695,6554
13719,6576
13742,6598
13766,6621
13788,6643
13812,6667
13833,6689
13856,6710
13880,6734
13904,6755
13928,6779
13952,6801
13974,6822
13997,6844
14022,6869
14046,6891
14070,6914
14093,6939
14118,6961
14141,6984
14163,7006
14188,7028
14210,7050
14235,7073
14258,7096
14282,7118
14307,7141
14330,7164
14353,7187
14376,7210
14400,7232
14424,7255
14447,7276
14470,7299
14493,7321
14517,7344
14540,7367
14562,7390
14584,7412
14608,7435
14632,7457
14654,7480
14676,7503
14699,7526
14722,7549
14745,7571
14768,7595
14791,7615
14815,7639
14839,7661
14863,7683
14887,7705
14911,7728
14934,7751
14957,7775
14979,7799
15003,7822
15026,7845
15051,7868
15075,7891
15099,7915
15123,7938
15146,7961
15169,7985
15194,8007
15217,8031
15239,8053
15264,8077
15288,8100
15311,8123
15335,8146
15359,8170
15383,8194
15408,8217
15432,8241
15457,8263
15482,8286
15505,8310
15530,8334
15553,8357
15577,8380
15600,8402
15623,8425
15646,8448
15671,8471
15694,8496
15718,8521
15741,8544
15765,8567
15791,8591
15815,8614
15841,8638
15865,8662
15889,8685
15912,8707
15935,8731
15959,8753
15982,8776
16004,8798
16028,8822
16052,8844
16074,8865
16096,8887
16119,8909
16141,8931
16161,8953
16186,8975
16208,8997
16230,9018
16252,9039
16274,9060
16297,9083
16319,9106
16340,9127
16360,9148
16382,9170
19,9189
40,9210
61,9229
83,9250
105,9271
127,9293
149,9314
171,9336
193,9358
216,9379
239,9399
262,9420
285,9442
308,9464
331,9487
355,9509
378,9530
402,9553
424,9574
446,9596
470,9617
492,9640
515,9664
537,9687
561,9709
585,9732
608,9756
631,9778
655,9800
679,9822
704,9845
728,9869
753,9891
778,9915
802,9940
827,9964
852,9987
876,10009
900,10033
924,10056
948,10081
973,10105
997,10128
1022,10151
1045,10175
1070,10198
1094,10223
1119,10245
1143,10268
1169,10291
1193,10315
1217,10339
1241,10362
1266,10385
1291,10409
1314,10431
1338,10455
1360,10478
1383,10501
1407,10524
1430,10547
1454,10569
1476,10592
1500,10615
1525,10638
1547,10661
1571,10681
1594,10704
1619,10725
1642,10746
1665,10768
1689,10790
1712,10812
1735,10836
1758,10858
1781,10880
1804,10903
1827,10925
1849,10948
1873,10971
1896,10994
1920,11018
1943,11040
1967,11064
1990,11087
2014,11111
2038,11134
2063,11158
2087,11180
2111,11205
2136,11227
2158,11250
2183,11273
2207,11295
2228,11317
2251,11340
2273,11363
2297,11386
2319,11410
2342,11433
2367,11456
2391,11478
2414,11501
2438,11523
2462,11546
2487,11569
2510,11592
2534,11616
2558,11639
2584,11662
2607,11684
2629,11708
2653,11733
2676,11756
2697,11779
2720,11802
2744,11825
2767,11847
2791,11872
2815,11895
2839,11918
2863,11942
2888,11966
2913,11989
2938,12014
2963,12037
2987,12060
3012,12084
3036,12107
3059,12131
3082,12153
3107,12175
3130,12199
3156,12223
3179,12248
3203,12270
3228,12294
3251,12318
3276,12341
3299,12365
3325,12390
3350,12414
3375,12439
3401,12463
3425,12488
3449,12512
3474,12538
3498,12562
3522,12585
3546,12609
3569,12632
3593,12655
3618,12679
3642,12703
3667,12727
3690,12750
3714,12775
3736,12798
3761,12823
3787,12847
3813,12872
3837,12894
3863,12917
3887,12942
3912,12966
3934,12990
3958,13014
3979,13035
4002,13058
4025,13080
4047,13103
4070,13125
4092,13149
4114,13172
4137,13194
4159,13215
4183,13238
4206,13260
4230,13281
4254,13304
4278,13325
4300,13346
4321,13368
4343,13389
4365,13410
4387,13431
4409,13451
4432,13472
4454,13494
4477,13515
4500,13536
4522,13557
4545,13579
4567,13600
4590,13622
4615,13645
4638,13666
4661,13690
4685,13712
4708,13733
4732,13756
4756,13779
4779,13802
4802,13824
4825,13846
4848,13869
4871,13890
4896,13913
4919,13935
4942,13959
4966,13982
4990,14004
5015,14028
5039,14052
5063,14076
5090,14099
5114,14122
5140,14145
5164,14169
5189,14193
5213,14214
5237,14238
5262,14262
5287,14286
5312,14310
5335,14333
5360,14359
5384,14383
5408,14406
5432,14429
5455,14453
5480,14475
5505,14498
5530,14522
5555,14546
5580,14569
5606,14593
5632,14615
5656,14638
5680,14662
5703,14686
5726,14708
5750,14731
5775,14754
5798,14776
5821,14798
5845,14821
5867,14845
5889,14867
5912,14890
5936,14912
5959,14934
5980,14957
6004,14979
6028,15001
6052,15023
6075,15046
6099,15068
6123,15091
6146,15113
6171,15135
6194,15158
6217,15181
6241,15204
6265,15226
6288,15249
6310,15273
6334,15296
6357,15319
6381,15342
6405,15365
6429,15387
6453,15409
6476,15431
6500,15454
6524,15476
6548,15499
6570,15520
6594,15544
6616,15567
6640,15591
6663,15614
6688,15636
6712,15658
6733,15682
6757,15705
6780,15730
6804,15753
6825,15774
6849,15796
6872,15818
6896,15841
6920,15865
6944,15887
6968,15910
6991,15934
7014,15957
7037,15979
7062,16002
7085,16027
7109,16051
7132,16074
7154,16095
7176,16119
7199,16140
7221,16163
7246,16185
7270,16208
7293,16231
7317,16255
7342,16279
7365,16301
7390,16324
7415,16346
7438,16370
7462,9
7487,33
7511,56
7537,79
7560,103
7584,126
7608,149
7630,174
7653,196
7677,220
7700,244
7724,268
7747,292
7770,317
7795,341
7819,364
7844,387
7869,409
7892,434
7916,456
7941,480
7964,504
7987,528
8013,552
8036,575
8058,599
8081,623
8105,647
8128,671
8152,694
8176,718
8199,740
8223,764
8246,788
8270,809
8294,833
8318,856
8343,880
8366,902
8390,925
8413,949
8436,971
8460,992
8482,1014
8504,1036
8525,1056
8547,1077
8568,1099
8590,1121
8613,1142
8635,1163
8658,1184
8681,1205
8702,1227
8725,1249
8748,1270
8771,1291
8793,1312
8817,1333
8838,1354
8860,1374
8882,1395
8905,1418
8927,1440
8949,1461
8970,1484
8994,1506
9017,1528
9040,1550
9064,1571
9087,1593
9112,1616
9136,1638
9158,1661
9183,1682
9207,1704
9232,1726
9256,1748
9279,1771
9301,1793
9326,1817
9350,1839
9373,1861
9396,1885
9420,1908
9444,1932
9468,1956
9492,1980
9517,2004
9542,2028
9566,2052
9592,2076
9617,2099
9642,2123
9667,2146
9693,2170
9716,2193
9741,2216
9764,2240
9788,2264
9812,2288
9836,2311
9859,2334
9883,2357
9909,2380
9933,2405
9958,2428
9982,2451
10008,2474
10033,2498
10057,2523
10082,2546
10105,2569
10130,2592
10153,2614
10178,2636
10201,2659
10224,2681
10247,2703
10268,2726
10290,2748
10313,2770
10336,2792
10359,2815
10383,2837
10407,2861
10430,2884
10454,2907
10478,2929
10502,2952
10525,2974
10548,2998
10572,3020
10596,3042
10620,3064
10643,3088
10667,3112
10691,3137
10715,3160
10736,3183
10758,3206
10780,3228
10804,3252
10828,3275
10851,3298
10875,3320
10899,3343
10923,3366
10947,3389
10971,3411
10996,3434
11020,3458
11044,3481
11067,3504
11090,3526
11112,3549
11133,3573
11156,3595
11180,3617
11203,3641
11226,3664
11249,3687
11273,3711
11298,3733
11322,3757
11346,3780
11370,3803
11393,3826
11417,3849
11441,3871
11465,3892
11490,3915
11513,3938
11536,3961
11559,3984
11582,4006
11606,4031
11628,4053
11652,4077
11676,4101
11699,4123
11723,4146
11747,4169
11771,4194
11796,4217
11820,4240
11844,4264
11868,4288
11893,4313
11917,4336
11942,4361
11966,4385
11989,4408
12012,4431
12036,4456
12058,4479
12081,4502
12104,4525
12127,4549
12150,4573
12172,4597
12196,4620
12220,4644
12244,4668
12268,4692
12293,4716
12318,4740
12342,4764
12366,4786
12390,4810
12415,4833
12438,4857
12462,4880
12485,4905
12509,4928
12532,4951
12556,4975
12581,4999
12605,5022
12629,5044
12655,5068
12679,5091
12703,5115
12727,5138
12750,5161
12773,5183
12796,5206
12818,5229
12842,5251
12865,5272
12887,5294
12910,5315
12932,5336
12955,5357
12978,5377
13000,5397
13022,5419
13045,5439
13067,5461
13089,5482
13112,5504
13134,5525
13158,5546
13181,5568
13204,5588
13226,5608
13248,5630
13270,5651
13293,5672
13315,5694
13337,5715
13359,5737
13382,5759
13405,5780
13429,5801
13453,5826
13477,5848
13498,5870
13522,5891
13544,5914
13568,5936
13591,5958
13615,5979
13639,6001
13662,6023
13685,6045
13709,6068
13733,6092
13759,6115
13782,6140
13807,6162
13830,6187
13853,6210
13877,6235
13901,6258
13925,6281
13949,6305
13974,6329
13998,6352
14023,6375
14049,6399
14073,6422
14097,6446
14122,6470
14146,6493
14172,6517
14196,6541
14219,6566
14243,6589
14267,6611
14292,6634
14317,6657
14340,6679
14363,6702
14387,6724
14410,6747
14434,6770
14458,6792
14482,6816
14506,6839
14530,6863
14555,6886
14578,6909
14601,6930
14624,6953
14648,6974
14671,6996
14695,7019
14719,7041
14742,7064
14763,7088
14785,7111
14808,7133
14830,7155
14854,7178
14878,7200
14901,7224
14924,7247
14948,7269
14972,7293
14996,7316
15020,7339
15045,7362
15069,7384
15094,7408
15118,7430
15139,7452
15162,7474
15186,7498
15209,7520
15232,7544
15254,7568
15277,7591
15302,7614
15324,7637
15347,7660
15370,7681
15394,7705
15419,7728
15442,7751
15467,7775
15491,7798
15514,7821
15538,7844
15562,7868
15586,7890
15609,7913
15631,7935
15654,7956
15678,7979
15700,8001
15723,8023
15745,8046
15767,8067
15790,8089
15814,8113
15836,8135
15860,8157
15884,8179
15908,8202
15933,8226
15957,8249
15980,8273
16004,8296
16028,8319
16052,8343
16075,8366
16099,8390
16121,8413
16145,8437
16168,8461
16190,8484
16213,8507
16237,8531
16259,8554
16282,8577
16306,8601
16330,8625
16355,8649
16379,8673
19,8696
42,8720
66,8745
90,8769
113,8792
136,8815
159,8840
184,8862
207,8886
232,8909
255,8933
279,8956
303,8979
328,9004
354,9027
378,9050
403,9074
427,9097
452,9121
476,9143
500,9167
524,9191
548,9214
571,9237
593,9261
617,9285
639,9309
663,9332
686,9355
708,9376
732,9398
755,9421
778,9443
802,9464
827,9486
851,9508
874,9529
897,9551
919,9572
942,9594
966,9616
988,9636
1011,9656
1031,9678
1053,9699
1074,9720
1096,9742
1120,9763
1143,9785
1166,9806
1188,9828
1210,9850
1234,9871
1258,9892
1281,9914
1305,9935
1327,9956
1351,9977
1373,9999
1397,10020
1419,10042
1441,10065
1465,10087
1487,10110
1510,10132
1533,10155
1556,10177
1580,10199
1605,10222
1630,10244
1654,10268
1678,10291
1703,10315
1728,10337
1753,10361
1777,10384
1801,10406
1824,10430
1849,10454
1873,10476
1897,10501
1920,10524
1943,10548
1968,10573
1993,10596
2018,10619
2043,10643
2069,10666
2093,10689
2119,10713
2144,10737
2169,10761
2193,10786
2218,10810
2243,10833
2267,10857
2290,10881
2314,10904
2338,10927
2362,10952
2385,10975
2408,10998
2432,11022
2455,11045
2478,11067
2502,11089
2526,11112
2549,11135
2572,11158
2597,11181
2621,11204
2645,11226
2669,11248
2693,11272
2716,11295
2739,11318
2761,11339
2784,11362
2807,11386
2831,11408
2854,11431
2878,11455
2902,11477
2925,11500
2948,11523
2972,11546
2995,11569
3019,11592
3043,11616
3067,11638
3091,11660
3114,11683
3137,11706
3160,11729
3184,11752
3206,11775
3229,11798
3252,11822
3276,11844
3300,11866
3323,11890
3345,11911
3369,11934
3393,11958
3417,11981
3442,12006
3466,12028
3489,12051
3512,12073
3536,12096
3560,12118
3583,12139
3606,12161
3628,12183
3650,12205
3673,12228
3696,12251
3719,12273
3743,12295
3766,12319
3789,12341
3812,12364
3835,12388
3859,12411
3883,12434
3906,12457
3929,12481
3951,12505
3973,12527
3995,12550
4017,12572
4040,12595
4062,12619
4085,12642
4109,12665
4131,12688
4154,12712
4177,12735
4199,12758
4223,12781
4247,12805
4270,12827
4296,12850
4322,12874
4346,12898
4369,12922
4394,12944
4417,12968
4440,12991
4464,13013
4485,13037
4510,13061
4534,13085
4557,13109
4581,13132
4605,13154
4628,13178
4651,13201
4676,13223
4701,13246
4725,13270
4748,13294
4773,13316
4796,13339
4820,13362
4844,13383
4867,13407
4891,13431
4915,13454
4939,13478
4962,13502
4985,13524
5009,13546
5033,13567
5057,13591
5080,13614
5103,13636
5126,13656
5150,13679
5173,13700
5196,13719
5219,13740
5241,13762
5264,13783
5287,13804
5310,13825
5331,13846
5354,13868
5376,13890
5399,13910
5422,13930
5445,13951
5466,13973
5488,13996
5510,14017
5531,14037
5554,14058
5576,14079
5599,14099
5621,14121
5644,14142
5667,14163
5690,14185
5714,14206
5738,14228
5760,14250
5782,14271
5805,14293
5827,14316
5850,14338
5874,14360
5897,14382
5922,14404
5945,14428
5969,14450
5994,14472
6016,14494
6039,14516
6063,14541
6087,14564
6110,14586
6134,14611
6158,14635
6183,14657
6206,14681
6230,14704
6255,14728
6281,14751
6306,14774
6330,14799
6354,14823
6379,14847
6403,14872
6428,14896
6452,14920
6476,14943
6502,14967
6526,14988
6550,15010
6575,15034
6599,15058
6623,15082
6648,15106
6672,15130
6696,15154
6722,15177
6746,15201
6770,15224
6794,15246
6817,15270
6841,15293
6865,15314
6887,15337
6910,15359
6932,15381
6955,15404
6978,15427
7002,15448
7025,15471
7048,15493
7070,15517
7093,15539
7117,15561
7142,15584
7165,15607
7187,15630
7209,15651
7233,15676
7256,15697
7278,15717
7300,15739
7321,15761
7343,15785
7365,15808
7388,15830
7411,15852
7434,15874
7457,15895
7480,15918
7505,15942
7528,15964
7552,15988
7577,16010
7600,16032
7623,16055
7645,16077
7667,16100
7690,16123
7711,16145
7734,16168
7757,16191
7781,16212
7803,16233
7825,16256
7848,16278
7872,16300
7896,16322
7919,16344
7942,16366
7965,6
7988,29
8010,49
8033,72
8055,94
8076,117
8100,140
8123,162
8145,184
8165,206
8188,229
8209,252
8232,275
8255,296
8278,319
8302,344
8325,366
8349,388
8372,411
8395,434
8418,456
8443,479
8466,502
8490,525
8513,547
8536,571
8559,594
8580,617
8603,639
8627,663
8650,686
8674,709
8698,733
8721,755
8744,780
8768,803
8793,826
8817,849
8841,872
8866,895
8890,917
8914,940
8939,964
8963,987
8986,1011
9009,1033
9031,1056
9055,1079
9077,1102
9101,1124
9125,1148
9148,1170
9172,1193
9196,1217
9220,1239
9244,1262
9270,1285
9294,1309
9319,1332
9343,1355
9367,1378
9391,1401
9414,1422
9436,1444
9459,1466
9480,1487
9504,1509
9528,1530
9550,1552
9571,1573
9595,1593
9616,1615
9638,1636
9660,1655
9683,1677
9706,1696
9729,1717
9752,1738
9774,1759
9796,1781
9819,1802
9841,1823
9862,1844
9884,1865
9904,1886
9925,1907
9948,1927
9969,1948
9992,1969
10013,1992
10036,2012
10058,2032
10080,2053
10103,2075
10127,2097
10151,2118
10174,2140
10199,2161
10222,2182
10245,2204
10268,2227
10291,2250
10315,2273
10338,2295
10361,2317
10383,2341
10406,2364
10430,2387
10454,2410
10478,2431
10502,2455
10526,2477
10550,2501
10575,2524
10600,2546
10626,2571
10650,2594
10675,2618
10699,2643
10722,2666
10746,2689
10770,2713
10793,2736
10817,2760
10840,2783
10863,2807
10887,2829
10912,2854
10936,2877
10959,2899
10983,2923
11008,2947
11031,2971
11057,2995
11080,3018
11104,3041
11127,3063
11151,3087
11175,3110
11199,3134
11223,3157
11246,3180
11267,3201
11289,3224
11312,3247
11335,3270
11359,3293
11381,3313
11405,3335
11428,3358
11452,3381
11476,3404
11499,3427
11522,3450
11545,3472
11569,3496
11591,3518
11613,3541
11637,3562
11658,3585
11679,3609
11702,3632
11725,3654
11748,3676
11771,3699
11793,3721
11817,3745
11840,3767
11863,3790
11886,3812
11911,3835
11935,3858
11959,3880
11983,3902
12006,3924
12029,3945
12050,3969
12074,3991
12097,4013
12119,4036
12140,4058
12162,4081
12184,4102
12207,4125
12228,4148
12251,4171
12275,4194
12297,4216
12321,4239
12343,4262
12368,4284
12390,4307
12414,4330
12438,4354
12460,4376
12484,4399
12505,4422
12527,4443
12550,4466
12573,4489
12595,4512
12618,4535
12642,4558
12664,4581
12687,4603
12711,4627
12734,4649
12758,4672
12782,4697
12808,4720
12832,4744
12855,4768
12879,4791
12903,4814
12927,4837
12951,4861
12974,4884
12996,4906
13020,4929
13044,4954
13067,4976
13092,4999
13114,5023
13139,5046
13163,5069
13187,5091
13211,5114
13236,5139
13259,5162
13284,5184
13308,5208
13333,5232
13357,5255
13381,5279
13404,5300
13427,5322
13451,5345
13475,5368
13498,5390
13521,5412
13544,5436
13569,5459
13593,5480
13618,5503
13641,5526
13666,5549
13690,5571
13713,5595
13737,5617
13761,5639
13785,5662
13809,5685
13831,5706
13854,5727
13877,5749
13901,5769
13923,5791
13944,5813
13967,5834
13990,5855
14012,5875
14033,5896
14054,5916
14076,5937
14100,5959
14122,5980
14145,6000
14168,6019
14189,6041
14212,6061
14235,6082
14255,6103
14279,6124
14301,6146
14324,6167
14345,6188
14368,6210
14391,6231
14414,6252
14435,6273
14458,6295
14479,6316
14502,6338
14527,6361
14550,6382
14575,6405
14599,6427
14624,6450
14648,6473
14672,6495
14696,6518
14719,6540
14742,6563
14766,6588
14789,6610
14814,6633
14838,6658
14863,6680
14885,6704
14909,6727
14932,6750
14956,6772
14980,6795
15004,6820
15028,6843
15054,6867
15078,6891
15103,6916
15129,6940
15153,6963
15177,6987
15203,7010
15227,7035
15252,7060
15276,7084
15299,7107
15322,7131
15345,7154
15369,7177
15393,7200
15416,7224
15440,7246
15464,7269
15487,7292
15511,7314
15535,7339
15558,7362
15581,7386
15604,7407
15627,7429
15652,7451
15674,7474
15698,7497
15720,7521
15743,7543
15766,7566
15789,7588
15812,7610
15834,7632
15856,7654
15880,7677
15903,7699
15926,7721
15950,7743
15973,7766
15996,7788
16019,7812
16042,7834
16064,7857
16087,7879
16110,7902
16131,7923
16154,7946
16176,7968
16199,7991
16221,8013
16244,8036
16265,8058
16288,8081
16310,8103
16332,8125
16356,8147
16378,8168
17,8191
40,8214
63,8238
87,8260
111,8281
134,8304
156,8326
180,8348
203,8371
225,8393
249,8416
271,8438
294,8462
316,8486
339,8508
361,8530
383,8552
406,8575
430,8598
453,8622
477,8644
502,8666
525,8690
550,8713
574,8735
597,8757
621,8779
644,8801
666,8824
689,8848
710,8870
733,8893
756,8917
779,8941
802,8963
826,8986
848,9008
874,9032
897,9056
921,9079
946,9103
971,9125
996,9148
1020,9171
1044,9194
1067,9217
1091,9240
1115,9263
1138,9287
1160,9310
1184,9332
1207,9356
1230,9380
1254,9403
1278,9425
1300,9448
1325,9471
1349,9493
1376,9516
1401,9539
1424,9562
1448,9585
1471,9607
1495,9629
1519,9652
1542,9675
1565,9698
1589,9720
1612,9744
1636,9766
1660,9790
1684,9811
1707,9833
1730,9855
1753,9876
1777,9899
1800,9921
1824,9943
1848,9964
1871,9986
1895,10007
1918,10028
1941,10050
1962,10070
1984,10091
2005,10112
2027,10133
2048,10154
2069,10176
2091,10197
2114,10217
2135,10237
2156,10258
2179,10278
2200,10298
2224,10319
2246,10339
2270,10360
2294,10381
2316,10403
2339,10424
2361,10444
2383,10465
2404,10486
2425,10507
2447,10529
2471,10551
2493,10573
2514,10594
2537,10616
2561,10638
2584,10660
2608,10682
2631,10704
2656,10729
2680,10752
2704,10774
2729,10798
2753,10821
2776,10844
2799,10867
2823,10889
2846,10912
2869,10934
2891,10957
2915,10980
2939,11004
2964,11030
2986,11052
3011,11076
3035,11100
3059,11124
3084,11147
3109,11170
3133,11194
3158,11218
3182,11241
3206,11264
3229,11288
3253,11311
3277,11334
3301,11358
3325,11382
3348,11406
3371,11430
3395,11454
3420,11477
3442,11499
3465,11523
3489,11546
3514,11569
3538,11593
3561,11616
3585,11638
3608,11660
3631,11683
3654,11705
3678,11728
3700,11750
3722,11773
3744,11795
3767,11818
3790,11841
3812,11863
3834,11886
3855,11909
3877,11933
3900,11957
3922,11978
3944,12000
3967,12022
3990,12044
4012,12066
4035,12089
4058,12111
4081,12134
4104,12156
4128,12177
4150,12200
4173,12222
4195,12244
4218,12267
4241,12290
4265,12313
4288,12335
4311,12358
4334,12380
4358,12404
4382,12428
4405,12451
4430,12474
4453,12497
4477,12521
4501,12544
4525,12568
4548,12591
4572,12614
4595,12636
4618,12660
4642,12682
4665,12705
4688,12728
4712,12750
4735,12772
4758,12794
4780,12817
4803,12841
4827,12864
4851,12888
4875,12913
4899,12936
4923,12959
4946,12981
4970,13004
4995,13027
5017,13049
5041,13072
5064,13095
5088,13120
5111,13142
5135,13166
5159,13189
5182,13212
5206,13236
5229,13260
5253,13284
5277,13306
5301,13330
5325,13354
5351,13376
5375,13400
5400,13425
5424,13446
5448,13469
5472,13492
5497,13516
5521,13539
5543,13562
5567,13584
5591,13606
5615,13629
5638,13653
5663,13676
5688,13700
5713,13724
5737,13747
5761,13770
5785,13792
5810,13815
5833,13838
5857,13862
5881,13885
5906,13907
5932,13930
5954,13952
5978,13976
6002,13998
6024,14021
6048,14043
6071,14067
6095,14090
6120,14113
6143,14136
6166,14158
6189,14182
6213,14203
6237,14225
6259,14246
6283,14269
6305,14290
6328,14311
6351,14331
6374,14352
6397,14373
6419,14396
6441,14415
6463,14436
6486,14457
6509,14478
6530,14501
6552,14521
6575,14542
6597,14564
6619,14584
6642,14607
6666,14627
6688,14650
6711,14671
6734,14692
6756,14715
6779,14737
6801,14759
6826,14781
6848,14804
6870,14827
6894,14849
6917,14870
6941,14893
6964,14915
6988,14939
7012,14963
7036,14987
7060,15009
7085,15032
7109,15055
7134,15078
7158,15100
7182,15125
7205,15149
7229,15173
7254,15195
7277,15218
7300,15242
7323,15266
7347,15289
7372,15313
7397,15337
7420,15359
7444,15383
7467,15408
7492,15433
7517,15457
7540,15482
7566,15506
7589,15529
7612,15553
7636,15576
7661,15601
7685,15624
7709,15648
7735,15671
7759,15695
7781,15718
7804,15742
7828,15765
7852,15789
7874,15812
7897,15835
7920,15858
7943,15881
7965,15904
7987,15928
8009,15951
8032,15972
8055,15994
8076,16017
8100,16040
8124,16062
8146,16085
8169,16107
8192,16129
8213,16152
8236,16175
8257,16197
8280,16218
8301,16240
8324,16261
8346,16283
8369,16306
8392,16328
8414,16350
8436,16371
8458,9
8481,33
8505,56
8530,80
8554,102
8577,126
8602,149
8626,171
8648,194
8671,217
8694,240
8718,264
8742,288
8765,311
8787,332
8811,355
8834,379
8857,401
8881,424
8904,447
8927,470
8951,492
8976,515
9000,539
9024,562
9048,584
9072,607
9095,630
9118,653
9141,675
9164,698
9187,720
9209,742
9232,765
9255,789
9278,812
9301,834
9325,857
9349,880
9373,903
9397,926
9421,950
9445,973
9468,996
9491,1020
9514,1043
9538,1065
9561,1088
9583,1111
9606,1134
9629,1157
9653,1180
9677,1202
9702,1225
9725,1248
9751,1270
9775,1293
9799,1316
9824,1338
9849,1361
9874,1384
9897,1407
9920,1429
9944,1453
9968,1476
9993,1499
10016,1521
10040,1545
10063,1566
10086,1590
10109,1612
10132,1636
10155,1659
10179,1681
10204,1703
10229,1726
10253,1748
10277,1771
10301,1794
10325,1816
10349,1839
10372,1861
10397,1883
10421,1905
10444,1928
10466,1950
10489,1972
10512,1994
10535,2016
10557,2037
10580,2059
10603,2080
10626,2101
10649,2122
10672,2143
10694,2164
10716,2186
10739,2207
10761,2229
10784,2251
10807,2271
10830,2291
10852,2312
10875,2333
10896,2354
10917,2375
10939,2397
10962,2417
10985,2439
11007,2461
11029,2482
11052,2503
11074,2525
11098,2547
11122,2570
11146,2592
11171,2614
11194,2636
11217,2659
11242,2680
11264,2702
11286,2725
11311,2748
11334,2772
11357,2795
11381,2817
11403,2840
11427,2864
11451,2887
11475,2911
11500,2934
11524,2957
11548,2981
11573,3004
11598,3029
11623,3052
11648,3077
11672,3100
11696,3124
11720,3147
11745,3171
11769,3194
11792,3218
11816,3241
11839,3267
11863,3291
11887,3314
11911,3339
11935,3362
11959,3387
11984,3411
12007,3435
12032,3459
12057,3482
12080,3507
12103,3530
12126,3554
12149,3578
12171,3602
12193,3625
12215,3648
12238,3670
12260,3693
12283,3716
12306,3740
12331,3764
12353,3786
12378,3809
12399,3831
12422,3854
12447,3875
12469,3897
12492,3920
12516,3941
12539,3963
12562,3984
12583,4005
12606,4026
12628,4049
12652,4071
12674,4094
12697,4117
12719,4138
12741,4160
12763,4182
12787,4205
12810,4228
12835,4251
12858,4274
12881,4298
12905,4319
12929,4343
12951,4365
12976,4387
12998,4410
13022,4433
13046,4456
13070,4480
13092,4502
13116,4524
13139,4547
13161,4570
13184,4592
13206,4615
13230,4638
13254,4660
13278,4682
13302,4706
13324,4728
13349,4749
13372,4772
13396,4795
13420,4817
13445,4840
13468,4862
13490,4885
13513,4906
13536,4930
13560,4952
13584,4975
13607,4999
13630,5022
13652,5044
13676,5067
13700,5091
13724,5113
13749,5136
13773,5157
13796,5180
13820,5204
13844,5227
13869,5252
13893,5274
13918,5298
13941,5323
13965,5346
13990,5369
14014,5391
14037,5413
14061,5435
14084,5458
14108,5481
14132,5504
14156,5528
14180,5552
14203,5575
14228,5598
14253,5621
14276,5646
14300,5668
14325,5690
14349,5714
14373,5736
14396,5758
14421,5781
14445,5803
14470,5827
14495,5851
14518,5872
14542,5894
14564,5916
14587,5939
14610,5962
14634,5985
14656,6007
14681,6030
14705,6053
14729,6075
14754,6099
14777,6121
14801,6143
14824,6165
14848,6188
14872,6210
14895,6232
14918,6254
14941,6275
14963,6297
14986,6318
15009,6338
15031,6359
15053,6381
15074,6401
15096,6421
15119,6443
15141,6465
15163,6485
15185,6507
15207,6527
15229,6548
15251,6570
15274,6591
15298,6613
15320,6633
15342,6653
15365,6676
15386,6698
15408,6720
15431,6741
15453,6763
15476,6784
15496,6807
15520,6828
15542,6850
15565,6872
15586,6893
15608,6916
15630,6939
15654,6961
15678,6984
15703,7006
15727,7029
15751,7053
15775,7074
15800,7097
15823,7119
15846,7143
15869,7167
15893,7190
15917,7213
15939,7237
15962,7260
15985,7285
16010,7309
16034,7332
16059,7355
16082,7379
16107,7403
16132,7426
16157,7450
16180,7473
16203,7497
16225,7521
16248,7544
16272,7568
16294,7593
16316,7616
16338,7642
16361,7666
16383,7689
22,7713
47,7737
70,7762
94,7786
118,7809
142,7831
166,7855
190,7877
212,7899
237,7922
260,7945
283,7968
307,7989
329,8009
351,8032
373,8055
395,8077
417,8100
439,8122
461,8146
484,8169
508,8191
530,8212
553,8235
576,8256
598,8277
622,8299
646,8319
668,8341
691,8363
714,8386
737,8408
759,8430
782,8453
803,8477
826,8498
850,8521
871,8543
893,8566
916,8588
939,8610
961,8633
984,8655
1008,8678
1031,8700
1055,8722
1079,8744
1102,8767
1126,8790
1149,8813
1174,8836
1197,8858
1219,8880
1242,8903
1264,8925
1286,8946
1309,8967
1333,8990
1356,9013
1379,9035
1402,9058
1424,9080
1447,9102
1473,9124
1497,9147
1520,9169
1543,9192
1568,9216
1590,9239
1615,9261
1638,9284
1660,9306
1682,9329
1704,9351
1728,9373
1752,9395
1775,9419
1799,9441
1821,9462
1845,9485
1868,9509
1893,9531
1919,9554
1943,9576
1967,9599
1991,9622
2015,9644
2039,9667
2062,9690
2085,9713
2109,9736
2132,9758
2155,9781
2179,9803
2203,9825
2226,9848
2248,9871
2272,9894
2296,9915
2321,9937
2345,9960
2371,9983
2396,10005
2420,10027
2444,10051
2468,10073
2491,10095
2514,10117
2538,10140
2561,10164
2585,10187
2607,10208
2629,10230
2653,10252
2677,10274
2701,10297
2727,10320
2750,10342
2774,10365
2798,10388
2822,10410
2846,10432
2869,10453
2892,10476
2916,10498
2938,10521
2960,10542
2982,10562
3004,10584
3026,10604
3049,10626
3071,10648
3092,10669
3114,10691
3137,10711
3161,10733
3184,10755
3207,10776
3231,10798
3254,10820
3275,10841
3298,10862
3320,10884
3343,10905
3365,10926
3389,10948
3411,10971
3433,10992
3454,11014
3477,11034
3499,11056
3522,11078
3545,11101
3567,11123
3592,11146
3615,11168
3639,11190
3663,11215
3687,11238
3712,11261
3736,11284
3761,11308
3785,11331
3810,11354
3834,11380
3857,11404
3881,11427
3903,11450
3926,11474
3948,11499
3973,11522
3996,11546
4020,11571
4043,11595
4068,11619
4092,11645
4116,11668
4142,11694
4165,11718
4190,11743
4214,11764
4238,11789
4261,11813
4285,11838
4309,11862
4332,11886
4356,11910
4380,11934
4404,11958
4429,11981
4452,12005
4477,12028
4500,12051
4525,12075
4548,12098
4573,12121
4598,12143
4621,12166
4646,12189
4668,12211
4691,12233
4715,12255
4738,12278
4761,12301
4784,12323
4806,12345
4829,12367
4851,12390
4873,12412
4896,12435
4918,12458
4941,12480
4964,12502
4988,12524
5011,12548
5035,12570
5057,12593
5082,12615
5106,12638
5128,12661
5152,12683
5175,12706
5199,12730
5222,12753
5245,12775
5267,12797
5290,12820
5313,12843
5337,12866
5360,12889
5383,12911
5407,12933
5431,12956
5454,12978
5477,13002
5500,13025
5524,13048
5546,13071
5568,13093
5592,13116
5615,13137
5638,13160
5661,13183
5683,13206
5707,13227
5732,13249
5756,13272
5779,13296
5801,13319
5825,13341
5848,13365
5872,13388
5896,13411
5919,13432
5942,13455
5966,13477
5990,13501
6015,13524
6039,13546
6062,13567
6086,13589
6109,13612
6133,13634
6157,13656
6180,13679
6203,13701
6226,13725
6249,13747
6273,13771
6296,13795
6320,13817
6345,13840
6369,13862
6392,13884
6417,13906
6440,13929
6463,13951
6486,13973
6510,13998
6533,14020
6558,14043
6583,14065
6606,14089
6631,14112
6655,14135
6679,14158
6702,14181
6727,14204
6750,14227
6773,14249
6796,14273
6819,14295
6844,14316
6869,14338
6893,14362
6917,14385
6941,14406
6965,14428
6989,14451
7011,14473
7034,14495
7057,14517
7081,14540
7105,14564
7127,14587
7149,14608
7173,14631
7195,14653
7217,14676
7241,14698
7265,14720
7289,14741
7310,14763
7333,14784
7357,14806
7380,14828
7402,14849
7424,14871
7446,14892
7469,14912
7490,14932
7512,14953
7534,14974
7555,14997
7576,15018
7598,15040
7619,15060
7640,15082
7663,15103
7685,15125
7707,15147
7729,15169
7751,15190
7775,15213
7797,15233
7820,15254
7844,15277
7866,15298
7888,15319
7910,15340
7932,15361
7954,15384
7976,15406
7997,15428
8018,15451
8041,15474
8063,15496
8086,15520
8111,15543
8133,15568
8157,15592
8182,15615
8208,15639
8232,15664
8256,15688
8280,15710
8303,15734
8326,15757
8350,15781
8373,15805
8395,15829
8417,15852
8441,15876
8463,15900
8487,15923
8511,15948
8534,15972
8558,15996
8581,16020
8607,16042
8632,16065
8656,16089
8680,16113
8705,16137
8729,16160
8753,16183
8778,16207
8802,16230
8825,16251
8848,16273
8870,16296
8891,16320
8914,16342
8938,16364
8961,2
8985,25
9008,48
9030,71
9053,93
9077,116
9101,137
9124,159
9147,181
9170,204
9193,226
9216,249
9239,270
9260,293
9281,316
9304,338
9326,358
9348,379
9371,402
9394,425
9417,447
9439,470
9463,492
9486,515
9510,536
9534,558
9557,580
9581,602
9605,624
9627,647
9651,671
9675,694
9698,717
9720,738
9741,759
9765,781
9788,803
9811,825
9835,848
9857,872
9879,895
9903,918
9927,940
9952,964
9977,985
10001,1008
10025,1030
10049,1052
10073,1073
10096,1095
10119,1116
10143,1139
10164,1162
10187,1185
10210,1207
10233,1230
10256,1253
10279,1275
10302,1297
10326,1320
10350,1342
10375,1365
10400,1388
10425,1410
10450,1432
10474,1455
10498,1478
10522,1500
10546,1523
10571,1546
10594,1570
10617,1592
10640,1614
10664,1638
10686,1662
10710,1684
10734,1706
10758,1728
10783,1752
10808,1775
10833,1797
10857,1820
10882,1844
10906,1867
10929,1890
10954,1912
10978,1935
11002,1958
11026,1981
11051,2005
11074,2027
11098,2051
11121,2074
11145,2098
11169,2120
11194,2142
11218,2165
11243,2189
11267,2211
11289,2234
11313,2257
11338,2279
11362,2303
11386,2325
11410,2348
11434,2370
11456,2393
11481,2415
11503,2438
11526,2461
11550,2484
11574,2507
11598,2529
11621,2551
11643,2573
11667,2595
11690,2616
11714,2638
11738,2660
11762,2683
11784,2705
11809,2727
11831,2750
11854,2771
11876,2793
11899,2814
11921,2836
11941,2857
11962,2878
11984,2900
12008,2922
12030,2943
12052,2965
12074,2987
12095,3008
12119,3031
12140,3052
12163,3074
12184,3097
12205,3119
12227,3142
12251,3163
12272,3186
12294,3209
12317,3231
12340,3253
12362,3275
12385,3299
12408,3323
12432,3346
12456,3371
12480,3394
12504,3417
12529,3441
12554,3465
12579,3490
12604,3515
12628,3540
12653,3564
12677,3588
12701,3612
12725,3635
12749,3659
12774,3683
12798,3707
12821,3731
12845,3756
12869,3781
12892,3806
12917,3830
12942,3854
12967,3878
12992,3902
13016,3926
13041,3950
13065,3974
13090,3997
13115,4021
13140,4045
13164,4069
13188,4093
13213,4117
13236,4141
13261,4166
13284,4190
13308,4214
13331,4238
13354,4260
13377,4283
13402,4306
13426,4329
13449,4352
13473,4374
13496,4398
13519,4422
13543,4444
13566,4467
13590,4490
13613,4513
13636,4536
13660,4559
13682,4581
13705,4604
13729,4627
13752,4650
13775,4671
13797,4693
13821,4715
13844,4738
13868,4762
13891,4784
13914,4806
13937,4828
13961,4850
13985,4872
14008,4895
14032,4919
14056,4941
14078,4965
14101,4988
14125,5011
14148,5036
14173,5059
14196,5081
14218,5104
14242,5127
14266,5150
14291,5172
14313,5195
14336,5218
14359,5239
14382,5262
14405,5284
14430,5306
14454,5329
14477,5352
14499,5375
14523,5397
14546,5419
14570,5441
14592,5463
14616,5485
14639,5508
14664,5530
14686,5552
14708,5575
14732,5598
14757,5622
14780,5644
14804,5666
14828,5689
14850,5711
14873,5733
14898,5756
14921,5779
14946,5801
14968,5823
14992,5846
15016,5868
15040,5892
15064,5913
15088,5936
15112,5959
15136,5981
15158,6004
15182,6029
15205,6052
15229,6075
15253,6099
15277,6122
15300,6145
15324,6168
15348,6191
15371,6213
15396,6237
15421,6260
15445,6282
15469,6303
15492,6325
15517,6348
15540,6371
15563,6394
15585,6417
15609,6440
15632,6463
15655,6487
15678,6509
15702,6532
15724,6554
15747,6576
15771,6598
15795,6621
15818,6644
15843,6665
15866,6689
15890,6711
15913,6733
15936,6756
15958,6779
15981,6802
16003,6825
16027,6847
16049,6868
16071,6891
16094,6912
16117,6934
16138,6956
16160,6978
16182,7000
16204,7022
16225,7043
16248,7066
16270,7086
16292,7109
16315,7130
16337,7152
16360,7174
16382,7195
20,7216
40,7237
63,7260
83,7282
105,7304
126,7325
148,7348
170,7371
193,7392
216,7414
239,7437
262,7460
285,7482
308,7503
332,7525
355,7549
378,7571
401,7594
425,7617
449,7641
472,7666
496,7690
520,7715
544,7738
568,7763
592,7787
616,7811
642,7835
666,7859
691,7883
715,7906
741,7931
765,7955
790,7978
815,8001
840,8025
864,8048
887,8071
911,8095
935,8119
958,8143
981,8167
1004,8192
1026,8215
1051,8239
1075,8263
1100,8286
1125,8311
1150,8333
1174,8357
1199,8381
1224,8403
1249,8428
1273,8450
1297,8473
1320,8496
1343,8519
1365,8543
1388,8565
1410,8587
1432,8610
1455,8632
1477,8653
1500,8675
1522,8697
1545,8720
1569,8742
1593,8764
1616,8786
1638,8808
1662,8830
1685,8852
1708,8874
1731,8896
1755,8917
1777,8938
1799,8961
1821,8982
1843,9005
1865,9027
1887,9048
1910,9070
1933,9092
1957,9116
1982,9138
2006,9160
2030,9184
2054,9207
2077,9230
2101,9253
2126,9275
2150,9297
2173,9320
2195,9342
2218,9364
2241,9386
2264,9409
2287,9431
2310,9454
2332,9476
2355,9497
2378,9518
2402,9540
2426,9562
2449,9584
2472,9606
2495,9628
2520,9650
2545,9672
2568,9694
2592,9716
2616,9739
2639,9760
2660,9782
2682,9804
2705,9826
2728,9848
2750,9870
2774,9893
2798,9915
2822,9937
2846,9958
2870,9981
2894,10004
2918,10027
2942,10051
2967,10073
2990,10094
3014,10116
3038,10140
3062,10162
3085,10185
3110,10208
3133,10231
3157,10254
3180,10276
3203,10300
3228,10323
3252,10345
3276,10367
3300,10389
3323,10412
3347,10435
3371,10458
3396,10481
3420,10503
3444,10525
3468,10548
3491,10570
3515,10594
3539,10616
3563,10638
3585,10659
3609,10682
3631,10704
3655,10727
3678,10750
3700,10772
3724,10796
3748,10820
3772,10843
3796,10866
3821,10889
3843,10910
3866,10932
3890,10956
3913,10979
3936,11002
3958,11024
3981,11048
4003,11069
4024,11092
4046,11114
4069,11137
4092,11159
4114,11182
4135,11203
4158,11225
4182,11247
4205,11269
4228,11290
4252,11312
4273,11334
4296,11357
4319,11378
4343,11401
4365,11423
4388,11446
4410,11468
4433,11490
4455,11513
4478,11535
4500,11557
4522,11580
4545,11603
4567,11625
4590,11646
4612,11669
4636,11691
4660,11713
4683,11736
4707,11759
4730,11783
4756,11806
4779,11830
4804,11854
4828,11880
4852,11903
4876,11926
4901,11952
4925,11976
4949,12001
4973,12026
4996,12050
5021,12073
5045,12096
5071,12119
5096,12143
5123,12167
5148,12192
5173,12216
5199,12240
5223,12264
5246,12288
5270,12312
5295,12336
5320,12360
5345,12383
5368,12408
5393,12433
5417,12458
5440,12483
5464,12506
5488,12530
5512,12554
5536,12577
5559,12601
5584,12626
5609,12648
5632,12671
5657,12694
5681,12717
5704,12742
5728,12764
5752,12788
5776,12811
5800,12834
5823,12856
5845,12879
5868,12902
5890,12925
5913,12946
5934,12968
5957,12989
5979,13012
6002,13035
6024,13056
6047,13078
6072,13101
6095,13122
6118,13144
6141,13167
6164,13188
6188,13211
6211,13233
6234,13254
6256,13276
6280,13299
6302,13322
6324,13343
6346,13366
6370,13390
6394,13411
6417,13434
6440,13456
6463,13479
6487,13501
6510,13524
6533,13547
6556,13569
6580,13591
6603,13613
6627,13635
6650,13658
6675,13681
6698,13704
6720,13725
6743,13747
6767,13769
6789,13791
6811,13813
6833,13835
6856,13857
6880,13881
6904,13902
6927,13924
6951,13946
6973,13968
6996,13989
7021,14010
7044,14033
7068,14055
7091,14078
7115,14100
7139,14123
7163,14144
7186,14167
7208,14189
7230,14210
7254,14234
7276,14256
7299,14280
7323,14303
7346,14325
7369,14347
7392,14368
7416,14391
7439,14415
7464,14437
7488,14460
7513,14483
7538,14504
7561,14527
7584,14551
7608,14574
7631,14597
7653,14621
7676,14643
7698,14665
7721,14688
7743,14709
7765,14731
7788,14755
7811,14777
7835,14800
7858,14822
7881,14847
7905,14869
7929,14891
7952,14914
7975,14938
7998,14960
8020,14982
8043,15003
8065,15026
8088,15048
8110,15069
8133,15092
8154,15115
8176,15138
8198,15161
8221,15182
8244,15205
8266,15228
8289,15249
8312,15272
8335,15295
8358,15317
8381,15339
8403,15360
8426,15383
8448,15405
8470,15426
8494,15449
8515,15470
8538,15492
8560,15515
8581,15536
8603,15558
8624,15580
8646,15601
8667,15622
8689,15643
8712,15665
8735,15687
8759,15708
8782,15731
8804,15754
8827,15776
8850,15799
8873,15821
8895,15842
8918,15864
8940,15885
8962,15907
8983,15929
9004,15951
9027,15975
9050,15996
9073,16019
9096,16042
9119,16065
9142,16089
9168,16113
9191,16138
9216,16161
9242,16184
9266,16207
9291,16231
9315,16253
9340,16276
9365,16301
9390,16325
9414,16349
9437,16372
9461,12
9485,35
9509,58
9533,82
9556,105
9580,129
9605,153
9630,176
9654,200
9680,225
9705,249
9728,273
9753,296
9778,321
9802,344
9826,368
9849,391
9873,414
9897,437
9920,461
9944,484
9967,508
9990,531
10013,554
10036,578
10062,601
10086,623
10111,646
10135,668
10159,690
10182,713
10207,734
10230,756
10252,777
10274,799
10296,821
10318,843
10341,865
10362,887
10384,909
10406,931
10429,953
10452,975
10475,996
10498,1018
10522,1039
10546,1061
10571,1083
10594,1105
10617,1127
10640,1148
10662,1170
10685,1192
10709,1215
10731,1236
10754,1259
10776,1280
10798,1304
10822,1326
10846,1348
10870,1371
10894,1394
10918,1416
10943,1438
10967,1460
10992,1483
11016,1505
11038,1527
11062,1548
11086,1569
11109,1591
11131,1612
11153,1634
11176,1655
11199,1676
11221,1699
11244,1721
11267,1744
11289,1766
11313,1787
11336,1808
11361,1830
11385,1853
11409,1876
11433,1898
11456,1920
11481,1942
11505,1965
11530,1988
11553,2011
11575,2034
11598,2057
11621,2080
11643,2101
11666,2124
11689,2147
11712,2168
11737,2190
11762,2212
11786,2235
11810,2258
11833,2282
11857,2305
11882,2328
11907,2350
11930,2373
11954,2396
11978,2418
12001,2441
12025,2465
12048,2488
12071,2510
12093,2532
12116,2556
12140,2580
12161,2603
12184,2625
12207,2648
12231,2670
12254,2694
12279,2716
12304,2741
12328,2764
12350,2786
12373,2810
12397,2832
12419,2855
12443,2878
12467,2900
12490,2923
12512,2946
12534,2970
12558,2991
12581,3013
12604,3036
12627,3060
12650,3083
12673,3105
12697,3129
12720,3151
12745,3174
12768,3196
12791,3218
12814,3241
12837,3263
12860,3286
12882,3309
12904,3331
12926,3353
12949,3375
12970,3396
12993,3418
13015,3440
13039,3461
13061,3483
13083,3506
13106,3529
13128,3551
13149,3573
13173,3594
13197,3615
13218,3637
13241,3659
13264,3680
13287,3703
13309,3726
13331,3748
13353,3771
13376,3793
13398,3816
13420,3839
13444,3861
13467,3882
13491,3905
13514,3928
13537,3951
13561,3973
13583,3996
13609,4019
13633,4044
13659,4067
13684,4092
13707,4117
13732,4141
13758,4166
13782,4191
13806,4216
13829,4240
13854,4265
13880,4288
13905,4312
13929,4336
13953,4361
13978,4384
14002,4409
14027,4433
14050,4458
14075,4483
14098,4507
14123,4530
14149,4555
14174,4578
14198,4601
14221,4625
14245,4650
14268,4675
14293,4697
14317,4720
14341,4743
14365,4766
14389,4790
14413,4812
14437,4836
14460,4859
14484,4882
14507,4906
14530,4930
14552,4952
14575,4975
14598,4998
14623,5020
14647,5043
14671,5066
14694,5088
14717,5109
14738,5130
14760,5153
14782,5175
14804,5197
14828,5220
14852,5242
14873,5264
14894,5285
14917,5305
14941,5326
14965,5349
14988,5371
15011,5393
15035,5413
15059,5435
15082,5459
15106,5482
15129,5504
15152,5527
15175,5549
15199,5572
15222,5596
15247,5618
15271,5641
15294,5664
15316,5687
15340,5709
15361,5732
15385,5754
15409,5775
15431,5795
15455,5817
15479,5838
15502,5860
15526,5883
15550,5906
15573,5928
15596,5952
15621,5974
15643,5995
15666,6018
15690,6039
15711,6061
15734,6084
15757,6107
15780,6130
15802,6152
15826,6175
15848,6199
15873,6219
15898,6242
15920,6265
15945,6287
15969,6311
15992,6333
16016,6357
16041,6380
16064,6402
16088,6426
16111,6451
16135,6473
16157,6497
16180,6520
16202,6543
16225,6566
16247,6589
16270,6611
16293,6634
16318,6657
16343,6681
16366,6704
6,6729
30,6753
54,6775
78,6799
101,6822
125,6845
147,6868
171,6891
194,6915
216,6938
239,6959
261,6983
284,7006
307,7029
331,7052
355,7075
379,7098
402,7121
426,7143
450,7167
474,7190
498,7214
522,7236
545,7258
567,7281
590,7304
615,7328
638,7351
661,7374
683,7397
705,7420
728,7442
752,7466
776,7489
799,7512
822,7535
845,7556
869,7579
893,7602
916,7624
938,7645
961,7667
984,7689
1006,7711
1028,7733
1051,7755
1074,7777
1096,7800
1119,7822
1140,7845
1162,7868
1184,7889
1208,7910
1231,7932
1255,7954
1278,7977
1301,7999
1322,8019
1346,8041
1370,8063
1393,8084
1417,8107
1440,8130
1462,8152
1485,8176
1509,8199
1531,8222
1554,8246
1578,8271
1602,8294
1627,8317
1653,8341
1678,8364
1702,8388
1729,8412
1755,8437
1781,8461
1805,8484
1830,8509
1855,8534
1879,8557
1903,8582
1927,8606
1950,8629
1974,8653
1998,8678
2022,8702
2045,8725
2071,8749
2096,8773
2121,8797
2145,8820
2169,8844
2194,8867
2219,8890
2244,8914
2268,8937
2292,8960
2316,8983
2341,9006
2365,9030
2390,9053
2413,9076
2437,9100
2460,9124
2483,9146
2507,9169
2529,9190
2553,9212
2576,9235
2599,9258
2622,9280
2644,9303
2668,9325
2691,9348
2714,9367
2737,9388
2760,9409
2783,9429
2805,9451
2828,9473
2852,9495
2874,9517
2895,9538
2918,9560
2940,9581
2964,9603
2988,9626
3011,9649
3036,9671
3061,9693
3086,9716
3111,9738
3136,9761
3161,9784
3185,9806
3209,9829
3232,9851
3255,9873
3278,9895
3301,9917
3324,9940
3347,9961
3370,9984
3393,10006
3417,10029
3440,10051
3465,10073
3488,10094
3512,10116
3536,10140
3561,10162
3585,10184
3609,10207
3631,10230
3655,10254
3679,10276
3702,10299
3726,10322
3749,10343
3772,10367
3795,10388
3820,10412
3843,10434
3867,10456
3892,10479
3915,10502
3939,10525
3962,10547
3987,10571
4011,10593
4034,10616
4058,10639
4083,10662
4107,10686
4131,10709
4154,10732
4176,10755
4200,10779
4223,10804
4246,10827
4271,10850
4295,10874
4319,10898
4343,10921
4366,10945
4392,10969
4416,10992
4441,11014
4464,11038
4489,11061
4513,11084
4537,11107
4561,11132
4585,11157
4608,11181
4632,11204
4656,11227
4680,11251
4704,11273
4728,11296
4751,11319
4774,11342
4798,11364
4820,11388
4844,11411
4867,11434
4892,11458
4916,11482
4941,11505
4964,11528
4988,11552
5012,11576
5037,11599
5059,11621
5083,11644
5106,11667
5129,11690
5152,11712
5174,11735
5198,11759
5220,11782
5243,11804
5266,11826
5289,11849
5312,11873
5334,11896
5358,11918
5380,11940
5404,11963
5427,11985
5449,12007
5473,12030
5496,12052
5518,12075
5540,12096
5563,12118
5585,12140
5609,12162
5633,12184
5656,12206
5680,12228
5702,12251
5725,12273
5749,12295
5772,12318
5795,12341
5819,12364
5844,12388
5867,12412
5891,12434
5916,12458
5939,12481
5962,12504
5986,12528
6010,12551
6035,12577
6059,12601
6085,12625
6110,12649
6134,12673
6160,12700
6185,12724
6210,12748
6235,12773
6259,12796
6284,12821
6308,12846
6333,12870
6356,12894
6380,12919
6405,12943
6429,12966
6454,12990
6479,13013
6503,13039
6526,13063
6549,13086
6574,13110
6598,13134
6622,13158
6647,13180
6671,13202
6693,13226
6716,13249
6740,13271
6764,13294
6790,13317
6814,13341
6838,13365
6860,13389
6883,13411
6906,13434
6929,13456
6952,13478
6974,13501
6997,13523
7020,13546
7042,13567
7064,13587
7086,13608
7109,13629
7131,13650
7154,13671
7176,13693
7200,13716
7224,13737
7246,13759
7268,13780
7290,13803
7313,13824
7336,13846
7359,13867
7381,13889
7403,13912
7426,13933
7450,13956
7473,13979
7497,14000
7520,14022
7543,14046
7566,14069
7590,14091
7614,14114
7638,14135
7662,14158
7684,14180
7709,14202
7732,14225
7754,14247
7777,14270
7800,14291
7823,14314
7845,14336
7867,14358
7891,14381
7912,14403
7936,14425
7957,14447
7981,14468
8004,14490
8025,14513
8048,14536
8072,14559
8095,14582
8118,14605
8142,14627
8165,14650
8188,14673
8211,14696
8234,14719
8256,14741
8278,14764
8301,14786
8324,14809
8346,14832
8370,14855
8394,14879
8417,14904
8441,14927
8465,14950
8489,14974
8512,14997
8537,15020
8560,15045
8585,15068
8608,15091
8633,15114
8658,15138
8681,15160
8703,15185
8726,15207
8750,15231
8774,15254
8796,15278
8820,15301
8845,15323
8868,15346
8891,15370
8915,15394
8939,15417
8964,15440
8988,15464
9012,15488
9036,15513
9060,15535
9084,15558
9107,15581
9130,15605
9152,15628
9175,15651
9198,15674
9222,15695
9245,15719
9268,15741
9291,15764
9314,15788
9339,15812
9363,15834
9387,15858
9411,15880
9435,15903
9458,15926
9482,15948
9505,15970
9528,15992
9549,16015
9572,16038
9594,16061
9616,16085
9639,16106
9661,16128
9683,16150
9706,16172
9729,16193
9752,16216
9776,16237
9799,16259
9823,16279
9846,16301
9870,16323
9892,16345
9914,16365
9936,3
9959,24
9982,46
10004,68
10027,91
10049,114
10070,137
10093,161
10117,183
10140,204
10163,226
10187,249
10210,273
10235,295
10258,317
10281,341
10305,364
10329,387
10353,410
10376,434
10402,457
10427,482
10450,506
10474,530
10500,555
10524,578
10549,603
10572,627
10598,651
10623,674
10648,698
10674,721
10698,746
10724,769
10749,792
10773,816
10798,840
10824,865
10847,888
10872,912
10897,936
10921,959
10943,983
10967,1006
10991,1029
11015,1051
11040,1075
11065,1099
11089,1123
11114,1146
11139,1169
11163,1191
11188,1214
11212,1235
11236,1258
11259,1281
11283,1304
11306,1325
11330,1347
11352,1369
11373,1390
11396,1412
11418,1433
11441,1454
11462,1476
11486,1498
11508,1519
11532,1541
11556,1562
11579,1583
11602,1606
11626,1626
11648,1648
11671,1669
11695,1691
11719,1713
11744,1735
11767,1757
11790,1780
11814,1802
11837,1824
11861,1847
11883,1868
11906,1892
11930,1915
11955,1938
11980,1961
12004,1983
12028,2007
12051,2029
12075,2052
12097,2074
12122,2095
12144,2118
12166,2141
12190,2162
12213,2185
12236,2207
12259,2229
12282,2252
12305,2274
12328,2297
12351,2320
12376,2341
12398,2364
12423,2387
12447,2409
12470,2432
12494,2455
12518,2479
12541,2502
12565,2525
12589,2548
12612,2572
12639,2593
12663,2617
12686,2640
12711,2663
12735,2686
12758,2709
12783,2734
12806,2757
12832,2780
12857,2804
12882,2828
12906,2853
12929,2877
12954,2900
12979,2923
13005,2948
13029,2971
13053,2995
13077,3018
13101,3041
13124,3065
13148,3089
13172,3112
13195,3135
13219,3159
13243,3183
13268,3208
13292,3231
13318,3256
13342,3280
13366,3303
13390,3327
13415,3350
13439,3373
13463,3397
13487,3420
13511,3444
13534,3469
13558,3491
13583,3515
13605,3538
13629,3560
13652,3583
13675,3606
13698,3629
13723,3652
13746,3676
13769,3700
13793,3723
13817,3747
13841,3769
13866,3793
13890,3815
13914,3837
13937,3861
13959,3883
13984,3904
14007,3926
14029,3948
14051,3969
14073,3990
14097,4012
14120,4034
14145,4056
14168,4080
14191,4103
14215,4125
14238,4148
14261,4171
14283,4194
14304,4214
14329,4237
14351,4258
14373,4280
14397,4304
14419,4326
14442,4349
14467,4372
14490,4395
14512,4418
14535,4440
14559,4462
14581,4485
14605,4508
14628,4532
14653,4555
14677,4579
14701,4602
14725,4626
14751,4650
14775,4675
14799,4699
14825,4723
14851,4747
14876,4773
14902,4796
14926,4820
14951,4843
14976,4867
15001,4892
15026,4917
15051,4941
15076,4965
15100,4989
15124,5014
15148,5038
15174,5062
15199,5085
15223,5110
15249,5135
15273,5159
15297,5183
15321,5205
15346,5228
15371,5252
15395,5275
15420,5297
15444,5321
15467,5346
15491,5368
15514,5391
15538,5415
15562,5438
15586,5461
15610,5485
15634,5508
15659,5531
15683,5553
15707,5575
15729,5598
15752,5619
15777,5642
15799,5664
15823,5685
15846,5708
15867,5730
15891,5752
15914,5775
15936,5797
15958,5819
15981,5841
16003,5863
16025,5884
16048,5906
16072,5928
16096,5951
16119,5973
16142,5997
16167,6020
16191,6043
16213,6065
16235,6088
16257,6110
16279,6132
16302,6153
16325,6175
16347,6200
16371,6222
10,6245
33,6268
56,6291
79,6314
101,6337
125,6359
148,6382
173,6405
198,6427
223,6451
247,6472
271,6494
294,6517
317,6539
340,6562
362,6585
384,6607
407,6629
428,6653
450,6675
474,6699
498,6721
521,6745
544,6768
569,6791
593,6814
617,6839
641,6862
666,6886
691,6910
716,6933
740,6956
763,6980
787,7003
809,7027
833,7051
858,7075
881,7098
905,7122
928,7145
951,7168
976,7193
1000,7217
1025,7241
1049,7264
1075,7289
1100,7312
1125,7335
1148,7359
1172,7383
1197,7407
1220,7431
1242,7454
1265,7477
1289,7501
1311,7524
1335,7546
1358,7569
1380,7593
1405,7616
1428,7639
1452,7662
1476,7685
1501,7709
1526,7733
1549,7754
1571,7778
1595,7800
1618,7824
1641,7847
1664,7869
1686,7891
1709,7913
1731,7936
1755,7958
1777,7981
1800,8004
1823,8026
1845,8048
1869,8070
1892,8092
1917,8114
1941,8137
1965,8160
1988,8182
2011,8205
2035,8227
2058,8249
2081,8271
2105,8292
2127,8314
2149,8335
2171,8358
2193,8381
2215,8405
2240,8428
2262,8450
2285,8472
2309,8492
2330,8514
2355,8537
2378,8559
2402,8582
2425,8605
2449,8627
2471,8649
2494,8671
2515,8693
2539,8716
2561,8740
2584,8761
2607,8784
2630,8808
2653,8831
2678,8854
2703,8878
2728,8901
2753,8926
2779,8950
2804,8974
2830,8998
2855,9021
2880,9045
2906,9070
2931,9093
2956,9117
2981,9141
3006,9164
3031,9188
3054,9213
3079,9237
3103,9261
3127,9284
3153,9308
3177,9332
3202,9356
3228,9380
3253,9403
3279,9426
3304,9449
3329,9474
3354,9497
3376,9520
3402,9542
3426,9565
3449,9587
3472,9610
3496,9633
3520,9657
3543,9681
3566,9705
3590,9727
3614,9749
3639,9771
3662,9792
3687,9814
3710,9835
3733,9858
3756,9881
3780,9902
3803,9923
3826,9945
3850,9966
3871,9988
3893,10009
3916,10030
3937,10051
3960,10072
3983,10094
4005,10116
4027,10138
4051,10159
4074,10182
4097,10205
4120,10229
4143,10250
4168,10273
4191,10294
4215,10315
4237,10337
4261,10358
4285,10381
4309,10404
4331,10427
4354,10449
4378,10472
4401,10494
4424,10516
4447,10539
4472,10562
4494,10584
4518,10606
4543,10628
4566,10652
4589,10674
4613,10696
4637,10718
4662,10739
4686,10761
4708,10784
4732,10805
4755,10828
4778,10850
4801,10872
4824,10895
4847,10917
4871,10940
4895,10963
4919,10986
4943,11010
4968,11033
4991,11056
5014,11079
5039,11100
5063,11124
5087,11146
5112,11169
5136,11192
5160,11215
5184,11240
5208,11264
5233,11289
5256,11312
5281,11335
5304,11359
5328,11383
5352,11408
5377,11431
5401,11454
5425,11478
5449,11502
5474,11525
5498,11549
5523,11571
5548,11596
5571,11620
5596,11643
5620,11667
5643,11691
5667,11714
5690,11737
5715,11761
5738,11783
5761,11807
5785,11830
5808,11853
5833,11877
5856,11899
5878,11922
5902,11947
5927,11969
5950,11993
5974,12014
5997,12038
6022,12060
6045,12084
6069,12106
6092,12128
6117,12150
6141,12173
6164,12195
6187,12217
6209,12239
6233,12261
6256,12284
6279,12307
6303,12330
6326,12353
6350,12377
6372,12400
6395,12421
6419,12445
6442,12468
6465,12491
6489,12514
6514,12536
6538,12559
6560,12581
6584,12602
6605,12624
6628,12647
6651,12669
6672,12690
6695,12712
6718,12735
6740,12759
6763,12780
6786,12803
6808,12824
6831,12846
6855,12869
6878,12892
6900,12915
6925,12936
6948,12959
6971,12982
6994,13003
7018,13026
7041,13048
7064,13071
7087,13094
7111,13118
7134,13142
7157,13164
7181,13187
7205,13211
7231,13235
7256,13260
7282,13285
7306,13308
7330,13332
7354,13356
7380,13380
7405,13404
7429,13429
7455,13452
7479,13477
7502,13501
7525,13524
7548,13546
7572,13569
7596,13592
7620,13616
7644,13639
7669,13663
7693,13686
7716,13709
7741,13733
7764,13756
7788,13781
7812,13802
7837,13826
7862,13849
7886,13871
7909,13894
7932,13916
7953,13939
7975,13961
7998,13984
8021,14006
8042,14028
8065,14051
8087,14073
8109,14096
8131,14117
8152,14140
8175,14162
8198,14183
8220,14205
8243,14225
8265,14245
8288,14267
8311,14289
8333,14312
8356,14333
8378,14355
8401,14376
8422,14397
8443,14419
8466,14441
8487,14463
8509,14485
8530,14507
8554,14530
8577,14552
8600,14574
8622,14598
8646,14620
8670,14642
8695,14665
8719,14688
8743,14710
8766,14733
8789,14756
8813,14779
8836,14802
8860,14825
8883,14846
8906,14870
8929,14893
8951,14916
8973,14939
8997,14963
9021,14986
9042,15007
9066,15029
9089,15051
9112,15074
9136,15097
9159,15120
9183,15143
9207,15167
9230,15190
9254,15213
9276,15236
9300,15258
9324,15281
9347,15304
9370,15327
9392,15351
9415,15373
9439,15397
9462,15420
9486,15445
9510,15468
9534,15491
9558,15515
9583,15538
9609,15562
9634,15586
9658,15610
9681,15635
9706,15659
9730,15681
9752,15706
9775,15730
9798,15753
9822,15777
9845,15799
9868,15824
9891,15848
9916,15871
9940,15894
9963,15920
9987,15943
10013,15967
10037,15989
10061,16014
10085,16038
10109,16061
10134,16084
10157,16107
10181,16129
10203,16152
10227,16175
10250,16197
10273,16220
10294,16241
10317,16263
10340,16286
10363,16308
10387,16331
10411,16354
10435,16376
10459,15
10482,38
10507,61
10530,85
10554,108
10580,131
10602,154
10625,177
10647,199
10670,222
10695,244
10717,266
10739,289
10763,311
10785,333
10806,356
10831,379
10855,401
10878,423
10902,445
10925,466
10948,490
10970,511
10993,533
11016,555
11038,577
11061,598
11083,620
11104,642
11127,663
11148,686
11171,708
11195,729
11217,752
11240,774
11264,796
11288,817
11312,840
11335,863
11359,886
11382,908
11405,931
11429,953
11453,975
11478,998
11502,1022
11526,1045
11548,1068
11572,1092
11596,1116
11620,1139
11644,1163
11669,1187
11695,1211
11721,1234
11748,1259
11773,1283
11800,1306
11825,1331
11850,1355
11875,1379
11900,1402
11924,1424
11948,1447
11971,1472
11994,1495
12017,1517
12041,1541
12064,1564
12089,1589
12111,1612
12134,1637
12160,1659
12184,1681
12208,1705
12234,1727
12258,1749
12282,1771
12306,1793
12330,1816
12353,1839
12377,1861
12400,1882
12422,1905
12446,1926
12468,1948
12491,1972
12515,1993
12538,2014
12561,2035
12584,2057
12606,2079
12629,2100
12652,2123
12676,2145
12697,2166
12721,2188
12743,2210
12766,2232
12789,2252
12811,2274
12835,2295
12859,2317
12882,2338
12906,2360
12929,2384
12951,2405
12976,2428
12998,2450
13021,2473
13046,2496
13070,2519
13095,2541
13120,2563
13144,2586
13168,2609
13191,2631
13214,2655
13238,2676
13261,2699
13285,2721
13308,2744
13331,2766
13355,2789
13378,2811
13401,2834
13424,2855
13448,2877
13472,2899
13493,2921
13516,2943
13541,2964
13563,2986
13586,3009
13609,3032
13634,3054
13658,3077
13682,3100
13704,3124
13727,3147
13752,3168
13776,3191
13799,3214
13823,3239
13847,3263
13872,3286
13896,3310
13920,3332
13943,3356
13968,3378
13992,3402
14016,3426
14039,3449
14064,3475
14086,3498
14110,3521
14134,3543
14158,3567
14183,3591
14206,3614
14229,3637
14253,3662
14275,3685
14299,3709
14323,3732
14347,3754
14371,3778
14395,3803
14417,3826
14441,3848
14465,3871
14489,3893
14512,3916
14537,3938
14561,3959
14585,3982
14610,4005
14634,4027
14657,4049
14679,4071
14702,4094
14725,4117
14749,4140
14770,4162
14793,4184
14816,4206
14838,4230
14861,4252
14885,4273
14910,4297
14933,4320
14956,4343
14979,4366
15001,4388
15024,4411
15047,4433
15072,4455
15094,4477
15117,4499
15140,4521
15163,4545
15185,4567
15208,4590
15231,4612
15255,4634
15279,4656
15300,4678
15323,4699
15345,4722
15368,4743
15391,4766
15415,4787
15438,4809
15462,4829
15485,4852
15507,4874
15531,4895
15554,4918
15576,4939
15598,4963
15620,4985
15641,5006
15664,5028
15687,5051
15710,5074
15732,5097
15755,5118
15778,5142
15802,5164
15825,5187
15849,5210
15873,5233
15898,5255
15922,5278
15947,5302
15973,5325
15998,5350
16022,5374
16047,5397
16070,5421
16093,5444
16117,5468
16140,5494
16165,5518
16189,5542
16213,5566
16237,5589
16260,5613
16284,5636
16308,5660
16333,5684
16358,5708
16381,5731
22,5755
46,5778
71,5801
94,5825
118,5848
141,5872
164,5893
188,5917
213,5941
236,5964
259,5986
282,6009
306,6033
329,6055
353,6077
376,6099
400,6122
424,6145
446,6168
469,6190
491,6210
514,6231
537,6252
559,6275
582,6296
604,6319
627,6343
648,6364
670,6386
692,6407
714,6429
738,6451
761,6472
782,6494
806,6517
830,6539
852,6561
877,6583
900,6605
923,6627
945,6649
967,6671
991,6694
1013,6715
1036,6738
1059,6763
1082,6786
1106,6810
1130,6832
1153,6856
1176,6879
1201,6902
1225,6925
1249,6948
1273,6970
1297,6993
1321,7016
1343,7038
1367,7061
1390,7082
1412,7105
1433,7128
1455,7151
1477,7174
1499,7196
1523,7219
1546,7241
1570,7265
1593,7289
1616,7313
1640,7336
1664,7359
1687,7382
1712,7404
1736,7427
1759,7450
1783,7472
1807,7497
1832,7521
1855,7544
1879,7568
1902,7591
1924,7615
1948,7641
1972,7665
1995,7688
2020,7713
2044,7736
2068,7760
2091,7782
2116,7807
2141,7829
2165,7853
2189,7875
2211,7898
2235,7921
2259,7945
2282,7970
2307,7992
2330,8016
2354,8039
2377,8061
2400,8084
2424,8107
2447,8129
2471,8151
2494,8173
2517,8197
2541,8220
2565,8244
2589,8267
2613,8290
2636,8312
2661,8334
2684,8357
2708,8378
2730,8400
2754,8423
2777,8446
2799,8467
2821,8490
2843,8513
2867,8536
2889,8559
2913,8582
2937,8603
2961,8625
2985,8648
3009,8670
3033,8694
3057,8717
3079,8741
3104,8764
3127,8786
3150,8810
3174,8833
3196,8855
3219,8877
3241,8899
3265,8921
3288,8943
3310,8965
3331,8986
3356,9007
3378,9029
3401,9051
3424,9073
3448,9094
3472,9116
3495,9138
3519,9160
3541,9181
3562,9203
3585,9225
3608,9246
3629,9270
3651,9292
3674,9315
3696,9336
3719,9357
3742,9380
3765,9403
3789,9426
3814,9447
3838,9471
3863,9494
3889,9518
3913,9541
3936,9563
3960,9585
3983,9608
4006,9630
4030,9654
4053,9678
4077,9700
4099,9725
4124,9749
4149,9771
4173,9795
4198,9819
4221,9842
4247,9864
4271,9888
4297,9913
4322,9935
4346,9958
4371,9982
4395,10004
4420,10026
4444,10048
4470,10071
4493,10094
4516,10116
4540,10139
4564,10163
4588,10186
4612,10209
4636,10232
4658,10254
4682,10276
4706,10298
4728,10322
4753,10344
4777,10366
4801,10388
4824,10410
4847,10433
4870,10454
4894,10477
4918,10497
4940,10519
4962,10541
4986,10563
5009,10584
5031,10605
5053,10627
5076,10647
5098,10668
5121,10689
5144,10709
5168,10730
5190,10752
5214,10774
5235,10796
5257,10817
5280,10839
5305,10862
5328,10884
5351,10907
5375,10929
5399,10951
5422,10973
5446,10995
5470,11018
5494,11042
5518,11065
5541,11088
5565,11110
5589,11134
5613,11156
5636,11180
5660,11203
5683,11225
5705,11248
5729,11270
5752,11292
5776,11315
5800,11338
5823,11359
5845,11382
5869,11406
5892,11428
5913,11449
5936,11472
5961,11496
5985,11518
6008,11542
6030,11564
6053,11588
6078,11611
6103,11636
6128,11659
6152,11682
6176,11705
6199,11729
6224,11751
6248,11775
6273,11799
6298,11823
6320,11846
6344,11870
6368,11894
6393,11918
6418,11943
6441,11966
6465,11990
6489,12014
6514,12037
6537,12060
6561,12084
6585,12106
6610,12128
6634,12151
6660,12175
6684,12198
6707,12221
6731,12243
6756,12267
6780,12290
6804,12313
6827,12336
6850,12359
6875,12383
6898,12405
6922,12429
6944,12452
6966,12475
6990,12498
7013,12519
7036,12541
7060,12564
7081,12587
7106,12610
7129,12633
7153,12654
7176,12678
7200,12700
7222,12722
7247,12746
7270,12768
7292,12792
7315,12815
7337,12838
7360,12861
7383,12882
7405,12905
7428,12927
7450,12950
7474,12973
7497,12996
7520,13018
7544,13040
7568,13062
7592,13085
7614,13107
7638,13128
7662,13150
7683,13173
7705,13195
7728,13217
7750,13238
7771,13259
7792,13280
7814,13302
7835,13322
7857,13345
7878,13366
7900,13388
7923,13411
7945,13432
7967,13454
7990,13476
8013,13497
8036,13519
8058,13540
8080,13562
8102,13584
8125,13607
8147,13629
8169,13651
8192,13672
8214,13695
8236,13717
8258,13740
8281,13763
8304,13786
8328,13810
8352,13834
8376,13856
8399,13881
8425,13905
8449,13928
8475,13951
8501,13973
8525,13997
8549,14021
8573,14046
8596,14069
8620,14092
8645,14116
8669,14137
8692,14159
8714,14185
8737,14208
8760,14230
8786,14254
8810,14278
8837,14300
8859,14324
8884,14347
8907,14370
8931,14392
8956,14415
8981,14440
9004,14462
9028,14485
9050,14507
9074,14529
9097,14552
9120,14574
9143,14597
9165,14620
9187,14643
9210,14665
9234,14687
9258,14710
9281,14732
9305,14754
9328,14777
9352,14800
9376,14823
9399,14844
9423,14866
9445,14886
9467,14908
9487,14928
9508,14950
9530,14972
9552,14994
9574,15017
9596,15038
9619,15059
9642,15082
9664,15105
9687,15128
9711,15150
9736,15173
9761,15196
9784,15220
9809,15242
9832,15266
9855,15288
9880,15311
9902,15334
9925,15358
9948,15380
9971,15405
9993,15426
10015,15451
10039,15476
10062,15499
10085,15523
10109,15545
10131,15567
10154,15590
10179,15613
10203,15635
10228,15657
10252,15679
10275,15703
10298,15727
10321,15748
10345,15771
10367,15794
10390,15817
10412,15840
10436,15863
10459,15887
10483,15910
10507,15933
10530,15956
10554,15980
10578,16004
10601,16026
10627,16050
10650,16073
10675,16098
10700,16122
10724,16145
10749,16169
10773,16191
10797,16214
10821,16237
10844,16258
10867,16282
10890,16306
10914,16329
10938,16354
10962,16378
10986,17
11010,40
11034,63
11059,87
11084,110
11108,133
11133,156
11156,179
11181,201
11205,223
11227,247
11251,271
11273,293
11296,316
11318,338
11342,359
11364,383
11388,406
11411,429
11435,452
11459,475
11483,497
11508,521
11532,544
11557,568
11580,591
11604,614
11627,637
11651,658
11674,679
11697,702
11721,725
11743,747
11767,769
11790,792
11813,815
11836,837
11859,859
11881,881
11905,902
11929,924
11953,946
11976,969
12000,992
12022,1013
12047,1035
12070,1057
12093,1079
12114,1101
12136,1123
12158,1144
12179,1166
12201,1188
12223,1209
12244,1230
12266,1251
12289,1272
12311,1294
12335,1314
12359,1336
12382,1358
12404,1380
12427,1403
12451,1426
12474,1448
12498,1472
12522,1494
12545,1515
12567,1537
12591,1558
12615,1580
12637,1602
12661,1625
12686,1648
12709,1671
12733,1694
12757,1717
12783,1740
12808,1764
12833,1787
12859,1810
12882,1834
12907,1857
12931,1881
12958,1906
12982,1930
13007,1953
13033,1977
13057,2001
13083,2024
13107,2048
13132,2071
13157,2094
13182,2117
13206,2141
13231,2164
13255,2187
13280,2213
13306,2236
13331,2259
13356,2282
13380,2305
13403,2329
13426,2351
13450,2373
13474,2396
13498,2418
13523,2442
13549,2464
13572,2486
13594,2508
13617,2531
13640,2553
13664,2575
13686,2598
13709,2620
13733,2642
13757,2664
13781,2687
13804,2709
13827,2730
13852,2753
13875,2775
13897,2797
13920,2819
13943,2841
13966,2863
13990,2886
14014,2909
14037,2932
14060,2954
14083,2978
14108,3002
14132,3026
14157,3049
14182,3073
14205,3096
14231,3118
14254,3142
14279,3166
14302,3191
14328,3214
14351,3237
14375,3260
14399,3283
14424,3307
14447,3332
14470,3355
14494,3378
14516,3401
14540,3424
14564,3449
14589,3473
14614,3497
14638,3520
14662,3544
14688,3567
14712,3591
14735,3615
14759,3638
14783,3663
14805,3686
14830,3710
14855,3733
14880,3756
14903,3779
14926,3801
14950,3826
14975,3850
14999,3873
15023,3898
15049,3922
15073,3945
15097,3968
15120,3992
15145,4015
15169,4038
15194,4061
15220,4084
15244,4110
15270,4134
15293,4159
15318,4183
15342,4208
15367,4231
15391,4255
15414,4278
15439,4303
15463,4327
15488,4351
15512,4375
15536,4398
15560,4424
15585,4448
15607,4471
15631,4495
15656,4518
15680,4540
15703,4565
15727,4588
15750,4611
15773,4633
15796,4656
15818,4680
15841,4703
15864,4724
15887,4748
15911,4772
15934,4794
15957,4819
15981,4841
16004,4862
16028,4883
16051,4907
16076,4930
16099,4955
16123,4977
16146,5000
16171,5024
16192,5047
16215,5069
16237,5092
16260,5115
16283,5138
16306,5160
16328,5183
16351,5205
16373,5228
12,5250
36,5273
58,5296
81,5318
104,5340
128,5362
150,5385
174,5407
197,5430
219,5452
242,5473
265,5494
287,5516
309,5539
331,5561
354,5582
377,5604
399,5626
422,5647
446,5670
470,5694
494,5714
517,5737
542,5760
566,5784
590,5807
613,5830
638,5854
662,5875
686,5900
710,5923
734,5946
757,5969
778,5993
802,6016
827,6039
850,6064
875,6088
901,6112
926,6137
951,6160
978,6186
1004,6210
1029,6234
1053,6258
1078,6281
1103,6305
1128,6329
1153,6352
1177,6376
1201,6401
1224,6424
1248,6446
1271,6470
1294,6493
1317,6517
1341,6542
1366,6565
1391,6588
1415,6610
1440,6633
1464,6657
1489,6679
1514,6702
1537,6724
1562,6747
1585,6770
1607,6793
1630,6816
1652,6838
1673,6861
1694,6882
1717,6906
1741,6928
1763,6950
1786,6973
1809,6994
1833,7016
1856,7038
1880,7061
1904,7082
1927,7104
1950,7128
1974,7151
1996,7172
2020,7195
2043,7218
2066,7241
2089,7263
2112,7288
2135,7311
2159,7335
2182,7359
2206,7383
2231,7406
2254,7429
2278,7453
2303,7475
2327,7499
2352,7521
2378,7545
2401,7569
2425,7593
2447,7617
2471,7641
2494,7664
2516,7688
2538,7710
2562,7733
2585,7757
2610,7780
2633,7803
2657,7824
2680,7848
2705,7872
2731,7895
2756,7918
2779,7941
2804,7965
2827,7987
2851,8009
2876,8032
2899,8056
2923,8078
2947,8101
2971,8125
2994,8149
3018,8172
3042,8195
3066,8220
3090,8243
3114,8266
3139,8290
3164,8314
3189,8339
3214,8363
3239,8386
3264,8410
3288,8432
3311,8455
3335,8479
3358,8503
3382,8527
3407,8550
3430,8573
3453,8596
3478,8619
3502,8641
3524,8665
3548,8688
3572,8711
3596,8733
3620,8758
3643,8781
3667,8804
3691,8826
3715,8848
3738,8870
3761,8893
3785,8914
3808,8936
3830,8957
3853,8980
3875,9003
3898,9026
3921,9048
3942,9071
3966,9093
3989,9116
4012,9137
4034,9158
4057,9182
4080,9204
4103,9227
4128,9248
4152,9270
4176,9293
4198,9315
4221,9338
4244,9360
4268,9383
4292,9406
4315,9428
4338,9450
4361,9473
4385,9495
4410,9518
4433,9539
4455,9561
4479,9583
4503,9606
4526,9627
4550,9649
4573,9670
4597,9692
4620,9714
4643,9735
4667,9757
4690,9778
4712,9799
4734,9821
4756,9843
4778,9865
4802,9886
4825,9908
4849,9930
4873,9952
4896,9975
4919,9996
4942,10018
4968,10041
4991,10064
5016,10087
5041,10110
5066,10133
5090,10157
5114,10180
5137,10203
5162,10225
5186,10249
5211,10273
5236,10297
5261,10321
5286,10345
5312,10369
5338,10391
5363,10414
5389,10440
5415,10464
5440,10486
5465,10510
5490,10534
5514,10559
5539,10583
5565,10605
5589,10629
5612,10652
5637,10676
5661,10698
5687,10722
5710,10746
5735,10768
5759,10790
5783,10814
5808,10837
5831,10860
5855,10883
5878,10906
5902,10930
5926,10953
5950,10976
5974,10998
5997,11022
6022,11045
6047,11067
6069,11089
6092,11111
6116,11133
6138,11155
6162,11177
6183,11200
6206,11222
6228,11244
6252,11266
6273,11289
6297,11312
6321,11333
6345,11356
6369,11379
6393,11401
6417,11425
6440,11449
6464,11472
6488,11495
6512,11518
6535,11540
6559,11564
6582,11587
6605,11612
6629,11636
6653,11658
6677,11681
6701,11705
6724,11729
6748,11753
6772,11777
6796,11800
6819,11824
6844,11847
6867,11871
6892,11895
6916,11919
6941,11943
6964,11966
6987,11989
7010,12011
7033,12033
7058,12057
7082,12081
7105,12104
7128,12127
7151,12150
7174,12173
7199,12195
7222,12216
7247,12241
7273,12265
7299,12288
7322,12311
7346,12335
7371,12358
7393,12381
7417,12407
7441,12431
7465,12454
7489,12479
7513,12504
7536,12528
7560,12552
7584,12577
7607,12599
7632,12623
7656,12648
7681,12672
7706,12695
7730,12719
7755,12745
7778,12767
7802,12792
7826,12814
7850,12837
7874,12860
7897,12884
7920,12907
7944,12929
7966,12953
7989,12975
8010,12999
8032,13022
8054,13045
8076,13068
8100,13090
8122,13112
8145,13135
8168,13157
8191,13179
8214,13202
8236,13225
8259,13248
8283,13271
8306,13293
8328,13314
8351,13336
8374,13357
8395,13381
8417,13404
8439,13427
8462,13448
8485,13470
8507,13492
8530,13515
8553,13536
8575,13558
8597,13580
8622,13603
8644,13624
8667,13646
8691,13668
8714,13691
8737,13714
8760,13736
8783,13759
8805,13779
8828,13802
8850,13825
8872,13846
8895,13868
8916,13890
8938,13912
8961,13932
8982,13953
9006,13974
9028,13996
9051,14016
9075,14037
9098,14058
9120,14079
9142,14100
9164,14121
9188,14143
9211,14164
9233,14187
9255,14208
9277,14229
9299,14251
9321,14275
9344,14298
9367,14321
9390,14343
9412,14366
9436,14390
9461,14412
9487,14434
9511,14458
9536,14482
9561,14506
9585,14529
9608,14552
9632,14577
9657,14601
9680,14623
9703,14646
9726,14670
9750,14693
9773,14716
9797,14740
9821,14764
9847,14789
9872,14812
9896,14835
9921,14858
9946,14882
9971,14906
9995,14930
10019,14952
10043,14974
10067,14997
10090,15019
10114,15044
10137,15067
10161,15090
10183,15112
10206,15135
10230,15158
10253,15181
10276,15203
10298,15225
10321,15248
10344,15270
10369,15293
10393,15315
10416,15337
10439,15359
10462,15380
10484,15403
10507,15424
10529,15446
10552,15469
10574,15491
10595,15513
10617,15535
10639,15557
10661,15580
10684,15602
10705,15623
10729,15646
10753,15669
10776,15691
10802,15713
10825,15735
10849,15759
10874,15782
10897,15804
10920,15826
10943,15849
10967,15872
10989,15895
11011,15918
11034,15942
11057,15966
11081,15989
11103,16012
11126,16034
11149,16057
11173,16082
11198,16106
11223,16128
11248,16151
11273,16175
11297,16198
11322,16221
11345,16242
11367,16265
11390,16287
11415,16309
11439,16331
11460,16353
11483,16375
11504,13
11528,35
11551,58
11574,82
11597,105
11623,128
11646,151
11671,176
11697,200
11721,223
11747,246
11770,269
11794,292
11820,316
11843,339
11867,362
11892,386
11915,409
11938,432
11961,456
11984,479
12008,502
12032,525
12056,549
12080,573
12103,596
12127,619
12151,643
12174,666
12197,689
12220,712
12243,734
12267,757
12290,780
12313,802
12336,823
12360,847
12383,870
12405,892
12430,914
12453,936
12476,958
12498,979
12522,1001
12544,1022
12568,1045
12593,1068
12616,1090
12640,1112
12663,1134
12686,1156
12710,1179
12733,1202
12757,1224
12780,1247
12801,1268
12826,1290
12848,1313
12871,1334
12894,1355
12919,1377
12942,1398
12966,1421
12990,1444
13014,1465
13038,1488
13061,1510
13084,1532
13108,1553
13132,1575
13155,1598
13179,1619
13203,1641
13225,1663
13248,1684
13271,1706
13294,1727
13317,1748
13340,1771
13363,1792
13388,1815
13411,1837
13434,1859
13456,1879
13480,1900
13502,1922
13525,1943
13547,1964
13570,1987
13593,2009
13616,2031
13639,2054
13662,2076
13686,2097
13709,2121
13732,2143
13756,2165
13781,2188
13805,2210
13829,2233
13854,2256
13879,2280
13903,2302
13927,2326
13951,2348
13976,2372
14001,2397
14026,2422
14050,2445
14075,2469
14099,2492
14126,2515
14151,2538
14176,2562
14201,2586
14225,2610
14250,2635
14274,2658
14299,2684
14324,2708
14349,2731
14373,2754
14397,2778
14421,2802
14446,2826
14472,2849
14498,2873
14522,2896
14546,2920
14570,2943
14593,2967
14617,2989
14640,3012
14663,3036
14687,3059
14711,3084
14735,3107
14759,3130
14782,3152
14806,3174
14828,3197
14852,3220
14876,3243
14901,3266
14923,3289
14948,3312
14970,3335
14994,3357
15018,3380
15041,3403
15063,3427
15086,3450
15109,3472
15133,3495
15156,3519
15178,3541
15202,3565
15226,3587
15249,3611
15272,3634
15295,3657
15317,3680
15340,3703
15364,3729
15388,3752
15412,3775
15436,3797
15461,3822
15485,3845
15509,3866
15533,3889
15556,3910
15579,3935
15602,3958
15625,3980
15648,4003
15670,4026
15694,4048
15718,4072
15741,4094
15764,4117
15787,4141
15812,4166
15835,4188
15859,4211
15884,4233
15906,4255
15930,4279
15952,4303
15975,4327
15998,4350
16020,4375
16045,4398
16068,4421
16092,4446
16115,4470
16138,4494
16162,4518
16184,4541
16208,4564
16232,4588
16255,4611
16279,4635
16303,4659
16327,4682
16350,4707
16372,4730
12,4754
36,4777
60,4801
83,4825
106,4848
128,4871
151,4893
174,4916
198,4940
222,4964
246,4988
270,5011
293,5033
317,5056
341,5080
365,5102
387,5125
410,5148
433,5171
456,5193
479,5215
501,5238
524,5260
545,5282
567,5305
589,5328
612,5351
635,5373
659,5394
683,5417
707,5437
730,5459
754,5481
775,5503
798,5526
820,5548
843,5571
865,5594
888,5617
912,5638
935,5659
957,5681
979,5702
1004,5725
1027,5748
1051,5769
1074,5792
1096,5814
1120,5836
1143,5859
1166,5880
1189,5903
1213,5924
1237,5947
1260,5967
1282,5990
1304,6011
1327,6033
1348,6056
1370,6077
1391,6098
1414,6120
1436,6141
1459,6163
1481,6184
1503,6205
1527,6227
1549,6248
1572,6270
1598,6292
1621,6314
1644,6337
1668,6360
1691,6383
1713,6407
1737,6429
1760,6453
1784,6475
1806,6497
1829,6521
1853,6544
1877,6567
1900,6590
1925,6615
1949,6637
1973,6661
1997,6685
2022,6709
2047,6732
2073,6756
2098,6780
2122,6803
2148,6828
2172,6852
2196,6876
2219,6899
2243,6924
2266,6948
2290,6971
2314,6995
2337,7019
2361,7041
2386,7065
2411,7088
2435,7111
2458,7134
2482,7157
2506,7181
2530,7206
2554,7227
2578,7251
2602,7273
2626,7296
2649,7318
2671,7341
2695,7364
2717,7387
2740,7409
2762,7431
2786,7453
2809,7475
2833,7499
2855,7522
2880,7545
2903,7566
2926,7589
2951,7612
2974,7634
2997,7656
3020,7678
3042,7699
3064,7721
3087,7743
3109,7766
3130,7788
3153,7811
3175,7834
3197,7856
3220,7878
3243,7900
3266,7923
3289,7945
3313,7967
3336,7990
3362,8012
3385,8035
3409,8058
3433,8080
3458,8103
3481,8125
3505,8149
3528,8172
3552,8194
3575,8215
3598,8239
3621,8261
3643,8285
3668,8307
3691,8329
3713,8351
3736,8374
3759,8396
3782,8419
3807,8441
3829,8464
3853,8486
3876,8509
3898,8532
3920,8555
3943,8578
3966,8601
3989,8624
4011,8646
4034,8669
4058,8694
4082,8717
4106,8740
4130,8764
4154,8786
4177,8810
4201,8833
4227,8857
4251,8880
4274,8904
4299,8927
4324,8950
4347,8973
4371,8996
4395,9018
4418,9041
4442,9065
4466,9088
4489,9110
4512,9134
4536,9156
4560,9180
4583,9201
4607,9223
4632,9247
4656,9269
4679,9291
4704,9313
4728,9335
4751,9357
4775,9379
4798,9400
4821,9422
4843,9443
4866,9465
4889,9485
4911,9508
4934,9530
4957,9551
4980,9573
5003,9595
5026,9617
5049,9639
5072,9661
5095,9683
5118,9704
5142,9726
5166,9746
5189,9768
5212,9790
5236,9811
5257,9833
5280,9853
5302,9875
5326,9897
5350,9919
5371,9942
5394,9963
5418,9985
5440,10006
5463,10027
5487,10048
5510,10069
5534,10091
5556,10114
5580,10135
5604,10157
5627,10179
5649,10200
5671,10221
5694,10243
5717,10265
5741,10286
5762,10306
5785,10328
5806,10348
5829,10369
5852,10390
5874,10411
5897,10433
5920,10455
5942,10476
5964,10498
5987,10521
6009,10543
6033,10566
6055,10587
6079,10609
6104,10632
6127,10654
6151,10676
6175,10698
6199,10720
6223,10744
6247,10767
6270,10792
6294,10815
6318,10838
6342,10861
6366,10885
6390,10909
6414,10932
6438,10954
6462,10978
6487,11001
6512,11025
6535,11049
6560,11073
6585,11096
6610,11120
6635,11144
6661,11169
6686,11193
6712,11217
6736,11242
6760,11265
6784,11289
6809,11312
6832,11336
6854,11360
6878,11383
6902,11407
6926,11431
6949,11453
6973,11477
6997,11500
7020,11524
7046,11547
7069,11570
7093,11592
7117,11616
7140,11641
7163,11663
7186,11687
7210,11711
7232,11733
7255,11757
7277,11779
7300,11802
7322,11824
7345,11846
7368,11870
7392,11893
7414,11915
7437,11938
7459,11959
7482,11982
7505,12004
7528,12028
7551,12048
7574,12070
7598,12093
7622,12116
7645,12138
7667,12160
7690,12182
7714,12205
7738,12230
7760,12252
7782,12276
7806,12299
7829,12321
7854,12345
7877,12369
7902,12394
7925,12417
7950,12441
7973,12463
7995,12486
8018,12510
8041,12533
8065,12557
8087,12580
8109,12602
8131,12626
8154,12648
8175,12672
8198,12694
8222,12716
8245,12740
8269,12765
8292,12789
8316,12811
8340,12836
8364,12860
8388,12884
8411,12907
8435,12929
8459,12953
8482,12977
8505,13002
8528,13026
8553,13051
8577,13074
8600,13098
8624,13121
8648,13145
8672,13167
8695,13190
8718,13215
8744,13238
8769,13262
8793,13286
8819,13310
8844,13334
8867,13357
8892,13381
8916,13403
8938,13426
8962,13449
8986,13471
9009,13495
9032,13518
9055,13542
9077,13566
9099,13588
9122,13611
9145,13633
9169,13656
9193,13678
9217,13701
9241,13724
9266,13745
9288,13766
9311,13788
9334,13810
9357,13832
9380,13854
9402,13875
9424,13897
9447,13920
9469,13942
9490,13965
9513,13986
9535,14007
9560,14029
9582,14051
9605,14074
9629,14095
9653,14116
9676,14138
9699,14160
9723,14180
9744,14204
9768,14226
9790,14247
9814,14269
9836,14290
9859,14311
9882,14334
9906,14356
9928,14378
9949,14401
9971,14422
9994,14444
10017,14465
10040,14486
10063,14507
10086,14529
10109,14551
10132,14572
10154,14593
10178,14613
10201,14635
10223,14656
10244,14678
10267,14700
10289,14722
10311,14745
10334,14766
10357,14789
10379,14810
10402,14833
10424,14856
10447,14877
10472,14900
10495,14923
10519,14945
10544,14968
10568,14992
10592,15015
10616,15038
10640,15062
10663,15086
10686,15109
10709,15132
10733,15156
10757,15179
10781,15201
10805,15225
10829,15249
10852,15272
10876,15296
10902,15320
10927,15344
10952,15368
10977,15393
11002,15417
11028,15442
11053,15466
11078,15490
11102,15513
11125,15537
11149,15560
11172,15584
11196,15607
11220,15630
11242,15653
11266,15676
11289,15699
11312,15721
11336,15744
11360,15767
11383,15789
11406,15813
11431,15836
11456,15859
11480,15881
11505,15904
11528,15927
11551,15949
11574,15971
11596,15994
11619,16017
11642,16040
11663,16061
11686,16083
11710,16106
11732,16128
11754,16149
11777,16170
11799,16190
11823,16213
11844,16234
11867,16255
11891,16277
11914,16298
11938,16319
11960,16341
11983,16363
12005,1
12028,24
12050,47
12072,69
12094,93
12117,117
12138,139
12162,161
12186,185
12209,207
12232,230
12256,253
12280,276
12304,299
12327,322
12350,345
12373,368
12396,390
12420,412
12444,435
12468,458
12490,481
12513,505
12537,528
12560,550
12582,573
12606,595
12631,618
12654,642
12678,665
12701,687
12725,709
12751,733
12774,755
12798,780
12823,804
12848,827
12873,851
12897,875
12920,898
12944,920
12967,943
12989,967
13013,989
13039,1012
13062,1035
13087,1058
13112,1082
13137,1105
13162,1129
13186,1151
13212,1174
13235,1197
13259,1221
13283,1244
13307,1266
13331,1289
13355,1311
13378,1333
13402,1357
13426,1379
13450,1402
13473,1423
13497,1445
13521,1468
13543,1491
13566,1513
13590,1534
13614,1557
13640,1579
13664,1601
13687,1623
13710,1644
13732,1665
13756,1689
13780,1711
13803,1731
13825,1752
13847,1773
13870,1794
13893,1817
13916,1840
13940,1861
13962,1882
13986,1904
14009,1928
14033,1949
14055,1971
14079,1993
14101,2015
14124,2038
14147,2060
14171,2082
14195,2104
14218,2126
14242,2148
14266,2169
14289,2192
14312,2212
14335,2233
14358,2254
14380,2275
14402,2297
14425,2319
14446,2341
14469,2362
14493,2383
14516,2406
14537,2427
14562,2449
14586,2470
14608,2492
14630,2514
14654,2536
14677,2558
14702,2580
14724,2603
14747,2625
14769,2647
14792,2672
14816,2694
14840,2716
14861,2737
14884,2760
14906,2782
14930,2805
14954,2828
14977,2852
15001,2875
15025,2899
15049,2922
15074,2945
15099,2968
15122,2991
15148,3016
15173,3039
15197,3063
15220,3088
15243,3113
15267,3137
15291,3161
15315,3184
15340,3208
15364,3234
15389,3258
15414,3283
15439,3308
15463,3332
15489,3355
15514,3380
15537,3404
15562,3428
15585,3451
15609,3475
15632,3496
15655,3520
15678,3544
15701,3567
15724,3591
15747,3613
15770,3638
15794,3662
15815,3685
15839,3707
15863,3730
15887,3752
15910,3776
15932,3800
15955,3823
15978,3846
16001,3868
16025,3891
16049,3912
16072,3934
16094,3956
16116,3977
16137,3998
16158,4020
16180,4042
16200,4063
16222,4085
16243,4106
16264,4128
16286,4150
16308,4172
16330,4194
16352,4216
16375,4239
15,4261
38,4285
60,4310
85,4332
108,4356
132,4377
155,4402
177,4425
200,4448
222,4473
244,4496
267,4519
291,4542
313,4564
336,4587
359,4610
382,4634
404,4656
428,4678
452,4702
476,4723
500,4747
523,4768
546,4791
569,4812
592,4835
615,4860
639,4883
661,4905
683,4928
707,4951
730,4973
754,4997
777,5020
801,5044
825,5067
850,5091
874,5115
899,5138
924,5161
949,5184
970,5206
994,5227
1017,5250
1042,5274
1065,5297
1088,5319
1112,5344
1136,5368
1158,5392
1180,5416
1203,5437
1226,5459
1250,5482
1275,5505
1299,5528
1322,5551
1346,5574
1370,5596
1395,5617
1418,5641
1441,5661
1464,5684
1488,5706
1511,5729
1533,5750
1555,5772
1578,5793
1600,5815
1624,5837
1646,5859
1668,5880
1690,5901
1713,5923
1735,5944
1758,5966
1782,5988
1807,6010
1830,6031
1854,6052
1877,6074
1899,6096
1922,6118
1944,6139
1966,6161
1988,6183
2011,6206
2032,6227
2056,6250
2079,6271
2101,6293
2124,6315
2147,6336
2171,6358
2195,6380
2219,6402
2242,6424
2265,6447
2288,6468
2312,6491
2335,6514
2356,6535
2379,6556
2401,6577
2423,6599
2446,6622
2467,6644
2491,6665
2515,6687
2537,6709
2559,6730
2582,6751
2604,6774
2628,6795
2651,6815
2674,6837
2696,6859
2720,6881
2744,6904
2767,6927
2791,6950
2813,6973
2837,6995
2861,7017
2883,7041
2906,7064
2929,7087
2953,7110
2976,7133
3000,7157
3024,7181
3048,7205
3074,7228
3098,7251
3123,7276
3150,7300
3174,7325
3200,7350
3224,7375
3248,7400
3273,7423
3297,7446
3322,7470
3346,7495
3371,7520
3395,7545
3419,7569
3444,7593
3469,7616
3493,7640
3518,7664
3543,7688
3569,7712
3592,7735
3616,7759
3641,7783
3664,7805
3688,7828
3711,7850
3735,7872
3758,7896
3781,7920
3804,7943
3828,7965
3850,7987
3872,8008
3895,8031
3918,8052
3940,8076
3964,8099
3988,8122
4010,8143
4031,8163
4052,8186
4075,8209
4098,8230
4121,8252
4145,8273
4166,8295
4188,8317
4209,8339
4232,8360
4254,8382
4276,8403
4299,8425
4323,8449
4346,8471
4370,8494
4395,8515
4416,8538
4441,8561
4466,8584
4490,8607
4514,8629
4536,8652
4559,8674
4583,8697
4605,8719
4629,8742
4652,8766
4677,8789
4699,8811
4723,8833
4745,8856
4768,8879
4793,8901
4816,8925
4840,8947
4865,8969
4889,8992
4914,9014
4938,9037
4961,9060
4985,9082
5007,9106
5032,9128
5054,9151
5078,9173
5102,9195
5126,9218
5149,9241
5174,9264
5198,9286
5223,9310
5246,9332
5271,9355
5295,9378
5318,9402
5344,9427
5367,9450
5391,9473
5417,9495
5440,9519
5465,9541
5490,9564
5514,9587
5538,9611
5561,9634
5585,9657
5610,9680
5633,9703
5657,9725
5682,9748
5708,9771
5732,9794
5757,9817
5780,9840
5804,9863
5828,9885
5852,9907
5875,9929
5899,9951
5922,9973
5946,9995
5969,10017
5993,10041
6016,10062
6039,10084
6061,10105
6084,10127
6108,10148
6132,10172
6155,10193
6178,10215
6201,10237
6224,10259
6248,10282
6273,10304
6296,10325
6321,10347
6343,10368
6367,10389
6391,10411
6413,10433
6436,10455
6457,10477
6481,10499
6504,10522
6528,10544
6552,10565
6575,10588
6598,10610
6621,10632
6644,10654
6668,10676
6691,10697
6714,10719
6738,10741
6761,10763
6785,10784
6809,10807
6832,10829
6854,10850
6877,10872
6899,10895
6921,10917
6944,10940
6968,10963
6991,10984
7014,11007
7036,11029
7059,11053
7082,11074
7104,11097
7127,11120
7150,11142
7175,11165
7199,11189
7223,11212
7246,11235
7270,11258
7295,11282
7319,11305
7343,11329
7365,11353
7389,11376
7412,11401
7436,11425
7460,11450
7485,11476
7509,11498
7534,11523
7559,11546
7584,11571
7610,11596
7637,11622
7663,11648
7689,11674
7714,11698
7739,11723
7764,11748
7788,11773
7811,11798
7836,11823
7860,11847
7882,11872
7907,11896
7930,11918
7954,11942
7978,11967
8001,11991
8024,12016
8047,12039
8071,12063
8095,12086
8120,12109
8143,12131
8168,12154
8191,12178
8214,12201
8238,12224
8260,12246
8282,12269
8305,12293
8327,12316
8349,12338
8371,12361
8393,12384
8417,12406
8440,12430
8463,12452
8488,12474
8511,12498
8535,12520
8556,12542
8579,12564
8602,12586
8625,12609
8648,12632
8672,12655
8695,12677
8717,12701
8739,12723
8763,12746
8785,12770
8807,12793
8831,12817
8855,12840
8877,12864
8901,12888
8925,12911
8949,12934
8973,12959
8996,12981
9019,13003
9042,13027
9065,13051
9089,13074
9111,13095
9134,13119
9158,13141
9181,13163
9204,13186
9226,13209
9250,13233
9273,13256
9298,13278
9321,13301
9346,13322
9370,13347
9394,13369
9418,13393
9442,13415
9466,13438
9490,13461
9513,13483
9536,13507
9559,13530
9582,13553
9605,13576
9628,13599
9654,13621
9677,13643
9700,13667
9725,13690
9749,13714
9774,13738
9799,13763
9824,13786
9849,13809
9873,13833
9898,13856
9922,13879
9946,13903
9970,13926
9993,13948
10017,13972
10041,13995
10064,14018
10086,14040
10109,14062
10133,14084
10156,14108
10181,14130
10204,14153
10228,14176
10252,14197
10276,14219
10300,14242
10323,14264
10347,14286
10371,14308
10394,14329
10417,14351
10441,14373
10462,14395
10484,14416
10505,14438
10529,14460
10551,14482
10575,14506
10599,14528
10622,14551
10646,14573
10671,14596
10695,14619
10718,14641
10742,14662
10764,14683
10788,14704
10811,14726
10834,14748
10857,14771
10879,14793
10902,14815
10926,14837
10948,14859
10971,14881
10995,14904
11019,14927
11041,14950
11064,14973
11088,14995
11112,15018
11136,15040
11160,15062
11183,15083
11206,15105
11229,15128
11253,15150
11276,15173
11299,15194
11321,15217
11343,15238
11364,15261
11387,15283
11409,15305
11432,15327
11455,15351
11478,15374
11503,15396
11527,15419
11552,15441
11576,15463
11600,15486
11623,15510
11646,15534
11670,15558
11692,15583
11716,15607
11741,15630
11766,15654
11790,15679
11814,15703
11839,15727
11864,15753
11888,15777
11911,15802
11936,15826
11962,15853
11988,15878
12013,15902
12039,15926
12064,15949
12088,15973
12112,15998
12137,16022
12161,16047
12185,16072
12209,16097
12233,16119
12256,16142
12279,16166
12302,16189
12327,16212
12351,16235
12376,16258
12400,16281
12424,16304
12449,16327
12473,16349
12496,16373
12521,12
12545,35
12569,58
12592,82
12615,105
12638,126
12662,149
12685,171
12707,192
12731,216
12754,237
12778,259
12801,282
12824,303
12848,325
12871,347
12893,369
12917,392
12941,413
12963,435
12986,457
13009,480
13032,501
13054,523
13076,545
13100,567
13124,589
13146,612
13169,636
13191,658
13214,680
13237,703
13260,726
13283,748
13307,770
13331,792
13354,814
13376,836
13400,858
13424,880
13447,903
13471,926
13495,948
13517,969
13542,992
13563,1014
13587,1036
13611,1058
13633,1081
13656,1103
13680,1126
13704,1148
13728,1170
13752,1193
13775,1216
13798,1239
13821,1263
13846,1284
13870,1306
13894,1329
13918,1352
13942,1375
13965,1398
13989,1420
14013,1442
14037,1463
14061,1485
14084,1508
14108,1532
14131,1555
14155,1578
14180,1602
14204,1624
14229,1648
14253,1671
14278,1694
14304,1716
14328,1738
14352,1761
14376,1784
14401,1806
14425,1828
14449,1850
14472,1873
14495,1896
14519,1919
14541,1943
14564,1964
14588,1985
14612,2008
14634,2030
14658,2052
14681,2075
14703,2098
14728,2119
14752,2142
14775,2164
14799,2185
14823,2207
14846,2228
14871,2251
14892,2273
14916,2295
14938,2317
14960,2339
14983,2361
15007,2383
15030,2405
15053,2427
15076,2449
15099,2471
15122,2493
15145,2516
15167,2538
15189,2560
15214,2583
15237,2605
15260,2626
15282,2648
15305,2671
15328,2694
15351,2716
15375,2738
15397,2760
15421,2782
15444,2805
15468,2827
15492,2851
15514,2873
15536,2894
15559,2917
15583,2940
15607,2963
15630,2985
15652,3008
15676,3030
15700,3053
15722,3075
15744,3097
15767,3120
15790,3140
15813,3164
15835,3187
15858,3209
15879,3231
15902,3254
15925,3278
15947,3300
15971,3323
15994,3346
16019,3370
16042,3393
16066,3418
16090,3443
16115,3467
16138,3491
16163,3515
16186,3540
16211,3564
16235,3587
16258,3613
16282,3636
16305,3661
16328,3685
16352,3710
16375,3734
14,3759
39,3784
63,3809
88,3834
114,3857
141,3882
166,3908
190,3931
215,3955
240,3979
264,4002
289,4026
313,4051
336,4074
359,4099
383,4122
405,4146
427,4170
451,4195
474,4218
497,4242
521,4265
545,4288
568,4311
592,4335
618,4358
642,4381
666,4404
689,4427
711,4449
735,4473
758,4496
781,4519
804,4541
825,4564
847,4586
870,4607
892,4631
915,4654
938,4676
961,4699
984,4723
1008,4745
1032,4767
1055,4789
1078,4812
1102,4833
1125,4855
1147,4877
1170,4899
1193,4922
1216,4944
1239,4966
1261,4989
1283,5011
1305,5034
1327,5056
1349,5079
1372,5101
1397,5123
1421,5145
1446,5169
1470,5192
1495,5214
1519,5238
1543,5260
1567,5284
1590,5306
1613,5329
1636,5353
1658,5375
1681,5397
1704,5420
1726,5443
1749,5464
1773,5487
1797,5508
1821,5531
1846,5553
1870,5577
1896,5600
1920,5623
1944,5646
1969,5669
1993,5692
2017,5714
2041,5737
2064,5761
2089,5783
2112,5807
2136,5829
2160,5853
2182,5876
2206,5898
2231,5921
2255,5944
2279,5967
2304,5989
2328,6010
2351,6033
2375,6056
2400,6080
2423,6101
2447,6124
2472,6147
2495,6168
2518,6191
2540,6214
2564,6236
2587,6258
2611,6280
2633,6303
2655,6324
2677,6347
2701,6369
2725,6390
2749,6412
2772,6435
2797,6458
2820,6480
2844,6502
2866,6523
2889,6544
2913,6567
2935,6589
2959,6610
2982,6632
3004,6654
3026,6676
3048,6697
3071,6719
3092,6742
3115,6762
3137,6783
3161,6806
3185,6827
3208,6849
3232,6872
3256,6892
3279,6915
3303,6939
3326,6961
3349,6982
3372,7004
3394,7029
3417,7051
3439,7073
3460,7095
3482,7117
3506,7138
3529,7162
3551,7184
3574,7206
3598,7228
3621,7251
3644,7273
3667,7295
3690,7317
3713,7337
3735,7359
3757,7380
3779,7402
3801,7422
3824,7445
3845,7467
3868,7490
3889,7513
3911,7536
3933,7558
3956,7581
3978,7603
4002,7627
4026,7649
4050,7673
4073,7696
4098,7720
4122,7744
4146,7768
4170,7792
4196,7815
4219,7839
4243,7865
4267,7890
4292,7915
4317,7938
4340,7962
4364,7986
4389,8009
4415,8034
4439,8058
4463,8080
4487,8105
4512,8129
4537,8151
4561,8175
4587,8197
4611,8221
4636,8245
4660,8269
4684,8292
4709,8316
4733,8339
4757,8362
4782,8385
4804,8407
4827,8431
4850,8454
4873,8478
4896,8500
4919,8522
4942,8546
4967,8569
4991,8591
5014,8614
5037,8636
5061,8657
5084,8680
5107,8702
5130,8725
5153,8748
5177,8770
5200,8792
5223,8814
5246,8837
5269,8858
5291,8879
5313,8900
5336,8922
5358,8944
5380,8966
5402,8988
5424,9009
5446,9031
5469,9052
5492,9073
5515,9094
5537,9116
5561,9137
5583,9158
5607,9179
5630,9201
5653,9224
5677,9245
5699,9269
5722,9291
5744,9315
5768,9337
5791,9358
5815,9381
5840,9404
5864,9427
5887,9449
5912,9471
5936,9493
5959,9516
5983,9539
6009,9561
6033,9584
6056,9606
6079,9629
6101,9652
6123,9674
6146,9696
6169,9718
6193,9740
6215,9762
6240,9784
6263,9808
6287,9830
6312,9851
6335,9873
6360,9897
6384,9921
6408,9944
6432,9967
6458,9990
6482,10013
6506,10036
6529,10058
6554,10081
6578,10105
6601,10128
6626,10150
6649,10174
6673,10198
6697,10220
6721,10244
6746,10266
6769,10288
6794,10310
6817,10331
6840,10354
6864,10377
6887,10399
6911,10421
6935,10444
6959,10466
6983,10490
7007,10514
7031,10536
7055,10558
7078,10580
7100,10602
7123,10625
7145,10647
7167,10668
7191,10689
7215,10711
7239,10733
7262,10755
7283,10777
7306,10799
7330,10821
7354,10843
7377,10866
7401,10889
7423,10911
7445,10933
7467,10954
7489,10977
7512,11001
7535,11024
7556,11047
7579,11068
7602,11090
7625,11113
7649,11135
7672,11158
7695,11180
7718,11202
7741,11223
7765,11247
7789,11271
7810,11294
7833,11316
7856,11338
7879,11360
7901,11383
7924,11406
7946,11427
7968,11450
7990,11472
8010,11493
8033,11516
8055,11539
8076,11561
8099,11584
8121,11606
8142,11628
8164,11649
8186,11672
8209,11695
8234,11718
8257,11742
8280,11766
8304,11790
8327,11814
8350,11838
8372,11862
8396,11885
8420,11909
8443,11934
8465,11956
8489,11980
8514,12004
8538,12027
8562,12050
8586,12075
8611,12097
8636,12121
8661,12145
8685,12170
8709,12194
8734,12217
8759,12241
8784,12266
8808,12290
8831,12315
8853,12339
8876,12364
8899,12388
8924,12413
8948,12438
8973,12461
8997,12485
9022,12509
9046,12534
9071,12558
9096,12579
9121,12604
9144,12628
9168,12651
9192,12675
9215,12697
9238,12719
9260,12742
9283,12766
9305,12789
9327,12811
9349,12833
9373,12857
9395,12879
9419,12901
9440,12924
9464,12947
9488,12970
9511,12991
9534,13013
9558,13035
9581,13057
9604,13079
9628,13101
9649,13124
9671,13146
9693,13166
9713,13187
9735,13209
9758,13231
9779,13252
9803,13273
9824,13294
9846,13316
9867,13337
9890,13359
9912,13380
9936,13402
9959,13424
9982,13445
10005,13468
10028,13491
10054,13514
10076,13535
10099,13557
10123,13580
10147,13603
10170,13626
10193,13647
10215,13670
10239,13693
10263,13715
10286,13738
10309,13762
10333,13784
10357,13806
10380,13828
10403,13850
10427,13871
10451,13892
10473,13915
10498,13937
10521,13959
10544,13980
10568,14002
10590,14024
10612,14046
10635,14068
10657,14091
10681,14113
10705,14136
10729,14157
10752,14180
10776,14204
10801,14230
10826,14252
10850,14276
10876,14299
10900,14322
10924,14345
10949,14368
10973,14390
10996,14413
11019,14435
11042,14458
11066,14480
11090,14503
11113,14525
11137,14549
11161,14570
11183,14591
11207,14614
11231,14635
11255,14657
11280,14680
11304,14705
11327,14727
11351,14748
11376,14770
11398,14792
11422,14813
11444,14835
11468,14857
11489,14879
11512,14901
11533,14923
11557,14945
11579,14968
11602,14990
11626,15011
11649,15034
11673,15056
11696,15078
11719,15100
11743,15122
11766,15146
11789,15167
11812,15189
11834,15210
11857,15231
11878,15254
11900,15276
11922,15299
11945,15322
11968,15344
11990,15365
12014,15387
12035,15409
12058,15431
12081,15453
12103,15475
12126,15497
12148,15520
12171,15541
12193,15565
12215,15586
12238,15608
12260,15629
12282,15652
12304,15673
12325,15695
12348,15717
12369,15738
12393,15760
12416,15782
12437,15804
12460,15828
12483,15850
12506,15872
12531,15896
12554,15919
12579,15942
12601,15963
12625,15987
12649,16010
12671,16032
12695,16055
12718,16077
12741,16101
12765,16124
12788,16148
12811,16171
12835,16192
12859,16215
12884,16238
12909,16261
12934,16286
12959,16310
12983,16334
13009,16358
13034,16381
13059,21
13083,44
13106,68
13132,93
13158,119
13183,143
13208,167
13234,191
13258,214
13283,239
13309,263
13334,287
13359,312
13382,335
13407,359
13432,383
13457,406
13481,430
13505,454
13530,476
13553,497
13576,520
13600,545
13624,568
13648,591
13671,615
13695,637
13718,660
13741,683
13764,705
13786,727
13809,748
13833,771
13857,793
13880,815
13902,837
13926,858
13949,880
13972,901
13997,923
14019,945
14042,967
14064,988
14087,1009
14110,1031
14133,1052
14154,1073
14177,1095
14198,1117
14221,1137
14243,1158
14265,1180
14287,1202
14310,1223
14333,1245
14355,1266
14379,1288
14402,1310
14426,1331
14449,1355
14472,1377
14496,1400
14519,1422
14543,1445
14567,1467
14591,1490
14615,1512
14639,1534
14664,1557
14687,1579
14710,1601
14733,1622
14756,1644
14779,1666
14801,1688
14824,1711
14848,1732
14873,1753
14896,1776
14919,1797
14943,1820
14967,1843
14990,1865
15014,1887
15038,1911
15062,1934
15086,1956
15110,1978
15133,2001
15157,2024
15180,2047
15205,2070
15228,2094
15253,2116
15276,2139
15300,2162
15325,2183
15349,2206
15373,2228
15397,2252
15421,2276
15446,2299
15470,2322
15493,2344
15516,2367
15540,2388
15564,2412
15587,2435
15610,2457
15632,2479
15655,2502
15679,2524
15702,2546
15725,2570
15748,2593
15772,2615
15795,2637
15819,2659
15842,2681
15866,2704
15889,2727
15912,2749
15933,2772
15956,2794
15977,2815
15999,2836
16021,2858
16042,2881
16064,2903
16086,2924
16109,2945
16131,2967
16153,2990
16175,3011
16197,3034
16220,3056
16242,3078
16265,3102
16288,3125
16311,3147
16333,3169
16355,3191
16376,3213
15,3234
35,3257
57,3279
79,3302
100,3325
123,3347
145,3369
168,3392
191,3414
214,3436
236,3459
259,3482
283,3504
304,3526
327,3548
350,3570
372,3593
395,3615
417,3638
438,3659
460,3683
483,3706
504,3729
527,3753
550,3776
572,3799
596,3821
617,3844
641,3866
665,3889
688,3911
713,3934
736,3955
761,3980
785,4002
808,4025
830,4048
855,4070
880,4095
904,4120
928,4145
953,4171
977,4195
999,4219
1023,4242
1048,4266
1074,4290
1097,4313
1122,4338
1147,4363
1173,4388
1198,4414
1224,4439
1249,4464
1276,4489
1301,4515
1324,4539
1349,4563
1373,4586
1397,4611
1419,4635
1443,4658
1467,4682
1491,4706
1515,4730
1538,4753
1562,4775
1586,4798
1610,4821
1635,4844
1659,4867
1684,4890
1707,4914
1731,4935
1754,4958
1776,4981
1800,5002
1823,5025
1846,5047
1868,5071
1890,5094
1912,5116
1935,5136
1958,5158
1980,5180
2003,5202
2027,5224
2050,5246
2072,5268
2095,5288
2117,5309
2140,5330
2162,5351
2184,5373
2206,5394
2229,5415
2251,5437
2272,5458
2294,5481
2316,5502
2339,5523
2363,5545
2386,5567
2410,5589
2434,5612
2458,5635
2483,5657
2505,5679
2529,5701
2552,5723
2577,5743
2599,5766
2623,5791
2646,5813
2670,5834
2693,5855
2717,5878
2740,5901
2761,5921
2783,5944
2807,5966
2831,5989
2854,6012
2878,6034
2902,6056
2926,6077
2951,6100
2975,6123
2998,6145
3022,6169
3046,6191
3070,6214
3093,6237
3117,6261
3140,6283
3164,6307
3187,6330
3211,6352
3234,6374
3257,6395
3281,6418
3305,6441
3329,6463
3353,6487
3378,6512
3402,6534
3427,6556
3451,6578
3475,6600
3499,6623
3523,6645
3547,6669
3570,6694
3594,6715
3617,6737
3640,6760
3663,6783
3686,6805
3708,6829
3732,6852
3755,6873
3778,6895
3800,6917
3824,6939
3847,6961
3869,6983
3892,7005
3915,7026
3937,7047
3959,7070
3981,7092
4002,7114
4024,7136
4045,7158
4068,7180
4089,7202
4110,7223
4133,7244
4154,7267
4177,7289
4200,7310
4223,7333
4246,7354
4268,7376
4291,7398
4315,7420
4339,7442
4362,7464
4383,7485
4405,7507
4427,7528
4449,7549
4471,7572
4494,7594
4517,7616
4540,7639
4564,7661
4587,7683
4609,7704
4632,7728
4656,7749
4679,7771
4703,7792
4725,7813
4748,7834
4770,7857
4792,7879
4816,7902
4839,7925
4862,7947
4885,7971
4909,7992
4932,8013
4954,8036
4977,8058
4999,8080
5021,8103
5045,8124
5068,8147
5092,8168
5115,8192
5140,8214
5164,8238
5186,8261
5212,8285
5236,8308
5260,8333
5285,8357
5309,8380
5334,8404
5360,8427
5384,8452
5409,8478
5433,8502
5457,8526
5483,8550
5506,8575
5533,8599
5558,8623
5583,8649
5608,8673
5632,8697
5658,8722
5682,8747
5707,8771
5732,8796
5757,8819
5782,8842
5807,8865
5831,8889
5857,8914
5882,8938
5906,8961
5929,8984
5951,9006
5975,9029
5998,9052
6020,9076
6045,9098
6069,9120
6093,9141
6117,9163
6141,9185
6164,9207
6187,9230
6211,9252
6233,9274
6256,9296
6279,9318
6301,9341
6324,9362
6346,9383
6368,9406
6392,9427
6414,9449
6437,9469
6459,9491
6483,9512
6504,9532
6527,9553
6550,9573
6572,9593
6594,9615
6616,9636
6640,9658
6661,9679
6684,9701
6707,9722
6730,9743
6752,9765
6775,9787
6798,9810
6822,9832
6845,9853
6868,9876
6890,9897
6913,9919
6937,9941
6960,9963
6982,9986
7006,10008
7030,10031
7054,10052
7077,10075
7102,10096
7124,10117
7148,10140
7170,10161
7193,10184
7216,10207
7239,10229
7261,10250
7284,10271
7307,10293
7329,10315
7353,10338
7377,10359
7400,10381
7424,10404
7448,10427
7472,10451
7495,10473
7520,10496
7543,10519
7567,10542
7590,10564
7615,10586
7638,10608
7660,10631
7683,10654
7706,10677
7729,10701
7752,10724
7774,10748
7797,10769
7821,10792
7844,10815
7868,10838
7893,10861
7917,10883
7942,10906
7965,10929
7987,10954
8010,10977
8033,11000
8056,11023
8078,11045
8101,11066
8122,11090
8144,11110
8166,11134
8187,11156
8210,11179
8232,11202
8255,11224
8278,11247
8300,11268
8323,11290
8345,11311
8368,11333
8392,11356
8414,11377
8436,11400
8458,11423
8481,11444
8503,11465
8526,11488
8547,11510
8568,11532
8590,11554
8612,11577
8634,11600
8658,11622
8681,11645
8704,11667
8727,11688
8749,11710
8772,11732
8795,11754
8818,11777
8841,11799
8864,11823
8885,11847
8908,11870
8929,11892
8952,11914
8974,11937
8997,11959
9019,11982
9042,12005
9066,12027
9089,12050
9111,12072
9135,12094
9158,12116
9182,12137
9206,12159
9229,12182
9252,12204
9276,12226
9298,12250
9322,12273
9344,12295
9366,12317
9389,12339
9412,12362
9434,12385
9457,12408
9481,12431
9504,12454
9527,12479
9550,12503
9575,12527
9599,12552
9625,12577
9649,12603
9676,12627
9701,12653
9726,12675
9751,12700
9776,12723
9801,12748
9825,12772
9849,12797
9874,12821
9900,12845
9924,12870
9948,12895
9973,12921
9998,12946
10023,12970
10050,12995
10076,13018
10101,13042
10128,13067
10151,13091
10176,13115
10201,13139
10226,13163
10250,13187
10273,13211
10297,13234
10320,13257
10344,13280
10368,13304
10392,13328
10417,13351
10439,13373
10463,13395
10488,13419
10511,13440
10536,13462
10560,13485
10583,13507
10607,13529
10632,13551
10656,13573
10679,13596
10702,13618
10723,13640
10746,13662
10768,13683
10789,13705
10813,13727
10836,13748
10858,13769
10880,13790
10902,13811
10926,13833
10950,13855
10973,13876
10997,13897
11020,13918
11044,13939
11066,13961
11089,13983
11113,14005
11137,14029
11160,14050
11183,14071
11206,14094
11229,14117
11253,14141
11277,14162
11299,14184
11324,14207
11349,14229
11373,14252
11398,14274
11422,14297
11445,14320
11470,14341
11494,14363
11518,14386
11543,14409
11566,14433
11588,14456
11611,14478
11635,14500
11659,14524
11681,14547
11704,14570
11727,14592
11752,14613
11776,14636
11800,14659
11825,14681
11851,14704
11875,14729
11901,14752
11924,14775
11949,14798
11972,14821
11994,14843
12018,14868
12041,14890
12065,14913
12088,14936
12111,14961
12134,14985
12157,15009
12181,15030
12205,15054
12229,15078
12253,15102
12278,15126
12302,15149
12325,15172
12349,15194
12374,15217
12397,15240
12422,15264
12446,15287
12468,15312
12491,15335
12514,15357
12538,15379
12561,15402
12584,15424
12606,15446
12629,15468
12653,15493
12676,15515
12700,15537
12725,15558
12748,15580
12770,15602
12793,15624
12817,15646
12839,15667
12862,15689
12883,15712
12908,15734
12930,15756
12953,15778
12976,15801
12998,15823
13020,15845
13042,15866
13064,15887
13087,15910
13109,15931
13132,15954
13155,15975
13177,15997
13199,16019
13222,16042
13245,16064
13269,16085
13291,16109
13313,16132
13336,16154
13358,16177
13380,16198
13404,16219
13426,16240
13448,16262
13471,16283
13494,16305
13517,16327
13540,16349
13563,16370
13586,8
13609,31
13633,54
13656,76
13680,99
13703,120
13725,143
13749,166
13770,188
13793,210
13817,234
13839,257
13863,280
13887,303
13910,326
13935,350
13959,374
13984,398
14009,420
14032,445
14057,468
14082,492
14106,516
14132,540
14156,565
14181,588
14206,613
14231,638
14256,662
14280,685
14305,709
14331,733
14355,757
14380,781
14404,803
14428,828
14454,851
14478,875
14503,900
14527,922
14552,946
14578,970
14602,993
14627,1017
14651,1040
14673,1064
14698,1087
14723,1111
14747,1133
14770,1154
14791,1176
14815,1198
14836,1221
14859,1243
14882,1266
14905,1287
14929,1309
14952,1329
14975,1351
15000,1373
15022,1395
15045,1417
15067,1438
15090,1458
15113,1479
15134,1500
15157,1522
15179,1543
15201,1565
15222,1586
15245,1607
15266,1628
15289,1649
15310,1670
15333,1692
15356,1714
15377,1734
15400,1754
15422,1776
15445,1796
15467,1818
15489,1839
15511,1861
15535,1881
15557,1903
15580,1925
15603,1947
15626,1969
15650,1991
15673,2014
15695,2036
15719,2059
15742,2082
15765,2104
15788,2125
15810,2147
15833,2169
15856,2192
15879,2214
15904,2236
15928,2258
15952,2281
15975,2303
16000,2325
16023,2348
16045,2370
16067,2392
16090,2414
16113,2436
16135,2459
16157,2481
16179,2503
16201,2525
16221,2548
16244,2571
16266,2594
16289,2616
16314,2639
16336,2663
16360,2687
0,2710
23,2732
47,2756
71,2779
95,2802
118,2826
141,2850
165,2872
188,2895
211,2919
234,2943
258,2967
281,2989
305,3012
328,3036
351,3058
374,3081
397,3105
421,3128
446,3151
469,3175
492,3199
515,3222
539,3245
561,3267
584,3289
607,3312
628,3333
651,3354
672,3377
695,3399
717,3422
739,3445
761,3467
784,3488
807,3511
829,3534
852,3557
876,3580
900,3601
922,3623
944,3646
966,3669
989,3691
1010,3711
1032,3734
1054,3755
1076,3780
1099,3800
1120,3822
1143,3844
1166,3866
1188,3889
1211,3910
1235,3933
1257,3954
1281,3977
1305,3998
1329,4021
1352,4043
1375,4066
1397,4088
1420,4110
1444,4132
1467,4154
1489,4176
1511,4199
1533,4221
1556,4243
1579,4267
1602,4290
1625,4312
1649,4336
1673,4358
1696,4379
1719,4401
1744,4424
1766,4448
1790,4471
1813,4494
1836,4517
1859,4540
1882,4564
1905,4588
1930,4612
1955,4638
1980,4662
2006,4687
2031,4712
2057,4735
2081,4761
2106,4785
2132,4811
2157,4835
2183,4859
2208,4882
2233,4907
2257,4930
2281,4954
2308,4978
2333,5002
2357,5028
2382,5052
2407,5078
2432,5104
2456,5129
2481,5153
2506,5176
2531,5200
2557,5224
2582,5247
2608,5270
2634,5293
2658,5317
2683,5341
2708,5363
2732,5385
2756,5408
2780,5430
2804,5452
2827,5476
2851,5499
2874,5522
2897,5544
2921,5566
2943,5587
2965,5611
2988,5634
3012,5656
3035,5678
3059,5698
3083,5721
3107,5742
3131,5763
3154,5784
3177,5806
3199,5829
3222,5850
3245,5871
3267,5893
3288,5914
3309,5935
3332,5957
3355,5976
3378,5998
3400,6019
3423,6040
3447,6062
3470,6083
3494,6105
3517,6128
3540,6148
3563,6170
3586,6191
3609,6214
3634,6236
3658,6261
3681,6284
3705,6307
3729,6329
3752,6352
3776,6374
3800,6396
3822,6419
3846,6441
3871,6465
3895,6489
3918,6511
3942,6534
3964,6557
3987,6580
4009,6603
4032,6625
4054,6648
4078,6669
4101,6691
4124,6713
4148,6735
4172,6758
4195,6782
4218,6805
4241,6829
4265,6851
4290,6874
4314,6898
4338,6921
4362,6945
4387,6968
4411,6992
4436,7016
4460,7039
4485,7061
4508,7085
4531,7109
4555,7133
4580,7158
4606,7181
4629,7204
4653,7227
4676,7250
4700,7273
4723,7297
4747,7321
4770,7344
4793,7367
4817,7391
4840,7413
4865,7435
4889,7458
4913,7479
4937,7502
4960,7525
4982,7547
5004,7570
5027,7593
5050,7615
5073,7637
5095,7657
5117,7680
5139,7702
5160,7723
5183,7745
5206,7767
5228,7788
5249,7810
5272,7831
5294,7852
5317,7875
5340,7895
5362,7917
5383,7939
5404,7960
5426,7981
5447,8001
5468,8022
5491,8043
5514,8063
5535,8085
5557,8105
5579,8126
5602,8148
5625,8170
5648,8192
5672,8216
5694,8238
5716,8259
5740,8281
5763,8303
5785,8324
5806,8345
5830,8366
5852,8388
5875,8410
5897,8432
5920,8455
5942,8477
5963,8499
5986,8521
6008,8542
6030,8563
6053,8585
6075,8607
6098,8629
6122,8652
6145,8675
6168,8697
6190,8720
6215,8744
6239,8767
6263,8791
6288,8813
6312,8837
6337,8862
6361,8885
6385,8910
6411,8935
6436,8960
6461,8984
6485,9008
6510,9032
6534,9056
6558,9079
6582,9102
6607,9125
6632,9148
6657,9172
6681,9197
6705,9221
6731,9243
6756,9269
6782,9295
6808,9318
6833,9342
6858,9365
6883,9389
6908,9412
6934,9438
6957,9461
6981,9485
7005,9507
7030,9530
7053,9553
7076,9577
7101,9599
7125,9621
7149,9644
7173,9666
7196,9688
7219,9709
7241,9731
7264,9754
7287,9775
7309,9798
7331,9819
7353,9841
7374,9863
7398,9885
7420,9906
7442,9927
7464,9949
7486,9970
7508,9991
7532,10012
7555,10034
7578,10054
7601,10075
7623,10096
7645,10117
7666,10137
7688,10158
7709,10178
7730,10199
7751,10218
7773,10240
7795,10261
7816,10283
7839,10304
7861,10326
7886,10348
7910,10370
7933,10391
7955,10413
7978,10435
8000,10459
8024,10482
8047,10505
8069,10528
8093,10552
8116,10575
8138,10598
8162,10620
8185,10642
8207,10664
8230,10687
8252,10709
8274,10732
8297,10754
8321,10775
8344,10798
8366,10821
8389,10844
8413,10865
8437,10887
8460,10909
8483,10931
8506,10955
8530,10979
8554,11001
8575,11025
8598,11048
8622,11072
8645,11096
8667,11119
8690,11143
8713,11165
8737,11188
8760,11211
8784,11234
8807,11257
8832,11280
8856,11303
8880,11327
8904,11352
8930,11377
8954,11400
8978,11424
9002,11447
9026,11471
9051,11495
9074,11518
9098,11541
9119,11563
9142,11587
9165,11611
9187,11632
9211,11656
9235,11679
9258,11702
9281,11725
9305,11747
9329,11770
9353,11793
9377,11815
9398,11839
9422,11859
9444,11882
9466,11903
9488,11925
9509,11949
9531,11972
9553,11993
9574,12016
9597,12037
9619,12059
9640,12081
9663,12103
9687,12124
9710,12145
9733,12165
9755,12186
9778,12207
9799,12229
9821,12250
9844,12272
9865,12294
9887,12315
9909,12335
9930,12358
9952,12380
9975,12402
9997,12424
10020,12445
10043,12468
10066,12489
10089,12513
10111,12535
10136,12558
10159,12582
10182,12602
10205,12625
10229,12647
10252,12671
10275,12692
10296,12716
10318,12737
10342,12760
10364,12783
10385,12805
10409,12827
10431,12849
10455,12872
10478,12897
10504,12921
10527,12944
10552,12967
10577,12992
10602,13015
10627,13038
10651,13062
10676,13085
10701,13109
10725,13133
10749,13157
10775,13181
10800,13205
10823,13229
10847,13253
10871,13277
10897,13301
10922,13325
10948,13349
10973,13373
10999,13397
11025,13421
11051,13446
11076,13471
11102,13496
11127,13520
11153,13543
11178,13566
11203,13590
11229,13613
11253,13637
11277,13662
11302,13687
11326,13711
11350,13735
11374,13758
11398,13781
11422,13804
11446,13827
11472,13849
11496,13871
11520,13894
11544,13915
11568,13937
11590,13958
11613,13980
11635,14001
11657,14022
11679,14043
11703,14065
11725,14088
11748,14109
11770,14130
11792,14151
11814,14172
11837,14194
11859,14214
11881,14235
11904,14255
11928,14277
11950,14297
11971,14317
11994,14338
12016,14359
12038,14380
12059,14401
12078,14420
12100,14442
12120,14462
12140,14483
12161,14503
12182,14525
12205,14545
12227,14566
12250,14589
12272,14610
12296,14632
12320,14655
12344,14678
12367,14701
12391,14722
12414,14744
12436,14767
12460,14789
12483,14810
12507,14832
12529,14855
12552,14878
12575,14901
12598,14922
12622,14945
12645,14966
12666,14989
12689,15011
12711,15034
12734,15055
12758,15078
12782,15100
12805,15122
12830,15145
12853,15166
12876,15189
12900,15213
12923,15234
12947,15256
12971,15280
12994,15302
13018,15326
13041,15349
13066,15372
13088,15396
13112,15418
13136,15444
13160,15467
13184,15489
13208,15512
13231,15536
13255,15561
13280,15585
13303,15607
13327,15630
13352,15652
13377,15676
13400,15699
13423,15724
13446,15745
13469,15767
13492,15791
13515,15816
13538,15838
13562,15862
13587,15885
13610,15908
13634,15930
13658,15954
13681,15975
13705,15998
13728,16019
13751,16041
13773,16064
13798,16086
13822,16109
13844,16132
13867,16154
13888,16175
13909,16195
13931,16217
13952,16238
13974,16259
13995,16280
14017,16301
14040,16323
14063,16343
14085,16364
14108,1
14129,23
14152,46
14175,66
14198,89
14219,109
14242,131
14264,153
14286,174
14309,196
14331,218
14353,240
14375,264
14398,285
14421,307
14444,329
14467,350
14489,374
14510,394
14532,415
14555,437
14578,459
14600,481
14623,503
14647,525
14669,549
14693,572
14717,595
14740,616
14763,638
14785,661
14808,683
14830,706
14854,729
14877,751
14901,775
14925,799
14950,822
14974,846
15000,870
15026,894
15051,918
15074,941
15099,966
15123,989
15149,1012
15173,1036
15196,1060
15221,1084
15246,1108
15271,1132
15296,1154
15320,1178
15344,1202
15370,1226
15396,1251
15421,1275
15447,1300
15472,1326
15499,1351
15526,1374
15551,1399
15577,1423
15602,1445
15627,1470
15651,1493
15675,1518
15699,1542
15724,1565
15749,1588
15773,1610
15796,1634
15818,1656
15841,1679
15863,1701
15886,1723
15909,1746
15933,1768
15955,1790
15978,1811
16001,1832
16024,1853
16048,1875
16071,1897
16095,1918
16117,1940
16140,1962
16162,1984
16184,2005
16205,2026
16225,2047
16245,2068
16267,2089
16288,2109
16308,2130
16329,2151
16350,2171
16372,2192
9,2214
31,2235
53,2256
75,2276
97,2298
118,2318
141,2340
163,2361
186,2382
208,2404
232,2428
254,2451
277,2473
299,2496
322,2518
345,2540
369,2563
392,2586
416,2610
440,2633
465,2657
488,2679
512,2701
535,2725
559,2748
582,2770
606,2793
630,2814
652,2837
675,2859
696,2881
719,2904
741,2927
764,2948
785,2970
810,2993
832,3017
856,3040
879,3062
903,3085
926,3109
950,3132
975,3155
999,3178
1022,3201
1045,3225
1069,3248
1093,3272
1118,3295
1141,3320
1164,3344
1187,3368
1210,3392
1234,3415
1257,3439
1280,3462
1304,3486
1327,3510
1352,3534
1378,3558
1402,3582
1426,3604
1451,3628
1474,3652
1497,3674
1521,3698
1544,3721
1567,3746
1589,3768
1612,3791
1635,3813
1656,3836
1679,3857
1702,3880
1725,3902
1747,3923
1770,3944
1794,3964
1818,3985
1841,4007
1864,4027
1886,4049
1907,4071
1931,4092
1951,4114
1974,4136
1994,4157
2015,4179
2037,4200
2059,4221
2081,4244
2102,4266
2123,4288
2146,4309
2167,4330
2190,4350
2212,4372
2235,4394
2256,4416
2279,4438
2302,4459
2326,4482
2350,4504
2371,4525
2394,4546
2416,4569
2436,4590
2458,4611
2480,4633
2502,4654
2524,4676
2547,4696
2569,4718
2593,4740
2617,4761
2641,4784
2665,4806
2688,4828
2712,4851
2737,4874
2759,4897
2781,4919
2804,4942
2828,4965
2852,4988
2874,5012
2897,5036
2922,5059
2945,5083
2971,5105
2996,5128
3019,5152
3044,5176
3070,5200
3094,5223
3119,5247
3144,5270
3170,5295
3194,5318
3220,5342
3245,5366
3269,5389
3294,5413
3318,5437
3343,5463
3368,5487
3394,5512
3418,5536
3446,5559
3471,5585
3498,5609
3524,5633
3551,5657
3577,5681
3602,5705
3627,5729
3652,5753
3679,5779
3701,5802
3726,5824
3751,5848
3774,5872
3799,5894
3822,5917
3845,5940
3867,5962
3890,5985
3912,6007
3934,6029
3956,6051
3978,6073
4001,6094
4024,6116
4048,6136
4070,6159
4093,6180
4115,6200
4138,6222
4161,6244
4182,6266
4203,6287
4225,6308
4248,6328
4269,6349
4291,6370
4313,6390
4335,6410
4356,6430
4379,6451
4402,6472
4424,6492
4445,6514
4467,6535
4489,6557
4513,6578
4536,6600
4559,6622
4582,6646
4607,6667
4630,6690
4653,6713
4676,6737
4699,6760
4722,6783
4746,6806
4770,6828
4794,6850
4819,6874
4843,6897
4867,6920
4891,6943
4914,6965
4938,6988
4962,7010
4985,7032
5008,7055
5031,7077
5053,7099
5077,7123
5100,7147
5124,7169
5147,7192
5172,7215
5195,7237
5218,7261
5242,7284
5267,7308
5290,7330
5313,7354
5337,7377
5361,7401
5384,7424
5410,7448
5433,7471
5458,7496
5482,7518
5505,7543
5530,7567
5554,7592
5579,7615
5603,7638
5626,7662
5651,7686
5675,7711
5699,7735
5724,7758
5747,7783
5771,7808
5796,7831
5820,7855
5844,7879
5868,7901
5892,7923
5916,7946
5938,7969
5961,7991
5985,8013
6009,8036
6032,8058
6055,8080
6077,8101
6101,8123
6124,8145
6146,8165
6168,8189
6189,8211
6213,8233
6236,8255
6257,8276
6280,8298
6303,8319
6326,8341
6349,8362
6373,8384
6395,8406
6416,8427
6438,8448
6461,8470
6483,8492
6506,8514
6528,8536
6548,8557
6569,8578
6591,8599
6612,8619
6633,8641
6656,8663
6678,8684
6701,8704
6724,8727
6747,8749
6770,8771
6793,8794
6817,8815
6839,8838
6862,8859
6886,8880
6908,8903
6929,8926
6951,8948
6974,8970
6997,8991
7019,9014
7043,9037
7066,9058
7090,9081
7113,9103
7137,9127
7160,9149
7184,9173
7208,9195
7233,9218
7257,9241
7282,9264
7306,9287
7330,9310
7352,9334
7376,9357
7400,9381
7425,9403
7449,9427
7473,9452
7497,9475
7522,9498
7547,9521
7573,9545
7598,9569
7623,9594
7649,9618
7675,9643
7701,9667
7725,9693
7750,9717
7775,9742
7801,9766
7825,9789
7849,9813
7874,9838
7900,9864
7924,9887
7948,9911
7974,9935
7998,9958
8022,9982
8047,10006
8072,10029
8096,10054
8120,10077
8144,10100
8166,10124
8189,10145
8213,10168
8235,10189
8259,10210
8281,10233
8303,10255
8325,10279
8347,10300
8369,10321
8391,10341
8414,10362
8436,10384
8457,10405
8480,10428
8503,10450
8526,10471
8548,10491
8570,10510
8593,10532
8615,10552
8635,10574
8655,10594
8677,10614
8698,10635
8720,10655
8740,10676
8761,10696
8782,10717
8804,10737
8826,10758
8847,10780
8870,10802
8893,10825
8917,10847
8941,10870
8964,10892
8988,10914
9012,10936
9035,10958
9058,10981
9080,11003
9103,11026
9126,11048
9148,11070
9171,11092
9195,11114
9217,11139
9241,11161
9263,11185
9286,11208
9309,11229
9332,11253
9356,11274
9380,11297
9403,11321
9427,11342
9449,11365
9471,11388
9493,11411
9517,11434
9541,11456
9563,11479
9586,11501
9608,11525
9631,11547
9654,11571
9677,11596
9702,11620
9724,11643
9748,11666
9771,11689
9796,11713
9821,11736
9847,11759
9871,11782
9895,11807
9919,11832
9942,11855
9966,11879
9990,11903
10014,11928
10037,11951
10060,11975
10085,11999
10108,12022
10133,12046
10157,12070
10181,12093
10203,12116
10227,12138
10252,12160
10278,12183
10302,12206
10326,12228
10350,12249
10372,12271
10395,12293
10418,12314
10441,12337
10463,12360
10485,12383
10508,12405
10529,12428
10552,12451
10574,12474
10597,12496
10619,12517
10642,12539
10665,12562
10687,12583
10710,12604
10734,12628
10756,12648
10779,12669
10802,12689
10824,12711
10847,12732
10868,12753
10889,12775
10911,12797
10933,12818
10953,12839
10974,12861
10997,12882
11019,12904
11041,12926
11064,12947
11087,12970
11110,12991
11134,13012
11157,13034
11181,13055
11204,13077
11228,13099
11250,13121
11273,13144
11294,13165
11316,13188
11339,13211
11362,13232
11383,13254
11406,13277
11429,13298
11452,13322
11475,13345
11500,13367
11524,13389
11549,13411
11575,13434
11600,13458
11624,13481
11647,13503
11670,13526
11694,13548
11717,13571
11741,13596
11766,13618
11791,13642
11814,13665
11839,13689
11864,13712
11889,13736
11914,13761
11939,13786
11964,13811
11990,13836
12016,13860
12043,13884
12068,13908
12094,13933
12118,13957
12142,13980
12167,14005
12192,14029
12217,14053
12241,14079
12266,14104
12290,14128
12316,14152
12341,14177
12366,14201
12391,14224
12416,14247
12443,14271
12468,14296
12493,14318
12518,14342
12542,14364
12567,14386
12591,14410
12614,14432
12638,14453
12661,14475
12683,14497
12706,14520
12729,14541
12751,14563
12774,14586
12799,14607
12820,14629
12842,14650
12866,14673
12890,14693
12913,14714
12935,14734
12957,14754
12979,14774
13002,14796
13024,14817
13046,14839
13068,14860
13090,14882
13112,14904
13133,14925
13155,14947
13178,14967
13201,14988
13224,15009
13247,15030
13270,15053
13295,15076
13318,15098
13343,15121
13367,15144
13392,15167
13415,15190
13437,15215
13461,15237
13484,15261
13508,15283
13532,15305
13556,15328
13579,15351
13602,15372
13626,15395
13650,15418
13673,15441
13697,15464
13722,15486
13746,15510
13770,15535
13793,15557
13817,15580
13840,15603
13863,15626
13887,15649
13911,15672
13935,15693
13958,15715
13982,15740
14006,15763
14030,15786
14054,15809
14077,15833
14101,15859
14125,15883
14149,15907
14174,15931
14198,15954
14222,15977
14248,16001
14272,16024
14296,16048
14323,16071
14347,16097
14372,16120
14397,16143
14421,16167
14446,16190
14470,16212
14495,16236
14518,16260
14543,16284
14566,16308
14590,16331
14616,16354
14639,16376
14664,16
14687,39
14711,62
14732,84
14757,106
14780,128
14803,151
14827,173
14849,195
14872,218
14895,239
14919,262
14941,285
14964,308
14988,329
15010,351
15033,372
15055,394
15077,415
15099,437
15120,458
15144,478
15166,500
15188,521
15211,542
15232,565
15253,585
15274,606
15297,627
15320,648
15341,669
15362,690
15383,711
15405,733
15427,754
15448,776
15470,796
15491,818
15513,840
15538,861
15560,882
15582,903
15605,924
15628,947
15652,968
15674,991
15698,1013
15722,1034
15745,1056
15768,1078
15792,1100
15813,1122
15836,1145
15858,1167
15880,1188
15902,1210
15925,1233
15948,1255
15972,1277
15996,1300
16019,1324
16043,1348
16067,1371
16092,1396
16118,1419
16144,1442
16167,1465
16189,1490
16213,1513
16237,1537
16262,1561
16286,1586
16311,1610
16335,1634
16360,1659
2,1684
26,1707
51,1731
78,1755
103,1780
128,1805
154,1829
181,1853
208,1878
233,1903
259,1927
285,1952
310,1976
333,2000
358,2023
382,2048
405,2073
429,2095
453,2119
477,2143
501,2166
525,2189
550,2213
574,2236
598,2259
622,2283
646,2306
670,2327
693,2350
716,2372
738,2394
760,2416
782,2437
804,2458
826,2480
847,2501
868,2521
889,2543
912,2565
935,2587
956,2608
977,2630
1001,2651
1024,2673
1046,2694
1067,2716
1089,2736
1112,2758
1134,2779
1156,2801
1179,2823
1200,2844
1222,2867
1246,2890
1268,2914
1291,2937
1314,2959
1338,2981
1361,3004
1385,3028
1409,3052
1434,3075
1458,3097
1481,3120
1506,3143
1530,3167
1555,3190
1578,3213
1601,3237
1625,3261
1648,3283
1671,3307
1695,3332
1718,3355
1742,3378
1764,3401
1788,3424
1812,3447
1834,3470
1858,3493
1881,3516
1905,3540
1930,3562
1953,3585
1976,3608
1999,3632
2025,3655
2047,3678
2072,3701
2095,3727
2119,3752
2142,3775
2167,3800
2191,3824
2216,3848
2239,3873
2263,3896
2288,3919
2313,3942
2337,3964
2361,3989
2386,4013
2411,4037
2435,4059
2460,4084
2483,4107
2508,4130
2532,4154
2555,4177
2578,4200
2600,4224
2626,4247
2649,4271
2672,4294
2695,4316
2719,4340
2742,4363
2765,4386
2789,4407
2813,4428
2836,4451
2859,4473
2882,4495
2905,4517
2928,4538
2949,4560
2972,4581
2994,4604
3016,4625
3038,4648
3060,4669
3082,4690
3105,4711
3127,4733
3149,4754
3171,4775
3193,4796
3215,4817
3238,4837
3260,4856
3282,4877
3304,4898
3326,4918
3345,4940
3367,4961
3389,4981
3410,5002
3431,5025
3452,5046
3475,5067
3497,5088
3518,5110
3543,5131
3566,5154
3588,5175
3613,5196
3635,5217
3658,5238
3681,5259
3704,5281
3726,5303
3750,5325
3773,5347
3796,5371
3819,5392
3841,5413
3863,5433
3885,5455
3908,5479
3930,5502
3952,5524
3975,5546
3998,5569
4022,5593
4047,5615
4071,5638
4095,5660
4121,5683
4146,5707
4170,5730
4196,5752
4221,5777
4246,5801
4272,5825
4296,5850
4320,5874
4345,5897
4371,5920
4395,5945
4421,5969
4446,5992
4470,6017
4497,6043
4522,6068
4548,6092
4574,6117
4599,6141
4626,6165
4652,6189
4676,6211
4701,6235
4726,6258
4752,6280
4776,6305
4801,6327
4825,6350
4850,6373
4874,6396
4898,6420
4921,6442
4944,6465
4966,6487
4990,6510
5015,6531
5038,6554
5062,6576
5085,6597
5108,6619
5131,6640
5153,6662
5176,6683
5196,6705
5218,6725
5241,6747
5263,6768
5285,6789
5306,6810
5327,6831
5349,6852
5370,6872
5391,6892
5414,6913
5436,6934
5458,6955
5479,6976
5501,6997
5522,7018
5545,7038
5567,7060
5590,7082
5613,7104
5635,7124
5657,7146
5679,7167
5702,7190
5725,7212
5749,7235
5773,7258
5796,7281
5820,7303
5844,7326
5868,7347
5892,7370
5915,7394
5938,7417
5963,7441
5989,7463
6013,7486
6037,7508
6059,7530
6081,7553
6103,7577
6128,7600
6150,7622
6173,7647
6197,7670
6219,7692
6242,7715
6265,7740
6289,7762
6314,7785
6338,7810
6361,7834
6385,7856
6408,7877
6432,7900
6457,7923
6482,7946
6506,7970
6529,7993
6554,8015
6577,8039
6602,8063
6626,8087
6650,8111
6676,8133
6699,8157
6724,8181
6749,8204
6772,8228
6796,8252
6821,8275
6845,8299
6870,8323
6896,8346
6920,8368
6944,8391
6967,8415
6991,8437
7014,8460
7038,8483
7060,8503
7084,8527
7108,8551
7131,8575
7154,8599
7178,8621
7201,8642
7223,8666
7245,8688
7268,8709
7291,8730
7314,8753
7336,8775
7359,8796
7382,8816
7405,8840
7425,8861
7447,8882
7469,8904
7490,8925
7513,8947
7533,8967
7555,8989
7575,9010
7597,9032
7619,9052
7640,9071
7662,9091
7684,9111
7705,9133
7726,9153
7748,9175
7771,9196
7792,9218
7815,9239
7839,9260
7861,9282
7882,9304
7905,9325
7925,9345
7945,9367
7967,9389
7989,9409
8010,9431
8031,9452
8054,9474
8076,9496
8100,9518
8123,9541
8147,9563
8169,9585
8192,9608
8215,9630
8239,9652
8262,9675
8285,9696
8307,9719
8329,9742
8352,9764
8376,9788
8397,9811
8421,9834
8445,9858
8470,9881
8494,9906
8520,9930
8545,9954
8571,9979
8597,10003
8623,10027
8648,10051
8674,10075
8699,10099
8723,10123
8748,10147
8773,10171
8798,10196
8823,10221
8847,10246
8872,10270
8897,10295
8923,10321
8949,10346
8975,10370
9002,10396
9027,10420
9054,10444
9080,10467
9106,10491
9130,10516
9155,10539
9179,10564
9203,10588
9228,10611
9251,10634
9274,10658
9298,10680
9320,10703
9343,10726
9367,10748
9389,10770
9412,10794
9435,10815
9458,10838
9480,10861
9504,10882
9526,10905
9549,10925
9573,10947
9596,10968
9618,10991
9640,11013
9663,11035
9685,11057
9706,11078
9727,11099
9749,11119
9771,11142
9793,11163
9815,11185
9837,11207
9861,11229
9884,11250
9906,11271
9929,11294
9952,11316
9975,11338
10000,11361
10024,11384
10046,11407
10070,11431
10093,11453
10116,11478
10139,11501
10162,11525
10184,11548
10209,11572
10233,11595
10258,11619
10282,11643
10307,11667
10331,11691
10356,11713
10381,11738
10404,11762
10428,11785
10452,11807
10476,11830
10499,11852
10521,11876
10544,11900
10567,11923
10591,11946
10615,11969
10638,11992
10661,12015
10686,12039
10711,12063
10734,12086
10759,12110
10785,12132
10809,12155
10833,12178
10858,12203
10883,12226
10908,12252
10934,12276
10958,12300
10983,12324
11006,12349
11030,12373
11054,12398
11079,12421
11103,12446
11128,12470
11154,12494
11179,12517
11204,12544
11230,12567
11253,12590
11278,12612
11302,12636
11326,12660
11350,12684
11374,12707
11398,12729
11421,12751
11443,12775
11467,12797
11490,12820
11512,12843
11534,12866
11556,12889
11578,12911
11603,12932
11624,12955
11648,12977
11672,12999
11697,13021
11720,13042
11743,13063
11765,13083
11788,13105
11809,13127
11831,13148
11852,13171
11875,13193
11897,13215
11918,13236
11938,13255
11959,13276
11981,13297
12004,13317
12026,13339
12046,13358
12068,13379
12089,13399
12111,13419
12133,13440
12154,13462
12177,13482
12199,13503
12220,13524
12242,13543
12264,13566
12287,13587
12309,13609
12330,13631
12353,13652
12375,13674
12397,13695
12419,13716
12440,13739
12464,13759
12488,13780
12511,13801
12534,13823
12557,13845
12580,13866
12604,13888
12627,13911
12650,13934
12673,13956
12697,13978
12720,14000
12744,14023
12769,14046
12792,14068
12815,14091
12839,14114
12863,14137
12887,14161
12911,14185
12937,14208
12960,14231
12985,14253
13010,14279
13036,14302
13061,14325
13086,14349
13110,14374
13135,14397
13160,14420
13186,14444
13211,14468
13236,14491
13262,14515
13288,14540
13313,14565
13338,14588
13363,14612
13388,14637
13414,14661
13439,14687
13465,14711
13490,14733
13514,14756
13540,14779
13564,14802
13588,14825
13612,14848
13635,14869
13658,14892
13680,14914
13704,14936
13728,14959
13751,14983
13773,15005
13795,15027
13817,15049
13840,15071
13864,15093
13887,15113
13909,15135
13932,15157
13955,15178
13977,15199
13999,15220
14022,15241
14044,15262
14065,15284
14086,15305
14108,15325
14130,15345
14151,15367
14173,15388
14195,15411
14216,15432
14237,15452
14259,15474
14281,15494
14303,15515
14326,15537
14348,15558
14372,15580
14396,15602
14419,15625
14443,15650
14466,15673
14489,15696
14512,15719
14536,15743
14560,15765
14584,15788
14608,15810
14632,15833
14656,15857
14681,15880
14704,15903
14729,15926
14753,15950
14776,15975
14799,15998
14823,16021
14846,16044
14870,16067
14893,16090
14916,16112
14940,16136
14964,16158
14986,16182
15010,16203
15032,16224
15057,16247
15081,16269
15104,16293
15128,16318
15151,16342
15176,16365
15202,4
15226,28
15250,52
15274,75
15299,98
15323,122
15348,146
15373,170
15396,194
15421,218
15446,241
15470,265
15494,289
15518,311
15541,334
15565,358
15590,381
15615,403
15636,426
15660,450
15683,474
15707,497
15730,520
15754,542
15777,565
15801,588
15826,610
15849,633
15871,655
15894,677
15916,699
15938,721
15961,742
15982,764
16004,786
16026,809
16047,831
16068,851
16091,872
16113,895
16134,915
16156,936
16178,957
16200,979
16222,1001
16243,1021
16263,1042
16284,1062
16305,1083
16326,1104
16347,1125
16368,1147
6,1167
28,1189
49,1210
71,1231
93,1252
114,1273
136,1294
156,1316
180,1338
204,1359
228,1379
251,1400
273,1422
295,1443
317,1464
340,1488
363,1510
385,1533
408,1555
430,1578
453,1599
475,1621
498,1644
521,1667
545,1690
569,1712
594,1735
619,1757
644,1781
668,1806
692,1829
717,1853
741,1876
767,1900
790,1924
814,1947
838,1971
862,1994
886,2019
911,2043
937,2068
962,2092
987,2115
1013,2139
1040,2164
1066,2190
1092,2215
1119,2240
1145,2264
1171,2289
1198,2315
1224,2340
1249,2366
1273,2390
1299,2415
1323,2440
1347,2464
1373,2490
1397,2514
1422,2538
1447,2562
1472,2587
1499,2612
1525,2637
1552,2660
1578,2684
1603,2708
1627,2732
1651,2755
1674,2778
1697,2801
1721,2823
1743,2846
1765,2869
1787,2892
1809,2914
1833,2937
1853,2958
1876,2979
1899,3003
1921,3024
1945,3045
1969,3067
1991,3088
2015,3110
2037,3132
2057,3154
2080,3175
2103,3198
2124,3219
2146,3241
2167,3263
2188,3286
2210,3307
2232,3329
2255,3353
2277,3375
2301,3397
2324,3418
2348,3441
2372,3466
2398,3488
2423,3511
2447,3537
2471,3562
2496,3585
2521,3609
2545,3634
2569,3658
2594,3682
2618,3705
2642,3730
2666,3754
2688,3778
2712,3803
2737,3825
2761,3847
2785,3871
2809,3894
2834,3916
2858,3939
2883,3961
2907,3983
2931,4007
2953,4029
2977,4052
3002,4075
3025,4097
3049,4121
3073,4146
3097,4171
3121,4195
3146,4219
3170,4244
3195,4267
3220,4292
3245,4316
3270,4340
3295,4364
3322,4389
3347,4413
3371,4437
3395,4462
3421,4486
3445,4509
3470,4533
3494,4557
3517,4581
3541,4605
3565,4629
3588,4652
3613,4675
3637,4698
3662,4722
3687,4746
3712,4769
3736,4793
3762,4816
3785,4838
3809,4860
3832,4882
3855,4904
3878,4927
3900,4950
3922,4970
3942,4993
3963,5016
3985,5038
4007,5059
4029,5080
4051,5099
4072,5121
4095,5144
4117,5165
4140,5187
4161,5209
4185,5231
4209,5252
4230,5272
4252,5290
4273,5312
4295,5334
4318,5353
4338,5375
4359,5395
4380,5416
4401,5437
4424,5459
4445,5479
4468,5500
4490,5521
4512,5542
4534,5563
4557,5584
4581,5604
4603,5627
4626,5649
4649,5669
4671,5690
4693,5712
4716,5733
4740,5754
4762,5775
4786,5797
4810,5820
4833,5842
4856,5864
4879,5886
4903,5910
4928,5934
4952,5956
4976,5979
5000,6002
5024,6026
5050,6049
5074,6072
5099,6094
5125,6118
5150,6142
5174,6165
5199,6189
5224,6213
5249,6236
5274,6259
5298,6284
5323,6307
5349,6333
5373,6356
5398,6379
5423,6403
5450,6429
5474,6454
5500,6478
5526,6502
5551,6526
5578,6552
5605,6578
5631,6603
5657,6628
5683,6653
5708,6677
5732,6702
5758,6727
5783,6751
5808,6776
5832,6800
5856,6823
5880,6846
5904,6872
5930,6895
5954,6918
5978,6943
6003,6966
6027,6990
6052,7013
6075,7035
6097,7057
6120,7079
6143,7100
6166,7123
6190,7144
6211,7166
6234,7186
6256,7208
6277,7229
6299,7250
6321,7271
6343,7292
6365,7314
6388,7336
6409,7359
6431,7380
6454,7401
6475,7420
6497,7440
6520,7461
6541,7482
6563,7505
6585,7527
6607,7549
6630,7572
6653,7594
6676,7616
6699,7640
6721,7662
6746,7686
6769,7708
6792,7731
6816,7754
6840,7776
6865,7801
6889,7824
6912,7849
6937,7873
6961,7895
6986,7918
7010,7941
7033,7965
7056,7988
7078,8010
7102,8032
7125,8054
7148,8076
7171,8099
7193,8121
7217,8145
7241,8167
7265,8189
7288,8211
7311,8234
7335,8257
7360,8280
7385,8303
7409,8327
7432,8350
7454,8374
7478,8398
7502,8421
7525,8445
7549,8469
7574,8493
7598,8518
7624,8541
7648,8566
7673,8591
7697,8615
7721,8638
7746,8663
7769,8687
7793,8711
7818,8735
7843,8757
7867,8782
7892,8805
7917,8828
7941,8851
7964,8875
7987,8898
8010,8920
8032,8943
8053,8967
8076,8990
8099,9013
8121,9037
8144,9059
8167,9082
8190,9104
8213,9127
8236,9149
8259,9171
8282,9192
8304,9214
8326,9236
8348,9256
8369,9277
8390,9299
8412,9320
8434,9341
8455,9362
8475,9383
8496,9403
8517,9425
8539,9446
8561,9467
8583,9488
8606,9508
8627,9529
8648,9550
8673,9570
8695,9591
8718,9611
8740,9632
8762,9653
8783,9673
8804,9693
8826,9716
8847,9739
8867,9759
8888,9781
8910,9802
8933,9824
8955,9844
8977,9866
8999,9886
9022,9908
9045,9929
9070,9949
9094,9972
9119,9994
9143,10015
9167,10038
9190,10061
9214,10084
9237,10107
9261,10131
9283,10154
9308,10177
9331,10201
9355,10225
9380,10248
9404,10270
9427,10294
9451,10317
9478,10340
9503,10365
9528,10388
9554,10411
9579,10434
9604,10458
9630,10482
9656,10507
9680,10531
9706,10555
9729,10580
9754,10604
9779,10630
9803,10656
9828,10680
9854,10705
9880,10730
9905,10755
9931,10781
9957,10806
9984,10831
10011,10857
10037,10882
10063,10906
10089,10931
10114,10956
10139,10981
10165,11004
10190,11029
10215,11053
10239,11077
10263,11101
10286,11126
10310,11150
10332,11174
10355,11196
10379,11219
10403,11242
10428,11264
10452,11287
10476,11309
10500,11331
10522,11353
10545,11375
10567,11396
10589,11418
10610,11439
10633,11461
10654,11483
10675,11505
10696,11527
10717,11549
10740,11571
10763,11591
10785,11613
10805,11633
10829,11655
10853,11677
10875,11697
10896,11718
10920,11740
10943,11763
10966,11785
10990,11807
11012,11830
11035,11854
11058,11877
11082,11900
11105,11923
11128,11945
11151,11969
11174,11992
11198,12017
11222,12039
11247,12061
11272,12084
11297,12107
11322,12130
11346,12153
11369,12177
11393,12200
11417,12222
11440,12245
11462,12267
11486,12289
11509,12313
11530,12334
11554,12356
11578,12379
11601,12402
11625,12424
11647,12448
11671,12471
11694,12494
11718,12518
11743,12541
11767,12565
11791,12590
11816,12615
11842,12638
11866,12660
11890,12683
11913,12707
11937,12731
11962,12755
11985,12779
12010,12803
12034,12826
12058,12852
12081,12876
12105,12900
12130,12924
12154,12946
12177,12970
12202,12993
12228,13016
12252,13039
12275,13063
12299,13086
12324,13110
12347,13133
12370,13156
12393,13180
12417,13203
12440,13225
12462,13247
12485,13270
12507,13291
12530,13312
12554,13334
12579,13356
12602,13377
12624,13399
12647,13419
12671,13441
12692,13464
12715,13485
12739,13508
12760,13528
12783,13549
12805,13570
12826,13591
12848,13612
12868,13632
12890,13653
12911,13675
12933,13696
12955,13717
12978,13737
13000,13758
13022,13779
13043,13800
13065,13820
13087,13839
13110,13859
13132,13879
13154,13900
13175,13922
13196,13941
13218,13961
13239,13981
13260,14002
13282,14024
13304,14045
13326,14065
13348,14086
13371,14107
13393,14127
13417,14148
13439,14169
13461,14189
13484,14210
13509,14231
13530,14254
13555,14276
13578,14299
13601,14321
13625,14343
13648,14365
13671,14387
13694,14411
13718,14434
13744,14456
13767,14479
13791,14503
13814,14526
13838,14550
13862,14572
13886,14595
13910,14618
13934,14642
13960,14665
13984,14687
14009,14712
14033,14735
14057,14760
14083,14784
14106,14807
14131,14830
14157,14855
14182,14878
14206,14901
14230,14926
14254,14949
14280,14972
14306,14997
14330,15022
14354,15045
14380,15069
14404,15093
14431,15118
14457,15143
14483,15169
14508,15194
14532,15216
14558,15239
14582,15262
14607,15286
14630,15309
14654,15333
14677,15356
14699,15379
14721,15402
14745,15423
14768,15445
14791,15466
14813,15488
14835,15510
14858,15532
14879,15553
14901,15575
14923,15596
14945,15617
14968,15637
14990,15658
15012,15679
15033,15701
15054,15722
15076,15742
15098,15763
15120,15785
15143,15806
15163,15826
15183,15846
15206,15868
15227,15889
15248,15909
15269,15931
15291,15952
15313,15974
15336,15997
15358,16019
15381,16040
15404,16063
15428,16085
15451,16108
15473,16132
15497,16155
15521,16179
15544,16200
15567,16222
15591,16245
15613,16268
15636,16290
15659,16313
15683,16336
15706,16357
15729,16380
15752,18
15775,40
15799,61
15823,84
15846,108
15869,131
15891,154
15914,175
15936,196
15959,218
15982,241
16005,264
16028,287
16052,310
16076,333
16099,356
16122,379
16143,403
16166,427
16190,450
16214,474
16238,497
16262,520
16285,543
16309,566
16332,589
16356,613
16379,637
19,660
41,682
64,706
86,729
109,752
133,775
158,799
182,822
205,846
229,869
252,892
277,915
302,938
325,961
350,984
372,1005
396,1029
418,1051
442,1073
463,1095
485,1117
507,1140
528,1162
549,1184
572,1205
595,1226
618,1246
639,1267
662,1288
685,1310
709,1332
731,1354
754,1374
777,1393
799,1413
821,1435
843,1457
864,1477
884,1499
905,1520
926,1542
947,1562
970,1582
991,1602
1013,1623
1034,1644
1056,1665
1078,1684
1099,1705
1121,1726
1142,1746
1164,1768
1186,1789
1208,1809
1230,1830
1252,1851
1273,1873
1296,1894
1317,1916
1339,1938
1361,1959
1384,1981
1407,2004
1430,2027
1454,2048
1479,2071
1502,2095
1527,2116
1551,2138
1575,2160
1599,2181
1624,2205
1647,2228
1671,2251
1695,2275
1720,2298
1744,2323
1768,2347
1791,2371
1815,2395
1840,2419
1864,2442
1888,2466
1914,2490
1939,2513
1965,2538
1991,2562
2018,2586
2043,2611
2068,2635
2093,2661
2118,2685
2143,2711
2170,2737
2195,2762
2218,2786
2242,2811
2267,2835
2292,2860
2318,2885
2343,2910
2369,2935
2395,2958
2421,2983
2446,3008
2471,3032
2497,3056
2524,3080
2550,3104
2574,3129
2601,3152
2624,3176
2648,3201
2671,3224
2693,3247
2716,3269
2738,3292
2760,3314
2782,3337
2804,3358
2825,3380
2848,3402
2870,3423
2894,3447
2917,3468
2939,3490
2963,3511
2985,3532
3007,3553
3028,3573
3050,3595
3072,3616
3092,3639
3112,3661
3134,3682
3155,3703
3178,3725
3199,3746
3220,3768
3242,3789
3264,3813
3288,3836
3312,3858
3335,3879
3360,3900
3384,3923
3406,3944
3430,3966
3455,3988
3479,4009
3502,4033
3525,4057
3549,4079
3571,4101
3594,4125
3616,4148
3640,4171
3663,4194
3686,4217
3710,4240
3734,4262
3758,4284
3781,4309
3805,4331
3829,4355
3852,4375
3875,4398
3897,4422
3919,4443
3941,4465
3962,4489
3985,4511
4007,4535
4029,4557
4051,4578
4073,4599
4097,4623
4120,4645
4142,4668
4167,4693
4192,4715
4216,4739
4240,4762
4263,4786
4288,4809
4313,4831
4337,4855
4361,4879
4385,4903
4409,4925
4433,4948
4456,4972
4481,4995
4504,5018
4527,5041
4551,5063
4575,5086
4598,5109
4623,5132
4647,5154
4670,5177
4693,5200
4718,5221
4741,5244
4764,5266
4787,5290
4809,5310
4831,5333
4853,5355
4876,5376
4899,5396
4922,5417
4942,5439
4966,5460
4987,5481
5009,5501
5032,5522
5054,5543
5076,5562
5097,5583
5119,5605
5142,5624
5164,5646
5187,5665
5210,5685
5232,5705
5253,5724
5273,5746
5293,5767
5313,5786
5334,5807
5356,5827
5376,5845
5397,5867
5418,5887
5439,5907
5462,5928
5484,5948
5506,5969
5528,5990
5550,6011
5572,6031
5596,6053
5619,6072
5641,6092
5664,6114
5685,6134
5707,6155
5728,6175
5751,6197
5772,6218
5794,6240
5818,6261
5842,6282
5865,6304
5888,6328
5910,6351
5934,6374
5956,6396
5979,6417
6002,6440
6026,6462
6051,6485
6075,6507
6099,6530
6124,6553
6149,6575
6173,6598
6197,6622
6221,6646
6245,6669
6269,6693
6293,6717
6317,6740
6341,6766
6365,6790
6391,6815
6417,6838
6443,6863
6467,6886
6491,6910
6517,6935
6542,6958
6566,6982
6590,7007
6614,7032
6639,7056
6663,7080
6687,7105
6713,7129
6739,7153
6764,7177
6790,7202
6815,7225
6839,7249
6864,7273
6887,7298
6912,7322
6936,7346
6960,7368
6985,7392
7008,7413
7031,7435
7054,7457
7077,7479
7099,7501
7121,7523
7142,7546
7165,7567
7186,7590
7207,7613
7229,7634
7250,7654
7271,7676
7292,7697
7314,7718
7336,7738
7358,7760
7379,7781
7401,7802
7423,7823
7445,7843
7467,7865
7489,7885
7510,7907
7532,7929
7554,7949
7576,7970
7597,7992
7618,8012
7641,8034
7662,8055
7685,8077
7707,8098
7729,8120
7752,8142
7774,8162
7797,8186
7822,8209
7845,8231
7870,8253
7893,8277
7916,8300
7940,8324
7963,8347
7985,8371
8008,8392
8029,8414
8051,8436
8073,8459
8095,8481
8117,8505
8139,8529
8161,8549
8185,8571
8208,8594
8230,8617
8253,8638
8278,8660
8302,8683
8324,8705
8347,8729
8369,8752
8392,8774
8415,8796
8437,8818
8460,8841
8484,8864
8506,8887
8529,8910
8553,8934
8577,8960
8602,8983
8625,9007
8649,9033
8673,9055
8698,9077
8722,9100
8747,9123
8771,9146
8795,9171
8818,9194
8841,9218
8865,9240
8888,9262
8912,9285
8935,9308
8957,9331
8980,9353
9003,9377
9027,9400
9049,9421
9073,9443
9096,9464
9119,9486
9142,9507
9166,9529
9188,9551
9213,9573
9237,9593
9259,9614
9281,9636
9302,9657
9325,9678
9346,9699
9367,9721
9390,9743
9410,9764
9432,9785
9453,9805
9474,9826
9495,9847
9517,9868
9539,9888
9563,9909
9584,9929
9607,9949
9630,9971
9652,9992
9674,10013
9695,10034
9716,10056
9737,10075
9758,10096
9779,10114
9801,10135
9822,10155
9844,10176
9866,10197
9888,10218
9910,10240
9933,10261
9956,10283
9979,10304
10002,10326
10026,10347
10049,10368
10072,10390
10097,10411
10121,10434
10144,10457
10166,10480
10189,10504
10212,10526
10235,10547
10258,10569
10281,10593
10304,10618
10328,10640
10354,10664
10379,10688
10404,10711
10428,10735
10453,10758
10479,10782
10504,10806
10530,10830
10556,10853
10580,10878
10605,10902
10630,10926
10656,10952
10680,10976
10704,11002
10729,11027
10755,11052
10779,11076
10803,11099
10827,11124
10854,11147
10880,11172
10904,11198
10930,11222
10956,11247
10983,11271
11010,11296
11036,11321
11062,11348
11088,11375
11113,11401
11139,11426
11163,11452
11188,11476
11213,11501
11236,11525
11262,11549
11287,11573
11310,11597
11334,11621
11358,11645
11382,11669
11406,11690
11429,11713
11452,11736
11475,11758
11498,11780
11520,11804
11544,11825
11567,11847
11587,11869
11608,11890
11628,11913
11650,11933
11673,11953
11695,11974
11718,11996
11742,12017
11764,12038
11787,12059
11809,12081
11830,12102
11851,12124
11874,12145
11896,12166
11919,12187
11941,12208
11963,12230
11985,12250
12007,12271
12029,12293
12052,12317
12075,12339
12097,12360
12119,12383
12142,12407
12164,12429
12188,12452
12212,12475
12236,12498
12261,12522
12284,12546
12307,12570
12330,12592
12354,12615
12377,12638
12401,12661
12424,12685
12447,12709
12471,12733
12494,12755
12517,12778
12540,12801
12565,12822
12587,12845
12612,12868
12635,12891
12658,12912
12681,12934
12705,12958
12729,12979
12753,13001
12777,13024
12800,13048
12824,13072
12847,13097
12871,13120
12895,13143
12918,13165
12942,13188
12967,13212
12992,13235
13016,13260
13041,13283
13065,13306
13090,13329
13115,13352
13140,13376
13162,13398
13186,13423
13212,13445
13235,13467
13259,13490
13283,13513
13305,13534
13328,13558
13352,13581
13376,13604
13401,13627
13424,13648
13447,13670
13470,13693
13494,13715
13518,13737
13543,13759
13566,13780
13587,13801
13611,13821
13632,13841
13655,13862
13677,13883
13701,13906
13722,13927
13744,13947
13767,13969
13788,13988
13810,14010
13832,14031
13854,14051
13876,14071
13896,14091
13917,14111
13939,14133
13961,14153
13982,14172
14004,14192
14025,14211
14048,14233
14069,14254
14090,14274
14113,14294
14134,14313
14155,14334
14176,14353
14199,14374
14221,14394
14241,14413
14263,14433
14285,14455
14305,14478
14327,14498
14350,14520
14372,14543
14396,14564
14418,14586
14442,14606
14466,14628
14487,14649
14511,14671
14533,14692
14556,14715
14578,14736
14600,14757
14623,14780
14646,14802
14669,14825
14693,14847
14719,14870
14743,14894
14767,14918
14791,14941
14815,14963
14838,14985
14862,15007
14887,15032
14912,15056
14937,15080
14962,15102
14987,15127
15012,15150
15037,15175
15062,15199
15087,15223
15111,15248
15135,15271
15160,15294
15184,15319
15208,15343
15232,15367
15257,15390
15281,15414
15305,15439
15331,15463
15355,15486
15380,15510
15407,15536
15432,15561
15457,15585
15484,15609
15510,15633
15535,15658
15559,15681
15583,15704
15607,15726
15630,15751
15653,15775
15678,15799
15700,15822
15722,15844
15744,15867
15766,15889
15788,15910
15811,15932
15834,15953
15857,15975
15879,15995
15902,16016
15924,16038
15946,16059
15967,16080
15988,16101
16008,16124
16030,16144
16053,16165
16074,16187
16095,16206
16116,16227
16137,16247
16157,16268
16178,16289
16199,16311
16222,16333
16243,16353
16265,16374
16289,10
16311,32
16333,54
16355,76
16377,96
14,118
38,140
59,162
82,184
104,207
125,230
147,254
170,277
193,299
217,322
240,345
264,369
289,392
312,414
337,436
361,459
386,483
409,506
433,528
455,551
478,573
500,596
523,618
546,641
568,664
591,686
615,709
637,730
661,753
684,776
708,800
732,824
756,846
782,870
807,892
831,916
854,940
879,963
903,987
927,1010
951,1034
975,1058
999,1082
1023,1105
1048,1129
1072,1151
1095,1175
1119,1199
1144,1223
1168,1245
1194,1267
1220,1290
1244,1313
1268,1336
1293,1360
1317,1384
1340,1406
1364,1430
1386,1452
1408,1474
1432,1496
1454,1519
1477,1543
1499,1565
1522,1586
1545,1608
1569,1629
1591,1650
1616,1671
1639,1693
1664,1714
1686,1735
1709,1756
1732,1777
1756,1799
1778,1820
1799,1842
1820,1863
1842,1885
1864,1905
1884,1926
1906,1946
1927,1968
1949,1989
1971,2010
1994,2030
2016,2051
2039,2072
2061,2092
2085,2112
2107,2133
2127,2155
2150,2175
2173,2198
2195,2218
2216,2241
2238,2262
2260,2283
2281,2304
2303,2327
2327,2349
2350,2371
2373,2393
2396,2416
2420,2438
2444,2459
2468,2481
2491,2504
2516,2525
2540,2548
2564,2572
2588,2596
2613,2620
2637,2646
2662,2669
2685,2693
2710,2716
2734,2742
2758,2765
2784,2791
2809,2815
2834,2839
2859,2863
2883,2888
2909,2913
2935,2939
2961,2963
2987,2986
3013,3011
3039,3036
3065,3061
3089,3086
3114,3112
3139,3137
3163,3162
3187,3187
3212,3211
3239,3236
3263,3262
3289,3287
3316,3314
3341,3341
3368,3367
3394,3391
3420,3417
3445,3442
3471,3468
3497,3492
3522,3517
3547,3543
3572,3566
3595,3590
3619,3615
3642,3640
3666,3663
3689,3684
3712,3709
3734,3731
3757,3753
3781,3777
3805,3799
3828,3822
3851,3843
3874,3866
3895,3888
3916,3908
3937,3929
3959,3949
3979,3970
4000,3990
4022,4011
4043,4031
4065,4052
4086,4073
4107,4094
4130,4116
4150,4138
4172,4160
4194,4182
4218,4204
4242,4225
4265,4246
4287,4268
4309,4292
4332,4314
4355,4335
4376,4357
4399,4380
4422,4403
4446,4426
4470,4449
4493,4473
4516,4495
4539,4519
4563,4542
4587,4567
4611,4590
4635,4613
4660,4634
4683,4659
4706,4682
4730,4706
4753,4729
4776,4752
4800,4774
4822,4798
4846,4819
4868,4842
4891,4863
4914,4886
4938,4908
4960,4930
4983,4951
5007,4974
5029,4996
5052,5018
5077,5040
5099,5063
5123,5087
5148,5109
5173,5133
5196,5157
5221,5181
5245,5204
5271,5226
5294,5250
5318,5272
5341,5295
5364,5317
5389,5339
5412,5362
5436,5385
5460,5409
5483,5430
5507,5454
5530,5476
5554,5500
5578,5522
5602,5546
5626,5568
5651,5592
5675,5614
5698,5636
5721,5658
5745,5681
5769,5702
5791,5723
5814,5745
5837,5768
5861,5789
5883,5811
5905,5832
5926,5853
5949,5874
5970,5894
5992,5914
6016,5935
6038,5956
6061,5976
6083,5997
6104,6017
6126,6037
6148,6058
6169,6078
6191,6099
6212,6119
6233,6141
6255,6162
6276,6182
6298,6203
6320,6223
6341,6243
6363,6263
6382,6282
6404,6304
6427,6324
6448,6344
6471,6365
6493,6386
6514,6407
6537,6429
6558,6449
6581,6469
6603,6489
6626,6511
6649,6532
6671,6552
6693,6575
6716,6596
6737,6617
6760,6638
6784,6661
6807,6683
6829,6705
6852,6726
6875,6749
6899,6771
6923,6794
6948,6818
6971,6842
6995,6865
7019,6888
7043,6910
7066,6934
7090,6957
7115,6980
7140,7004
7163,7028
7186,7053
7210,7077
7236,7101
7259,7125
7284,7148
7308,7172
7332,7197
7357,7221
7382,7243
7407,7266
7431,7290
7457,7317
7482,7341
7507,7367
7531,7390
7556,7415
7581,7438
7606,7463
7630,7487
7654,7511
7679,7536
7702,7559
7726,7585
7751,7610
7776,7634
7800,7658
7824,7682
7849,7707
7874,7732
7898,7754
7923,7779
7949,7801
7972,7824
7995,7848
8017,7872
8040,7895
8063,7918
8085,7940
8106,7962
8126,7982
8147,8002
8168,8022
8191,8042
8211,8063
8232,8084
8252,8104
8275,8125
8296,8145
8319,8167
8342,8187
8362,8207
8384,8227
8405,8248
8428,8270
8448,8291
8469,8310
8490,8332
8511,8353
8531,8373
8552,8395
8574,8417
8596,8439
8618,8462
8640,8483
8663,8505
8686,8526
8709,8548
8732,8571
8756,8593
8779,8615
8804,8637
8828,8659
8851,8682
8875,8706
8899,8730
8923,8753
8946,8777
8968,8800
8991,8823
9013,8847
9036,8870
9059,8892
9082,8914
9106,8936
9129,8958
9152,8980
9176,9002
9201,9024
9224,9046
9248,9068
9271,9090
9295,9113
9317,9135
9341,9158
9364,9181
9387,9205
9410,9228
9432,9250
9455,9272
9477,9295
9500,9316
9525,9340
9549,9363
9572,9387
9599,9410
9623,9432
9649,9455
9673,9477
9697,9501
9721,9523
9745,9547
9768,9570
9792,9591
9815,9615
9839,9639
9863,9661
9885,9684
9909,9706
9933,9730
9956,9752
9979,9775
10003,9797
10027,9819
10052,9841
10077,9863
10102,9885
10126,9907
10150,9929
10173,9951
10195,9973
10218,9994
10240,10016
10261,10036
10282,10058
10304,10080
10324,10101
10347,10123
10368,10143
10390,10165
10413,10186
10435,10207
10457,10227
10480,10247
10504,10268
10526,10289
10549,10311
10570,10332
10593,10353
10616,10373
10638,10394
10660,10416
10680,10436
10701,10457
10722,10477
10744,10498
10766,10518
10788,10540
10810,10560
10832,10582
10854,10603
10877,10625
10900,10646
10924,10667
10947,10688
10969,10710
10992,10732
11014,10754
11036,10775
11059,10797
11081,10820
11104,10842
11125,10864
11148,10887
11171,10909
11194,10932
11219,10956
11243,10979
11268,11003
11292,11025
11317,11049
11342,11073
11368,11097
11393,11120
11417,11144
11444,11168
11470,11191
11493,11216
11518,11242
11542,11265
11566,11289
11589,11314
11613,11340
11637,11365
11663,11390
11687,11414
11712,11439
11739,11464
11764,11489
11788,11513
11815,11538
11841,11562
11866,11587
11892,11611
11916,11636
11941,11662
11966,11689
11989,11714
12015,11738
12039,11764
12062,11788
12086,11813
12109,11837
12135,11861
12158,11887
12183,11913
12207,11940
12232,11964
12259,11987
12283,12012
12308,12036
12333,12060
12358,12083
12382,12105
12404,12127
12427,12149
12450,12170
12472,12192
12493,12214
12516,12236
12536,12256
12557,12278
12579,12299
12600,12321
12623,12341
12644,12362
12667,12384
12689,12405
12710,12425
12733,12447
12755,12468
12777,12489
12799,12510
12822,12531
12843,12553
12865,12573
12886,12594
12907,12616
12930,12639
12953,12661
12975,12684
12997,12705
13019,12729
13043,12750
13065,12773
13090,12796
13113,12820
13137,12842
13160,12864
13184,12887
13207,12912
13231,12935
13255,12958
13278,12981
13302,13004
13327,13027
13351,13049
13373,13072
13396,13094
13420,13119
13443,13142
13466,13164
13490,13186
13513,13208
13537,13230
13561,13252
13584,13274
13608,13297
13632,13320
13655,13342
13679,13364
13701,13386
13725,13409
13748,13431
13772,13455
13794,13479
13819,13500
13842,13523
13867,13547
13890,13569
13914,13591
13937,13614
13961,13637
13986,13661
14011,13683
14034,13706
14058,13728
14081,13751
14107,13773
14131,13797
14156,13820
14180,13843
14205,13866
14228,13889
14252,13912
14277,13934
14300,13957
14324,13980
14347,14002
14372,14023
14396,14046
14419,14068
14440,14089
14463,14111
14486,14134
14510,14156
14533,14177
14556,14200
14578,14222
14599,14242
14622,14264
14644,14285
14667,14306
14689,14326
14712,14348
14733,14368
14755,14388
14777,14408
14798,14428
14821,14447
14842,14468
14863,14489
14885,14510
14906,14531
14926,14552
14949,14573
14971,14593
14992,14613
15014,14633
15036,14654
15058,14675
15080,14697
15101,14717
15122,14737
15144,14756
15166,14777
15187,14796
15208,14818
15229,14839
15251,14860
15272,14881
15294,14902
15317,14922
15340,14945
15362,14966
15384,14988
15407,15009
15431,15032
15454,15054
15477,15075
15501,15096
15523,15118
15545,15141
15568,15164
15592,15186
15614,15209
15638,15233
15661,15255
15684,15279
15708,15302
15731,15325
15757,15348
15781,15372
15804,15394
15829,15418
15854,15443
15879,15466
15903,15490
15929,15515
15953,15539
15977,15563
16000,15587
16024,15610
16048,15635
16072,15659
16096,15682
16121,15706
16146,15730
16169,15754
16192,15780
16215,15803
16238,15827
16261,15851
16286,15876
16311,15900
16337,15923
16362,15947
4,15971
28,15996
52,16021
78,16047
102,16069
126,16094
150,16119
173,16142
197,16165
220,16190
244,16213
269,16237
293,16258
316,16280
340,16302
364,16325
385,16347
408,16367
432,5
455,26
477,48
499,69
520,91
542,112
563,132
583,153
604,173
625,194
645,214
666,235
688,256
710,278
732,299
756,320
779,342
802,365
825,386
848,408
871,430
892,451
914,472
937,494
959,516
981,536
1003,559
1026,581
1049,603
1073,627
1097,651
1120,674
1142,697
1166,719
1191,742
1216,764
1240,786
1264,810
1287,833
1311,857
1335,879
1358,902
1382,924
1404,947
1427,971
1450,993
1472,1016
1496,1038
1520,1060
1543,1082
1566,1104
1590,1128
1613,1149
1637,1171
1662,1193
1687,1216
1711,1240
1735,1262
1760,1286
1784,1308
1808,1333
1832,1358
1855,1381
1879,1404
1903,1426
1927,1449
1951,1472
1975,1495
1999,1518
2025,1541
2049,1564
2073,1587
2099,1610
2124,1633
2150,1657
2175,1681
2200,1705
2225,1729
2249,1752
2273,1776
2296,1799
2320,1821
2343,1844
2367,1866
2390,1889
2413,1911
2437,1933
2460,1955
2483,1977
2505,2001
2528,2023
2553,2045
2576,2065
2600,2088
2623,2108
2645,2130
2669,2151
2691,2172
2714,2194
2737,2215
2759,2237
2781,2259
2803,2280
2825,2301
2846,2320
2867,2342
2888,2364
2910,2384
2933,2405
2956,2426
2979,2449
3003,2470
3026,2492
3048,2513
3071,2533
3093,2553
3114,2574
3136,2596
3156,2618
3179,2640
3201,2662
3221,2682
3243,2704
3265,2726
3288,2747
3310,2769
3333,2791
3357,2813
3381,2837
3406,2860
3431,2884
3454,2909
3477,2931
3501,2954
3525,2976
3548,3000
3571,3024
3595,3049
3618,3074
3642,3097
3666,3120
3691,3145
3716,3169
3741,3193
3766,3218
3791,3244
3816,3268
3842,3291
3865,3315
3890,3340
3915,3365
3939,3390
3962,3415
3986,3440
4010,3465
4034,3491
4058,3516
4084,3541
4109,3566
4134,3591
4158,3616
4182,3643
4206,3668
4230,3692
4256,3716
4282,3741
4307,3763
4333,3789
4358,3813
4383,3838
4408,3862
4433,3885
4459,3909
4483,3935
4508,3961
4532,3986
4556,4009
4580,4034
4606,4057
4631,4079
4655,4104
4679,4126
4702,4149
4726,4173
4749,4195
4773,4217
4795,4239
4816,4260
4840,4281
4862,4303
4884,4323
4905,4344
4927,4366
4948,4387
4969,4407
4990,4428
5011,4449
5031,4469
5052,4491
5074,4512
5096,4534
5119,4554
5140,4576
5163,4597
5185,4619
5207,4639
5230,4661
5253,4684
5276,4705
5299,4727
5323,4749
5344,4771
5366,4794
5388,4816
5411,4837
5435,4860
5458,4883
5481,4905
5506,4928
5530,4951
5554,4974
5578,4997
5601,5020
5625,5042
5648,5065
5671,5086
5694,5108
5717,5130
5741,5152
5764,5174
5787,5197
5810,5220
5834,5242
5856,5264
5879,5287
5902,5309
5926,5330
5950,5352
5973,5373
5996,5395
6017,5417
6041,5440
6065,5461
6089,5483
6113,5505
6137,5527
6160,5550
6183,5574
6207,5596
6231,5619
6256,5641
6278,5663
6302,5686
6325,5709
6348,5732
6372,5753
6397,5775
6421,5799
6445,5821
6469,5844
6491,5867
6516,5890
6539,5913
6563,5936
6586,5959
6609,5983
6634,6006
6657,6026
6682,6048
6706,6071
6729,6091
6751,6112
6773,6132
6796,6153
6818,6175
6841,6197
6864,6218
6885,6240
6907,6261
6929,6282
6953,6303
6975,6324
6996,6344
7018,6365
7042,6385
7063,6406
7085,6425
7108,6445
7130,6465
7151,6486
7173,6508
7195,6528
7216,6548
7238,6569
7259,6589
7280,6611
7301,6631
7322,6651
7345,6674
7366,6693
7387,6715
7409,6736
7432,6757
7453,6777
7475,6798
7498,6819
7520,6840
7542,6860
7563,6881
7584,6902
7606,6924
7627,6945
7650,6966
7672,6987
7694,7010
7718,7032
7741,7055
7764,7077
7787,7098
7809,7121
7834,7144
7858,7167
7881,7189
7907,7213
7932,7237
7955,7259
7978,7283
8000,7305
8023,7329
8046,7353
8069,7376
8093,7401
8116,7425
8140,7450
8163,7476
8188,7500
8211,7523
8235,7546
8260,7571
8284,7593
8310,7618
8334,7642
8359,7666
8384,7692
8409,7715
8433,7738
8458,7763
8482,7788
8506,7812
8530,7835
8554,7859
8577,7884
8601,7908
8625,7931
8649,7954
8674,7979
8699,8004
8724,8028
8751,8052
8776,8076
8801,8099
8827,8123
8852,8147
8877,8170
8901,8193
8926,8217
8950,8240
8973,8264
8996,8286
9018,8308
9039,8330
9061,8353
9083,8375
9105,8397
9126,8417
9148,8438
9170,8458
9192,8479
9215,8499
9236,8521
9258,8541
9280,8562
9302,8583
9323,8604
9345,8625
9366,8646
9388,8666
9410,8687
9431,8707
9453,8728
9474,8749
9496,8771
9518,8793
9541,8815
9563,8837
9586,8860
9610,8882
9633,8904
9657,8925
9680,8947
9704,8968
9726,8991
9751,9013
9773,9038
9795,9060
9819,9082
9842,9105
9865,9128
9889,9151
9912,9174
9935,9196
9958,9219
9982,9241
10006,9264
10030,9287
10053,9308
10077,9330
10102,9352
10126,9375
10150,9397
10174,9420
10197,9442
10219,9464
10243,9486
10266,9508
10288,9531
10310,9552
10333,9574
10356,9598
10380,9619
10402,9641
10425,9664
10449,9687
10474,9710
10498,9734
10524,9756
10548,9777
10571,9800
10597,9824
10621,9847
10645,9871
10667,9894
10692,9918
10716,9940
10740,9964
10763,9987
10786,10011
10809,10033
10833,10055
10857,10077
10881,10101
10906,10123
10930,10145
10955,10168
10979,10190
11003,10212
11027,10235
11050,10258
11073,10280
11097,10302
11120,10324
11142,10346
11164,10367
11187,10388
11209,10411
11231,10434
11254,10455
11277,10476
11300,10496
11322,10517
11344,10539
11366,10560
11390,10581
11413,10603
11435,10624
11458,10645
11480,10666
11502,10686
11524,10708
11546,10730
11568,10751
11588,10772
11609,10793
11631,10814
11653,10835
11673,10855
11696,10876
11718,10897
11740,10919
11763,10940
11786,10963
11808,10985
11830,11006
11853,11027
11876,11049
11900,11069
11922,11092
11945,11114
11967,11136
11988,11160
12009,11183
12030,11204
12053,11226
12075,11248
12096,11271
12119,11293
12142,11316
12164,11340
12188,11363
12212,11386
12237,11409
12261,11433
12285,11458
12309,11481
12334,11503
12357,11527
12381,11552
12404,11576
12429,11601
12452,11625
12476,11649
12501,11675
12526,11699
12550,11723
12576,11750
12601,11775
12626,11799
12651,11824
12677,11849
12702,11875
12726,11900
12751,11922
12777,11948
12801,11972
12825,11997
12850,12021
12874,12046
12897,12071
12921,12094
12947,12118
12972,12142
12998,12165
13022,12188
13046,12212
13071,12238
13096,12261
13121,12285
13146,12310
13172,12334
13197,12360
13223,12382
13249,12407
13272,12430
13296,12453
13319,12478
13343,12501
13366,12524
13389,12547
13410,12568
13432,12591
13454,12612
13477,12635
13498,12655
13520,12676
13542,12697
13565,12719
13585,12739
13606,12760
13628,12781
13650,12802
13672,12824
13694,12844
13715,12865
13736,12885
13759,12907
13781,12928
13804,12950
13825,12972
13848,12992
13869,13014
13892,13036
13915,13057
13938,13079
13960,13099
13982,13121
14005,13143
14028,13164
14052,13186
14076,13209
14098,13231
14120,13254
14144,13276
14167,13299
14191,13321
14213,13345
14237,13367
14260,13389
14283,13412
14307,13434
14330,13456
14353,13476
14377,13500
14400,13523
14424,13545
14447,13567
14472,13590
14495,13614
14518,13635
14541,13658
14564,13679
14587,13700
14610,13722
14634,13746
14657,13766
14681,13789
14704,13811
14727,13833
14749,13856
14773,13878
14796,13899
14818,13922
14841,13944
14866,13965
14888,13987
14912,14010
14937,14032
14960,14056
14985,14079
15010,14101
15035,14123
15059,14146
15084,14169
15108,14190
15132,14213
15156,14235
15179,14259
15202,14284
15227,14307
15251,14329
15274,14351
15297,14373
15320,14395
15343,14417
15366,14438
15389,14459
15411,14480
15434,14500
15457,14521
15482,14543
15505,14565
15528,14587
15550,14609
15574,14631
15597,14651
15618,14672
15640,14693
15662,14714
15682,14735
15703,14756
15724,14776
15745,14798
15766,14818
15787,14838
15810,14859
15831,14880
15854,14901
15875,14922
15897,14942
15919,14963
15940,14984
15962,15005
15985,15026
16006,15047
16027,15066
16049,15086
16071,15107
16092,15129
16113,15150
16134,15171
16155,15192
16176,15213
16196,15235
16216,15255
16237,15276
16260,15297
16283,15319
16306,15341
16328,15362
16351,15384
16375,15405
11,15426
33,15448
56,15471
79,15494
103,15519
125,15540
148,15563
171,15587
195,15610
217,15633
242,15659
265,15681
290,15706
313,15730
339,15754
364,15778
388,15801
412,15825
438,15850
461,15873
488,15899
512,15923
537,15947
562,15972
585,15996
610,16021
635,16046
659,16070
683,16095
708,16119
733,16142
758,16165
782,16188
807,16211
833,16233
859,16257
883,16281
909,16304
933,16327
957,16351
982,16374
1006,15
1030,40
1053,64
1079,89
1104,112
1128,136
1153,160
1177,184
1202,208
1227,232
1250,255
1275,279
1299,302
1324,323
1349,345
1372,367
1394,387
1417,409
1438,430
1460,450
1480,472
1501,492
1522,515
1543,536
1564,556
1586,579
1608,599
1629,619
1651,640
1674,662
1696,682
1719,703
1741,725
1764,746
1789,769
1812,791
1835,813
1857,834
1878,856
1900,878
1922,900
1945,922
1968,943
1990,966
2014,989
2038,1012
2063,1035
2087,1058
2112,1080
2137,1103
2161,1125
2185,1149
2209,1172
2233,1194
2257,1218
2280,1240
2304,1261
2327,1284
2350,1307
2374,1333
2397,1356
2422,1378
2446,1400
2469,1424
2492,1446
2516,1469
2542,1492
2566,1514
2592,1537
2615,1559
2639,1581
2663,1603
2687,1625
2711,1649
2734,1671
2758,1695
2780,1718
2804,1740
2827,1762
2851,1786
2874,1810
2898,1833
2922,1856
2948,1879
2973,1903
2999,1926
3024,1948
3050,1973
3076,1996
3100,2020
3124,2044
3148,2066
3172,2089
3196,2112
3219,2135
3243,2158
3266,2181
3290,2203
3313,2224
3335,2247
3359,2269
3383,2293
3406,2316
3430,2339
3454,2360
3477,2383
3501,2407
3525,2429
3550,2451
3572,2473
3596,2495
3618,2516
3639,2539
3661,2562
3683,2583
3705,2605
3726,2626
3748,2648
3770,2670
3793,2693
3815,2715
3838,2735
3860,2758
3882,2779
3905,2800
3928,2822
3950,2844
3971,2865
3993,2888
4014,2908
4035,2931
4057,2953
4078,2976
4100,2998
4122,3021
4144,3043
4166,3065
4187,3087
4208,3110
4231,3132
4254,3156
4278,3178
4301,3202
4324,3224
4348,3245
4371,3268
4396,3290
4419,3314
4443,3338
4467,3363
4490,3385
4513,3409
4537,3433
4560,3457
4583,3481
4607,3505
4631,3529
4656,3552
4681,3578
4706,3603
4732,3629
4759,3653
4784,3676
4810,3701
4834,3726
4858,3751
4884,3776
4908,3801
4933,3825
4958,3851
4982,3875
5006,3898
5032,3922
5057,3947
5081,3970
5106,3994
5130,4018
5154,4042
5179,4067
5204,4092
5229,4117
5253,4142
5280,4165
5304,4190
5328,4214
5354,4238
5379,4263
5404,4288
5429,4312
5454,4338
5479,4363
5503,4387
5527,4411
5551,4436
5575,4458
5599,4480
5624,4503
5647,4527
5672,4549
5695,4571
5717,4594
5740,4616
5762,4637
5784,4659
5806,4680
5827,4702
5849,4722
5871,4744
5893,4767
5915,4787
5936,4809
5959,4830
5981,4851
6002,4874
6024,4894
6045,4915
6068,4935
6090,4956
6111,4977
6134,4998
6157,5020
6179,5041
6202,5063
6226,5085
6249,5108
6272,5130
6294,5151
6317,5172
6340,5194
6362,5218
6386,5240
6407,5263
6431,5286
6455,5308
6478,5330
6503,5353
6526,5376
6552,5399
6576,5421
6600,5444
6625,5465
6649,5488
6671,5511
6696,5534
6720,5556
6744,5580
6768,5601
6791,5625
6815,5647
6839,5671
6861,5693
6884,5715
6908,5738
6931,5759
6955,5781
6979,5802
7003,5823
7026,5845
7050,5868
7074,5889
7097,5911
7122,5934
7145,5957
7168,5980
7193,6004
7217,6026
7241,6049
7264,6071
7288,6094
7311,6117
7336,6140
7359,6164
7384,6188
7409,6210
7433,6233
7457,6256
7481,6279
7504,6301
7529,6324
7554,6345
7577,6368
7602,6391
7625,6415
7647,6438
7672,6459
7696,6481
7718,6502
7741,6524
7766,6547
7789,6569
7810,6590
7832,6611
7855,6634
7878,6657
7900,6679
7924,6699
7947,6720
7970,6742
7992,6764
8013,6785
8035,6806
8056,6827
8078,6847
8098,6868
8119,6889
8140,6910
8162,6932
8183,6954
8204,6975
8224,6994
8245,7015
8267,7037
8289,7058
8310,7080
8333,7101
8356,7122
8380,7142
8403,7163
8424,7184
8446,7205
8468,7227
8492,7249
8514,7271
8535,7292
8557,7315
8578,7337
8599,7358
8620,7380
8643,7402
8666,7423
8691,7446
8714,7470
8739,7494
8764,7516
8788,7539
8813,7561
8837,7584
8859,7608
8882,7633
8907,7657
8932,7680
8955,7704
8979,7728
9003,7752
9027,7776
9051,7799
9077,7823
9101,7847
9126,7872
9150,7897
9175,7922
9201,7945
9226,7969
9251,7992
9276,8016
9301,8039
9328,8063
9352,8087
9377,8111
9402,8135
9426,8160
9451,8184
9474,8209
9498,8233
9521,8258
9546,8282
9570,8306
9596,8329
9621,8354
9646,8378
9673,8402
9698,8425
9724,8449
9750,8473
9774,8497
9799,8521
9824,8545
9850,8569
9874,8593
9897,8617
9920,8642
9945,8664
9968,8687
9992,8710
10016,8733
10038,8756
10061,8778
10085,8800
10109,8822
10132,8843
10155,8865
10178,8886
10199,8908
10221,8928
10244,8949
10266,8969
10288,8990
10310,9012
10332,9034
10353,9055
10374,9076
10396,9096
10417,9117
10439,9137
10463,9158
10487,9180
10510,9202
10534,9225
10559,9246
10583,9268
10606,9290
10629,9313
10652,9336
10675,9357
10697,9380
10720,9401
10744,9424
10766,9447
10790,9469
10814,9492
10837,9515
10861,9538
10884,9561
10908,9585
10932,9608
10958,9632
10984,9654
11009,9678
11034,9701
11058,9725
11082,9748
11106,9771
11129,9794
11153,9817
11176,9840
11199,9861
11221,9883
11245,9904
11268,9927
11291,9949
11316,9973
11340,9996
11364,10018
11388,10041
11412,10065
11436,10086
11462,10108
11485,10131
11509,10154
11534,10179
11559,10202
11582,10226
11605,10249
11629,10271
11653,10294
11676,10318
11700,10342
11723,10367
11747,10391
11772,10413
11796,10436
11822,10459
11845,10483
11869,10506
11894,10529
11918,10553
11941,10576
11965,10598
11989,10621
12012,10643
12036,10667
12058,10689
12081,10711
12103,10735
12125,10757
12147,10779
12169,10802
12191,10823
12213,10846
12235,10868
12257,10889
12281,10912
12303,10933
12326,10955
12348,10977
12370,10998
12392,11019
12414,11042
12437,11063
12459,11085
12481,11106
12501,11128
12524,11149
12546,11172
12567,11193
12588,11215
12611,11236
12632,11257
12653,11279
12676,11301
12699,11322
12721,11344
12744,11366
12766,11390
12789,11412
12812,11434
12835,11455
12857,11479
12879,11500
12900,11522
12923,11545
12945,11568
12968,11590
12991,11613
13013,11636
13037,11657
13060,11681
13083,11704
13107,11726
13130,11750
13155,11775
13178,11798
13203,11822
13228,11846
13253,11870
13276,11895
13300,11920
13325,11945
13349,11968
13373,11993
13397,12018
13421,12042
13445,12067
13470,12090
13494,12114
13519,12138
13545,12162
13569,12186
13595,12209
13619,12232
13644,12256
13668,12280
13694,12303
13717,12327
13742,12351
13766,12378
13790,12402
13816,12427
13841,12451
13866,12475
13891,12500
13915,12524
13940,12549
13964,12574
13989,12598
14014,12622
14040,12648
14064,12673
14087,12697
14113,12721
14137,12746
14161,12770
14185,12793
14210,12817
14235,12842
14260,12866
14283,12889
14307,12913
14330,12936
14354,12958
14377,12981
14401,13004
14424,13024
14445,13048
14468,13069
14491,13090
14512,13111
14534,13132
14556,13152
14579,13172
14602,13193
14624,13215
14648,13236
14670,13257
14693,13280
14715,13300
14737,13322
14757,13343
14779,13365
14801,13386
14823,13407
14845,13428
14869,13450
14891,13474
14915,13494
14938,13517
14963,13541
14986,13562
15010,13584
15034,13607
15058,13628
15082,13648
15105,13670
15129,13692
15153,13715
15175,13740
15197,13763
15223,13787
15247,13810
15272,13832
15295,13855
15319,13877
15342,13901
15367,13922
15391,13945
15414,13967
15439,13989
15464,14011
15487,14033
15510,14054
15535,14076
15559,14100
15582,14122
15606,14144
15629,14166
15652,14188
15675,14210
15698,14234
15721,14256
15744,14277
15767,14300
15791,14322
15814,14344
15837,14366
15861,14388
15885,14410
15910,14433
15934,14456
15959,14479
15983,14504
16008,14528
16034,14550
16057,14572
16081,14596
16106,14620
16130,14643
16153,14666
16176,14689
16199,14713
16222,14736
16245,14759
16268,14782
16292,14805
16315,14827
16339,14850
16363,14872
3,14894
27,14918
50,14939
73,14962
95,14982
118,15003
142,15026
164,15048
186,15069
209,15092
230,15113
252,15136
274,15158
295,15179
318,15201
339,15222
363,15242
386,15265
410,15285
432,15307
455,15329
477,15350
498,15372
521,15394
544,15416
564,15436
586,15457
607,15480
629,15501
651,15522
675,15542
696,15563
718,15585
740,15607
764,15629
787,15651
811,15674
835,15696
859,15718
882,15741
904,15763
927,15785
949,15808
972,15830
994,15853
1017,15875
1040,15899
1063,15922
1088,15945
1111,15969
1134,15993
1158,16017
1183,16039
1209,16065
1235,16089
1261,16114
1287,16137
1313,16162
1336,16186
1362,16209
1385,16232
1409,16254
1434,16278
1457,16302
1481,16326
1506,16351
1531,16375
1555,15
1579,39
1604,62
1628,85
1653,108
1679,132
1705,157
1731,180
1756,203
1781,229
1807,252
1832,277
1856,300
1882,324
1906,349
1929,374
1953,398
1977,421
2002,446
2027,469
2051,493
2076,517
2102,541
2128,566
2153,590
2178,614
2205,638
2229,661
2255,685
2279,708
2304,730
2328,753
2350,775
2372,797
2394,819
2416,840
2438,862
2461,884
2483,905
2505,926
2527,948
2549,968
2571,989
2594,1009
2617,1030
2639,1050
2660,1071
2684,1095
2705,1115
2729,1137
2753,1158
2775,1180
2797,1203
2818,1225
2840,1248
2863,1269
2886,1290
2909,1313
2934,1334
2957,1358
2980,1380
3004,1403
3028,1426
3053,1448
3078,1471
3103,1492
3128,1514
3153,1537
3176,1562
3200,1584
3224,1609
3247,1633
3272,1656
3296,1679
3320,1700
3344,1725
3368,1749
3393,1773
3416,1795
3440,1818
3465,1840
3490,1863
3513,1885
3537,1908
3559,1932
3583,1954
3606,1975
3628,1998
3651,2020
3675,2044
3698,2066
3721,2089
3745,2112
3769,2135
3793,2159
3817,2182
3841,2205
3865,2228
3889,2251
3913,2274
3936,2296
3960,2320
3983,2345
4007,2369
4030,2392
4053,2416
4077,2439
4100,2463
4125,2488
4148,2511
4171,2533
4196,2556
4220,2581
4243,2603
4266,2628
4291,2650
4316,2673
4340,2697
4362,2719
4386,2742
4409,2764
4434,2788
4458,2811
4480,2833
4503,2855
4526,2877
4547,2899
4568,2922
4591,2945
4614,2967
4636,2989
4660,3011
4681,3032
4703,3054
4725,3077
4748,3098
4771,3121
4793,3144
4815,3165
4838,3187
4860,3210
4879,3232
4902,3253
4926,3276
4948,3297
4970,3321
4991,3343
5012,3365
5033,3387
5056,3408
5079,3430
5102,3452
5124,3473
5148,3496
5170,3518
5193,3541
5215,3564
5237,3587
5259,3610
5282,3633
5305,3655
5328,3677
5353,3701
5376,3725
5400,3749
5424,3772
5448,3794
5472,3819
5496,3842
5520,3866
5544,3889
5568,3913
5593,3937
5617,3961
5641,3985
5666,4008
5692,4033
5717,4056
5742,4081
5765,4106
5791,4130
5814,4153
5839,4178
5864,4202
5888,4225
5912,4250
5936,4275
5960,4298
5984,4323
6010,4348
6034,4371
6057,4395
6081,4421
6107,4446
6131,4471
6156,4496
6182,4519
6206,4542
6231,4568
6255,4592
6280,4615
6306,4640
6330,4663
6354,4689
6378,4712
6403,4737
6427,4760
6452,4786
6477,4809
6502,4833
6527,4855
6551,4877
6575,4902
6599,4926
6624,4950
6647,4971
6671,4993
6693,5015
6715,5038
6738,5060
6761,5081
6784,5101
6805,5121
6827,5142
6849,5164
6871,5184
6893,5205
6914,5225
6934,5245
6956,5264
6978,5285
7000,5305
7023,5327
7045,5348
7067,5369
7091,5391
7113,5412
7136,5433
7158,5455
7181,5477
7206,5499
7228,5521
7251,5543
7274,5565
7298,5587
7321,5608
7345,5631
7368,5654
7392,5679
7415,5701
7439,5725
7464,5746
7489,5768
7513,5790
7538,5812
7562,5834
7587,5858
7611,5880
7634,5903
7657,5926
7681,5949
7704,5971
7727,5994
7751,6016
7774,6040
7798,6062
7821,6083
7844,6104
7868,6127
7891,6148
7915,6170
7938,6192
7962,6214
7985,6237
8009,6260
8032,6282
8056,6305
8078,6328
8101,6351
8123,6375
8147,6398
8170,6421
8192,6443
8216,6466
8240,6490
8263,6514
8287,6536
8311,6560
8336,6583
8360,6607
8385,6630
8409,6652
8434,6674
8458,6697
8483,6720
8506,6742
8531,6766
8555,6789
8579,6812
8602,6835
8625,6858
8647,6880
8671,6905
8694,6927
8716,6949
8740,6970
8763,6992
8788,7015
8812,7038
8836,7061
8859,7085
8882,7107
8906,7129
8928,7151
8952,7173
8974,7194
8996,7214
9017,7235
9039,7257
9060,7279
9082,7300
9104,7322
9126,7344
9148,7365
9171,7386
9195,7407
9217,7428
9238,7451
9262,7472
9285,7494
9308,7516
9331,7536
9354,7559
9376,7581
9398,7605
9419,7626
9440,7648
9463,7670
9485,7690
9507,7711
9529,7734
9552,7757
9576,7779
9601,7802
9624,7825
9649,7848
9673,7871
9698,7896
9723,7920
9747,7942
9772,7966
9796,7990
9821,8012
9845,8036
9868,8059
9892,8082
9916,8106
9941,8129
9966,8154
9991,8179
10017,8204
10043,8228
10068,8254
10094,8278
10120,8301
10145,8325
10171,8349
10195,8373
10219,8397
10243,8419
10267,8444
10290,8468
10315,8493
10340,8517
10364,8541
10388,8565
10413,8589
10437,8614
10462,8637
10486,8660
10511,8685
10537,8709
10562,8734
10588,8758
10612,8782
10637,8806
10661,8831
10685,8855
10710,8879
10736,8902
10760,8926
10783,8951
10808,8975
10833,8998
10858,9022
10883,9045
10907,9067
10933,9091
10957,9113
10981,9136
11005,9160
11029,9182
11053,9205
11075,9226
11097,9247
11119,9267
11141,9288
11164,9309
11185,9330
11206,9351
11227,9373
11249,9394
11271,9415
11292,9436
11315,9456
11337,9476
11360,9496
11384,9518
11406,9541
11428,9562
11450,9583
11473,9604
11496,9626
11519,9649
11542,9670
11565,9693
11587,9716
11611,9738
11635,9759
11659,9781
11683,9804
11705,9827
11728,9848
11750,9871
11775,9894
11800,9916
11825,9939
11850,9964
11874,9987
11898,10009
11921,10032
11945,10055
11969,10079
11992,10102
12015,10125
12038,10148
12061,10170
12084,10193
12108,10216
12130,10237
12152,10259
12174,10282
12197,10304
12218,10327
12243,10349
12266,10371
12290,10393
12313,10415
12336,10438
12358,10461
12382,10484
12405,10506
12428,10529
12452,10551
12475,10574
12498,10597
12521,10620
12545,10643
12569,10668
12593,10692
12617,10715
12641,10740
12664,10762
12689,10786
12713,10809
12739,10833
12763,10857
12787,10880
12811,10902
12836,10926
12858,10949
12882,10973
12904,10996
12928,11019
12952,11041
12974,11067
12997,11090
13021,11113
13044,11134
13068,11157
13092,11181
13115,11203
13139,11226
13161,11247
13184,11269
13206,11291
13229,11314
13252,11336
13273,11358
13297,11380
13319,11401
13341,11422
13363,11444
13385,11465
13405,11487
13428,11509
13450,11530
13471,11551
13493,11572
13515,11593
13536,11617
13558,11637
13579,11658
13601,11679
13623,11701
13645,11723
13667,11744
13688,11767
13708,11790
13732,11812
13752,11832
13774,11854
13797,11876
13818,11900
13841,11922
13864,11944
13887,11966
13909,11989
13931,12011
13954,12034
13976,12055
14000,12078
14022,12100
14045,12122
14068,12144
14093,12168
14116,12191
14139,12213
14164,12238
14188,12261
14214,12284
14238,12310
14262,12334
14286,12356
14311,12381
14335,12405
14360,12429
14385,12453
14408,12477
14431,12501
14454,12524
14480,12548
14504,12572
14528,12596
14552,12619
14577,12644
14601,12669
14627,12693
14651,12716
14675,12740
14699,12762
14725,12785
14749,12809
14773,12833
14797,12857
14821,12881
14845,12905
14869,12929
14893,12952
14917,12976
14941,12998
14966,13021
14991,13044
15015,13069
15040,13092
15064,13117
15088,13140
15115,13166
15140,13189
15164,13212
15189,13235
15212,13260
15236,13283
15260,13306
15282,13327
15305,13348
15329,13371
15351,13392
15373,13413
15395,13433
15418,13454
15440,13476
15463,13495
15486,13516
15508,13536
15529,13556
15551,13577
15573,13597
15595,13618
15616,13640
15638,13661
15660,13682
15683,13703
15705,13724
15726,13745
15748,13766
15770,13786
15792,13806
15814,13826
15838,13848
15861,13871
15885,13892
15908,13913
15932,13935
15956,13956
15979,13979
16002,14001
16026,14023
16048,14044
16072,14067
16095,14089
16118,14112
16141,14135
16163,14156
16186,14179
16208,14203
16231,14226
16254,14248
16277,14271
16301,14292
16326,14314
16349,14337
16373,14360
12,14382
34,14404
58,14425
81,14447
103,14469
127,14492
149,14513
171,14535
193,14557
216,14578
239,14599
263,14621
286,14643
310,14666
333,14689
358,14710
384,14732
407,14755
430,14778
453,14801
478,14823
503,14848
527,14870
550,14893
573,14914
596,14936
620,14961
643,14985
666,15010
691,15034
716,15056
740,15079
764,15102
789,15125
814,15149
840,15171
864,15193
887,15217
910,15239
934,15262
958,15285
981,15307
1005,15328
1027,15352
1051,15373
1074,15395
1097,15418
1119,15441
1141,15464
1164,15486
1186,15507
1210,15529
1232,15551
1256,15572
1280,15594
1302,15616
1325,15637
1347,15659
1369,15679
1391,15700
1411,15722
1433,15743
1454,15765
1476,15787
1497,15808
1518,15830
1542,15851
1563,15872
1586,15893
1607,15915
1631,15936
1655,15958
1677,15981
1701,16003
1724,16024
1748,16047
1772,16070
1794,16092
1817,16114
1840,16137
1863,16160
1886,16183
1909,16204
1932,16226
1955,16248
1979,16270
2002,16292
2026,16315
2050,16339
2075,16363
2100,2
2126,26
2152,49
2178,73
2204,98
2228,122
2253,147
2277,171
2301,196
2325,221
2349,244
2374,268
2398,292
2423,315
2447,339
2471,363
2496,387
2520,410
2545,434
2571,457
2596,481
2621,505
2647,530
2672,553
2697,576
2721,599
2745,622
2767,645
2791,669
2815,692
2838,716
2864,740
2887,762
2912,786
2937,810
2961,835
2986,859
3012,883
3038,905
3063,929
3090,952
3116,975
3140,1000
3164,1024
3187,1046
3210,1070
3233,1092
3257,1115
3279,1137
3302,1158
3324,1181
3347,1202
3369,1224
3391,1246
3413,1266
3435,1287
3458,1308
3481,1329
3503,1351
3525,1371
3548,1392
3570,1412
3592,1434
3614,1454
3636,1475
3657,1498
3681,1520
3703,1540
3724,1562
3746,1584
3767,1606
3791,1627
3814,1648
3838,1671
3861,1692
3883,1714
3905,1738
3928,1760
3951,1781
3975,1804
3998,1827
4022,1849
4044,1871
4066,1893
4089,1917
4111,1939
4135,1962
4158,1986
4181,2009
4205,2032
4228,2055
4253,2078
4277,2101
4299,2122
4323,2145
4349,2169
4372,2192
4396,2214
4420,2237
4441,2259
4464,2281
4487,2304
4510,2326
4533,2348
4556,2369
4578,2390
4600,2413
4623,2437
4645,2460
4667,2483
4690,2504
4714,2527
4737,2548
4762,2571
4786,2595
4809,2619
4833,2642
4858,2666
4881,2690
4906,2713
4929,2736
4952,2759
4977,2783
5000,2805
5024,2828
5046,2851
5070,2875
5094,2898
5117,2921
5141,2943
5165,2967
5188,2990
5211,3012
5235,3035
5257,3058
5281,3079
5303,3101
5326,3125
5349,3148
5370,3172
5392,3194
5415,3216
5437,3237
5459,3260
5482,3283
5503,3304
5524,3327
5547,3349
5569,3371
5591,3391
5613,3413
5635,3435
5658,3458
5680,3479
5702,3501
5723,3523
5745,3545
5765,3567
5786,3589
5807,3610
5828,3630
5850,3652
5872,3673
5893,3694
5915,3716
5937,3739
5959,3761
5981,3783
6003,3805
6025,3826
6047,3848
6068,3869
6090,3890
6113,3910
6136,3932
6159,3954
6181,3976
6203,3998
6226,4021
6250,4042
6273,4064
6296,4088
6319,4111
6343,4135
6367,4159
6391,4181
6415,4204
6438,4228
6462,4253
6486,4276
6510,4300
6535,4324
6558,4348
6584,4373
6608,4397
6633,4422
6657,4447
6681,4471
6705,4495
6730,4519
6754,4541
6779,4565
6802,4589
6826,4613
6850,4637
6873,4661
6896,4684
6920,4707
6944,4731
6969,4756
6992,4779
7016,4801
7041,4824
7066,4847
7089,4870
7113,4892
7138,4916
7162,4939
7185,4962
7209,4985
7233,5008
7258,5032
7281,5054
7304,5080
7330,5104
7352,5126
7377,5149
7401,5173
7426,5197
7450,5220
7475,5243
7499,5267
7524,5291
7547,5313
7572,5336
7595,5358
7617,5379
7640,5400
7662,5422
7684,5442
7706,5462
7728,5483
7748,5503
7769,5525
7790,5547
7811,5566
7835,5587
7857,5608
7877,5627
7899,5647
7922,5667
7945,5688
7968,5709
7991,5731
8013,5752
8034,5773
8056,5794
8078,5816
8099,5838
8121,5859
8144,5881
8166,5902
8189,5924
8211,5944
8234,5966
8257,5988
8281,6010
8305,6031
8329,6053
8353,6074
8377,6099
8400,6122
8423,6144
8447,6167
8471,6190
8495,6212
8518,6235
8541,6258
8565,6281
8587,6304
8609,6327
8633,6350
8657,6373
8682,6395
8706,6418
8728,6440
8752,6462
8775,6484
8800,6507
8824,6528
8848,6550
8871,6571
8895,6592
8918,6614
8941,6637
8964,6659
8988,6683
9011,6706
9035,6730
9058,6753
9083,6777
9106,6801
9131,6825
9157,6848
9181,6871
9207,6894
9233,6919
9258,6941
9282,6963
9307,6986
9331,7011
9355,7033
9379,7056
9402,7081
9426,7104
9448,7128
9471,7152
9495,7174
9518,7197
9542,7220
9566,7243
9589,7266
9613,7287
9638,7309
9662,7331
9687,7354
9710,7375
9734,7397
9757,7420
9780,7442
9802,7462
9824,7485
9849,7507
9870,7531
9892,7552
9914,7575
9936,7596
9959,7618
9981,7639
10005,7661
10026,7682
10048,7704
10071,7726
10094,7749
10117,7771
10139,7794
10163,7815
10185,7835
10208,7856
10230,7879
10253,7899
10277,7922
10298,7944
10320,7967
10343,7988
10365,8009
10389,8030
10411,8052
10434,8074
10457,8096
10481,8118
10506,8140
10530,8162
10554,8186
10579,8207
10603,8230
10627,8254
10652,8278
10676,8301
10700,8325
10724,8348
10746,8372
10770,8395
10793,8419
10818,8443
10842,8468
10867,8492
10892,8516
10918,8539
10944,8563
10969,8587
10995,8611
11021,8635
11046,8658
11071,8684
11096,8708
11121,8733
11145,8757
11169,8780
11193,8804
11217,8828
11239,8851
11262,8875
11285,8898
11309,8920
11333,8944
11358,8967
11382,8991
11406,9014
11430,9038
11455,9060
11479,9083
11504,9107
11529,9130
11555,9154
11579,9177
11603,9201
11627,9225
11650,9247
11673,9271
11698,9295
11722,9318
11745,9341
11770,9364
11795,9387
11820,9411
11844,9434
11870,9456
11894,9479
11918,9502
11941,9523
11964,9545
11986,9565
12008,9587
12030,9608
12050,9628
12071,9649
12092,9671
12112,9692
12133,9714
12155,9735
12177,9755
12198,9776
12219,9796
12240,9818
12262,9839
12285,9858
12307,9879
12330,9901
12353,9924
12375,9944
12397,9964
12419,9985
12443,10006
12465,10028
12487,10051
12510,10073
12533,10094
12557,10118
12579,10139
12603,10161
12626,10184
12649,10207
12672,10229
12695,10251
12720,10274
12744,10297
12767,10319
12792,10343
12817,10367
12839,10389
12863,10412
12886,10436
12908,10458
12931,10481
12955,10506
12979,10529
13002,10551
13026,10574
13049,10596
13072,10618
13095,10641
13118,10663
13141,10685
13165,10707
13189,10728
13212,10751
13234,10772
13256,10795
13279,10817
13302,10839
13325,10863
13348,10887
13371,10909
13395,10932
13419,10957
13443,10980
13466,11004
13490,11029
13514,11053
13540,11076
13564,11100
13586,11123
13609,11147
13633,11170
13658,11194
13680,11216
13704,11240
13728,11262
13751,11286
13775,11308
13798,11331
13821,11355
13843,11378
13867,11401
13888,11424
13911,11447
13933,11469
13957,11491
13980,11514
14004,11536
14025,11560
14047,11583
14068,11604
14090,11626
14114,11650
14137,11671
14160,11692
14183,11714
14205,11736
14227,11758
14248,11780
14269,11801
14292,11823
14314,11844
14336,11867
14356,11888
14377,11910
14399,11932
14420,11954
14441,11975
14464,11996
14485,12018
14508,12040
14531,12060
14552,12081
14574,12103
14595,12123
14616,12144
14639,12165
14662,12186
14684,12208
14707,12229
14728,12251
14750,12274
14771,12295
14795,12318
14817,12340
14840,12363
14861,12385
14884,12408
14908,12430
14930,12452
14952,12475
14977,12497
15000,12520
15025,12543
15048,12566
15072,12589
15096,12613
15121,12637
15145,12661
15171,12686
15195,12710
15219,12735
15243,12758
15267,12783
15291,12807
15314,12831
15339,12854
15364,12878
15387,12902
15411,12926
15435,12950
15460,12972
15484,12995
15509,13019
15532,13043
15556,13066
15581,13089
15604,13113
15626,13134
15649,13156
15672,13180
15695,13204
15717,13226
15741,13248
15764,13270
15788,13293
15811,13315
15835,13337
15859,13360
15884,13384
15908,13406
15932,13429
15955,13453
15981,13476
16005,13498
16029,13519
16051,13542
16073,13564
16096,13586
16119,13610
16140,13631
16163,13654
16186,13675
16209,13697
16231,13719
16254,13741
16276,13763
16299,13784
16321,13805
16344,13825
16366,13848
4,13868
26,13888
48,13906
69,13926
89,13946
111,13966
131,13987
153,14007
174,14027
195,14048
217,14070
239,14091
260,14110
284,14132
306,14153
329,14174
351,14196
375,14217
398,14238
422,14261
445,14282
467,14304
490,14324
513,14345
536,14364
559,14387
582,14410
606,14434
630,14458
653,14479
676,14501
701,14524
724,14546
748,14568
772,14591
797,14614
821,14636
845,14658
868,14680
894,14703
917,14725
941,14750
964,14772
988,14794
1010,14816
1033,14839
1055,14859
1076,14881
1099,14903
1121,14924
1144,14946
1168,14967
1192,14990
1216,15012
1241,15035
1265,15058
1289,15080
1314,15103
1337,15126
1361,15149
1386,15171
1411,15194
1435,15217
1459,15241
1481,15264
1505,15287
1529,15310
1552,15333
1575,15356
1599,15379
1623,15401
1648,15425
1673,15447
1696,15471
1721,15493
1745,15515
1769,15538
1793,15559
1816,15582
1839,15604
1862,15626
1885,15650
1908,15671
1930,15692
1953,15716
1974,15739
1996,15761
2019,15783
2041,15805
2065,15827
2089,15850
2112,15871
2135,15893
2158,15914
2182,15936
2204,15957
2228,15979
2250,16001
2272,16022
2294,16044
2315,16065
2337,16086
2358,16108
2380,16130
2402,16152
2424,16173
2447,16192
2468,16213
2491,16234
2514,16254
2537,16275
2559,16297
2582,16318
2604,16340
2628,16361
2651,16382
2675,19
2698,40
2721,62
2745,86
2767,109
2789,131
2813,155
2836,176
2860,200
2881,222
2905,244
2929,267
2954,289
2978,311
3003,334
3028,358
3052,382
3076,406
3100,429
3125,452
3149,478
3175,502
3200,526
3224,552
3248,576
3273,600
3297,625
3321,650
3345,673
3370,697
3394,719
3418,742
3443,765
3467,788
3493,811
3517,834
3542,857
3566,880
3591,905
3614,927
3638,950
3661,973
3685,996
3708,1019
3731,1041
3754,1062
3776,1083
3800,1106
3823,1127
3846,1151
3868,1175
3891,1197
3915,1220
3940,1242
3964,1265
3987,1288
4010,1311
4033,1333
4057,1356
4080,1378
4102,1401
4125,1423
4147,1446
4171,1469
4194,1491
4216,1512
4238,1534
4261,1555
4283,1578
4304,1600
4327,1620
4348,1641
4371,1662
4394,1682
4415,1702
4437,1722
4458,1743
4479,1764
4501,1785
4523,1806
4544,1827
4566,1847
4587,1869
4608,1889
4630,1910
4654,1932
4676,1954
4699,1975
4721,1997
4743,2019
4766,2040
4788,2061
4812,2084
4836,2106
4858,2129
4882,2151
4906,2174
4929,2196
4952,2218
4976,2242
5000,2265
5024,2288
5047,2312
5069,2335
5093,2359
5116,2382
5140,2405
5163,2428
5186,2453
5210,2476
5235,2499
5259,2522
5283,2545
5306,2568
5330,2591
5353,2613
5374,2637
5398,2660
5419,2681
5442,2703
5466,2725
5489,2749
5510,2770
5533,2792
5557,2814
5579,2836
5603,2858
5627,2881
5650,2904
5674,2929
5697,2952
5720,2976
5745,2999
5769,3023
5793,3047
5816,3071
5839,3095
5863,3119
5886,3144
5909,3168
5932,3190
5956,3215
5978,3237
6000,3260
6025,3282
6048,3305
6072,3330
6095,3354
6119,3378
6142,3402
6165,3424
6188,3445
6212,3468
6234,3491
6257,3514
6279,3537
6302,3560
6325,3582
6347,3603
6370,3626
6392,3649
6414,3672
6437,3693
6457,3715
6479,3736
6501,3758
6524,3780
6545,3802
6567,3824
6588,3844
6610,3867
6632,3888
6654,3910
6676,3931
6697,3952
6719,3973
6742,3994
6763,4014
6784,4036
6805,4057
6827,4079
6850,4100
6871,4120
6894,4144
6915,4165
6938,4187
6962,4209
6983,4230
7006,4252
7029,4275
7052,4298
7076,4322
7100,4345
7124,4367
7148,4390
7170,4411
7194,4434
7216,4459
7239,4482
7263,4506
7286,4528
7311,4551
7333,4575
7356,4597
7380,4621
7404,4645
7427,4668
7453,4691
7478,4716
7503,4739
7526,4764
7551,4788
7576,4813
7600,4838
7626,4861
7652,4885
7676,4908
7700,4931
7724,4954
7747,4978
7771,5002
7795,5027
7819,5051
7842,5073
7867,5096
7889,5119
7914,5144
7938,5166
7961,5188
7986,5210
8009,5233
8031,5254
8054,5278
8077,5301
8100,5322
8122,5344
8145,5368
8169,5390
8190,5414
8213,5436
8236,5459
8258,5480
8281,5502
8304,5525
8328,5548
8353,5570
8378,5593
8403,5614
8428,5636
8453,5657
8476,5679
8498,5702
8521,5724
8545,5745
8567,5767
8589,5788
8610,5810
8631,5831
8651,5853
8673,5872
8695,5893
8716,5912
8738,5933
8760,5951
8783,5972
8806,5993
8829,6014
8852,6036
8876,6057
8899,6077
8922,6097
8944,6118
8966,6140
8989,6163
9012,6185
9036,6208
9057,6228
9080,6250
9103,6272
9126,6295
9149,6317
9173,6339
9198,6360
9223,6384
9248,6405
9272,6428
9297,6451
9321,6475
9346,6497
9371,6520
9395,6544
9418,6567
9441,6590
9465,6611
9488,6635
9513,6658
9537,6680
9561,6703
9583,6728
9609,6751
9631,6772
9656,6795
9681,6818
9705,6841
9730,6863
9754,6885
9777,6907
9801,6930
9823,6953
9846,6975
9868,6998
9891,7019
9913,7041
9937,7065
9961,7089
9985,7112
10008,7135
10033,7158
10059,7182
10085,7205
10110,7230
10137,7253
10163,7275
10187,7300
10212,7324
10236,7349
10260,7372
10283,7395
10307,7418
10331,7442
10354,7464
10377,7487
10401,7510
10424,7533
10446,7555
10470,7580
10494,7604
10518,7627
10543,7649
10567,7672
10591,7695
10615,7718
10639,7739
10662,7761
10685,7782
10708,7804
10730,7826
10751,7847
10775,7870
10796,7892
10818,7914
10841,7935
10863,7957
10885,7977
10906,7998
10930,8018
10954,8040
10976,8061
10999,8082
11022,8102
11045,8123
11066,8146
11088,8166
11111,8187
11133,8207
11156,8230
11178,8251
11199,8273
11221,8295
11243,8317
11265,8340
11288,8361
11312,8383
11334,8404
11358,8427
11382,8450
11408,8473
11431,8496
11455,8519
11478,8541
11502,8564
11526,8587
11549,8610
11573,8633
11596,8658
11620,8682
11643,8706
11666,8730
11692,8753
11716,8776
11740,8800
11765,8823
11789,8847
11815,8871
11839,8896
11865,8920
11890,8944
11915,8968
11942,8992
11967,9016
11992,9041
12016,9065
12040,9089
12064,9113
12087,9138
12110,9163
12133,9187
12157,9210
12181,9234
12205,9258
12228,9283
12253,9305
12276,9329
12301,9352
12325,9375
12349,9397
12373,9421
12397,9443
12420,9466
12445,9489
12468,9512
12492,9534
12513,9558
12537,9581
12559,9602
12582,9625
12605,9649
12629,9672
12651,9694
12675,9718
12700,9739
12723,9761
12746,9784
12771,9807
12794,9829
12818,9851
12842,9873
12866,9896
12888,9916
12913,9938
12935,9960
12958,9982
12980,10003
13001,10024
13023,10045
13046,10066
13066,10087
13088,10108
13110,10129
13132,10149
13155,10170
13177,10193
13199,10214
13221,10237
13243,10258
13268,10279
13290,10301
13312,10323
13333,10343
13356,10365
13378,10388
13401,10411
13424,10433
13447,10455
13471,10476
13494,10498
13516,10520
13540,10544
13563,10566
13587,10589
13610,10613
13634,10636
13658,10660
13682,10684
13707,10707
13731,10730
13756,10754
13779,10777
13802,10800
13826,10823
13849,10846
13874,10870
13897,10892
13920,10915
13942,10938
13965,10961
13988,10984
14011,11006
14034,11030
14057,11052
14080,11075
14104,11098
14127,11122
14150,11144
14171,11165
14194,11187
14217,11209
14238,11232
14260,11254
14283,11278
14307,11300
14331,11325
14355,11349
14378,11372
14401,11395
14426,11420
14450,11444
14474,11467
14497,11491
14521,11515
14544,11537
14568,11561
14592,11584
14616,11607
14640,11630
14663,11654
14686,11677
14708,11701
14732,11723
14755,11746
14779,11771
14801,11794
14824,11816
14845,11838
14868,11860
14892,11882
14915,11906
14937,11928
14960,11951
14982,11972
15004,11993
15027,12016
15049,12038
15073,12060
15095,12082
15116,12103
15140,12124
15161,12144
15184,12165
15206,12187
15228,12208
15250,12229
15271,12250
15292,12271
15312,12292
15333,12313
15355,12334
15378,12356
15399,12377
15421,12398
15443,12419
15466,12441
15488,12462
15511,12484
15533,12505
15555,12526
15578,12547
15600,12569
15621,12592
15642,12613
15665,12636
15686,12657
15708,12680
15731,12701
15756,12723
15778,12747
15802,12770
15825,12792
15848,12815
15872,12837
15896,12860
15919,12883
15943,12905
15966,12928
15990,12950
16013,12972
16036,12995
16059,13019
16083,13043
16107,13067
16131,13090
16156,13115
16180,13138
16203,13162
16229,13187
16252,13211
16277,13235
16301,13258
16326,13283
16350,13308
16375,13330
15,13354
39,13378
65,13401
89,13425
115,13449
138,13473
162,13494
184,13517
209,13540
232,13562
254,13584
276,13607
300,13629
324,13653
348,13674
370,13695
394,13718
419,13740
442,13761
466,13784
490,13806
515,13827
539,13850
561,13872
586,13894
609,13915
632,13939
655,13960
678,13982
701,14004
724,14027
747,14050
770,14072
794,14094
819,14117
843,14137
867,14159
889,14180
911,14200
935,14222
957,14243
979,14263
1000,14284
1021,14305
1042,14324
1064,14346
1087,14366
1109,14387
1132,14408
1155,14431
1178,14452
1201,14474
1224,14495
1248,14516
1272,14538
1295,14560
1319,14581
1342,14602
1364,14625
1388,14646
1412,14669
1436,14691
1460,14714
1483,14736
1506,14759
1529,14781
1553,14805
1577,14829
1602,14850
1627,14874
1651,14897
1676,14921
1701,14944
1727,14967
1752,14990
1776,15013
1801,15037
1824,15059
1848,15082
1872,15105
1895,15128
1919,15151
1942,15173
1964,15195
1987,15218
2009,15240
2033,15262
2055,15284
2079,15306
2103,15329
2127,15353
2151,15374
2175,15397
2199,15420
2223,15442
2247,15465
2270,15487
2294,15510
2318,15535
2342,15559
2366,15582
2390,15605
2413,15630
2437,15653
2462,15676
2487,15701
2511,15724
2536,15747
2560,15771
2585,15795
2612,15820
2637,15841
2661,15866
2685,15888
2709,15911
2733,15935
2758,15958
2781,15982
2804,16004
2826,16026
2848,16049
2871,16073
2893,16095
2915,16117
2939,16140
2963,16162
2986,16185
3009,16205
3033,16226
3056,16248
3079,16270
3101,16292
3124,16313
3146,16333
3169,16356
3191,16377
3213,16
3236,38
3257,59
3277,81
3299,103
3321,124
3344,146
3366,167
3390,186
3411,209
3434,231
3458,254
3482,274
3505,296
3527,318
3550,339
3573,361
3597,382
3619,406
3641,429
3664,452
3686,474
3708,496
3730,519
3753,542
3776,564
3800,587
3823,610
3846,632
3870,656
3895,679
3918,702
3942,725
3964,749
3988,772
4012,795
4035,818
4059,840
4082,865
4104,890
4127,914
4152,939
4176,963
4201,987
4225,1011
4249,1035
4273,1058
4298,1082
4324,1106
4349,1131
4373,1154
4397,1176
4421,1200
4446,1223
4470,1246
4495,1269
4519,1293
4541,1315
4564,1338
4587,1361
4610,1383
4633,1407
4656,1429
4679,1451
4701,1473
4724,1495
4747,1517
4771,1539
4794,1560
4816,1582
4839,1603
4862,1624
4886,1645
4910,1668
4933,1689
4956,1711
4978,1734
5001,1757
5024,1779
5046,1803
5069,1826
5090,1848
5112,1869
5135,1891
5159,1911
5181,1933
5203,1954
5226,1974
5248,1995
5270,2015
5292,2036
5314,2056
5335,2078
5356,2098
5379,2119
5400,2142
5422,2163
5444,2185
5468,2206
5490,2226
5513,2248
5534,2271
5556,2291
5578,2313
5599,2335
5621,2356
5643,2378
5667,2400
5688,2421
5712,2444
5734,2467
5756,2489
5778,2511
5801,2534
5825,2557
5848,2581
5873,2603
5896,2625
5919,2647
5943,2671
5966,2695
5991,2718
6014,2741
6037,2765
6060,2788
6083,2809
6107,2833
6131,2857
6154,2881
6179,2906
6202,2929
6226,2952
6250,2975
6274,2998
6297,3021
6320,3043
6342,3066
6363,3089
6387,3111
6409,3133
6431,3155
6453,3178
6475,3202
6499,3225
6521,3246
6543,3269
6566,3292
6590,3315
6613,3339
6637,3362
6661,3385
6685,3408
6708,3431
6733,3456
6756,3481
6781,3506
6804,3529
6828,3552
6851,3576
6873,3599
6897,3621
6921,3645
6944,3668
6969,3691
6992,3715
7017,3737
7041,3760
7064,3783
7087,3805
7110,3828
7134,3851
7158,3874
7181,3897
7204,3921
7226,3943
7248,3963
7270,3986
7292,4008
7315,4028
7338,4050
7359,4073
7381,4094
7404,4116
7426,4138
7447,4160
7470,4182
7492,4203
7515,4224
7536,4245
7558,4267
7583,4288
7606,4308
7627,4331
7649,4351
7670,4373
7691,4395
7713,4417
7735,4438
7757,4460
7778,4481
7802,4502
7824,4524
7845,4547
7867,4568
7889,4590
7912,4611
7935,4634
7958,4657
7982,4679
8005,4700
8029,4722
8050,4745
8072,4768
8094,4790
8117,4813
8139,4834
8162,4857
8184,4879
8207,4902
8231,4925
8254,4948
8278,4971
8303,4993
8325,5016
8351,5040
8376,5063
8401,5086
8426,5109
8451,5133
8474,5156
8500,5179
8525,5203
8549,5226
8573,5250
8598,5273
8622,5297
8645,5322
8668,5345
8692,5368
8717,5391
8740,5415
8763,5437
8788,5461
8813,5484
8839,5506
8864,5528
8888,5553
8912,5575
8937,5595
8959,5617
8983,5639
9006,5661
9028,5684
9051,5706
9072,5726
9095,5748
9118,5769
9141,5791
9163,5814
9186,5835
9210,5856
9233,5877
9258,5899
9281,5921
9306,5943
9329,5965
9354,5987
9377,6008
9401,6029
9423,6049
9445,6070
9467,6092
9489,6114
9512,6135
9533,6157
9556,6178
9577,6197
9598,6217
9621,6238
9642,6259
9665,6278
9689,6298
9712,6319
9735,6339
9759,6362
9782,6384
9805,6403
9828,6425
9850,6445
9872,6466
9894,6487
9916,6510
9939,6529
9962,6552
9986,6574
10010,6596
10033,6619
10058,6641
10081,6663
10106,6685
10130,6707
10155,6730
10180,6753
10204,6776
10228,6798
10253,6823
10277,6848
10300,6870
10325,6894
10347,6918
10371,6940
10394,6963
10419,6986
10443,7010
10468,7033
10492,7057
10517,7081
10540,7103
10565,7127
10591,7151
10617,7174
10640,7197
10663,7220
10688,7242
10712,7266
10735,7288
10757,7311
10778,7332
10802,7355
10824,7377
10847,7398
10870,7420
10892,7443
10917,7466
10940,7490
10965,7513
10990,7535
11015,7559
11041,7583
11065,7606
11089,7630
11112,7654
11136,7677
11160,7700
11185,7724
11209,7748
11232,7771
11255,7795
11280,7819
11304,7843
11328,7866
11351,7890
11375,7913
11399,7936
11423,7958
11448,7981
11473,8004
11497,8025
11521,8048
11544,8069
11568,8091
11590,8113
11613,8135
11636,8157
11659,8180
11680,8202
11703,8224
11725,8246
11748,8268
11771,8290
11794,8311
11815,8331
11837,8352
11862,8373
11885,8396
11907,8418
11929,8439
11952,8461
11975,8483
11997,8505
12019,8526
12042,8549
12064,8570
12085,8593
12106,8614
12128,8635
12149,8657
12170,8679
12191,8701
12214,8723
12236,8746
12257,8768
12280,8791
12304,8813
12327,8835
12352,8857
12374,8880
12397,8903
12421,8927
12443,8948
12467,8972
12490,8994
12512,9017
12535,9039
12557,9063
12581,9087
12606,9110
12630,9133
12654,9157
12678,9181
12702,9204
12727,9228
12753,9252
12778,9275
12802,9299
12827,9323
12852,9346
12877,9371
12900,9395
12925,9420
12950,9445
12974,9470
12999,9494
13024,9517
13049,9541
13072,9564
13096,9590
13121,9613
13144,9635
13168,9658
13191,9681
13215,9704
13239,9727
13263,9750
13286,9773
13309,9795
13333,9817
13356,9839
13379,9861
13402,9884
13425,9906
13448,9928
13470,9950
13492,9973
13515,9995
13537,10017
13560,10038
13583,10060
13605,10083
13629,10105
13652,10127
13675,10149
13699,10172
13723,10194
13745,10215
13769,10236
13792,10258
13816,10280
13839,10304
13861,10325
13883,10346
13904,10368
13926,10389
13949,10411
13971,10431
13994,10452
14013,10473
14036,10494
14058,10516
14079,10537
14102,10560
14125,10581
14147,10603
14171,10626
14193,10648
14215,10670
14239,10693
14262,10715
14285,10737
14308,10759
14332,10782
14354,10804
14377,10825
14399,10848
14422,10870
14446,10893
14469,10916
14493,10939
14516,10962
14540,10986
14562,11010
14587,11034
14612,11057
14637,11081
14660,11105
14684,11129
14709,11153
14733,11178
14758,11202
14780,11226
14804,11249
14829,11273
14852,11296
14875,11319
14899,11343
14923,11366
14946,11390
14970,11414
14993,11437
15017,11460
15040,11484
15062,11508
15086,11530
15109,11552
15133,11574
15156,11597
15176,11620
15199,11643
15222,11666
15245,11689
15269,11712
15292,11735
15315,11758
15339,11782
15363,11804
15387,11830
15412,11855
15434,11880
15458,11904
15484,11928
15509,11952
15532,11976
15558,11999
15583,12023
15607,12046
15631,12069
15654,12092
15677,12116
15699,12138
15722,12161
15745,12183
15769,12206
15792,12228
15816,12251
15839,12273
15863,12295
15885,12319
15907,12342
15931,12366
15953,12387
15976,12408
16001,12429
16023,12450
16045,12473
16067,12495
16089,12517
16112,12539
16135,12561
16156,12583
16178,12605
16198,12628
16219,12649
16241,12669
16262,12692
16283,12713
16305,12735
16327,12756
16350,12777
16372,12799
10,12822
32,12843
55,12864
77,12885
100,12907
120,12928
141,12949
163,12971
187,12993
210,13015
232,13036
254,13058
276,13080
299,13103
323,13127
348,13148
373,13171
395,13193
419,13215
443,13238
467,13261
491,13284
515,13308
540,13329
564,13353
587,13376
608,13400
632,13422
656,13446
681,13469
705,13491
731,13515
756,13539
781,13563
807,13588
833,13612
859,13638
886,13659
912,13685
938,13708
963,13732
988,13756
1011,13779
1036,13802
1060,13825
1083,13849
1108,13872
1132,13895
1155,13918
1178,13941
1203,13963
1229,13985
1252,14008
1276,14030
1299,14052
1324,14074
1348,14097
1372,14118
1396,14139
1420,14160
1445,14182
1466,14203
1490,14226
1513,14248
1536,14270
1559,14290
1581,14312
1603,14334
1628,14356
1651,14378
1674,14400
1697,14422
1722,14442
1746,14464
1769,14483
1793,14504
1815,14526
1838,14547
1861,14568
1883,14589
1906,14611
1929,14632
1951,14655
1974,14676
1996,14697
2018,14719
2040,14740
2063,14760
2086,14781
2110,14801
2133,14822
2157,14845
2181,14868
2206,14889
2229,14911
2252,14932
2275,14955
2297,14976
2321,14997
2343,15019
2367,15041
2390,15065
2413,15088
2437,15111
2461,15134
2485,15157
2509,15179
2534,15203
2558,15226
2583,15250
2608,15274
2635,15298
2660,15322
2685,15346
2710,15370
2734,15395
2758,15419
2781,15443
2804,15466
2827,15489
2851,15512
2874,15534
2898,15558
2921,15582
2946,15604
2970,15627
2993,15651
3018,15673
3042,15696
3066,15718
3090,15740
3114,15762
3137,15784
3161,15807
3183,15829
3204,15852
3228,15875
3251,15898
3276,15920
3298,15943
3321,15966
3346,15991
3370,16014
3395,16038
3421,16061
3444,16086
3469,16110
3495,16133
3520,16158
3543,16180
3566,16203
3592,16227
3616,16250
3642,16273
3665,16296
3687,16319
3710,16340
3733,16362
3756,1
3778,23
3800,46
3823,69
3846,91
3869,113
3892,135
3914,159
3937,180
3960,203
3982,226
4004,246
4027,267
4049,288
4070,309
4092,332
4113,353
4135,375
4156,396
4177,418
4199,439
4219,460
4240,481
4263,502
4285,524
4307,545
4330,565
4352,586
4374,608
4397,629
4420,652
4441,674
4462,694
4485,716
4507,737
4528,759
4550,781
4572,803
4593,825
4615,847
4637,868
4661,891
4683,913
4707,936
4731,958
4755,980
4778,1003
4802,1026
4825,1049
4848,1072
4872,1095
4895,1117
4918,1140
4942,1163
4965,1185
4989,1209
5013,1232
5037,1255
5061,1278
5084,1302
5107,1323
5133,1348
5157,1372
5182,1397
5208,1420
5233,1445
5258,1469
5282,1493
5305,1515
5329,1538
5354,1561
5379,1585
5403,1608
5427,1631
5450,1654
5474,1678
5498,1701
5521,1724
5546,1748
5570,1771
5592,1793
5614,1817
5638,1839
5661,1861
5685,1883
5707,1906
5731,1927
5754,1949
5777,1971
5801,1994
5823,2016
5846,2038
5869,2060
5892,2081
5915,2103
5938,2125
5959,2147
5983,2168
6005,2190
6027,2211
6050,2232
6073,2255
6095,2277
6118,2298
6139,2320
6160,2343
6182,2364
6205,2385
6228,2407
6251,2427
6272,2449
6294,2471
6316,2492
6338,2514
6361,2535
6382,2557
6403,2578
6426,2600
6447,2622
6469,2644
6492,2665
6515,2688
6537,2709
6560,2731
6582,2753
6605,2775
6627,2798
6651,2821
6672,2843
6696,2867
6719,2889
6744,2911
6765,2934
6789,2956
6812,2979
6836,3002
6858,3026
6881,3049
6903,3071
6927,3095
6950,3119
6975,3143
6999,3166
7023,3190
7047,3215
7071,3241
7095,3265
7120,3289
7145,3312
7168,3336
7193,3360
7215,3383
7238,3405
7260,3428
7282,3452
7306,3475
7329,3498
7350,3521
7372,3543
7395,3564
7416,3587
7440,3609
7462,3631
7485,3655
7509,3677
7533,3700
7556,3723
7579,3745
7603,3769
7626,3792
7650,3816
7673,3839
7696,3861
7719,3884
7744,3908
7767,3932
7791,3954
7815,3977
7838,4000
7860,4023
7883,4046
7906,4070
7930,4093
7954,4115
7976,4137
8000,4160
8023,4182
8047,4205
8069,4227
8090,4250
8114,4272
8135,4296
8159,4318
8180,4340
8202,4362
8223,4384
8245,4406
8268,4429
8290,4451
8313,4472
8334,4493
8358,4516
8380,4538
8402,4560
8425,4580
8448,4602
8471,4625
8492,4647
8515,4668
8536,4689
8558,4711
8580,4732
8600,4754
8622,4774
8643,4795
8664,4817
8687,4838
8708,4858
8730,4879
8752,4901
8775,4923
8799,4945
8824,4967
8847,4989
8871,5011
8894,5031
8917,5053
8940,5075
8963,5096
8986,5118
9009,5139
9031,5162
9054,5185
9077,5207
9100,5230
9123,5252
9146,5276
9172,5299
9196,5322
9221,5345
9247,5367
9272,5390
9296,5412
9321,5434
9347,5458
9372,5482
9396,5505
9420,5527
9444,5551
9468,5575
9493,5599
9518,5623
9542,5647
9568,5671
9593,5695
9618,5719
9644,5741
9669,5765
9695,5789
9721,5811
9746,5834
9770,5857
9794,5881
9819,5904
9843,5927
9866,5949
9891,5973
9913,5996
9936,6017
9960,6040
9983,6061
10006,6083
10029,6105
10052,6126
10075,6147
10099,6169
10122,6191
10147,6213
10172,6234
10196,6256
10219,6279
10242,6300
10266,6321
10289,6343
10312,6364
10334,6386
10357,6407
10381,6428
10403,6450
10425,6473
10449,6494
10471,6516
10494,6537
10518,6558
10540,6578
10563,6599
10586,6620
10609,6642
10633,6663
10656,6683
10678,6704
10700,6726
10723,6747
10746,6768
10767,6789
10789,6810
10812,6832
10835,6853
10858,6874
10881,6896
10904,6918
10926,6940
10950,6961
10975,6984
10998,7007
11022,7030
11047,7052
11070,7076
11095,7098
11118,7121
11141,7143
11165,7166
11189,7189
11211,7213
11235,7236
11258,7260
11282,7284
11307,7307
11332,7331
11357,7355
11382,7379
11408,7403
11432,7427
11456,7451
11480,7475
11505,7497
11529,7520
11552,7543
11576,7566
11598,7589
11621,7612
11644,7635
11666,7657
11689,7680
11712,7703
11735,7724
11758,7746
11781,7768
11804,7791
11828,7814
11852,7836
11874,7858
11897,7882
11919,7903
11943,7925
11967,7948
11991,7971
12015,7993
12038,8016
12061,8039
12083,8063
12105,8086
12127,8109
12149,8132
12172,8156
12193,8177
12216,8200
12240,8223
12262,8246
12287,8270
12310,8294
12335,8316
12359,8338
12382,8362
12405,8383
12429,8405
12452,8428
12475,8449
12497,8471
12520,8494
12541,8516
12563,8537
12585,8559
12607,8582
12629,8604
12650,8625
12673,8646
12695,8668
12719,8691
12740,8712
12763,8734
12787,8756
12809,8778
12832,8799
12852,8820
12873,8840
12895,8861
12917,8882
12939,8903
12961,8924
12982,8945
13003,8966
13025,8988
13046,9010
13068,9032
13091,9054
13113,9076
13133,9096
13156,9117
13178,9139
13200,9162
13223,9182
13245,9204
13268,9226
13292,9248
13314,9270
13337,9292
13361,9315
13383,9338
13407,9361
13429,9383
13453,9405
13477,9427
13499,9449
13522,9472
13545,9496
13569,9518
13594,9542
13619,9566
13643,9588
13668,9611
13692,9633
13716,9657
13741,9680
13765,9705
13789,9729
13813,9753
13838,9778
13862,9802
13886,9825
13910,9849
13935,9873
13959,9897
13982,9920
14007,9945
14032,9968
14057,9991
14082,10014
14107,10038
14130,10061
14154,10086
14178,10108
14200,10131
14226,10154
14251,10178
14275,10201
14298,10222
14320,10245
14343,10267
14367,10289
14389,10311
14411,10333
14434,10355
14457,10377
14479,10399
14501,10421
14523,10442
14545,10464
14568,10486
14591,10508
14614,10529
14637,10551
14660,10573
14683,10596
14706,10617
14729,10640
14752,10662
14775,10684
14797,10706
14818,10727
14840,10748
14863,10770
14884,10791
14905,10813
14927,10835
14951,10858
14972,10880
14995,10900
15017,10922
15039,10942
15061,10962
15082,10985
15105,11008
15128,11030
15151,11052
15173,11074
15196,11095
15218,11118
15240,11141
15263,11163
15286,11187
15308,11209
15330,11230
15353,11255
15376,11278
15399,11300
15423,11323
15447,11346
15471,11369
15495,11392
15518,11416
15542,11439
15566,11463
15591,11488
15615,11511
15639,11534
15663,11559
15687,11584
15711,11608
15733,11632
15757,11655
15781,11679
15804,11703
15828,11727
15851,11751
15873,11775
15897,11798
15921,11821
15944,11844
15968,11867
15992,11890
16015,11913
16037,11934
16060,11955
16083,11979
16104,12003
16125,12025
16147,12047
16170,12068
16191,12090
16211,12111
16233,12132
16256,12154
16279,12177
16300,12198
16324,12222
16346,12246
16371,12270
12,12293
36,12317
59,12340
83,12363
108,12386
132,12409
155,12432
178,12455
200,12479
223,12502
245,12525
268,12549
290,12570
314,12593
336,12615
359,12639
382,12662
406,12682
428,12703
451,12725
475,12749
499,12772
521,12794
543,12815
566,12836
588,12857
611,12878
631,12901
653,12924
675,12945
697,12966
718,12986
740,13009
762,13030
785,13052
808,13074
831,13094
854,13115
876,13136
899,13156
922,13177
944,13197
968,13218
989,13240
1012,13262
1033,13283
1054,13303
1077,13325
1098,13346
1120,13368
1142,13389
1164,13411
1187,13434
1210,13455
1232,13477
1257,13499
1282,13520
1306,13542
1331,13565
1355,13587
1378,13610
1402,13632
1426,13653
1450,13676
1474,13697
1497,13720
1520,13743
1542,13766
1566,13789
1590,13811
1614,13835
1638,13859
1663,13881
1688,13905
1714,13926
1741,13948
1766,13973
1790,13995
1817,14018
1843,14042
1869,14067
1893,14091
1918,14115
1944,14138
1968,14162
1992,14186
2017,14208
2042,14232
2066,14255
2090,14278
2115,14301
2139,14324
2165,14347
2190,14369
2215,14392
2240,14414
2264,14437
2288,14458
2311,14480
2335,14503
2358,14524
2381,14546
2405,14567
2427,14589
2450,14611
2473,14633
2496,14652
2519,14675
2541,14697
2564,14718
2588,14739
2612,14760
2636,14783
2660,14806
2684,14828
2708,14850
2732,14872
2753,14893
2776,14914
2799,14936
2822,14957
2844,14978
2866,14999
2889,15020
2912,15042
2935,15065
2957,15087
2980,15108
3003,15128
3026,15149
3048,15170
3072,15192
3095,15214
3118,15235
3141,15258
3164,15279
3187,15301
3211,15324
3233,15345
3255,15367
3278,15389
3301,15411
3324,15434
3348,15457
3371,15480
3396,15504
3420,15527
3443,15551
3467,15575
3492,15598
3517,15622
3543,15645
3568,15669
3593,15692
3619,15718
3643,15741
3667,15766
3690,15789
3714,15813
3738,15837
3762,15860
3786,15884
3809,15908
3833,15932
3856,15956
3880,15981
3902,16004
3926,16027
3950,16049
3973,16072
3996,16095
4020,16119
4042,16140
4067,16162
4089,16184
4111,16206
4134,16228
4156,16251
4178,16273
4200,16294
4224,16316
4248,16338
4271,16361
4295,2
4320,25
4344,49
4369,72
4394,96
4419,119
4443,144
4467,167
4490,190
4514,213
4538,237
4562,261
4584,284
4607,306
4631,329
4653,352
4676,375
4699,398
4723,421
4746,443
4769,466
4794,488
4817,509
4840,532
4864,555
4887,576
4909,598
4932,620
4956,641
4978,664
4999,687
5022,709
5044,729
5066,750
5088,772
5110,793
5131,814
5152,837
5174,858
5196,880
5216,901
5239,922
5263,944
5285,965
5306,986
5328,1007
5350,1028
5372,1051
5393,1072
5416,1094
5437,1116
5460,1138
5482,1160
5504,1182
5526,1204
5550,1226
5574,1249
5597,1269
5620,1292
5643,1315
5666,1337
5690,1360
5715,1381
5738,1405
5762,1428
5786,1451
5810,1474
5833,1497
5858,1520
5883,1543
5907,1565
5930,1588
5953,1611
5978,1635
6001,1658
6024,1682
6048,1707
6073,1730
6099,1753
6124,1776
6147,1801
6173,1825
6197,1850
6222,1874
6249,1898
6274,1922
6299,1946
6323,1970
6348,1994
6374,2017
6397,2042
6421,2066
6445,2091
6469,2114
6493,2138
6517,2160
6541,2184
6564,2206
6587,2228
6611,2252
6635,2274
6658,2297
6681,2320
6704,2342
6726,2364
6749,2386
6772,2408
6795,2431
6818,2453
6841,2475
6864,2496
6886,2518
6908,2541
6931,2563
6954,2586
6976,2608
7000,2632
7023,2653
7046,2676
7069,2699
7094,2721
7117,2743
7139,2766
7161,2787
7184,2810
7205,2832
7229,2854
7250,2875
7272,2896
7294,2918
7316,2939
7339,2962
7360,2985
7382,3007
7404,3030
7426,3052
7448,3075
7472,3097
7494,3119
7518,3143
7542,3166
7566,3189
7589,3212
7614,3236
7637,3260
7660,3282
7683,3306
7706,3330
7730,3353
7752,3377
7776,3400
7799,3425
7822,3449
7846,3473
7870,3499
7894,3524
7919,3547
7943,3572
7968,3596
7991,3620
8014,3644
8038,3669
8063,3692
8086,3716
8110,3741
8134,3767
8158,3791
8180,3815
8202,3837
8225,3860
8248,3884
8271,3907
8294,3929
8317,3951
8340,3973
8365,3996
8389,4019
8413,4040
8437,4063
8461,4085
8485,4109
8507,4130
8530,4153
8554,4176
8575,4198
8597,4223
8620,4248
8642,4271
8666,4295
8690,4318
8714,4342
8738,4367
8763,4390
8788,4414
8813,4438
8837,4461
8862,4485
8887,4508
8911,4533
8936,4556
8959,4579
8983,4600
9006,4623
9029,4646
9052,4670
9074,4693
9099,4715
9121,4739
9144,4762
9167,4783
9190,4805
9214,4827
9238,4847
9262,4869
9286,4892
9310,4914
9334,4936
9355,4957
9378,4978
9400,4999
9423,5021
9444,5044
9465,5064
9487,5085
9509,5106
9531,5129
9554,5150
9576,5170
9599,5192
9620,5214
9643,5236
9668,5256
9691,5278
9714,5300
9738,5322
9762,5343
9784,5363
9808,5385
9830,5407
9852,5428
9875,5450
9898,5472
9919,5495
9944,5516
9966,5538
9989,5560
10014,5583
10037,5606
10063,5629
10089,5652
10113,5675
10139,5697
10164,5721
10189,5743
10214,5765
10238,5786
10264,5809
10288,5834
10311,5856
10335,5878
10358,5899
10381,5922
10406,5945
10430,5970
10454,5993
10480,6016
10504,6041
10530,6066
10556,6090
10583,6113
10609,6137
10635,6162
10661,6186
10686,6210
10711,6233
10736,6257
10761,6279
10785,6301
10809,6324
10833,6346
10856,6370
10879,6391
10902,6414
10927,6437
10951,6460
10974,6483
10998,6504
11023,6526
11046,6548
11070,6571
11093,6592
11117,6612
11140,6633
11163,6654
11186,6676
11209,6698
11232,6720
11253,6741
11275,6762
11298,6783
11321,6806
11343,6828
11367,6850
11390,6871
11414,6892
11437,6914
11462,6936
11485,6958
11508,6980
11532,7002
11553,7023
11575,7044
11598,7065
11621,7086
11643,7107
11665,7130
11686,7151
11708,7172
11730,7194
11753,7216
11775,7237
11798,7258
11820,7279
11843,7302
11868,7324
11891,7346
11915,7370
11939,7392
11963,7413
11987,7435
12010,7457
12033,7481
12056,7504
12080,7527
12102,7551
12125,7573
12147,7598
12170,7621
12192,7645
12217,7669
12240,7692
12265,7717
12290,7742
12315,7767
12340,7791
12365,7815
12390,7839
12415,7863
12440,7887
12463,7911
12486,7936
12510,7958
12533,7981
12557,8005
12580,8028
12604,8051
12628,8073
12651,8096
12675,8118
12698,8142
12722,8163
12744,8186
12768,8209
12791,8231
12815,8253
12839,8275
12861,8298
12883,8320
12906,8343
12930,8366
12953,8390
12976,8414
13000,8437
13022,8460
13046,8482
13069,8506
13094,8529
13117,8553
13141,8576
13166,8599
13190,8623
13215,8646
13239,8669
13262,8693
13286,8716
13310,8740
13334,8763
13358,8788
13381,8809
13404,8832
13428,8854
13451,8875
13474,8898
13495,8920
13518,8942
13540,8964
13563,8985
13586,9007
13607,9029
13631,9051
13654,9073
13676,9095
13699,9118
13720,9139
13743,9161
13766,9182
13787,9202
13808,9224
13830,9245
13853,9266
13875,9289
13896,9309
13918,9330
13939,9350
13962,9372
13983,9394
14005,9414
14026,9435
14049,9455
14072,9477
14094,9498
14116,9518
14140,9540
14162,9562
14186,9585
14208,9608
14231,9630
14254,9653
14276,9675
14299,9696
14323,9719
14345,9741
14367,9763
14391,9785
14413,9808
14436,9831
14459,9853
14483,9876
14506,9900
14529,9922
14552,9943
14576,9966
14600,9988
14625,10011
14648,10034
14672,10058
14696,10081
14722,10105
14745,10128
14768,10150
14793,10175
14817,10197
14840,10221
14863,10245
14887,10270
14913,10294
14938,10319
14963,10342
14986,10366
15012,10389
15036,10413
15061,10437
15085,10459
15109,10482
15133,10505
15156,10529
15180,10552
15203,10574
15226,10596
15250,10620
15274,10642
15295,10664
15318,10687
15340,10709
15362,10730
15386,10752
15406,10774
15428,10795
15450,10817
15470,10839
15494,10860
15517,10883
15540,10903
15563,10926
15585,10948
15608,10969
15631,10991
15654,11013
15677,11034
15699,11056
15721,11078
15743,11100
15765,11122
15786,11143
15808,11166
15830,11187
15852,11209
15874,11230
15896,11252
15917,11273
15939,11295
15963,11316
15985,11339
16007,11361
16029,11382
16050,11404
16071,11426
16092,11449
16114,11470
16137,11492
16159,11514
16180,11536
16200,11558
16223,11581
16245,11603
16267,11626
16290,11649
16312,11672
16335,11696
16358,11718
16382,11742
23,11765
46,11790
70,11813
94,11836
116,11859
141,11884
164,11907
188,11931
211,11955
234,11980
257,12005
281,12029
306,12053
331,12077
355,12101
377,12124
402,12147
426,12170
450,12192
473,12214
498,12239
522,12262
547,12284
569,12307
592,12329
615,12354
638,12378
661,12399
683,12422
706,12444
729,12466
750,12489
772,12512
796,12535
819,12557
844,12579
868,12603
891,12626
916,12649
941,12672
965,12696
988,12719
1012,12743
1036,12766
1060,12789
1083,12813
1106,12837
1130,12860
1152,12883
1176,12906
1201,12930
1225,12952
1249,12974
1272,12997
1297,13020
1322,13042
1346,13064
1371,13086
1394,13108
1416,13131
1440,13153
1462,13175
1485,13197
1508,13218
1531,13239
1553,13261
1575,13283
1596,13304
1618,13328
1640,13350
1663,13371
1686,13393
1709,13414
1733,13435
1756,13454
1779,13476
1802,13496
1826,13518
1849,13539
1871,13560
1893,13580
1915,13601
1937,13621
1960,13642
1982,13664
2002,13685
2026,13705
2048,13729
2071,13750
2094,13772
2117,13794
2141,13817
2166,13838
2190,13860
2215,13882
2239,13904
2263,13926
2287,13948
2313,13970
2336,13993
2359,14017
2383,14040
2408,14062
2431,14085
2454,14107
2478,14129
2500,14151
2526,14175
2551,14197
2575,14220
2600,14243
2626,14266
2650,14289
2677,14311
2702,14337
2726,14360
2752,14383
2776,14405
2801,14429
2825,14454
2851,14477
2876,14501
2901,14526
2925,14549
2952,14572
2976,14597
3002,14622
3027,14646
3053,14669
3077,14692
3102,14713
3127,14735
3151,14758
3176,14780
3201,14802
3224,14825
3248,14848
3270,14869
3294,14892
3317,14914
3339,14937
3362,14960
3386,14982
3409,15003
3432,15024
3455,15046
3477,15067
3501,15089
3524,15111
3548,15132
3571,15155
3596,15176
3619,15200
3642,15222
3665,15242
3688,15264
3711,15287
3733,15309
3755,15331
3777,15353
3799,15374
3822,15397
3844,15417
3864,15438
3888,15460
3909,15481
3930,15502
3952,15523
3974,15545
3996,15568
4020,15589
4043,15612
4064,15634
4087,15655
4108,15677
4130,15699
4152,15721
4174,15743
4197,15764
4222,15788
4246,15811
4269,15836
4293,15859
4318,15881
4341,15906
4365,15929
4390,15953
4414,15977
4440,16001
4465,16025
4488,16049
4513,16073
4538,16096
4563,16120
4585,16145
4611,16169
4635,16191
4659,16216
4683,16240
4707,16263
4731,16286
4755,16310
4780,16332
4805,16355
4828,16380
4852,18
4877,41
4902,65
4926,87
4949,109
4971,132
4994,155
5017,177
5041,199
5063,222
5085,244
5108,266
5130,289
5153,311
5176,334
5201,357
5224,379
5247,402
5271,425
5295,448
5319,471
5343,495
5368,518
5392,541
5416,564
5440,588
5464,611
5487,634
5511,658
5535,683
5558,706
5582,729
5606,753
5631,776
5655,798
5677,822
5699,845
5723,867
5746,889
5770,911
5794,934
5817,956
5840,979
5863,1001
5886,1024
5909,1047
5931,1069
5954,1090
5976,1112
5998,1134
6018,1154
6042,1176
6063,1197
6086,1218
6108,1241
6132,1262
6154,1283
6176,1304
6200,1324
6223,1345
6245,1367
6265,1389
6288,1410
6311,1432
6335,1454
6356,1477
6379,1499
6402,1520
6426,1542
6449,1564
6472,1587
6495,1609
6517,1630
6539,1653
6563,1676
6587,1698
6610,1720
6633,1744
6657,1767
6681,1788
6704,1811
6727,1834
6751,1857
6776,1880
6800,1903
6826,1927
6850,1950
6873,1973
6897,1996
6922,2020
6945,2044
6969,2068
6992,2092
7017,2115
7040,2140
7067,2163
7092,2187
7117,2211
7142,2236
7168,2260
7192,2285
7216,2309
7242,2333
7268,2357
7293,2381
7316,2404
7341,2428
7365,2452
7389,2476
7413,2502
7436,2526
7459,2550
7484,2573
7508,2597
7532,2620
7555,2642
7579,2665
7604,2689
7628,2712
7650,2735
7674,2758
7696,2779
7720,2803
7742,2824
7764,2847
7786,2870
7808,2892
7830,2914
7852,2936
7874,2959
7897,2981
7919,3003
7942,3026
7964,3048
7986,3071
8008,3092
8030,3116
8052,3136
8075,3159
8098,3181
8119,3204
8141,3227
8162,3249
8184,3270
8205,3292
8225,3313
8247,3336
8269,3358
8292,3379
8313,3401
8335,3423
8356,3445
8380,3468
8403,3491
8427,3514
8450,3537
8473,3559
8496,3582
8520,3605
8544,3628
8567,3651
8590,3675
8612,3698
8633,3721
8657,3745
8680,3770
8704,3794
8727,3818
8752,3841
8776,3865
8801,3889
8826,3911
8851,3934
8877,3958
8902,3983
8927,4006
8950,4031
8976,4055
8999,4079
9024,4102
9050,4127
9073,4150
9096,4173
9119,4199
9143,4223
9167,4247
9191,4270
9215,4293
9239,4317
9263,4340
9287,4362
9310,4385
9335,4408
9357,4433
9380,4455
9404,4477
9427,4500
9449,4522
9472,4544
9496,4568
9518,4589
9541,4612
9564,4635
9586,4658
9609,4680
9631,4703
9655,4724
9678,4747
9703,4770
9730,4794
9754,4819
9778,4842
9803,4866
9828,4889
9853,4913
9877,4934
9900,4958
9923,4980
9947,5002
9969,5025
9993,5047
10016,5070
10039,5091
10060,5113
10083,5136
10105,5156
10129,5178
10154,5199
10177,5221
10200,5242
10224,5264
10247,5285
10271,5306
10292,5326
10315,5347
10336,5368
10360,5389
10382,5411
10403,5431
10423,5451
10445,5472
10467,5494
10488,5514
10511,5536
10534,5556
10556,5577
10580,5599
10604,5619
10626,5640
10650,5660
10672,5680
10695,5702
10717,5722
10740,5744
10762,5766
10785,5788
10807,5810
10829,5831
10852,5853
10874,5874
10898,5894
10921,5916
10944,5937
10968,5959
10990,5980
11015,6003
11040,6026
11065,6048
11089,6071
11113,6094
11136,6116
11160,6138
11184,6161
11208,6184
11232,6206
11255,6229
11278,6252
11302,6274
11326,6297
11351,6321
11375,6343
11400,6367
11425,6390
11449,6415
11476,6438
11501,6463
11527,6486
11552,6510
11577,6535
11603,6557
11628,6581
11653,6605
11676,6629
11701,6651
11725,6673
11750,6696
11773,6719
11797,6743
11821,6766
11844,6789
11868,6813
11892,6837
11916,6859
11941,6881
11964,6904
11988,6926
12011,6948
12035,6971
12057,6993
12078,7015
12099,7037
12121,7059
12142,7080
12164,7102
12185,7123
12208,7146
12230,7167
12252,7188
12275,7211
12298,7233
12320,7255
12344,7275
12367,7297
12390,7319
12412,7340
12437,7361
12459,7383
12482,7406
12504,7427
12525,7448
12546,7469
12568,7491
12589,7511
12612,7532
12635,7553
12657,7575
12678,7596
12702,7619
12725,7640
12747,7661
12770,7684
12793,7707
12817,7728
12842,7752
12865,7774
12888,7796
12910,7820
12933,7843
12956,7866
12979,7889
13004,7912
13026,7935
13049,7957
13071,7981
13095,8004
13120,8028
13144,8052
13168,8076
13192,8100
13219,8124
13244,8147
13268,8171
13294,8196
13319,8221
13344,8244
13366,8268
13391,8292
13415,8316
13439,8340
13463,8364
13488,8387
13511,8410
13534,8434
13556,8456
13579,8480
13604,8503
13626,8525
13649,8548
13674,8570
13697,8594
13719,8616
13742,8639
13766,8661
13790,8684
13813,8707
13835,8728
13858,8751
13882,8774
13905,8796
13928,8819
13950,8842
13973,8865
13997,8889
14020,8911
14043,8933
14067,8956
14091,8981
14116,9004
14141,9027
14164,9050
14188,9074
14211,9097
14236,9120
14260,9144
14284,9167
14308,9190
14332,9213
14356,9236
14379,9258
14402,9280
14425,9301
14447,9324
14470,9347
14492,9369
14517,9390
14540,9412
14562,9434
14584,9455
14605,9477
14629,9498
14652,9520
14675,9541
14700,9562
14722,9584
14745,9606
14766,9627
14790,9649
14812,9670
14834,9692
14855,9714
14877,9735
14900,9757
14921,9779
14943,9801
14966,9822
14989,9844
15012,9866
15033,9888
15057,9909
15080,9931
15102,9953
15126,9974
15150,9997
15173,10018
15194,10040
15218,10063
15240,10085
15264,10107
15286,10129
15310,10152
15334,10174
15355,10197
15378,10220
15401,10243
15424,10265
15448,10288
15471,10310
15496,10332
15520,10356
15544,10380
15569,10403
15593,10428
15617,10451
15641,10473
15665,10496
15688,10520
15712,10543
15735,10568
15760,10592
15784,10616
15808,10640
15833,10663
15857,10686
15881,10711
15906,10734
15931,10759
15955,10783
15980,10809
16005,10833
16030,10856
16054,10881
16077,10905
16101,10929
16125,10952
16149,10975
16172,10998
16193,11022
16216,11044
16239,11068
16261,11091
16282,11115
16304,11137
16327,11160
16349,11182
16371,11204
10,11226
33,11248
56,11270
79,11292
102,11314
124,11336
146,11357
168,11379
189,11402
211,11424
233,11445
255,11469
278,11490
301,11512
323,11535
347,11557
369,11580
391,11600
412,11621
435,11645
458,11667
480,11689
503,11711
525,11733
546,11755
568,11777
590,11798
612,11820
635,11841
656,11863
678,11886
700,11908
722,11931
744,11954
767,11977
791,11999
813,12022
839,12045
862,12067
887,12090
910,12112
935,12133
958,12157
982,12180
1006,12204
1030,12227
1055,12251
1078,12274
1101,12297
1126,12322
1150,12347
1173,12370
1198,12395
1222,12418
1247,12442
1271,12466
1296,12490
1322,12514
1346,12537
1370,12562
1396,12586
1420,12609
1444,12633
1467,12656
1490,12678
1514,12700
1538,12722
1561,12746
1582,12769
1604,12793
1627,12815
1650,12836
1673,12858
1696,12881
1720,12906
1744,12927
1769,12949
1792,12972
1815,12993
1838,13016
1862,13038
1885,13060
1909,13082
1932,13104
1955,13126
1978,13148
2001,13170
2023,13193
2045,13215
2069,13237
2092,13261
2116,13285
2139,13309
2162,13331
2186,13353
2211,13376
2236,13397
2261,13418
2285,13441
2309,13464
2332,13485
2355,13507
2378,13527
2400,13548
2422,13570
2446,13591
2468,13613
2490,13635
2512,13657
2534,13677
2556,13698
2579,13720
2603,13742
2625,13761
2648,13782
2671,13805
2694,13826
2717,13847
2740,13869
2763,13889
2786,13909
2808,13929
2830,13949
2851,13970
2872,13991
2894,14011
2917,14033
2938,14052
2960,14075
2984,14097
3006,14117
3031,14138
3055,14161
3079,14182
3103,14203
3125,14224
3149,14245
3172,14267
3195,14288
3219,14310
3242,14331
3265,14354
3288,14377
3310,14400
3332,14422
3356,14444
3379,14466
3402,14488
3426,14510
3450,14532
3474,14555
3500,14578
3524,14601
3549,14627
3573,14649
3598,14672
3623,14694
3648,14718
3671,14741
3693,14764
3718,14787
3742,14811
3766,14834
3791,14855
3816,14878
3840,14903
3864,14927
3887,14951
3911,14975
3936,15000
3960,15024
3985,15049
4008,15072
4034,15096
4059,15119
4084,15143
4108,15167
4132,15189
4155,15211
4177,15234
4200,15256
4223,15279
4246,15300
4269,15321
4293,15344
4316,15366
4339,15387
4361,15410
4384,15431
4406,15451
4428,15474
4451,15495
4474,15518
4495,15539
4519,15559
4542,15581
4565,15604
4586,15625
4608,15646
4630,15667
4653,15690
4674,15712
4696,15734
4719,15755
4741,15778
4763,15799
4785,15821
4807,15844
4830,15865
4853,15887
4877,15907
4899,15929
4920,15951
4942,15973
4965,15995
4986,16016
5008,16038
5030,16059
5051,16080
5075,16102
5097,16125
5121,16146
5142,16169
5166,16190
5190,16213
5214,16234
5237,16257
5259,16279
5282,16301
5306,16325
5330,16347
5354,16369
5377,9
5400,33
5424,57
5449,80
5472,103
5496,126
5519,150
5543,173
5566,197
5590,221
5615,246
5639,269
5661,294
5686,316
5710,340
5734,363
5758,388
5781,410
5805,433
5830,456
5855,479
5877,502
5901,524
5923,546
5945,567
5967,590
5989,613
6012,633
6035,654
6058,676
6081,698
6103,720
6125,741
6146,764
6169,787
6193,809
6216,832
6240,854
6262,876
6286,899
6310,921
6333,943
6356,967
6379,988
6402,1011
6425,1034
6448,1057
6471,1079
6495,1101
6517,1124
6540,1147
6563,1170
6586,1193
6608,1216
6631,1238
6655,1259
6678,1281
6701,1303
6726,1325
6749,1348
6772,1369
6795,1391
6816,1413
6839,1434
6862,1455
6884,1477
6907,1499
6929,1520
6951,1541
6972,1562
6994,1583
7015,1604
7036,1627
7058,1648
7082,1669
7103,1690
7126,1710
7148,1732
7172,1753
7193,1774
7217,1796
7239,1818
7261,1840
7283,1862
7305,1883
7327,1904
7349,1925
7372,1947
7394,1971
7417,1993
7440,2016
7463,2038
7486,2060
7509,2081
7531,2103
7555,2126
7578,2148
7602,2171
7625,2194
7648,2216
7671,2239
7695,2262
7719,2285
7742,2308
7765,2331
7789,2354
7812,2376
7835,2399
7860,2423
7884,2447
7907,2471
7931,2494
7955,2518
7980,2543
8004,2566
8029,2590
8053,2615
8078,2639
8100,2664
8125,2689
8149,2714
8174,2737
8199,2762
8222,2787
8247,2812
8271,2837
8295,2861
8317,2885
8341,2912
8366,2936
8391,2959
8417,2984
8441,3007
8466,3032
8491,3055
8515,3079
8538,3102
8561,3125
8585,3149
8607,3172
8630,3194
8652,3217
8673,3240
8695,3262
8717,3284
8740,3307
8763,3329
8786,3351
8809,3374
8832,3396
8854,3418
8877,3440
8900,3462
8924,3485
8948,3508
8971,3530
8993,3552
9017,3575
9040,3597
9062,3619
9083,3642
9105,3663
9127,3685
9148,3707
9170,3729
9192,3751
9214,3772
9236,3795
9259,3818
9282,3839
9306,3860
9330,3881
9353,3904
9377,3925
9401,3948
9424,3971
9446,3994
9469,4014
9492,4038
9515,4059
9538,4083
9560,4106
9584,4129
9607,4153
9632,4176
9655,4199
9678,4223
9703,4246
9729,4270
9753,4294
9778,4318
9803,4342
9827,4367
9852,4391
9877,4416
9902,4439
9926,4463
9949,4487
9973,4511
9997,4536
10022,4559
10046,4585
10070,4609
10095,4634
10121,4657
10145,4680
10170,4703
10196,4726
10220,4750
10245,4774
10269,4796
10293,4820
10316,4842
10339,4865
10364,4887
10387,4910
10408,4932
10430,4955
10453,4976
10475,4997
10497,5020
10521,5041
10544,5064
10568,5086
10592,5108
10617,5129
10641,5151
10665,5173
10690,5196
10713,5219
10738,5243
10762,5265
10787,5289
10810,5311
10834,5335
10856,5357
10881,5379
10903,5401
10926,5424
10950,5446
10973,5468
10997,5490
11020,5513
11044,5535
11068,5557
11092,5578
11116,5600
11139,5622
11162,5643
11185,5664
11209,5686
11232,5706
11255,5727
11277,5749
11300,5768
11321,5790
11343,5812
11364,5832
11386,5851
11409,5874
11431,5894
11453,5914
11475,5935
11499,5956
11521,5977
11546,5998
11569,6019
11591,6040
11616,6061
11639,6083
11662,6104
11682,6125
11706,6147
11728,6168
11751,6188
11773,6210
11796,6232
11819,6253
11842,6275
11863,6298
11888,6319
11911,6341
11933,6363
11958,6386
11982,6408
12005,6431
12028,6453
12051,6473
12073,6496
12096,6519
12120,6541
12142,6563
12165,6587
12187,6610
12211,6634
12234,6656
12258,6679
12282,6702
12305,6725
12329,6748
12354,6772
12378,6796
12402,6818
12425,6842
12449,6865
12473,6889
12499,6912
12524,6936
12548,6961
12572,6983
12597,7007
12622,7030
12646,7053
12670,7077
12693,7101
12717,7125
12739,7148
12764,7171
12788,7195
12812,7216
12836,7239
12860,7263
12883,7286
12907,7308
12930,7330
12953,7354
12976,7376
12998,7398
13021,7419
13044,7441
13065,7463
13086,7485
13108,7506
13129,7527
13152,7548
13175,7570
13197,7591
13219,7612
13242,7634
13264,7656
13288,7678
13310,7700
13332,7722
13354,7742
13376,7763
13398,7785
13420,7806
13442,7826
13464,7848
13486,7869
13509,7890
13531,7911
13551,7933
13572,7953
13595,7973
13617,7995
13640,8016
13662,8036
13683,8057
13705,8078
13728,8100
13751,8121
13774,8143
13797,8164
13820,8186
13844,8209
13867,8231
13888,8253
13912,8275
13935,8299
13957,8323
13980,8346
14003,8369
14027,8392
14050,8416
14073,8439
14097,8462
14121,8487
14146,8511
14170,8535
14194,8558
14217,8582
14242,8606
14265,8629
14290,8653
14315,8677
14341,8701
14363,8725
14387,8748
14411,8771
14435,8796
14458,8820
14481,8844
14506,8867
14530,8890
14554,8913
14578,8935
14601,8957
14626,8981
14648,9003
14671,9025
14694,9048
14718,9070
14741,9091
14762,9113
14785,9135
14807,9157
14829,9179
14853,9201
14876,9223
14898,9245
14922,9269
14944,9291
14966,9314
14990,9337
15013,9358
15036,9381
15059,9404
15083,9426
15107,9448
15130,9469
15153,9492
15177,9514
15200,9538
15224,9560
15248,9583
15271,9605
15295,9628
15317,9650
15340,9672
15362,9694
15385,9716
15406,9737
15430,9759
15453,9780
15477,9803
15500,9825
15523,9847
15546,9870
15570,9891
15592,9914
15615,9935
15637,9957
15659,9976
15682,9998
15704,10020
15726,10041
15748,10062
15770,10083
15791,10106
15814,10128
15836,10148
15858,10170
15881,10191
15904,10213
15926,10234
15949,10257
15971,10278
15994,10300
16017,10322
16040,10344
16062,10365
16085,10386
16107,10408
16130,10431
16152,10453
16175,10477
16197,10499
16218,10522
16240,10544
16263,10566
16286,10590
16310,10615
16332,10638
16356,10660
16379,10683
19,10706
43,10729
68,10752
91,10776
115,10800
140,10822
164,10846
187,10869
210,10893
235,10916
258,10940
282,10966
305,10990
329,11014
353,11038
377,11062
401,11086
426,11110
451,11134
475,11158
500,11182
525,11206
552,11230
577,11256
600,11281
626,11304
651,11328
674,11353
697,11376
721,11401
746,11425
769,11449
792,11473
815,11495
837,11518
859,11542
883,11565
907,11588
931,11611
955,11633
978,11658
1002,11680
1025,11701
1048,11724
1071,11746
1093,11768
1115,11791
1138,11813
1160,11836
1181,11858
1204,11881
1226,11904
1249,11926
1271,11947
1293,11968
1316,11990
1338,12012
1361,12034
1384,12055
1407,12078
1431,12099
1453,12119
1476,12140
1500,12161
1523,12182
1545,12205
1566,12227
1588,12249
1611,12271
1634,12292
1655,12313
1678,12336
1701,12359
1724,12381
1748,12404
1772,12425
1797,12448
1822,12470
1845,12494
1869,12518
1893,12541
1916,12564
1940,12586
1963,12609
1986,12633
2009,12657
2032,12681
2055,12705
2079,12729
2103,12753
2128,12777
2153,12801
2178,12825
2204,12849
2229,12872
2254,12895
2279,12918
2304,12943
2328,12966
2354,12990
2378,13014
2402,13035
2425,13058
2449,13083
2474,13107
2497,13129
2520,13152
2542,13174
2566,13195
2589,13217
2613,13241
2636,13265
2662,13287
2685,13309
2710,13332
2735,13354
2758,13378
2781,13399
2805,13422
2828,13443
2851,13465
2873,13486
2895,13510
2917,13532
2940,13553
2963,13574
2987,13596
3011,13619
3035,13641
3059,13664
3084,13688
3109,13710
3133,13733
3158,13755
3183,13777
3208,13799
3233,13822
3258,13845
3282,13866
3306,13889
3328,13912
3352,13935
3373,13956
3395,13977
3420,13999
3443,14020
3466,14042
3489,14064
3512,14085
3535,14107
3558,14129
3581,14150
3606,14171
3628,14194
3651,14214
3674,14234
3698,14256
3720,14278
3743,14300
3766,14322
3788,14343
3811,14364
3832,14385
3854,14407
3876,14429
3897,14451
3919,14471
3940,14493
3963,14515
3984,14536
4008,14557
4030,14578
4054,14600
4077,14623
4100,14645
4123,14667
4147,14688
4169,14711
4193,14734
4216,14757
4240,14779
4262,14801
4285,14823
4309,14846
4333,14868
4356,14891
4380,14915
4404,14938
4427,14961
4452,14984
4477,15006
4501,15031
4527,15055
4551,15078
4574,15102
4597,15124
4621,15147
4643,15171
4667,15194
4691,15216
4716,15241
4740,15266
4765,15289
4789,15313
4814,15335
4840,15359
4865,15384
4890,15409
4914,15434
4940,15457
4966,15481
4990,15505
5014,15528
5038,15553
5064,15577
5088,15602
5112,15626
5134,15648
5157,15671
5180,15694
5204,15717
5228,15740
5253,15762
5276,15785
5299,15807
5321,15830
5345,15851
5368,15874
5392,15896
5414,15918
5436,15940
5459,15962
5482,15983
5505,16005
5527,16027
5549,16048
5571,16069
5593,16089
5614,16111
5636,16132
5657,16154
5680,16177
5701,16198
5724,16218
5747,16239
5770,16259
5792,16280
5814,16301
5836,16322
5857,16344
5879,16366
5902,4
5925,24
5947,45
5969,68
5991,89
6014,111
6036,132
6057,153
6079,176
6101,199
6124,221
6147,245
6170,268
6194,290
6218,312
6241,334
6265,358
6288,380
6313,403
6336,427
6359,451
6383,474
6406,497
6430,520
6453,544
6478,568
6501,591
6524,615
6547,637
6570,659
6593,683
6618,706
6642,731
6667,755
6691,778
6716,802
6741,826
6765,849
6788,872
6813,896
6838,918
6862,941
6884,964
6906,986
6929,1007
6952,1031
6975,1052
6997,1074
7020,1097
7042,1119
7066,1140
7087,1162
7110,1183
7132,1205
7155,1227
7179,1249
7201,1269
7224,1292
7247,1314
7270,1337
7293,1358
7316,1380
7341,1403
7364,1425
7387,1447
7410,1469
7432,1491
7456,1513
7478,1536
7501,1559
7524,1582
7546,1605
7569,1627
7592,1651
7616,1673
7641,1695
7665,1717
7688,1740
7711,1762
7734,1783
7756,1805
7779,1827
7803,1848
7823,1869
7845,1891
7867,1913
7888,1934
7910,1956
7932,1977
7955,1999
7977,2020
7998,2041
8020,2064
8044,2085
8066,2107
8087,2128
8109,2150
8132,2171
8155,2193
8177,2214
8200,2235
8221,2257
8243,2279
8264,2300
8284,2320
8306,2342
8328,2362
8349,2384
8371,2406
8394,2428
8418,2452
8441,2475
8464,2497
8490,2520
8513,2542
8536,2566
8559,2588
8582,2609
8605,2633
8629,2655
8652,2678
8676,2701
8698,2725
8721,2748
8744,2770
8769,2794
8792,2818
8815,2842
8838,2865
8863,2889
8887,2913
8911,2938
8936,2963
8961,2987
8986,3009
9011,3032
9035,3056
9060,3081
9083,3105
9106,3129
9131,3153
9154,3176
9178,3201
9203,3225
9226,3249
9250,3274
9275,3298
9300,3323
9325,3346
9349,3371
9372,3395
9398,3418
9424,3442
9449,3467
9472,3490
9496,3515
9519,3539
9542,3562
9565,3585
9588,3607
9611,3629
9633,3652
9654,3675
9677,3697
9699,3720
9721,3742
9744,3766
9766,3788
9790,3810
9814,3832
9837,3854
9861,3876
9883,3898
9906,3920
9927,3941
9950,3961
9972,3982
9994,4002
10015,4024
10037,4045
10059,4067
10082,4088
10104,4109
10125,4130
10148,4153
10171,4175
10194,4197
10217,4218
10240,4240
10263,4261
10285,4283
10308,4306
10332,4328
10355,4349
10378,4370
10401,4392
10423,4415
10445,4438
10467,4461
10489,4484
10513,4506
10535,4529
10558,4553
10584,4574
10608,4598
10632,4622
10656,4646
10682,4668
10707,4691
10731,4716
10756,4738
10780,4762
10804,4786
10826,4809
10849,4833
10873,4855
10897,4878
10920,4902
10944,4927
10969,4951
10994,4974
11018,4997
11043,5020
11067,5044
11092,5069
11117,5093
11142,5116
11167,5139
11192,5163
11216,5185
11240,5207
11264,5230
11286,5252
11309,5275
11331,5294
11353,5317
11376,5339
11398,5360
11421,5382
11444,5404
11467,5426
11491,5446
11514,5468
11538,5492
11561,5512
11584,5534
11607,5556
11632,5578
11655,5599
11678,5621
11702,5643
11725,5665
11748,5687
11772,5711
11794,5732
11817,5754
11840,5777
11864,5799
11887,5821
11911,5844
11936,5867
11960,5889
11985,5911
12009,5932
12032,5955
12056,5977
12078,5999
12100,6021
12122,6042
12146,6063
12166,6084
12188,6106
12209,6128
12231,6149
12253,6170
12275,6192
12296,6213
12318,6234
12340,6254
12362,6275
12386,6297
12409,6318
12431,6340
12455,6360
12478,6381
12500,6403
12523,6423
12545,6445
12568,6467
12591,6488
12613,6510
12636,6532
12658,6555
12680,6576
12703,6598
12726,6619
12749,6641
12773,6663
12796,6686
12819,6708
12844,6730
12866,6753
12891,6777
12914,6799
12938,6822
12961,6845
12985,6869
13008,6892
13032,6914
13056,6936
13078,6959
13102,6982
13124,7006
13148,7028
13172,7051
13195,7075
13219,7098
13243,7120
13269,7143
13293,7167
13318,7190
13342,7214
13366,7239
13390,7263
13413,7285
13438,7310
13462,7333
13485,7356
13508,7382
13532,7406
13557,7430
13582,7453
13606,7477
13630,7501
13654,7526
13679,7548
13704,7574
13730,7597
13754,7622
13776,7645
13801,7670
13824,7692
13849,7713
13873,7737
13895,7759
13919,7783
13941,7805
13964,7827
13987,7849
14011,7872
14033,7894
14055,7916
14078,7937
14100,7959
14123,7980
14145,8000
14167,8022
14189,8042
14213,8065
14235,8086
14257,8108
14279,8128
14302,8150
14326,8171
14347,8191
14369,8212
14392,8233
14414,8255
14436,8277
14458,8297
14481,8319
14502,8341
14525,8364
14548,8386
14571,8408
14593,8429
14616,8450
14639,8471
14662,8493
14686,8515
14708,8538
14730,8560
14752,8583
14775,8605
14799,8627
14823,8650
14846,8672
14869,8695
14893,8718
14915,8741
14938,8765
14962,8788
14985,8812
15009,8835
15034,8859
15058,8884
15082,8906
15108,8930
15133,8954
15157,8978
15181,9001
15205,9025
15230,9049
15254,9074
15279,9097
15303,9121
15327,9145
15351,9168
15375,9191
15400,9214
15423,9237
15446,9261
15470,9286
15496,9309
15521,9333
15546,9357
15569,9379
15592,9403
15615,9425
15639,9448
15662,9470
15685,9492
15709,9515
15732,9537
15754,9558
15779,9581
15801,9603
15824,9626
15848,9648
15869,9669
15890,9693
15914,9715
15938,9737
15961,9760
15985,9782
16007,9805
16030,9827
16053,9849
16077,9871
16103,9893
16127,9917
16149,9939
16172,9961
16195,9984
16219,10007
16242,10030
16265,10053
16286,10076
16310,10099
16333,10123
16355,10145
16378,10167
17,10189
42,10211
65,10233
88,10256
111,10279
134,10300
158,10321
180,10342
203,10365
227,10387
249,10408
270,10430
292,10451
314,10472
336,10495
359,10517
382,10540
404,10563
428,10584
451,10606
474,10629
497,10650
520,10673
544,10695
567,10718
589,10739
613,10762
637,10784
661,10807
683,10830
705,10853
727,10876
751,10899
773,10922
796,10946
819,10967
844,10991
868,11014
890,11038
915,11062
941,11085
965,11108
989,11133
1015,11158
1040,11181
1064,11205
1089,11228
1112,11252
1136,11276
1158,11302
1182,11327
1207,11350
1231,11375
1254,11400
1279,11424
1303,11447
1326,11471
1351,11497
1377,11521
1402,11546
1427,11570
1453,11595
1479,11619
1503,11643
1528,11667
1553,11694
1577,11718
1602,11742
1627,11766
1650,11793
1675,11818
1698,11842
1722,11867
1748,11891
1772,11914
1797,11937
1821,11960
1845,11985
1870,12007
1894,12031
1918,12054
1942,12075
1965,12098
1988,12121
2013,12143
2036,12163
2057,12185
2079,12207
2100,12228
2123,12251
2145,12274
2167,12296
2190,12319
2213,12342
2237,12363
2261,12384
2284,12406
2307,12428
2331,12449
2355,12472
2378,12494
2401,12515
2424,12537
2446,12559
2468,12582
2491,12605
2513,12628
2537,12650
2558,12673
2581,12696
2604,12718
2627,12741
2650,12763
2674,12785
2700,12807
2724,12831
2748,12853
2772,12875
2796,12899
2821,12924
2846,12947
2871,12971
2894,12993
2918,13017
2942,13042
2964,13067
2989,13090
3013,13114
3038,13139
3063,13164
3087,13186
3111,13210
3136,13234
3163,13259
3189,13283
3214,13306
3239,13329
3265,13355
3291,13378
3316,13402
3339,13428
3363,13452
3389,13476
3414,13499
3438,13523
3462,13546
3486,13569
3510,13591
3533,13615
3557,13637
3580,13659
3604,13682
3630,13703
3654,13727
3678,13750
3702,13772
3726,13795
3749,13818
3772,13841
3796,13864
3819,13886
3842,13908
3862,13930
3885,13950
3907,13971
3929,13994
3953,14017
3975,14040
3998,14062
4022,14084
4046,14107
4070,14130
4094,14151
4119,14174
4143,14197
4167,14220
4192,14243
4216,14265
4238,14288
4260,14308
4284,14331
4308,14354
4331,14378
4354,14400
4379,14422
4402,14444
4424,14465
4447,14487
4471,14508
4495,14529
4517,14552
4541,14574
4564,14595
4588,14619
4611,14642
4635,14663
4657,14684
4679,14707
4702,14728
4724,14752
4746,14773
4770,14794
4792,14818
4815,14841
4839,14862
4862,14884
4885,14906
4909,14927
4934,14949
4958,14970
4980,14992
5004,15015
5026,15038
5049,15060
5072,15083
5096,15106
5119,15128
5142,15153
5166,15175
5189,15198
5213,15219
5237,15242
5261,15266
5284,15289
5308,15312
5333,15334
5356,15356
5379,15381
5403,15406
5428,15430
5452,15454
5476,15478
5499,15501
5524,15525
5547,15548
5572,15571
5597,15594
5621,15618
5646,15642
5670,15666
5693,15691
5718,15716
5742,15741
5766,15765
5790,15789
5815,15813
5839,15837
5863,15861
5886,15885
5912,15909
5937,15933
5962,15956
5987,15981
6012,16005
6036,16029
6062,16053
6087,16077
6110,16100
6134,16123
6157,16146
6181,16169
6204,16191
6227,16214
6252,16235
6276,16257
6299,16279
6321,16301
6343,16323
6366,16345
6389,16367
6412,6
6436,28
6459,50
6483,70
6505,91
6526,113
6547,134
6569,155
6590,177
6612,200
6634,220
6657,242
6679,263
6702,285
6725,308
6747,330
6769,352
6790,373
6814,394
6838,416
6860,438
6883,459
6906,481
6928,504
6951,525
6974,547
6996,570
7018,593
7042,614
7064,637
7087,660
7110,683
7133,706
7157,728
7179,750
7202,774
7227,797
7252,819
7276,845
7300,867
7323,890
7348,915
7370,938
7394,960
7417,984
7441,1007
7466,1031
7488,1054
7511,1078
7537,1102
7561,1124
7585,1148
7610,1172
7634,1196
7659,1219
7682,1243
7707,1267
7731,1290
7755,1313
7780,1337
7804,1361
7829,1384
7853,1405
7877,1427
7900,1450
7923,1474
7946,1497
7968,1522
7991,1546
8013,1567
8036,1590
8058,1611
8080,1632
8103,1655
8126,1676
8149,1699
8172,1720
8195,1742
8219,1764
8241,1788
8264,1810
8287,1832
8310,1854
8332,1876
8353,1898
8376,1922
8399,1944
8423,1967
8446,1990
8471,2012
8495,2035
8519,2058
8543,2081
8567,2103
8591,2126
8614,2150
8637,2172
8660,2194
8683,2215
8706,2238
8728,2260
8751,2282
8772,2305
8795,2327
8818,2350
8841,2371
8864,2393
8886,2414
8909,2437
8933,2459
8957,2481
8980,2503
9004,2527
9028,2549
9050,2571
9073,2593
9096,2615
9119,2637
9142,2659
9165,2681
9186,2702
9208,2726
9231,2749
9255,2773
9278,2796
9299,2819
9323,2843
9347,2864
9370,2886
9395,2908
9419,2933
9443,2955
9467,2978
9491,3001
9515,3024
9540,3048
9562,3072
9585,3095
9609,3118
9632,3143
9655,3167
9679,3191
9702,3214
9726,3238
9751,3261
9775,3285
9800,3310
9824,3335
9851,3360
9876,3383
9901,3408
9927,3432
9951,3456
9976,3481
10001,3505
10024,3530
10048,3555
10071,3580
10095,3604
10117,3629
10141,3653
10165,3678
10189,3702
10214,3726
10239,3750
10265,3775
10291,3800
10317,3825
10342,3849
10367,3873
10393,3897
10418,3920
10442,3942
10467,3966
10491,3989
10515,4012
10536,4035
10560,4058
10583,4080
10607,4103
10630,4126
10652,4148
10676,4170
10701,4193
10724,4215
10748,4237
10772,4259
10797,4282
10819,4304
10842,4326
10865,4346
10888,4368
10908,4390
10930,4411
10952,4433
10973,4455
10995,4475
11017,4496
11038,4518
11061,4539
11084,4560
11107,4581
11130,4604
11153,4626
11178,4648
11202,4671
11224,4692
11247,4715
11270,4738
11294,4761
11318,4782
11340,4804
11362,4827
11385,4849
11408,4872
11431,4895
11453,4918
11476,4941
11499,4963
11523,4985
11548,5010
11573,5033
11597,5055
11623,5078
11647,5102
11672,5123
11695,5146
11720,5170
11745,5193
11770,5217
11795,5242
11818,5264
11841,5288
11865,5311
11890,5335
11915,5358
11939,5382
11964,5407
11989,5430
12014,5453
12039,5476
12063,5500
12088,5523
12112,5547
12135,5571
12159,5596
12182,5620
12206,5642
12230,5667
12252,5688
12275,5712
12299,5734
12322,5756
12345,5778
12369,5802
12391,5824
12415,5845
12439,5868
12465,5890
12489,5911
12514,5934
12538,5957
12560,5978
12583,6000
12607,6023
12631,6045
12653,6068
12676,6089
12699,6112
12722,6134
12745,6157
12769,6178
12793,6199
12815,6222
12839,6243
12863,6267
12886,6290
12909,6313
12934,6336
12959,6358
12984,6380
13007,6403
13031,6425
13054,6448
13077,6469
13101,6492
13124,6515
13147,6536
13170,6558
13193,6580
13216,6601
13239,6622
13262,6645
13285,6667
13308,6689
13332,6712
13356,6734
13379,6756
13402,6778
13425,6801
13449,6822
13472,6845
13494,6867
13516,6889
13539,6911
13562,6932
13584,6954
13607,6976
13631,6999
13653,7021
13677,7042
13700,7066
13723,7089
13748,7112
13771,7135
13795,7157
13818,7180
13841,7203
13865,7226
13888,7248
13911,7272
13936,7295
13959,7318
13984,7342
14006,7366
14030,7390
14055,7414
14078,7438
14101,7461
14125,7485
14150,7507
14175,7532
14199,7556
14224,7581
14248,7606
14272,7629
14296,7653
14322,7677
14346,7702
14370,7726
14396,7749
14421,7773
14445,7798
14470,7821
14492,7846
14517,7870
14540,7893
14565,7917
14589,7940
14614,7964
14639,7988
14664,8012
14688,8035
14712,8059
14739,8083
14764,8105
14789,8131
14813,8155
14837,8178
14860,8200
14883,8224
14907,8247
14930,8271
14953,8294
14977,8317
15001,8341
15024,8363
15047,8385
15070,8408
15093,8430
15114,8451
15135,8474
15158,8496
15180,8518
15203,8539
15225,8560
15247,8580
15270,8600
15293,8621
15316,8643
15338,8664
15359,8685
15380,8707
15403,8729
15426,8749
15447,8771
15469,8791
15491,8812
15513,8834
15536,8855
15558,8877
15582,8899
15606,8921
15628,8944
15650,8965
15672,8987
15694,9009
15719,9032
15743,9053
15765,9076
15789,9097
15812,9120
15835,9143
15858,9165
15881,9190
15903,9212
15928,9235
15951,9258
15974,9280
15997,9304
16022,9327
16045,9350
16068,9374
16094,9396
16119,9419
16144,9444
16168,9469
16191,9492
16215,9516
16239,9539
16262,9564
16285,9587
16307,9611
16332,9633
16356,9657
16380,9682
21,9705
44,9728
67,9753
91,9776
115,9800
139,9822
163,9845
187,9869
212,9892
236,9914
260,9935
284,9959
307,9981
329,10004
351,10026
375,10049
396,10072
418,10092
440,10114
462,10135
485,10157
507,10178
530,10200
554,10222
577,10243
601,10267
624,10288
648,10311
671,10333
696,10355
720,10376
743,10397
764,10419
786,10442
808,10464
831,10487
855,10508
877,10532
898,10554
920,10575
944,10598
967,10621
991,10644
1014,10665
1039,10688
1061,10710
1085,10731
1108,10753
1132,10776
1154,10796
1177,10818
1199,10840
1222,10861
1245,10884
1267,10906
1289,10927
1308,10949
1331,10972
1355,10993
1377,11014
1400,11036
1424,11056
1447,11078
1470,11100
1492,11123
1516,11146
1538,11168
1561,11191
1585,11214
1608,11235
1631,11257
1654,11280
1676,11303
1698,11325
1721,11346
1742,11370
1765,11394
1788,11415
1811,11438
1835,11461
1859,11484
1883,11507
1906,11531
1931,11553
1956,11576
1981,11600
2005,11625
2029,11649
2054,11673
2077,11696
2100,11720
2123,11744
2147,11768
2170,11792
2194,11817
2217,11841
2242,11863
2266,11889
2292,11913
2317,11937
2341,11962
2366,11986
2391,12010
2415,12034
2441,12058
2464,12082
2489,12104
2513,12128
2537,12151
2561,12175
2585,12198
2609,12222
2633,12247
2657,12271
2682,12295
2706,12318
2729,12343
2756,12367
2781,12391
2807,12415
2831,12438
2857,12463
2882,12485
2906,12508
2930,12531
2954,12553
2976,12576
3000,12599
3021,12621
3044,12643
3065,12667
3088,12689
3110,12712
3132,12732
3154,12754
3178,12776
3202,12796
3225,12819
3248,12841
3272,12862
3294,12884
3316,12905
3338,12927
3360,12947
3382,12968
3405,12990
3428,13011
3449,13033
3472,13055
3494,13077
3516,13100
3539,13121
3561,13142
3585,13164
3608,13186
3630,13207
3654,13229
3678,13251
3703,13275
3727,13298
3750,13321
3773,13342
3795,13364
3817,13386
3841,13409
3865,13431
3887,13454
3910,13478
3931,13500
3954,13523
3976,13544
4000,13567
4023,13590
4045,13613
4070,13635
4096,13658
4120,13681
4145,13704
4170,13727
4194,13751
4219,13774
4242,13797
4265,13820
4289,13843
4314,13867
4338,13891
4363,13915
4387,13940
4411,13964
4435,13988
4460,14012
4484,14035
4509,14059
4533,14081
4559,14105
4583,14127
4607,14151
4632,14174
4656,14196
4680,14218
4704,14240
4727,14263
4751,14284
4773,14306
4797,14329
4820,14350
4843,14372
4867,14395
4890,14417
4913,14441
4935,14461
4958,14482
4981,14504
5004,14527
5028,14548
5051,14570
5074,14592
5098,14615
5122,14637
5145,14660
5168,14683
5192,14706
5216,14730
5239,14751
5262,14773
5285,14794
5308,14815
5331,14838
5355,14860
5377,14882
5401,14905
5426,14927
5449,14949
5474,14970
5497,14993
5521,15015
5545,15037
5567,15059
5590,15081
5614,15103
5637,15127
5660,15148
5683,15170
5705,15191
5728,15214
5750,15235
5772,15256
5794,15280
5817,15302
5840,15325
5863,15347
5886,15371
5910,15393
5933,15415
5959,15437
5981,15459
6004,15483
6027,15506
6050,15528
6073,15551
6096,15573
6119,15595
6142,15618
6165,15640
6187,15663
6210,15686
6233,15708
6256,15731
6280,15754
6305,15776
6329,15799
6352,15825
6376,15848
6399,15872
6425,15896
6449,15919
6473,15943
6498,15967
6523,15992
6547,16015
6572,16039
6596,16061
6620,16085
6644,16110
6668,16133
6693,16156
6716,16179
6740,16202
6764,16225
6788,16249
6812,16272
6836,16295
6862,16318
6887,16342
6912,16365
6937,4
6961,27
6986,52
7009,76
7034,100
7058,123
7084,147
7107,170
7131,195
7155,218
7179,242
7202,265
7225,288
7249,311
7273,334
7296,358
7320,380
7344,402
7368,425
7390,447
7414,467
7436,489
7458,512
7479,534
7501,554
7523,576
7546,598
7567,619
7590,641
7613,662
7634,684
7656,707
7678,727
7699,748
7721,766
7742,787
7765,809
7789,830
7811,852
7834,872
7858,894
7880,915
7902,937
7924,959
7947,982
7969,1004
7991,1026
8013,1047
8035,1069
8056,1091
8078,1113
8100,1135
8123,1157
8147,1180
8172,1203
8195,1226
8218,1248
8242,1269
8265,1291
8289,1314
8312,1336
8335,1359
8359,1382
8382,1407
8406,1429
8428,1453
8450,1477
8474,1500
8498,1525
8523,1548
8548,1572
8572,1595
8597,1617
8621,1640
8647,1663
8672,1686
8697,1710
8720,1732
8744,1757
8768,1781
8792,1804
8816,1828
8839,1851
8864,1876
8887,1898
8911,1920
8935,1943
8957,1965
8982,1987
9005,2009
9028,2033
9053,2055
9077,2078
9100,2099
9123,2122
9147,2143
9170,2165
9194,2188
9216,2210
9240,2231
9263,2254
9284,2276
9306,2298
9328,2321
9349,2342
9371,2364
9394,2386
9417,2408
9441,2430
9464,2453
9488,2474
9512,2495
9536,2519
9560,2542
9583,2565
9606,2587
9630,2609
9652,2631
9675,2654
9698,2677
9721,2700
9744,2722
9765,2743
9788,2766
9810,2789
9832,2810
9855,2832
9878,2855
9902,2877
9927,2900
9951,2922
9973,2944
9995,2966
10018,2988
10042,3010
10064,3031
10088,3053
10109,3077
10131,3100
10153,3123
10175,3144
10199,3166
10222,3189
10244,3212
10268,3234
10291,3256
10313,3280
10335,3301
10359,3324
10383,3347
10406,3370
10429,3394
10453,3416
10478,3437
10500,3461
10523,3484
10545,3508
10568,3532
10591,3555
10616,3577
10638,3601
10660,3626
10683,3650
10706,3673
10731,3697
10756,3720
10780,3744
10806,3768
10831,3794
10855,3818
10880,3841
10905,3864
10928,3887
10953,3910
10977,3934
11001,3956
11025,3980
11049,4003
11072,4025
11096,4049
11120,4073
11143,4098
11168,4122
11191,4145
11216,4167
11242,4191
11267,4215
11293,4240
11317,4264
11342,4289
11366,4313
11390,4339
11416,4362
11440,4386
11464,4409
11488,4434
11511,4457
11534,4481
11558,4505
11581,4527
11605,4550
11629,4572
11654,4595
11678,4619
11703,4642
11727,4664
11751,4686
11774,4710
11797,4733
11820,4755
11843,4776
11866,4798
11888,4821
11910,4842
11932,4864
11953,4886
11976,4907
11997,4929
12018,4949
12040,4971
12062,4993
12083,5013
12104,5035
12127,5057
12149,5078
12171,5098
12192,5119
12216,5141
12239,5163
12262,5184
12284,5206
12307,5227
12330,5248
12352,5268
12374,5290
12396,5313
12418,5334
12441,5355
12465,5377
12490,5399
12513,5424
12537,5446
12561,5470
12584,5492
12607,5514
12631,5537
12654,5558
12678,5580
12701,5603
12726,5626
12748,5650
12772,5673
12795,5698
12820,5720
12845,5743
12869,5766
12893,5789
12917,5813
12942,5836
12967,5861
12992,5884
13017,5907
13041,5933
13066,5956
13091,5977
13115,6001
13139,6024
13163,6046
13186,6070
13210,6094
13234,6118
13258,6140
13282,6166
13305,6189
13329,6211
13354,6233
13378,6255
13403,6277
13427,6300
13450,6322
13473,6344
13497,6366
13522,6389
13545,6410
13568,6433
13592,6455
13615,6477
13639,6500
13662,6524
13686,6548
13708,6570
13732,6592
13755,6613
13777,6636
13801,6657
13823,6679
13845,6701
13869,6723
13893,6745
13917,6769
13942,6791
13966,6814
13991,6836
14014,6860
14038,6884
14062,6907
14085,6930
14109,6952
14132,6974
14156,6996
14179,7018
14202,7040
14225,7063
14247,7086
14270,7108
14292,7129
14316,7151
14339,7173
14361,7195
14384,7216
14408,7239
14432,7262
14455,7284
14478,7306
14501,7329
14525,7353
14549,7375
14573,7398
14596,7420
14619,7442
14642,7465
14665,7488
14688,7510
14711,7534
14734,7554
14756,7577
14779,7599
14800,7622
14824,7645
14847,7668
14871,7690
14895,7713
14920,7736
14944,7758
14966,7782
14990,7805
15013,7828
15036,7852
15059,7876
15082,7899
15106,7921
15128,7945
15152,7968
15176,7989
15200,8011
15222,8035
15245,8058
15269,8082
15294,8104
15319,8127
15344,8149
15366,8172
15390,8194
15414,8218
15438,8241
15461,8266
15485,8288
15509,8311
15532,8335
15557,8360
15581,8383
15604,8406
15630,8430
15653,8454
15677,8479
15699,8502
15723,8525
15747,8548
15772,8572
15796,8596
15821,8620
15846,8642
15870,8666
15894,8688
15918,8711
15942,8735
15967,8758
15989,8781
16011,8803
16033,8825
16055,8849
16077,8872
16099,8894
16123,8915
16145,8937
16167,8958
16189,8980
16211,9001
16232,9022
16255,9042
16276,9062
16298,9085
16319,9106
16341,9126
16363,9147
0,9168
20,9189
41,9210
62,9231
83,9252
104,9273
124,9294
145,9315
169,9335
190,9356
213,9376
237,9397
260,9419
284,9440
307,9461
329,9483
352,9504
375,9526
397,9548
419,9570
441,9591
464,9614
486,9636
509,9657
530,9679
553,9702
577,9725
599,9748
624,9770
647,9793
672,9815
695,9837
719,9859
744,9882
769,9904
793,9927
816,9950
840,9974
864,9998
888,10021
911,10043
934,10067
957,10091
981,10114
1005,10137
1028,10160
1053,10184
1078,10207
1102,10229
1127,10252
1152,10275
1176,10298
1201,10321
1226,10344
1249,10366
1273,10390
1297,10414
1321,10438
1344,10460
1366,10483
1389,10505
1411,10530
1434,10552
1458,10574
1480,10596
1504,10619
1528,10641
1552,10663
1576,10684
1599,10706
1622,10727
1646,10748
1669,10770
1691,10792
1713,10814
1736,10837
1758,10860
1782,10883
1804,10906
1826,10929
1849,10951
1872,10973
1895,10994
1918,11017
1941,11042
1965,11065
1989,11087
2015,11110
2041,11133
2065,11156
2088,11179
2111,11199
2135,11222
2157,11245
2180,11266
2202,11290
2224,11311
2247,11335
2270,11358
2292,11380
2315,11402
2340,11425
2362,11448
2384,11471
2409,11493
2433,11516
2457,11539
2482,11561
2506,11584
2528,11606
2551,11629
2573,11651
2597,11674
2619,11698
2642,11721
2664,11743
2686,11765
2710,11789
2733,11812
2756,11834
2778,11858
2801,11880
2824,11902
2848,11926
2873,11950
2898,11974
2921,11997
2946,12020
2971,12044
2994,12066
3017,12088
3040,12112
3064,12135
3088,12157
3111,12180
3135,12204
3158,12227
3182,12250
3205,12273
3228,12296
3252,12319
3276,12344
3301,12366
3325,12388
3350,12412
3374,12437
3398,12460
3421,12484
3446,12508
3469,12532
3493,12554
3516,12578
3540,12602
3564,12627
3587,12651
3611,12673
3635,12697
3658,12722
3683,12745
3707,12768
3731,12792
3757,12816
3781,12841
3806,12864
3831,12889
3855,12912
3878,12935
3901,12957
3924,12979
3947,13004
3968,13027
3989,13049
4011,13072
4033,13094
4055,13116
4079,13138
4101,13160
4124,13181
4146,13202
4168,13225
4190,13244
4212,13266
4234,13285
4256,13306
4279,13328
4301,13348
4322,13368
4345,13389
4367,13410
4389,13431
4409,13452
4430,13472
4453,13493
4474,13514
4495,13536
4518,13556
4540,13578
4563,13598
4586,13620
4608,13641
4631,13662
4653,13683
4676,13702
4699,13724
4723,13746
4746,13767
4769,13790
4792,13812
4814,13833
4836,13854
4858,13877
4880,13899
4904,13921
4926,13943
4950,13966
4973,13987
4995,14009
5019,14032
5043,14055
5068,14077
5091,14100
5116,14124
5141,14148
5166,14170
5190,14194
5214,14216
5238,14239
5260,14261
5284,14284
5310,14308
5334,14331
5357,14354
5380,14377
5405,14399
5428,14422
5451,14446
5476,14469
5500,14493
5525,14515
5549,14539
5573,14561
5597,14584
5621,14608
5646,14630
5669,14654
5694,14677
5718,14700
5741,14721
5763,14745
5786,14767
5810,14788
5834,14810
5857,14833
5878,14856
5901,14878
5924,14899
5947,14920
5970,14943
5993,14964
6015,14988
6039,15010
6062,15031
6086,15055
6109,15078
6132,15100
6156,15122
6179,15145
6203,15166
6225,15189
6249,15209
6272,15231
6295,15254
6317,15277
6340,15299
6363,15322
6387,15345
6410,15368
6433,15390
6457,15412
6481,15435
6503,15457
6527,15479
6551,15502
6574,15525
6595,15547
6619,15570
6642,15592
6666,15615
6689,15637
6710,15660
6733,15684
6757,15706
6779,15728
6802,15751
6825,15772
6848,15795
6871,15817
6893,15840
6918,15862
6940,15885
6962,15908
6986,15930
7010,15953
7033,15975
7057,15999
7080,16022
7103,16044
7125,16066
7148,16089
7172,16112
7196,16135
7218,16159
7243,16182
7266,16203
7289,16227
7312,16249
7336,16272
7361,16295
7385,16319
7408,16342
7432,16366
7456,5
7480,29
7504,53
7529,77
7553,100
7577,124
7602,147
7626,171
7650,195
7672,218
7695,241
7719,266
7742,291
7766,315
7792,339
7816,363
7842,387
7866,409
7890,432
7915,455
7938,480
7963,504
7987,526
8010,549
8033,573
8056,597
8080,620
8103,646
8126,669
8149,692
8172,715
8196,739
8220,764
8245,786
8269,809
8293,833
8318,856
8342,879
8366,902
8389,923
8412,945
8435,967
8457,988
8480,1009
8502,1031
8524,1052
8545,1073
8566,1095
8588,1117
8611,1139
8633,1160
8656,1181
8677,1202
8699,1222
8723,1243
8745,1266
8768,1286
8791,1307
8814,1328
8836,1349
8858,1371
8879,1390
8901,1413
8923,1434
8946,1456
8967,1478
8989,1498
9012,1520
9034,1542
9058,1562
9082,1584
9104,1608
9129,1631
9153,1653
9176,1674
9200,1696
9223,1718
9246,1741
9270,1764
9293,1785
9317,1807
9340,1830
9361,1853
9384,1875
9407,1897
9429,1920
9454,1944
9479,1967
9503,1991
9526,2014
9550,2037
9576,2060
9602,2084
9627,2107
9653,2130
9677,2154
9702,2179
9727,2203
9751,2227
9775,2248
9798,2271
9820,2294
9844,2318
9867,2340
9891,2363
9916,2389
9940,2412
9964,2435
9989,2460
10014,2482
10039,2506
10065,2528
10089,2551
10113,2574
10137,2597
10160,2620
10183,2642
10208,2667
10231,2688
10254,2711
10277,2732
10300,2754
10323,2777
10346,2801
10369,2824
10392,2847
10415,2869
10439,2891
10463,2914
10488,2936
10512,2960
10535,2983
10559,3007
10583,3029
10606,3052
10629,3075
10653,3097
10675,3121
10698,3144
10722,3168
10744,3190
10766,3212
10790,3234
10812,3256
10836,3280
10860,3302
10882,3325
10906,3347
10930,3369
10954,3392
10978,3414
11001,3438
11025,3462
11049,3485
11073,3508
11095,3530
11118,3555
11141,3577
11164,3601
11187,3623
11210,3646
11234,3670
11257,3693
11280,3717
11304,3740
11328,3763
11352,3786
11376,3808
11400,3831
11423,3855
11447,3878
11470,3900
11494,3922
11517,3945
11540,3968
11562,3990
11585,4012
11608,4033
11632,4057
11656,4080
11679,4103
11703,4127
11725,4151
11751,4174
11775,4198
11800,4222
11826,4246
11850,4269
11875,4294
11899,4317
11923,4342
11947,4366
11970,4389
11993,4413
12017,4437
12041,4461
12065,4486
12088,4510
12110,4532
12134,4555
12157,4578
12181,4604
12205,4628
12228,4652
12254,4676
12279,4700
12304,4722
12327,4747
12352,4771
12376,4794
12400,4818
12423,4842
12447,4866
12470,4888
12493,4911
12517,4935
12542,4959
12565,4984
12590,5007
12614,5032
12638,5055
12662,5078
12687,5101
12711,5124
12735,5146
12759,5170
12784,5193
12807,5215
12830,5238
12852,5259
12874,5280
12897,5303
12919,5324
12942,5345
12965,5365
12987,5385
13010,5407
13032,5428
13055,5449
13077,5470
13099,5491
13122,5512
13144,5532
13167,5554
13190,5575
13211,5597
13233,5619
13256,5640
13281,5661
13302,5683
13325,5703
13348,5726
13370,5746
13394,5768
13417,5790
13441,5812
13463,5836
13486,5858
13510,5880
13534,5903
13559,5924
13582,5946
13605,5968
13629,5991
13652,6015
13676,6036
13699,6059
13723,6084
13747,6107
13772,6130
13797,6152
13821,6174
13844,6198
13868,6221
13892,6245
13917,6269
13940,6293
13965,6317
13991,6340
14015,6364
14039,6389
14064,6413
14090,6437
14115,6460
14139,6484
14163,6507
14189,6530
14213,6553
14237,6576
14261,6601
14284,6624
14309,6646
14334,6670
14359,6693
14383,6716
14407,6740
14431,6763
14455,6786
14479,6810
14503,6834
14526,6856
14550,6880
14573,6902
14596,6925
14621,6947
14643,6970
14666,6992
14689,7015
14712,7037
14735,7059
14757,7081
14780,7104
14803,7127
14826,7150
14849,7172
14873,7195
14896,7216
14918,7239
14941,7264
14965,7287
14989,7308
15013,7331
15037,7354
15060,7376
15084,7398
15107,7420
15130,7443
15154,7465
15177,7488
15201,7510
15223,7533
15246,7555
15270,7580
15292,7603
15314,7625
15337,7648
15362,7671
15385,7695
15409,7718
15433,7740
15456,7763
15479,7786
15504,7809
15527,7832
15550,7854
15572,7877
15594,7899
15618,7921
15642,7945
15664,7968
15687,7991
15711,8014
15734,8035
15757,8057
15779,8081
15804,8103
15827,8125
15851,8147
15874,8171
15899,8194
15925,8217
15949,8240
15972,8265
15995,8288
16018,8312
16041,8335
16066,8359
16090,8382
16112,8405
16135,8428
16158,8452
16182,8476
16204,8499
16228,8523
16251,8546
16276,8571
16300,8594
16324,8619
16348,8643
16372,8667
12,8690
36,8714
60,8737
83,8761
107,8786
131,8809
154,8833
179,8857
202,8878
226,8902
250,8926
274,8950
298,8975
322,8998
346,9021
371,9045
395,9070
421,9094
445,9116
470,9140
496,9163
520,9187
543,9209
567,9233
590,9257
612,9281
635,9303
660,9326
683,9349
706,9371
729,9395
753,9417
777,9439
801,9461
824,9483
849,9503
871,9526
894,9546
916,9568
938,9591
960,9612
983,9632
1005,9652
1026,9674
1049,9695
1069,9716
1090,9737
1113,9758
1136,9778
1158,9799
1180,9818
1204,9840
1226,9861
1249,9882
1272,9904
1295,9925
1318,9947
1340,9968
1363,9991
1386,10012
1410,10035
1434,10058
1456,10080
1479,10103
1502,10126
1526,10148
1549,10170
1573,10193
1597,10215
1620,10238
1645,10262
1669,10285
1694,10308
1720,10332
1745,10355
1769,10377
1794,10399
1817,10423
1840,10447
1865,10470
1889,10492
1912,10515
1936,10538
1960,10562
1984,10587
2009,10611
2034,10635
2060,10659
2085,10684
2111,10708
2135,10731
2160,10754
2185,10778
2209,10800
2233,10823
2257,10847
2281,10871
2304,10895
2328,10917
2351,10939
2374,10964
2399,10988
2422,11011
2445,11035
2469,11058
2493,11081
2517,11105
2541,11128
2565,11151
2589,11174
2613,11197
2637,11219
2662,11242
2685,11264
2708,11287
2730,11310
2753,11333
2776,11356
2800,11378
2823,11400
2846,11422
2868,11444
2891,11469
2915,11492
2939,11513
2962,11537
2987,11560
3010,11584
3034,11607
3058,11629
3082,11652
3106,11676
3129,11699
3154,11722
3177,11744
3200,11768
3222,11791
3245,11814
3269,11837
3292,11860
3315,11884
3338,11906
3362,11929
3386,11951
3410,11975
3435,11999
3459,12022
3483,12043
3506,12066
3529,12089
3553,12111
3576,12133
3599,12156
3624,12178
3646,12200
3669,12224
3692,12246
3715,12269
3739,12293
3761,12317
3784,12340
3807,12363
3830,12386
3856,12409
3880,12433
3903,12457
3927,12479
3949,12503
3970,12526
3993,12548
4016,12571
4039,12594
4062,12617
4084,12641
4108,12665
4131,12688
4154,12712
4177,12736
4203,12760
4226,12784
4252,12808
4277,12831
4301,12856
4325,12879
4350,12904
4375,12926
4398,12949
4422,12973
4446,12996
4468,13020
4493,13044
4517,13068
4541,13092
4565,13116
4588,13138
4612,13159
4636,13183
4659,13207
4684,13232
4709,13255
4734,13280
4761,13303
4785,13328
4809,13351
4833,13374
4858,13397
4883,13422
4907,13445
4931,13468
4955,13490
4979,13514
5003,13538
5026,13560
5049,13582
5072,13605
5096,13626
5119,13650
5143,13671
5166,13692
5188,13714
5211,13734
5233,13755
5255,13776
5278,13798
5302,13820
5324,13841
5347,13862
5368,13882
5390,13903
5413,13925
5435,13945
5458,13966
5480,13987
5501,14008
5524,14029
5545,14050
5568,14071
5590,14092
5610,14113
5633,14134
5657,14154
5681,14176
5704,14198
5727,14219
5750,14240
5774,14263
5796,14285
5819,14308
5842,14330
5866,14352
5889,14374
5913,14396
5936,14419
5960,14442
5983,14464
6007,14487
6032,14510
6056,14533
6078,14557
6103,14580
6127,14603
6152,14626
6176,14649
6201,14672
6225,14696
6250,14720
6274,14743
6298,14767
6322,14791
6346,14814
6371,14837
6395,14861
6419,14885
6443,14909
6467,14933
6493,14958
6517,14982
6543,15006
6567,15030
6591,15055
6617,15079
6640,15103
6663,15126
6689,15149
6713,15172
6737,15194
6762,15217
6787,15241
6810,15264
6833,15286
6856,15310
6880,15331
6902,15354
6925,15378
6949,15400
6973,15421
6995,15445
7018,15468
7041,15490
7065,15512
7089,15534
7112,15557
7136,15581
7159,15603
7182,15624
7206,15646
7229,15668
7252,15690
7274,15714
7296,15737
7318,15760
7341,15782
7364,15805
7387,15829
7410,15852
7434,15874
7457,15897
7481,15920
7506,15943
7530,15966
7554,15989
7578,16011
7602,16033
7625,16057
7650,16079
7673,16102
7697,16125
7721,16148
7744,16171
7766,16194
7788,16216
7811,16239
7834,16261
7857,16283
7880,16306
7903,16329
7927,16350
7950,16372
7973,12
7997,35
8020,58
8043,82
8066,105
8089,127
8112,151
8133,172
8156,196
8179,219
8201,241
8223,264
8246,288
8269,311
8292,333
8316,356
8340,379
8364,402
8388,425
8412,448
8436,473
8460,496
8483,520
8507,543
8531,566
8554,590
8578,613
8602,635
8624,659
8647,682
8671,706
8694,729
8718,753
8742,777
8767,801
8792,825
8816,847
8841,870
8865,893
8890,915
8915,937
8939,962
8963,986
8987,1009
9010,1033
9034,1057
9058,1080
9082,1104
9106,1127
9128,1150
9152,1173
9176,1195
9201,1219
9225,1242
9250,1265
9275,1288
9301,1310
9325,1333
9349,1357
9373,1380
9397,1402
9420,1425
9442,1447
9465,1469
9487,1491
9510,1512
9531,1534
9553,1555
9575,1577
9598,1597
9620,1619
9643,1639
9666,1660
9689,1682
9712,1702
9736,1724
9759,1745
9782,1766
9805,1789
9828,1810
9851,1831
9872,1851
9893,1873
9915,1893
9936,1914
9958,1935
9979,1957
10002,1979
10024,2001
10048,2021
10071,2044
10094,2065
10119,2087
10144,2109
10168,2133
10192,2155
10217,2178
10241,2200
10265,2223
10288,2245
10311,2268
10334,2291
10357,2314
10381,2337
10404,2361
10427,2384
10451,2407
10475,2431
10498,2454
10522,2476
10547,2501
10572,2523
10598,2547
10624,2570
10649,2594
10673,2618
10697,2641
10721,2665
10744,2688
10768,2713
10792,2737
10816,2761
10840,2785
10863,2809
10886,2832
10910,2856
10935,2878
10958,2902
10983,2927
11008,2950
11033,2973
11057,2995
11082,3019
11107,3042
11131,3065
11154,3089
11178,3112
11202,3135
11226,3159
11248,3182
11270,3205
11291,3229
11314,3252
11337,3274
11361,3296
11383,3317
11407,3340
11431,3363
11455,3384
11479,3408
11501,3431
11525,3454
11549,3476
11571,3500
11593,3522
11616,3545
11640,3568
11663,3591
11686,3613
11708,3634
11731,3657
11755,3680
11777,3701
11800,3725
11823,3747
11846,3770
11869,3792
11894,3816
11918,3840
11942,3864
11965,3886
11988,3909
12012,3930
12035,3952
12058,3974
12081,3996
12103,4019
12125,4041
12147,4063
12169,4086
12190,4110
12212,4132
12235,4156
12258,4179
12282,4201
12306,4224
12329,4247
12353,4270
12375,4293
12401,4317
12423,4339
12446,4363
12470,4384
12494,4407
12517,4431
12541,4455
12564,4478
12588,4501
12611,4524
12635,4547
12659,4569
12681,4594
12706,4618
12729,4641
12754,4665
12780,4689
12802,4713
12826,4737
12849,4760
12873,4783
12897,4806
12921,4830
12947,4854
12971,4876
12994,4901
13017,4924
13041,4947
13065,4971
13088,4995
13111,5019
13135,5041
13160,5063
13183,5087
13208,5111
13233,5134
13258,5159
13284,5183
13309,5207
13332,5230
13357,5255
13380,5278
13406,5300
13430,5323
13454,5346
13477,5369
13501,5392
13526,5416
13550,5440
13573,5463
13597,5487
13621,5510
13645,5532
13670,5554
13696,5577
13720,5600
13745,5623
13769,5644
13791,5667
13814,5690
13838,5712
13861,5735
13885,5757
13909,5779
13931,5800
13955,5820
13978,5840
13999,5861
14021,5882
14042,5903
14063,5925
14086,5945
14108,5966
14131,5988
14153,6008
14174,6031
14197,6051
14221,6072
14244,6094
14268,6116
14291,6136
14313,6157
14336,6178
14358,6198
14381,6220
14403,6241
14425,6264
14447,6285
14470,6306
14492,6330
14515,6353
14540,6376
14565,6398
14588,6420
14612,6442
14635,6465
14660,6487
14685,6511
14709,6533
14734,6555
14758,6577
14782,6602
14806,6626
14830,6649
14853,6673
14877,6696
14902,6719
14927,6743
14951,6768
14973,6790
14998,6813
15022,6837
15047,6862
15072,6886
15097,6911
15122,6934
15147,6959
15173,6982
15198,7006
15223,7030
15247,7054
15271,7078
15295,7100
15318,7125
15343,7149
15367,7172
15390,7195
15414,7220
15438,7243
15461,7268
15485,7290
15509,7314
15533,7339
15557,7362
15581,7385
15607,7407
15629,7430
15653,7454
15677,7477
15699,7499
15723,7521
15746,7543
15767,7566
15790,7589
15813,7611
15835,7633
15857,7655
15878,7678
15901,7701
15924,7724
15948,7747
15972,7770
15995,7794
16019,7815
16043,7838
16067,7860
16090,7882
16113,7905
16135,7928
16158,7950
16180,7973
16201,7995
16224,8016
16246,8039
16269,8062
16293,8084
16315,8106
16338,8130
16361,8153
0,8175
23,8197
47,8219
71,8242
94,8266
118,8290
141,8312
164,8335
186,8357
211,8381
233,8402
257,8425
279,8448
301,8470
324,8494
348,8517
370,8541
393,8564
417,8586
441,8609
465,8631
489,8654
514,8677
537,8701
561,8724
584,8747
607,8770
631,8794
654,8817
676,8841
699,8864
721,8886
744,8909
767,8931
791,8954
815,8977
839,9000
864,9023
888,9047
913,9070
937,9094
961,9118
986,9141
1011,9166
1035,9189
1059,9211
1083,9233
1108,9256
1131,9279
1153,9303
1178,9326
1201,9350
1225,9374
1248,9397
1272,9420
1297,9442
1321,9465
1346,9490
1371,9513
1396,9537
1421,9559
1445,9583
1470,9606
1496,9629
1520,9651
1544,9675
1566,9698
1589,9720
1612,9743
1636,9766
1659,9788
1683,9809
1707,9832
1731,9854
1755,9877
1777,9899
1802,9921
1826,9942
1849,9964
1874,9986
1896,10008
1919,10029
1941,10050
1963,10071
1985,10092
2006,10113
2028,10135
2049,10155
2069,10176
2090,10197
2112,10217
2134,10238
2156,10260
2178,10281
2201,10302
2225,10324
2248,10345
2271,10365
2294,10386
2317,10407
2339,10428
2362,10449
2383,10471
2404,10492
2427,10513
2449,10535
2472,10557
2495,10578
2519,10601
2542,10623
2565,10647
2589,10668
2614,10691
2638,10712
2662,10734
2686,10757
2710,10779
2735,10802
2759,10824
2784,10848
2807,10871
2830,10893
2852,10916
2875,10939
2897,10963
2922,10987
2946,11009
2970,11033
2995,11058
3019,11082
3043,11106
3067,11130
3093,11152
3117,11175
3141,11200
3165,11223
3190,11246
3214,11269
3239,11293
3262,11316
3287,11340
3310,11363
3333,11386
3357,11411
3379,11434
3403,11458
3426,11483
3450,11506
3473,11528
3497,11552
3521,11575
3544,11598
3568,11621
3592,11643
3616,11666
3640,11688
3662,11712
3684,11734
3707,11758
3731,11781
3754,11803
3777,11825
3800,11847
3822,11870
3843,11894
3865,11914
3887,11936
3909,11959
3931,11981
3952,12005
3975,12029
3998,12051
4020,12073
4042,12095
4065,12117
4087,12138
4110,12160
4133,12183
4156,12205
4177,12227
4199,12250
4222,12273
4244,12295
4267,12318
4292,12342
4314,12364
4337,12386
4361,12408
4385,12430
4408,12454
4432,12478
4454,12500
4478,12521
4501,12543
4523,12566
4547,12589
4570,12611
4594,12635
4616,12656
4640,12680
4663,12702
4687,12724
4709,12748
4732,12769
4755,12790
4778,12813
4801,12837
4826,12861
4849,12885
4872,12908
4897,12931
4920,12954
4943,12978
4965,13001
4989,13024
5013,13047
5036,13070
5059,13093
5084,13117
5108,13141
5131,13164
5155,13187
5179,13210
5203,13232
5227,13255
5251,13279
5276,13303
5300,13326
5324,13348
5348,13370
5372,13394
5396,13418
5419,13440
5444,13464
5468,13487
5492,13510
5516,13534
5541,13556
5563,13580
5588,13604
5613,13627
5637,13650
5661,13674
5685,13696
5710,13720
5734,13745
5758,13767
5782,13790
5805,13813
5830,13836
5852,13858
5876,13880
5899,13902
5923,13926
5947,13949
5971,13973
5995,13995
6019,14019
6042,14041
6067,14064
6091,14085
6115,14109
6140,14130
6163,14152
6186,14175
6208,14197
6232,14218
6254,14239
6276,14260
6300,14282
6322,14303
6344,14324
6366,14345
6388,14366
6412,14387
6435,14406
6457,14428
6479,14449
6502,14471
6525,14493
6546,14514
6569,14534
6591,14556
6614,14580
6635,14601
6658,14622
6681,14644
6704,14665
6726,14687
6749,14708
6774,14730
6797,14752
6820,14775
6843,14796
6866,14819
6889,14842
6913,14866
6936,14891
6960,14912
6984,14934
7008,14958
7032,14981
7055,15003
7078,15026
7103,15049
7127,15072
7151,15096
7176,15119
7199,15143
7224,15167
7249,15192
7274,15216
7299,15241
7322,15266
7346,15289
7370,15312
7395,15336
7419,15360
7444,15386
7468,15410
7492,15435
7516,15459
7541,15482
7564,15506
7589,15530
7614,15554
7638,15578
7661,15601
7686,15625
7711,15649
7735,15674
7760,15696
7782,15720
7805,15744
7828,15766
7853,15790
7876,15813
7899,15836
7922,15860
7945,15882
7967,15905
7990,15928
8014,15951
8036,15974
8057,15997
8079,16020
8103,16044
8126,16066
8149,16088
8172,16110
8195,16132
8216,16154
8238,16178
8260,16199
8283,16220
8305,16242
8327,16263
8348,16286
8370,16308
8392,16330
8415,16352
8439,16377
8462,15
8486,37
8511,59
8534,83
8558,106
8581,128
8605,150
8628,173
8651,196
8675,219
8698,242
8720,265
8744,287
8766,311
8789,335
8812,358
8834,381
8857,403
8880,425
8904,448
8928,470
8951,493
8976,515
9000,539
9024,562
9047,584
9070,607
9093,631
9116,653
9138,675
9161,698
9184,722
9208,746
9231,769
9254,792
9277,814
9300,836
9323,858
9347,880
9372,903
9397,925
9420,949
9444,972
9468,995
9491,1019
9515,1043
9540,1066
9564,1089
9587,1110
9610,1132
9633,1155
9657,1178
9680,1201
9703,1225
9727,1247
9751,1270
9775,1293
9799,1315
9825,1339
9849,1363
9872,1384
9896,1407
9921,1431
9946,1454
9970,1476
9993,1499
10017,1523
10041,1546
10066,1568
10089,1591
10112,1614
10136,1637
10160,1659
10184,1681
10207,1705
10230,1728
10255,1751
10280,1774
10305,1798
10329,1821
10353,1843
10378,1865
10402,1888
10425,1911
10448,1931
10470,1953
10492,1975
10515,1997
10539,2018
10562,2039
10585,2062
10607,2082
10630,2104
10653,2125
10675,2146
10699,2167
10721,2188
10745,2208
10768,2228
10789,2249
10813,2271
10834,2292
10856,2314
10879,2337
10902,2358
10924,2380
10945,2402
10968,2423
10989,2445
11011,2466
11035,2486
11058,2508
11081,2529
11104,2551
11127,2573
11149,2595
11173,2617
11195,2639
11220,2661
11243,2682
11266,2704
11288,2727
11312,2750
11335,2773
11359,2796
11383,2819
11406,2842
11430,2864
11453,2888
11477,2911
11501,2934
11526,2957
11550,2981
11573,3004
11598,3028
11623,3051
11646,3074
11671,3097
11695,3122
11719,3145
11742,3169
11767,3193
11791,3218
11815,3242
11838,3266
11861,3291
11884,3315
11908,3339
11932,3363
11957,3387
11981,3411
12007,3436
12031,3459
12055,3483
12078,3506
12101,3529
12125,3553
12148,3576
12171,3599
12193,3623
12216,3646
12240,3670
12263,3693
12288,3717
12308,3740
12330,3763
12354,3785
12377,3808
12400,3831
12423,3853
12446,3876
12469,3898
12492,3918
12515,3940
12539,3961
12563,3983
12585,4005
12607,4027
12629,4050
12652,4072
12674,4095
12697,4117
12720,4140
12743,4162
12765,4184
12787,4205
12811,4227
12834,4251
12858,4273
12880,4295
12904,4319
12927,4342
12951,4365
12975,4388
12999,4411
13023,4435
13047,4457
13070,4477
13093,4500
13116,4523
13139,4546
13163,4569
13186,4592
13208,4614
13231,4637
13255,4660
13278,4683
13302,4704
13325,4727
13349,4750
13371,4774
13397,4797
13421,4819
13444,4842
13467,4864
13491,4887
13515,4910
13539,4932
13563,4955
13584,4978
13607,5001
13629,5022
13653,5045
13676,5068
13701,5091
13725,5114
13749,5138
13772,5161
13796,5186
13821,5208
13845,5231
13870,5255
13893,5277
13918,5299
13941,5322
13966,5345
13990,5368
14014,5391
14039,5413
14063,5437
14087,5460
14111,5483
14135,5506
14159,5529
14183,5552
14207,5575
14230,5597
14255,5620
14278,5643
14301,5665
14326,5688
14351,5712
14375,5736
14399,5759
14425,5783
14449,5806
14474,5829
14498,5852
14521,5875
14545,5897
14568,5919
14592,5943
14616,5965
14639,5988
14662,6011
14687,6035
14710,6059
14734,6081
14757,6102
14781,6124
14804,6146
14829,6167
14852,6190
14876,6213
14901,6234
14926,6256
14947,6278
14969,6300
14992,6321
15015,6343
15038,6365
15059,6387
15082,6408
15104,6429
15125,6450
15148,6472
15169,6493
15191,6513
15214,6535
15236,6557
15260,6579
15283,6601
15306,6622
15330,6643
15353,6664
15376,6686
15397,6709
15419,6731
15442,6754
15463,6774
15485,6795
15507,6816
15530,6838
15552,6860
15576,6881
15600,6904
15623,6927
15647,6949
15671,6972
15695,6995
15720,7019
15745,7043
15770,7067
15794,7090
15818,7114
15841,7136
15865,7161
15890,7185
15913,7210
15937,7234
15961,7258
15985,7281
16009,7307
16033,7331
16058,7354
16082,7377
16105,7402
16128,7426
16152,7448
16176,7472
16200,7498
16223,7523
16247,7547
16270,7571
16296,7595
16319,7620
16342,7642
16365,7667
4,7691
26,7717
51,7739
75,7764
98,7787
121,7810
145,7835
170,7858
193,7882
216,7905
240,7926
263,7949
286,7972
310,7995
332,8015
354,8037
377,8059
399,8082
421,8104
443,8127
465,8148
489,8170
510,8192
532,8214
555,8235
577,8257
600,8277
624,8300
647,8321
670,8343
693,8366
716,8388
738,8411
761,8433
784,8455
807,8478
828,8500
850,8523
872,8546
895,8568
917,8590
939,8612
961,8634
984,8656
1009,8679
1033,8701
1057,8723
1080,8745
1105,8767
1128,8790
1151,8814
1173,8835
1196,8857
1218,8879
1241,8902
1264,8924
1285,8947
1308,8969
1330,8991
1354,9012
1377,9035
1399,9057
1423,9078
1447,9099
1471,9122
1493,9144
1517,9166
1541,9189
1566,9211
1590,9235
1613,9256
1636,9279
1658,9301
1679,9324
1702,9345
1726,9369
1748,9391
1771,9413
1793,9436
1818,9458
1840,9480
1864,9502
1888,9524
1912,9547
1938,9570
1962,9592
1986,9615
2011,9638
2035,9661
2059,9684
2083,9706
2105,9729
2128,9752
2151,9774
2174,9798
2197,9821
2222,9843
2245,9865
2269,9888
2293,9911
2317,9933
2341,9956
2367,9979
2391,10002
2415,10025
2441,10048
2463,10070
2488,10092
2512,10115
2536,10138
2558,10159
2580,10182
2603,10204
2626,10227
2649,10250
2673,10271
2696,10293
2719,10316
2743,10337
2767,10361
2792,10383
2817,10405
2841,10428
2864,10449
2887,10471
2910,10493
2931,10513
2953,10534
2976,10556
2998,10577
3020,10598
3042,10618
3064,10640
3087,10661
3109,10683
3131,10704
3152,10724
3174,10746
3197,10768
3221,10788
3245,10809
3268,10831
3291,10851
3314,10873
3336,10895
3358,10917
3380,10938
3403,10959
3425,10981
3446,11002
3466,11024
3490,11047
3512,11068
3534,11090
3558,11113
3582,11136
3606,11157
3629,11181
3653,11204
3677,11226
3701,11249
3725,11273
3750,11297
3775,11320
3799,11343
3823,11367
3846,11390
3868,11413
3891,11439
3913,11463
3937,11487
3960,11510
3984,11534
4006,11557
4030,11581
4054,11604
4079,11628
4102,11652
4127,11676
4152,11699
4177,11724
4201,11749
4226,11774
4250,11798
4274,11822
4297,11846
4319,11871
4344,11895
4369,11919
4394,11943
4419,11968
4442,11991
4466,12015
4490,12039
4514,12062
4538,12085
4562,12108
4587,12132
4611,12155
4633,12178
4657,12200
4681,12223
4704,12246
4727,12269
4751,12291
4774,12314
4796,12336
4818,12358
4842,12380
4864,12404
4887,12427
4910,12448
4932,12471
4955,12494
4978,12517
5003,12540
5025,12563
5050,12584
5073,12606
5097,12630
5120,12653
5144,12674
5167,12697
5191,12720
5214,12743
5238,12767
5260,12790
5283,12813
5307,12835
5330,12859
5352,12882
5375,12905
5398,12928
5422,12950
5445,12973
5468,12996
5492,13019
5517,13042
5540,13064
5562,13088
5585,13110
5608,13132
5631,13155
5655,13179
5678,13201
5701,13224
5724,13246
5748,13268
5772,13290
5795,13312
5818,13334
5841,13357
5863,13378
5886,13402
5909,13423
5934,13447
5958,13471
5983,13494
6008,13518
6033,13540
6056,13562
6079,13584
6102,13606
6126,13629
6150,13651
6173,13674
6197,13696
6221,13718
6245,13742
6268,13765
6292,13788
6317,13812
6341,13836
6364,13859
6389,13882
6412,13905
6437,13929
6461,13949
6486,13972
6509,13994
6533,14018
6558,14041
6582,14065
6605,14088
6629,14111
6653,14134
6677,14158
6701,14180
6723,14204
6748,14228
6772,14250
6796,14274
6821,14297
6845,14318
6872,14341
6896,14363
6920,14386
6944,14408
6968,14431
6992,14454
7017,14478
7041,14501
7064,14524
7086,14546
7110,14569
7133,14592
7156,14615
7179,14637
7203,14659
7227,14683
7252,14703
7275,14726
7297,14747
7320,14769
7342,14792
7365,14813
7386,14835
7411,14856
7433,14878
7455,14899
7478,14922
7501,14943
7521,14965
7543,14987
7567,15009
7589,15031
7612,15053
7634,15074
7657,15095
7679,15116
7702,15138
7724,15159
7747,15181
7770,15203
7792,15224
7814,15248
7837,15269
7860,15290
7882,15312
7904,15335
7927,15358
7949,15380
7971,15401
7992,15425
8015,15448
8039,15471
8063,15496
8086,15520
8110,15542
8134,15567
8158,15593
8181,15616
8204,15639
8230,15663
8255,15686
8280,15711
8304,15736
8328,15761
8352,15784
8375,15809
8399,15833
8423,15855
8447,15880
8470,15904
8495,15928
8519,15952
8543,15975
8567,15999
8591,16023
8616,16046
8640,16069
8665,16094
8689,16119
8714,16143
8740,16167
8764,16190
8788,16213
8811,16236
8834,16259
8857,16282
8881,16306
8904,16329
8927,16352
8950,16377
8973,15
8996,38
9019,61
9043,84
9066,105
9090,128
9114,150
9138,172
9161,194
9184,216
9207,238
9230,261
9253,283
9274,305
9296,327
9318,349
9342,372
9364,394
9386,416
9408,438
9431,461
9453,483
9476,504
9498,526
9523,549
9546,571
9570,592
9593,615
9617,638
9640,661
9662,683
9684,705
9707,727
9731,749
9753,772
9776,794
9799,816
9823,839
9846,861
9869,883
9893,905
9916,927
9939,948
9963,971
9987,993
10010,1015
10034,1036
10058,1059
10081,1080
10103,1102
10124,1125
10147,1146
10169,1168
10192,1189
10214,1211
10236,1233
10259,1254
10284,1277
10306,1301
10330,1323
10354,1344
10378,1366
10402,1388
10426,1410
10451,1433
10475,1455
10499,1478
10522,1500
10545,1523
10568,1545
10590,1567
10613,1590
10636,1613
10659,1635
10682,1657
10705,1680
10729,1702
10753,1725
10777,1748
10800,1770
10824,1794
10849,1815
10875,1838
10898,1860
10923,1882
10948,1904
10972,1927
10996,1950
11019,1973
11043,1996
11065,2020
11089,2044
11112,2065
11135,2087
11160,2109
11183,2131
11207,2154
11232,2177
11256,2200
11281,2223
11305,2246
11329,2269
11352,2292
11375,2314
11400,2337
11425,2359
11447,2381
11470,2405
11493,2428
11515,2450
11537,2472
11561,2494
11584,2517
11606,2539
11630,2561
11653,2582
11676,2603
11699,2626
11724,2649
11747,2670
11770,2691
11793,2713
11815,2734
11836,2756
11857,2776
11881,2797
11904,2819
11926,2840
11948,2862
11970,2884
11991,2906
12013,2928
12036,2949
12057,2971
12080,2993
12101,3015
12123,3037
12145,3059
12169,3081
12192,3103
12213,3125
12234,3147
12258,3169
12280,3191
12303,3214
12324,3237
12346,3260
12369,3283
12391,3307
12415,3330
12439,3352
12463,3375
12487,3399
12512,3424
12536,3449
12559,3474
12585,3498
12611,3521
12636,3546
12661,3569
12685,3594
12710,3618
12733,3642
12757,3665
12779,3689
12803,3714
12827,3738
12850,3761
12874,3785
12898,3810
12922,3834
12947,3858
12971,3882
12995,3905
13020,3929
13045,3953
13070,3976
13094,4000
13118,4023
13143,4046
13167,4070
13190,4094
13213,4118
13237,4142
13260,4167
13284,4188
13307,4212
13331,4235
13353,4258
13376,4282
13399,4305
13421,4328
13446,4352
13470,4376
13493,4399
13516,4421
13539,4443
13563,4466
13587,4487
13610,4510
13632,4533
13654,4556
13678,4579
13700,4601
13723,4623
13745,4643
13767,4665
13790,4688
13812,4709
13836,4731
13858,4755
13881,4777
13904,4801
13927,4822
13951,4844
13974,4866
13998,4888
14021,4911
14045,4933
14067,4955
14091,4979
14114,5002
14137,5026
14159,5047
14183,5071
14208,5094
14231,5116
14255,5138
14277,5160
14298,5183
14321,5204
14345,5226
14367,5248
14390,5270
14412,5292
14434,5314
14459,5335
14483,5357
14507,5380
14531,5401
14553,5424
14576,5446
14599,5470
14622,5493
14646,5514
14671,5537
14694,5560
14718,5581
14741,5604
14763,5626
14786,5649
14810,5671
14833,5694
14858,5717
14881,5740
14904,5763
14928,5787
14952,5810
14975,5832
15000,5855
15023,5877
15049,5900
15073,5923
15097,5945
15120,5967
15144,5991
15167,6014
15190,6037
15214,6061
15238,6084
15262,6107
15285,6130
15310,6152
15334,6175
15358,6198
15382,6220
15406,6244
15430,6268
15455,6290
15478,6314
15503,6338
15528,6360
15550,6382
15573,6405
15597,6428
15619,6451
15642,6474
15666,6498
15689,6520
15713,6542
15737,6564
15760,6586
15784,6609
15807,6631
15831,6655
15854,6677
15878,6700
15900,6721
15923,6744
15945,6767
15968,6788
15990,6809
16013,6831
16035,6852
16057,6875
16079,6898
16101,6920
16123,6941
16144,6964
16167,6986
16188,7007
16210,7028
16231,7049
16253,7070
16276,7092
16298,7113
16320,7134
16341,7155
16362,7178
16383,7198
21,7221
44,7243
66,7265
87,7287
110,7308
132,7331
154,7352
176,7374
198,7395
221,7417
243,7439
266,7462
289,7485
312,7508
337,7531
360,7554
384,7577
407,7601
431,7625
453,7649
477,7673
502,7697
525,7721
548,7745
573,7769
596,7793
622,7817
646,7840
671,7863
696,7886
721,7909
746,7933
769,7959
794,7982
819,8006
843,8028
868,8051
891,8076
915,8099
938,8123
961,8148
984,8171
1008,8195
1032,8219
1056,8243
1081,8266
1106,8290
1130,8314
1154,8337
1179,8360
1204,8383
1228,8407
1251,8431
1274,8454
1297,8477
1321,8499
1344,8522
1367,8544
1390,8568
1412,8590
1434,8612
1456,8634
1478,8656
1502,8678
1524,8700
1548,8724
1571,8746
1595,8768
1618,8790
1642,8812
1665,8835
1687,8856
1710,8877
1732,8899
1754,8919
1776,8942
1799,8963
1822,8985
1843,9006
1865,9028
1887,9050
1910,9072
1932,9093
1955,9114
1977,9137
2002,9160
2027,9183
2051,9206
2075,9228
2099,9251
2123,9274
2146,9295
2168,9318
2192,9340
2214,9362
2237,9382
2261,9404
2282,9427
2306,9450
2328,9471
2350,9493
2373,9514
2396,9536
2419,9557
2443,9579
2467,9601
2489,9623
2514,9643
2538,9666
2561,9689
2585,9711
2609,9734
2633,9756
2655,9780
2679,9802
2702,9824
2726,9845
2748,9866
2771,9888
2795,9909
2816,9931
2840,9954
2863,9977
2888,9999
2912,10023
2937,10045
2963,10069
2988,10092
3011,10114
3036,10137
3061,10160
3085,10183
3109,10207
3131,10229
3154,10252
3178,10274
3202,10296
3225,10320
3248,10342
3272,10365
3297,10389
3320,10412
3345,10435
3370,10458
3394,10480
3418,10501
3442,10524
3468,10546
3492,10569
3516,10593
3539,10616
3562,10638
3585,10661
3608,10685
3633,10707
3656,10730
3678,10752
3702,10775
3725,10798
3748,10821
3771,10844
3795,10867
3818,10888
3842,10911
3865,10932
3888,10955
3910,10978
3933,11001
3956,11023
3979,11045
4002,11068
4022,11090
4044,11112
4066,11133
4089,11155
4111,11176
4132,11197
4154,11218
4176,11240
4200,11261
4221,11283
4245,11305
4267,11326
4289,11348
4311,11368
4333,11391
4356,11413
4378,11435
4400,11458
4424,11481
4445,11502
4467,11524
4489,11546
4511,11568
4533,11590
4555,11611
4579,11633
4602,11655
4625,11678
4649,11701
4671,11723
4695,11746
4719,11770
4743,11792
4766,11815
4791,11838
4813,11863
4836,11886
4860,11912
4883,11937
4909,11961
4933,11985
4958,12008
4982,12033
5005,12056
5030,12079
5053,12102
5079,12127
5101,12150
5128,12174
5151,12197
5176,12221
5202,12246
5226,12271
5251,12294
5275,12318
5300,12341
5325,12364
5347,12389
5372,12414
5396,12437
5420,12461
5442,12485
5467,12509
5491,12534
5517,12557
5541,12580
5565,12603
5588,12626
5612,12650
5636,12672
5660,12696
5683,12721
5707,12743
5731,12768
5754,12790
5777,12812
5800,12835
5823,12857
5846,12880
5868,12903
5891,12925
5915,12947
5939,12970
5961,12994
5983,13016
6004,13038
6028,13060
6051,13081
6073,13100
6096,13123
6119,13146
6143,13167
6166,13190
6190,13211
6212,13234
6235,13256
6256,13277
6278,13301
6300,13324
6324,13347
6349,13369
6372,13391
6396,13414
6419,13436
6443,13459
6466,13482
6490,13505
6514,13529
6536,13550
6561,13573
6584,13595
6606,13617
6630,13639
6653,13661
6677,13683
6700,13704
6723,13727
6745,13749
6769,13772
6792,13793
6816,13815
6839,13837
6862,13859
6884,13880
6907,13904
6932,13926
6955,13949
6978,13972
7003,13994
7026,14017
7050,14042
7076,14066
7101,14088
7124,14110
7148,14133
7171,14154
7194,14177
7216,14200
7241,14223
7264,14245
7287,14268
7311,14291
7333,14314
7356,14338
7381,14360
7404,14383
7428,14406
7452,14429
7477,14452
7500,14475
7525,14498
7549,14522
7575,14544
7599,14569
7623,14592
7646,14615
7670,14637
7693,14660
7717,14683
7740,14707
7764,14730
7788,14755
7812,14777
7835,14799
7859,14822
7884,14845
7908,14869
7931,14892
7955,14915
7979,14939
8001,14963
8024,14984
8047,15007
8070,15029
8093,15051
8116,15074
8138,15099
8160,15122
8183,15146
8206,15169
8228,15192
8251,15214
8275,15236
8299,15259
8322,15281
8345,15303
8369,15326
8394,15349
8418,15372
8441,15395
8462,15416
8484,15439
8506,15461
8528,15483
8550,15504
8572,15526
8593,15549
8615,15571
8638,15592
8659,15615
8682,15637
8705,15659
8727,15680
8750,15702
8772,15723
8795,15745
8819,15768
8843,15790
8866,15812
8888,15834
8911,15856
8933,15878
8955,15899
8977,15922
8999,15944
9021,15967
9042,15991
9068,16014
9091,16037
9115,16060
9139,16085
9163,16108
9188,16132
9213,16155
9239,16178
9264,16202
9288,16225
9312,16249
9337,16272
9362,16296
9387,16320
9411,16343
9434,16365
9457,5
9480,30
9505,55
9529,79
9553,102
9577,126
9602,151
9627,175
9651,198
9677,223
9702,246
9729,270
9753,293
9777,317
9800,340
9824,365
9849,390
9872,413
9896,436
9920,461
9943,485
9967,508
9990,531
10014,553
10038,578
10063,601
10089,624
10114,648
10138,670
10161,693
10186,715
10208,738
10232,761
10255,783
10277,804
10299,826
10321,848
10343,868
10364,890
10385,912
10408,934
10432,957
10454,977
10476,999
10499,1019
10523,1041
10548,1064
10571,1084
10593,1107
10616,1128
10640,1150
10664,1172
10687,1196
10713,1218
10735,1241
10757,1262
10781,1285
10804,1307
10827,1329
10851,1351
10875,1374
10900,1395
10924,1419
10948,1440
10974,1463
10997,1485
11020,1508
11044,1532
11067,1553
11091,1576
11114,1598
11137,1620
11160,1643
11183,1665
11207,1687
11230,1709
11253,1731
11275,1752
11300,1775
11322,1797
11348,1820
11373,1843
11397,1865
11422,1888
11446,1911
11470,1934
11494,1956
11518,1977
11542,1999
11566,2022
11590,2046
11614,2069
11638,2092
11662,2115
11685,2140
11707,2162
11731,2186
11756,2210
11780,2234
11805,2257
11829,2281
11855,2304
11881,2326
11905,2349
11929,2373
11955,2395
11979,2419
12003,2441
12025,2466
12049,2490
12073,2513
12096,2535
12119,2558
12142,2582
12165,2604
12189,2628
12212,2651
12235,2674
12260,2698
12284,2723
12307,2746
12331,2770
12356,2794
12380,2817
12404,2840
12427,2863
12450,2886
12473,2909
12497,2930
12520,2954
12544,2977
12566,3002
12590,3025
12614,3049
12639,3071
12663,3093
12686,3116
12709,3140
12731,3162
12755,3184
12781,3208
12804,3231
12827,3253
12849,3277
12871,3299
12895,3321
12918,3343
12940,3365
12962,3386
12986,3408
13010,3430
13032,3452
13054,3475
13076,3497
13099,3522
13123,3545
13146,3567
13169,3590
13191,3613
13214,3636
13237,3658
13260,3681
13284,3703
13308,3726
13333,3748
13355,3770
13377,3795
13399,3819
13421,3840
13445,3862
13469,3885
13493,3908
13516,3932
13542,3956
13565,3978
13591,4001
13616,4025
13641,4050
13666,4075
13690,4099
13716,4124
13740,4149
13766,4171
13790,4196
13814,4221
13839,4244
13864,4270
13888,4294
13911,4319
13936,4344
13962,4369
13986,4394
14010,4419
14035,4444
14060,4469
14084,4493
14110,4517
14135,4541
14159,4565
14185,4589
14210,4613
14234,4638
14258,4664
14283,4689
14307,4712
14332,4737
14356,4761
14380,4784
14405,4807
14428,4830
14453,4853
14476,4875
14501,4898
14525,4921
14549,4946
14572,4969
14597,4992
14621,5015
14646,5037
14668,5060
14691,5082
14712,5106
14734,5127
14757,5150
14779,5172
14801,5191
14824,5213
14847,5235
14870,5258
14893,5280
14915,5303
14938,5325
14962,5349
14986,5371
15009,5393
15032,5415
15058,5438
15082,5462
15107,5486
15132,5509
15156,5531
15180,5554
15203,5576
15227,5599
15250,5623
15273,5646
15296,5668
15320,5691
15344,5713
15367,5737
15390,5758
15414,5781
15438,5802
15463,5825
15487,5848
15511,5870
15534,5891
15559,5915
15582,5937
15605,5960
15629,5981
15652,6003
15675,6026
15699,6049
15721,6071
15744,6094
15767,6119
15791,6141
15813,6165
15838,6187
15862,6210
15886,6233
15911,6257
15936,6282
15961,6305
15985,6327
16009,6350
16033,6374
16057,6398
16081,6421
16106,6445
16129,6468
16151,6492
16174,6515
16197,6538
16220,6564
16243,6587
16267,6609
16290,6633
16312,6655
16336,6679
16360,6702
0,6726
26,6749
50,6772
74,6797
97,6821
121,6844
144,6869
168,6892
192,6915
216,6936
239,6960
263,6983
287,7006
310,7031
333,7053
356,7076
380,7099
402,7123
427,7148
451,7170
475,7193
499,7218
524,7240
548,7263
571,7285
594,7308
618,7331
641,7355
664,7377
687,7400
709,7423
732,7445
755,7467
777,7490
801,7513
823,7535
847,7557
870,7579
892,7601
915,7623
939,7645
962,7667
985,7690
1009,7712
1031,7735
1054,7757
1076,7781
1098,7804
1119,7826
1143,7849
1166,7871
1188,7894
1211,7915
1235,7937
1258,7959
1281,7981
1305,8004
1330,8026
1353,8048
1377,8071
1400,8092
1424,8115
1448,8137
1471,8160
1494,8182
1517,8206
1541,8229
1565,8252
1587,8276
1612,8299
1636,8322
1660,8347
1685,8371
1711,8396
1737,8421
1764,8446
1789,8472
1815,8497
1840,8522
1866,8546
1891,8570
1914,8595
1938,8619
1962,8643
1987,8666
2010,8690
2034,8715
2060,8739
2084,8763
2108,8787
2132,8810
2158,8834
2182,8858
2207,8882
2233,8906
2258,8928
2282,8952
2307,8976
2331,8999
2356,9023
2379,9046
2403,9068
2426,9091
2451,9115
2474,9137
2497,9160
2520,9183
2542,9205
2566,9227
2590,9249
2612,9270
2638,9292
2660,9313
2684,9336
2707,9358
2730,9379
2754,9401
2776,9422
2800,9445
2823,9466
2845,9488
2867,9508
2890,9530
2912,9552
2935,9575
2957,9596
2981,9619
3005,9642
3030,9664
3054,9686
3079,9708
3103,9731
3128,9754
3152,9776
3175,9799
3200,9821
3224,9845
3248,9867
3271,9889
3293,9911
3316,9933
3339,9955
3363,9977
3386,9999
3409,10022
3432,10044
3456,10065
3480,10087
3504,10110
3528,10133
3551,10156
3576,10179
3600,10201
3624,10223
3647,10245
3669,10268
3693,10290
3715,10311
3738,10334
3762,10356
3785,10377
3808,10399
3831,10422
3854,10444
3877,10466
3900,10489
3923,10513
3947,10536
3969,10558
3994,10580
4017,10603
4041,10627
4064,10651
4088,10673
4111,10696
4135,10719
4158,10742
4182,10764
4205,10786
4230,10809
4253,10831
4277,10856
4302,10880
4326,10903
4349,10926
4373,10950
4398,10975
4422,10999
4447,11021
4472,11043
4495,11067
4518,11090
4542,11113
4566,11136
4589,11160
4612,11185
4636,11208
4659,11229
4683,11253
4708,11275
4731,11299
4756,11323
4779,11346
4802,11369
4827,11392
4850,11415
4874,11438
4897,11461
4920,11485
4945,11508
4968,11531
4992,11554
5015,11577
5039,11600
5061,11622
5084,11645
5107,11668
5130,11691
5154,11715
5179,11737
5201,11760
5223,11783
5246,11806
5268,11829
5292,11850
5315,11872
5337,11894
5360,11918
5383,11941
5406,11963
5430,11985
5452,12007
5476,12031
5498,12054
5521,12076
5544,12097
5566,12119
5590,12140
5612,12160
5634,12182
5657,12205
5680,12227
5702,12249
5724,12271
5747,12294
5771,12316
5794,12337
5818,12359
5841,12383
5865,12407
5888,12430
5912,12453
5936,12477
5959,12500
5984,12524
6007,12549
6030,12574
6055,12597
6079,12621
6103,12645
6128,12670
6153,12693
6177,12718
6203,12743
6228,12767
6252,12791
6277,12815
6301,12838
6327,12863
6352,12887
6376,12912
6401,12937
6424,12961
6448,12984
6471,13007
6496,13031
6520,13055
6544,13078
6568,13102
6592,13125
6615,13148
6640,13172
6664,13196
6687,13219
6711,13244
6736,13267
6759,13290
6784,13314
6808,13337
6832,13360
6856,13384
6878,13406
6901,13427
6924,13450
6947,13472
6970,13495
6993,13516
7016,13538
7039,13560
7059,13582
7081,13604
7103,13626
7125,13646
7147,13667
7171,13690
7194,13711
7217,13732
7240,13753
7263,13775
7286,13797
7308,13819
7331,13841
7354,13865
7376,13887
7399,13909
7422,13930
7445,13953
7468,13975
7490,13997
7513,14020
7536,14041
7559,14063
7582,14085
7606,14107
7629,14128
7653,14151
7677,14175
7701,14197
7725,14219
7748,14241
7770,14263
7792,14285
7815,14308
7837,14330
7859,14353
7882,14375
7905,14397
7927,14420
7951,14442
7974,14464
7996,14486
8019,14510
8041,14533
8065,14555
8089,14577
8112,14600
8136,14623
8159,14645
8182,14666
8206,14689
8228,14711
8250,14734
8273,14757
8295,14780
8318,14804
8341,14826
8366,14849
8388,14874
8413,14898
8436,14922
8460,14946
8485,14970
8509,14994
8533,15017
8557,15040
8583,15063
8607,15087
8630,15109
8653,15133
8675,15156
8698,15178
8723,15202
8746,15225
8769,15250
8793,15274
8816,15298
8841,15321
8864,15344
8889,15367
8913,15391
8938,15414
8963,15438
8988,15462
9012,15486
9034,15508
9058,15531
9081,15554
9104,15578
9127,15601
9149,15625
9172,15648
9195,15672
9218,15695
9242,15718
9266,15741
9290,15764
9314,15787
9338,15809
9360,15832
9385,15854
9409,15877
9433,15899
9456,15922
9479,15945
9501,15968
9524,15991
9547,16013
9570,16035
9591,16057
9614,16079
9636,16102
9658,16123
9679,16146
9702,16169
9725,16190
9748,16211
9771,16232
9795,16252
9819,16274
9842,16297
9864,16319
9887,16341
9909,16362
9932,0
9955,21
9977,43
9998,66
10019,88
10042,110
10064,132
10087,153
10110,175
10133,197
10158,219
10181,243
10204,267
10229,291
10252,315
10277,338
10302,360
10327,382
10351,406
10376,430
10399,455
10423,479
10447,504
10472,527
10496,551
10521,576
10546,601
10571,624
10596,649
10620,672
10645,697
10672,719
10696,745
10722,767
10748,792
10772,814
10796,839
10820,863
10844,885
10868,907
10892,931
10916,956
10941,979
10965,1004
10990,1027
11016,1050
11040,1074
11063,1097
11088,1121
11112,1144
11137,1166
11160,1189
11184,1212
11208,1235
11232,1257
11256,1279
11280,1300
11304,1322
11326,1344
11349,1366
11371,1389
11393,1410
11416,1432
11439,1453
11461,1473
11484,1494
11505,1515
11529,1537
11552,1559
11577,1580
11600,1601
11624,1623
11648,1644
11673,1667
11696,1689
11720,1711
11744,1734
11767,1756
11789,1778
11812,1799
11834,1821
11857,1843
11880,1866
11903,1888
11927,1912
11951,1934
11974,1957
11998,1979
12022,2002
12046,2025
12071,2047
12095,2070
12117,2092
12140,2115
12163,2137
12186,2159
12208,2181
12231,2202
12254,2224
12276,2247
12299,2270
12323,2291
12346,2315
12369,2336
12393,2357
12415,2381
12439,2404
12463,2427
12488,2449
12512,2472
12536,2496
12561,2518
12586,2541
12611,2564
12634,2587
12658,2612
12683,2635
12706,2656
12728,2680
12751,2703
12775,2725
12799,2750
12825,2773
12849,2796
12874,2821
12898,2845
12922,2869
12946,2893
12971,2915
12995,2939
13020,2964
13046,2987
13069,3011
13094,3034
13118,3057
13142,3081
13166,3104
13189,3128
13213,3152
13238,3175
13262,3199
13286,3224
13310,3246
13335,3270
13359,3294
13385,3319
13408,3344
13434,3366
13457,3390
13481,3412
13506,3435
13528,3457
13552,3479
13575,3504
13598,3528
13622,3552
13644,3576
13669,3600
13692,3622
13716,3645
13740,3669
13764,3692
13787,3716
13809,3740
13833,3762
13858,3785
13881,3808
13906,3831
13930,3853
13953,3876
13978,3898
13999,3919
14023,3940
14044,3961
14067,3983
14089,4005
14111,4027
14135,4049
14157,4071
14179,4093
14203,4115
14226,4137
14248,4158
14272,4180
14293,4201
14316,4224
14338,4247
14361,4270
14384,4290
14406,4311
14430,4335
14451,4357
14475,4379
14497,4401
14520,4424
14543,4446
14566,4470
14590,4492
14614,4517
14638,4541
14662,4565
14686,4588
14709,4611
14734,4633
14758,4655
14781,4678
14806,4702
14832,4726
14858,4750
14882,4775
14908,4800
14932,4824
14956,4847
14981,4873
15005,4897
15029,4920
15054,4944
15079,4969
15103,4992
15128,5016
15151,5039
15174,5062
15199,5085
15224,5110
15249,5134
15273,5158
15297,5182
15322,5205
15345,5228
15370,5252
15394,5276
15419,5299
15442,5323
15466,5345
15490,5368
15515,5391
15539,5413
15561,5436
15585,5460
15608,5482
15630,5505
15653,5526
15675,5548
15699,5569
15723,5590
15745,5612
15768,5634
15790,5656
15814,5676
15835,5698
15858,5720
15880,5743
15901,5765
15924,5786
15946,5808
15968,5829
15990,5848
16012,5871
16035,5894
16058,5915
16080,5937
16102,5957
16125,5980
16149,6001
16171,6023
16193,6045
16216,6068
16239,6090
16262,6112
16283,6135
16305,6157
16327,6178
16349,6201
16372,6224
10,6245
32,6267
55,6290
77,6313
100,6335
123,6358
146,6381
170,6403
193,6425
217,6447
241,6469
263,6491
286,6513
309,6536
331,6558
355,6581
378,6604
400,6628
423,6649
445,6670
467,6693
490,6716
512,6737
535,6759
559,6782
582,6805
607,6828
632,6851
656,6874
679,6897
704,6921
729,6944
753,6967
777,6989
801,7014
824,7038
847,7061
870,7085
891,7109
914,7132
938,7156
962,7179
985,7202
1010,7227
1035,7249
1061,7274
1086,7298
1111,7323
1137,7346
1160,7371
1184,7395
1207,7418
1231,7441
1254,7464
1277,7487
1300,7510
1323,7534
1345,7558
1369,7582
1392,7604
1417,7629
1442,7651
1465,7675
1489,7698
1514,7722
1539,7745
1563,7768
1586,7791
1609,7813
1632,7837
1655,7860
1677,7881
1699,7904
1721,7926
1744,7948
1767,7972
1790,7994
1814,8017
1838,8039
1862,8061
1885,8084
1909,8107
1934,8131
1958,8154
1982,8176
2006,8199
2030,8221
2052,8243
2073,8265
2096,8287
2117,8308
2139,8329
2162,8352
2184,8374
2206,8397
2228,8419
2251,8441
2275,8465
2298,8486
2320,8509
2343,8530
2367,8551
2391,8573
2415,8595
2438,8618
2461,8639
2485,8661
2507,8684
2530,8707
2553,8731
2576,8753
2598,8775
2622,8798
2647,8822
2671,8845
2695,8868
2720,8892
2745,8915
2769,8939
2795,8963
2820,8987
2845,9011
2871,9034
2896,9058
2921,9081
2947,9104
2972,9130
2997,9155
3022,9179
3046,9203
3070,9228
3094,9252
3118,9276
3142,9298
3168,9322
3192,9346
3218,9369
3244,9392
3269,9416
3294,9440
3318,9464
3342,9487
3367,9511
3391,9534
3415,9556
3439,9578
3462,9602
3486,9624
3510,9647
3534,9670
3558,9694
3581,9715
3603,9736
3626,9758
3650,9779
3674,9801
3698,9823
3722,9845
3744,9867
3767,9889
3791,9911
3815,9933
3838,9954
3860,9977
3882,9997
3904,10019
3925,10041
3947,10062
3969,10084
3993,10106
4016,10127
4039,10148
4062,10171
4085,10192
4108,10214
4132,10236
4156,10260
4179,10282
4202,10303
4225,10326
4249,10348
4273,10369
4296,10392
4320,10415
4343,10437
4366,10460
4390,10484
4413,10507
4438,10528
4460,10550
4483,10572
4507,10594
4530,10618
4555,10640
4580,10663
4604,10686
4628,10708
4651,10732
4675,10753
4699,10774
4722,10797
4748,10819
4770,10841
4793,10864
4817,10886
4841,10910
4864,10933
4887,10956
4911,10980
4935,11001
4959,11024
4985,11048
5008,11071
5033,11094
5057,11117
5082,11141
5106,11164
5131,11187
5156,11211
5180,11235
5205,11258
5228,11283
5254,11305
5277,11328
5301,11352
5325,11378
5350,11401
5374,11425
5398,11449
5423,11474
5448,11497
5473,11521
5497,11544
5520,11569
5544,11593
5568,11618
5592,11642
5617,11665
5641,11687
5666,11712
5689,11735
5712,11759
5736,11782
5760,11806
5784,11830
5806,11853
5829,11876
5853,11898
5877,11921
5902,11944
5925,11968
5950,11992
5973,12015
5995,12037
6018,12059
6042,12082
6066,12104
6089,12125
6112,12146
6137,12168
6159,12192
6183,12215
6205,12238
6229,12261
6252,12284
6275,12307
6298,12330
6322,12353
6347,12375
6369,12398
6392,12420
6415,12441
6439,12463
6462,12485
6486,12507
6509,12530
6531,12551
6554,12574
6576,12596
6598,12618
6620,12641
6643,12662
6665,12685
6687,12707
6710,12729
6732,12750
6755,12773
6777,12795
6801,12817
6823,12838
6847,12859
6870,12880
6893,12903
6916,12927
6939,12950
6962,12971
6985,12994
7008,13016
7033,13037
7056,13061
7079,13086
7104,13110
7126,13134
7148,13157
7172,13181
7195,13203
7219,13228
7244,13252
7268,13275
7293,13299
7317,13321
7343,13345
7368,13369
7392,13392
7418,13416
7443,13440
7467,13464
7491,13488
7516,13512
7540,13537
7563,13561
7587,13584
7612,13607
7636,13631
7660,13652
7683,13676
7707,13700
7732,13723
7756,13746
7780,13769
7803,13792
7827,13815
7851,13837
7875,13860
7899,13883
7923,13905
7946,13929
7968,13953
7990,13975
8013,13997
8034,14019
8055,14041
8077,14061
8100,14084
8123,14106
8143,14128
8166,14150
8189,14171
8212,14194
8234,14216
8256,14238
8279,14259
8302,14280
8324,14302
8346,14325
8368,14348
8390,14369
8414,14390
8436,14411
8458,14433
8480,14455
8502,14478
8524,14500
8547,14522
8569,14545
8592,14567
8614,14589
8637,14612
8661,14634
8685,14657
8709,14679
8735,14702
8759,14724
8783,14747
8805,14771
8828,14793
8851,14818
8874,14842
8897,14864
8920,14887
8943,14910
8965,14932
8988,14955
9011,14979
9034,15001
9058,15025
9082,15047
9105,15070
9129,15092
9153,15114
9177,15137
9200,15160
9224,15183
9247,15207
9270,15231
9294,15254
9317,15276
9341,15299
9365,15323
9389,15347
9413,15370
9437,15394
9461,15418
9485,15441
9508,15466
9532,15490
9557,15513
9582,15537
9607,15560
9631,15586
9656,15611
9681,15634
9704,15658
9728,15682
9752,15707
9775,15730
9798,15755
9821,15778
9845,15802
9869,15825
9894,15848
9917,15873
9941,15896
9966,15919
9991,15944
10015,15968
10039,15992
10062,16016
10086,16038
10110,16061
10134,16083
10158,16107
10182,16129
10204,16153
10226,16176
10248,16198
10272,16221
10294,16242
10318,16265
10343,16288
10366,16311
10390,16333
10411,16357
10437,16379
10460,17
10484,41
10507,65
10531,87
10554,109
10579,132
10601,153
10624,176
10646,199
10669,221
10692,243
10715,265
10739,288
10761,311
10784,334
10806,356
10829,378
10853,400
10875,421
10899,444
10922,466
10945,487
10967,509
10991,530
11012,552
11034,575
11056,596
11080,618
11101,639
11124,662
11147,685
11169,707
11191,729
11216,752
11238,773
11262,796
11286,818
11310,840
11335,861
11360,885
11385,908
11408,930
11432,952
11456,976
11480,999
11504,1023
11527,1047
11550,1070
11574,1093
11598,1117
11623,1141
11646,1165
11671,1188
11696,1210
11721,1234
11747,1258
11772,1281
11797,1306
11824,1330
11848,1353
11873,1378
11898,1402
11921,1425
11947,1449
11970,1472
11994,1494
12017,1517
12041,1539
12065,1563
12088,1586
12112,1609
12135,1632
12159,1656
12183,1678
12207,1702
12232,1726
12256,1749
12279,1771
12303,1792
12326,1814
12348,1836
12371,1858
12395,1880
12417,1901
12440,1925
12464,1946
12486,1967
12510,1990
12532,2011
12555,2033
12578,2055
12601,2076
12625,2098
12649,2119
12672,2141
12695,2162
12717,2183
12740,2204
12762,2225
12786,2246
12809,2268
12831,2289
12854,2311
12876,2333
12899,2354
12922,2376
12946,2398
12970,2421
12994,2444
13017,2466
13042,2488
13067,2511
13090,2534
13114,2557
13138,2580
13162,2604
13184,2626
13209,2648
13232,2670
13254,2692
13277,2714
13301,2736
13325,2758
13348,2780
13370,2804
13392,2826
13416,2847
13439,2870
13463,2892
13486,2915
13509,2937
13533,2959
13556,2983
13580,3004
13603,3026
13627,3050
13650,3072
13675,3095
13699,3118
13722,3141
13745,3163
13769,3186
13793,3209
13818,3233
13842,3256
13865,3280
13889,3304
13913,3327
13937,3350
13961,3373
13984,3396
14009,3420
14033,3444
14056,3469
14081,3492
14104,3516
14129,3540
14153,3563
14178,3586
14204,3609
14227,3632
14251,3655
14273,3680
14297,3705
14322,3729
14344,3751
14369,3773
14393,3797
14416,3820
14439,3843
14462,3866
14486,3888
14511,3910
14534,3932
14559,3956
14582,3978
14605,4000
14629,4022
14652,4044
14675,4066
14698,4088
14723,4113
14745,4135
14767,4158
14790,4181
14813,4202
14836,4225
14859,4247
14881,4271
14906,4294
14930,4315
14954,4338
14977,4360
15002,4383
15025,4406
15048,4429
15070,4451
15093,4473
15116,4497
15139,4520
15163,4542
15186,4564
15209,4588
15231,4609
15254,4631
15276,4654
15298,4677
15320,4698
15343,4720
15366,4742
15389,4764
15412,4784
15435,4807
15459,4829
15482,4851
15507,4873
15530,4896
15552,4916
15575,4939
15596,4962
15618,4985
15640,5005
15661,5027
15684,5049
15707,5072
15730,5093
15754,5116
15777,5138
15799,5162
15823,5184
15847,5207
15871,5230
15895,5253
15920,5276
15943,5298
15967,5322
15990,5344
16013,5367
16038,5391
16063,5414
16087,5437
16109,5461
16133,5485
16156,5509
16181,5533
16205,5557
16230,5581
16253,5604
16278,5628
16303,5651
16327,5676
16352,5697
16376,5722
16,5745
40,5769
64,5794
86,5817
110,5840
133,5862
155,5885
180,5909
203,5933
226,5955
249,5978
272,6002
297,6025
321,6048
345,6071
368,6093
392,6116
416,6139
439,6161
462,6183
485,6204
508,6226
530,6247
553,6270
575,6291
597,6312
618,6334
641,6356
663,6377
684,6400
708,6421
730,6442
753,6465
775,6487
798,6509
822,6532
845,6553
869,6575
891,6598
914,6621
937,6643
959,6666
983,6688
1006,6710
1030,6731
1053,6755
1074,6779
1098,6802
1122,6825
1145,6849
1169,6873
1192,6896
1214,6919
1239,6941
1263,6964
1287,6985
1311,7007
1334,7030
1357,7052
1381,7076
1405,7099
1428,7122
1450,7145
1471,7168
1494,7190
1517,7213
1539,7237
1562,7261
1586,7284
1610,7307
1634,7331
1659,7355
1683,7377
1707,7401
1732,7425
1757,7448
1781,7471
1805,7494
1828,7518
1852,7543
1876,7567
1898,7590
1920,7613
1943,7636
1966,7660
1991,7684
2016,7708
2040,7734
2065,7757
2090,7781
2115,7804
2139,7827
2164,7849
2189,7874
2212,7897
2235,7920
2259,7944
2284,7967
2307,7989
2330,8012
2354,8035
2377,8058
2399,8082
2422,8105
2446,8128
2470,8152
2493,8174
2517,8196
2541,8219
2565,8242
2589,8265
2614,8288
2637,8310
2660,8333
2685,8354
2708,8378
2731,8400
2753,8423
2777,8445
2799,8468
2821,8492
2844,8515
2867,8537
2889,8561
2914,8583
2937,8605
2961,8627
2985,8649
3009,8672
3033,8695
3058,8718
3082,8740
3105,8764
3127,8786
3151,8808
3173,8831
3196,8854
3218,8876
3239,8898
3263,8920
3284,8940
3307,8963
3330,8985
3353,9004
3375,9026
3397,9048
3421,9069
3444,9093
3468,9115
3491,9136
3515,9158
3537,9180
3560,9203
3583,9224
3606,9246
3628,9267
3649,9289
3672,9310
3695,9332
3717,9354
3741,9376
3765,9399
3788,9421
3812,9443
3835,9466
3858,9488
3882,9510
3907,9534
3931,9556
3953,9579
3975,9602
3999,9625
4022,9647
4046,9670
4070,9692
4095,9716
4118,9740
4143,9763
4167,9788
4192,9812
4216,9834
4242,9858
4267,9882
4291,9906
4315,9929
4339,9952
4364,9975
4389,9997
4415,10020
4439,10042
4463,10064
4486,10088
4510,10110
4534,10133
4557,10155
4581,10178
4604,10200
4628,10224
4652,10246
4675,10269
4699,10291
4723,10314
4748,10337
4771,10359
4794,10380
4819,10403
4841,10425
4865,10446
4888,10467
4911,10489
4934,10511
4956,10532
4979,10553
5001,10574
5023,10596
5045,10616
5067,10639
5090,10660
5113,10681
5134,10703
5157,10722
5181,10745
5205,10768
5227,10790
5251,10812
5274,10835
5299,10857
5324,10879
5347,10903
5371,10924
5394,10946
5418,10969
5442,10992
5465,11014
5488,11036
5513,11059
5537,11083
5560,11104
5584,11128
5608,11150
5632,11174
5654,11197
5679,11220
5704,11243
5727,11265
5751,11288
5774,11310
5797,11334
5820,11357
5845,11379
5870,11402
5893,11425
5916,11448
5939,11470
5962,11492
5985,11515
6007,11539
6031,11562
6055,11586
6079,11608
6104,11632
6127,11655
6151,11679
6176,11703
6201,11727
6225,11750
6249,11774
6273,11798
6297,11820
6321,11844
6345,11867
6369,11891
6394,11915
6418,11941
6442,11964
6467,11988
6490,12011
6514,12036
6537,12059
6561,12083
6586,12105
6609,12127
6635,12150
6657,12174
6682,12197
6708,12220
6732,12244
6756,12267
6779,12289
6802,12314
6828,12337
6851,12360
6875,12383
6899,12405
6922,12428
6945,12453
6969,12476
6993,12500
7015,12524
7039,12547
7063,12570
7087,12593
7111,12616
7134,12638
7158,12661
7180,12683
7205,12706
7229,12730
7252,12753
7274,12776
7298,12799
7320,12822
7344,12844
7367,12866
7390,12889
7414,12912
7437,12935
7460,12958
7482,12980
7505,13003
7529,13026
7552,13048
7577,13072
7600,13095
7623,13116
7646,13138
7670,13160
7692,13182
7715,13204
7738,13227
7761,13249
7783,13272
7806,13293
7826,13316
7849,13338
7871,13359
7893,13381
7916,13404
7938,13426
7961,13447
7983,13470
8007,13491
8029,13514
8051,13536
8074,13559
8097,13581
8119,13602
8141,13623
8163,13645
8184,13668
8206,13690
8230,13714
8252,13738
8276,13761
8300,13784
8324,13809
8349,13831
8372,13855
8397,13878
8422,13902
8447,13927
8473,13951
8498,13976
8523,13999
8547,14022
8573,14047
8598,14071
8621,14094
8646,14117
8670,14141
8694,14165
8720,14188
8744,14213
8767,14237
8792,14261
8816,14283
8841,14308
8866,14332
8890,14354
8915,14376
8941,14401
8965,14424
8989,14447
9013,14469
9036,14493
9058,14515
9082,14538
9106,14562
9129,14583
9151,14606
9174,14628
9197,14651
9220,14672
9244,14696
9266,14718
9288,14742
9313,14763
9336,14784
9360,14806
9383,14828
9406,14850
9428,14871
9450,14892
9472,14913
9493,14934
9514,14956
9536,14980
9558,15002
9581,15024
9604,15048
9626,15069
9649,15091
9673,15115
9696,15137
9719,15159
9744,15183
9769,15206
9792,15228
9816,15251
9839,15273
9862,15296
9885,15319
9908,15341
9932,15363
9955,15387
9978,15409
10000,15431
10022,15454
10044,15477
10067,15501
10092,15524
10115,15547
10139,15570
10163,15594
10187,15617
10210,15639
10234,15661
10258,15684
10280,15705
10304,15728
10327,15751
10349,15775
10372,15797
10394,15821
10417,15844
10439,15867
10463,15890
10486,15914
10510,15938
10534,15960
10557,15985
10582,16008
10606,16032
10631,16055
10655,16079
10680,16102
10704,16125
10727,16148
10751,16172
10776,16195
10799,16217
10823,16240
10847,16262
10870,16285
10893,16308
10917,16332
10940,16354
10964,16377
10988,18
11011,41
11036,64
11060,87
11084,111
11110,133
11134,157
11157,180
11182,204
11204,226
11227,247
11250,269
11272,292
11294,315
11316,337
11340,360
11365,382
11388,405
11411,427
11435,450
11458,474
11482,495
11506,517
11530,539
11555,562
11578,584
11601,607
11623,630
11646,652
11669,674
11692,698
11713,719
11735,740
11759,763
11783,786
11806,809
11828,832
11851,854
11874,874
11898,898
11922,921
11946,943
11969,965
11993,987
12017,1009
12039,1029
12062,1051
12085,1073
12107,1094
12129,1116
12150,1136
12172,1159
12193,1181
12216,1203
12238,1225
12261,1246
12284,1268
12306,1289
12328,1311
12351,1331
12374,1354
12398,1377
12422,1400
12445,1421
12469,1442
12492,1465
12516,1487
12539,1509
12562,1531
12586,1554
12610,1577
12633,1600
12658,1623
12682,1646
12705,1669
12731,1692
12754,1716
12779,1739
12805,1762
12830,1785
12856,1809
12880,1832
12906,1857
12931,1881
12955,1903
12980,1926
13005,1949
13029,1973
13054,1996
13080,2020
13104,2043
13130,2066
13153,2089
13177,2112
13200,2135
13225,2158
13250,2181
13274,2204
13298,2228
13322,2251
13347,2273
13371,2296
13396,2319
13421,2342
13445,2365
13467,2388
13491,2410
13514,2433
13538,2455
13562,2476
13584,2499
13607,2521
13630,2542
13652,2564
13675,2585
13699,2607
13723,2629
13746,2652
13768,2673
13791,2695
13814,2717
13836,2739
13860,2760
13883,2783
13905,2803
13928,2824
13951,2848
13974,2869
13997,2892
14020,2913
14043,2936
14066,2959
14088,2981
14112,3004
14136,3028
14160,3051
14183,3075
14207,3098
14231,3122
14255,3144
14278,3166
14301,3190
14325,3212
14348,3235
14372,3258
14396,3282
14419,3304
14442,3326
14466,3349
14488,3371
14511,3395
14534,3419
14559,3440
14582,3463
14606,3487
14629,3509
14654,3533
14677,3555
14700,3579
14724,3602
14748,3625
14771,3648
14795,3672
14817,3697
14840,3718
14865,3741
14888,3764
14912,3790
14935,3813
14957,3837
14981,3860
15005,3883
15030,3907
15054,3930
15079,3954
15103,3975
15126,3999
15151,4022
15176,4044
15200,4069
15223,4093
15247,4116
15272,4141
15296,4164
15320,4186
15344,4210
15367,4233
15392,4256
15416,4281
15438,4304
15461,4327
15486,4351
15509,4375
15535,4399
15559,4422
15583,4445
15607,4468
15629,4491
15653,4514
15677,4537
15700,4559
15721,4580
15744,4602
15767,4626
15790,4648
15814,4670
15838,4692
15860,4715
15881,4738
15904,4762
15926,4786
15949,4809
15973,4833
15995,4855
16019,4878
16042,4900
16065,4922
16089,4945
16113,4968
16136,4990
16159,5013
16181,5034
16202,5057
16225,5081
16248,5103
16270,5126
16292,5148
16315,5171
16338,5193
16359,5216
16382,5239
21,5260
44,5283
67,5305
90,5327
113,5349
135,5371
159,5391
182,5413
203,5435
227,5459
251,5481
272,5502
296,5524
317,5547
339,5569
361,5590
384,5613
406,5634
429,5655
452,5677
476,5701
499,5724
523,5746
547,5769
572,5791
596,5814
620,5837
645,5860
670,5883
693,5905
715,5928
739,5951
764,5976
788,6000
812,6024
836,6048
860,6072
883,6096
908,6120
932,6142
957,6165
980,6189
1006,6214
1032,6238
1058,6261
1084,6285
1110,6310
1135,6333
1159,6356
1183,6380
1206,6403
1229,6427
1253,6451
1275,6475
1299,6498
1323,6523
1347,6547
1372,6570
1396,6594
1421,6618
1447,6641
1471,6665
1495,6687
1519,6710
1543,6732
1567,6754
1590,6778
1612,6799
1635,6822
1656,6845
1679,6866
1700,6889
1722,6911
1744,6932
1767,6954
1790,6977
1814,7000
1837,7023
1861,7045
1884,7067
1908,7089
1932,7112
1955,7134
1978,7156
2002,7179
2025,7201
2048,7224
2069,7246
2093,7267
2115,7290
2138,7315
2160,7338
2183,7360
2206,7384
2231,7407
2254,7430
2278,7454
2302,7476
2328,7500
2353,7522
2377,7546
2401,7569
2425,7592
2447,7614
2471,7638
2494,7661
2517,7686
2539,7708
2562,7730
2587,7754
2610,7776
2633,7800
2658,7824
2683,7846
2706,7872
2730,7895
2754,7918
2779,7941
2805,7963
2829,7987
2853,8011
2877,8034
2901,8056
2925,8080
2950,8103
2973,8127
2997,8151
3021,8174
3044,8198
3068,8222
3092,8245
3116,8268
3140,8291
3166,8314
3191,8337
3216,8361
3242,8385
3267,8410
3290,8434
3313,8458
3337,8481
3362,8505
3385,8529
3408,8553
3431,8575
3455,8598
3479,8621
3503,8645
3526,8668
3550,8691
3575,8714
3600,8737
3624,8760
3648,8784
3672,8806
3696,8829
3720,8851
3744,8873
3767,8896
3790,8918
3814,8940
3836,8962
3857,8986
3881,9008
3904,9031
3926,9054
3948,9075
3969,9097
3991,9119
4014,9142
4039,9165
4064,9188
4087,9209
4110,9231
4135,9254
4158,9276
4182,9298
4205,9322
4229,9345
4252,9366
4275,9390
4298,9412
4322,9435
4345,9458
4369,9480
4394,9501
4417,9524
4441,9545
4466,9567
4489,9589
4512,9611
4536,9633
4558,9656
4581,9678
4605,9700
4629,9722
4652,9743
4675,9764
4696,9786
4719,9808
4740,9830
4764,9851
4787,9873
4810,9895
4833,9917
4857,9938
4881,9960
4905,9984
4928,10006
4953,10029
4978,10052
5001,10073
5026,10096
5051,10119
5076,10142
5101,10166
5126,10191
5151,10214
5177,10237
5201,10261
5227,10285
5251,10308
5276,10333
5302,10357
5326,10380
5351,10404
5377,10428
5401,10451
5427,10474
5453,10498
5478,10523
5503,10546
5528,10571
5552,10594
5577,10618
5603,10641
5627,10665
5653,10688
5677,10711
5701,10734
5725,10759
5749,10782
5774,10806
5797,10830
5821,10853
5846,10875
5870,10898
5893,10921
5917,10945
5940,10967
5965,10990
5988,11013
6011,11035
6034,11057
6058,11079
6081,11104
6103,11126
6125,11148
6149,11169
6171,11191
6195,11213
6219,11235
6241,11258
6265,11281
6289,11303
6313,11326
6336,11349
6359,11372
6383,11396
6407,11419
6430,11441
6455,11463
6479,11485
6502,11508
6527,11531
6549,11554
6573,11578
6595,11601
6619,11626
6643,11648
6666,11671
6691,11696
6714,11720
6738,11743
6764,11766
6788,11791
6812,11815
6836,11839
6861,11863
6884,11887
6909,11910
6932,11932
6956,11956
6981,11980
7005,12005
7029,12027
7052,12050
7075,12073
7097,12095
7120,12120
7142,12141
7165,12164
7190,12187
7214,12211
7240,12235
7266,12258
7292,12283
7318,12307
7343,12330
7367,12355
7392,12378
7414,12401
7438,12424
7462,12449
7486,12473
7509,12499
7534,12523
7557,12548
7581,12571
7605,12595
7629,12619
7654,12644
7677,12668
7702,12690
7727,12714
7752,12739
7777,12765
7802,12789
7826,12812
7851,12837
7875,12860
7899,12884
7922,12907
7944,12930
7967,12953
7989,12977
8011,13000
8033,13023
8055,13045
8077,13066
8100,13090
8122,13112
8144,13135
8169,13159
8193,13182
8216,13206
8240,13229
8263,13251
8286,13273
8310,13297
8333,13321
8355,13343
8378,13366
8401,13387
8424,13409
8448,13432
8471,13455
8494,13477
8518,13500
8541,13524
8565,13545
8589,13567
8612,13591
8636,13614
8660,13636
8683,13660
8706,13682
8729,13705
8753,13727
8777,13750
8800,13774
8822,13796
8843,13819
8867,13840
8889,13864
8911,13886
8935,13907
8957,13929
8980,13950
9003,13973
9027,13995
9052,14016
9075,14038
9098,14059
9121,14081
9144,14103
9166,14125
9189,14148
9211,14170
9234,14192
9259,14215
9282,14238
9306,14260
9329,14284
9352,14307
9376,14332
9401,14355
9424,14379
9449,14402
9475,14424
9500,14447
9524,14471
9548,14495
9574,14520
9599,14543
9624,14567
9648,14592
9672,14616
9696,14639
9721,14663
9744,14688
9769,14712
9793,14735
9818,14760
9843,14784
9868,14807
9894,14833
9919,14857
9944,14881
9968,14905
9993,14931
10018,14954
10043,14976
10068,14999
10092,15023
10116,15045
10139,15070
10161,15091
10183,15113
10207,15136
10230,15160
10254,15181
10276,15204
10299,15226
10322,15249
10345,15273
10370,15294
10395,15318
10419,15341
10442,15365
10465,15386
10488,15408
10512,15429
10535,15451
10557,15473
10580,15495
10603,15517
10625,15540
10647,15564
10669,15585
10692,15607
10714,15629
10736,15654
10760,15677
10784,15698
10807,15719
10832,15742
10855,15765
10879,15788
10903,15812
10927,15835
10949,15858
10973,15881
10996,15905
11019,15927
11043,15950
11066,15973
11089,15998
11114,16021
11137,16045
11161,16068
11185,16091
11209,16114
11234,16137
11259,16160
11283,16183
11308,16205
11330,16227
11354,16250
11378,16273
11400,16296
11423,16318
11448,16341
11470,16364
11492,2
11516,25
11540,47
11563,70
11585,94
11609,117
11634,141
11658,165
11684,189
11708,212
11733,235
11758,258
11782,282
11807,307
11832,331
11857,354
11880,378
11906,401
11928,424
11951,447
11975,470
11998,493
12021,517
12046,541
12069,564
12093,588
12116,611
12140,634
12165,658
12188,681
12212,703
12235,727
12259,748
12281,771
12305,793
12328,816
12351,838
12374,860
12395,882
12418,904
12442,926
12465,948
12487,971
12510,993
12532,1014
12556,1036
12579,1058
12603,1080
12626,1102
12650,1124
12675,1147
12699,1169
12721,1192
12744,1213
12766,1234
12789,1255
12811,1276
12833,1297
12857,1319
12879,1341
12902,1363
12926,1385
12951,1407
12974,1430
12998,1451
13021,1472
13044,1494
13067,1515
13090,1537
13113,1559
13136,1580
13158,1601
13180,1623
13202,1644
13226,1666
13250,1687
13273,1708
13295,1729
13317,1752
13340,1773
13364,1794
13385,1815
13408,1837
13432,1856
13454,1879
13478,1900
13501,1921
13524,1942
13548,1964
13571,1984
13593,2006
13615,2029
13638,2051
13661,2073
13684,2096
13707,2118
13730,2140
13754,2162
13778,2185
13803,2206
13826,2229
13849,2252
13873,2276
13897,2298
13921,2322
13945,2345
13970,2367
13996,2390
14021,2414
14044,2438
14069,2460
14092,2483
14117,2505
14141,2529
14168,2553
14192,2576
14216,2601
14241,2626
14266,2649
14289,2673
14314,2698
14339,2722
14363,2745
14388,2770
14412,2793
14436,2816
14462,2839
14485,2863
14510,2885
14535,2909
14560,2933
14584,2956
14607,2979
14630,3002
14653,3025
14675,3048
14699,3071
14721,3093
14745,3116
14767,3140
14790,3161
14815,3184
14838,3206
14860,3228
14883,3251
14905,3273
14929,3295
14952,3319
14975,3340
14998,3362
15021,3385
15043,3405
15066,3428
15089,3450
15110,3473
15134,3495
15157,3519
15179,3542
15202,3565
15225,3588
15248,3610
15270,3633
15294,3656
15318,3680
15341,3703
15365,3725
15389,3750
15413,3774
15438,3797
15461,3820
15485,3844
15509,3867
15533,3891
15557,3914
15581,3938
15605,3961
15627,3984
15651,4006
15674,4029
15697,4052
15721,4075
15746,4099
15770,4124
15793,4147
15816,4169
15841,4192
15864,4217
15888,4239
15912,4261
15935,4286
15958,4311
15983,4335
16007,4359
16029,4383
16052,4405
16077,4430
16100,4455
16124,4479
16150,4504
16173,4528
16197,4551
16220,4577
16243,4603
16267,4627
16291,4650
16315,4673
16339,4695
16363,4720
4,4744
28,4768
50,4792
73,4816
95,4840
119,4864
141,4888
165,4910
189,4933
213,4957
236,4980
260,5003
285,5024
309,5049
333,5071
357,5095
381,5118
403,5140
426,5162
450,5185
471,5207
494,5231
515,5252
537,5273
560,5297
583,5319
606,5342
628,5364
650,5385
673,5406
695,5429
719,5453
744,5475
768,5497
791,5520
815,5542
837,5565
860,5586
883,5606
905,5629
927,5651
950,5673
973,5696
993,5719
1016,5740
1041,5761
1064,5782
1087,5805
1110,5827
1135,5850
1157,5873
1182,5895
1204,5917
1227,5939
1250,5960
1273,5981
1295,6002
1318,6023
1340,6047
1363,6069
1386,6090
1408,6111
1431,6134
1455,6155
1476,6178
1497,6200
1520,6223
1543,6243
1568,6265
1591,6287
1614,6309
1639,6332
1663,6355
1686,6378
1710,6401
1733,6424
1757,6447
1782,6471
1806,6494
1829,6518
1854,6543
1879,6567
1903,6589
1926,6613
1950,6637
1973,6661
1999,6686
2025,6708
2050,6733
2075,6758
2100,6780
2124,6805
2150,6829
2173,6854
2198,6879
2222,6902
2247,6927
2272,6951
2295,6976
2321,7000
2346,7024
2371,7049
2396,7073
2421,7097
2444,7119
2469,7143
2494,7168
2518,7192
2541,7215
2566,7238
2590,7259
2613,7282
2636,7305
2660,7328
2682,7350
2705,7373
2727,7396
2750,7420
2772,7443
2796,7466
2819,7488
2844,7512
2866,7534
2889,7557
2913,7578
2938,7600
2962,7621
2985,7644
3008,7666
3032,7689
3056,7711
3078,7733
3100,7756
3121,7779
3143,7800
3165,7823
3189,7845
3212,7867
3236,7890
3259,7913
3283,7937
3308,7958
3332,7982
3357,8005
3380,8027
3403,8050
3427,8074
3452,8097
3477,8120
3502,8145
3526,8168
3549,8192
3571,8214
3593,8237
3617,8262
3641,8285
3665,8307
3690,8330
3713,8352
3736,8375
3760,8395
3784,8418
3808,8441
3832,8465
3856,8489
3880,8512
3902,8534
3924,8557
3948,8581
3970,8604
3994,8628
4018,8650
4041,8674
4065,8697
4088,8721
4111,8744
4136,8768
4159,8792
4184,8816
4209,8840
4234,8862
4259,8885
4285,8909
4309,8932
4333,8955
4358,8978
4381,9003
4406,9026
4429,9049
4453,9073
4476,9099
4499,9121
4524,9144
4547,9167
4570,9189
4595,9212
4619,9234
4643,9257
4666,9280
4689,9302
4714,9324
4738,9346
4761,9368
4785,9392
4806,9413
4830,9435
4854,9456
4876,9476
4899,9498
4922,9520
4944,9543
4968,9564
4989,9585
5012,9606
5035,9628
5059,9650
5082,9672
5107,9693
5131,9713
5155,9735
5177,9758
5201,9780
5224,9802
5247,9824
5271,9844
5294,9866
5316,9887
5338,9909
5362,9931
5385,9953
5408,9975
5431,9996
5453,10018
5477,10039
5500,10060
5523,10082
5546,10103
5570,10125
5592,10147
5616,10170
5638,10190
5662,10213
5685,10234
5707,10255
5730,10276
5753,10297
5775,10319
5798,10340
5819,10361
5842,10383
5866,10404
5888,10426
5910,10448
5931,10469
5954,10490
5977,10513
6001,10533
6024,10556
6047,10577
6071,10599
6094,10622
6118,10644
6141,10667
6163,10689
6188,10713
6212,10734
6237,10757
6260,10780
6285,10803
6309,10828
6334,10853
6358,10876
6382,10899
6406,10922
6430,10946
6455,10970
6479,10992
6501,11016
6525,11040
6551,11064
6576,11087
6601,11111
6626,11136
6651,11160
6677,11184
6703,11210
6726,11235
6752,11259
6777,11282
6801,11306
6824,11329
6848,11352
6871,11376
6893,11398
6917,11422
6941,11446
6965,11470
6988,11493
7011,11516
7034,11539
7057,11561
7082,11584
7106,11607
7129,11630
7154,11654
7177,11677
7199,11698
7221,11721
7244,11743
7266,11767
7289,11789
7311,11812
7333,11836
7354,11858
7376,11879
7399,11901
7422,11922
7445,11943
7467,11965
7490,11988
7514,12011
7536,12032
7558,12054
7580,12077
7603,12099
7625,12121
7649,12142
7672,12165
7695,12188
7718,12210
7740,12234
7764,12258
7787,12282
7812,12306
7836,12330
7861,12354
7884,12377
7909,12401
7932,12424
7955,12449
7979,12472
8002,12494
8025,12517
8049,12540
8071,12565
8093,12588
8116,12612
8139,12636
8162,12658
8184,12682
8206,12706
8229,12729
8252,12750
8276,12774
8300,12797
8323,12820
8347,12844
8371,12867
8396,12891
8421,12916
8446,12941
8471,12965
8495,12988
8518,13012
8540,13035
8564,13058
8585,13081
8609,13106
8634,13129
8657,13155
8681,13177
8705,13202
8730,13225
8755,13248
8780,13273
8804,13298
8828,13320
8853,13343
8877,13366
8900,13390
8923,13413
8948,13437
8972,13461
8995,13484
9018,13507
9041,13530
9064,13553
9087,13575
9111,13596
9134,13619
9156,13642
9180,13664
9203,13686
9228,13709
9252,13731
9276,13753
9298,13773
9322,13796
9345,13817
9366,13839
9389,13862
9413,13884
9435,13906
9456,13928
9478,13949
9501,13973
9524,13993
9547,14016
9569,14037
9592,14060
9616,14082
9639,14102
9663,14125
9686,14147
9709,14169
9733,14192
9756,14214
9779,14236
9802,14257
9824,14280
9846,14302
9868,14325
9890,14347
9912,14368
9934,14390
9957,14412
9979,14433
10003,14453
10026,14474
10051,14496
10077,14518
10100,14540
10123,14561
10146,14584
10169,14607
10193,14630
10215,14652
10238,14674
10260,14696
10282,14718
10304,14740
10327,14762
10351,14784
10374,14806
10397,14828
10420,14851
10443,14875
10468,14898
10492,14922
10517,14944
10543,14967
10568,14991
10591,15015
10615,15038
10640,15062
10664,15086
10689,15108
10712,15132
10735,15156
10759,15181
10784,15205
10809,15230
10833,15255
10858,15280
10883,15304
10909,15327
10936,15351
10960,15375
10986,15400
11011,15424
11036,15448
11061,15473
11086,15497
11112,15523
11136,15546
11159,15571
11183,15595
11207,15619
11232,15643
11257,15666
11279,15690
11302,15712
11327,15735
11351,15757
11375,15782
11398,15805
11423,15828
11447,15851
11472,15873
11494,15897
11518,15919
11542,15940
11565,15964
11589,15986
11611,16008
11634,16030
11656,16053
11678,16075
11700,16098
11722,16119
11745,16141
11768,16164
11791,16186
11814,16206
11837,16228
11859,16250
11883,16272
11907,16293
11931,16314
11954,16337
11976,16360
12000,16381
12022,19
12043,42
12068,65
12092,88
12115,112
12139,136
12161,158
12185,182
12207,206
12231,230
12255,253
12279,277
12303,299
12327,323
12351,346
12376,369
12398,393
12420,414
12443,437
12466,461
12489,484
12513,506
12536,528
12560,552
12583,574
12607,597
12631,620
12655,642
12680,665
12704,688
12728,711
12751,734
12776,757
12800,779
12825,803
12848,826
12872,851
12896,874
12921,898
12945,921
12970,944
12995,967
13019,990
13044,1014
13067,1038
13091,1062
13115,1085
13140,1109
13164,1131
13189,1156
13214,1179
13238,1202
13263,1224
13287,1245
13310,1268
13334,1290
13359,1313
13384,1337
13407,1359
13432,1382
13455,1405
13477,1428
13500,1449
13523,1470
13546,1492
13568,1514
13591,1534
13614,1556
13635,1578
13659,1598
13682,1620
13703,1642
13726,1663
13749,1684
13772,1705
13798,1727
13821,1750
13845,1771
13869,1793
13891,1816
13914,1837
13938,1857
13960,1880
13983,1902
14005,1924
14028,1946
14051,1967
14073,1990
14096,2012
14119,2034
14143,2054
14166,2076
14190,2098
14213,2120
14237,2141
14259,2163
14282,2185
14305,2207
14328,2229
14350,2252
14373,2273
14396,2294
14419,2316
14443,2338
14466,2358
14489,2381
14511,2403
14534,2424
14558,2446
14581,2468
14604,2489
14626,2511
14650,2532
14673,2554
14696,2575
14719,2598
14742,2621
14765,2642
14788,2664
14810,2688
14834,2711
14856,2734
14880,2757
14905,2779
14930,2803
14953,2826
14976,2849
15000,2872
15026,2897
15051,2922
15076,2946
15099,2969
15125,2994
15151,3020
15174,3044
15200,3068
15224,3092
15249,3118
15274,3142
15297,3165
15321,3190
15345,3214
15370,3238
15394,3262
15419,3288
15443,3312
15468,3338
15491,3363
15516,3387
15542,3411
15568,3434
15592,3458
15615,3480
15638,3505
15663,3529
15687,3552
15708,3575
15732,3597
15755,3620
15777,3641
15799,3665
15822,3689
15845,3714
15868,3737
15891,3759
15914,3781
15938,3803
15960,3826
15983,3849
16006,3873
16030,3894
16052,3917
16074,3939
16096,3960
16117,3981
16139,4003
16161,4025
16183,4047
16204,4067
16226,4090
16247,4110
16268,4131
16289,4153
16310,4175
16332,4198
16355,4220
16378,4242
17,4265
40,4289
64,4311
87,4334
110,4356
134,4379
157,4402
179,4425
201,4448
223,4471
245,4494
267,4516
290,4539
311,4562
334,4586
358,4608
381,4630
404,4653
427,4675
452,4699
476,4721
499,4744
522,4767
545,4790
567,4813
591,4835
615,4857
638,4880
662,4903
684,4926
707,4950
729,4973
752,4996
774,5018
798,5041
823,5063
846,5086
870,5108
894,5131
918,5155
942,5178
964,5201
989,5224
1012,5247
1036,5270
1059,5294
1083,5318
1107,5341
1130,5364
1153,5387
1176,5412
1200,5435
1223,5455
1247,5477
1270,5499
1294,5521
1318,5542
1341,5566
1364,5587
1387,5610
1411,5633
1434,5655
1457,5677
1479,5699
1502,5723
1524,5744
1547,5765
1569,5787
1591,5808
1614,5829
1635,5851
1658,5870
1681,5892
1704,5914
1727,5936
1750,5957
1773,5979
1797,5999
1820,6021
1843,6042
1866,6064
1889,6087
1911,6109
1934,6131
1956,6153
1978,6174
2000,6196
2023,6218
2046,6239
2068,6261
2091,6283
2114,6303
2138,6325
2161,6347
2184,6371
2210,6393
2235,6415
2258,6439
2281,6461
2304,6484
2327,6506
2351,6528
2375,6550
2397,6572
2418,6594
2440,6615
2462,6637
2485,6661
2508,6683
2532,6705
2555,6726
2578,6748
2601,6770
2625,6791
2649,6813
2673,6835
2696,6857
2719,6879
2742,6901
2764,6923
2786,6945
2810,6967
2832,6992
2856,7015
2880,7039
2904,7063
2928,7086
2953,7109
2979,7134
3003,7158
3027,7183
3053,7208
3078,7231
3102,7256
3127,7280
3152,7303
3176,7327
3201,7351
3226,7376
3250,7400
3275,7425
3299,7448
3323,7473
3348,7498
3373,7523
3398,7548
3422,7571
3446,7596
3472,7620
3497,7645
3522,7670
3547,7693
3572,7716
3598,7740
3622,7763
3645,7786
3669,7809
3693,7832
3716,7855
3739,7878
3762,7903
3784,7925
3808,7947
3832,7971
3854,7993
3877,8014
3899,8037
3922,8058
3945,8080
3967,8101
3988,8122
4011,8144
4034,8167
4057,8188
4079,8209
4101,8230
4124,8254
4146,8276
4168,8297
4190,8318
4213,8339
4234,8361
4256,8383
4279,8404
4302,8425
4325,8448
4347,8472
4370,8495
4395,8517
4418,8539
4442,8561
4465,8584
4488,8606
4511,8628
4534,8651
4557,8672
4579,8694
4602,8717
4626,8740
4650,8761
4672,8784
4695,8807
4718,8831
4741,8855
4765,8878
4788,8901
4811,8923
4835,8945
4858,8967
4882,8989
4906,9010
4931,9032
4953,9054
4977,9077
5000,9098
5022,9121
5045,9142
5069,9166
5092,9189
5117,9212
5141,9235
5163,9258
5186,9281
5209,9303
5234,9325
5257,9347
5281,9370
5306,9393
5332,9416
5356,9439
5380,9462
5405,9484
5429,9509
5454,9531
5478,9555
5503,9578
5527,9601
5551,9622
5573,9645
5597,9669
5621,9692
5644,9714
5668,9735
5692,9758
5716,9780
5739,9802
5762,9824
5786,9845
5810,9866
5833,9887
5856,9909
5878,9931
5901,9951
5924,9973
5947,9995
5970,10016
5993,10038
6015,10059
6039,10081
6061,10102
6083,10123
6105,10145
6128,10165
6150,10187
6174,10208
6197,10229
6219,10251
6243,10273
6266,10295
6287,10317
6311,10337
6335,10358
6358,10380
6382,10403
6403,10424
6426,10446
6448,10467
6471,10489
6494,10511
6516,10532
6540,10555
6563,10577
6586,10599
6610,10620
6633,10642
6656,10664
6678,10686
6702,10709
6725,10730
6749,10753
6772,10774
6796,10797
6819,10819
6842,10841
6864,10864
6887,10886
6910,10908
6932,10929
6954,10952
6977,10974
7000,10996
7023,11019
7045,11041
7068,11062
7091,11084
7113,11107
7136,11130
7159,11152
7182,11173
7207,11197
7232,11220
7256,11243
7281,11267
7307,11290
7330,11315
7355,11338
7379,11361
7404,11386
7428,11411
7451,11437
7476,11462
7502,11487
7527,11513
7551,11537
7575,11561
7600,11585
7624,11611
7649,11635
7674,11660
7700,11683
7724,11708
7748,11732
7773,11757
7797,11781
7821,11807
7845,11833
7868,11858
7892,11883
7917,11906
7940,11929
7963,11953
7987,11976
8010,11999
8033,12023
8055,12045
8078,12070
8103,12094
8126,12116
8149,12139
8173,12160
8195,12183
8218,12205
8240,12228
8263,12251
8286,12275
8308,12298
8330,12320
8351,12343
8373,12364
8396,12388
8419,12409
8442,12431
8465,12454
8487,12476
8509,12499
8532,12521
8556,12543
8579,12567
8601,12589
8623,12611
8644,12634
8667,12654
8689,12676
8711,12698
8733,12719
8754,12741
8776,12764
8800,12788
8822,12810
8846,12834
8870,12856
8893,12878
8916,12900
8940,12923
8963,12946
8988,12968
9012,12991
9035,13013
9058,13037
9082,13059
9105,13084
9126,13107
9149,13130
9172,13154
9195,13178
9218,13202
9242,13224
9266,13247
9289,13270
9313,13293
9336,13316
9360,13340
9384,13360
9407,13383
9431,13405
9454,13428
9477,13450
9501,13473
9524,13496
9548,13519
9572,13542
9595,13566
9618,13588
9641,13612
9664,13636
9688,13658
9712,13680
9737,13705
9761,13728
9787,13751
9811,13775
9835,13798
9860,13822
9884,13845
9909,13868
9934,13891
9957,13915
9981,13938
10006,13961
10030,13984
10053,14007
10075,14029
10098,14051
10122,14074
10145,14098
10168,14120
10191,14142
10214,14163
10240,14184
10263,14207
10288,14230
10310,14252
10333,14273
10358,14295
10379,14317
10403,14339
10426,14362
10449,14383
10470,14406
10492,14427
10514,14449
10536,14471
10559,14492
10583,14513
10606,14535
10630,14557
10653,14579
10677,14602
10702,14624
10725,14645
10749,14668
10771,14690
10795,14712
10819,14733
10841,14756
10865,14778
10888,14800
10910,14822
10932,14844
10955,14866
10978,14889
11001,14911
11024,14933
11047,14956
11071,14978
11095,15000
11119,15023
11142,15045
11166,15067
11190,15090
11213,15112
11236,15134
11258,15156
11281,15179
11306,15201
11328,15224
11351,15247
11372,15268
11393,15290
11416,15311
11437,15333
11460,15355
11483,15376
11506,15400
11531,15425
11556,15450
11582,15474
11605,15498
11631,15521
11655,15545
11680,15568
11704,15593
11729,15617
11754,15641
11777,15666
11802,15689
11827,15714
11851,15739
11876,15763
11899,15787
11925,15811
11950,15837
11975,15861
12000,15886
12025,15910
12051,15935
12076,15958
12100,15983
12123,16007
12147,16031
12171,16056
12196,16080
12218,16105
12242,16129
12266,16153
12290,16176
12314,16200
12339,16222
12363,16247
12388,16270
12412,16293
12436,16316
12461,16340
12484,16361
12509,0
12532,22
12554,44
12576,66
12600,89
12623,110
12646,133
12668,156
12692,179
12716,201
12738,222
12761,245
12784,267
12806,290
12829,312
12852,334
12874,356
12896,377
12921,398
12945,421
12968,443
12990,465
13013,485
13035,508
13058,529
13081,550
13103,572
13125,593
13147,614
13169,636
13192,658
13215,680
13238,703
13261,725
13285,747
13308,771
13331,792
13355,814
13378,837
13402,859
13427,881
13451,905
13475,927
13499,950
13523,972
13546,995
13569,1017
13592,1039
13615,1062
13638,1085
13661,1107
13684,1130
13707,1153
13731,1175
13754,1198
13777,1218
13800,1240
13824,1263
13848,1284
13872,1306
13894,1329
13918,1352
13943,1375
13968,1398
13992,1422
14017,1445
14040,1468
14064,1491
14088,1514
14113,1538
14138,1561
14162,1583
14186,1606
14210,1628
14234,1651
14257,1674
14283,1697
14307,1719
14330,1743
14354,1766
14380,1788
14403,1812
14427,1833
14451,1854
14475,1877
14498,1899
14522,1923
14545,1945
14568,1968
14591,1990
14614,2011
14639,2033
14661,2055
14683,2077
14707,2098
14729,2119
14752,2141
14775,2163
14799,2184
14823,2206
14846,2227
14867,2250
14891,2272
14914,2294
14938,2316
14961,2339
14983,2360
15006,2382
15029,2405
15051,2427
15074,2450
15097,2471
15121,2494
15144,2517
15167,2538
15190,2559
15213,2582
15236,2604
15259,2626
15284,2649
15308,2670
15332,2693
15356,2715
15378,2737
15400,2761
15423,2784
15444,2806
15468,2829
15491,2852
15515,2874
15538,2897
15562,2918
15586,2942
15610,2964
15633,2987
15656,3009
15678,3031
15702,3052
15726,3075
15748,3096
15771,3119
15795,3143
15816,3166
15838,3188
15860,3211
15882,3234
15905,3255
15928,3279
15951,3302
15975,3325
15999,3351
16024,3374
16049,3399
16075,3423
16099,3448
16123,3472
16147,3497
16171,3523
16195,3548
16218,3574
16242,3598
16265,3622
16290,3648
16312,3672
16337,3696
16361,3720
2,3745
25,3770
50,3796
75,3821
101,3846
126,3870
151,3895
177,3919
201,3943
227,3967
251,3991
276,4015
300,4038
322,4062
347,4087
370,4110
393,4133
415,4157
439,4181
462,4205
485,4229
509,4251
533,4275
556,4297
580,4321
603,4345
628,4370
651,4391
675,4413
699,4434
721,4457
744,4481
765,4505
788,4527
811,4550
833,4572
855,4594
877,4616
899,4639
922,4661
944,4683
967,4704
990,4727
1012,4748
1037,4769
1060,4791
1083,4813
1105,4835
1127,4856
1150,4879
1172,4901
1195,4924
1218,4946
1241,4968
1263,4990
1284,5013
1308,5037
1331,5061
1355,5084
1379,5107
1402,5130
1429,5153
1453,5176
1478,5199
1502,5224
1525,5247
1549,5269
1574,5292
1597,5314
1620,5336
1643,5359
1665,5381
1688,5403
1710,5425
1733,5448
1756,5469
1779,5492
1804,5515
1828,5538
1852,5560
1876,5583
1901,5605
1925,5629
1951,5651
1974,5673
1999,5695
2022,5720
2047,5743
2071,5767
2095,5789
2118,5813
2143,5836
2166,5860
2191,5883
2215,5906
2238,5929
2263,5952
2286,5976
2312,5999
2337,6023
2362,6046
2387,6069
2412,6092
2435,6115
2457,6137
2481,6158
2504,6180
2527,6201
2550,6223
2572,6245
2595,6267
2618,6290
2641,6312
2663,6332
2686,6354
2709,6375
2732,6396
2754,6418
2779,6440
2801,6462
2825,6486
2849,6507
2873,6528
2897,6550
2919,6571
2941,6592
2963,6613
2985,6635
3008,6658
3030,6680
3051,6701
3074,6723
3097,6744
3119,6765
3141,6787
3166,6808
3189,6831
3213,6853
3237,6876
3261,6898
3284,6920
3307,6943
3330,6965
3353,6987
3376,7009
3399,7031
3421,7053
3443,7075
3464,7097
3487,7118
3509,7142
3532,7162
3555,7184
3577,7206
3600,7227
3624,7249
3646,7272
3671,7295
3693,7317
3714,7340
3738,7362
3760,7382
3782,7404
3804,7426
3827,7449
3849,7472
3872,7495
3894,7517
3917,7541
3939,7564
3961,7587
3984,7609
4008,7632
4031,7655
4054,7678
4079,7702
4103,7726
4129,7750
4153,7775
4178,7798
4203,7823
4226,7848
4249,7872
4273,7897
4298,7921
4322,7944
4347,7968
4369,7990
4394,8014
4417,8036
4441,8059
4466,8082
4491,8106
4517,8131
4541,8156
4566,8180
4591,8203
4616,8228
4641,8251
4664,8274
4687,8298
4712,8321
4736,8344
4759,8367
4783,8390
4805,8413
4827,8437
4851,8459
4873,8481
4897,8504
4920,8526
4943,8548
4967,8570
4991,8592
5016,8615
5038,8636
5060,8658
5083,8680
5108,8702
5132,8725
5155,8747
5177,8769
5199,8791
5221,8812
5244,8834
5267,8856
5290,8879
5313,8901
5335,8922
5358,8942
5380,8964
5402,8985
5426,9007
5448,9028
5470,9050
5492,9071
5515,9092
5538,9114
5562,9136
5585,9158
5608,9180
5631,9203
5654,9225
5678,9248
5701,9269
5725,9293
5749,9316
5773,9339
5798,9363
5822,9385
5845,9408
5868,9431
5892,9455
5916,9478
5941,9500
5965,9522
5988,9543
6011,9567
6034,9590
6057,9613
6081,9636
6103,9659
6126,9680
6149,9702
6174,9724
6197,9746
6221,9769
6245,9793
6270,9816
6293,9838
6317,9861
6341,9883
6366,9905
6391,9929
6415,9952
6438,9974
6463,9997
6489,10021
6514,10044
6538,10067
6562,10089
6586,10112
6610,10134
6634,10157
6659,10183
6683,10207
6708,10231
6732,10256
6759,10279
6783,10302
6807,10325
6830,10347
6854,10369
6878,10391
6902,10413
6927,10436
6949,10456
6972,10480
6997,10502
7020,10524
7042,10545
7064,10566
7087,10588
7110,10611
7133,10633
7154,10655
7177,10677
7200,10698
7223,10720
7246,10743
7269,10764
7292,10786
7315,10808
7337,10830
7360,10851
7383,10872
7406,10894
7428,10916
7450,10938
7473,10961
7496,10983
7518,11006
7540,11028
7561,11050
7583,11072
7607,11094
7630,11116
7651,11139
7674,11161
7697,11183
7718,11206
7742,11230
7766,11251
7789,11274
7812,11296
7835,11318
7858,11340
7881,11362
7904,11383
7926,11407
7948,11429
7971,11452
7991,11475
8013,11496
8033,11519
8055,11541
8075,11562
8096,11583
8118,11605
8140,11628
8162,11649
8186,11672
8209,11695
8232,11718
8256,11740
8278,11764
8302,11788
8325,11811
8347,11835
8371,11859
8393,11884
8417,11907
8439,11930
8464,11954
8487,11978
8512,12003
8535,12026
8560,12051
8585,12075
8609,12100
8633,12123
8658,12146
8683,12169
8707,12193
8732,12217
8756,12241
8780,12265
8805,12289
8829,12313
8852,12337
8876,12361
8900,12386
8925,12411
8950,12434
8974,12459
8998,12484
9022,12508
9047,12532
9071,12557
9095,12579
9118,12602
9142,12626
9165,12648
9188,12670
9212,12691
9235,12715
9257,12737
9278,12761
9300,12783
9323,12805
9347,12828
9369,12848
9391,12870
9414,12894
9438,12917
9461,12939
9483,12961
9505,12984
9528,13007
9551,13028
9576,13050
9597,13074
9621,13095
9643,13117
9665,13139
9687,13161
9709,13182
9730,13204
9752,13225
9773,13246
9795,13268
9817,13289
9838,13309
9861,13331
9885,13354
9907,13375
9930,13398
9953,13420
9978,13441
10002,13464
10026,13487
10051,13509
10075,13532
10098,13555
10121,13577
10144,13601
10167,13622
10190,13646
10214,13669
10238,13693
10261,13715
10284,13737
10308,13759
10332,13782
10357,13804
10381,13828
10405,13851
10430,13873
10454,13896
10476,13917
10499,13940
10522,13962
10545,13984
10568,14005
10591,14027
10614,14051
10637,14073
10662,14096
10686,14119
10710,14143
10734,14166
10759,14188
10784,14211
10809,14234
10835,14257
10859,14279
10883,14304
10907,14327
10932,14351
10956,14372
10980,14396
11004,14419
11029,14442
11052,14464
11075,14487
11099,14510
11124,14533
11147,14555
11171,14579
11195,14602
11219,14625
11243,14647
11266,14668
11290,14691
11314,14714
11336,14735
11360,14758
11382,14780
11405,14801
11427,14823
11451,14844
11473,14866
11496,14887
11518,14909
11539,14930
11562,14951
11585,14971
11609,14993
11632,15014
11654,15037
11676,15060
11700,15083
11724,15104
11747,15125
11769,15147
11792,15169
11815,15191
11838,15212
11859,15235
11882,15257
11905,15279
11927,15300
11950,15323
11972,15344
11993,15365
12015,15388
12036,15409
12059,15430
12081,15452
12105,15475
12128,15497
12151,15520
12173,15541
12195,15564
12217,15586
12240,15608
12263,15631
12286,15653
12309,15675
12331,15696
12354,15718
12376,15740
12397,15762
12420,15784
12442,15806
12465,15829
12486,15850
12508,15872
12532,15894
12555,15916
12579,15938
12602,15961
12626,15985
12650,16009
12672,16033
12696,16057
12720,16080
12745,16103
12768,16127
12791,16151
12815,16175
12840,16198
12864,16221
12888,16244
12913,16267
12939,16292
12964,16315
12989,16339
13013,16364
13038,4
13064,29
13090,54
13115,77
13141,101
13165,127
13189,150
13214,174
13239,198
13262,221
13288,245
13312,269
13335,293
13360,317
13384,340
13410,364
13436,387
13461,412
13487,435
13512,458
13534,483
13557,505
13582,527
13604,549
13628,572
13652,595
13676,617
13700,640
13723,661
13747,684
13769,707
13793,728
13817,750
13840,772
13863,794
13887,817
13909,839
13930,862
13953,883
13976,903
13998,926
14021,948
14043,970
14065,992
14088,1013
14111,1032
14132,1053
14154,1075
14176,1097
14199,1118
14221,1138
14244,1160
14266,1182
14288,1203
14311,1225
14335,1246
14358,1267
14381,1288
14406,1311
14429,1334
14452,1357
14475,1380
14499,1403
14524,1425
14547,1447
14571,1469
14595,1491
14618,1513
14642,1534
14664,1556
14687,1578
14711,1601
14734,1623
14757,1645
14780,1668
14804,1689
14826,1711
14850,1733
14874,1756
14899,1779
14923,1801
14946,1823
14970,1845
14994,1866
15017,1889
15041,1911
15065,1934
15088,1957
15113,1979
15137,2002
15161,2026
15184,2050
15207,2072
15232,2095
15257,2119
15282,2141
15306,2163
15330,2186
15355,2209
15379,2232
15404,2257
15426,2279
15449,2302
15472,2325
15496,2347
15519,2370
15543,2394
15567,2418
15591,2440
15614,2461
15637,2483
15659,2506
15682,2531
15705,2553
15729,2575
15752,2596
15776,2618
15798,2641
15822,2662
15845,2684
15867,2705
15890,2728
15911,2749
15933,2772
15956,2794
15978,2815
16000,2837
16021,2860
16042,2881
16063,2903
16085,2925
16108,2947
16131,2969
16153,2990
16175,3012
16195,3035
16218,3056
16240,3079
16263,3101
16285,3122
16307,3143
16330,3165
16352,3186
16375,3209
13,3231
34,3254
57,3276
79,3299
101,3321
123,3344
145,3367
169,3390
191,3412
215,3434
236,3457
259,3479
283,3503
305,3524
329,3546
350,3569
372,3592
395,3614
417,3637
439,3659
460,3682
482,3704
504,3727
525,3751
548,3774
572,3797
596,3821
619,3844
642,3866
666,3889
690,3911
714,3933
738,3956
762,3979
787,4003
811,4027
835,4052
860,4076
885,4101
908,4125
932,4149
955,4172
979,4197
1003,4222
1027,4246
1051,4270
1077,4294
1102,4319
1127,4343
1153,4368
1178,4395
1204,4419
1229,4441
1253,4465
1278,4492
1301,4515
1325,4540
1350,4564
1373,4588
1398,4613
1422,4635
1446,4659
1470,4684
1493,4708
1516,4731
1540,4755
1564,4778
1588,4799
1613,4824
1637,4846
1662,4869
1684,4893
1707,4915
1729,4936
1753,4959
1776,4981
1799,5003
1823,5026
1844,5048
1867,5070
1889,5092
1911,5114
1934,5135
1957,5159
1981,5181
2003,5201
2026,5222
2049,5245
2072,5266
2094,5288
2116,5310
2139,5332
2162,5352
2185,5372
2208,5394
2229,5416
2250,5438
2272,5460
2295,5482
2317,5504
2340,5527
2362,5549
2387,5570
2410,5592
2434,5614
2458,5638
2482,5660
2507,5682
2530,5703
2555,5725
2579,5748
2603,5771
2626,5793
2650,5816
2672,5839
2696,5861
2719,5884
2743,5906
2766,5927
2790,5950
2813,5972
2837,5996
2861,6017
2884,6038
2908,6060
2933,6082
2957,6106
2981,6128
3005,6152
3029,6173
3053,6195
3075,6218
3099,6241
3122,6264
3146,6287
3170,6312
3194,6335
3220,6360
3243,6382
3269,6405
3294,6428
3319,6452
3344,6476
3369,6499
3393,6524
3418,6548
3442,6571
3467,6593
3492,6617
3517,6640
3538,6662
3562,6684
3584,6707
3608,6730
3631,6753
3654,6775
3677,6797
3700,6820
3723,6843
3747,6866
3771,6888
3795,6910
3820,6933
3844,6956
3867,6978
3889,6999
3911,7023
3934,7044
3955,7065
3977,7087
3999,7109
4021,7131
4041,7152
4062,7174
4085,7196
4107,7218
4130,7240
4153,7262
4175,7283
4198,7306
4222,7328
4244,7349
4268,7372
4292,7394
4315,7416
4337,7438
4360,7459
4383,7482
4405,7504
4427,7526
4450,7549
4473,7571
4496,7594
4518,7616
4541,7639
4564,7662
4587,7684
4609,7707
4633,7730
4657,7753
4681,7776
4704,7796
4728,7819
4751,7841
4773,7862
4796,7885
4819,7907
4842,7929
4865,7951
4888,7974
4911,7997
4935,8020
4957,8043
4981,8064
5004,8088
5028,8111
5053,8135
5078,8157
5102,8181
5127,8204
5152,8228
5177,8253
5202,8276
5227,8300
5252,8326
5278,8350
5302,8375
5328,8400
5353,8424
5376,8448
5401,8473
5426,8498
5451,8523
5478,8547
5503,8573
5527,8597
5552,8621
5577,8646
5603,8670
5630,8694
5656,8719
5682,8744
5707,8769
5732,8792
5758,8817
5783,8841
5808,8864
5833,8888
5857,8912
5882,8935
5906,8958
5930,8981
5952,9004
5976,9028
6001,9051
6024,9074
6049,9097
6073,9120
6097,9142
6120,9166
6145,9189
6168,9211
6193,9234
6214,9256
6239,9279
6261,9302
6285,9325
6307,9346
6330,9368
6354,9390
6377,9413
6400,9433
6422,9456
6444,9477
6467,9499
6490,9520
6514,9541
6537,9563
6561,9584
6584,9606
6608,9627
6631,9650
6654,9671
6675,9692
6699,9714
6722,9736
6744,9758
6767,9782
6791,9805
6815,9826
6839,9848
6863,9871
6887,9892
6912,9916
6935,9939
6961,9962
6985,9985
7009,10007
7034,10030
7059,10055
7084,10077
7108,10101
7133,10124
7156,10147
7179,10169
7203,10193
7225,10217
7248,10240
7272,10261
7296,10285
7320,10308
7343,10331
7367,10355
7392,10377
7417,10401
7442,10425
7468,10447
7492,10469
7516,10492
7540,10517
7565,10540
7590,10563
7613,10587
7638,10612
7662,10636
7686,10661
7711,10684
7735,10708
7759,10731
7783,10754
7807,10779
7831,10802
7856,10827
7882,10851
7906,10874
7931,10898
7955,10921
7980,10945
8002,10968
8024,10991
8047,11015
8069,11037
8093,11059
8114,11083
8135,11105
8158,11127
8180,11149
8203,11173
8226,11196
8250,11219
8272,11241
8295,11263
8318,11286
8342,11309
8365,11331
8387,11352
8410,11373
8432,11396
8454,11417
8476,11439
8499,11462
8521,11485
8543,11507
8565,11529
8586,11553
8608,11577
8631,11598
8654,11621
8677,11645
8702,11666
8724,11688
8747,11709
8770,11731
8793,11754
8817,11776
8841,11800
8863,11823
8885,11845
8907,11869
8930,11892
8954,11915
8977,11937
8999,11959
9021,11982
9044,12005
9067,12027
9089,12050
9111,12072
9134,12094
9158,12116
9182,12138
9205,12159
9228,12182
9253,12204
9277,12227
9299,12250
9320,12273
9343,12296
9365,12320
9390,12343
9413,12366
9436,12390
9461,12414
9485,12437
9509,12461
9535,12487
9560,12510
9585,12536
9610,12560
9636,12585
9661,12609
9686,12633
9712,12658
9738,12683
9763,12709
9787,12735
9813,12760
9836,12783
9860,12808
9884,12833
9909,12857
9932,12882
9958,12905
9983,12929
10009,12952
10034,12977
10060,13001
10086,13028
10111,13055
10137,13078
10162,13102
10186,13126
10210,13150
10235,13172
10259,13196
10283,13220
10307,13243
10330,13265
10353,13289
10376,13312
10400,13334
10424,13357
10448,13378
10470,13401
10494,13424
10519,13445
10545,13468
10569,13490
10592,13513
10615,13536
10637,13557
10660,13578
10681,13600
10704,13622
10729,13644
10749,13666
10771,13688
10792,13708
10814,13730
10839,13752
10862,13773
10885,13794
10909,13815
10932,13837
10955,13858
10978,13878
11002,13898
11024,13919
11047,13941
11070,13962
11093,13984
11117,14006
11139,14029
11161,14052
11184,14075
11207,14097
11232,14120
11256,14141
11280,14164
11303,14187
11327,14210
11352,14233
11377,14256
11402,14279
11427,14301
11451,14324
11474,14347
11499,14370
11524,14393
11548,14417
11572,14440
11595,14461
11617,14484
11639,14509
11663,14532
11687,14554
11710,14576
11734,14597
11758,14619
11783,14641
11808,14665
11832,14688
11858,14713
11883,14738
11908,14762
11932,14785
11957,14807
11981,14831
12005,14854
12030,14878
12053,14902
12076,14925
12100,14950
12123,14972
12144,14994
12169,15017
12191,15040
12214,15063
12240,15087
12263,15111
12289,15134
12313,15156
12336,15179
12360,15203
12384,15226
12408,15250
12429,15272
12452,15295
12475,15316
12497,15338
12519,15359
12542,15381
12565,15405
12589,15427
12612,15450
12636,15473
12659,15495
12681,15517
12704,15540
12728,15562
12751,15584
12774,15606
12798,15628
12820,15652
12843,15671
12866,15693
12889,15716
12910,15737
12934,15760
12957,15782
12980,15805
13002,15826
13024,15849
13045,15872
13068,15894
13092,15917
13116,15938
13139,15959
13161,15981
13184,16004
13207,16025
13229,16047
13251,16068
13274,16091
13297,16112
13320,16136
13343,16159
13367,16180
13389,16201
13411,16223
13433,16244
13455,16267
13479,16289
13503,16312
13526,16335
13550,16358
13573,16380
13595,17
13619,39
13642,62
13667,84
13690,106
13714,129
13738,152
13760,175
13784,198
13808,223
13831,247
13856,272
13881,295
13904,319
13929,343
13954,366
13980,391
14004,415
14030,440
14055,463
14081,487
14107,512
14131,538
14157,563
14181,587
14207,613
14232,639
14257,663
14282,686
14307,711
14332,736
14358,761
14383,784
14409,807
14434,832
14458,855
14483,879
14508,903
14533,928
14558,952
14582,976
14606,1000
14632,1024
14657,1048
14683,1070
14707,1094
14732,1117
14755,1139
14778,1161
14800,1183
14826,1206
14848,1229
14871,1252
14894,1273
14918,1295
14940,1318
14964,1339
14986,1362
15009,1384
15034,1405
15056,1427
15080,1448
15104,1469
15127,1491
15150,1513
15173,1534
15195,1557
15217,1579
15241,1601
15262,1621
15284,1642
15306,1664
15328,1687
15350,1707
15371,1728
15391,1749
15415,1770
15437,1792
15462,1812
15485,1834
15509,1856
15533,1879
15556,1901
15580,1923
15603,1947
15627,1970
15650,1992
15674,2014
15698,2038
15722,2062
15746,2085
15769,2108
15793,2131
15817,2154
15840,2177
15865,2199
15889,2221
15914,2245
15937,2268
15962,2290
15987,2312
16010,2334
16031,2357
16054,2380
16078,2403
16102,2426
16123,2448
16147,2471
16170,2494
16192,2517
16215,2541
16238,2565
16262,2588
16286,2611
16308,2634
16334,2659
16360,2683
1,2707
26,2730
50,2754
73,2778
97,2802
120,2827
143,2850
166,2874
189,2897
212,2921
237,2945
260,2969
283,2992
306,3015
329,3038
353,3061
376,3084
400,3107
425,3131
449,3153
473,3176
496,3200
520,3222
544,3244
567,3266
588,3289
611,3311
632,3334
653,3358
676,3382
699,3405
720,3427
742,3448
765,3471
787,3492
812,3514
835,3536
857,3558
880,3582
904,3604
926,3626
948,3648
970,3672
992,3693
1013,3714
1035,3736
1056,3757
1078,3779
1100,3802
1121,3823
1143,3845
1166,3868
1190,3890
1213,3913
1238,3935
1262,3956
1285,3979
1309,3999
1331,4021
1353,4043
1377,4065
1398,4088
1420,4110
1442,4132
1465,4154
1488,4176
1511,4199
1533,4221
1556,4244
1579,4268
1602,4291
1625,4314
1648,4336
1672,4359
1697,4383
1719,4406
1743,4428
1767,4452
1791,4475
1816,4498
1841,4522
1863,4545
1887,4570
1912,4594
1936,4619
1961,4644
1986,4669
2011,4694
2035,4717
2060,4740
2085,4763
2109,4786
2135,4811
2161,4835
2185,4860
2211,4885
2237,4909
2261,4934
2285,4957
2310,4981
2334,5005
2359,5031
2384,5055
2408,5078
2432,5101
2457,5125
2482,5150
2505,5175
2530,5197
2555,5219
2581,5243
2606,5265
2631,5288
2655,5312
2679,5334
2703,5357
2726,5378
2751,5400
2775,5423
2798,5446
2819,5471
2842,5492
2864,5515
2887,5538
2909,5560
2933,5581
2954,5602
2975,5622
2999,5643
3023,5665
3047,5687
3070,5708
3093,5729
3117,5750
3138,5771
3161,5792
3184,5813
3206,5833
3228,5854
3249,5875
3270,5896
3292,5916
3313,5938
3335,5958
3357,5979
3379,6000
3402,6020
3425,6040
3447,6061
3471,6083
3495,6104
3518,6125
3540,6147
3563,6169
3586,6192
3611,6216
3634,6238
3657,6260
3683,6283
3707,6305
3729,6328
3753,6351
3775,6372
3799,6394
3823,6416
3846,6439
3869,6460
3892,6483
3915,6506
3937,6528
3959,6551
3981,6573
4005,6594
4027,6616
4049,6639
4071,6663
4094,6686
4118,6708
4141,6729
4164,6752
4187,6774
4210,6797
4234,6818
4256,6842
4280,6866
4305,6890
4329,6913
4353,6937
4379,6961
4403,6983
4427,7006
4452,7029
4476,7053
4501,7078
4524,7102
4547,7125
4571,7147
4593,7170
4617,7194
4641,7217
4664,7240
4687,7262
4710,7285
4734,7309
4758,7332
4783,7354
4806,7377
4829,7399
4853,7422
4877,7443
4900,7466
4923,7487
4947,7510
4970,7533
4992,7556
5016,7578
5037,7601
5059,7624
5082,7645
5105,7666
5126,7687
5148,7708
5171,7730
5192,7752
5214,7773
5237,7795
5259,7817
5281,7839
5304,7860
5325,7881
5347,7903
5370,7923
5393,7947
5415,7968
5435,7990
5457,8010
5477,8031
5500,8052
5522,8073
5544,8093
5566,8114
5589,8135
5613,8158
5636,8181
5658,8203
5682,8225
5705,8246
5728,8267
5749,8289
5772,8310
5794,8332
5817,8353
5840,8375
5861,8397
5884,8420
5906,8442
5930,8464
5953,8486
5975,8509
5996,8532
6020,8555
6044,8578
6068,8601
6092,8624
6117,8647
6138,8671
6163,8695
6188,8718
6213,8743
6237,8766
6261,8789
6285,8812
6309,8837
6334,8860
6358,8885
6381,8908
6404,8932
6430,8956
6456,8981
6481,9005
6506,9030
6531,9054
6555,9077
6580,9101
6604,9124
6628,9148
6653,9172
6678,9196
6703,9220
6730,9243
6756,9267
6782,9292
6807,9317
6831,9342
6856,9365
6879,9389
6904,9412
6929,9435
6954,9459
6978,9481
7002,9504
7025,9526
7050,9549
7073,9573
7096,9595
7119,9616
7144,9640
7167,9662
7191,9684
7215,9705
7238,9728
7261,9750
7285,9772
7307,9794
7329,9817
7351,9838
7372,9858
7395,9880
7416,9901
7439,9922
7463,9943
7484,9964
7506,9987
7528,10009
7553,10030
7575,10052
7597,10073
7620,10094
7642,10114
7665,10134
7687,10155
7708,10175
7728,10198
7749,10219
7772,10240
7794,10261
7816,10282
7838,10303
7861,10325
7884,10348
7907,10371
7932,10394
7955,10417
7979,10440
8003,10463
8028,10486
8051,10509
8075,10531
8099,10554
8122,10578
8144,10601
8168,10623
8190,10646
8213,10669
8237,10691
8260,10714
8282,10736
8304,10759
8326,10781
8349,10805
8373,10827
8396,10849
8419,10872
8443,10894
8467,10919
8492,10943
8517,10967
8541,10990
8563,11014
8587,11037
8611,11060
8635,11084
8658,11108
8682,11132
8706,11155
8729,11179
8755,11203
8778,11228
8802,11252
8826,11276
8852,11300
8876,11324
8901,11347
8926,11370
8951,11394
8975,11419
8999,11442
9022,11467
9046,11490
9067,11512
9091,11534
9114,11556
9137,11580
9160,11604
9183,11627
9205,11651
9227,11673
9250,11695
9274,11719
9299,11741
9322,11765
9345,11787
9370,11810
9392,11832
9415,11854
9437,11877
9461,11899
9482,11921
9504,11944
9526,11966
9546,11987
9569,12010
9590,12031
9611,12053
9633,12075
9656,12096
9679,12117
9702,12139
9726,12161
9749,12183
9771,12203
9793,12225
9815,12245
9837,12267
9859,12287
9882,12308
9903,12328
9924,12351
9945,12373
9966,12394
9989,12417
10011,12438
10034,12460
10056,12481
10079,12504
10101,12527
10125,12549
10149,12572
10171,12594
10195,12615
10218,12637
10240,12659
10263,12682
10285,12704
10308,12726
10331,12749
10353,12770
10376,12793
10399,12816
10422,12839
10446,12864
10470,12886
10493,12911
10517,12932
10542,12956
10566,12979
10591,13004
10616,13027
10640,13050
10664,13074
10689,13097
10713,13121
10737,13144
10762,13167
10786,13191
10810,13216
10835,13239
10858,13264
10883,13288
10908,13311
10932,13335
10958,13359
10981,13381
11007,13406
11031,13430
11057,13455
11084,13480
11109,13505
11134,13528
11161,13552
11186,13574
11209,13597
11234,13621
11258,13645
11283,13669
11306,13691
11331,13715
11355,13738
11380,13760
11404,13782
11426,13804
11451,13827
11475,13850
11498,13873
11524,13895
11548,13917
11572,13940
11594,13960
11618,13981
11640,14003
11663,14024
11685,14045
11707,14067
11729,14089
11751,14110
11773,14132
11795,14153
11817,14174
11839,14196
11862,14218
11884,14238
11908,14261
11931,14281
11954,14301
11976,14323
11999,14344
12020,14365
12042,14385
12064,14404
12086,14424
12108,14445
12129,14467
12149,14489
12171,14511
12193,14532
12215,14553
12238,14574
12261,14597
12284,14620
12309,14642
12334,14666
12358,14689
12381,14713
12404,14736
12428,14757
12451,14780
12476,14803
12501,14825
12524,14849
12546,14874
12569,14896
12593,14917
12617,14939
12641,14962
12663,14985
12686,15008
12709,15029
12733,15054
12758,15076
12782,15099
12806,15120
12828,15143
12853,15166
12877,15188
12901,15212
12926,15234
12949,15257
12973,15281
12998,15308
13023,15333
13048,15358
13072,15381
13095,15405
13119,15427
13143,15451
13168,15475
13191,15500
13216,15524
13240,15547
13264,15570
13288,15594
13312,15618
13337,15641
13363,15664
13386,15687
13410,15710
13433,15734
13456,15757
13481,15781
13504,15804
13527,15827
13549,15851
13572,15875
13596,15897
13621,15919
13645,15942
13667,15964
13691,15985
13715,16008
13739,16031
13762,16053
13786,16076
13808,16098
13831,16120
13853,16141
13876,16162
13897,16184
13919,16205
13941,16226
13963,16248
13984,16270
14006,16290
14028,16310
14051,16333
14073,16353
14095,16375
14117,12
14140,34
14161,56
14182,75
14206,96
14227,117
14248,139
14271,160
14293,182
14315,203
14337,225
14358,248
14379,269
14401,291
14423,312
14446,335
14469,357
14491,377
14513,399
14536,420
14559,442
14583,465
14605,488
14628,510
14651,532
14673,553
14697,577
14720,600
14744,622
14767,644
14791,666
14815,689
14839,713
14862,735
14886,757
14910,781
14934,805
14958,828
14981,852
15005,875
15030,898
15054,920
15079,944
15103,968
15127,992
15152,1015
15178,1038
15203,1062
15228,1087
15253,1110
15276,1134
15301,1157
15327,1182
15350,1206
15374,1230
15398,1253
15422,1277
15447,1301
15472,1324
15496,1347
15521,1369
15546,1392
15570,1416
15594,1439
15618,1462
15644,1486
15668,1511
15692,1534
15716,1558
15741,1582
15765,1604
15787,1628
15810,1648
15834,1671
15857,1693
15880,1715
15904,1738
15928,1760
15951,1783
15973,1806
15995,1826
16018,1848
16042,1870
16065,1891
16088,1913
16111,1934
16133,1956
16156,1977
16178,1999
16199,2020
16220,2042
16241,2062
16261,2083
16283,2105
16304,2126
16326,2146
16347,2167
16367,2188
4,2209
26,2230
49,2251
71,2272
93,2294
116,2315
137,2336
160,2358
182,2380
206,2402
229,2425
252,2448
276,2471
300,2494
323,2517
346,2540
370,2563
393,2586
417,2610
440,2632
464,2654
489,2677
511,2699
536,2722
558,2746
582,2769
605,2791
628,2815
651,2838
676,2861
698,2883
720,2905
743,2928
766,2952
789,2974
812,2998
835,3021
859,3045
883,3069
907,3092
932,3115
956,3140
981,3164
1007,3188
1030,3212
1054,3234
1078,3258
1102,3282
1124,3306
1147,3329
1170,3353
1194,3377
1217,3401
1240,3425
1264,3447
1288,3470
1311,3493
1334,3516
1358,3541
1383,3563
1407,3586
1432,3609
1457,3632
1480,3656
1503,3680
1527,3702
1551,3726
1574,3748
1596,3772
1618,3795
1639,3818
1662,3840
1683,3862
1706,3884
1729,3905
1752,3927
1775,3948
1798,3968
1820,3990
1843,4010
1865,4031
1888,4053
1910,4074
1932,4096
1955,4116
1977,4138
1999,4160
2021,4182
2042,4204
2063,4226
2084,4247
2107,4269
2129,4290
2151,4312
2174,4334
2196,4355
2218,4376
2240,4397
2262,4419
2285,4440
2307,4462
2330,4484
2352,4505
2374,4528
2396,4548
2418,4570
2439,4592
2461,4614
2483,4636
2505,4657
2527,4679
2550,4701
2573,4724
2596,4744
2620,4767
2643,4790
2668,4811
2693,4834
2716,4856
2739,4879
2761,4902
2786,4925
2810,4946
2832,4969
2857,4991
2880,5014
2904,5038
2928,5061
2952,5086
2976,5110
3001,5135
3025,5158
3051,5183
3075,5207
3100,5231
3125,5255
3150,5277
3174,5300
3199,5325
3225,5349
3250,5371
3273,5395
3297,5418
3322,5442
3347,5465
3371,5489
3395,5514
3421,5538
3446,5562
3471,5586
3495,5609
3520,5633
3547,5657
3572,5681
3597,5703
3622,5728
3647,5752
3673,5776
3697,5799
3722,5821
3746,5844
3770,5867
3793,5890
3817,5914
3840,5937
3862,5960
3884,5980
3907,6000
3929,6022
3950,6043
3973,6066
3996,6089
4020,6110
4042,6131
4064,6152
4087,6173
4109,6194
4132,6216
4154,6236
4177,6260
4199,6281
4221,6302
4242,6322
4264,6342
4287,6363
4308,6384
4331,6404
4353,6426
4375,6447
4397,6468
4418,6488
4441,6511
4464,6531
4486,6552
4508,6574
4531,6596
4555,6618
4577,6640
4600,6661
4623,6684
4647,6707
4671,6731
4693,6753
4717,6776
4740,6798
4763,6821
4787,6845
4811,6868
4835,6891
4860,6913
4883,6935
4906,6958
4931,6980
4954,7002
4980,7025
5003,7049
5026,7071
5049,7094
5073,7117
5096,7140
5119,7163
5143,7187
5167,7211
5190,7234
5214,7258
5238,7281
5263,7305
5286,7328
5310,7351
5336,7376
5360,7401
5385,7425
5409,7450
5433,7474
5458,7496
5480,7519
5504,7543
5530,7568
5554,7593
5579,7615
5604,7640
5629,7665
5653,7689
5676,7712
5700,7736
5724,7759
5746,7783
5771,7806
5795,7830
5820,7853
5844,7875
5869,7898
5892,7920
5916,7943
5940,7967
5964,7991
5988,8014
6010,8035
6033,8057
6056,8079
6079,8102
6103,8124
6125,8146
6148,8169
6170,8190
6193,8211
6214,8233
6238,8254
6260,8275
6282,8297
6304,8318
6326,8339
6348,8362
6369,8383
6391,8405
6414,8426
6436,8448
6459,8470
6481,8490
6503,8512
6526,8534
6547,8555
6569,8575
6591,8598
6612,8620
6634,8640
6656,8662
6679,8682
6701,8705
6726,8726
6749,8749
6771,8770
6793,8793
6816,8814
6839,8836
6861,8860
6884,8882
6904,8904
6928,8927
6950,8949
6973,8971
6998,8994
7021,9017
7046,9039
7070,9062
7093,9085
7118,9107
7142,9130
7166,9154
7192,9178
7217,9201
7240,9224
7264,9248
7287,9271
7312,9295
7336,9319
7362,9341
7387,9365
7412,9387
7437,9413
7461,9438
7486,9463
7510,9487
7535,9510
7560,9535
7586,9559
7610,9584
7636,9608
7662,9632
7687,9657
7712,9682
7737,9706
7763,9730
7789,9753
7814,9778
7839,9802
7864,9827
7888,9851
7912,9876
7938,9900
7963,9925
7987,9949
8011,9972
8035,9996
8059,10020
8083,10043
8108,10067
8131,10090
8156,10114
8181,10136
8204,10159
8228,10181
8252,10202
8273,10224
8296,10247
8318,10269
8341,10292
8363,10313
8386,10336
8408,10358
8431,10379
8453,10401
8477,10422
8499,10442
8522,10463
8544,10485
8565,10506
8588,10527
8611,10548
8633,10569
8655,10591
8676,10612
8698,10634
8720,10655
8741,10675
8762,10697
8783,10718
8804,10738
8827,10759
8849,10781
8872,10803
8895,10826
8919,10847
8942,10870
8967,10892
8990,10915
9014,10937
9036,10960
9060,10983
9083,11005
9106,11028
9128,11051
9152,11074
9174,11098
9197,11120
9220,11144
9244,11167
9266,11190
9291,11213
9316,11236
9340,11260
9364,11282
9388,11306
9413,11329
9437,11352
9460,11374
9482,11397
9505,11420
9529,11443
9552,11467
9576,11491
9600,11515
9623,11539
9645,11563
9669,11587
9693,11611
9717,11635
9741,11660
9765,11683
9791,11708
9816,11731
9840,11755
9866,11778
9890,11801
9914,11825
9939,11850
9963,11873
9985,11896
10010,11920
10033,11944
10057,11968
10080,11991
10103,12014
10126,12037
10149,12061
10173,12085
10197,12107
10221,12130
10245,12152
10269,12174
10293,12197
10317,12220
10340,12243
10364,12266
10387,12288
10410,12310
10433,12332
10457,12354
10479,12377
10501,12401
10523,12423
10544,12445
10566,12467
10589,12489
10611,12511
10633,12532
10656,12554
10679,12576
10703,12597
10724,12619
10747,12641
10770,12662
10792,12684
10815,12706
10836,12728
10858,12747
10880,12769
10900,12790
10922,12810
10943,12831
10963,12852
10985,12872
11006,12893
11027,12913
11049,12934
11072,12957
11097,12980
11120,13001
11142,13024
11165,13046
11188,13067
11210,13088
11233,13110
11256,13131
11279,13152
11302,13175
11325,13196
11348,13219
11369,13241
11392,13263
11416,13285
11440,13307
11464,13330
11487,13354
11512,13378
11537,13401
11562,13424
11586,13446
11609,13469
11633,13493
11658,13515
11681,13537
11704,13560
11728,13583
11752,13606
11778,13630
11802,13654
11827,13678
11851,13703
11874,13725
11899,13749
11925,13772
11951,13797
11977,13821
12002,13846
12027,13869
12052,13892
12077,13914
12100,13938
12124,13961
12148,13984
12173,14008
12197,14031
12221,14056
12246,14080
12270,14104
12294,14128
12319,14152
12344,14176
12370,14200
12394,14224
12417,14248
12442,14272
12466,14293
12490,14316
12515,14339
12540,14361
12565,14383
12588,14405
12611,14427
12633,14449
12654,14470
12678,14491
12700,14513
12721,14534
12743,14554
12765,14575
12788,14598
12811,14618
12832,14641
12855,14661
12877,14682
12900,14703
12924,14723
12946,14745
12968,14766
12990,14787
13011,14807
13033,14827
13055,14849
13076,14869
13098,14889
13120,14910
13140,14931
13162,14952
13182,14973
13205,14993
13227,15015
13251,15035
13275,15057
13298,15080
13322,15102
13346,15124
13368,15146
13391,15168
13416,15190
13439,15213
13463,15235
13486,15258
13509,15280
13533,15303
13556,15327
13579,15350
13601,15373
13624,15395
13648,15419
13673,15442
13697,15465
13721,15489
13745,15512
13768,15536
13791,15557
13815,15579
13837,15601
13861,15623
13884,15644
13909,15668
13932,15691
13955,15716
13980,15739
14003,15763
14027,15787
14052,15810
14075,15833
14100,15857
14123,15879
14147,15903
14171,15926
14194,15949
14218,15973
14242,15996
14266,16019
14290,16042
14315,16066
14341,16089
14364,16111
14388,16135
14411,16159
14436,16181
14461,16204
14486,16228
14509,16251
14532,16274
14556,16297
14579,16320
14602,16342
14625,16365
14649,5
14672,27
14697,48
14719,70
14743,94
14767,117
14790,139
14813,161
14835,183
14859,205
14882,226
14904,249
14928,271
14950,292
14972,313
14994,334
15016,355
15037,376
15059,398
15082,419
15103,440
15124,461
15147,482
15169,503
15192,525
15213,546
15236,567
15258,589
15280,611
15304,632
15324,652
15345,673
15367,694
15387,715
15409,735
15431,757
15452,779
15473,799
15495,820
15517,841
15541,862
15563,883
15585,905
15610,927
15633,948
15656,972
15679,994
15703,1015
15726,1037
15751,1059
15773,1082
15795,1105
15817,1127
15840,1149
15863,1173
15886,1196
15909,1219
15933,1241
15956,1264
15980,1287
16004,1311
16028,1332
16053,1356
16078,1380
16103,1405
16127,1428
16151,1450
16176,1473
16198,1497
16220,1519
16245,1544
16268,1568
16292,1591
16317,1616
16342,1640
16366,1665
6,1688
31,1712
54,1735
79,1760
101,1783
126,1806
151,1829
177,1853
202,1876
227,1900
252,1926
278,1949
302,1972
327,1995
352,2019
376,2043
400,2067
424,2092
448,2115
472,2136
494,2160
519,2183
542,2205
566,2227
589,2249
612,2271
637,2294
660,2316
683,2338
705,2360
728,2382
750,2404
773,2426
794,2448
816,2470
837,2492
859,2513
880,2534
901,2554
922,2576
944,2596
965,2617
987,2638
1009,2659
1033,2681
1056,2703
1077,2724
1098,2746
1121,2767
1144,2786
1165,2808
1188,2829
1208,2850
1230,2872
1252,2894
1275,2917
1297,2940
1320,2962
1342,2985
1365,3008
1389,3032
1413,3054
1438,3076
1462,3099
1486,3122
1511,3146
1534,3170
1557,3194
1582,3218
1606,3241
1631,3263
1654,3286
1677,3310
1699,3333
1722,3357
1745,3382
1768,3405
1792,3427
1814,3449
1837,3474
1861,3497
1885,3520
1908,3543
1933,3565
1956,3590
1980,3613
2004,3638
2027,3661
2052,3685
2076,3708
2100,3731
2123,3754
2147,3777
2170,3802
2193,3825
2219,3850
2242,3873
2265,3897
2289,3919
2313,3942
2337,3966
2363,3988
2389,4010
2413,4034
2436,4057
2460,4081
2484,4104
2507,4128
2530,4152
2553,4176
2576,4200
2599,4223
2623,4245
2645,4268
2669,4291
2693,4313
2716,4336
2740,4359
2764,4382
2787,4405
2811,4429
2835,4451
2859,4472
2882,4494
2905,4515
2929,4537
2951,4559
2973,4580
2994,4601
3014,4623
3036,4645
3058,4668
3079,4689
3102,4709
3124,4730
3146,4751
3168,4772
3190,4794
3213,4816
3236,4837
3258,4858
3281,4879
3303,4901
3324,4922
3345,4942
3367,4964
3390,4984
3410,5006
3430,5027
3452,5047
3473,5068
3496,5087
3518,5109
3541,5131
3564,5152
3587,5175
3610,5195
3634,5217
3658,5239
3682,5261
3705,5283
3729,5305
3753,5328
3776,5351
3799,5373
3822,5395
3845,5417
3867,5438
3889,5462
3911,5484
3935,5507
3958,5529
3981,5552
4004,5576
4029,5599
4054,5624
4078,5647
4103,5670
4127,5694
4152,5719
4177,5742
4202,5763
4227,5786
4251,5809
4276,5833
4301,5858
4325,5879
4350,5903
4374,5927
4400,5950
4426,5975
4450,6000
4474,6023
4500,6047
4524,6071
4550,6094
4575,6118
4600,6141
4626,6165
4651,6188
4677,6212
4701,6235
4726,6258
4752,6281
4776,6304
4800,6327
4824,6351
4848,6374
4872,6398
4896,6422
4920,6445
4943,6467
4967,6489
4990,6510
5014,6532
5036,6553
5060,6574
5082,6598
5106,6620
5130,6641
5152,6661
5173,6682
5195,6704
5217,6724
5239,6745
5261,6766
5284,6787
5305,6808
5326,6829
5348,6848
5370,6870
5390,6891
5412,6911
5433,6931
5455,6952
5477,6973
5499,6995
5521,7015
5544,7036
5565,7057
5587,7078
5609,7099
5631,7118
5654,7140
5676,7163
5698,7185
5722,7207
5745,7231
5769,7254
5794,7277
5818,7300
5843,7323
5867,7347
5890,7370
5914,7393
5939,7417
5962,7440
5984,7462
6008,7484
6032,7508
6055,7532
6078,7554
6101,7577
6125,7599
6148,7622
6172,7645
6196,7668
6219,7691
6241,7714
6264,7737
6289,7760
6312,7783
6335,7806
6359,7828
6382,7850
6407,7873
6428,7897
6453,7921
6477,7944
6502,7968
6526,7991
6549,8013
6573,8036
6598,8060
6621,8082
6645,8105
6667,8128
6691,8151
6715,8174
6739,8196
6762,8219
6785,8242
6808,8265
6832,8287
6856,8310
6881,8332
6905,8356
6929,8379
6954,8402
6977,8426
7001,8450
7025,8473
7048,8496
7072,8519
7095,8541
7118,8564
7140,8586
7163,8608
7186,8629
7209,8652
7231,8674
7255,8695
7277,8716
7299,8738
7321,8759
7342,8780
7364,8801
7385,8821
7407,8842
7429,8864
7451,8885
7474,8907
7495,8927
7517,8948
7537,8969
7558,8991
7579,9011
7601,9033
7622,9054
7643,9074
7665,9095
7687,9114
7709,9135
7732,9157
7753,9179
7775,9198
7796,9219
7819,9240
7840,9262
7861,9283
7883,9306
7905,9327
7928,9346
7950,9370
7972,9391
7993,9413
8013,9434
8036,9456
8059,9478
8081,9501
8103,9525
8127,9547
8149,9569
8173,9592
8197,9615
8221,9637
8244,9660
8268,9682
8291,9704
8315,9726
8338,9750
8362,9774
8386,9797
8409,9820
8433,9844
8456,9869
8482,9892
8506,9917
8529,9941
8554,9964
8580,9987
8607,10010
8630,10034
8654,10057
8680,10081
8704,10104
8728,10126
8752,10150
8776,10175
8801,10199
8825,10224
8848,10248
8873,10273
8899,10297
8925,10321
8950,10345
8974,10369
8998,10394
9023,10417
9049,10441
9074,10464
9099,10488
9126,10511
9151,10532
9176,10556
9199,10579
9222,10602
9247,10626
9270,10649
9294,10673
9316,10697
9339,10720
9361,10742
9383,10763
9406,10784
9429,10807
9450,10829
9473,10850
9495,10870
9518,10892
9541,10913
9563,10935
9585,10957
9608,10978
9629,11000
9650,11021
9671,11042
9692,11063
9713,11084
9733,11104
9755,11124
9776,11146
9798,11167
9819,11188
9840,11210
9862,11232
9884,11252
9908,11273
9930,11294
9954,11315
9977,11338
10000,11361
10024,11384
10046,11407
10070,11431
10093,11452
10115,11477
10139,11500
10162,11524
10185,11546
10209,11570
10234,11593
10258,11617
10282,11641
10306,11666
10331,11690
10355,11714
10379,11738
10404,11760
10427,11783
10450,11806
10473,11829
10497,11852
10520,11876
10542,11900
10564,11922
10587,11944
10610,11968
10634,11991
10657,12013
10679,12036
10704,12058
10728,12081
10752,12105
10775,12128
10800,12151
10824,12173
10848,12197
10873,12220
10898,12244
10923,12266
10948,12290
10972,12313
10995,12337
11018,12360
11042,12384
11066,12407
11090,12430
11113,12453
11136,12476
11160,12499
11185,12522
11210,12546
11235,12569
11259,12594
11284,12617
11308,12640
11332,12663
11355,12687
11379,12710
11402,12734
11424,12757
11447,12780
11470,12803
11492,12826
11514,12849
11536,12870
11559,12892
11582,12914
11606,12935
11628,12957
11651,12977
11673,12997
11696,13019
11719,13040
11742,13062
11763,13082
11785,13102
11807,13124
11828,13147
11850,13168
11871,13188
11893,13210
11915,13232
11937,13252
11960,13273
11981,13293
12002,13314
12023,13334
12044,13355
12064,13376
12085,13397
12108,13417
12130,13438
12150,13459
12172,13479
12194,13499
12215,13520
12236,13541
12257,13563
12280,13585
12302,13606
12325,13628
12347,13649
12370,13671
12393,13694
12415,13716
12438,13738
12462,13760
12487,13782
12511,13804
12535,13826
12558,13849
12583,13871
12608,13894
12631,13918
12655,13940
12680,13963
12703,13986
12726,14011
12750,14034
12775,14057
12799,14081
12823,14102
12847,14126
12873,14149
12897,14173
12922,14196
12948,14218
12974,14241
12999,14265
13024,14289
13048,14311
13074,14335
13099,14360
13124,14384
13149,14407
13174,14430
13199,14454
13223,14477
13248,14501
13273,14526
13298,14550
13324,14575
13350,14598
13376,14622
13401,14646
13427,14670
13451,14694
13477,14717
13501,14741
13526,14764
13552,14789
13576,14811
13601,14834
13624,14858
13648,14881
13673,14903
13696,14926
13719,14948
13741,14971
13765,14993
13788,15015
13811,15038
13832,15061
13854,15083
13877,15105
13899,15126
13922,15147
13944,15167
13967,15188
13987,15210
14009,15231
14031,15252
14051,15274
14074,15295
14098,15316
14118,15337
14140,15357
14159,15377
14181,15398
14201,15419
14223,15440
14247,15461
14269,15481
14291,15503
14315,15524
14338,15545
14361,15568
14383,15591
14406,15614
14430,15637
14453,15660
14476,15682
14500,15706
14525,15728
14549,15752
14572,15775
14595,15798
14619,15822
14643,15845
14666,15868
14689,15892
14714,15916
14736,15940
14761,15963
14784,15986
14808,16008
14832,16031
14854,16054
14878,16077
14902,16099
14925,16122
14950,16143
14974,16167
14996,16188
15020,16211
15044,16234
15068,16257
15091,16281
15114,16304
15138,16327
15163,16350
15186,16372
15210,10
15234,33
15256,58
15280,82
15305,104
15329,127
15354,150
15380,173
15403,197
15428,221
15451,246
15475,269
15499,292
15524,315
15546,339
15569,362
15594,385
15618,408
15642,431
15666,455
15689,478
15713,501
15738,524
15760,547
15784,570
15808,593
15831,616
15855,640
15878,661
15901,682
15924,705
15948,728
15970,750
15991,771
16013,792
16033,813
16056,835
16077,856
16097,878
16119,898
16142,919
16163,940
16185,961
16206,982
16227,1004
16250,1024
16271,1046
16292,1067
16314,1088
16334,1110
16356,1131
16375,1152
12,1173
32,1193
53,1214
73,1235
94,1255
117,1276
138,1297
161,1317
183,1339
206,1359
228,1380
251,1401
275,1424
298,1446
320,1467
343,1490
365,1513
388,1536
411,1559
433,1581
456,1604
480,1627
504,1650
528,1672
552,1695
577,1718
602,1743
627,1766
652,1790
677,1813
702,1838
725,1862
750,1884
774,1907
799,1931
825,1954
849,1979
873,2003
897,2026
920,2050
945,2074
970,2097
996,2122
1022,2147
1047,2171
1073,2196
1098,2221
1125,2244
1150,2269
1175,2293
1201,2318
1226,2342
1250,2368
1275,2392
1300,2417
1324,2440
1348,2464
1373,2489
1399,2513
1424,2536
1448,2562
1473,2585
1498,2609
1524,2632
1550,2656
1573,2680
1599,2703
1621,2726
1646,2751
1669,2774
1695,2797
1715,2821
1740,2842
1763,2866
1785,2888
1806,2909
1829,2931
1851,2954
1872,2975
1896,2997
1918,3018
1940,3039
1963,3062
1987,3083
2008,3104
2030,3125
2053,3147
2076,3168
2098,3190
2118,3211
2139,3233
2161,3256
2183,3277
2204,3299
2225,3321
2247,3342
2269,3363
2293,3387
2316,3409
2340,3433
2363,3456
2388,3479
2413,3503
2438,3526
2462,3551
2486,3574
2511,3598
2535,3621
2558,3646
2582,3669
2606,3693
2629,3717
2652,3741
2676,3765
2701,3789
2723,3811
2747,3834
2771,3858
2796,3881
2820,3903
2844,3926
2868,3948
2894,3971
2918,3993
2941,4015
2964,4038
2986,4061
3010,4084
3033,4107
3056,4131
3079,4155
3103,4179
3128,4203
3153,4226
3177,4251
3202,4275
3226,4299
3251,4322
3276,4346
3300,4369
3326,4392
3350,4416
3374,4440
3399,4464
3424,4488
3448,4513
3471,4536
3496,4561
3521,4586
3545,4610
3569,4633
3593,4657
3617,4681
3642,4705
3667,4728
3691,4751
3716,4772
3740,4795
3763,4818
3787,4841
3811,4863
3835,4886
3858,4908
3880,4930
3901,4952
3923,4974
3944,4997
3965,5018
3985,5038
4007,5061
4029,5082
4051,5103
4073,5124
4095,5146
4118,5167
4139,5188
4161,5209
4184,5229
4207,5250
4230,5271
4251,5293
4272,5314
4294,5334
4316,5355
4338,5374
4359,5394
4381,5414
4401,5435
4424,5455
4445,5476
4466,5496
4487,5517
4510,5538
4532,5560
4556,5582
4579,5603
4602,5625
4625,5646
4648,5668
4672,5689
4696,5711
4719,5733
4742,5756
4765,5780
4788,5801
4812,5823
4835,5846
4859,5868
4883,5891
4907,5912
4932,5936
4956,5958
4979,5981
5004,6004
5028,6029
5053,6052
5079,6075
5105,6099
5129,6123
5153,6146
5178,6169
5204,6193
5228,6218
5252,6241
5277,6263
5300,6286
5324,6311
5349,6335
5375,6360
5400,6385
5423,6408
5449,6432
5474,6456
5500,6481
5527,6506
5553,6529
5578,6552
5604,6575
5630,6600
5655,6623
5678,6648
5703,6673
5727,6697
5753,6721
5780,6744
5805,6769
5830,6794
5855,6817
5878,6841
5901,6866
5926,6890
5951,6914
5975,6938
6000,6962
6023,6984
6047,7007
6070,7028
6093,7050
6116,7072
6137,7095
6159,7117
6183,7138
6205,7160
6228,7181
6251,7203
6271,7224
6293,7245
6315,7268
6337,7290
6359,7310
6381,7331
6401,7353
6422,7374
6445,7394
6467,7415
6489,7435
6511,7457
6534,7478
6556,7500
6578,7521
6600,7542
6622,7563
6645,7584
6667,7606
6690,7630
6713,7653
6735,7675
6760,7698
6783,7720
6808,7744
6832,7768
6856,7792
6878,7817
6904,7841
6928,7864
6953,7888
6977,7911
7002,7935
7024,7958
7048,7981
7072,8002
7095,8025
7118,8048
7142,8072
7166,8094
7189,8117
7214,8140
7237,8163
7261,8185
7285,8208
7309,8231
7332,8253
7354,8275
7377,8298
7403,8321
7426,8343
7451,8366
7474,8390
7499,8416
7523,8440
7546,8465
7571,8487
7594,8511
7618,8535
7642,8558
7664,8581
7689,8606
7712,8627
7735,8651
7760,8675
7785,8698
7809,8720
7834,8744
7858,8768
7881,8792
7906,8817
7929,8841
7952,8864
7975,8888
7997,8911
8020,8935
8043,8957
8065,8980
8087,9003
8109,9024
8131,9046
8152,9067
8176,9089
8198,9110
8220,9134
8243,9156
8265,9176
8287,9197
8309,9218
8332,9239
8354,9260
8375,9281
8396,9302
8417,9323
8438,9344
8459,9366
8480,9388
8502,9409
8524,9430
8545,9450
8567,9470
8588,9490
8610,9511
8632,9531
8654,9552
8676,9573
8697,9595
8719,9615
8741,9636
8762,9657
8782,9677
8804,9696
8825,9716
8846,9738
8868,9759
8889,9779
8911,9800
8932,9823
8954,9843
8977,9863
9000,9884
9023,9905
9046,9928
9069,9950
9093,9972
9117,9994
9141,10016
9165,10038
9189,10061
9212,10085
9236,10108
9260,10131
9283,10154
9307,10177
9329,10199
9353,10222
9377,10245
9400,10269
9425,10292
9449,10315
9474,10338
9498,10362
9524,10386
9549,10409
9572,10433
9597,10456
9621,10480
9645,10503
9669,10527
9695,10550
9718,10574
9743,10599
9767,10623
9791,10648
9814,10671
9839,10694
9864,10719
9890,10744
9915,10766
9941,10790
9967,10815
9993,10840
10020,10865
10045,10889
10070,10914
10096,10939
10122,10966
10147,10991
10172,11016
10196,11039
10220,11063
10244,11086
10268,11110
10291,11135
10316,11157
10341,11179
10365,11202
10389,11224
10412,11245
10435,11269
10459,11291
10484,11313
10506,11336
10528,11358
10549,11380
10571,11402
10594,11423
10616,11445
10637,11467
10657,11489
10679,11510
10701,11533
10722,11553
10744,11574
10765,11594
10787,11617
10809,11638
10833,11661
10855,11683
10879,11705
10902,11725
10924,11745
10947,11767
10969,11789
10991,11811
11013,11834
11036,11856
11059,11879
11082,11901
11105,11925
11129,11948
11153,11971
11177,11995
11200,12021
11224,12042
11250,12066
11274,12089
11298,12113
11324,12135
11349,12157
11373,12180
11398,12203
11422,12226
11444,12250
11468,12273
11491,12296
11514,12320
11537,12343
11561,12366
11585,12389
11609,12413
11633,12435
11656,12456
11681,12480
11706,12504
11730,12527
11754,12551
11778,12573
11802,12596
11826,12619
11851,12645
11875,12668
11897,12690
11922,12712
11946,12737
11971,12762
11995,12786
12018,12810
12041,12833
12064,12858
12089,12882
12112,12906
12135,12930
12159,12953
12183,12976
12208,13000
12233,13023
12257,13046
12282,13071
12305,13093
12328,13115
12351,13139
12374,13163
12397,13185
12419,13206
12441,13228
12464,13249
12487,13272
12509,13293
12533,13316
12556,13338
12578,13360
12602,13381
12625,13401
12649,13423
12672,13445
12694,13466
12717,13489
12739,13510
12760,13530
12783,13550
12805,13572
12827,13592
12848,13613
12870,13634
12892,13655
12915,13675
12936,13696
12957,13716
12978,13738
13000,13758
13022,13779
13044,13798
13067,13819
13089,13839
13110,13859
13131,13879
13153,13899
13174,13919
13194,13941
13216,13961
13238,13982
13260,14003
13283,14023
13305,14045
13327,14067
13350,14089
13373,14110
13397,14132
13422,14154
13445,14177
13469,14199
13492,14221
13517,14244
13540,14267
13564,14290
13589,14314
13614,14337
13637,14358
13662,14381
13686,14404
13709,14426
13733,14451
13757,14473
13781,14496
13806,14520
13831,14543
13855,14567
13880,14591
13907,14614
13932,14637
13957,14660
13982,14684
14006,14708
14030,14732
14055,14755
14080,14779
14105,14803
14130,14826
14154,14849
14178,14873
14203,14897
14228,14921
14251,14944
14275,14968
14300,14992
14325,15017
14351,15043
14376,15068
14401,15092
14428,15115
14453,15139
14478,15162
14504,15186
14530,15212
14555,15235
14580,15259
14604,15282
14628,15305
14653,15328
14677,15350
14700,15373
14724,15396
14746,15418
14769,15442
14790,15464
14812,15485
14834,15506
14855,15526
14876,15548
14898,15570
14921,15591
14943,15610
14966,15631
14986,15653
15008,15676
15030,15696
15051,15717
15073,15738
15095,15760
15116,15783
15136,15802
15159,15823
15180,15844
15202,15865
15222,15885
15244,15908
15266,15927
15288,15949
15310,15971
15333,15993
15355,16014
15379,16036
15401,16059
15424,16081
15446,16102
15471,16124
15494,16146
15517,16170
15541,16193
15562,16217
15585,16238
15607,16260
15630,16282
15653,16306
15676,16329
15700,16351
15724,16374
15748,12
15771,37
15795,61
15818,82
15842,105
15866,128
15889,151
15912,173
15935,196
15957,218
15980,241
16001,263
16023,283
16047,307
16070,329
16092,351
16114,374
16138,396
16160,419
16182,442
16205,465
16228,489
16252,512
16275,534
16300,557
16323,581
16346,603
16368,627
9,651
32,673
55,697
78,720
101,741
124,766
148,789
172,813
196,836
218,859
241,881
265,904
289,926
313,948
336,971
360,993
384,1015
406,1036
429,1058
451,1081
473,1105
496,1126
518,1147
541,1170
562,1191
584,1213
605,1234
627,1256
648,1276
671,1298
693,1318
716,1338
739,1359
762,1379
783,1400
805,1420
827,1441
848,1462
870,1484
891,1504
912,1525
933,1546
954,1567
975,1588
995,1608
1016,1629
1036,1650
1058,1669
1080,1689
1104,1710
1126,1730
1147,1751
1170,1772
1192,1794
1215,1816
1238,1837
1260,1858
1282,1879
1304,1902
1327,1925
1350,1946
1371,1968
1394,1991
1417,2013
1441,2036
1465,2059
1490,2081
1515,2105
1541,2128
1565,2152
1590,2174
1616,2197
1640,2221
1664,2245
1689,2268
1714,2293
1738,2316
1761,2339
1786,2364
1809,2387
1833,2410
1857,2435
1882,2458
1907,2483
1932,2508
1957,2533
1983,2556
2009,2578
2034,2602
2059,2626
2085,2649
2109,2674
2135,2699
2158,2724
2183,2748
2208,2772
2232,2796
2258,2820
2282,2846
2308,2872
2334,2896
2359,2923
2386,2949
2413,2975
2437,3000
2463,3024
2489,3048
2515,3072
2541,3097
2566,3121
2591,3144
2615,3169
2639,3193
2662,3217
2686,3240
2709,3261
2731,3285
2754,3307
2775,3329
2796,3350
2818,3372
2842,3395
2864,3417
2889,3440
2913,3462
2936,3483
2959,3505
2981,3527
3002,3548
3025,3569
3046,3590
3068,3612
3089,3634
3111,3655
3132,3678
3153,3699
3175,3722
3197,3745
3218,3766
3242,3787
3265,3809
3288,3831
3312,3852
3335,3875
3359,3896
3384,3919
3408,3941
3431,3965
3455,3986
3480,4010
3503,4032
3526,4057
3549,4080
3574,4104
3596,4126
3619,4151
3644,4176
3668,4200
3692,4223
3717,4247
3741,4269
3766,4293
3789,4317
3815,4340
3839,4364
3862,4387
3886,4410
3908,4434
3929,4457
3952,4479
3974,4501
3995,4523
4017,4546
4041,4569
4063,4592
4086,4616
4109,4639
4133,4661
4157,4686
4182,4708
4206,4731
4230,4754
4254,4776
4277,4798
4301,4821
4326,4845
4351,4868
4375,4892
4400,4915
4424,4939
4448,4963
4470,4987
4494,5010
4519,5033
4542,5056
4567,5078
4589,5102
4612,5125
4636,5148
4662,5170
4686,5194
4709,5215
4734,5237
4757,5259
4779,5281
4803,5302
4826,5325
4849,5347
4873,5368
4894,5388
4916,5411
4938,5432
4960,5453
4982,5473
5004,5495
5024,5516
5047,5537
5070,5558
5093,5577
5115,5598
5137,5619
5159,5639
5180,5659
5203,5679
5225,5700
5246,5719
5266,5740
5287,5760
5309,5779
5329,5799
5350,5818
5370,5839
5391,5859
5413,5879
5434,5899
5454,5919
5476,5940
5498,5960
5519,5981
5543,6001
5565,6022
5588,6042
5610,6063
5631,6084
5653,6105
5675,6126
5699,6147
5722,6169
5744,6192
5768,6214
5793,6236
5814,6257
5837,6279
5861,6302
5885,6325
5906,6347
5930,6370
5954,6392
5978,6415
6003,6439
6027,6461
6050,6485
6075,6509
6100,6532
6125,6556
6149,6579
6173,6603
6198,6626
6221,6649
6244,6673
6266,6697
6291,6719
6316,6742
6341,6765
6365,6789
6389,6813
6414,6836
6439,6860
6464,6883
6490,6907
6514,6932
6539,6956
6563,6979
6589,7003
6614,7029
6639,7052
6664,7076
6688,7102
6713,7127
6738,7152
6764,7175
6789,7200
6814,7226
6838,7251
6864,7275
6888,7299
6911,7323
6936,7347
6960,7369
6983,7392
7007,7415
7032,7438
7055,7460
7078,7483
7101,7504
7123,7525
7144,7548
7166,7570
7188,7592
7210,7614
7230,7636
7252,7656
7274,7677
7295,7698
7316,7720
7338,7741
7361,7761
7382,7783
7404,7804
7427,7826
7449,7847
7471,7868
7493,7889
7514,7910
7536,7932
7559,7953
7581,7975
7602,7995
7624,8017
7646,8039
7667,8059
7690,8081
7713,8102
7735,8125
7757,8148
7781,8170
7805,8192
7829,8214
7853,8238
7877,8262
7901,8285
7925,8308
7948,8332
7971,8356
7993,8380
8017,8402
8040,8425
8062,8450
8084,8473
8107,8496
8131,8519
8154,8542
8177,8565
8200,8587
8224,8610
8247,8633
8270,8655
8293,8678
8316,8700
8339,8723
8362,8746
8383,8768
8406,8792
8429,8815
8452,8839
8478,8860
8501,8883
8524,8907
8548,8931
8572,8955
8596,8977
8619,9000
8643,9023
8666,9046
8690,9069
8715,9094
8740,9117
8765,9141
8789,9165
8812,9188
8836,9211
8860,9234
8883,9257
8907,9281
8930,9304
8953,9328
8977,9352
9001,9376
9024,9398
9048,9420
9071,9443
9094,9465
9117,9488
9142,9510
9166,9531
9189,9552
9211,9574
9233,9595
9256,9616
9278,9638
9301,9660
9324,9681
9345,9702
9368,9723
9389,9743
9410,9764
9431,9785
9452,9806
9475,9826
9497,9846
9520,9867
9541,9889
9564,9911
9587,9932
9609,9952
9631,9973
9653,9992
9675,10012
9697,10034
9717,10054
9739,10074
9758,10095
9780,10116
9800,10135
9821,10156
9842,10176
9863,10196
9885,10216
9908,10237
9930,10259
9952,10281
9977,10302
10000,10323
10024,10346
10047,10367
10070,10389
10093,10411
10116,10433
10139,10455
10163,10478
10187,10502
10210,10525
10234,10549
10258,10571
10282,10595
10305,10618
10329,10641
10353,10663
10378,10686
10404,10710
10429,10735
10455,10759
10481,10783
10505,10807
10529,10832
10554,10854
10579,10879
10604,10902
10628,10925
10652,10949
10675,10973
10699,10996
10723,11019
10747,11044
10771,11070
10796,11093
10822,11116
10847,11141
10874,11165
10899,11189
10924,11216
10950,11240
10975,11264
11000,11290
11026,11317
11052,11343
11077,11366
11103,11392
11127,11417
11151,11443
11177,11467
11201,11491
11226,11514
11251,11536
11275,11560
11302,11585
11325,11608
11349,11632
11372,11656
11396,11680
11420,11702
11445,11724
11469,11747
11490,11770
11512,11793
11534,11815
11556,11836
11577,11856
11598,11877
11620,11898
11642,11920
11663,11941
11686,11962
11708,11985
11730,12006
11751,12027
11773,12048
11796,12070
11818,12091
11841,12112
11861,12132
11885,12154
11907,12173
11930,12194
11952,12215
11973,12236
11995,12258
12018,12280
12041,12303
12063,12325
12084,12347
12107,12370
12129,12394
12152,12417
12174,12441
12198,12464
12223,12489
12247,12511
12272,12535
12296,12559
12320,12583
12343,12607
12366,12630
12391,12655
12414,12677
12438,12698
12461,12721
12484,12742
12507,12765
12530,12787
12551,12811
12575,12835
12599,12858
12622,12880
12646,12902
12669,12925
12692,12946
12714,12969
12737,12991
12761,13014
12784,13036
12808,13057
12831,13080
12853,13103
12877,13125
12901,13147
12924,13170
12948,13193
12972,13216
12996,13239
13020,13261
13044,13285
13068,13309
13092,13332
13116,13354
13140,13377
13164,13400
13189,13422
13213,13443
13237,13466
13260,13489
13284,13512
13307,13535
13329,13557
13353,13580
13376,13601
13400,13623
13424,13645
13447,13667
13471,13689
13494,13711
13517,13734
13540,13756
13563,13776
13587,13797
13608,13819
13630,13841
13653,13861
13675,13882
13696,13903
13718,13922
13740,13942
13762,13961
13783,13981
13804,14000
13826,14022
13846,14043
13868,14063
13889,14085
13912,14104
13933,14124
13954,14146
13975,14167
13998,14187
14020,14209
14042,14229
14064,14248
14084,14268
14105,14287
14127,14307
14148,14327
14169,14348
14190,14367
14212,14387
14233,14408
14255,14428
14276,14449
14300,14468
14322,14489
14345,14512
14366,14534
14390,14555
14412,14576
14434,14598
14456,14620
14480,14643
14503,14664
14526,14686
14550,14711
14575,14732
14599,14755
14623,14777
14648,14800
14671,14823
14695,14846
14720,14869
14745,14892
14768,14915
14791,14938
14814,14960
14838,14983
14863,15008
14888,15030
14912,15056
14937,15081
14962,15102
14987,15126
15010,15150
15035,15173
15059,15197
15082,15221
15105,15245
15131,15268
15154,15291
15178,15315
15201,15339
15226,15363
15252,15387
15276,15411
15300,15435
15327,15460
15351,15484
15377,15509
15403,15532
15428,15557
15454,15580
15480,15605
15506,15631
15531,15655
15554,15678
15579,15703
15603,15727
15626,15749
15649,15774
15673,15796
15696,15819
15720,15841
15743,15864
15766,15887
15790,15911
15812,15933
15835,15954
15858,15976
15880,15997
15901,16019
15923,16041
15944,16062
15965,16083
15987,16104
16008,16125
16029,16145
16050,16166
16072,16187
16093,16207
16114,16227
16136,16248
16157,16268
16178,16290
16200,16311
16222,16333
16244,16355
16266,16375
16288,11
16311,33
16333,55
16355,77
16376,98
16,120
40,144
62,168
85,191
107,214
131,237
154,261
178,284
202,308
226,333
251,357
276,380
301,403
324,426
349,450
373,472
398,496
422,519
445,542
468,565
491,588
512,611
536,633
558,656
580,679
603,701
626,724
648,747
672,768
696,791
720,814
744,836
769,859
794,883
818,905
842,928
867,951
891,974
915,997
937,1021
961,1045
984,1068
1008,1090
1032,1113
1056,1136
1080,1160
1104,1183
1128,1206
1153,1229
1179,1253
1203,1274
1228,1297
1254,1320
1279,1344
1303,1368
1328,1390
1351,1413
1374,1436
1396,1460
1418,1482
1441,1505
1463,1527
1487,1548
1510,1570
1532,1592
1555,1613
1579,1634
1602,1655
1625,1677
1649,1700
1671,1721
1693,1742
1715,1762
1737,1784
1759,1805
1780,1826
1802,1846
1823,1867
1845,1889
1867,1910
1889,1932
1911,1953
1933,1973
1956,1994
1979,2015
2002,2036
2023,2057
2045,2078
2067,2099
2091,2121
2112,2141
2133,2160
2155,2182
2178,2203
2201,2223
2224,2245
2246,2267
2269,2291
2291,2314
2314,2337
2337,2359
2360,2381
2384,2403
2408,2427
2432,2449
2457,2472
2482,2495
2506,2519
2530,2541
2556,2564
2581,2589
2606,2614
2631,2638
2655,2662
2679,2687
2703,2712
2727,2737
2752,2760
2776,2784
2800,2808
2825,2832
2850,2856
2876,2880
2902,2904
2928,2929
2954,2954
2980,2981
3005,3004
3031,3028
3055,3054
3080,3078
3105,3103
3129,3129
3154,3154
3179,3177
3203,3203
3228,3228
3253,3254
3278,3279
3304,3305
3331,3330
3358,3355
3384,3381
3410,3406
3436,3431
3461,3456
3487,3480
3513,3506
3538,3530
3563,3555
3588,3580
3612,3603
3637,3629
3661,3652
3686,3677
3709,3700
3732,3723
3754,3746
3777,3770
3800,3792
3823,3814
3846,3837
3868,3859
3889,3882
3910,3903
3934,3924
3956,3945
3976,3966
3996,3986
4017,4007
4038,4028
4059,4050
4081,4071
4102,4092
4124,4113
4147,4136
4168,4158
4191,4180
4215,4202
4237,4224
4260,4245
4283,4266
4306,4289
4329,4311
4352,4334
4377,4357
4400,4379
4424,4402
4448,4426
4471,4448
4494,4472
4518,4496
4542,4521
4564,4545
4589,4568
4613,4592
4637,4616
4662,4641
4687,4663
4711,4687
4735,4711
4759,4733
4782,4756
4806,4778
4831,4800
4855,4824
4877,4847
4900,4870
4923,4892
4946,4913
4969,4935
4990,4958
5014,4980
5039,5002
5062,5025
5084,5048
5108,5071
5132,5094
5157,5118
5182,5142
5205,5166
5230,5189
5254,5212
5278,5234
5302,5256
5325,5279
5348,5302
5373,5326
5398,5350
5423,5373
5447,5397
5471,5420
5494,5444
5520,5466
5545,5488
5568,5513
5593,5537
5616,5561
5642,5583
5666,5605
5689,5628
5713,5650
5737,5672
5762,5693
5784,5714
5807,5737
5830,5759
5852,5781
5875,5802
5897,5823
5920,5843
5943,5866
5966,5888
5988,5909
6010,5929
6030,5951
6053,5972
6076,5994
6099,6013
6123,6034
6144,6055
6166,6075
6188,6096
6210,6117
6231,6136
6252,6157
6275,6178
6295,6199
6317,6218
6339,6238
6361,6259
6381,6279
6403,6301
6426,6322
6448,6342
6469,6364
6490,6385
6512,6406
6534,6427
6556,6449
6578,6470
6600,6491
6624,6512
6647,6533
6670,6556
6694,6577
6717,6599
6741,6621
6764,6645
6788,6668
6811,6692
6837,6715
6859,6736
6884,6759
6908,6781
6933,6805
6957,6829
6981,6853
7006,6876
7031,6900
7056,6925
7081,6949
7106,6972
7132,6996
7155,7020
7180,7043
7203,7066
7227,7091
7251,7114
7274,7137
7299,7162
7324,7185
7349,7209
7372,7234
7397,7258
7422,7282
7448,7307
7473,7331
7498,7354
7523,7379
7548,7403
7572,7429
7597,7453
7622,7478
7647,7502
7672,7528
7697,7552
7720,7577
7744,7601
7769,7626
7794,7651
7819,7675
7843,7699
7868,7724
7895,7749
7919,7773
7944,7797
7969,7821
7992,7845
8015,7869
8038,7891
8060,7913
8081,7935
8103,7957
8124,7980
8145,8000
8166,8021
8186,8042
8207,8063
8229,8083
8251,8105
8274,8125
8295,8146
8319,8168
8340,8189
8363,8210
8386,8231
8408,8251
8429,8271
8450,8292
8472,8313
8494,8336
8515,8358
8536,8379
8558,8400
8579,8423
8601,8445
8624,8467
8647,8488
8669,8512
8694,8534
8718,8557
8743,8580
8767,8604
8793,8628
8817,8652
8842,8676
8866,8699
8890,8722
8914,8745
8937,8769
8960,8790
8982,8815
9006,8838
9028,8860
9052,8883
9076,8906
9100,8928
9124,8951
9149,8974
9173,8996
9196,9019
9220,9042
9243,9064
9267,9085
9290,9108
9314,9130
9337,9153
9360,9175
9382,9198
9404,9221
9427,9243
9450,9267
9475,9290
9499,9313
9523,9336
9546,9360
9571,9383
9597,9408
9622,9431
9646,9454
9671,9477
9696,9501
9719,9524
9744,9548
9769,9572
9792,9595
9816,9617
9840,9640
9864,9662
9888,9685
9913,9709
9938,9732
9961,9755
9985,9780
10009,9802
10034,9824
10059,9846
10083,9870
10106,9892
10132,9913
10155,9935
10178,9957
10201,9979
10224,10002
10245,10024
10267,10045
10288,10067
10311,10088
10332,10110
10355,10130
10377,10151
10399,10172
10422,10193
10443,10215
10467,10237
10490,10257
10513,10279
10536,10299
10558,10319
10579,10340
10601,10359
10623,10380
10646,10401
10667,10421
10689,10443
10709,10462
10729,10483
10750,10504
10771,10526
10794,10548
10816,10569
10837,10589
10861,10610
10883,10633
10906,10653
10929,10675
10953,10696
10975,10717
10997,10738
11020,10759
11043,10781
11066,10803
11089,10825
11112,10847
11135,10869
11158,10893
11181,10916
11206,10940
11230,10963
11254,10988
11277,11013
11302,11036
11328,11059
11352,11082
11377,11106
11403,11131
11428,11155
11451,11180
11476,11203
11501,11226
11525,11252
11548,11276
11571,11299
11596,11324
11619,11348
11642,11373
11667,11395
11691,11419
11715,11443
11740,11467
11764,11492
11789,11516
11815,11540
11841,11565
11865,11590
11891,11616
11917,11640
11942,11663
11967,11688
11991,11712
12016,11736
12039,11762
12061,11785
12086,11809
12110,11834
12134,11859
12157,11884
12181,11908
12206,11934
12231,11957
12256,11981
12280,12006
12304,12030
12329,12054
12353,12077
12376,12101
12399,12121
12420,12142
12444,12164
12465,12185
12486,12207
12507,12231
12529,12251
12551,12272
12572,12294
12595,12314
12616,12335
12637,12357
12658,12378
12680,12400
12703,12421
12726,12442
12748,12462
12769,12484
12790,12505
12812,12526
12834,12548
12856,12569
12878,12590
12900,12614
12922,12635
12946,12657
12966,12679
12989,12702
13012,12724
13036,12748
13059,12769
13083,12791
13107,12814
13130,12835
13153,12858
13177,12882
13199,12905
13223,12929
13247,12951
13272,12975
13295,13000
13319,13022
13342,13045
13366,13067
13391,13090
13414,13113
13436,13136
13459,13158
13483,13180
13505,13201
13529,13223
13552,13246
13575,13268
13600,13291
13621,13313
13645,13336
13669,13358
13693,13381
13716,13400
13738,13422
13760,13443
13783,13466
13808,13489
13832,13511
13854,13533
13877,13555
13899,13577
13922,13599
13945,13621
13968,13646
13993,13668
14018,13691
14043,13714
14067,13736
14091,13759
14114,13781
14138,13806
14161,13828
14185,13852
14209,13875
14233,13898
14257,13920
14279,13942
14303,13962
14326,13984
14350,14006
14373,14028
14396,14051
14420,14072
14444,14095
14466,14116
14490,14138
14513,14159
14536,14180
14557,14200
14580,14222
14602,14243
14625,14265
14648,14286
14670,14306
14692,14327
14714,14348
14735,14368
14756,14387
14777,14408
14798,14428
14821,14450
14843,14469
14864,14489
14886,14510
14908,14531
14929,14553
14950,14573
14973,14594
14994,14614
15017,14634
15038,14654
15060,14675
15081,14695
15103,14716
15124,14737
15146,14758
15167,14780
15189,14800
15211,14821
15233,14842
15255,14863
15277,14884
15298,14905
15321,14926
15344,14948
15367,14970
15391,14990
15414,15013
15437,15036
15461,15059
15485,15082
15509,15106
15533,15129
15557,15152
15580,15174
15604,15198
15628,15222
15652,15245
15676,15269
15699,15292
15723,15315
15747,15338
15769,15361
15794,15384
15820,15409
15844,15432
15870,15456
15895,15480
15920,15504
15943,15528
15967,15552
15990,15574
16014,15599
16038,15622
16061,15648
16086,15671
16109,15695
16133,15719
16157,15744
16180,15767
16203,15789
16228,15812
16252,15836
16277,15861
16301,15886
16326,15910
16351,15934
16376,15959
17,15985
42,16008
66,16031
90,16056
114,16080
137,16104
161,16129
185,16153
208,16175
231,16198
254,16221
279,16243
301,16267
324,16288
348,16311
371,16332
393,16353
416,16373
438,10
460,32
481,54
502,74
523,93
544,112
566,132
586,154
607,174
628,195
650,218
671,238
693,260
717,282
739,303
762,326
785,347
807,369
831,391
854,412
876,435
898,457
921,478
943,500
967,522
989,544
1012,566
1035,589
1059,611
1083,633
1105,657
1128,681
1152,703
1175,727
1199,751
1222,772
1246,796
1271,819
1295,841
1320,864
1343,886
1365,910
1389,932
1412,954
1434,977
1455,997
1478,1018
1502,1041
1526,1065
1549,1087
1573,1109
1594,1131
1617,1153
1640,1176
1664,1197
1688,1218
1711,1240
1735,1263
1759,1285
1782,1307
1806,1330
1829,1353
1851,1376
1874,1398
1896,1421
1919,1443
1945,1465
1969,1487
1992,1510
2017,1532
2042,1555
2066,1578
2091,1601
2115,1624
2140,1647
2165,1670
2190,1693
2214,1715
2237,1738
2261,1761
2285,1783
2307,1805
2330,1829
2352,1852
2375,1874
2397,1896
2420,1917
2443,1939
2465,1960
2489,1982
2512,2004
2536,2026
2559,2049
2582,2072
2604,2092
2627,2114
2651,2135
2675,2156
2697,2177
2718,2200
2740,2220
2761,2241
2782,2262
2805,2282
2825,2302
2847,2322
2868,2343
2889,2364
2911,2384
2934,2405
2956,2425
2979,2447
3001,2467
3024,2490
3047,2513
3070,2534
3091,2554
3113,2575
3135,2596
3156,2618
3178,2641
3199,2662
3221,2683
3244,2705
3266,2728
3289,2750
3312,2774
3336,2796
3359,2818
3384,2842
3409,2866
3433,2889
3457,2912
3482,2934
3507,2958
3530,2982
3553,3006
3578,3030
3601,3055
3626,3079
3648,3104
3673,3129
3699,3152
3723,3175
3749,3200
3774,3225
3799,3251
3825,3274
3849,3298
3872,3322
3896,3347
3919,3371
3944,3396
3967,3420
3992,3444
4016,3469
4040,3492
4065,3518
4088,3543
4112,3567
4136,3591
4159,3615
4184,3640
4210,3663
4234,3688
4258,3713
4284,3738
4309,3763
4334,3788
4358,3813
4384,3839
4409,3865
4434,3889
4459,3912
4484,3935
4509,3958
4533,3983
4557,4007
4581,4032
4606,4056
4629,4078
4653,4100
4675,4122
4698,4145
4720,4167
4744,4190
4767,4211
4789,4232
4811,4253
4832,4275
4854,4296
4876,4317
4898,4339
4918,4361
4940,4383
4963,4404
4984,4423
5005,4444
5027,4464
5049,4484
5070,4507
5093,4528
5116,4549
5139,4572
5160,4593
5182,4615
5204,4637
5228,4658
5251,4681
5274,4702
5297,4725
5321,4749
5342,4771
5365,4793
5388,4815
5411,4839
5435,4862
5460,4886
5485,4908
5508,4931
5531,4954
5556,4977
5580,5000
5604,5022
5627,5044
5650,5068
5674,5089
5698,5112
5721,5134
5745,5158
5769,5180
5791,5204
5815,5226
5839,5248
5863,5270
5887,5292
5909,5315
5932,5336
5954,5358
5976,5378
6000,5400
6022,5422
6046,5443
6069,5465
6094,5486
6116,5508
6139,5531
6162,5554
6185,5576
6209,5599
6232,5623
6257,5646
6281,5669
6304,5692
6328,5714
6351,5737
6375,5760
6399,5780
6423,5804
6448,5826
6470,5849
6495,5873
6519,5894
6543,5916
6566,5939
6591,5962
6615,5984
6638,6005
6662,6028
6686,6050
6709,6072
6732,6094
6755,6116
6778,6138
6801,6160
6824,6182
6847,6202
6869,6225
6891,6246
6916,6266
6938,6287
6959,6308
6981,6329
7004,6350
7026,6370
7050,6392
7072,6413
7095,6434
7118,6457
7140,6478
7161,6498
7182,6519
7202,6539
7222,6559
7245,6579
7267,6599
7289,6620
7310,6640
7333,6662
7355,6683
7377,6705
7400,6727
7423,6749
7445,6770
7468,6791
7490,6812
7512,6833
7532,6853
7555,6874
7578,6896
7600,6917
7623,6938
7644,6961
7667,6983
7690,7005
7714,7029
7737,7050
7759,7073
7782,7096
7806,7118
7830,7142
7854,7165
7878,7187
7902,7210
7927,7233
7951,7257
7975,7281
7997,7305
8021,7328
8044,7352
8066,7377
8091,7400
8114,7424
8137,7448
8160,7471
8184,7493
8208,7517
8232,7540
8257,7564
8280,7588
8304,7613
8328,7636
8354,7659
8378,7683
8403,7708
8427,7732
8451,7756
8475,7781
8499,7805
8523,7830
8546,7854
8570,7876
8595,7901
8619,7926
8642,7950
8668,7974
8693,7998
8718,8021
8743,8046
8769,8070
8794,8094
8818,8118
8844,8141
8869,8163
8894,8188
8919,8211
8942,8234
8964,8257
8986,8279
9010,8300
9032,8323
9053,8346
9074,8367
9097,8388
9118,8408
9140,8429
9161,8450
9184,8471
9207,8492
9230,8513
9252,8534
9273,8556
9295,8577
9317,8598
9339,8617
9360,8637
9382,8660
9404,8681
9425,8703
9448,8725
9470,8747
9492,8768
9514,8789
9536,8811
9560,8834
9584,8854
9608,8877
9632,8900
9656,8922
9680,8943
9703,8968
9726,8990
9751,9013
9774,9038
9798,9060
9820,9085
9843,9106
9867,9129
9891,9152
9915,9176
9939,9200
9962,9224
9986,9247
10012,9268
10036,9292
10061,9315
10085,9337
10110,9360
10135,9384
10160,9405
10183,9428
10206,9451
10230,9475
10253,9498
10276,9519
10298,9541
10320,9562
10343,9584
10366,9606
10388,9628
10412,9651
10435,9674
10460,9696
10483,9719
10509,9742
10533,9766
10559,9789
10583,9813
10607,9837
10631,9862
10657,9885
10681,9906
10705,9929
10730,9953
10753,9976
10777,10000
10801,10024
10824,10048
10848,10070
10873,10093
10896,10116
10921,10140
10946,10162
10971,10185
10997,10209
11022,10231
11047,10253
11071,10275
11096,10298
11119,10320
11141,10342
11165,10366
11187,10388
11209,10411
11231,10434
11254,10455
11277,10478
11300,10501
11323,10522
11346,10544
11370,10566
11393,10587
11417,10607
11440,10627
11463,10649
11486,10671
11508,10692
11531,10714
11553,10735
11574,10756
11597,10777
11617,10797
11639,10819
11660,10843
11683,10864
11705,10885
11728,10908
11749,10929
11771,10952
11795,10973
11818,10994
11841,11015
11864,11037
11886,11058
11909,11081
11932,11103
11953,11126
11975,11148
11997,11171
12020,11193
12042,11216
12064,11238
12087,11261
12110,11286
12133,11310
12156,11334
12180,11357
12205,11381
12229,11404
12253,11428
12278,11452
12302,11476
12326,11501
12351,11525
12374,11549
12398,11575
12423,11598
12448,11623
12472,11649
12497,11673
12521,11698
12546,11723
12569,11748
12595,11773
12620,11798
12645,11821
12670,11845
12695,11869
12720,11895
12745,11918
12770,11941
12795,11966
12818,11990
12843,12015
12868,12041
12893,12066
12918,12089
12943,12113
12969,12137
12994,12160
13019,12185
13044,12210
13071,12236
13097,12261
13121,12286
13147,12310
13171,12333
13197,12357
13223,12381
13247,12407
13271,12430
13296,12455
13319,12478
13343,12501
13366,12525
13390,12547
13413,12571
13436,12593
13459,12616
13481,12638
13503,12660
13526,12682
13547,12704
13568,12724
13591,12746
13614,12769
13638,12789
13659,12811
13681,12832
13703,12854
13726,12875
13748,12896
13770,12918
13793,12939
13816,12962
13838,12984
13860,13005
13884,13028
13906,13050
13930,13072
13953,13095
13978,13118
14001,13142
14024,13163
14048,13186
14071,13208
14095,13233
14119,13255
14142,13277
14166,13300
14191,13324
14215,13346
14239,13369
14264,13391
14288,13415
14310,13440
14334,13463
14359,13485
14382,13506
14406,13529
14431,13554
14455,13576
14479,13598
14503,13621
14527,13643
14549,13665
14573,13686
14596,13709
14619,13732
14643,13755
14667,13777
14691,13798
14714,13820
14736,13842
14759,13863
14781,13883
14806,13904
14828,13926
14851,13949
14875,13971
14900,13995
14923,14016
14948,14038
14973,14062
14998,14085
15024,14111
15049,14133
15073,14158
15098,14180
15122,14203
15146,14225
15170,14248
15192,14271
15216,14295
15241,14318
15266,14341
15289,14362
15312,14385
15335,14408
15359,14431
15384,14454
15407,14476
15429,14498
15454,14519
15478,14542
15503,14564
15526,14585
15548,14606
15572,14629
15593,14650
15617,14672
15639,14693
15662,14715
15684,14737
15705,14758
15725,14778
15745,14798
15767,14818
15790,14839
15811,14858
15833,14880
15855,14900
15877,14922
15900,14942
15922,14963
15945,14985
15967,15006
15989,15029
16011,15049
16033,15071
16056,15092
16077,15114
16098,15135
16120,15158
16141,15179
16162,15199
16183,15221
16204,15242
16227,15264
16249,15286
16272,15307
16294,15329
16316,15352
16340,15373
16363,15394
3,15417
26,15441
48,15463
71,15485
94,15507
116,15531
140,15555
163,15578
187,15602
211,15625
235,15650
259,15674
284,15698
308,15722
332,15746
358,15769
382,15793
406,15817
431,15841
456,15865
481,15888
506,15913
530,15937
553,15960
578,15984
601,16009
624,16034
647,16057
671,16081
695,16105
720,16129
745,16152
770,16175
794,16198
820,16222
846,16246
871,16269
897,16293
921,16318
945,16341
970,16365
995,5
1019,30
1042,54
1067,78
1092,102
1116,126
1140,151
1165,174
1190,196
1215,220
1240,243
1264,266
1289,290
1314,313
1338,336
1361,359
1384,381
1407,402
1429,423
1451,445
1472,466
1493,488
1515,510
1537,531
1559,553
1582,573
1603,594
1625,615
1648,636
1669,658
1692,680
1716,702
1739,725
1763,746
1786,767
1808,789
1830,810
1853,831
1876,854
1898,877
1921,901
1944,922
1967,946
1991,968
2014,990
2038,1014
2062,1037
2087,1060
2111,1083
2137,1107
2162,1131
2186,1153
2211,1176
2235,1200
2259,1224
2283,1246
2307,1269
2331,1292
2355,1315
2379,1339
2404,1362
2428,1384
2450,1408
2474,1430
2498,1454
2522,1475
2546,1497
2570,1519
2594,1540
2618,1562
2642,1585
2665,1607
2689,1629
2713,1651
2736,1674
2760,1697
2783,1719
2806,1742
2830,1766
2853,1789
2877,1811
2901,1835
2924,1858
2949,1882
2975,1904
3000,1928
3025,1951
3049,1976
3074,1998
3098,2022
3124,2046
3147,2068
3171,2092
3195,2115
3217,2137
3241,2160
3265,2184
3289,2207
3313,2230
3335,2253
3359,2276
3384,2300
3409,2321
3435,2343
3458,2365
3482,2388
3506,2409
3530,2432
3555,2454
3577,2477
3600,2499
3622,2521
3643,2544
3665,2565
3687,2586
3710,2606
3731,2627
3752,2650
3774,2671
3796,2693
3818,2714
3840,2735
3861,2756
3883,2779
3905,2800
3927,2822
3947,2843
3970,2866
3992,2888
4014,2908
4036,2931
4058,2953
4079,2976
4100,2998
4121,3020
4141,3041
4164,3064
4186,3086
4209,3108
4231,3131
4254,3153
4275,3176
4301,3199
4325,3222
4348,3244
4372,3267
4396,3290
4419,3313
4443,3337
4466,3360
4490,3384
4513,3409
4537,3432
4562,3456
4584,3481
4609,3504
4633,3528
4658,3553
4681,3578
4706,3603
4731,3628
4756,3651
4781,3676
4806,3701
4830,3725
4856,3748
4881,3773
4904,3799
4929,3824
4954,3849
4977,3872
5002,3896
5026,3920
5050,3944
5074,3967
5098,3993
5123,4016
5149,4039
5175,4064
5200,4087
5226,4111
5252,4136
5276,4161
5300,4187
5325,4209
5350,4234
5374,4257
5398,4281
5422,4306
5446,4330
5471,4355
5495,4379
5518,4403
5543,4427
5568,4451
5593,4475
5617,4499
5641,4522
5664,4545
5687,4566
5710,4589
5733,4612
5756,4633
5778,4655
5798,4677
5820,4696
5841,4718
5863,4739
5886,4760
5907,4781
5929,4802
5952,4823
5973,4844
5995,4866
6016,4886
6039,4907
6060,4928
6082,4949
6106,4971
6129,4991
6153,5013
6176,5036
6199,5058
6222,5080
6246,5103
6269,5125
6289,5147
6312,5168
6333,5189
6357,5211
6380,5232
6402,5255
6427,5278
6451,5302
6474,5325
6496,5348
6519,5371
6544,5394
6569,5417
6594,5440
6618,5462
6642,5485
6666,5506
6690,5529
6713,5552
6736,5574
6760,5597
6784,5620
6807,5642
6829,5664
6852,5686
6874,5706
6897,5727
6920,5748
6942,5769
6966,5792
6990,5815
7014,5837
7037,5857
7060,5879
7084,5900
7107,5924
7130,5948
7153,5968
7178,5991
7201,6013
7225,6035
7249,6057
7274,6079
7298,6101
7322,6125
7345,6147
7368,6170
7392,6194
7416,6217
7441,6239
7465,6263
7489,6286
7514,6309
7538,6332
7562,6356
7586,6377
7609,6401
7633,6424
7657,6446
7680,6469
7702,6491
7725,6514
7747,6535
7770,6556
7793,6578
7816,6598
7839,6620
7863,6642
7885,6665
7908,6686
7931,6708
7952,6729
7975,6751
7997,6772
8018,6792
8039,6814
8061,6835
8082,6855
8103,6875
8124,6896
8146,6917
8167,6937
8186,6958
8207,6978
8229,6998
8251,7019
8273,7040
8294,7060
8316,7083
8337,7104
8360,7125
8383,7146
8405,7167
8426,7188
8448,7210
8471,7231
8493,7253
8516,7275
8537,7296
8558,7319
8579,7340
8601,7363
8624,7384
8646,7407
8670,7430
8694,7452
8717,7476
8741,7499
8764,7521
8789,7544
8813,7568
8836,7591
8860,7613
8885,7636
8909,7660
8933,7683
8957,7706
8982,7730
9006,7755
9031,7778
9055,7803
9079,7826
9104,7851
9129,7874
9153,7899
9178,7924
9204,7949
9229,7972
9255,7995
9279,8018
9305,8041
9329,8064
9353,8088
9376,8112
9402,8137
9426,8162
9450,8186
9473,8209
9497,8233
9522,8258
9547,8282
9572,8306
9598,8329
9623,8354
9648,8378
9675,8404
9701,8428
9725,8452
9752,8477
9777,8500
9804,8525
9828,8548
9853,8574
9878,8598
9902,8622
9926,8647
9950,8669
9972,8693
9994,8716
10019,8738
10042,8762
10066,8784
10090,8805
10112,8826
10135,8849
10157,8870
10179,8890
10201,8910
10222,8930
10245,8951
10267,8972
10289,8993
10311,9015
10333,9038
10354,9059
10376,9080
10399,9101
10423,9122
10445,9145
10469,9167
10492,9187
10516,9210
10541,9232
10565,9255
10590,9279
10613,9301
10636,9325
10659,9347
10682,9370
10704,9394
10728,9417
10751,9438
10775,9461
10801,9484
10825,9506
10848,9530
10873,9553
10897,9577
10921,9600
10946,9623
10972,9645
10997,9669
11022,9691
11046,9714
11070,9736
11094,9760
11118,9783
11141,9805
11163,9829
11187,9851
11210,9872
11233,9894
11256,9916
11279,9939
11303,9961
11326,9985
11349,10006
11372,10030
11397,10053
11421,10074
11445,10097
11469,10121
11494,10144
11519,10167
11543,10190
11567,10213
11590,10237
11614,10260
11638,10282
11662,10306
11686,10329
11711,10352
11735,10375
11758,10399
11783,10422
11807,10446
11830,10469
11854,10493
11880,10517
11905,10539
11929,10562
11954,10585
11978,10609
12002,10632
12025,10656
12048,10681
12070,10704
12091,10725
12115,10748
12138,10770
12161,10793
12182,10814
12206,10837
12229,10859
12253,10882
12276,10903
12299,10925
12321,10948
12343,10970
12366,10991
12388,11013
12411,11035
12432,11056
12453,11078
12475,11101
12495,11122
12516,11144
12538,11167
12560,11188
12581,11210
12604,11231
12628,11253
12650,11275
12672,11298
12694,11319
12717,11340
12738,11362
12762,11384
12784,11405
12808,11427
12830,11450
12853,11471
12873,11494
12895,11516
12919,11539
12941,11562
12964,11584
12987,11607
13010,11631
13032,11654
13054,11679
13078,11702
13103,11725
13127,11750
13152,11773
13178,11797
13202,11821
13226,11846
13251,11871
13275,11893
13298,11918
13324,11941
13348,11967
13370,11991
13393,12015
13417,12038
13441,12063
13464,12087
13488,12111
13512,12132
13538,12157
13563,12180
13587,12205
13614,12228
13638,12251
13662,12277
13688,12300
13713,12324
13736,12349
13761,12374
13787,12398
13809,12423
13834,12447
13859,12471
13883,12496
13908,12519
13933,12545
13956,12568
13981,12592
14005,12617
14031,12642
14056,12666
14081,12689
14105,12713
14130,12737
14156,12762
14181,12786
14205,12810
14229,12834
14253,12858
14277,12881
14303,12906
14326,12929
14348,12951
14372,12973
14394,12995
14416,13016
14439,13038
14462,13060
14482,13081
14505,13102
14526,13123
14548,13143
14567,13164
14589,13185
14612,13206
14636,13226
14657,13248
14680,13271
14702,13292
14724,13313
14746,13334
14768,13357
14790,13378
14812,13398
14835,13419
14859,13441
14881,13464
14904,13487
14928,13508
14952,13530
14976,13553
14999,13574
15024,13595
15049,13618
15073,13640
15097,13665
15121,13688
15145,13709
15170,13735
15193,13756
15218,13781
15241,13804
15264,13826
15287,13849
15311,13873
15334,13897
15359,13918
15382,13939
15408,13961
15432,13984
15455,14005
15480,14027
15504,14050
15528,14071
15552,14091
15576,14114
15598,14135
15621,14157
15644,14180
15667,14204
15690,14227
15712,14249
15734,14271
15758,14294
15781,14316
15806,14339
15830,14361
15855,14383
15878,14405
15902,14427
15927,14450
15951,14473
15976,14496
15999,14518
16024,14542
16048,14565
16072,14588
16097,14611
16120,14634
16143,14656
16166,14680
16190,14703
16213,14727
16238,14748
16261,14771
16284,14791
16307,14815
16330,14837
16354,14860
16379,14885
19,14907
43,14928
66,14951
89,14973
113,14997
136,15019
157,15043
180,15065
201,15088
223,15110
246,15131
268,15154
290,15173
313,15195
336,15216
359,15237
381,15258
403,15279
426,15301
449,15322
473,15343
497,15365
518,15387
541,15410
561,15432
583,15453
605,15475
625,15497
647,15518
670,15539
693,15562
714,15584
738,15606
761,15627
786,15649
808,15672
833,15694
857,15717
881,15738
904,15761
926,15784
949,15807
972,15830
996,15853
1018,15875
1041,15899
1065,15922
1088,15945
1113,15968
1137,15993
1162,16017
1186,16041
1212,16064
1236,16088
1261,16113
1286,16138
1311,16164
1336,16186
1361,16208
1385,16232
1409,16255
1433,16279
1457,16302
1481,16326
1505,16350
1529,16373
1553,12
1578,36
1603,60
1628,84
1652,108
1678,132
1704,156
1730,180
1755,203
1779,228
1805,252
1829,275
1854,300
1877,323
1902,346
1925,369
1949,393
1974,417
1999,440
2023,466
2048,490
2073,514
2098,538
2124,561
2150,584
2177,609
2203,633
2227,657
2251,681
2275,704
2299,728
2323,751
2345,773
2367,795
2388,815
2409,837
2431,858
2454,880
2476,901
2497,921
2520,942
2542,963
2564,984
2588,1005
2611,1026
2633,1048
2658,1070
2681,1091
2704,1112
2727,1134
2750,1156
2771,1178
2793,1200
2815,1222
2836,1245
2859,1266
2883,1287
2906,1310
2930,1331
2955,1354
2979,1378
3006,1401
3029,1423
3054,1446
3077,1470
3102,1493
3126,1516
3150,1539
3174,1562
3197,1585
3220,1608
3243,1632
3267,1655
3291,1678
3316,1701
3339,1723
3361,1746
3384,1768
3409,1792
3433,1814
3458,1836
3481,1857
3506,1880
3530,1903
3556,1926
3578,1948
3600,1970
3623,1991
3646,2014
3669,2037
3692,2060
3714,2082
3737,2104
3761,2127
3785,2150
3807,2172
3832,2195
3857,2218
3881,2241
3904,2264
3928,2287
3951,2311
3973,2335
3997,2358
4021,2382
4044,2404
4067,2428
4090,2452
4115,2475
4137,2498
4160,2522
4184,2545
4208,2568
4230,2592
4254,2615
4277,2640
4303,2662
4328,2685
4352,2708
4375,2729
4398,2752
4422,2776
4445,2798
4469,2823
4491,2844
4514,2867
4535,2891
4557,2914
4580,2937
4602,2958
4625,2980
4647,3002
4669,3024
4692,3046
4716,3068
4738,3089
4760,3112
4782,3133
4804,3155
4826,3177
4848,3198
4869,3220
4893,3241
4914,3264
4935,3287
4957,3309
4980,3333
5002,3354
5023,3377
5046,3400
5069,3421
5092,3443
5114,3466
5137,3490
5159,3512
5183,3534
5205,3557
5229,3579
5252,3603
5276,3627
5300,3649
5324,3673
5348,3697
5372,3721
5395,3744
5418,3767
5442,3791
5468,3815
5491,3839
5516,3863
5540,3888
5565,3911
5589,3933
5612,3958
5637,3980
5661,4004
5685,4028
5709,4052
5732,4077
5757,4100
5782,4125
5805,4148
5831,4172
5855,4196
5879,4219
5903,4244
5927,4268
5952,4292
5976,4317
6002,4340
6027,4364
6051,4389
6075,4414
6100,4437
6125,4460
6148,4483
6172,4508
6197,4531
6222,4558
6246,4581
6272,4606
6298,4631
6324,4654
6348,4679
6372,4704
6398,4728
6423,4752
6448,4778
6474,4802
6498,4827
6522,4852
6546,4876
6570,4900
6594,4923
6619,4944
6642,4966
6667,4988
6689,5010
6711,5029
6732,5051
6753,5071
6776,5092
6797,5114
6818,5134
6842,5155
6864,5175
6887,5197
6909,5219
6931,5241
6954,5263
6976,5284
6998,5305
7020,5325
7043,5347
7066,5369
7090,5390
7112,5413
7135,5434
7160,5455
7183,5476
7206,5500
7228,5522
7252,5544
7275,5567
7297,5589
7321,5611
7345,5634
7371,5655
7395,5678
7420,5701
7443,5725
7468,5748
7492,5772
7515,5794
7540,5817
7564,5840
7588,5862
7612,5884
7636,5906
7660,5928
7683,5952
7706,5975
7729,5997
7752,6018
7776,6039
7800,6060
7823,6082
7846,6104
7867,6126
7890,6148
7913,6170
7936,6191
7960,6214
7984,6237
8006,6259
8029,6281
8051,6302
8074,6325
8096,6347
8119,6371
8141,6393
8164,6417
8187,6440
8211,6463
8235,6485
8258,6508
8282,6530
8305,6553
8329,6577
8355,6599
8380,6621
8404,6644
8427,6667
8451,6691
8475,6714
8499,6736
8523,6761
8545,6783
8570,6806
8593,6828
8615,6851
8637,6874
8661,6896
8684,6919
8708,6942
8732,6965
8756,6987
8779,7009
8803,7031
8826,7055
8849,7076
8873,7097
8896,7119
8920,7140
8941,7162
8963,7183
8985,7203
9007,7224
9028,7247
9049,7269
9071,7290
9092,7311
9116,7332
9138,7353
9159,7376
9181,7397
9203,7418
9225,7438
9248,7460
9271,7482
9295,7505
9318,7527
9341,7549
9364,7571
9387,7594
9410,7617
9432,7638
9454,7661
9475,7683
9498,7707
9521,7729
9545,7752
9568,7774
9591,7796
9614,7817
9639,7839
9663,7863
9687,7886
9713,7909
9737,7933
9762,7956
9786,7979
9810,8002
9834,8025
9858,8049
9882,8071
9906,8095
9929,8119
9953,8143
9977,8167
10003,8190
10028,8215
10053,8238
10078,8262
10104,8286
10129,8309
10155,8334
10180,8358
10205,8381
10229,8405
10253,8428
10276,8452
10300,8477
10323,8499
10345,8523
10369,8546
10392,8570
10416,8595
10440,8619
10465,8643
10489,8667
10514,8690
10540,8714
10566,8739
10593,8762
10618,8787
10643,8811
10668,8834
10694,8858
10718,8882
10742,8907
10767,8930
10790,8954
10815,8979
10839,9002
10863,9026
10887,9049
10911,9073
10936,9096
10959,9118
10983,9141
11006,9162
11030,9185
11053,9206
11075,9228
11099,9248
11122,9269
11143,9289
11166,9311
11188,9333
11208,9354
11230,9375
11251,9395
11274,9416
11295,9438
11317,9458
11339,9479
11363,9502
11386,9523
11409,9545
11433,9568
11457,9589
11480,9610
11503,9632
11527,9654
11549,9677
11572,9699
11595,9722
11619,9744
11641,9767
11666,9789
11690,9813
11713,9836
11737,9859
11760,9882
11784,9905
11809,9926
11833,9949
11858,9971
11882,9995
11907,10018
11930,10041
11954,10064
11977,10088
12001,10110
12024,10133
12046,10156
12070,10178
12092,10200
12115,10223
12136,10246
12159,10269
12181,10291
12204,10313
12227,10336
12249,10357
12272,10380
12295,10403
12318,10424
12341,10446
12366,10470
12390,10491
12413,10513
12437,10537
12460,10559
12484,10583
12508,10606
12532,10631
12555,10654
12579,10677
12603,10702
12627,10724
12650,10749
12673,10772
12697,10795
12720,10817
12745,10840
12770,10865
12795,10888
12819,10911
12843,10933
12868,10957
12891,10980
12914,11005
12938,11028
12960,11051
12984,11072
13007,11095
13031,11118
13054,11142
13076,11164
13100,11187
13123,11210
13146,11234
13170,11257
13194,11278
13216,11300
13240,11321
13261,11344
13284,11366
13307,11388
13330,11411
13351,11433
13373,11455
13397,11477
13419,11499
13440,11520
13462,11544
13484,11565
13504,11587
13526,11609
13550,11630
13573,11651
13594,11673
13616,11695
13637,11716
13659,11739
13683,11762
13705,11785
13727,11808
13751,11830
13772,11853
13794,11876
13817,11898
13840,11922
13864,11945
13887,11967
13910,11989
13932,12012
13955,12034
13977,12059
14000,12081
14025,12103
14049,12126
14074,12149
14098,12170
14122,12193
14147,12217
14171,12241
14195,12265
14219,12289
14245,12313
14269,12338
14293,12361
14317,12385
14340,12409
14364,12432
14388,12454
14413,12478
14438,12502
14461,12526
14486,12551
14509,12574
14534,12599
14559,12622
14583,12645
14607,12669
14632,12693
14656,12717
14680,12740
14704,12764
14728,12788
14751,12813
14775,12837
14799,12860
14822,12883
14846,12907
14872,12930
14896,12953
14920,12976
14947,13001
14970,13025
14995,13049
15020,13073
15045,13097
15071,13122
15097,13145
15121,13168
15145,13191
15170,13216
15193,13239
15216,13261
15240,13283
15264,13305
15286,13328
15308,13349
15331,13372
15353,13394
15374,13415
15398,13437
15420,13458
15442,13478
15466,13498
15488,13519
15509,13540
15531,13560
15553,13580
15575,13601
15598,13623
15619,13643
15643,13665
15664,13685
15686,13706
15707,13728
15731,13749
15753,13772
15775,13793
15798,13813
15821,13835
15844,13856
15867,13879
15890,13901
15913,13923
15938,13946
15962,13967
15985,13989
16008,14012
16031,14035
16054,14056
16078,14078
16101,14099
16124,14123
16147,14144
16170,14167
16193,14189
16215,14212
16238,14233
16261,14256
16285,14278
16309,14300
16332,14322
16357,14346
16382,14369
20,14390
44,14412
68,14434
91,14457
114,14480
138,14501
160,14522
181,14543
203,14564
226,14587
249,14608
273,14631
296,14653
321,14675
344,14699
366,14721
390,14744
415,14766
439,14789
463,14811
487,14833
511,14855
535,14879
559,14902
583,14925
607,14948
631,14970
655,14994
678,15016
702,15039
725,15062
749,15084
773,15108
798,15131
822,15155
847,15178
872,15201
896,15224
920,15246
943,15269
967,15291
990,15314
1013,15337
1035,15360
1058,15382
1082,15403
1104,15428
1127,15451
1150,15472
1173,15494
1196,15516
1220,15539
1245,15561
1267,15583
1290,15605
1312,15627
1335,15648
1357,15670
1381,15692
1403,15714
1426,15735
1447,15756
1470,15778
1491,15800
1513,15821
1535,15843
1557,15865
1579,15887
1601,15909
1624,15931
1648,15954
1670,15976
1695,15997
1718,16019
1742,16043
1766,16065
1790,16088
1813,16112
1837,16134
1860,16156
1882,16178
1905,16200
1928,16223
1950,16245
1975,16267
1999,16290
2023,16314
2048,16337
2072,16360
2097,0
2122,23
2148,47
2173,71
2200,95
2225,120
2250,143
2275,167
2300,192
2325,216
2349,240
2373,266
2397,289
2422,313
2448,336
2471,361
2496,386
2521,410
2546,434
2572,459
2598,481
2623,505
2647,528
2671,551
2695,573
2719,596
2742,620
2766,645
2788,668
2814,691
2838,715
2864,739
2887,763
2911,786
2935,810
2961,834
2987,858
3011,881
3037,903
3062,927
3089,952
3113,974
3138,998
3162,1021
3186,1045
3210,1068
3233,1092
3257,1114
3280,1138
3302,1160
3324,1182
3347,1204
3369,1226
3393,1247
3416,1268
3439,1289
3462,1310
3485,1331
3507,1352
3529,1373
3551,1394
3575,1415
3597,1437
3619,1457
3642,1479
3663,1501
3686,1524
3709,1545
3731,1566
3754,1588
3776,1609
3799,1631
3823,1655
3846,1678
3870,1701
3894,1724
3919,1747
3942,1770
3964,1793
3988,1815
4010,1838
4034,1861
4057,1883
4081,1907
4103,1930
4126,1952
4149,1976
4173,1999
4197,2024
4220,2047
4244,2070
4270,2093
4294,2117
4319,2139
4343,2161
4366,2185
4390,2208
4413,2230
4437,2253
4460,2276
4484,2299
4507,2321
4530,2345
4553,2367
4575,2389
4599,2412
4621,2435
4645,2458
4669,2480
4692,2503
4716,2527
4741,2550
4766,2574
4791,2598
4814,2621
4838,2645
4862,2668
4884,2693
4909,2715
4934,2741
4958,2764
4981,2787
5004,2810
5028,2833
5052,2856
5077,2881
5100,2905
5125,2929
5148,2954
5173,2976
5197,2998
5220,3023
5244,3045
5268,3069
5290,3093
5314,3117
5338,3140
5363,3163
5386,3186
5410,3210
5433,3233
5456,3256
5478,3278
5500,3301
5522,3323
5545,3346
5568,3368
5592,3391
5613,3414
5635,3436
5658,3459
5681,3482
5704,3504
5726,3525
5748,3548
5771,3571
5792,3592
5815,3614
5836,3637
5858,3658
5879,3681
5902,3703
5923,3725
5946,3747
5968,3769
5991,3794
6013,3816
6036,3839
6059,3861
6082,3883
6105,3904
6128,3926
6152,3949
6174,3971
6197,3994
6220,4016
6244,4038
6268,4061
6291,4085
6315,4108
6338,4131
6363,4154
6386,4177
6410,4201
6433,4224
6458,4248
6481,4272
6506,4296
6530,4320
6555,4345
6579,4369
6603,4394
6628,4420
6653,4445
6678,4469
6703,4492
6727,4516
6751,4540
6776,4563
6801,4588
6825,4611
6848,4633
6871,4657
6895,4680
6917,4704
6941,4729
6964,4752
6988,4774
7012,4796
7036,4820
7060,4842
7084,4865
7108,4888
7133,4911
7158,4935
7182,4960
7205,4984
7228,5007
7251,5030
7276,5053
7300,5076
7324,5099
7347,5123
7373,5146
7397,5170
7420,5192
7445,5215
7469,5237
7493,5259
7516,5282
7540,5303
7563,5325
7587,5347
7610,5368
7633,5389
7654,5411
7674,5432
7697,5453
7718,5474
7740,5495
7762,5516
7784,5535
7804,5555
7826,5575
7848,5596
7870,5617
7892,5638
7915,5658
7937,5680
7960,5700
7982,5722
8004,5743
8026,5764
8048,5784
8071,5806
8093,5830
8115,5852
8137,5874
8160,5896
8182,5919
8206,5940
8228,5962
8251,5986
8273,6007
8298,6028
8322,6050
8345,6072
8369,6095
8394,6117
8419,6140
8443,6162
8467,6184
8489,6207
8513,6229
8535,6252
8558,6274
8581,6297
8603,6320
8627,6342
8651,6364
8675,6387
8698,6409
8721,6430
8745,6452
8767,6473
8791,6497
8815,6518
8838,6539
8862,6562
8886,6584
8908,6605
8931,6627
8954,6649
8975,6672
9000,6695
9022,6717
9044,6739
9067,6762
9090,6786
9114,6809
9138,6831
9163,6854
9186,6877
9211,6900
9236,6924
9262,6948
9287,6971
9311,6994
9336,7017
9360,7040
9383,7063
9406,7086
9428,7109
9452,7133
9476,7156
9499,7178
9523,7201
9546,7223
9569,7245
9594,7268
9618,7290
9642,7314
9666,7335
9690,7358
9713,7380
9736,7401
9759,7423
9782,7446
9804,7468
9828,7490
9851,7513
9873,7534
9895,7558
9918,7579
9939,7599
9962,7621
9983,7643
10006,7664
10027,7685
10051,7707
10075,7729
10098,7750
10121,7772
10144,7793
10165,7814
10187,7835
10210,7857
10232,7879
10254,7901
10275,7922
10296,7944
10318,7966
10342,7987
10365,8009
10387,8030
10409,8052
10433,8075
10457,8098
10479,8120
10504,8142
10527,8164
10552,8186
10575,8209
10600,8231
10625,8254
10648,8277
10672,8300
10696,8323
10718,8346
10742,8369
10766,8393
10790,8417
10815,8440
10840,8465
10864,8489
10889,8514
10915,8538
10940,8563
10966,8587
10991,8611
11017,8636
11041,8659
11066,8684
11091,8707
11117,8730
11142,8754
11165,8777
11189,8802
11214,8827
11237,8852
11261,8875
11286,8898
11310,8920
11334,8944
11358,8967
11383,8991
11407,9015
11433,9038
11457,9061
11481,9084
11506,9108
11530,9131
11555,9154
11580,9178
11605,9202
11627,9226
11652,9249
11677,9273
11701,9297
11726,9320
11749,9344
11773,9366
11798,9389
11822,9412
11847,9435
11872,9458
11897,9481
11921,9503
11944,9526
11966,9548
11990,9570
12012,9591
12035,9612
12057,9634
12078,9656
12099,9675
12120,9697
12141,9717
12161,9738
12182,9760
12204,9781
12225,9802
12249,9824
12272,9847
12295,9870
12320,9891
12343,9911
12366,9933
12389,9955
12412,9977
12433,9999
12456,10021
12479,10043
12501,10067
12525,10091
12549,10114
12571,10138
12595,10160
12619,10185
12644,10206
12668,10228
12691,10251
12716,10273
12739,10296
12764,10319
12789,10342
12813,10365
12836,10388
12860,10410
12885,10434
12909,10458
12933,10480
12956,10504
12978,10527
13000,10550
13023,10574
13047,10597
13070,10620
13093,10644
13117,10665
13142,10687
13164,10710
13187,10732
13211,10754
13234,10776
13258,10798
13281,10819
13304,10843
13327,10866
13350,10890
13374,10912
13398,10936
13422,10960
13445,10984
13469,11009
13492,11032
13515,11055
13540,11079
13564,11103
13587,11128
13611,11151
13636,11175
13660,11199
13684,11222
13707,11245
13732,11269
13755,11291
13778,11315
13802,11339
13827,11363
13850,11387
13874,11411
13898,11434
13920,11457
13944,11480
13967,11502
13990,11526
14013,11549
14035,11573
14060,11595
14083,11619
14106,11642
14130,11664
14152,11686
14175,11708
14198,11731
14220,11754
14243,11777
14264,11798
14286,11820
14309,11842
14331,11866
14352,11888
14376,11910
14397,11932
14418,11954
14441,11976
14464,11998
14486,12020
14509,12042
14531,12064
14552,12084
14576,12105
14599,12127
14622,12149
14644,12172
14668,12194
14691,12215
14714,12238
14737,12261
14761,12284
14784,12308
14807,12330
14829,12352
14852,12374
14875,12396
14897,12420
14920,12444
14944,12467
14968,12488
14992,12512
15015,12535
15038,12560
15063,12584
15087,12608
15112,12631
15137,12654
15163,12677
15186,12700
15210,12725
15235,12751
15260,12775
15282,12799
15307,12824
15331,12849
15354,12872
15378,12896
15403,12920
15428,12944
15452,12967
15477,12991
15502,13016
15526,13038
15552,13062
15576,13086
15599,13109
15623,13130
15646,13151
15669,13175
15692,13198
15715,13220
15737,13243
15760,13265
15785,13288
15809,13312
15834,13335
15857,13358
15883,13380
15906,13404
15930,13428
15954,13450
15978,13473
16001,13495
16026,13516
16050,13538
16073,13561
16096,13584
16118,13607
16141,13629
16164,13650
16186,13672
16208,13694
16230,13716
16253,13739
16276,13761
16298,13781
16321,13803
16344,13824
16367,13844
4,13865
27,13885
48,13905
69,13925
90,13947
111,13967
132,13987
153,14008
175,14029
196,14051
217,14072
241,14094
264,14113
287,14135
310,14156
333,14177
356,14199
380,14221
404,14243
427,14264
450,14286
473,14308
496,14331
520,14352
542,14374
565,14397
588,14419
613,14441
636,14464
658,14485
682,14508
705,14531
729,14553
753,14576
778,14597
803,14619
827,14644
852,14665
876,14687
900,14710
923,14732
947,14754
969,14776
992,14798
1014,14819
1036,14841
1059,14862
1081,14884
1103,14905
1125,14926
1149,14948
1172,14969
1196,14991
1218,15014
1242,15035
1265,15056
1289,15078
1314,15100
1338,15124
1361,15147
1385,15170
1409,15193
1432,15217
1455,15238
1478,15262
1501,15287
1524,15309
1548,15332
1572,15354
1596,15377
1621,15399
1645,15422
1669,15445
1694,15469
1718,15491
1743,15513
1767,15537
1791,15558
1815,15582
1838,15604
1861,15627
1882,15649
1906,15672
1927,15692
1950,15715
1973,15738
1995,15761
2018,15784
2042,15805
2064,15826
2087,15848
2109,15870
2132,15892
2157,15914
2179,15934
2203,15956
2227,15977
2248,15999
2270,16020
2292,16044
2315,16065
2336,16086
2358,16108
2379,16130
2401,16152
2424,16172
2445,16193
2466,16213
2489,16233
2512,16254
2536,16276
2560,16297
2583,16318
2606,16340
2628,16361
2651,1
2675,23
2698,44
2721,65
2743,90
2767,111
2792,134
2814,156
2835,178
2859,201
2882,224
2905,246
2929,268
2952,289
2977,313
3001,336
3027,359
3050,382
3073,406
3098,428
3122,452
3146,475
3171,501
3195,525
3220,549
3245,572
3269,596
3293,620
3318,645
3342,668
3367,691
3392,716
3416,739
3441,762
3465,786
3490,809
3515,833
3540,856
3565,879
3589,902
3612,925
3635,947
3658,971
3681,992
3703,1016
3726,1038
3750,1060
3774,1082
3798,1105
3822,1129
3845,1152
3869,1174
3894,1197
3918,1221
3942,1244
3966,1267
3989,1291
4013,1313
4035,1336
4058,1360
4081,1381
4105,1403
4128,1426
4151,1449
4175,1471
4197,1492
4219,1514
4242,1536
4265,1559
4288,1581
4312,1602
4335,1623
4358,1644
4380,1666
4402,1687
4424,1708
4445,1728
4467,1751
4489,1773
4512,1795
4534,1817
4556,1838
4579,1859
4601,1881
4623,1903
4647,1926
4670,1948
4693,1971
4717,1993
4740,2016
4764,2037
4788,2061
4811,2083
4833,2106
4857,2129
4881,2150
4904,2173
4928,2196
4951,2220
4974,2243
4998,2266
5021,2289
5044,2314
5068,2337
5092,2359
5115,2383
5138,2405
5162,2428
5185,2451
5211,2474
5236,2497
5259,2520
5283,2543
5307,2565
5330,2589
5352,2612
5375,2634
5397,2657
5420,2679
5443,2701
5465,2723
5489,2747
5511,2769
5534,2792
5555,2814
5577,2836
5600,2859
5623,2882
5647,2904
5672,2927
5695,2950
5718,2973
5743,2996
5766,3020
5789,3045
5814,3070
5838,3092
5862,3117
5885,3140
5908,3164
5932,3189
5955,3212
5977,3237
6001,3260
6023,3282
6047,3305
6070,3329
6093,3352
6116,3375
6140,3398
6164,3421
6187,3444
6210,3467
6232,3490
6256,3513
6278,3536
6301,3557
6323,3579
6345,3602
6367,3623
6389,3646
6410,3668
6432,3691
6454,3714
6477,3737
6499,3759
6521,3780
6544,3802
6567,3825
6588,3845
6610,3866
6633,3889
6654,3912
6676,3933
6698,3954
6720,3975
6742,3995
6764,4016
6785,4037
6807,4059
6828,4080
6850,4102
6872,4123
6895,4144
6916,4166
6940,4188
6962,4210
6985,4232
7009,4256
7032,4279
7055,4301
7078,4324
7101,4346
7124,4369
7147,4392
7169,4414
7193,4435
7215,4458
7239,4481
7262,4503
7285,4525
7308,4548
7329,4570
7353,4593
7376,4616
7399,4640
7424,4664
7447,4688
7471,4712
7495,4736
7520,4761
7545,4785
7570,4809
7596,4833
7621,4857
7647,4880
7671,4904
7693,4927
7717,4951
7740,4974
7764,4997
7788,5019
7811,5044
7835,5066
7859,5090
7881,5113
7905,5136
7929,5159
7953,5181
7977,5202
8000,5226
8023,5248
8046,5271
8069,5293
8091,5316
8113,5336
8135,5359
8157,5382
8180,5405
8203,5429
8226,5451
8249,5473
8274,5497
8297,5519
8321,5541
8346,5563
8370,5585
8393,5607
8418,5629
8444,5651
8466,5673
8490,5694
8513,5715
8535,5735
8557,5759
8579,5780
8600,5801
8620,5821
8641,5841
8663,5863
8685,5883
8705,5903
8728,5924
8752,5946
8776,5966
8798,5988
8822,6009
8846,6029
8869,6051
8892,6073
8915,6094
8938,6115
8961,6136
8983,6157
9005,6178
9027,6200
9051,6220
9074,6243
9097,6263
9121,6286
9143,6309
9167,6331
9192,6353
9216,6376
9240,6398
9264,6421
9289,6445
9313,6466
9337,6488
9361,6513
9385,6536
9410,6558
9433,6582
9456,6605
9478,6628
9501,6650
9524,6672
9547,6695
9570,6718
9594,6741
9618,6762
9642,6784
9666,6805
9691,6827
9714,6850
9739,6871
9763,6893
9786,6916
9809,6938
9830,6960
9853,6982
9876,7004
9900,7026
9922,7049
9945,7071
9968,7093
9992,7114
10016,7137
10039,7162
10063,7185
10087,7209
10112,7232
10137,7254
10162,7276
10185,7299
10210,7323
10234,7347
10257,7371
10280,7395
10305,7418
10328,7441
10351,7465
10374,7487
10397,7510
10420,7532
10443,7555
10467,7579
10492,7603
10515,7625
10538,7647
10562,7669
10585,7690
10609,7712
10633,7734
10655,7756
10677,7777
10701,7800
10724,7822
10747,7844
10770,7867
10793,7890
10815,7910
10837,7932
10859,7953
10880,7975
10901,7996
10926,8018
10949,8039
10973,8059
10996,8080
11019,8102
11042,8124
11065,8145
11088,8167
11110,8190
11132,8211
11155,8232
11178,8253
11199,8274
11221,8296
11243,8317
11264,8340
11286,8361
11310,8383
11334,8405
11357,8428
11382,8450
11404,8473
11428,8495
11452,8517
11476,8540
11498,8563
11522,8586
11546,8608
11570,8631
11594,8654
11617,8676
11640,8698
11662,8723
11686,8744
11709,8767
11733,8792
11758,8815
11782,8840
11807,8864
11831,8887
11854,8911
11879,8934
11904,8957
11929,8982
11955,9007
11980,9030
12005,9055
12029,9081
12054,9105
12077,9128
12100,9153
12122,9176
12145,9200
12166,9225
12190,9247
12213,9270
12236,9294
12259,9317
12283,9339
12307,9362
12331,9383
12353,9405
12377,9428
12401,9449
12423,9471
12448,9494
12471,9517
12493,9539
12516,9561
12538,9584
12561,9605
12584,9625
12608,9649
12632,9671
12656,9695
12680,9719
12704,9741
12728,9763
12751,9786
12775,9807
12798,9829
12821,9852
12844,9874
12867,9894
12890,9916
12911,9938
12933,9958
12955,9979
12977,10000
12997,10020
13019,10042
13040,10063
13060,10084
13082,10105
13103,10126
13124,10146
13148,10168
13171,10190
13194,10212
13217,10233
13239,10255
13262,10277
13284,10299
13307,10321
13329,10343
13351,10366
13373,10387
13396,10409
13418,10430
13441,10452
13464,10473
13488,10497
13511,10519
13535,10540
13559,10564
13582,10587
13605,10609
13628,10631
13652,10655
13675,10679
13698,10702
13723,10723
13747,10747
13770,10771
13794,10793
13817,10816
13840,10839
13863,10861
13888,10885
13911,10908
13934,10932
13957,10955
13980,10977
14003,10999
14027,11021
14050,11043
14072,11066
14094,11087
14117,11111
14140,11133
14163,11155
14185,11177
14206,11200
14229,11222
14253,11245
14275,11267
14299,11291
14321,11314
14344,11337
14368,11360
14391,11384
14415,11407
14438,11430
14461,11454
14486,11478
14509,11502
14533,11526
14557,11549
14582,11573
14604,11597
14628,11620
14652,11643
14677,11668
14700,11691
14723,11713
14746,11738
14769,11761
14792,11784
14815,11807
14838,11830
14860,11851
14883,11874
14907,11897
14930,11920
14951,11941
14974,11963
14996,11985
15018,12007
15041,12029
15065,12052
15088,12074
15110,12095
15133,12116
15154,12137
15176,12158
15198,12179
15220,12201
15242,12222
15264,12244
15285,12265
15308,12286
15329,12308
15351,12331
15374,12354
15396,12376
15419,12398
15441,12419
15464,12439
15486,12460
15509,12483
15532,12505
15555,12527
15577,12549
15599,12571
15622,12593
15644,12615
15666,12637
15688,12659
15712,12682
15734,12705
15756,12727
15779,12748
15803,12770
15825,12793
15848,12816
15870,12839
15893,12863
15917,12885
15943,12907
15965,12930
15989,12952
16012,12976
16037,12999
16060,13022
16084,13045
16108,13070
16133,13093
16156,13116
16179,13139
16203,13163
16226,13185
16250,13208
16274,13233
16300,13257
16325,13280
16350,13303
16375,13329
15,13354
38,13378
62,13401
86,13423
110,13447
133,13470
155,13493
178,13515
201,13537
225,13560
248,13582
272,13604
295,13625
318,13646
342,13668
366,13690
389,13713
413,13735
436,13758
461,13780
485,13802
508,13824
531,13846
556,13867
579,13889
602,13909
626,13931
648,13955
671,13977
695,14000
718,14021
742,14044
764,14066
788,14088
812,14110
835,14131
857,14152
881,14174
903,14194
926,14215
949,14237
971,14258
993,14277
1015,14299
1038,14320
1060,14341
1084,14361
1106,14383
1130,14406
1153,14427
1177,14449
1198,14471
1220,14491
1244,14512
1268,14534
1291,14556
1316,14578
1341,14600
1363,14622
1386,14644
1408,14665
1432,14687
1456,14710
1480,14732
1502,14755
1525,14778
1550,14800
1573,14824
1597,14846
1621,14869
1646,14892
1671,14917
1696,14939
1721,14961
1746,14984
1769,15007
1794,15031
1819,15055
1843,15078
1868,15101
1890,15124
1913,15145
1934,15167
1958,15189
1981,15211
2004,15234
2027,15256
2050,15279
2073,15302
2097,15324
2121,15346
2145,15368
2169,15390
2192,15412
2215,15435
2239,15457
2261,15479
2285,15502
2309,15525
2333,15549
2357,15572
2381,15596
2405,15620
2429,15644
2453,15668
2477,15691
2501,15714
2526,15738
2551,15762
2575,15785
2601,15809
2626,15833
2651,15857
2675,15880
2699,15903
2724,15927
2748,15950
2771,15973
2794,15995
2816,16018
2840,16042
2863,16064
2885,16086
2909,16109
2933,16133
2956,16155
2979,16178
3002,16200
3026,16221
3050,16243
3073,16265
3097,16286
3121,16307
3146,16329
3168,16351
3190,16374
3213,12
3233,34
3256,55
3278,77
3300,98
3323,121
3346,143
3369,165
3391,186
3414,207
3436,229
3458,253
3482,275
3505,298
3528,320
3551,340
3574,361
3597,383
3621,405
3644,428
3666,450
3689,474
3712,498
3734,521
3757,544
3779,568
3803,590
3827,612
3849,635
3873,658
3896,680
3918,702
3943,724
3966,748
3990,772
4013,795
4036,819
4060,844
4084,868
4107,892
4131,917
4155,940
4181,965
4205,990
4229,1015
4255,1039
4280,1064
4307,1088
4333,1112
4357,1136
4382,1160
4407,1185
4431,1209
4457,1232
4480,1256
4504,1278
4528,1303
4551,1326
4574,1349
4598,1372
4622,1394
4646,1417
4669,1440
4692,1463
4717,1485
4739,1507
4762,1530
4787,1553
4810,1575
4835,1598
4859,1621
4883,1644
4907,1667
4930,1690
4954,1712
4978,1735
5001,1758
5024,1780
5049,1803
5070,1826
5093,1848
5117,1870
5141,1893
5164,1917
5186,1937
5210,1957
5233,1979
5256,2001
5278,2023
5300,2045
5322,2066
5343,2087
5366,2108
5388,2131
5411,2152
5432,2173
5455,2196
5478,2217
5501,2239
5523,2261
5545,2283
5568,2305
5591,2328
5614,2351
5638,2374
5662,2396
5685,2419
5706,2440
5729,2463
5753,2486
5776,2510
5800,2532
5824,2555
5849,2578
5873,2601
5898,2624
5920,2648
5942,2671
5967,2695
5992,2719
6016,2743
6039,2766
6061,2791
6085,2815
6109,2838
6134,2861
6157,2885
6181,2908
6205,2932
6228,2956
6253,2979
6277,3002
6299,3025
6323,3048
6346,3070
6366,3093
6389,3114
6411,3138
6437,3160
6459,3182
6481,3206
6503,3230
6526,3253
6549,3275
6573,3298
6597,3319
6620,3342
6644,3365
6668,3389
6692,3412
6716,3437
6740,3460
6762,3484
6787,3507
6809,3530
6833,3555
6855,3579
6879,3604
6904,3628
6929,3652
6952,3676
6975,3700
6999,3725
7023,3747
7046,3770
7071,3794
7096,3816
7120,3839
7143,3863
7167,3885
7189,3907
7214,3929
7235,3951
7260,3972
7283,3995
7305,4018
7327,4039
7349,4061
7373,4085
7396,4106
7418,4128
7440,4149
7463,4171
7484,4192
7507,4215
7529,4236
7551,4257
7576,4280
7598,4302
7621,4323
7642,4346
7664,4368
7687,4390
7709,4411
7730,4433
7752,4455
7775,4477
7797,4498
7819,4521
7843,4543
7865,4567
7888,4588
7912,4609
7934,4632
7958,4654
7982,4676
8003,4699
8025,4722
8049,4743
8071,4767
8094,4789
8116,4812
8139,4834
8161,4856
8183,4879
8206,4902
8230,4925
8253,4947
8276,4969
8299,4991
8323,5014
8347,5038
8371,5062
8396,5086
8421,5109
8446,5132
8473,5156
8498,5180
8524,5204
8549,5229
8574,5253
8598,5277
8623,5300
8647,5326
8671,5350
8695,5374
8719,5397
8744,5421
8769,5443
8794,5466
8819,5489
8844,5512
8868,5533
8893,5556
8918,5580
8941,5603
8965,5624
8987,5647
9010,5670
9033,5691
9056,5714
9080,5734
9103,5755
9126,5778
9150,5799
9175,5821
9199,5844
9223,5866
9247,5889
9271,5911
9296,5933
9321,5954
9345,5976
9368,5997
9390,6021
9413,6043
9437,6064
9460,6085
9481,6107
9504,6128
9525,6149
9549,6170
9571,6192
9595,6213
9617,6234
9639,6254
9663,6275
9686,6295
9710,6317
9734,6340
9758,6360
9782,6381
9805,6403
9829,6424
9852,6447
9875,6468
9896,6490
9918,6512
9941,6534
9963,6558
9987,6579
10012,6601
10033,6624
10058,6646
10082,6669
10107,6691
10131,6712
10156,6735
10181,6758
10206,6782
10231,6804
10255,6828
10279,6851
10304,6875
10328,6898
10350,6921
10373,6945
10397,6968
10421,6991
10445,7016
10470,7039
10495,7062
10519,7086
10544,7109
10569,7132
10594,7154
10620,7176
10643,7198
10668,7221
10691,7244
10714,7268
10736,7289
10759,7312
10781,7335
10803,7357
10825,7379
10849,7401
10872,7425
10895,7448
10918,7471
10942,7493
10966,7516
10990,7538
11016,7562
11041,7586
11065,7609
11091,7633
11116,7657
11140,7681
11164,7704
11189,7727
11213,7751
11237,7776
11261,7798
11284,7822
11307,7846
11330,7869
11355,7892
11378,7914
11404,7938
11429,7961
11454,7984
11478,8006
11503,8028
11527,8051
11550,8072
11573,8094
11595,8116
11618,8140
11641,8163
11662,8184
11685,8205
11708,8227
11730,8250
11752,8273
11775,8296
11799,8317
11822,8339
11845,8361
11869,8383
11892,8406
11915,8427
11938,8448
11960,8470
11982,8492
12004,8514
12027,8535
12048,8557
12069,8578
12089,8600
12111,8621
12132,8644
12153,8665
12175,8687
12198,8709
12220,8732
12243,8754
12266,8775
12290,8798
12312,8820
12335,8842
12357,8866
12380,8889
12402,8911
12426,8933
12448,8955
12471,8978
12492,9002
12515,9024
12538,9045
12560,9069
12584,9092
12607,9116
12630,9139
12653,9162
12679,9184
12705,9208
12728,9231
12754,9254
12779,9278
12804,9303
12829,9327
12854,9352
12879,9377
12905,9400
12930,9425
12955,9450
12981,9474
13005,9499
13029,9523
13052,9546
13075,9570
13100,9596
13124,9619
13149,9643
13173,9665
13196,9688
13222,9710
13245,9732
13267,9756
13292,9778
13317,9801
13341,9822
13366,9845
13388,9869
13412,9892
13434,9914
13456,9936
13479,9958
13502,9980
13524,10003
13548,10026
13571,10047
13595,10071
13617,10093
13640,10116
13665,10137
13689,10160
13712,10183
13736,10206
13759,10229
13783,10249
13806,10271
13829,10293
13851,10317
13874,10338
13897,10360
13919,10382
13940,10403
13963,10425
13985,10446
14008,10469
14030,10491
14053,10513
14074,10536
14097,10556
14120,10579
14143,10601
14166,10623
14189,10646
14212,10667
14235,10688
14258,10710
14281,10732
14304,10755
14327,10777
14350,10799
14373,10821
14396,10844
14418,10867
14441,10890
14464,10912
14487,10936
14511,10958
14536,10982
14560,11006
14584,11030
14608,11055
14632,11078
14657,11102
14682,11126
14706,11150
14730,11173
14755,11198
14778,11222
14802,11246
14825,11268
14848,11292
14870,11316
14894,11339
14918,11363
14941,11385
14964,11409
14987,11431
15011,11455
15034,11478
15057,11502
15081,11524
15104,11545
15128,11567
15150,11590
15173,11614
15194,11638
15217,11660
15240,11682
15264,11706
15287,11729
15309,11754
15333,11777
15357,11800
15382,11824
15405,11847
15429,11871
15454,11895
15479,11919
15504,11943
15527,11968
15552,11991
15575,12015
15599,12038
15621,12061
15645,12085
15668,12107
15691,12130
15715,12152
15739,12175
15761,12196
15784,12220
15807,12243
15832,12265
15854,12288
15875,12309
15899,12332
15922,12353
15947,12375
15969,12398
15992,12421
16016,12443
16038,12465
16061,12487
16082,12508
16104,12530
16126,12552
16146,12575
16168,12596
16188,12617
16208,12638
16229,12659
16251,12679
16273,12700
16295,12722
16318,12744
16340,12766
16361,12786
0,12808
21,12830
44,12852
66,12874
88,12896
109,12917
130,12939
152,12960
173,12981
194,13002
216,13024
238,13045
260,13067
282,13089
305,13110
328,13131
352,13154
374,13176
398,13198
422,13218
445,13242
468,13264
491,13287
513,13308
537,13331
560,13353
584,13375
607,13397
631,13420
655,13443
678,13466
702,13490
725,13513
749,13536
775,13560
799,13584
825,13606
851,13631
876,13654
901,13678
927,13703
951,13726
976,13750
1001,13772
1025,13794
1050,13815
1074,13838
1096,13861
1119,13884
1143,13907
1166,13928
1191,13950
1215,13973
1238,13993
1262,14015
1285,14037
1310,14060
1335,14081
1359,14104
1383,14125
1406,14147
1430,14168
1454,14190
1477,14211
1499,14234
1521,14255
1544,14277
1569,14300
1591,14321
1614,14342
1637,14364
1660,14384
1685,14407
1709,14428
1731,14449
1756,14470
1778,14491
1801,14512
1824,14533
1847,14554
1870,14576
1892,14598
1915,14620
1938,14641
1959,14662
1983,14682
2006,14703
2028,14725
2051,14747
2074,14769
2097,14789
2120,14811
2144,14832
2168,14855
2193,14878
2216,14901
2239,14923
2264,14945
2287,14966
2311,14988
2333,15011
2356,15034
2380,15057
2402,15080
2425,15102
2448,15124
2472,15146
2496,15170
2520,15194
2544,15216
2569,15240
2594,15263
2621,15287
2645,15312
2671,15334
2695,15356
2720,15379
2744,15403
2767,15427
2791,15451
2814,15476
2838,15497
2862,15520
2885,15543
2909,15566
2933,15589
2956,15612
2980,15635
3003,15657
3027,15679
3051,15700
3074,15722
3099,15746
3121,15769
3144,15790
3167,15814
3190,15837
3214,15858
3236,15880
3258,15903
3281,15925
3305,15950
3328,15973
3352,15996
3378,16020
3401,16044
3426,16066
3451,16091
3475,16114
3499,16139
3525,16163
3548,16185
3572,16207
3596,16230
3620,16253
3644,16277
3668,16299
3691,16322
3714,16344
3736,16367
3759,5
3783,28
3805,50
3828,72
3850,95
3875,119
3898,142
3920,165
3943,188
3965,210
3989,232
4011,256
4034,278
4057,300
4079,321
4100,343
4122,364
4144,386
4166,408
4188,430
4210,451
4231,473
4253,496
4275,517
4299,540
4321,561
4344,582
4366,604
4390,626
4414,648
4436,670
4460,692
4484,714
4506,738
4528,760
4550,782
4571,804
4593,826
4615,848
4637,870
4661,893
4685,915
4708,937
4732,960
4755,982
4779,1005
4803,1027
4827,1050
4851,1073
4873,1096
4897,1118
4919,1140
4943,1164
4967,1187
4990,1209
5014,1232
5039,1255
5062,1280
5087,1303
5111,1328
5136,1351
5160,1375
5185,1399
5212,1423
5237,1447
5262,1472
5286,1498
5312,1522
5335,1545
5359,1569
5384,1593
5409,1617
5432,1641
5456,1664
5480,1686
5504,1709
5529,1731
5552,1753
5575,1777
5600,1799
5623,1821
5645,1844
5668,1867
5691,1890
5714,1911
5737,1934
5760,1956
5785,1978
5808,2001
5831,2023
5854,2045
5878,2067
5901,2089
5924,2112
5948,2134
5970,2157
5993,2179
6018,2202
6040,2223
6064,2247
6087,2270
6111,2292
6132,2313
6154,2336
6177,2357
6201,2380
6223,2403
6245,2424
6268,2447
6290,2469
6313,2492
6336,2514
6359,2536
6382,2558
6405,2579
6427,2601
6450,2623
6472,2645
6496,2668
6518,2690
6541,2713
6564,2735
6587,2758
6610,2782
6634,2804
6660,2827
6682,2851
6707,2875
6730,2898
6754,2921
6777,2945
6801,2968
6825,2993
6849,3016
6872,3039
6893,3062
6916,3084
6940,3108
6964,3132
6988,3157
7013,3182
7039,3206
7063,3230
7086,3254
7111,3281
7135,3305
7160,3328
7182,3352
7207,3375
7229,3398
7253,3422
7277,3445
7298,3468
7322,3490
7345,3513
7367,3536
7391,3559
7413,3581
7437,3604
7460,3628
7482,3651
7506,3673
7530,3696
7553,3719
7576,3741
7599,3765
7622,3789
7647,3812
7669,3836
7694,3859
7719,3882
7743,3907
7766,3931
7789,3954
7813,3978
7836,4000
7860,4024
7885,4047
7910,4070
7933,4093
7956,4116
7979,4140
8003,4164
8026,4186
8049,4210
8072,4233
8096,4256
8119,4280
8140,4301
8162,4323
8185,4345
8207,4367
8229,4390
8251,4413
8274,4437
8298,4459
8321,4482
8343,4504
8365,4525
8388,4547
8410,4570
8432,4591
8456,4612
8479,4633
8500,4655
8522,4676
8544,4697
8566,4719
8587,4740
8608,4761
8630,4782
8652,4805
8673,4826
8696,4847
8717,4868
8740,4889
8762,4910
8785,4932
8808,4954
8831,4975
8855,4996
8878,5019
8901,5040
8923,5061
8946,5083
8968,5105
8991,5126
9014,5148
9038,5171
9060,5193
9082,5215
9105,5237
9128,5258
9151,5280
9176,5303
9200,5325
9225,5346
9250,5369
9274,5391
9298,5415
9324,5436
9347,5460
9372,5482
9396,5506
9420,5528
9445,5551
9467,5575
9491,5599
9517,5621
9540,5645
9565,5670
9589,5693
9615,5717
9639,5740
9666,5763
9691,5786
9716,5809
9739,5832
9763,5855
9788,5876
9812,5900
9835,5922
9858,5943
9881,5966
9905,5988
9928,6010
9951,6032
9974,6053
9996,6075
10019,6096
10043,6117
10066,6139
10089,6160
10112,6181
10136,6202
10161,6223
10184,6245
10208,6268
10232,6290
10254,6311
10278,6333
10300,6355
10324,6376
10347,6398
10370,6418
10393,6440
10416,6461
10437,6482
10461,6503
10483,6524
10506,6544
10528,6566
10551,6587
10575,6608
10599,6629
10623,6651
10646,6671
10668,6692
10691,6714
10713,6735
10736,6758
10759,6779
10781,6801
10802,6822
10825,6843
10846,6866
10869,6887
10893,6909
10917,6931
10939,6953
10963,6975
10987,6997
11010,7021
11036,7043
11060,7065
11083,7086
11108,7108
11132,7130
11155,7153
11178,7177
11201,7201
11224,7224
11248,7247
11270,7272
11295,7295
11320,7319
11344,7343
11367,7365
11392,7390
11416,7413
11441,7438
11467,7462
11493,7486
11518,7510
11541,7533
11564,7557
11588,7579
11611,7602
11635,7625
11657,7647
11679,7671
11701,7693
11723,7716
11746,7739
11768,7760
11791,7783
11815,7804
11838,7828
11862,7851
11885,7873
11909,7896
11934,7918
11958,7940
11980,7964
12004,7986
12028,8009
12052,8031
12075,8054
12098,8077
12120,8102
12143,8125
12166,8148
12189,8171
12212,8194
12235,8217
12259,8241
12283,8265
12306,8287
12330,8311
12353,8334
12377,8357
12401,8380
12424,8402
12447,8426
12471,8449
12495,8472
12518,8495
12541,8517
12564,8539
12586,8561
12608,8584
12631,8606
12653,8627
12676,8648
12698,8669
12721,8691
12742,8714
12766,8736
12789,8758
12811,8779
12833,8803
12855,8824
12877,8845
12900,8866
12922,8887
12945,8910
12966,8932
12989,8953
13009,8975
13031,8996
13052,9018
13074,9039
13098,9060
13118,9081
13140,9103
13162,9125
13185,9147
13207,9169
13230,9190
13252,9210
13274,9231
13296,9254
13319,9276
13342,9298
13365,9320
13386,9342
13409,9364
13431,9386
13454,9409
13477,9432
13499,9452
13522,9474
13546,9496
13570,9518
13593,9542
13617,9565
13641,9586
13666,9610
13689,9633
13713,9657
13736,9681
13760,9704
13783,9727
13808,9751
13831,9775
13856,9800
13880,9824
13906,9846
13931,9869
13954,9894
13980,9919
14004,9943
14029,9968
14054,9990
14077,10013
14102,10035
14125,10059
14149,10082
14173,10105
14196,10127
14220,10149
14242,10172
14266,10195
14289,10217
14312,10239
14335,10262
14358,10285
14381,10307
14404,10329
14426,10352
14449,10375
14473,10397
14495,10420
14519,10441
14541,10462
14563,10484
14586,10506
14610,10528
14632,10552
14656,10573
14678,10594
14703,10616
14724,10638
14748,10661
14771,10683
14794,10704
14816,10726
14838,10748
14860,10770
14881,10792
14903,10813
14926,10835
14949,10857
14971,10878
14992,10899
15015,10921
15037,10943
15058,10964
15080,10986
15104,11007
15127,11030
15149,11053
15173,11075
15194,11097
15216,11119
15239,11140
15262,11161
15285,11184
15307,11207
15329,11228
15353,11250
15374,11273
15396,11295
15419,11319
15442,11341
15465,11365
15489,11388
15511,11411
15535,11435
15559,11459
15583,11482
15606,11505
15630,11529
15654,11552
15678,11576
15703,11601
15726,11625
15749,11650
15772,11673
15795,11697
15818,11721
15842,11744
15866,11767
15889,11789
15914,11813
15936,11834
15959,11856
15982,11879
16005,11901
16028,11924
16051,11947
16072,11970
16095,11995
16117,12017
16139,12040
16159,12063
16180,12084
16202,12106
16225,12127
16248,12149
16270,12170
16293,12191
16318,12214
16342,12237
16366,12261
5,12284
28,12307
52,12331
75,12356
99,12378
122,12401
146,12425
169,12449
193,12472
216,12495
238,12519
260,12542
284,12565
308,12589
330,12611
353,12634
376,12656
400,12677
424,12700
448,12722
471,12745
496,12767
518,12790
540,12811
563,12833
585,12856
608,12878
630,12900
651,12921
675,12943
696,12965
718,12986
740,13009
762,13031
784,13051
807,13072
829,13093
852,13115
874,13136
896,13157
919,13179
942,13200
966,13221
989,13241
1011,13261
1032,13282
1055,13303
1076,13325
1098,13346
1120,13367
1141,13388
1164,13410
1187,13432
1211,13453
1234,13475
1256,13497
1280,13520
1306,13541
1330,13563
1354,13585
1377,13606
1400,13627
1424,13650
1448,13673
1470,13696
1492,13718
1516,13739
1539,13761
1561,13785
1585,13808
1609,13832
1633,13855
1658,13877
1684,13898
1709,13920
1734,13944
1759,13968
1786,13992
1811,14015
1837,14038
1863,14062
1887,14085
1913,14109
1938,14133
1962,14158
1987,14182
2009,14204
2035,14228
2059,14251
2085,14273
2108,14295
2132,14317
2155,14340
2181,14362
2205,14385
2229,14406
2254,14428
2278,14450
2302,14472
2325,14494
2350,14516
2374,14540
2397,14561
2420,14584
2444,14606
2467,14627
2490,14649
2514,14672
2538,14694
2561,14714
2584,14737
2609,14758
2633,14780
2657,14802
2681,14824
2707,14846
2730,14869
2753,14891
2776,14913
2799,14935
2822,14955
2844,14977
2865,14999
2888,15022
2912,15044
2935,15066
2957,15087
2980,15108
3003,15130
3025,15151
3049,15172
3072,15193
3095,15215
3119,15236
3142,15259
3167,15281
3191,15302
3213,15324
3236,15348
3258,15371
3281,15393
3304,15416
3328,15438
3351,15460
3375,15482
3397,15504
3422,15527
3445,15550
3470,15573
3495,15597
3519,15621
3543,15645
3569,15668
3593,15692
3619,15716
3641,15741
3666,15765
3691,15789
3714,15814
3738,15837
3761,15861
3784,15885
3808,15908
3831,15930
3855,15954
3877,15978
3901,16001
3924,16023
3947,16045
3970,16069
3994,16091
4017,16114
4040,16135
4062,16157
4084,16179
4107,16201
4129,16224
4151,16246
4173,16267
4195,16288
4217,16310
4241,16332
4265,16354
4288,16377
4313,17
4338,40
4362,64
4387,87
4410,111
4434,136
4458,159
4483,182
4508,205
4530,230
4553,253
4576,276
4599,298
4621,322
4645,345
4668,368
4692,391
4716,414
4738,437
4762,459
4784,481
4808,504
4831,526
4855,548
4879,570
4901,593
4924,615
4946,637
4970,659
4991,682
5013,704
5036,725
5059,747
5080,767
5103,788
5124,809
5146,831
5168,853
5188,873
5210,894
5233,914
5255,936
5276,957
5299,979
5321,1000
5343,1020
5366,1042
5387,1064
5409,1086
5432,1108
5454,1131
5476,1153
5498,1174
5520,1194
5542,1216
5563,1238
5585,1258
5609,1280
5631,1301
5653,1323
5676,1345
5701,1366
5724,1388
5747,1410
5770,1433
5792,1456
5815,1479
5838,1501
5861,1523
5884,1545
5908,1568
5932,1590
5956,1613
5978,1635
6001,1659
6025,1682
6048,1705
6072,1730
6097,1753
6122,1776
6147,1801
6172,1824
6197,1849
6222,1874
6246,1898
6272,1921
6296,1945
6320,1969
6344,1993
6369,2017
6394,2041
6417,2064
6443,2087
6466,2110
6489,2133
6512,2156
6535,2179
6558,2202
6582,2224
6606,2247
6629,2269
6651,2292
6675,2313
6699,2336
6722,2358
6744,2382
6767,2404
6789,2426
6812,2448
6834,2470
6857,2493
6879,2517
6902,2538
6925,2560
6948,2582
6970,2605
6995,2628
7018,2650
7041,2672
7065,2696
7087,2719
7110,2741
7134,2763
7157,2785
7181,2808
7203,2828
7226,2850
7248,2873
7270,2894
7293,2917
7315,2939
7337,2961
7359,2984
7380,3005
7401,3028
7424,3050
7448,3073
7470,3095
7493,3116
7515,3139
7538,3163
7562,3187
7586,3211
7610,3235
7633,3258
7656,3280
7679,3303
7703,3326
7725,3350
7748,3374
7771,3396
7793,3420
7815,3445
7839,3469
7863,3493
7887,3517
7910,3540
7935,3564
7959,3589
7984,3614
8008,3638
8032,3662
8057,3686
8079,3710
8104,3735
8127,3759
8150,3784
8171,3807
8194,3830
8217,3853
8238,3877
8260,3899
8283,3923
8306,3944
8330,3965
8353,3988
8377,4010
8401,4032
8424,4054
8447,4076
8471,4098
8495,4121
8518,4144
8540,4166
8563,4188
8585,4212
8607,4233
8631,4255
8654,4278
8678,4303
8702,4327
8727,4353
8750,4378
8774,4402
8798,4425
8823,4448
8848,4472
8873,4497
8897,4520
8921,4543
8945,4567
8968,4589
8993,4611
9016,4634
9039,4658
9063,4681
9085,4704
9107,4726
9129,4748
9153,4769
9177,4790
9200,4813
9224,4835
9248,4858
9271,4880
9293,4902
9318,4923
9340,4945
9363,4967
9385,4987
9408,5008
9431,5030
9453,5051
9474,5072
9496,5093
9518,5114
9540,5135
9562,5156
9584,5179
9606,5199
9630,5219
9652,5240
9675,5262
9698,5284
9722,5304
9745,5326
9768,5349
9791,5371
9813,5391
9837,5412
9859,5433
9882,5455
9904,5476
9926,5497
9948,5519
9970,5540
9993,5562
10016,5583
10039,5605
10063,5627
10087,5648
10110,5672
10135,5695
10160,5715
10183,5738
10207,5760
10231,5781
10255,5804
10279,5825
10302,5847
10325,5869
10348,5891
10372,5915
10397,5937
10420,5959
10444,5982
10468,6007
10493,6030
10519,6054
10544,6077
10570,6101
10596,6124
10621,6147
10647,6174
10672,6197
10696,6220
10720,6241
10744,6264
10769,6287
10792,6309
10816,6331
10839,6354
10863,6377
10886,6399
10910,6422
10933,6443
10956,6465
10980,6486
11004,6510
11028,6531
11052,6553
11076,6574
11099,6595
11122,6617
11147,6639
11168,6661
11191,6682
11213,6704
11236,6727
11259,6747
11281,6770
11303,6791
11326,6813
11348,6834
11371,6855
11393,6876
11417,6899
11439,6919
11462,6941
11488,6961
11511,6982
11533,7003
11557,7026
11579,7047
11601,7068
11623,7089
11644,7109
11666,7130
11687,7152
11708,7172
11730,7193
11753,7216
11774,7237
11796,7257
11819,7279
11842,7300
11865,7323
11890,7345
11914,7366
11938,7388
11961,7411
11983,7433
12006,7456
12029,7480
12052,7502
12075,7525
12096,7547
12117,7569
12139,7592
12162,7615
12185,7640
12208,7663
12230,7686
12254,7709
12276,7734
12302,7759
12327,7782
12352,7807
12377,7831
12401,7852
12425,7875
12449,7900
12474,7923
12497,7946
12520,7969
12542,7991
12563,8014
12587,8036
12610,8057
12632,8080
12654,8102
12678,8125
12700,8146
12723,8167
12745,8188
12770,8210
12792,8232
12816,8254
12839,8276
12862,8298
12884,8320
12907,8344
12929,8366
12953,8389
12976,8412
13000,8436
13023,8459
13045,8482
13069,8505
13093,8527
13117,8552
13142,8576
13166,8598
13189,8621
13214,8645
13236,8669
13261,8693
13285,8715
13308,8739
13331,8761
13355,8784
13378,8807
13402,8830
13425,8853
13448,8876
13471,8898
13494,8919
13516,8942
13539,8964
13562,8987
13585,9009
13609,9031
13632,9052
13654,9074
13676,9096
13700,9119
13723,9141
13746,9163
13768,9186
13791,9208
13814,9229
13835,9250
13857,9271
13879,9291
13899,9312
13922,9334
13943,9356
13965,9377
13988,9397
14010,9419
14033,9440
14056,9461
14078,9483
14101,9505
14124,9527
14146,9549
14169,9570
14192,9592
14215,9614
14238,9636
14260,9658
14283,9681
14306,9703
14328,9726
14352,9748
14375,9771
14398,9793
14421,9814
14445,9835
14467,9858
14491,9880
14514,9903
14536,9927
14561,9950
14585,9973
14610,9997
14634,10020
14658,10043
14681,10067
14706,10090
14732,10114
14756,10137
14780,10160
14803,10185
14829,10209
14853,10234
14878,10257
14902,10281
14928,10305
14953,10330
14978,10356
15003,10379
15028,10403
15052,10427
15076,10451
15100,10474
15122,10498
15147,10521
15169,10545
15194,10567
15218,10589
15242,10613
15266,10635
15289,10659
15311,10680
15334,10702
15355,10725
15378,10746
15400,10770
15424,10793
15447,10814
15471,10837
15494,10858
15517,10881
15540,10904
15564,10926
15587,10950
15610,10973
15633,10994
15656,11015
15679,11038
15702,11060
15724,11083
15746,11105
15767,11127
15789,11150
15812,11173
15835,11195
15856,11217
15879,11240
15901,11262
15923,11283
15945,11304
15968,11327
15992,11348
16016,11370
16039,11392
16060,11414
16082,11437
16104,11459
16125,11480
16147,11502
16168,11525
16188,11548
16210,11570
16232,11593
16255,11616
16278,11638
16300,11661
16324,11683
16347,11707
16370,11729
10,11753
32,11777
56,11802
80,11825
103,11848
126,11871
150,11896
173,11920
197,11944
220,11967
242,11991
267,12014
291,12038
315,12062
339,12086
362,12109
386,12132
410,12155
433,12177
457,12201
481,12222
504,12245
529,12268
553,12292
575,12313
597,12336
619,12358
641,12380
662,12401
684,12423
705,12446
729,12468
751,12490
773,12513
796,12534
818,12556
841,12577
866,12600
890,12623
915,12646
939,12670
964,12693
988,12717
1011,12741
1035,12765
1059,12788
1083,12812
1105,12836
1127,12857
1150,12881
1174,12904
1197,12927
1222,12949
1245,12972
1268,12995
1292,13015
1316,13038
1342,13059
1365,13081
1389,13103
1412,13125
1435,13148
1458,13171
1480,13192
1502,13214
1524,13237
1546,13259
1568,13283
1591,13303
1613,13324
1635,13344
1658,13365
1681,13386
1705,13408
1728,13430
1752,13450
1774,13472
1797,13493
1819,13513
1841,13534
1863,13554
1885,13574
1908,13595
1929,13616
1950,13636
1972,13659
1995,13680
2017,13701
2039,13722
2061,13744
2084,13764
2106,13786
2129,13807
2153,13828
2179,13848
2201,13868
2224,13891
2247,13913
2272,13934
2296,13954
2318,13976
2342,13998
2365,14021
2388,14043
2410,14065
2433,14086
2456,14109
2479,14130
2503,14152
2526,14175
2549,14197
2574,14218
2599,14242
2624,14265
2650,14288
2675,14311
2700,14333
2724,14355
2748,14378
2772,14401
2797,14424
2820,14447
2844,14472
2869,14496
2894,14519
2918,14542
2943,14565
2966,14588
2991,14610
3016,14633
3042,14657
3066,14680
3090,14703
3114,14724
3139,14747
3162,14771
3185,14793
3209,14815
3233,14837
3256,14858
3280,14881
3303,14902
3326,14923
3349,14945
3372,14967
3394,14987
3416,15008
3440,15031
3463,15052
3487,15076
3511,15097
3534,15119
3557,15141
3579,15162
3602,15184
3627,15206
3649,15227
3672,15249
3693,15270
3715,15294
3738,15315
3760,15338
3782,15359
3805,15381
3826,15401
3848,15421
3870,15443
3893,15464
3914,15485
3936,15505
3957,15527
3978,15548
4001,15569
4023,15590
4045,15612
4066,15634
4088,15655
4110,15675
4130,15698
4153,15719
4174,15740
4197,15763
4220,15785
4243,15807
4266,15831
4287,15853
4311,15876
4335,15898
4359,15921
4383,15944
4406,15968
4428,15990
4452,16012
4476,16035
4499,16059
4522,16081
4544,16104
4568,16127
4591,16150
4615,16172
4638,16195
4662,16218
4686,16241
4710,16264
4733,16287
4757,16312
4781,16333
4805,16357
4829,16379
4852,17
4875,40
4899,62
4922,84
4946,106
4968,128
4990,151
5012,173
5034,194
5056,216
5079,239
5101,260
5123,281
5145,303
5167,326
5190,348
5212,370
5236,392
5259,414
5282,437
5305,460
5330,482
5355,505
5378,528
5402,552
5425,575
5448,598
5473,621
5496,644
5520,667
5542,689
5565,712
5589,734
5611,758
5635,781
5657,804
5680,826
5704,848
5728,870
5750,892
5772,915
5795,937
5818,958
5840,980
5863,1003
5886,1025
5908,1046
5931,1067
5953,1089
5975,1110
5998,1132
6020,1153
6041,1174
6063,1195
6085,1216
6105,1238
6127,1260
6149,1281
6172,1302
6195,1323
6217,1344
6238,1366
6261,1387
6283,1409
6304,1429
6327,1450
6349,1472
6370,1493
6393,1515
6416,1536
6438,1556
6460,1578
6482,1600
6505,1620
6527,1642
6550,1664
6573,1686
6595,1708
6617,1729
6639,1752
6663,1774
6687,1796
6710,1818
6733,1840
6757,1863
6780,1884
6804,1907
6828,1930
6851,1953
6875,1976
6898,1999
6921,2023
6944,2045
6967,2069
6991,2092
7014,2114
7038,2137
7064,2162
7088,2185
7112,2208
7136,2232
7162,2256
7187,2279
7212,2304
7238,2328
7263,2353
7286,2375
7309,2400
7333,2424
7356,2448
7380,2473
7404,2497
7428,2520
7451,2542
7475,2567
7498,2588
7522,2611
7546,2634
7570,2657
7594,2680
7618,2703
7641,2725
7665,2747
7687,2769
7709,2791
7731,2814
7754,2837
7777,2861
7798,2882
7820,2904
7842,2927
7864,2949
7886,2971
7909,2994
7930,3017
7953,3039
7975,3060
7997,3083
8020,3105
8044,3128
8066,3149
8089,3173
8110,3194
8132,3216
8153,3239
8173,3262
8195,3284
8216,3306
8237,3327
8259,3350
8280,3372
8302,3393
8326,3416
8348,3437
8370,3459
8393,3481
8416,3504
8439,3526
8463,3548
8486,3570
8508,3593
8532,3616
8554,3640
8577,3662
8601,3686
8622,3709
8645,3732
8667,3755
8689,3778
8712,3800
8735,3825
8758,3849
8781,3872
8805,3895
8830,3918
8854,3941
8878,3965
8904,3988
8929,4011
8953,4034
8978,4058
9001,4081
9025,4104
9049,4128
9072,4152
9096,4177
9119,4201
9143,4223
9166,4246
9190,4271
9214,4293
9238,4315
9260,4338
9284,4361
9309,4385
9333,4407
9356,4429
9378,4451
9401,4473
9423,4496
9446,4518
9467,4540
9490,4562
9512,4586
9534,4608
9557,4631
9580,4654
9603,4675
9628,4699
9652,4722
9676,4745
9701,4770
9728,4792
9753,4815
9778,4839
9803,4862
9827,4885
9850,4908
9874,4931
9898,4954
9922,4977
9945,4999
9969,5021
9991,5044
10013,5067
10036,5089
10059,5112
10083,5134
10106,5157
10129,5180
10155,5202
10179,5223
10203,5244
10228,5267
10252,5289
10275,5311
10297,5334
10319,5355
10342,5376
10365,5397
10386,5418
10408,5440
10429,5459
10451,5480
10473,5501
10494,5521
10517,5542
10540,5564
10564,5583
10587,5604
10611,5626
10635,5648
10658,5669
10681,5690
10704,5712
10726,5732
10747,5753
10771,5774
10793,5796
10815,5818
10837,5838
10859,5861
10881,5881
10904,5902
10927,5924
10950,5945
10974,5966
10998,5989
11021,6011
11045,6032
11070,6055
11092,6077
11117,6098
11139,6119
11163,6142
11188,6164
11212,6188
11236,6210
11260,6231
11284,6255
11307,6278
11330,6300
11353,6324
11377,6347
11400,6371
11426,6393
11450,6417
11476,6441
11502,6464
11527,6488
11552,6511
11577,6534
11603,6559
11627,6582
11652,6606
11675,6629
11699,6653
11723,6676
11747,6698
11770,6720
11793,6743
11816,6766
11841,6788
11865,6810
11888,6834
11912,6857
11936,6880
11962,6903
11986,6925
12008,6946
12030,6968
12053,6990
12076,7012
12099,7033
12120,7053
12141,7077
12164,7100
12186,7122
12206,7144
12228,7165
12249,7186
12271,7207
12293,7227
12315,7249
12339,7270
12363,7291
12385,7312
12408,7335
12431,7358
12453,7379
12476,7401
12498,7423
12521,7445
12542,7467
12564,7487
12587,7507
12608,7528
12632,7550
12653,7572
12674,7594
12695,7614
12717,7634
12740,7657
12763,7678
12786,7701
12811,7722
12834,7745
12857,7768
12880,7789
12903,7812
12925,7835
12948,7857
12970,7880
12993,7902
13015,7925
13038,7947
13061,7971
13085,7992
13109,8015
13132,8037
13156,8059
13179,8083
13203,8107
13229,8130
13252,8153
13276,8176
13300,8200
13324,8224
13348,8249
13372,8271
13395,8295
13419,8319
13444,8344
13468,8368
13491,8392
13515,8415
13537,8438
13560,8461
13583,8483
13607,8507
13630,8530
13654,8551
13676,8574
13700,8595
13722,8617
13745,8639
13767,8662
13791,8684
13813,8706
13835,8728
13858,8750
13881,8772
13902,8794
13926,8818
13949,8839
13971,8863
13995,8886
14019,8909
14042,8932
14065,8953
14090,8978
14115,9001
14139,9025
14162,9048
14185,9072
14209,9095
14235,9117
14258,9140
14280,9163
14304,9185
14327,9208
14349,9230
14373,9253
14396,9275
14419,9297
14443,9320
14467,9343
14489,9366
14512,9388
14535,9409
14559,9432
14581,9454
14603,9475
14627,9497
14650,9519
14673,9541
14696,9562
14717,9583
14739,9606
14762,9627
14784,9648
14805,9669
14828,9691
14849,9713
14870,9734
14893,9754
14916,9775
14939,9796
14962,9818
14983,9840
15006,9861
15028,9883
15051,9905
15075,9927
15097,9949
15121,9970
15145,9992
15167,10014
15188,10035
15211,10056
15234,10079
15258,10101
15281,10122
15303,10144
15326,10166
15347,10188
15369,10210
15393,10232
15417,10255
15441,10278
15464,10300
15488,10323
15510,10346
15535,10369
15559,10393
15582,10415
15606,10439
15629,10463
15654,10484
15677,10509
15701,10532
15725,10555
15748,10579
15772,10602
15795,10626
15819,10649
15843,10673
15867,10697
15890,10720
15915,10744
15942,10770
15966,10794
15991,10817
16016,10842
16041,10866
16065,10889
16089,10912
16112,10935
16135,10959
16157,10983
16180,11006
16202,11029
16224,11051
16246,11074
16269,11096
16291,11119
16313,11143
16336,11166
16358,11188
16381,11210
20,11231
42,11254
65,11276
89,11299
111,11322
133,11343
155,11366
177,11388
199,11409
221,11432
244,11455
265,11477
288,11500
310,11523
332,11545
355,11567
376,11588
399,11610
422,11631
444,11655
468,11677
491,11699
514,11721
537,11743
559,11765
581,11787
603,11809
624,11831
646,11853
666,11876
688,11898
708,11918
730,11940
751,11962
775,11984
797,12006
821,12029
844,12052
865,12074
890,12095
915,12117
938,12140
962,12161
986,12182
1009,12205
1033,12226
1055,12249
1078,12273
1100,12297
1123,12319
1146,12344
1170,12369
1195,12393
1219,12415
1242,12439
1266,12462
1290,12485
1315,12509
1341,12532
1365,12557
1389,12580
1413,12603
1437,12627
1461,12649
1484,12671
1507,12694
1530,12717
1553,12742
1575,12766
1599,12787
1620,12809
1645,12831
1667,12854
1691,12876
1714,12897
1737,12920
1761,12941
1784,12962
1807,12983
1830,13006
1853,13028
1877,13050
1899,13071
1922,13096
1945,13119
1969,13141
1993,13165
2016,13187
2039,13211
2062,13234
2088,13257
2112,13279
2136,13303
2160,13325
2185,13348
2209,13371
2232,13393
2256,13414
2281,13437
2307,13459
2329,13481
2354,13504
2376,13526
2400,13548
2422,13571
2445,13595
2468,13617
2491,13638
2513,13659
2536,13679
2559,13699
2582,13720
2606,13743
2630,13765
2652,13787
2676,13808
2699,13828
2724,13850
2747,13870
2770,13891
2792,13911
2815,13932
2836,13953
2857,13974
2879,13996
2901,14018
2923,14039
2944,14060
2968,14080
2991,14101
3015,14123
3038,14143
3062,14164
3086,14186
3109,14208
3133,14230
3156,14252
3179,14274
3201,14296
3225,14317
3249,14340
3272,14361
3295,14385
3317,14406
3341,14428
3365,14451
3389,14473
3412,14495
3435,14518
3460,14541
3484,14566
3509,14588
3534,14611
3558,14633
3582,14655
3606,14679
3632,14701
3655,14724
3679,14748
3703,14773
3725,14796
3750,14819
3774,14842
3798,14865
3823,14888
3847,14913
3872,14937
3897,14961
3922,14985
3947,15009
3972,15033
3997,15056
4021,15080
4044,15103
4067,15125
4091,15148
4115,15172
4139,15195
4163,15219
4187,15241
4210,15264
4232,15287
4255,15309
4279,15332
4300,15355
4324,15377
4348,15399
4371,15420
4396,15442
4419,15466
4442,15488
4466,15509
4490,15531
4512,15553
4536,15574
4558,15596
4579,15620
4601,15641
4624,15663
4647,15684
4669,15707
4691,15730
4714,15750
4737,15773
4760,15795
4781,15819
4804,15841
4826,15863
4848,15884
4871,15906
4894,15928
4918,15949
4941,15970
4963,15992
4984,16014
5004,16036
5027,16059
5050,16079
5072,16103
5094,16125
5117,16145
5141,16169
5165,16192
5187,16212
5211,16235
5234,16258
5258,16279
5281,16301
5305,16323
5329,16346
5351,16368
5375,8
5398,31
5422,54
5445,78
5468,99
5491,122
5516,146
5540,168
5564,192
5587,217
5611,242
5635,266
5658,290
5683,313
5708,336
5731,358
5755,381
5778,405
5803,428
5826,451
5849,475
5874,498
5896,521
5919,542
5942,563
5965,586
5989,609
6010,630
6033,652
6057,675
6078,696
6101,718
6123,741
6145,763
6167,786
6191,808
6215,830
6238,853
6261,876
6285,898
6309,921
6333,943
6357,966
6380,989
6404,1014
6428,1038
6451,1061
6475,1084
6499,1107
6522,1130
6546,1153
6569,1176
6593,1200
6616,1223
6640,1246
6664,1268
6687,1291
6712,1314
6735,1337
6758,1359
6783,1381
6806,1403
6829,1427
6853,1449
6876,1471
6899,1493
6922,1516
6944,1538
6968,1559
6989,1581
7012,1603
7034,1624
7056,1645
7077,1665
7100,1687
7123,1708
7146,1729
7168,1751
7191,1772
7214,1793
7236,1815
7259,1837
7282,1858
7304,1881
7325,1903
7347,1924
7370,1945
7393,1967
7415,1989
7438,2011
7461,2033
7483,2055
7506,2077
7529,2101
7553,2123
7577,2146
7600,2168
7624,2190
7648,2213
7671,2235
7694,2258
7718,2281
7740,2305
7764,2328
7787,2350
7811,2374
7833,2398
7858,2421
7881,2444
7904,2468
7927,2491
7950,2514
7974,2539
7997,2561
8023,2585
8048,2608
8072,2632
8096,2656
8121,2682
8145,2706
8169,2730
8193,2756
8218,2781
8242,2805
8265,2830
8288,2855
8312,2880
8337,2903
8360,2927
8385,2950
8410,2975
8434,2999
8458,3024
8482,3048
8506,3071
8529,3094
8552,3117
8575,3141
8598,3163
8620,3187
8644,3209
8667,3232
8689,3254
8712,3277
8734,3299
8756,3322
8779,3345
8801,3368
8824,3389
8845,3410
8869,3433
8893,3456
8916,3479
8940,3501
8961,3526
8985,3547
9008,3569
9030,3592
9053,3613
9075,3636
9097,3659
9119,3681
9142,3704
9164,3725
9188,3747
9210,3769
9233,3791
9255,3813
9278,3835
9301,3858
9325,3880
9348,3903
9372,3924
9396,3946
9419,3968
9441,3989
9463,4011
9486,4033
9509,4058
9531,4081
9554,4104
9577,4126
9601,4148
9624,4171
9647,4194
9670,4217
9696,4241
9721,4265
9746,4289
9771,4313
9796,4335
9821,4358
9845,4382
9870,4407
9893,4432
9919,4457
9943,4479
9967,4504
9991,4527
10015,4551
10039,4575
10064,4601
10088,4624
10113,4648
10138,4672
10162,4695
10186,4717
10211,4740
10237,4763
10261,4787
10284,4810
10307,4831
10330,4853
10352,4875
10375,4897
10397,4920
10421,4942
10444,4965
10467,4987
10490,5010
10513,5034
10536,5055
10560,5079
10583,5101
10608,5122
10632,5145
10657,5167
10682,5190
10706,5213
10731,5237
10755,5260
10779,5284
10805,5307
10829,5329
10853,5353
10877,5376
10900,5400
10924,5421
10947,5445
10970,5466
10994,5489
11017,5511
11043,5533
11066,5556
11092,5579
11117,5602
11141,5625
11164,5645
11188,5668
11211,5689
11234,5710
11257,5731
11280,5752
11304,5773
11327,5794
11349,5815
11372,5837
11394,5857
11416,5878
11440,5899
11463,5922
11485,5943
11508,5964
11533,5986
11555,6008
11579,6029
11602,6050
11623,6072
11646,6092
11669,6113
11691,6136
11714,6155
11737,6175
11760,6198
11782,6219
11805,6241
11827,6264
11851,6285
11874,6308
11898,6332
11923,6354
11947,6376
11972,6399
11996,6421
12019,6444
12042,6466
12066,6489
12090,6512
12112,6536
12136,6559
12159,6582
12182,6604
12206,6627
12230,6651
12254,6675
12277,6697
12301,6720
12325,6743
12349,6766
12374,6790
12399,6814
12424,6838
12450,6863
12476,6886
12501,6910
12526,6935
12549,6960
12575,6984
12600,7008
12625,7033
12648,7059
12672,7083
12695,7107
12720,7131
12744,7155
12769,7179
12794,7203
12819,7225
12842,7248
12866,7272
12890,7294
12914,7317
12939,7340
12962,7363
12986,7386
13008,7408
13032,7431
13055,7454
13079,7478
13103,7499
13126,7522
13149,7545
13171,7566
13193,7588
13217,7610
13240,7632
13263,7654
13286,7676
13309,7698
13332,7720
13357,7742
13379,7764
13401,7787
13424,7807
13447,7830
13470,7853
13493,7875
13515,7897
13538,7918
13559,7939
13579,7960
13603,7981
13625,8003
13647,8026
13669,8046
13693,8067
13717,8090
13740,8113
13763,8135
13786,8156
13810,8178
13833,8201
13856,8222
13879,8244
13902,8266
13925,8290
13948,8313
13972,8338
13997,8361
14020,8385
14044,8409
14069,8432
14092,8455
14116,8479
14140,8504
14162,8528
14188,8553
14213,8577
14238,8600
14263,8625
14288,8649
14313,8673
14336,8697
14360,8720
14385,8744
14408,8768
14433,8791
14457,8815
14481,8840
14504,8865
14527,8888
14552,8912
14576,8936
14600,8959
14623,8982
14648,9005
14672,9027
14697,9048
14720,9071
14744,9092
14766,9116
14790,9140
14813,9161
14837,9182
14859,9204
14881,9227
14903,9250
14926,9272
14950,9294
14972,9318
14996,9340
15020,9364
15043,9388
15067,9410
15091,9434
15115,9456
15141,9479
15165,9503
15189,9525
15214,9550
15238,9573
15261,9596
15287,9619
15310,9641
15333,9664
15356,9686
15378,9709
15401,9732
15424,9754
15447,9777
15471,9798
15493,9819
15517,9840
15540,9862
15564,9885
15587,9908
15610,9929
15632,9951
15654,9973
15677,9994
15700,10015
15722,10036
15746,10058
15768,10079
15789,10101
15811,10122
15833,10144
15855,10166
15877,10187
15900,10209
15924,10230
15945,10251
15967,10273
15989,10295
16012,10318
16036,10340
16058,10361
16082,10384
16105,10406
16128,10428
16149,10450
16171,10472
16193,10494
16215,10517
16238,10540
16261,10563
16282,10586
16305,10609
16326,10631
16351,10653
16373,10676
12,10699
37,10722
61,10745
84,10767
107,10790
131,10815
155,10839
178,10862
201,10885
225,10908
248,10933
271,10958
294,10981
319,11005
342,11027
366,11053
390,11076
414,11099
438,11123
463,11147
489,11172
515,11198
540,11221
565,11246
591,11271
615,11296
640,11320
664,11344
687,11368
711,11393
734,11417
756,11441
780,11465
804,11487
828,11511
852,11535
876,11559
899,11581
923,11603
946,11626
969,11649
994,11672
1019,11693
1042,11716
1065,11738
1087,11762
1109,11785
1131,11808
1154,11830
1176,11852
1198,11874
1220,11896
1243,11919
1265,11940
1288,11962
1310,11984
1332,12006
1356,12030
1381,12052
1405,12073
1428,12094
1451,12116
1473,12137
1496,12157
1518,12179
1540,12200
1561,12220
1583,12242
1604,12264
1626,12284
1648,12307
1671,12328
1693,12351
1715,12374
1740,12397
1764,12420
1789,12442
1813,12464
1837,12487
1861,12509
1884,12532
1907,12556
1932,12579
1955,12602
1978,12625
2002,12648
2024,12671
2048,12695
2072,12719
2097,12744
2120,12766
2145,12790
2168,12814
2194,12839
2221,12864
2247,12889
2272,12912
2298,12936
2323,12959
2349,12983
2373,13008
2398,13032
2422,13055
2445,13078
2468,13101
2490,13124
2513,13145
2537,13168
2560,13192
2583,13215
2607,13238
2630,13259
2655,13281
2679,13304
2702,13326
2726,13349
2750,13370
2774,13393
2797,13414
2821,13435
2845,13457
2867,13480
2889,13501
2913,13523
2936,13547
2958,13569
2982,13591
3005,13613
3030,13635
3055,13659
3078,13683
3102,13704
3127,13729
3153,13752
3178,13775
3202,13798
3227,13820
3252,13843
3276,13864
3299,13886
3322,13909
3345,13931
3366,13952
3390,13975
3414,13997
3438,14017
3460,14039
3483,14062
3507,14085
3530,14106
3553,14126
3576,14146
3598,14166
3621,14187
3644,14208
3666,14229
3689,14250
3711,14270
3735,14291
3756,14314
3778,14335
3800,14357
3823,14377
3844,14398
3866,14418
3888,14439
3909,14461
3930,14481
3953,14503
3974,14525
3997,14547
4019,14568
4042,14591
4066,14614
4090,14634
4111,14655
4135,14677
4157,14698
4179,14720
4201,14742
4224,14765
4246,14787
4269,14810
4292,14832
4315,14855
4338,14878
4362,14900
4386,14922
4409,14944
4435,14966
4460,14989
4482,15012
4506,15035
4530,15058
4554,15082
4577,15104
4600,15126
4623,15149
4644,15172
4667,15195
4691,15218
4715,15241
4740,15264
4763,15288
4787,15311
4811,15336
4837,15359
4862,15383
4887,15407
4911,15429
4936,15453
4959,15476
4984,15500
5008,15523
5032,15546
5056,15568
5080,15592
5105,15615
5128,15638
5152,15662
5174,15684
5195,15708
5219,15730
5241,15752
5264,15774
5288,15798
5312,15820
5336,15843
5359,15865
5381,15888
5404,15909
5427,15931
5448,15953
5471,15975
5494,15996
5517,16018
5539,16040
5561,16060
5581,16082
5604,16103
5625,16124
5648,16146
5671,16167
5692,16189
5714,16209
5736,16230
5759,16251
5781,16271
5804,16293
5825,16314
5847,16336
5870,16357
5893,16378
5915,16
5937,38
5960,59
5981,80
6003,102
6024,123
6047,144
6070,167
6092,188
6114,210
6136,232
6159,254
6182,277
6204,301
6227,323
6250,347
6274,370
6298,393
6323,415
6347,438
6371,462
6395,485
6418,509
6442,531
6464,554
6489,577
6513,602
6536,625
6560,649
6583,672
6607,696
6630,720
6655,743
6680,766
6704,790
6728,813
6753,836
6777,860
6801,884
6825,907
6849,929
6873,954
6896,976
6920,997
6941,1019
6965,1042
6987,1064
7010,1086
7033,1107
7055,1129
7079,1150
7102,1172
7125,1195
7148,1218
7172,1240
7194,1263
7217,1284
7240,1307
7263,1328
7287,1350
7311,1373
7335,1396
7358,1419
7382,1441
7406,1465
7429,1488
7452,1512
7476,1535
7501,1559
7523,1582
7546,1605
7570,1628
7595,1650
7619,1674
7642,1698
7666,1719
7689,1742
7712,1764
7737,1786
7760,1807
7782,1830
7804,1851
7826,1872
7848,1893
7870,1915
7891,1938
7914,1959
7937,1981
7958,2003
7981,2024
8004,2045
8026,2067
8048,2088
8070,2110
8093,2131
8115,2153
8137,2176
8161,2197
8183,2219
8204,2242
8227,2263
8248,2284
8270,2307
8293,2329
8315,2351
8338,2373
8361,2396
8383,2419
8407,2441
8431,2464
8454,2485
8478,2508
8502,2531
8524,2553
8549,2576
8573,2600
8596,2622
8619,2645
8642,2668
8666,2692
8689,2716
8712,2739
8734,2763
8757,2788
8781,2810
8805,2833
8829,2856
8853,2881
8878,2905
8903,2930
8926,2955
8952,2979
8976,3001
9001,3026
9025,3050
9049,3075
9074,3100
9097,3123
9121,3148
9146,3172
9170,3196
9194,3220
9219,3246
9244,3271
9270,3296
9295,3320
9319,3345
9345,3370
9370,3394
9396,3418
9421,3442
9446,3467
9470,3492
9494,3515
9517,3538
9539,3561
9563,3585
9586,3608
9609,3630
9632,3654
9655,3675
9677,3699
9701,3723
9725,3746
9749,3770
9772,3793
9796,3816
9821,3839
9844,3860
9867,3883
9890,3904
9913,3925
9934,3946
9956,3968
9979,3989
10001,4011
10024,4032
10047,4054
10070,4076
10092,4097
10114,4119
10136,4140
10160,4162
10183,4184
10206,4206
10230,4230
10254,4252
10277,4274
10300,4297
10322,4319
10346,4341
10369,4364
10390,4387
10413,4408
10437,4430
10458,4455
10481,4477
10504,4499
10529,4522
10552,4545
10577,4568
10601,4591
10625,4616
10650,4640
10675,4665
10701,4689
10727,4713
10751,4735
10775,4758
10800,4782
10824,4805
10847,4828
10870,4853
10893,4876
10917,4899
10942,4924
10966,4948
10991,4972
11017,4997
11042,5022
11068,5046
11095,5069
11121,5092
11145,5115
11170,5139
11195,5162
11220,5186
11244,5208
11266,5232
11289,5254
11312,5277
11335,5300
11358,5323
11381,5345
11405,5367
11429,5389
11451,5411
11474,5431
11498,5453
11522,5476
11548,5498
11572,5521
11594,5543
11617,5566
11641,5588
11664,5610
11689,5633
11713,5655
11738,5677
11761,5699
11784,5723
11808,5746
11832,5769
11855,5791
11879,5813
11903,5836
11927,5861
11953,5884
11976,5908
12000,5931
12024,5953
12047,5974
12072,5996
12094,6018
12116,6039
12139,6060
12160,6081
12181,6103
12203,6125
12224,6145
12245,6167
12269,6188
12290,6210
12314,6231
12335,6253
12358,6275
12381,6297
12404,6317
12428,6338
12450,6360
12473,6380
12497,6401
12520,6423
12541,6445
12565,6466
12588,6488
12611,6507
12632,6530
12656,6552
12678,6574
12701,6596
12724,6618
12746,6642
12769,6665
12792,6687
12816,6710
12839,6731
12863,6755
12886,6777
12910,6800
12935,6824
12958,6846
12984,6867
13008,6890
13031,6914
13053,6938
13077,6959
13100,6981
13124,7003
13148,7027
13171,7051
13195,7075
13220,7099
13243,7123
13268,7146
13293,7170
13319,7193
13343,7217
13368,7241
13393,7264
13417,7288
13441,7312
13465,7336
13489,7361
13512,7386
13538,7411
13562,7435
13587,7460
13612,7484
13637,7509
13662,7532
13686,7556
13709,7580
13735,7605
13759,7630
13783,7653
13808,7677
13832,7700
13856,7723
13880,7747
13904,7771
13928,7794
13952,7817
13975,7840
13998,7861
14021,7883
14044,7905
14067,7928
14089,7950
14112,7972
14136,7995
14158,8016
14180,8037
14204,8058
14225,8078
14247,8101
14271,8124
14293,8145
14316,8166
14338,8186
14361,8207
14383,8229
14406,8249
14428,8271
14449,8293
14472,8314
14495,8336
14518,8357
14540,8379
14562,8400
14585,8422
14607,8443
14628,8464
14653,8487
14677,8510
14699,8531
14723,8554
14747,8575
14769,8597
14792,8621
14815,8645
14838,8666
14862,8690
14884,8714
14907,8735
14930,8758
14953,8782
14976,8804
14999,8827
15025,8851
15049,8876
15074,8900
15099,8922
15123,8947
15146,8971
15171,8994
15195,9017
15220,9040
15245,9064
15270,9087
15295,9110
15320,9133
15343,9157
15366,9182
15390,9204
15414,9229
15439,9252
15463,9275
15485,9299
15510,9322
15533,9346
15557,9369
15581,9392
15606,9415
15631,9439
15654,9462
15678,9483
15703,9506
15725,9529
15747,9551
15771,9574
15795,9595
15819,9617
15842,9640
15864,9663
15886,9685
15909,9706
15932,9730
15953,9752
15977,9775
16002,9798
16025,9820
16048,9842
16072,9866
16097,9890
16122,9912
16145,9935
16169,9959
16192,9982
16215,10005
16237,10028
16260,10050
16283,10074
16306,10097
16328,10120
16352,10142
16375,10165
14,10187
37,10210
61,10232
85,10255
109,10277
131,10299
156,10321
180,10343
201,10364
224,10385
246,10406
267,10427
289,10449
311,10470
333,10493
356,10516
378,10538
400,10559
422,10582
446,10603
469,10624
491,10646
513,10668
537,10690
562,10712
586,10736
609,10758
632,10781
656,10803
678,10825
700,10849
723,10872
747,10894
768,10916
790,10940
813,10963
837,10987
861,11010
885,11034
909,11056
933,11080
957,11103
981,11127
1006,11151
1030,11174
1055,11197
1080,11220
1104,11244
1128,11268
1151,11291
1174,11315
1197,11339
1221,11364
1245,11387
1270,11413
1294,11437
1319,11461
1343,11485
1368,11508
1393,11533
1419,11558
1443,11583
1468,11609
1492,11632
1517,11657
1541,11681
1566,11705
1591,11731
1615,11758
1640,11782
1664,11807
1688,11831
1712,11856
1736,11879
1760,11902
1784,11927
1809,11950
1833,11973
1857,11997
1881,12021
1905,12043
1929,12066
1954,12089
1977,12111
2000,12134
2024,12156
2045,12178
2067,12200
2090,12222
2113,12244
2135,12265
2158,12288
2182,12311
2204,12332
2226,12352
2248,12373
2271,12395
2294,12416
2318,12438
2341,12460
2363,12481
2387,12502
2410,12525
2433,12546
2454,12569
2477,12592
2499,12613
2520,12635
2543,12657
2564,12679
2587,12700
2609,12723
2632,12745
2656,12768
2680,12790
2703,12814
2728,12836
2752,12858
2776,12880
2799,12903
2823,12926
2847,12949
2870,12971
2893,12994
2916,13017
2939,13040
2964,13063
2987,13088
3011,13112
3036,13136
3061,13159
3085,13181
3110,13205
3135,13229
3160,13255
3184,13277
3208,13300
3233,13325
3257,13348
3281,13371
3304,13395
3329,13419
3353,13442
3377,13466
3401,13489
3426,13512
3451,13536
3475,13560
3499,13582
3522,13605
3546,13628
3572,13652
3597,13675
3622,13697
3646,13720
3670,13741
3694,13763
3716,13785
3740,13808
3764,13829
3786,13851
3808,13873
3830,13895
3853,13917
3876,13940
3898,13961
3921,13983
3943,14007
3966,14029
3989,14051
4012,14074
4037,14097
4061,14119
4085,14142
4109,14166
4133,14190
4157,14213
4181,14236
4204,14260
4228,14282
4253,14304
4276,14327
4299,14349
4323,14372
4346,14395
4369,14416
4393,14439
4415,14461
4441,14484
4465,14505
4489,14526
4513,14549
4536,14571
4558,14592
4581,14615
4604,14636
4627,14658
4650,14680
4673,14703
4695,14725
4719,14746
4741,14766
4764,14788
4787,14810
4810,14832
4834,14854
4858,14876
4881,14899
4904,14921
4926,14941
4948,14963
4972,14985
4996,15008
5019,15030
5041,15052
5064,15074
5088,15097
5110,15118
5134,15141
5156,15163
5178,15185
5202,15208
5226,15231
5248,15254
5272,15278
5296,15300
5319,15324
5343,15347
5366,15370
5391,15394
5416,15418
5440,15441
5465,15464
5490,15488
5513,15511
5537,15534
5560,15557
5583,15582
5607,15606
5631,15629
5656,15651
5679,15674
5703,15698
5726,15722
5751,15746
5776,15772
5800,15795
5825,15820
5850,15845
5874,15869
5898,15893
5924,15917
5950,15941
5974,15965
5999,15990
6023,16015
6048,16038
6071,16063
6096,16087
6119,16110
6143,16133
6166,16156
6190,16179
6214,16200
6237,16223
6259,16245
6283,16266
6305,16288
6328,16309
6352,16332
6375,16354
6398,16377
6420,14
6444,38
6467,59
6490,80
6513,101
6535,124
6557,145
6578,166
6599,187
6619,208
6641,229
6664,251
6685,272
6708,294
6731,315
6753,337
6775,359
6798,380
6822,402
6844,425
6867,446
6891,469
6913,491
6936,514
6958,536
6980,558
7002,581
7023,602
7046,623
7070,645
7094,667
7116,690
7139,712
7161,734
7185,757
7209,780
7233,803
7257,826
7282,848
7304,871
7328,895
7351,918
7374,941
7399,964
7422,987
7445,1010
7468,1034
7492,1056
7515,1081
7539,1105
7564,1129
7587,1153
7613,1177
7637,1200
7662,1223
7687,1246
7713,1270
7738,1295
7763,1318
7786,1342
7809,1365
7832,1388
7855,1409
7878,1433
7901,1456
7924,1478
7946,1501
7968,1523
7990,1546
8013,1567
8036,1590
8058,1612
8082,1634
8104,1656
8128,1679
8151,1700
8173,1722
8196,1745
8219,1766
8243,1788
8264,1810
8286,1831
8308,1854
8331,1875
8353,1898
8376,1921
8399,1944
8423,1965
8447,1989
8471,2013
8495,2035
8518,2058
8542,2081
8564,2103
8589,2126
8613,2148
8636,2170
8659,2194
8682,2217
8705,2238
8729,2261
8752,2284
8773,2305
8796,2327
8819,2348
8842,2370
8865,2393
8887,2415
8910,2437
8933,2458
8956,2480
8979,2504
9002,2526
9025,2548
9048,2569
9071,2591
9093,2613
9115,2634
9138,2656
9160,2678
9181,2701
9204,2723
9226,2746
9249,2769
9272,2791
9295,2815
9318,2838
9341,2860
9365,2880
9388,2902
9412,2924
9435,2947
9458,2970
9482,2994
9506,3016
9529,3039
9553,3062
9576,3086
9600,3109
9623,3132
9647,3156
9670,3180
9694,3204
9717,3227
9741,3252
9766,3277
9790,3300
9813,3324
9837,3347
9863,3373
9888,3396
9914,3421
9938,3446
9963,3469
9987,3493
10013,3518
10036,3541
10060,3567
10083,3590
10107,3613
10130,3639
10154,3664
10178,3689
10204,3712
10229,3736
10254,3762
10279,3788
10306,3812
10330,3836
10356,3859
10381,3884
10406,3908
10431,3930
10455,3953
10478,3977
10501,3999
10525,4024
10549,4046
10572,4069
10596,4093
10619,4115
10642,4138
10666,4160
10690,4183
10713,4206
10736,4229
10762,4252
10788,4274
10811,4297
10834,4319
10857,4341
10880,4361
10902,4384
10923,4406
10945,4428
10968,4450
10991,4471
11011,4492
11033,4512
11054,4535
11078,4556
11101,4577
11125,4599
11146,4620
11169,4641
11193,4664
11216,4685
11239,4709
11261,4731
11286,4753
11309,4775
11332,4798
11355,4820
11376,4841
11398,4864
11421,4888
11444,4909
11467,4931
11491,4954
11513,4974
11536,4995
11562,5018
11586,5041
11611,5064
11636,5087
11659,5110
11683,5134
11709,5156
11733,5179
11757,5203
11781,5227
11804,5250
11827,5274
11850,5298
11874,5321
11899,5344
11923,5368
11948,5390
11972,5413
11997,5436
12022,5460
12048,5484
12073,5508
12096,5533
12120,5556
12142,5578
12166,5601
12191,5624
12214,5647
12238,5670
12262,5694
12284,5717
12306,5739
12329,5761
12352,5783
12376,5806
12399,5828
12422,5849
12447,5870
12470,5892
12492,5915
12517,5937
12541,5959
12564,5981
12589,6003
12612,6026
12635,6049
12659,6070
12681,6093
12703,6115
12726,6137
12750,6158
12775,6179
12798,6201
12821,6226
12845,6249
12869,6272
12893,6295
12916,6319
12939,6341
12963,6364
12987,6384
13012,6405
13036,6428
13058,6451
13082,6474
13105,6496
13127,6518
13151,6540
13174,6561
13196,6581
13216,6603
13238,6625
13262,6646
13285,6668
13308,6690
13331,6712
13353,6734
13376,6755
13400,6777
13423,6798
13446,6821
13469,6842
13491,6864
13513,6886
13536,6908
13558,6929
13579,6950
13602,6972
13625,6993
13650,7015
13672,7037
13693,7059
13717,7082
13740,7104
13763,7126
13785,7149
13808,7171
13832,7194
13855,7217
13879,7240
13901,7262
13924,7285
13949,7309
13970,7331
13992,7355
14015,7377
14038,7398
14063,7421
14086,7446
14110,7469
14134,7492
14155,7514
14178,7537
14203,7560
14228,7584
14251,7606
14274,7631
14298,7654
14321,7677
14345,7702
14369,7725
14394,7749
14418,7773
14441,7796
14465,7820
14490,7843
14513,7867
14538,7889
14562,7914
14586,7938
14610,7962
14634,7986
14658,8009
14682,8031
14706,8055
14731,8078
14756,8101
14779,8125
14804,8149
14826,8171
14850,8195
14875,8218
14901,8241
14924,8263
14949,8287
14971,8308
14992,8331
15015,8351
15038,8373
15060,8397
15081,8418
15104,8440
15126,8462
15149,8484
15172,8507
15195,8528
15217,8549
15240,8570
15262,8591
15284,8611
15307,8633
15330,8655
15352,8675
15373,8697
15393,8717
15414,8738
15435,8759
15456,8780
15478,8801
15500,8822
15524,8844
15546,8866
15567,8887
15590,8908
15612,8928
15634,8949
15657,8971
15679,8994
15702,9015
15725,9037
15748,9060
15770,9081
15794,9102
15818,9125
15840,9148
15861,9169
15884,9192
15906,9215
15928,9236
15952,9258
15976,9280
15997,9303
16020,9326
16044,9349
16068,9372
16093,9395
16116,9420
16141,9443
16164,9467
16188,9491
16211,9513
16233,9536
16258,9558
16280,9582
16303,9606
16326,9628
16349,9650
16372,9674
10,9696
34,9720
57,9743
81,9766
104,9789
128,9812
152,9836
177,9859
201,9882
225,9903
249,9926
273,9948
298,9970
320,9993
341,10014
364,10036
386,10057
407,10078
429,10101
452,10124
475,10145
499,10168
523,10190
545,10212
568,10234
591,10256
616,10279
639,10302
663,10324
685,10346
708,10368
731,10389
754,10411
779,10434
802,10457
825,10480
849,10504
872,10527
895,10551
918,10572
942,10596
966,10618
990,10642
1013,10665
1036,10687
1060,10708
1084,10730
1108,10752
1131,10775
1155,10797
1179,10819
1201,10841
1223,10862
1245,10885
1267,10906
1288,10927
1309,10949
1332,10972
1354,10993
1377,11016
1400,11037
1423,11059
1447,11081
1471,11105
1494,11128
1518,11149
1542,11171
1565,11194
1587,11216
1612,11237
1634,11260
1657,11284
1679,11306
1700,11328
1723,11350
1746,11372
1769,11396
1791,11420
1814,11445
1838,11467
1862,11490
1885,11515
1911,11538
1936,11561
1960,11584
1985,11608
2009,11631
2033,11655
2058,11679
2081,11703
2104,11726
2127,11750
2150,11773
2174,11798
2198,11822
2221,11846
2243,11867
2268,11891
2293,11914
2318,11938
2342,11963
2368,11988
2394,12012
2418,12037
2443,12062
2469,12085
2493,12109
2516,12132
2539,12155
2563,12178
2587,12201
2611,12225
2636,12248
2660,12272
2685,12296
2711,12322
2736,12346
2761,12369
2787,12394
2812,12417
2836,12441
2860,12466
2884,12490
2908,12514
2931,12536
2955,12557
2979,12580
3003,12602
3025,12625
3047,12648
3070,12670
3091,12692
3115,12714
3138,12735
3160,12758
3183,12779
3206,12801
3229,12822
3252,12844
3276,12866
3299,12888
3321,12910
3343,12931
3365,12952
3388,12972
3410,12994
3430,13013
3451,13035
3472,13057
3494,13078
3516,13100
3539,13122
3563,13144
3585,13166
3608,13188
3632,13209
3655,13231
3678,13253
3701,13275
3726,13296
3749,13318
3772,13339
3794,13361
3817,13383
3839,13405
3862,13429
3884,13452
3905,13475
3928,13497
3950,13519
3972,13541
3995,13563
4019,13585
4043,13609
4068,13631
4093,13656
4116,13678
4140,13701
4164,13723
4189,13746
4212,13769
4236,13792
4260,13814
4283,13837
4308,13862
4330,13887
4354,13910
4378,13934
4402,13955
4425,13978
4448,14000
4473,14024
4497,14048
4522,14070
4548,14093
4572,14115
4596,14137
4620,14162
4645,14184
4670,14206
4692,14228
4716,14250
4739,14272
4763,14294
4785,14317
4807,14337
4830,14360
4852,14382
4875,14404
4898,14424
4921,14445
4943,14469
4967,14491
4991,14513
5014,14534
5037,14556
5060,14579
5085,14601
5109,14624
5133,14647
5158,14669
5179,14691
5203,14715
5225,14738
5250,14760
5274,14782
5297,14804
5321,14826
5345,14849
5368,14871
5392,14893
5413,14915
5436,14937
5458,14959
5482,14982
5505,15004
5529,15025
5552,15047
5574,15068
5597,15089
5621,15110
5644,15132
5667,15155
5689,15176
5711,15198
5733,15220
5755,15242
5777,15264
5800,15285
5823,15308
5847,15330
5869,15352
5891,15374
5914,15396
5937,15419
5961,15440
5984,15463
6005,15486
6028,15507
6051,15529
6075,15552
6098,15573
6121,15595
6145,15618
6168,15640
6190,15663
6212,15685
6236,15709
6259,15731
6282,15753
6306,15776
6331,15800
6354,15822
6378,15846
6401,15870
6425,15894
6449,15918
6473,15940
6497,15964
6521,15987
6544,16012
6569,16035
6591,16059
6615,16082
6640,16105
6666,16128
6687,16152
6712,16175
6736,16197
6759,16220
6783,16244
6808,16268
6831,16289
6856,16314
6881,16338
6905,16361
6930,1
6954,26
6979,50
7005,72
7029,96
7052,120
7075,142
7100,166
7125,190
7148,214
7172,238
7196,262
7221,285
7245,308
7269,330
7292,353
7316,375
7340,396
7362,419
7384,442
7407,464
7430,486
7453,509
7477,532
7500,553
7522,574
7544,596
7567,618
7590,640
7610,661
7632,682
7655,703
7676,724
7698,745
7720,766
7742,787
7764,809
7787,829
7809,850
7833,872
7856,894
7879,915
7900,937
7924,959
7946,980
7967,1002
7988,1023
8010,1045
8031,1069
8053,1090
8074,1112
8097,1134
8121,1156
8143,1178
8166,1200
8189,1223
8212,1246
8237,1267
8262,1289
8284,1312
8308,1335
8331,1358
8354,1381
8378,1404
8401,1428
8426,1452
8449,1476
8473,1499
8497,1523
8520,1545
8545,1568
8570,1592
8593,1614
8618,1637
8643,1660
8666,1683
8692,1708
8716,1731
8740,1755
8764,1778
8787,1801
8812,1824
8836,1847
8859,1870
8884,1893
8907,1917
8931,1941
8955,1963
8978,1986
9003,2009
9027,2030
9051,2054
9076,2077
9101,2100
9125,2123
9149,2146
9173,2170
9196,2192
9217,2214
9240,2236
9263,2259
9285,2280
9308,2302
9330,2325
9354,2347
9377,2370
9400,2393
9424,2416
9449,2438
9474,2462
9498,2485
9523,2508
9548,2529
9573,2554
9596,2577
9620,2600
9643,2624
9667,2646
9690,2669
9713,2692
9734,2716
9758,2738
9780,2763
9804,2785
9827,2808
9851,2830
9875,2852
9898,2875
9923,2898
9948,2920
9972,2943
9995,2966
10017,2988
10041,3010
10065,3034
10088,3057
10110,3078
10132,3099
10155,3122
10177,3145
10200,3168
10223,3191
10247,3215
10269,3239
10293,3261
10315,3284
10339,3306
10363,3330
10387,3352
10411,3374
10435,3397
10458,3420
10482,3441
10506,3465
10530,3491
10553,3515
10577,3539
10598,3562
10622,3585
10646,3609
10669,3632
10693,3656
10716,3680
10740,3706
10764,3729
10788,3753
10815,3776
10839,3801
10864,3825
10888,3849
10913,3871
10936,3895
10962,3918
10986,3942
11009,3966
11032,3989
11056,4012
11080,4036
11104,4060
11127,4084
11152,4107
11178,4131
11203,4156
11228,4179
11253,4203
11278,4228
11303,4253
11327,4277
11351,4301
11377,4326
11401,4350
11425,4374
11450,4396
11475,4420
11499,4444
11522,4468
11546,4492
11570,4516
11594,4539
11618,4561
11642,4585
11665,4610
11689,4632
11712,4656
11737,4679
11762,4702
11785,4724
11807,4746
11830,4768
11853,4790
11877,4814
11900,4837
11921,4859
11942,4880
11964,4900
11984,4921
12005,4941
12027,4962
12050,4984
12072,5005
12094,5027
12116,5048
12137,5069
12158,5090
12180,5110
12204,5131
12226,5151
12248,5173
12269,5195
12292,5216
12315,5236
12339,5259
12361,5280
12381,5302
12405,5325
12427,5345
12451,5367
12474,5389
12497,5411
12520,5435
12543,5457
12567,5479
12591,5500
12615,5523
12638,5546
12661,5567
12686,5590
12711,5613
12734,5636
12758,5660
12783,5683
12806,5706
12830,5731
12852,5754
12876,5777
12901,5800
12926,5825
12950,5848
12976,5871
13001,5894
13026,5917
13051,5940
13074,5964
13099,5988
13124,6011
13150,6034
13174,6056
13198,6081
13222,6104
13246,6127
13270,6149
13294,6173
13317,6197
13342,6219
13365,6241
13389,6265
13412,6288
13436,6310
13460,6332
13485,6357
13508,6379
13531,6402
13555,6424
13578,6445
13602,6468
13626,6490
13648,6512
13672,6534
13695,6557
13718,6580
13741,6604
13764,6625
13787,6647
13811,6668
13833,6690
13856,6714
13881,6737
13906,6760
13930,6782
13953,6805
13977,6829
14001,6852
14027,6875
14050,6896
14074,6920
14098,6941
14122,6964
14146,6987
14168,7009
14191,7032
14213,7053
14236,7076
14260,7098
14283,7120
14304,7141
14327,7163
14350,7186
14373,7209
14397,7231
14420,7253
14444,7276
14467,7298
14490,7322
14514,7344
14538,7367
14562,7390
14583,7413
14607,7434
14630,7456
14654,7479
14677,7502
14701,7525
14724,7546
14747,7570
14770,7590
14792,7614
14817,7637
14840,7659
14862,7683
14887,7707
14911,7730
14934,7753
14958,7776
14982,7799
15006,7822
15029,7846
15052,7870
15075,7892
15100,7916
15125,7939
15147,7962
15170,7986
15195,8009
15218,8031
15242,8054
15265,8076
15290,8099
15314,8123
15337,8148
15362,8171
15387,8196
15412,8219
15436,8242
15460,8266
15484,8290
15510,8313
15534,8337
15557,8360
15581,8385
15605,8408
15628,8432
15653,8455
15677,8480
15701,8502
15726,8526
15752,8551
15777,8575
15801,8598
15826,8621
15850,8645
15875,8670
15900,8695
15924,8717
15948,8740
15971,8764
15995,8788
16019,8811
16042,8835
16064,8858
16085,8880
16109,8902
16132,8926
16156,8948
16178,8970
16200,8991
16222,9012
16246,9034
16268,9055
16291,9077
16312,9099
16334,9119
16355,9141
16377,9162
14,9182
36,9203
57,9224
79,9245
101,9267
122,9289
142,9309
164,9329
185,9350
208,9370
230,9392
254,9414
278,9436
302,9459
325,9481
347,9503
369,9524
392,9545
415,9566
437,9589
459,9611
482,9634
504,9655
527,9677
551,9699
574,9722
598,9745
623,9768
647,9790
671,9813
696,9836
721,9858
745,9882
770,9906
794,9930
818,9953
843,9977
867,10000
891,10024
914,10048
939,10071
962,10094
985,10117
1010,10141
1035,10164
1059,10187
1085,10211
1108,10234
1133,10257
1158,10281
1185,10305
1209,10328
1233,10351
1257,10374
1281,10397
1304,10422
1328,10446
1352,10469
1376,10492
1399,10514
1422,10536
1444,10558
1468,10582
1492,10606
1516,10628
1539,10652
1562,10673
1586,10696
1611,10718
1635,10741
1657,10763
1681,10787
1703,10809
1726,10831
1750,10854
1774,10878
1797,10899
1821,10923
1845,10946
1868,10970
1893,10992
1917,11014
1941,11038
1964,11063
1989,11085
2013,11109
2038,11134
2061,11156
2086,11178
2109,11201
2133,11223
2157,11245
2180,11268
2203,11291
2225,11313
2247,11335
2269,11358
2291,11381
2315,11404
2338,11426
2361,11449
2385,11471
2409,11494
2433,11517
2458,11540
2481,11562
2504,11586
2528,11609
2552,11630
2575,11653
2598,11676
2621,11699
2643,11721
2666,11744
2688,11767
2711,11790
2734,11812
2756,11834
2779,11858
2804,11881
2828,11904
2851,11929
2875,11954
2900,11977
2924,12000
2949,12023
2973,12045
2997,12069
3021,12092
3045,12113
3069,12136
3093,12160
3117,12183
3140,12208
3163,12231
3186,12255
3211,12278
3236,12302
3260,12327
3284,12352
3308,12376
3333,12400
3357,12423
3383,12447
3408,12472
3432,12496
3458,12521
3484,12545
3509,12570
3532,12595
3556,12621
3581,12644
3606,12666
3630,12692
3654,12716
3678,12740
3703,12764
3728,12789
3754,12812
3779,12836
3805,12861
3829,12885
3854,12909
3878,12933
3903,12956
3925,12980
3949,13005
3971,13030
3993,13054
4015,13076
4039,13100
4063,13121
4085,13142
4109,13165
4133,13189
4155,13210
4179,13232
4202,13254
4224,13276
4248,13298
4271,13320
4295,13341
4317,13363
4341,13384
4363,13406
4385,13427
4407,13448
4428,13471
4452,13492
4474,13513
4495,13535
4518,13557
4542,13577
4564,13598
4587,13619
4610,13640
4632,13662
4657,13684
4682,13705
4706,13729
4729,13753
4751,13775
4775,13797
4797,13817
4820,13840
4843,13861
4867,13884
4889,13907
4912,13929
4935,13952
4960,13975
4984,13997
5008,14020
5033,14043
5057,14066
5081,14091
5106,14115
5131,14139
5155,14161
5179,14184
5205,14208
5230,14232
5254,14255
5278,14278
5303,14300
5328,14325
5352,14348
5376,14373
5400,14397
5425,14421
5450,14444
5475,14467
5499,14490
5524,14514
5547,14538
5572,14561
5598,14585
5623,14608
5647,14633
5671,14656
5696,14681
5721,14705
5747,14728
5769,14750
5792,14773
5816,14796
5840,14819
5864,14842
5888,14864
5912,14885
5934,14908
5957,14930
5981,14953
6005,14975
6028,14997
6050,15021
6075,15044
6097,15068
6123,15091
6148,15114
6172,15136
6196,15160
6219,15182
6244,15205
6266,15229
6289,15254
6312,15276
6336,15299
6359,15320
6382,15343
6406,15366
6429,15389
6453,15412
6477,15435
6500,15457
6523,15480
6547,15504
6571,15526
6594,15548
6617,15572
6640,15594
6663,15617
6688,15639
6711,15662
6732,15683
6756,15706
6779,15729
6802,15750
6825,15774
6847,15795
6870,15818
6893,15841
6918,15865
6941,15888
6965,15910
6990,15932
7013,15957
7036,15980
7060,16003
7084,16026
7106,16049
7129,16071
7153,16093
7175,16115
7198,16139
7222,16163
7244,16186
7268,16209
7291,16231
7315,16254
7339,16275
7362,16297
7386,16320
7409,16342
7434,16365
7458,4
7481,26
7504,49
7528,72
7551,96
7575,120
7598,143
7621,166
7645,189
7669,213
7692,236
7716,258
7739,283
7763,306
7787,330
7810,354
7836,378
7860,401
7884,425
7908,448
7933,471
7957,496
7980,519
8003,542
8026,565
8049,589
8073,613
8096,637
8119,659
8141,683
8164,707
8187,732
8212,756
8236,779
8260,802
8284,825
8309,849
8332,871
8356,894
8380,917
8404,940
8428,961
8451,983
8473,1003
8495,1025
8517,1046
8539,1068
8561,1090
8582,1113
8603,1133
8625,1154
8647,1175
8670,1196
8693,1216
8715,1236
8738,1257
8759,1278
8781,1300
8804,1322
8828,1343
8850,1364
8871,1385
8894,1406
8915,1428
8937,1450
8959,1472
8982,1493
9005,1515
9028,1536
9051,1557
9074,1579
9096,1602
9119,1624
9143,1645
9167,1668
9190,1691
9213,1714
9236,1736
9261,1757
9284,1778
9308,1800
9331,1822
9354,1843
9378,1866
9400,1888
9424,1911
9448,1935
9472,1959
9496,1981
9520,2003
9544,2027
9569,2051
9594,2075
9620,2098
9644,2121
9669,2144
9692,2167
9717,2191
9740,2214
9764,2238
9788,2261
9811,2286
9835,2310
9859,2332
9884,2355
9908,2380
9931,2403
9956,2427
9980,2449
10005,2473
10030,2495
10054,2518
10080,2542
10104,2565
10128,2587
10151,2610
10173,2633
10198,2655
10222,2678
10244,2701
10266,2723
10290,2745
10313,2769
10335,2793
10359,2815
10381,2839
10404,2861
10428,2884
10453,2908
10477,2929
10501,2952
10525,2975
10552,2999
10575,3022
10600,3045
10624,3069
10648,3092
10672,3117
10694,3141
10717,3164
10740,3187
10763,3209
10786,3233
10809,3257
10832,3280
10855,3304
10880,3326
10905,3349
10930,3370
10953,3392
10977,3415
11000,3438
11023,3462
11046,3485
11070,3509
11092,3532
11117,3555
11140,3576
11163,3600
11186,3622
11208,3644
11232,3667
11255,3689
11278,3713
11301,3736
11325,3758
11348,3781
11373,3804
11396,3828
11420,3851
11444,3874
11468,3896
11491,3918
11516,3941
11539,3963
11561,3985
11583,4009
11605,4031
11629,4054
11652,4077
11676,4101
11701,4123
11726,4147
11749,4169
11773,4194
11797,4217
11821,4242
11845,4264
11869,4288
11894,4313
11918,4337
11942,4362
11966,4387
11991,4411
12013,4434
12036,4459
12060,4482
12083,4507
12107,4532
12130,4556
12155,4580
12179,4604
12202,4627
12225,4651
12251,4674
12276,4698
12300,4720
12325,4745
12348,4769
12373,4793
12397,4817
12422,4839
12445,4862
12469,4885
12493,4909
12517,4934
12540,4957
12565,4980
12589,5004
12613,5028
12637,5051
12661,5074
12685,5099
12709,5121
12734,5146
12758,5168
12782,5189
12803,5212
12826,5234
12850,5254
12872,5276
12894,5297
12917,5318
12940,5339
12963,5360
12985,5382
13007,5403
13030,5424
13052,5445
13073,5466
13097,5488
13119,5508
13142,5529
13165,5549
13186,5570
13208,5591
13231,5612
13253,5632
13274,5654
13297,5675
13319,5696
13341,5719
13364,5740
13388,5763
13411,5784
13434,5806
13457,5829
13481,5851
13504,5873
13527,5896
13551,5918
13573,5941
13597,5963
13621,5985
13644,6008
13669,6030
13694,6053
13719,6076
13741,6098
13766,6122
13789,6144
13814,6168
13837,6190
13862,6213
13885,6237
13908,6260
13933,6283
13956,6307
13982,6331
14006,6353
14029,6377
14054,6399
14079,6423
14101,6448
14126,6471
14150,6496
14175,6519
14199,6542
14224,6565
14249,6588
14273,6613
14298,6635
14323,6658
14346,6682
14371,6706
14395,6731
14418,6754
14442,6778
14466,6802
14491,6825
14514,6847
14539,6869
14562,6892
14585,6916
14609,6938
14632,6960
14655,6983
14679,7006
14703,7030
14726,7052
14749,7075
14772,7098
14797,7120
14821,7144
14844,7166
14867,7189
14891,7212
14914,7233
14939,7257
14963,7281
14987,7304
15011,7327
15036,7352
15062,7374
15086,7397
15109,7421
15132,7445
15155,7468
15179,7492
15203,7514
15226,7538
15248,7561
15271,7583
15293,7605
15316,7627
15340,7649
15364,7672
15388,7697
15412,7718
15434,7741
15457,7763
15482,7786
15506,7809
15528,7832
15551,7856
15574,7879
15597,7902
15620,7926
15644,7949
15668,7971
15690,7994
15714,8016
15736,8038
15758,8060
15782,8081
15805,8103
15829,8127
15852,8150
15877,8173
15900,8194
15925,8216
15949,8239
15971,8262
15994,8284
16017,8308
16041,8332
16065,8355
16088,8379
16110,8402
16133,8425
16156,8449
16179,8473
16201,8497
16223,8520
16246,8542
16270,8565
16293,8589
16317,8613
16341,8636
16364,8660
4,8684
29,8709
53,8732
78,8755
101,8779
126,8804
149,8828
172,8851
196,8875
220,8900
243,8924
267,8947
291,8971
315,8994
340,9018
364,9041
390,9065
413,9088
439,9112
464,9134
489,9157
514,9180
536,9204
559,9227
582,9251
606,9274
629,9297
653,9322
676,9345
700,9368
724,9390
747,9413
771,9436
795,9457
817,9478
840,9499
862,9520
886,9541
908,9562
931,9583
952,9605
975,9625
998,9646
1020,9667
1042,9689
1064,9710
1086,9730
1107,9751
1129,9773
1151,9794
1174,9814
1196,9834
1219,9855
1242,9877
1265,9899
1289,9920
1311,9941
1336,9963
1359,9985
1382,10007
1405,10029
1428,10050
1450,10072
1473,10095
1495,10117
1518,10140
1541,10163
1565,10185
1588,10207
1612,10230
1637,10252
1661,10276
1687,10297
1711,10320
1736,10342
1760,10365
1784,10387
1807,10410
1831,10433
1854,10456
1878,10479
1901,10502
1925,10527
1949,10551
1973,10575
1998,10599
2021,10623
2046,10646
2072,10668
2096,10692
2122,10715
2147,10738
2171,10763
2194,10787
2218,10810
2243,10833
2267,10855
2290,10879
2313,10903
2335,10927
2359,10951
2383,10973
2406,10997
2429,11020
2452,11043
2475,11065
2500,11088
2525,11110
2549,11133
2573,11155
2598,11179
2621,11202
2644,11225
2668,11248
2691,11270
2715,11292
2738,11315
2760,11337
2782,11360
2804,11382
2826,11405
2849,11429
2871,11451
2895,11473
2919,11495
2943,11517
2966,11541
2990,11563
3015,11585
3039,11609
3063,11631
3085,11654
3109,11679
3133,11702
3156,11725
3178,11747
3200,11769
3223,11792
3245,11815
3268,11836
3291,11859
3314,11881
3336,11904
3359,11925
3382,11948
3406,11970
3428,11992
3453,12014
3476,12037
3500,12060
3522,12082
3546,12104
3569,12126
3592,12148
3614,12170
3637,12192
3659,12214
3681,12236
3703,12258
3724,12281
3746,12304
3769,12327
3791,12349
3814,12370
3838,12392
3861,12416
3884,12438
3907,12462
3930,12484
3952,12505
3974,12528
3997,12550
4020,12574
4043,12597
4065,12620
4087,12643
4110,12667
4134,12691
4157,12715
4180,12738
4203,12760
4227,12783
4251,12807
4277,12831
4300,12855
4323,12878
4347,12900
4370,12924
4394,12946
4418,12969
4442,12992
4465,13016
4490,13040
4513,13064
4538,13087
4561,13110
4584,13134
4608,13158
4632,13181
4656,13203
4681,13226
4705,13249
4728,13272
4752,13297
4777,13320
4801,13344
4825,13367
4849,13391
4874,13415
4897,13437
4922,13461
4947,13485
4971,13507
4994,13529
5018,13552
5041,13575
5063,13597
5086,13618
5110,13640
5133,13662
5157,13685
5181,13707
5205,13729
5227,13750
5248,13771
5271,13791
5294,13812
5316,13833
5339,13855
5362,13876
5384,13896
5405,13917
5426,13937
5447,13958
5470,13978
5492,13999
5513,14019
5535,14042
5558,14062
5581,14082
5601,14104
5624,14125
5647,14146
5671,14166
5695,14188
5717,14209
5740,14231
5763,14254
5786,14275
5809,14296
5831,14317
5854,14340
5877,14362
5900,14384
5924,14405
5947,14428
5969,14451
5991,14474
6014,14497
6038,14519
6063,14540
6085,14562
6107,14586
6131,14607
6155,14629
6179,14652
6203,14675
6227,14699
6252,14723
6275,14745
6298,14770
6322,14792
6347,14816
6370,14839
6395,14860
6419,14885
6443,14909
6467,14931
6491,14955
6515,14978
6539,15002
6564,15025
6589,15049
6612,15072
6636,15095
6659,15118
6684,15141
6708,15164
6733,15188
6758,15212
6781,15235
6805,15258
6828,15281
6851,15302
6874,15325
6896,15347
6918,15368
6942,15392
6965,15415
6988,15436
7012,15459
7035,15482
7059,15506
7084,15529
7108,15552
7131,15575
7154,15597
7176,15621
7199,15644
7222,15666
7243,15689
7266,15710
7289,15733
7311,15756
7335,15778
7358,15800
7381,15822
7404,15845
7426,15868
7448,15892
7472,15914
7496,15937
7520,15960
7544,15981
7568,16004
7591,16026
7614,16048
7637,16071
7659,16093
7682,16115
7705,16136
7728,16158
7749,16180
7772,16201
7794,16222
7816,16244
7840,16265
7862,16287
7886,16310
7910,16333
7932,16356
7954,16379
7977,18
8000,39
8023,62
8046,84
8069,106
8092,129
8114,152
8135,173
8157,196
8178,218
8200,241
8221,263
8244,285
8267,306
8291,328
8314,352
8337,375
8362,399
8384,422
8408,445
8431,469
8456,492
8478,516
8503,539
8526,562
8549,585
8573,610
8596,634
8620,657
8643,679
8665,702
8690,724
8712,747
8736,770
8759,792
8783,816
8807,840
8831,866
8856,889
8881,912
8905,934
8930,957
8956,979
8979,1003
9002,1026
9025,1050
9048,1074
9072,1097
9096,1119
9119,1143
9144,1165
9168,1188
9192,1212
9215,1235
9240,1258
9264,1281
9290,1303
9315,1326
9340,1350
9365,1372
9389,1393
9411,1417
9435,1439
9456,1462
9478,1484
9500,1506
9521,1527
9543,1548
9566,1570
9587,1591
9609,1611
9631,1633
9654,1654
9676,1674
9701,1695
9724,1716
9747,1738
9769,1758
9793,1778
9816,1798
9838,1820
9859,1841
9881,1861
9902,1881
9923,1902
9944,1923
9966,1944
9988,1966
10011,1987
10033,2009
10056,2032
10080,2055
10103,2077
10127,2098
10151,2120
10174,2141
10198,2164
10221,2185
10245,2205
10267,2227
10291,2250
10314,2272
10336,2295
10358,2316
10382,2339
10406,2362
10429,2385
10452,2408
10476,2430
10499,2452
10522,2474
10547,2497
10574,2522
10597,2544
10621,2568
10646,2591
10669,2613
10693,2636
10717,2660
10742,2684
10766,2707
10789,2731
10813,2756
10836,2780
10861,2803
10885,2827
10909,2850
10933,2873
10957,2896
10981,2920
11006,2944
11030,2968
11053,2991
11078,3015
11103,3039
11126,3062
11150,3085
11173,3108
11198,3131
11221,3155
11242,3178
11265,3200
11288,3224
11311,3246
11334,3268
11358,3292
11382,3315
11406,3338
11429,3361
11452,3384
11476,3406
11500,3428
11525,3451
11548,3474
11570,3497
11592,3520
11615,3542
11638,3565
11660,3588
11683,3611
11706,3636
11728,3659
11752,3681
11775,3705
11798,3728
11821,3751
11845,3774
11867,3797
11890,3820
11915,3841
11939,3864
11963,3887
11986,3908
12008,3929
12032,3951
12054,3973
12076,3996
12098,4018
12119,4040
12141,4062
12162,4083
12184,4106
12208,4129
12231,4151
12254,4174
12277,4196
12300,4218
12322,4240
12345,4263
12367,4285
12391,4308
12414,4330
12438,4353
12461,4375
12483,4399
12505,4422
12530,4445
12554,4467
12576,4490
12598,4513
12622,4535
12645,4558
12668,4580
12691,4603
12715,4625
12738,4649
12763,4673
12785,4696
12808,4720
12831,4743
12857,4764
12880,4788
12903,4813
12926,4837
12949,4860
12973,4883
12996,4905
13020,4927
13043,4949
13067,4973
13091,4997
13114,5020
13138,5042
13162,5065
13186,5089
13210,5112
13234,5135
13258,5159
13283,5182
13308,5205
13333,5229
13356,5252
13382,5275
13405,5298
13428,5323
13453,5346
13478,5371
13502,5394
13526,5416
13550,5439
13573,5463
13597,5487
13622,5510
13646,5533
13670,5554
13693,5578
13717,5599
13742,5623
13767,5645
13791,5667
13814,5690
13838,5713
13863,5735
13886,5757
13909,5780
13932,5803
13954,5823
13977,5843
13999,5865
14021,5887
14043,5908
14066,5929
14089,5950
14112,5971
14136,5993
14158,6014
14182,6036
14204,6056
14226,6076
14247,6098
14270,6119
14293,6140
14316,6161
14337,6181
14360,6202
14382,6223
14404,6245
14426,6267
14450,6289
14473,6311
14496,6333
14520,6356
14543,6379
14568,6401
14592,6424
14617,6447
14639,6468
14663,6492
14687,6516
14712,6538
14736,6561
14760,6583
14782,6605
14807,6629
14831,6652
14854,6674
14878,6698
14902,6720
14927,6744
14951,6768
14976,6791
15000,6816
15025,6840
15050,6865
15075,6889
15101,6913
15127,6937
15152,6961
15175,6985
15202,7009
15226,7033
15250,7057
15275,7080
15299,7102
15323,7125
15347,7149
15371,7174
15394,7198
15419,7223
15443,7245
15467,7268
15491,7293
15515,7317
15541,7341
15564,7364
15588,7389
15613,7412
15637,7435
15661,7458
15683,7481
15706,7503
15730,7527
15753,7549
15776,7572
15799,7594
15821,7618
15843,7640
15866,7663
15889,7686
15912,7709
15935,7732
15959,7756
15983,7779
16006,7801
16029,7822
16053,7845
16075,7869
16098,7892
16122,7915
16145,7939
16168,7963
16190,7985
16212,8007
16235,8029
16258,8052
16280,8075
16302,8097
16325,8118
16347,8140
16371,8162
10,8184
34,8207
57,8229
80,8252
104,8273
127,8297
150,8319
173,8343
195,8365
218,8388
241,8412
266,8434
289,8458
312,8480
333,8503
356,8526
380,8551
403,8574
427,8596
450,8619
474,8641
498,8664
521,8688
546,8710
570,8732
593,8755
617,8778
641,8801
664,8825
688,8847
711,8872
734,8895
757,8918
782,8942
806,8966
830,8989
854,9012
878,9035
903,9058
927,9082
950,9105
975,9128
1000,9152
1025,9176
1049,9198
1072,9221
1095,9245
1118,9269
1142,9292
1166,9317
1190,9340
1215,9363
1239,9387
1263,9410
1287,9433
1312,9456
1336,9479
1360,9503
1384,9525
1409,9550
1434,9573
1459,9594
1483,9618
1507,9641
1531,9664
1556,9687
1580,9711
1604,9734
1628,9758
1651,9781
1675,9803
1698,9827
1722,9849
1746,9871
1770,9893
1794,9915
1818,9937
1842,9959
1865,9980
1888,10002
1911,10023
1935,10044
1957,10065
1979,10086
2001,10107
2022,10128
2044,10150
2065,10171
2087,10192
2110,10214
2131,10236
2154,10257
2177,10278
2200,10299
2222,10319
2246,10340
2270,10363
2293,10384
2316,10404
2338,10425
2360,10446
2382,10468
2405,10490
2426,10510
2449,10532
2471,10554
2495,10576
2519,10599
2541,10621
2566,10645
2590,10667
2613,10690
2638,10713
2663,10735
2687,10759
2712,10781
2737,10806
2762,10827
2785,10851
2808,10874
2832,10897
2856,10920
2878,10944
2902,10966
2925,10990
2948,11014
2972,11037
2995,11060
3020,11084
3045,11107
3070,11132
3096,11157
3121,11182
3146,11207
3171,11230
3196,11254
3220,11278
3244,11301
3268,11325
3292,11349
3315,11372
3339,11395
3362,11417
3385,11440
3410,11465
3432,11488
3454,11512
3478,11535
3503,11560
3528,11584
3553,11607
3577,11629
3601,11653
3625,11675
3648,11699
3671,11722
3695,11745
3717,11767
3739,11790
3762,11812
3784,11835
3807,11859
3829,11882
3851,11904
3874,11927
3896,11950
3918,11972
3939,11996
3962,12018
3984,12041
4007,12062
4031,12084
4053,12105
4076,12127
4099,12148
4122,12170
4145,12193
4168,12215
4190,12237
4214,12260
4236,12283
4259,12305
4280,12327
4301,12348
4323,12371
4346,12393
4369,12416
4394,12437
4416,12459
4438,12482
4463,12505
4486,12528
4511,12551
4535,12574
4558,12597
4580,12619
4603,12642
4626,12665
4649,12687
4671,12711
4693,12733
4717,12757
4739,12778
4762,12801
4785,12823
4806,12846
4829,12869
4852,12892
4877,12915
4900,12938
4923,12962
4946,12984
4969,13007
4994,13029
5018,13051
5042,13074
5064,13096
5087,13118
5110,13142
5134,13166
5158,13188
5181,13212
5205,13234
5227,13257
5251,13280
5277,13302
5302,13327
5326,13350
5350,13374
5375,13397
5400,13421
5423,13444
5448,13467
5472,13491
5496,13513
5519,13537
5542,13560
5566,13582
5591,13605
5614,13629
5637,13652
5661,13676
5686,13700
5711,13723
5737,13747
5762,13771
5785,13794
5811,13817
5836,13840
5860,13863
5885,13886
5909,13909
5933,13933
5957,13955
5981,13979
6004,14002
6028,14025
6053,14047
6076,14071
6099,14094
6122,14116
6146,14138
6168,14160
6192,14182
6215,14204
6239,14226
6262,14248
6286,14269
6310,14292
6334,14314
6356,14335
6379,14357
6401,14377
6423,14398
6446,14420
6468,14441
6491,14462
6512,14485
6535,14505
6556,14526
6578,14546
6601,14568
6623,14590
6646,14611
6667,14632
6692,14653
6716,14676
6739,14698
6762,14718
6782,14741
6805,14762
6830,14784
6854,14806
6878,14829
6901,14850
6924,14873
6947,14896
6970,14920
6994,14942
7018,14965
7040,14988
7064,15012
7088,15036
7113,15058
7136,15083
7160,15105
7184,15130
7210,15154
7234,15177
7259,15200
7284,15224
7308,15247
7332,15272
7356,15297
7379,15319
7403,15343
7428,15366
7452,15392
7475,15416
7498,15441
7523,15465
7548,15489
7573,15514
7598,15539
7623,15562
7648,15586
7672,15610
7696,15636
7722,15661
7746,15684
7770,15707
7795,15732
7818,15756
7842,15781
7865,15804
7889,15829
7912,15852
7934,15875
7956,15899
7980,15922
8002,15943
8024,15967
8047,15990
8071,16012
8094,16034
8116,16057
8139,16080
8161,16102
8184,16125
8207,16148
8230,16170
8251,16192
8274,16215
8296,16238
8319,16259
8341,16281
8364,16304
8387,16326
8410,16350
8434,16371
8457,11
8481,34
8505,56
8530,78
8554,102
8577,125
8601,147
8625,170
8647,193
8670,215
8691,238
8713,261
8736,283
8758,306
8779,327
8801,350
8825,374
8848,397
8873,420
8897,444
8920,466
8945,488
8968,512
8993,535
9018,557
9041,579
9065,602
9088,623
9110,647
9133,670
9156,692
9179,716
9201,738
9224,761
9247,784
9271,807
9294,830
9319,853
9344,876
9367,900
9392,921
9417,944
9441,969
9464,991
9488,1013
9512,1035
9535,1059
9558,1083
9581,1107
9604,1130
9626,1152
9650,1175
9674,1197
9697,1220
9720,1244
9745,1266
9769,1288
9795,1312
9819,1334
9845,1357
9871,1382
9895,1405
9920,1429
9945,1452
9968,1476
9991,1500
10015,1523
10038,1546
10062,1569
10085,1591
10108,1613
10133,1635
10157,1659
10181,1683
10205,1705
10229,1728
10254,1750
10279,1775
10305,1798
10330,1820
10355,1842
10378,1865
10402,1888
10425,1910
10449,1932
10471,1955
10494,1978
10518,1999
10540,2023
10563,2045
10586,2066
10609,2088
10631,2108
10655,2129
10678,2150
10701,2171
10724,2193
10747,2215
10772,2236
10795,2258
10818,2279
10840,2299
10861,2321
10883,2341
10906,2362
10927,2382
10949,2403
10971,2425
10994,2447
11015,2469
11038,2491
11062,2513
11086,2534
11111,2556
11133,2576
11155,2597
11179,2620
11203,2643
11226,2665
11251,2688
11274,2712
11297,2734
11322,2758
11346,2782
11370,2808
11392,2830
11416,2853
11440,2876
11464,2900
11488,2923
11513,2946
11537,2969
11562,2993
11587,3017
11613,3040
11637,3065
11661,3089
11685,3112
11710,3136
11734,3158
11759,3182
11782,3206
11804,3231
11828,3256
11853,3281
11877,3304
11900,3329
11924,3353
11948,3377
11972,3402
11997,3425
12022,3449
12048,3474
12072,3498
12095,3522
12119,3546
12143,3569
12166,3593
12189,3618
12211,3641
12234,3664
12256,3687
12277,3710
12301,3733
12324,3756
12348,3779
12371,3801
12392,3825
12415,3848
12439,3870
12463,3891
12486,3913
12510,3935
12534,3957
12558,3979
12580,4001
12603,4022
12625,4044
12649,4068
12670,4089
12694,4111
12716,4133
12739,4155
12762,4179
12784,4201
12806,4223
12830,4246
12855,4269
12879,4293
12902,4317
12925,4340
12948,4363
12970,4384
12994,4407
13016,4430
13041,4452
13063,4473
13087,4495
13110,4517
13131,4540
13153,4564
13177,4585
13201,4607
13224,4630
13247,4652
13270,4674
13293,4697
13316,4721
13339,4743
13364,4765
13388,4788
13411,4810
13436,4832
13458,4854
13481,4877
13504,4900
13527,4922
13550,4944
13572,4967
13596,4989
13619,5012
13644,5033
13668,5057
13690,5080
13714,5103
13739,5124
13762,5148
13787,5171
13810,5193
13833,5217
13855,5240
13880,5263
13904,5287
13930,5309
13954,5331
13977,5354
14001,5378
14025,5400
14047,5424
14072,5446
14096,5470
14120,5494
14144,5516
14168,5539
14193,5563
14217,5586
14242,5610
14266,5633
14290,5657
14314,5681
14339,5703
14363,5726
14387,5749
14412,5771
14436,5794
14461,5819
14486,5842
14510,5865
14535,5888
14559,5911
14582,5934
14607,5957
14631,5979
14655,6003
14680,6027
14705,6050
14728,6072
14752,6097
14776,6119
14799,6142
14823,6164
14848,6187
14873,6210
14896,6231
14919,6254
14943,6275
14967,6296
14990,6319
15014,6341
15036,6362
15058,6383
15079,6405
15101,6427
15123,6449
15146,6471
15169,6492
15191,6514
15214,6535
15238,6557
15260,6579
15284,6601
15307,6621
15329,6642
15353,6662
15375,6683
15396,6706
15418,6727
15439,6747
15460,6770
15483,6791
15506,6813
15529,6834
15552,6856
15576,6880
15599,6903
15624,6925
15646,6948
15670,6970
15694,6993
15719,7017
15742,7041
15765,7066
15791,7090
15815,7113
15839,7136
15862,7159
15886,7182
15910,7206
15933,7230
15957,7253
15981,7277
16005,7302
16028,7326
16052,7350
16076,7374
16101,7398
16126,7422
16151,7445
16175,7469
16199,7493
16224,7517
16247,7541
16271,7565
16294,7591
16319,7616
16342,7640
16365,7663
3,7686
25,7709
49,7735
72,7758
95,7781
119,7805
143,7830
168,7853
191,7876
215,7899
241,7923
264,7948
287,7971
309,7994
333,8017
357,8039
377,8062
400,8083
423,8104
445,8127
467,8149
491,8171
514,8194
538,8217
560,8239
583,8262
607,8285
632,8309
655,8331
680,8353
703,8376
727,8399
749,8421
772,8444
795,8467
818,8490
839,8512
860,8535
884,8557
906,8581
928,8602
952,8625
975,8648
999,8669
1022,8692
1047,8714
1071,8736
1094,8758
1118,8779
1141,8802
1166,8826
1189,8848
1212,8871
1233,8893
1256,8916
1279,8938
1302,8960
1325,8982
1348,9005
1371,9029
1395,9050
1419,9071
1443,9094
1466,9118
1490,9140
1514,9162
1538,9185
1563,9207
1587,9230
1610,9254
1632,9276
1654,9299
1677,9322
1701,9345
1723,9367
1746,9390
1771,9412
1793,9433
1817,9456
1840,9479
1864,9502
1889,9525
1914,9548
1940,9570
1965,9594
1989,9617
2013,9639
2037,9663
2062,9686
2085,9710
2109,9733
2132,9758
2155,9780
2179,9803
2203,9826
2226,9848
2250,9872
2274,9895
2298,9918
2324,9941
2348,9964
2375,9986
2400,10009
2426,10032
2452,10056
2475,10080
2498,10102
2523,10125
2547,10148
2570,10171
2593,10196
2616,10219
2639,10243
2663,10265
2687,10288
2711,10310
2736,10332
2760,10355
2785,10377
2810,10398
2834,10421
2859,10444
2882,10466
2906,10487
2929,10509
2952,10530
2974,10552
2997,10574
3019,10597
3041,10618
3063,10640
3085,10660
3107,10681
3130,10702
3151,10723
3174,10745
3197,10766
3220,10788
3243,10810
3266,10831
3290,10853
3312,10873
3336,10895
3358,10917
3381,10938
3403,10959
3425,10982
3447,11004
3469,11026
3491,11046
3514,11068
3535,11092
3557,11114
3580,11138
3605,11161
3629,11185
3653,11207
3680,11231
3705,11254
3730,11278
3754,11303
3780,11327
3804,11351
3829,11375
3852,11399
3875,11424
3898,11447
3921,11471
3944,11496
3968,11519
3990,11542
4014,11565
4037,11588
4064,11613
4087,11637
4112,11663
4136,11686
4162,11711
4188,11736
4212,11761
4237,11786
4261,11812
4285,11837
4309,11861
4333,11885
4358,11910
4381,11934
4405,11959
4429,11983
4453,12006
4477,12030
4502,12054
4527,12077
4552,12100
4576,12123
4599,12145
4624,12169
4648,12193
4673,12215
4698,12237
4722,12260
4745,12283
4768,12306
4790,12330
4812,12353
4836,12378
4859,12400
4883,12422
4908,12445
4931,12469
4955,12493
4978,12517
5001,12542
5025,12564
5049,12588
5072,12611
5096,12633
5119,12656
5143,12679
5167,12701
5190,12723
5214,12745
5239,12769
5261,12793
5285,12817
5307,12839
5331,12862
5355,12884
5378,12908
5402,12930
5425,12953
5449,12975
5471,12998
5495,13021
5517,13043
5540,13065
5565,13089
5589,13110
5612,13134
5635,13156
5659,13179
5683,13201
5707,13221
5729,13244
5751,13267
5774,13289
5797,13312
5820,13335
5843,13357
5865,13380
5890,13401
5914,13424
5937,13446
5960,13469
5984,13492
6008,13515
6032,13538
6056,13561
6079,13585
6101,13607
6125,13628
6149,13651
6171,13674
6194,13696
6217,13719
6240,13740
6264,13763
6287,13787
6312,13810
6336,13832
6360,13856
6384,13877
6408,13900
6433,13923
6457,13946
6481,13970
6505,13992
6530,14016
6553,14040
6576,14063
6598,14085
6623,14108
6648,14130
6671,14153
6693,14177
6716,14199
6742,14222
6767,14246
6790,14268
6815,14290
6839,14314
6863,14337
6888,14360
6911,14383
6936,14406
6960,14428
6984,14451
7008,14474
7031,14497
7055,14519
7079,14541
7103,14563
7125,14586
7148,14609
7171,14633
7194,14655
7218,14678
7243,14700
7266,14723
7289,14746
7312,14768
7335,14790
7357,14811
7381,14832
7404,14853
7427,14873
7450,14895
7472,14915
7494,14937
7515,14958
7538,14980
7560,15000
7582,15022
7603,15044
7625,15065
7647,15087
7669,15110
7692,15130
7713,15152
7736,15172
7759,15195
7781,15217
7805,15239
7827,15263
7852,15286
7875,15308
7897,15330
7918,15351
7940,15373
7963,15395
7986,15418
8009,15440
8031,15464
8054,15487
8076,15511
8100,15535
8123,15559
8148,15582
8171,15606
8195,15628
8220,15651
8245,15675
8268,15699
8292,15724
8315,15748
8340,15771
8362,15795
8384,15819
8407,15842
8430,15866
8454,15888
8479,15913
8503,15937
8529,15960
8553,15986
8577,16009
8602,16033
8625,16057
8651,16081
8675,16105
8701,16130
8725,16153
8751,16176
8774,16201
8797,16224
8821,16247
8846,16271
8868,16294
8889,16318
8914,16342
8937,16365
8960,4
8984,26
9007,49
9032,73
9057,95
9080,117
9104,141
9130,164
9153,186
9177,209
9201,231
9225,255
9249,277
9270,300
9294,322
9316,346
9339,368
9361,391
9383,413
9405,435
9428,458
9452,481
9475,504
9497,525
9521,548
9544,570
9568,593
9593,615
9617,639
9641,662
9665,685
9687,707
9710,728
9733,749
9756,771
9778,794
9800,817
9822,839
9845,860
9869,883
9891,905
9914,927
9939,950
9964,972
9988,994
10011,1016
10034,1038
10058,1060
10082,1081
10104,1103
10126,1125
10149,1147
10171,1168
10194,1190
10216,1212
10239,1234
10262,1257
10285,1279
10308,1301
10332,1324
10356,1347
10380,1369
10405,1391
10428,1414
10454,1436
10479,1458
10503,1480
10526,1504
10550,1526
10572,1549
10595,1571
10619,1593
10643,1617
10667,1640
10691,1662
10714,1685
10738,1708
10763,1730
10787,1755
10812,1777
10835,1801
10860,1825
10885,1849
10909,1872
10934,1894
10959,1917
10984,1940
11009,1963
11033,1987
11058,2010
11082,2032
11105,2055
11128,2079
11152,2102
11176,2125
11200,2147
11224,2170
11248,2194
11273,2217
11298,2241
11324,2264
11348,2288
11372,2311
11396,2334
11420,2356
11443,2378
11468,2402
11491,2425
11514,2446
11537,2470
11561,2493
11584,2515
11607,2537
11630,2559
11653,2582
11677,2605
11701,2628
11725,2649
11749,2671
11772,2693
11795,2714
11817,2735
11840,2756
11861,2778
11884,2800
11907,2821
11928,2842
11950,2863
11971,2885
11993,2909
12016,2929
12037,2951
12057,2972
12079,2994
12102,3015
12125,3038
12147,3061
12170,3084
12192,3106
12215,3129
12237,3152
12260,3173
12283,3197
12307,3220
12330,3242
12353,3266
12377,3290
12400,3314
12424,3337
12448,3362
12472,3386
12496,3409
12521,3433
12546,3457
12569,3481
12594,3506
12619,3530
12643,3554
12667,3578
12692,3602
12717,3627
12741,3651
12765,3674
12789,3698
12813,3722
12837,3748
12862,3773
12886,3799
12909,3823
12933,3848
12957,3872
12983,3896
13007,3919
13032,3943
13058,3968
13084,3992
13108,4015
13134,4038
13159,4062
13183,4085
13207,4110
13232,4134
13255,4157
13278,4181
13302,4206
13326,4231
13351,4255
13374,4278
13398,4303
13423,4327
13447,4349
13472,4373
13495,4397
13519,4419
13542,4442
13568,4467
13591,4491
13614,4514
13637,4538
13661,4561
13686,4583
13709,4607
13732,4630
13755,4652
13778,4675
13801,4698
13823,4721
13847,4744
13870,4767
13893,4789
13916,4811
13939,4834
13962,4858
13986,4881
14009,4903
14035,4925
14059,4948
14081,4971
14105,4994
14129,5017
14152,5040
14175,5063
14197,5085
14222,5108
14247,5130
14269,5152
14292,5175
14316,5196
14338,5219
14363,5242
14385,5265
14410,5287
14434,5311
14456,5334
14479,5355
14503,5377
14527,5400
14552,5422
14575,5445
14598,5468
14622,5491
14647,5513
14671,5536
14694,5558
14718,5579
14740,5603
14763,5627
14786,5649
14809,5673
14832,5695
14856,5718
14880,5740
14903,5762
14928,5786
14953,5809
14977,5831
15001,5854
15026,5879
15050,5903
15074,5927
15099,5950
15123,5973
15146,5995
15169,6018
15193,6041
15216,6063
15239,6086
15264,6110
15289,6133
15313,6157
15337,6179
15361,6203
15386,6225
15411,6248
15436,6271
15461,6295
15485,6317
15509,6341
15533,6364
15556,6386
15580,6410
15604,6435
15627,6458
15651,6481
15675,6504
15699,6526
15723,6550
15747,6573
15770,6596
15794,6619
15818,6643
15843,6667
15868,6691
15891,6714
15914,6736
15938,6759
15961,6783
15984,6804
16006,6827
16028,6849
16052,6871
16073,6892
16094,6914
16117,6935
16140,6958
16162,6981
16184,7002
16206,7025
16227,7046
16249,7068
16272,7090
16294,7111
16315,7132
16338,7154
16361,7177
16383,7198
22,7220
44,7241
67,7263
88,7286
109,7308
130,7330
152,7352
174,7373
196,7396
219,7418
242,7440
265,7463
290,7484
314,7507
338,7530
363,7554
386,7576
409,7601
433,7626
457,7650
481,7674
505,7697
528,7722
552,7745
575,7770
600,7794
624,7817
648,7841
671,7866
697,7889
719,7912
745,7936
770,7959
794,7983
820,8006
844,8030
869,8053
893,8077
916,8100
939,8125
963,8150
988,8173
1013,8198
1037,8221
1061,8245
1085,8269
1109,8293
1134,8317
1158,8341
1183,8366
1208,8388
1232,8412
1257,8438
1281,8462
1305,8485
1328,8508
1352,8531
1376,8555
1399,8578
1423,8601
1447,8623
1471,8645
1493,8670
1517,8693
1541,8716
1565,8739
1588,8761
1612,8783
1635,8806
1660,8827
1683,8850
1707,8872
1730,8894
1754,8916
1777,8939
1798,8961
1820,8983
1842,9007
1864,9028
1886,9050
1909,9072
1933,9096
1957,9119
1981,9141
2006,9164
2031,9187
2055,9211
2079,9233
2103,9255
2126,9277
2150,9300
2174,9323
2197,9346
2222,9368
2243,9390
2266,9411
2288,9432
2312,9455
2335,9477
2359,9499
2381,9522
2405,9544
2428,9565
2453,9588
2477,9610
2501,9633
2525,9656
2549,9676
2572,9698
2597,9720
2618,9742
2642,9765
2666,9788
2689,9810
2712,9832
2735,9854
2759,9875
2782,9897
2805,9920
2828,9942
2852,9964
2877,9988
2902,10011
2926,10033
2949,10056
2973,10078
2997,10102
3022,10124
3047,10147
3070,10170
3095,10192
3119,10215
3144,10238
3167,10262
3190,10284
3215,10309
3239,10332
3262,10355
3287,10378
3311,10401
3335,10424
3359,10446
3384,10469
3409,10492
3433,10515
3457,10538
3481,10561
3505,10583
3529,10607
3552,10631
3576,10654
3599,10677
3623,10700
3647,10723
3671,10747
3695,10770
3717,10793
3742,10814
3766,10837
3789,10860
3815,10884
3839,10908
3862,10932
3886,10954
3909,10978
3933,11001
3955,11023
3978,11044
4000,11066
4021,11088
4043,11111
4066,11133
4087,11155
4108,11176
4131,11198
4152,11221
4174,11241
4196,11263
4220,11285
4243,11306
4265,11328
4288,11350
4311,11371
4333,11394
4356,11417
4380,11439
4402,11461
4424,11482
4445,11505
4467,11527
4490,11549
4513,11571
4534,11593
4556,11615
4579,11637
4602,11658
4624,11681
4647,11704
4669,11725
4693,11747
4717,11771
4741,11794
4765,11816
4789,11839
4812,11864
4836,11887
4859,11911
4884,11935
4909,11958
4933,11982
4957,12006
4981,12029
5006,12053
5029,12077
5054,12100
5078,12123
5102,12146
5126,12170
5150,12194
5174,12217
5200,12240
5223,12264
5247,12288
5271,12312
5296,12335
5319,12359
5343,12383
5367,12407
5391,12431
5415,12454
5439,12479
5464,12504
5489,12527
5512,12552
5536,12577
5561,12601
5585,12625
5609,12648
5634,12670
5656,12693
5679,12717
5704,12740
5728,12763
5751,12786
5777,12810
5800,12834
5823,12857
5845,12880
5869,12904
5892,12926
5914,12948
5938,12971
5960,12993
5982,13016
6004,13039
6028,13061
6050,13084
6073,13105
6097,13126
6119,13148
6142,13171
6165,13193
6188,13215
6211,13237
6236,13259
6259,13281
6281,13304
6305,13326
6329,13350
6351,13373
6375,13396
6398,13417
6421,13439
6444,13461
6467,13485
6491,13507
6515,13530
6539,13552
6563,13576
6586,13596
6610,13618
6633,13641
6656,13663
6679,13685
6702,13707
6727,13729
6748,13751
6771,13775
6793,13797
6816,13819
6839,13839
6860,13861
6883,13882
6907,13904
6931,13926
6955,13949
6978,13971
7002,13994
7025,14017
7049,14038
7073,14061
7097,14084
7121,14106
7143,14128
7167,14151
7191,14174
7214,14196
7238,14219
7261,14241
7284,14264
7307,14287
7331,14311
7355,14333
7379,14356
7403,14379
7427,14403
7450,14427
7474,14451
7498,14474
7523,14497
7547,14520
7571,14542
7595,14565
7619,14588
7643,14611
7667,14633
7691,14657
7715,14681
7739,14704
7763,14729
7786,14752
7808,14775
7832,14796
7856,14821
7880,14843
7904,14865
7927,14888
7951,14910
7976,14933
7999,14957
8024,14982
8046,15005
8068,15029
8091,15052
8113,15076
8136,15099
8159,15122
8183,15146
8207,15169
8230,15192
8254,15216
8277,15239
8299,15261
8323,15284
8347,15306
8370,15328
8393,15352
8417,15374
8438,15396
8461,15418
8483,15440
8505,15462
8526,15484
8548,15505
8569,15526
8589,15547
8610,15568
8632,15592
8655,15614
8678,15635
8700,15656
8722,15680
8744,15701
8767,15723
8790,15744
8812,15767
8837,15789
8860,15810
8883,15831
8905,15852
8927,15874
8950,15896
8972,15920
8994,15940
9017,15964
9041,15986
9063,16010
9085,16033
9108,16055
9132,16079
9157,16103
9181,16125
9205,16149
9231,16172
9256,16195
9280,16218
9304,16240
9327,16263
9351,16285
9375,16310
9399,16333
9423,16358
9447,16382
9470,22
9494,45
9518,68
9543,93
9569,118
9594,142
9618,167
9642,191
9666,214
9692,238
9717,263
9743,287
9768,310
9792,334
9816,358
9840,382
9863,406
9887,429
9912,453
9935,476
9959,500
9982,524
10006,548
10031,571
10054,595
10080,618
10104,641
10130,664
10155,687
10178,709
10201,732
10224,755
10248,777
10271,800
10294,821
10316,843
10339,864
10361,886
10384,909
10406,931
10430,953
10454,977
10476,999
10500,1021
10525,1043
10548,1065
10572,1087
10596,1109
10619,1131
10643,1154
10667,1176
10690,1198
10714,1220
10737,1243
10759,1267
10782,1290
10805,1311
10828,1334
10851,1355
10875,1377
10901,1399
10924,1422
10949,1445
10974,1467
10999,1489
11023,1511
11047,1532
11070,1553
11093,1575
11116,1599
11138,1620
11161,1643
11183,1665
11206,1686
11229,1708
11252,1730
11277,1751
11300,1773
11322,1796
11347,1818
11371,1839
11395,1861
11418,1884
11443,1906
11467,1928
11491,1951
11515,1974
11539,1996
11563,2019
11586,2041
11609,2065
11632,2087
11656,2110
11680,2133
11704,2158
11727,2179
11751,2202
11774,2225
11800,2250
11825,2272
11849,2295
11874,2318
11898,2342
11922,2365
11946,2389
11969,2412
11994,2435
12019,2459
12044,2482
12067,2505
12090,2529
12112,2554
12134,2575
12157,2598
12180,2622
12203,2645
12228,2669
12252,2692
12276,2716
12301,2739
12327,2765
12350,2788
12375,2811
12399,2834
12423,2857
12447,2881
12471,2905
12495,2928
12518,2952
12541,2977
12564,2999
12588,3022
12610,3045
12635,3069
12659,3091
12682,3114
12707,3137
12731,3160
12755,3185
12780,3207
12802,3229
12826,3253
12849,3275
12871,3297
12894,3319
12915,3340
12938,3363
12961,3386
12983,3408
13005,3432
13027,3453
13049,3475
13072,3497
13094,3519
13119,3542
13142,3564
13165,3587
13188,3610
13212,3631
13233,3653
13255,3675
13279,3697
13302,3720
13325,3742
13347,3766
13369,3788
13391,3810
13416,3833
13439,3856
13463,3878
13486,3901
13509,3924
13534,3947
13558,3969
13581,3993
13607,4016
13631,4041
13655,4065
13680,4090
13705,4114
13729,4137
13753,4161
13777,4186
13803,4210
13827,4235
13853,4259
13878,4282
13902,4306
13926,4332
13950,4356
13974,4381
13999,4406
14023,4430
14047,4454
14072,4479
14097,4502
14123,4526
14146,4550
14171,4573
14196,4598
14221,4622
14245,4647
14269,4671
14293,4697
14318,4722
14342,4746
14368,4771
14390,4794
14414,4817
14440,4839
14463,4864
14487,4887
14511,4910
14535,4934
14558,4957
14582,4980
14606,5002
14631,5024
14655,5048
14678,5071
14701,5093
14725,5115
14747,5138
14771,5159
14793,5181
14816,5203
14840,5226
14863,5250
14887,5274
14910,5297
14934,5320
14958,5343
14981,5366
15004,5388
15027,5411
15050,5432
15074,5455
15098,5478
15124,5501
15147,5523
15171,5546
15195,5569
15218,5591
15241,5613
15264,5636
15287,5659
15309,5681
15332,5702
15357,5725
15381,5748
15405,5770
15427,5793
15451,5816
15475,5837
15498,5859
15521,5882
15544,5903
15567,5925
15590,5947
15614,5970
15636,5991
15660,6013
15682,6036
15705,6057
15729,6079
15750,6100
15774,6121
15797,6145
15821,6167
15844,6190
15868,6214
15890,6238
15913,6261
15938,6283
15961,6304
15987,6328
16012,6351
16036,6375
16060,6399
16084,6422
16107,6446
16130,6469
16153,6492
16176,6516
16199,6539
16221,6562
16245,6586
16267,6608
16291,6632
16314,6656
16338,6680
16363,6705
3,6728
29,6751
53,6773
77,6796
101,6820
125,6843
149,6867
172,6891
197,6915
220,6940
245,6964
267,6988
289,7012
313,7036
337,7059
360,7083
384,7107
409,7131
433,7154
457,7177
482,7201
506,7223
531,7246
555,7269
579,7292
604,7316
628,7339
652,7363
674,7386
696,7409
718,7433
741,7456
764,7478
788,7500
811,7523
834,7545
856,7568
879,7590
901,7611
925,7633
950,7654
974,7677
998,7700
1020,7723
1042,7745
1064,7767
1085,7789
1107,7811
1128,7833
1151,7856
1174,7877
1198,7900
1221,7922
1243,7944
1265,7967
1287,7989
1311,8012
1335,8032
1359,8054
1383,8076
1405,8098
1429,8121
1452,8142
1475,8165
1498,8187
1522,8210
1544,8234
1568,8258
1592,8282
1617,8307
1642,8330
1666,8354
1692,8379
1717,8403
1742,8428
1768,8452
1794,8475
1820,8499
1845,8523
1871,8547
1896,8572
1920,8595
1944,8619
1968,8643
1991,8666
2015,8690
2038,8714
2063,8739
2088,8763
2113,8789
2138,8812
2163,8837
2188,8861
2213,8885
2239,8910
2264,8933
2289,8956
2312,8980
2337,9003
2361,9025
2385,9049
2409,9071
2433,9096
2455,9118
2478,9141
2501,9165
2525,9188
2549,9211
2572,9234
2596,9256
2620,9278
2645,9299
2669,9321
2692,9343
2715,9366
2739,9388
2762,9411
2785,9432
2808,9454
2830,9476
2854,9498
2876,9520
2901,9542
2923,9564
2947,9586
2970,9608
2992,9630
3016,9651
3039,9673
3063,9695
3087,9717
3111,9739
3136,9762
3159,9785
3182,9807
3206,9829
3229,9852
3253,9873
3276,9896
3300,9918
3323,9942
3345,9964
3369,9986
3392,10008
3415,10030
3439,10053
3462,10073
3485,10095
3510,10117
3533,10139
3557,10160
3581,10181
3603,10203
3628,10226
3650,10247
3673,10270
3698,10293
3721,10314
3743,10337
3767,10358
3789,10381
3814,10403
3837,10425
3861,10450
3884,10473
3908,10495
3931,10518
3954,10539
3977,10563
4001,10585
4025,10608
4049,10632
4073,10656
4095,10678
4118,10701
4142,10724
4166,10749
4189,10772
4212,10795
4236,10818
4262,10844
4285,10868
4310,10891
4333,10914
4357,10937
4383,10960
4407,10984
4432,11008
4456,11030
4479,11053
4504,11078
4528,11102
4552,11125
4576,11150
4599,11172
4624,11197
4648,11221
4670,11245
4694,11268
4720,11292
4744,11316
4768,11340
4792,11364
4817,11387
4842,11410
4867,11433
4891,11456
4915,11480
4937,11503
4963,11526
4986,11549
5009,11573
5033,11595
5056,11619
5079,11642
5103,11666
5125,11689
5148,11712
5172,11735
5194,11758
5218,11781
5241,11804
5265,11827
5289,11848
5312,11871
5333,11893
5355,11914
5378,11937
5402,11958
5424,11981
5447,12004
5469,12026
5492,12047
5514,12068
5538,12090
5561,12111
5583,12133
5605,12155
5628,12176
5650,12198
5672,12220
5695,12243
5718,12265
5741,12287
5764,12309
5788,12332
5811,12355
5835,12378
5860,12401
5884,12424
5907,12448
5932,12472
5956,12496
5981,12520
6005,12544
6028,12569
6052,12594
6077,12619
6101,12644
6126,12668
6151,12693
6176,12717
6201,12742
6226,12767
6250,12791
6275,12816
6299,12841
6324,12865
6348,12889
6375,12913
6400,12938
6424,12962
6448,12986
6473,13009
6499,13033
6523,13057
6547,13081
6571,13105
6595,13129
6621,13154
6644,13179
6670,13203
6694,13227
6719,13252
6744,13276
6769,13298
6793,13321
6817,13346
6842,13369
6865,13394
6889,13417
6913,13439
6936,13462
6960,13485
6985,13508
7009,13531
7031,13554
7053,13574
7076,13597
7099,13618
7122,13641
7144,13665
7168,13688
7192,13708
7216,13731
7240,13754
7263,13776
7287,13798
7308,13821
7333,13842
7356,13864
7378,13886
7402,13909
7424,13932
7447,13954
7470,13975
7491,13998
7515,14020
7537,14043
7561,14065
7585,14087
7608,14110
7631,14132
7655,14154
7679,14177
7703,14200
7727,14223
7750,14245
7774,14268
7796,14291
7818,14312
7841,14334
7863,14355
7884,14377
7907,14398
7930,14419
7952,14442
7974,14462
7996,14485
8017,14507
8040,14529
8062,14552
8085,14574
8108,14596
8132,14618
8155,14641
8178,14664
8200,14686
8224,14707
8245,14728
8266,14750
8289,14773
8312,14795
8334,14817
8357,14841
8380,14864
8402,14888
8426,14910
8450,14931
8473,14956
8496,14979
8520,15003
8545,15026
8569,15048
8592,15071
8616,15096
8639,15119
8662,15142
8685,15165
8708,15187
8731,15211
8755,15234
8779,15258
8802,15283
8827,15306
8849,15329
8874,15352
8898,15376
8921,15400
8946,15424
8969,15447
8992,15470
9016,15493
9041,15514
9064,15538
9087,15562
9110,15586
9134,15609
9157,15633
9181,15655
9204,15679
9227,15702
9251,15725
9274,15747
9298,15771
9321,15793
9345,15817
9368,15840
9391,15863
9416,15888
9440,15911
9464,15932
9487,15954
9511,15977
9533,15999
9556,16021
9578,16044
9599,16065
9621,16088
9642,16110
9663,16131
9686,16153
9709,16175
9731,16196
9754,16217
9777,16238
9800,16259
9823,16281
9847,16302
9869,16324
9891,16346
9914,16367
9936,4
9958,25
9980,47
10001,69
10023,90
10046,111
10067,132
10091,154
10113,177
10136,200
10160,222
10184,246
10208,270
10233,293
10258,317
10283,341
10306,363
10330,387
10353,410
10378,434
10402,457
10426,481
10449,504
10473,528
10496,552
10521,576
10547,600
10571,624
10596,650
10620,673
10646,696
10671,720
10695,744
10721,768
10746,791
10772,815
10797,840
10822,863
10847,887
10872,910
10896,934
10920,957
10943,980
10966,1003
10991,1027
11014,1050
11039,1074
11064,1097
11089,1120
11114,1143
11138,1165
11163,1189
11188,1212
11212,1234
11236,1257
11260,1280
11283,1303
11307,1325
11331,1349
11353,1370
11376,1392
11398,1414
11420,1436
11443,1458
11467,1481
11491,1503
11515,1525
11538,1546
11563,1569
11588,1593
11612,1615
11635,1638
11660,1659
11684,1680
11707,1701
11730,1724
11752,1745
11775,1766
11797,1787
11821,1808
11843,1831
11867,1855
11891,1876
11914,1899
11938,1922
11962,1944
11986,1967
12010,1989
12033,2012
12056,2034
12080,2058
12103,2079
12126,2101
12149,2123
12172,2145
12195,2167
12217,2188
12239,2208
12262,2231
12284,2254
12306,2277
12328,2299
12352,2321
12375,2344
12398,2366
12422,2387
12447,2410
12471,2433
12496,2457
12520,2480
12543,2503
12568,2525
12591,2548
12616,2571
12637,2594
12661,2617
12684,2640
12709,2663
12732,2685
12757,2708
12781,2731
12806,2755
12831,2779
12856,2803
12881,2827
12904,2851
12928,2875
12953,2898
12978,2922
13003,2945
13028,2969
13053,2994
13077,3019
13100,3042
13124,3066
13149,3089
13173,3113
13197,3137
13221,3161
13246,3185
13272,3208
13296,3232
13320,3256
13345,3279
13369,3302
13394,3326
13417,3350
13442,3375
13467,3399
13492,3421
13516,3446
13541,3469
13566,3493
13590,3518
13614,3544
13638,3569
13661,3592
13686,3616
13709,3638
13735,3663
13758,3688
13782,3711
13806,3735
13830,3758
13853,3782
13878,3806
13901,3829
13925,3852
13949,3874
13973,3896
13997,3916
14020,3938
14043,3960
14067,3981
14090,4004
14112,4028
14136,4051
14159,4073
14182,4096
14204,4118
14227,4140
14250,4162
14274,4184
14298,4206
14322,4227
14345,4249
14365,4272
14387,4295
14410,4317
14433,4339
14457,4362
14480,4385
14501,4406
14524,4430
14548,4453
14572,4477
14595,4500
14619,4524
14644,4547
14668,4571
14693,4594
14718,4618
14743,4642
14768,4667
14792,4691
14816,4716
14843,4740
14868,4764
14892,4788
14918,4813
14943,4836
14968,4860
14993,4885
15018,4910
15042,4934
15068,4958
15093,4983
15116,5007
15142,5031
15168,5056
15192,5080
15217,5104
15243,5126
15269,5151
15294,5175
15319,5199
15344,5225
15368,5250
15392,5275
15416,5298
15441,5321
15465,5344
15489,5368
15513,5392
15537,5415
15560,5438
15584,5462
15608,5484
15633,5506
15658,5528
15681,5552
15705,5574
15729,5598
15753,5620
15776,5642
15800,5665
15824,5689
15847,5710
15870,5732
15894,5755
15916,5776
15938,5799
15960,5822
15984,5845
16007,5867
16029,5889
16052,5910
16074,5932
16098,5954
16121,5977
16144,6000
16168,6022
16191,6044
16215,6066
16238,6088
16260,6111
16284,6133
16307,6156
16329,6179
16352,6202
16374,6225
13,6248
36,6272
59,6295
81,6317
104,6340
128,6361
151,6384
175,6406
198,6429
221,6451
244,6472
266,6492
289,6515
314,6536
336,6559
359,6582
382,6603
404,6626
427,6649
449,6672
472,6695
495,6718
517,6741
540,6765
564,6788
588,6810
612,6835
637,6859
661,6882
686,6905
710,6927
734,6949
757,6973
781,6997
805,7020
828,7043
852,7068
876,7093
899,7117
924,7142
947,7165
971,7190
996,7213
1021,7238
1045,7261
1070,7284
1095,7308
1119,7331
1142,7353
1167,7378
1192,7402
1217,7427
1240,7451
1263,7474
1285,7498
1310,7522
1333,7546
1357,7570
1381,7593
1404,7617
1428,7640
1452,7663
1475,7686
1501,7709
1524,7732
1549,7755
1573,7777
1596,7800
1619,7824
1643,7847
1666,7870
1690,7893
1713,7917
1737,7940
1759,7964
1782,7986
1806,8008
1830,8031
1853,8053
1877,8076
1901,8099
1923,8121
1947,8143
1971,8164
1995,8187
2020,8210
2042,8233
2064,8255
2086,8277
2108,8300
2131,8320
2154,8342
2174,8365
2196,8387
2218,8408
2241,8430
2264,8452
2287,8473
2309,8495
2331,8517
2356,8540
2379,8561
2403,8583
2426,8605
2450,8629
2474,8651
2497,8673
2520,8695
2543,8717
2565,8739
2589,8763
2612,8785
2636,8808
2660,8832
2683,8855
2707,8878
2732,8901
2757,8925
2782,8949
2807,8973
2833,8998
2857,9023
2881,9046
2906,9070
2932,9095
2957,9118
2982,9142
3005,9166
3029,9189
3053,9212
3078,9236
3103,9260
3129,9284
3153,9309
3177,9332
3202,9356
3228,9380
3254,9405
3281,9429
3306,9451
3331,9475
3356,9499
3381,9523
3406,9547
3430,9571
3455,9595
3478,9617
3501,9639
3525,9663
3549,9686
3573,9708
3597,9731
3622,9754
3646,9777
3671,9799
3696,9823
3719,9844
3743,9865
3768,9887
3791,9910
3815,9931
3839,9953
3862,9974
3884,9997
3905,10019
3928,10041
3950,10063
3972,10085
3994,10107
4016,10129
4040,10151
4063,10174
4087,10197
4111,10220
4134,10242
4158,10263
4182,10286
4205,10309
4228,10331
4252,10352
4276,10376
4300,10400
4324,10422
4349,10444
4373,10466
4398,10491
4421,10514
4445,10536
4468,10559
4492,10581
4516,10603
4539,10626
4562,10649
4586,10671
4611,10693
4636,10716
4659,10739
4682,10761
4707,10782
4730,10805
4752,10830
4775,10851
4799,10873
4824,10895
4846,10917
4871,10939
4894,10963
4918,10987
4941,11010
4966,11035
4991,11058
5015,11081
5040,11104
5066,11128
5090,11152
5114,11175
5139,11198
5165,11222
5191,11245
5216,11269
5240,11293
5264,11318
5289,11342
5313,11365
5336,11390
5361,11415
5385,11440
5411,11465
5435,11488
5461,11513
5486,11538
5511,11562
5536,11586
5561,11609
5586,11632
5610,11656
5634,11680
5657,11704
5682,11729
5707,11752
5732,11777
5756,11801
5781,11825
5804,11850
5827,11874
5852,11896
5877,11921
5901,11945
5926,11969
5950,11994
5975,12018
6000,12042
6023,12066
6048,12088
6074,12110
6097,12132
6123,12157
6148,12180
6172,12203
6196,12227
6219,12250
6243,12273
6266,12297
6289,12320
6313,12343
6337,12365
6362,12389
6385,12411
6408,12435
6433,12456
6456,12477
6479,12499
6504,12523
6527,12545
6549,12568
6571,12590
6595,12613
6617,12636
6640,12657
6663,12679
6686,12702
6707,12725
6729,12747
6753,12771
6776,12793
6798,12815
6821,12838
6844,12859
6866,12881
6891,12904
6915,12927
6939,12950
6963,12972
6987,12996
7012,13019
7034,13043
7058,13066
7082,13091
7107,13115
7131,13139
7154,13163
7178,13186
7202,13210
7227,13235
7252,13259
7276,13283
7301,13309
7327,13332
7352,13356
7377,13379
7403,13403
7428,13428
7455,13453
7481,13479
7506,13503
7531,13526
7555,13549
7579,13574
7603,13598
7628,13621
7652,13644
7677,13669
7701,13694
7726,13719
7752,13743
7778,13768
7803,13791
7827,13815
7851,13837
7875,13862
7900,13885
7924,13910
7947,13932
7970,13956
7992,13979
8014,14003
8037,14025
8060,14047
8083,14070
8105,14092
8128,14115
8151,14137
8173,14159
8194,14183
8218,14206
8242,14229
8266,14251
8289,14273
8312,14293
8335,14315
8358,14337
8379,14358
8402,14381
8427,14402
8449,14424
8471,14446
8493,14467
8515,14490
8538,14514
8561,14536
8584,14558
8608,14581
8631,14604
8655,14627
8680,14650
8704,14674
8728,14698
8754,14722
8777,14744
8802,14767
8826,14790
8848,14813
8872,14836
8894,14858
8917,14880
8939,14904
8962,14927
8985,14950
9007,14973
9030,14995
9053,15018
9077,15041
9101,15065
9126,15086
9150,15109
9175,15130
9197,15153
9221,15176
9245,15200
9267,15223
9291,15246
9314,15268
9337,15291
9359,15314
9382,15339
9406,15362
9429,15385
9452,15409
9476,15433
9500,15458
9525,15481
9549,15507
9574,15532
9600,15555
9625,15580
9649,15603
9672,15626
9695,15650
9720,15674
9743,15697
9768,15721
9792,15745
9815,15769
9837,15793
9861,15818
9885,15842
9910,15866
9933,15890
9958,15914
9984,15938
10009,15962
10033,15985
10056,16008
10080,16033
10104,16056
10129,16080
10152,16104
10175,16127
10199,16150
10222,16173
10245,16195
10269,16218
10291,16241
10314,16264
10339,16287
10364,16310
10388,16333
10413,16355
10437,16378
10460,18
10485,40
10509,63
10534,85
10557,108
10581,132
10604,155
10627,177
10651,201
10674,223
10696,246
10719,269
10742,292
10764,314
10787,337
10809,360
10833,381
10857,403
10881,425
10905,447
10928,469
10951,492
10973,514
10996,535
11018,556
11040,577
11063,599
11083,620
11104,642
11125,663
11148,686
11170,709
11193,731
11217,752
11240,775
11263,796
11287,818
11311,840
11335,862
11358,885
11382,906
11406,929
11430,954
11454,978
11478,1001
11502,1024
11526,1047
11550,1068
11573,1092
11597,1116
11623,1140
11647,1163
11672,1187
11697,1210
11722,1234
11749,1258
11775,1282
11801,1306
11825,1331
11851,1356
11876,1380
11900,1403
11926,1426
11949,1450
11974,1474
11997,1496
12022,1520
12046,1542
12069,1566
12093,1590
12117,1613
12141,1635
12164,1658
12186,1680
12211,1703
12236,1729
12260,1751
12285,1775
12309,1798
12332,1820
12357,1843
12381,1865
12403,1888
12427,1911
12450,1933
12473,1955
12495,1978
12519,2000
12542,2023
12565,2044
12588,2066
12612,2088
12636,2109
12660,2130
12683,2152
12707,2173
12730,2194
12752,2215
12777,2237
12801,2259
12824,2283
12847,2303
12869,2325
12893,2348
12916,2371
12938,2394
12962,2416
12986,2438
13010,2461
13033,2484
13058,2508
13084,2529
13109,2554
13132,2577
13157,2600
13180,2622
13203,2644
13227,2666
13250,2688
13273,2709
13297,2732
13320,2755
13344,2779
13368,2802
13392,2823
13415,2845
13438,2868
13461,2891
13486,2913
13508,2935
13532,2959
13555,2982
13579,3005
13603,3028
13627,3050
13651,3071
13674,3095
13698,3118
13722,3140
13745,3164
13771,3186
13795,3210
13820,3234
13843,3257
13867,3281
13891,3303
13914,3327
13938,3352
13962,3377
13988,3401
14013,3424
14037,3448
14063,3472
14087,3496
14111,3519
14135,3545
14159,3568
14183,3592
14207,3615
14231,3638
14255,3661
14279,3686
14303,3710
14328,3734
14351,3759
14375,3784
14399,3807
14423,3831
14448,3855
14473,3877
14497,3900
14520,3923
14544,3946
14568,3969
14594,3991
14616,4013
14640,4036
14663,4058
14687,4082
14711,4104
14734,4126
14758,4150
14784,4172
14806,4197
14830,4221
14853,4243
14877,4267
14901,4289
14924,4313
14946,4335
14970,4356
14994,4378
15018,4403
15041,4425
15065,4448
15089,4471
15113,4494
15136,4516
15159,4540
15181,4563
15204,4583
15226,4605
15248,4627
15270,4649
15294,4670
15317,4692
15339,4714
15361,4736
15383,4758
15407,4779
15429,4802
15451,4824
15473,4845
15496,4867
15519,4887
15542,4908
15565,4928
15589,4951
15609,4972
15631,4994
15654,5015
15676,5037
15698,5059
15721,5082
15744,5104
15767,5127
15790,5149
15812,5171
15835,5193
