master,nonius
13692,3488
13714,3517
13722,3572
13752,3592
13798,3613
13827,3677
13836,3684
13872,3737
13893,3788
13916,3804
13958,3856
13963,3896
14020,3927
14026,3971
14055,4025
14103,4039
14127,4065
14160,4113
14183,4149
14207,4162
14230,4244
14243,4259
14256,4274
14306,4317
14324,4372
14347,4378
14372,4426
14404,4428
14439,4445
14465,4484
14488,4504
14519,4533
14526,4538
14542,4582
14582,4584
14591,4579
14614,4600
14635,4587
14653,4629
14666,4639
14706,4659
14713,4674
14719,4671
14754,4689
14780,4683
14795,4700
14808,4708
14830,4718
14843,4703
14868,4741
14884,4702
14896,4737
14893,4753
14926,4742
14943,4763
14946,4773
14958,4788
14998,4820
15005,4823
15002,4859
15028,4874
15081,4871
15081,4911
15089,4920
15101,4951
15157,4953
15152,4983
15182,4995
15209,5034
15248,5034
15246,5076
15283,5080
15295,5121
15324,5146
15329,5145
15353,5173
15394,5207
15388,5214
15413,5244
15448,5255
15487,5288
15497,5296
15525,5325
15551,5352
15564,5360
15621,5375
15641,5389
15671,5411
15677,5421
15711,5437
15743,5460
15750,5476
15781,5479
15827,5498
15844,5495
15857,5540
15897,5522
15920,5540
15956,5574
15981,5587
16024,5593
16046,5607
16062,5630
16091,5644
16152,5650
16183,5671
16211,5698
16222,5701
16254,5713
16287,5744
16300,5759
16352,5781
16369,5803
13,5835
34,5851
62,5880
94,5903
116,5898
134,5941
165,5955
185,5984
220,5991
258,6032
261,6055
298,6056
324,6082
339,6103
353,6119
385,6144
398,6148
435,6160
460,6184
484,6200
489,6189
500,6223
527,6245
543,6252
563,6261
580,6267
607,6289
629,6285
630,6297
662,6297
689,6311
684,6289
716,6310
710,6304
731,6332
769,6326
778,6327
799,6339
793,6337
812,6348
860,6371
865,6372
880,6396
912,6405
940,6397
957,6405
958,6437
995,6438
1017,6454
1043,6482
1086,6486
1101,6485
1099,6507
1146,6518
1172,6551
1174,6568
1204,6576
1222,6596
1253,6623
1273,6667
1306,6668
1340,6707
1343,6718
1350,6734
1419,6765
1429,6790
1476,6821
1486,6841
1514,6834
1541,6863
1564,6906
1576,6918
1621,6915
1647,6931
1663,6962
1685,6995
1701,7003
1736,7016
1755,7027
1779,7050
1812,7060
1852,7114
1887,7121
1901,7125
1938,7142
1965,7163
1997,7164
2032,7210
2038,7219
2069,7219
2094,7242
2118,7266
2158,7297
2193,7295
2200,7330
2218,7364
2243,7339
2267,7368
2306,7419
2341,7418
2365,7451
2380,7474
2400,7496
2427,7535
2455,7536
2488,7587
2511,7587
2539,7619
2552,7640
2598,7657
2610,7688
2630,7706
2648,7754
2685,7746
2684,7776
2702,7808
2722,7830
2747,7827
2768,7864
2779,7869
2792,7890
2816,7900
2845,7917
2848,7941
2856,7956
2901,7963
2896,7956
2921,7977
2916,7984
2933,7983
2952,7999
2967,8011
2985,8027
2992,8045
3024,8055
3055,8063
3044,8082
3077,8101
3105,8100
3120,8132
3127,8147
3177,8180
3170,8192
3210,8192
3223,8210
3243,8237
3257,8274
3277,8322
3308,8354
3325,8354
3369,8397
3377,8442
3397,8470
3434,8488
3438,8546
3477,8588
3494,8627
3514,8652
3533,8667
3577,8701
3610,8762
3635,8778
3654,8834
3703,8850
3723,8897
3742,8926
3781,8981
3818,9035
3822,9040
3862,9102
3880,9117
3908,9126
3927,9167
3954,9195
3992,9202
4009,9277
4027,9325
4075,9359
4100,9363
4130,9406
4150,9445
4177,9512
4205,9545
4241,9579
4268,9614
4265,9655
4305,9671
4328,9736
4373,9775
4389,9863
4408,9888
4453,9923
4476,9978
4502,10040
4541,10099
4536,10114
4565,10183
4606,10228
4638,10280
4657,10293
4676,10336
4684,10422
4719,10428
4748,10446
4768,10502
4809,10489
4796,10562
4826,10565
4864,10612
4863,10621
4907,10654
4917,10653
4941,10670
4947,10712
4986,10724
4984,10726
4993,10744
5014,10754
5038,10773
5064,10787
5078,10790
5086,10822
5100,10830
5121,10846
5133,10869
5136,10914
5182,10951
5194,11002
5205,10996
5241,11031
5252,11053
5263,11086
5316,11138
5316,11186
5335,11227
5355,11274
5388,11299
5404,11358
5411,11336
5463,11420
5478,11449
5467,11484
5533,11532
5540,11564
5557,11590
5588,11614
5604,11639
5647,11659
5674,11704
5683,11727
5718,11743
5740,11800
5771,11794
5792,11816
5806,11810
5847,11867
5878,11904
5909,11925
5928,11945
5948,11939
5959,11967
6006,11997
6009,12035
6049,12070
6070,12088
6099,12082
6118,12164
6143,12192
6171,12217
6212,12272
6245,12303
6252,12335
6316,12372
6321,12413
6344,12459
6396,12465
6396,12512
6426,12551
6457,12588
6486,12624
6525,12654
6527,12717
6569,12727
6583,12741
6624,12768
6659,12787
6689,12797
6688,12836
6737,12831
6758,12872
6778,12865
6797,12874
6806,12898
6825,12910
6857,12931
6890,12919
6913,12951
6928,12980
6958,12975
6991,12984
7010,13004
7031,13023
7047,13016
7064,13022
7095,13035
7105,13066
7113,13068
7152,13096
7158,13112
7173,13135
7168,13151
7204,13166
7221,13178
7230,13218
7259,13241
7278,13236
7290,13250
7317,13285
7326,13313
7329,13332
7357,13342
7360,13355
7391,13373
7410,13385
7430,13408
7430,13390
7475,13415
7463,13445
7510,13435
7524,13460
7550,13464
7558,13464
7581,13483
7586,13496
7618,13486
7640,13497
7672,13506
7693,13531
7734,13522
7759,13560
7788,13570
7808,13577
7825,13570
7850,13574
7877,13599
7899,13611
7926,13655
7953,13674
7972,13698
8001,13737
8025,13744
8072,13777
8085,13795
8122,13833
8157,13880
8181,13883
8210,13897
8247,13922
8272,13949
8303,13986
8325,14012
8358,14043
8367,14060
8412,14061
8442,14101
8465,14114
8484,14140
8517,14161
8540,14157
8578,14170
8583,14183
8636,14196
8657,14225
8687,14226
8710,14228
8725,14253
8750,14239
8786,14282
8825,14285
8844,14280
8878,14303
8885,14303
8933,14336
8951,14360
8966,14372
8985,14365
9027,14371
9064,14405
9071,14421
9091,14443
9108,14457
9151,14476
9178,14507
9193,14524
9220,14532
9266,14558
9259,14615
9260,14618
9301,14611
9317,14619
9340,14645
9355,14649
9360,14659
9372,14688
9409,14691
9416,14702
9435,14717
9444,14724
9453,14744
9471,14733
9504,14730
9507,14738
9544,14753
9536,14768
9579,14749
9576,14774
9593,14785
9611,14766
9650,14793
9647,14795
9676,14804
9705,14830
9738,14840
9742,14852
9763,14865
9798,14879
9829,14899
9859,14923
9879,14925
9909,14946
9942,14983
9961,15003
9973,15027
10024,15054
10029,15068
10066,15098
10088,15127
10114,15131
10144,15165
10167,15193
10168,15209
10212,15243
10245,15244
10254,15275
10283,15286
10309,15307
10324,15314
10366,15328
10410,15350
10431,15362
10441,15403
10488,15401
10497,15422
10534,15444
10572,15466
10581,15475
10594,15502
10630,15510
10667,15525
10686,15532
10732,15580
10741,15579
10782,15624
10788,15625
10842,15660
10851,15690
10893,15727
10920,15745
10934,15798
10983,15803
10996,15824
11011,15839
11061,15900
11077,15891
11107,15958
11133,15983
11162,16016
11184,16044
11200,16066
11221,16080
11254,16132
11304,16116
11305,16146
11316,16179
11342,16170
11375,16217
11401,16232
11420,16230
11417,16239
11454,16262
11471,16287
11492,16300
11508,16314
11517,16333
11524,16330
11556,16354
11565,16351
11577,16363
11582,0
11596,12
11624,24
11640,21
11659,43
11678,46
11686,66
11709,109
11722,101
11736,137
11739,159
11760,166
11776,191
11806,242
11840,280
11861,311
11870,346
11906,366
11907,419
11924,424
11950,431
11973,473
11996,491
12018,506
12067,567
12068,604
12103,646
12122,646
12160,700
12184,710
12204,742
12235,770
12247,798
12288,806
12301,848
12327,886
12336,898
12376,936
12375,980
12426,996
12452,1044
12469,1079
12521,1133
12524,1161
12583,1185
12594,1263
12627,1247
12662,1351
12677,1356
12701,1388
12725,1467
12744,1511
12793,1580
12801,1637
12826,1672
12847,1687
12903,1777
12931,1828
12949,1904
12995,1919
13001,2018
13040,2034
13063,2056
13091,2109
13145,2160
13155,2181
13196,2252
13208,2295
13251,2351
13279,2371
13294,2410
13303,2490
13335,2499
13354,2492
13397,2505
13393,2584
13422,2600
13470,2596
13489,2655
13500,2655
13522,2692
13559,2695
13572,2725
13608,2734
13603,2783
13658,2780
13650,2803
13668,2847
13685,2849
13684,2862
13714,2883
13729,2932
13748,2927
13772,2958
13797,2993
13809,3017
13832,3036
13836,3064
13861,3093
13878,3128
13878,3175
13901,3194
13926,3196
13958,3240
13969,3279
13999,3316
14006,3352
14038,3392
14060,3438
14101,3459
14101,3509
14129,3545
14148,3570
14182,3586
14177,3627
14220,3674
14234,3702
14273,3723
14289,3730
14309,3750
14346,3791
14363,3798
14388,3834
14397,3844
14447,3898
14490,3928
14486,3939
14523,3967
14558,3964
14568,3985
14611,4017
14625,4047
14655,4072
14672,4072
14700,4097
14727,4113
14764,4146
14789,4169
14807,4185
14842,4233
14885,4245
14899,4272
14929,4312
14944,4329
14998,4374
15019,4390
15034,4412
15062,4436
15103,4470
15150,4518
15167,4541
15175,4574
15197,4608
15220,4624
15262,4675
15292,4694
15336,4716
15335,4760
15348,4771
15381,4816
15429,4835
15460,4868
15460,4906
15493,4925
15528,4932
15553,4974
15565,5000
15589,5017
15628,5034
15650,5046
15669,5069
15680,5108
15704,5105
15733,5126
15741,5128
15751,5134
15769,5152
15783,5149
15818,5182
15852,5164
15859,5187
15865,5195
15894,5196
15917,5202
15940,5189
15929,5198
15952,5207
15969,5225
15983,5229
16012,5232
16027,5253
16025,5255
16052,5254
16073,5266
16097,5261
16102,5273
16106,5268
16131,5271
16168,5302
16172,5318
16192,5340
16217,5350
16246,5395
16272,5377
16299,5397
16305,5425
16326,5455
16344,5485
16377,5493
12,5506
34,5526
39,5541
112,5578
109,5600
145,5614
145,5639
170,5664
216,5688
239,5710
268,5744
286,5729
300,5764
359,5798
336,5800
391,5840
401,5850
425,5880
470,5878
485,5907
527,5903
556,5916
556,5928
585,5952
624,5969
656,5973
677,5979
709,6016
760,6004
760,6010
829,6033
836,6055
866,6079
898,6091
927,6092
938,6132
966,6115
985,6148
1010,6160
1059,6181
1074,6188
1111,6212
1120,6230
1170,6236
1202,6265
1221,6273
1246,6299
1270,6335
1295,6329
1323,6357
1344,6362
1389,6393
1401,6410
1431,6422
1452,6428
1492,6457
1505,6494
1519,6493
1538,6497
1574,6546
1571,6570
1602,6591
1616,6597
1653,6616
1673,6627
1691,6629
1716,6638
1704,6663
1728,6673
1748,6685
1767,6675
1781,6699
1792,6700
1815,6718
1826,6730
1833,6722
1855,6749
1897,6744
1886,6769
1910,6774
1924,6765
1949,6782
1976,6806
1977,6796
2001,6809
2037,6808
2064,6844
2057,6833
2119,6858
2106,6868
2144,6864
2155,6903
2181,6926
2198,6928
2229,6943
2249,6959
2284,6969
2310,6981
2315,7021
2341,7030
2386,7054
2405,7079
2453,7097
2472,7140
2490,7158
2503,7186
2557,7189
2571,7219
2609,7247
2637,7270
2646,7295
2685,7326
2703,7359
2727,7388
2779,7408
2783,7422
2798,7468
2829,7502
2873,7508
2906,7528
2921,7550
2937,7593
2983,7582
3002,7616
3029,7647
3051,7673
3091,7687
3103,7731
3153,7734
3164,7740
3209,7787
3207,7792
3250,7816
3273,7823
3278,7877
3321,7899
3342,7914
3357,7920
3392,7952
3426,7990
3459,8017
3479,8014
3503,8058
3537,8061
3554,8119
3584,8121
3600,8146
3604,8196
3632,8227
3673,8237
3691,8254
3694,8310
3723,8295
3745,8353
3755,8383
3780,8378
3807,8417
3824,8437
3853,8463
3867,8475
3884,8515
3881,8539
3912,8563
3938,8553
3957,8579
3954,8596
3977,8612
3977,8621
4020,8653
4029,8675
4047,8655
4050,8679
4071,8677
4071,8715
4092,8712
4109,8710
4132,8736
4145,8745
4157,8763
4201,8807
4199,8827
4208,8850
4240,8870
4279,8886
4282,8919
4320,8962
4321,8978
4355,9035
4404,9039
4393,9123
4424,9150
4453,9176
4481,9241
4486,9272
4526,9331
4549,9382
4594,9442
4607,9447
4650,9522
4660,9548
4683,9593
4726,9618
4742,9670
4771,9688
4798,9772
4843,9790
4854,9825
4882,9854
4903,9891
4936,9948
4945,9961
4997,9996
5021,10022
5051,10090
5081,10129
5112,10154
5118,10184
5174,10219
5212,10280
5220,10307
5242,10354
5274,10394
5311,10439
5343,10474
5388,10530
5394,10571
5394,10633
5441,10647
5462,10705
5494,10727
5534,10787
5544,10834
5587,10895
5615,10954
5632,10979
5694,11030
5691,11088
5708,11138
5737,11163
5734,11220
5772,11255
5809,11303
5862,11335
5853,11343
5893,11362
5876,11420
5927,11411
5951,11451
5942,11445
5974,11479
5998,11496
6015,11503
6042,11524
6053,11523
6065,11541
6083,11552
6115,11565
6102,11585
6132,11578
6155,11604
6174,11593
6173,11625
6203,11631
6234,11648
6235,11664
6275,11706
6291,11752
6298,11759
6322,11792
6334,11828
6362,11841
6372,11888
6387,11926
6422,11946
6462,11982
6466,12024
6488,12080
6515,12095
6538,12139
6573,12155
6600,12208
6616,12242
6642,12264
6676,12296
6672,12308
6716,12315
6733,12344
6771,12362
6794,12383
6823,12386
6848,12430
6872,12435
6897,12467
6910,12473
6945,12511
6974,12523
7010,12538
7010,12543
7049,12565
7087,12611
7110,12619
7112,12615
7165,12671
7179,12688
7213,12713
7249,12736
7269,12783
7299,12793
7326,12840
7359,12902
7384,12912
7408,12955
7442,12973
7462,13022
7499,13017
7509,13054
7548,13090
7587,13112
7613,13148
7631,13198
7663,13204
7678,13230
7715,13242
7730,13272
7772,13300
7761,13307
7792,13340
7814,13334
7855,13347
7876,13347
7913,13377
7925,13386
7931,13394
7973,13418
7998,13421
8030,13437
8055,13423
8066,13440
8104,13442
8103,13441
8115,13462
8155,13465
8158,13475
8191,13497
8200,13509
8206,13518
8233,13547
8232,13557
8267,13558
8294,13594
8308,13604
8313,13631
8321,13641
8347,13656
8376,13687
8383,13682
8389,13698
8428,13703
8438,13721
8448,13755
8467,13769
8492,13799
8495,13794
8509,13817
8510,13794
8528,13818
8556,13834
8574,13853
8588,13842
8634,13853
8647,13886
8662,13882
8686,13888
8706,13909
8741,13903
8787,13919
8794,13916
8811,13928
8838,13958
8874,13941
8907,13947
8904,13973
8937,13989
8956,14012
9000,14010
9007,14059
9064,14062
9081,14086
9112,14138
9141,14162
9173,14192
9208,14202
9217,14214
9264,14250
9293,14277
9314,14291
9324,14306
9348,14338
9377,14348
9408,14378
9424,14403
9464,14417
9501,14437
9520,14450
9545,14477
9569,14499
9601,14508
9631,14519
9670,14538
9691,14533
9731,14538
9762,14564
9765,14557
9812,14572
9828,14592
9849,14602
9868,14638
9895,14639
9931,14653
9962,14674
9995,14677
10007,14700
10020,14734
10057,14715
10072,14742
10106,14763
10153,14771
10182,14787
10183,14837
10221,14858
10250,14878
10279,14899
10290,14940
10312,14933
10333,14965
10340,14973
10367,14987
10385,14991
10404,15038
10417,15027
10442,15041
10445,15051
10448,15054
10491,15056
10497,15077
10522,15076
10533,15103
10561,15095
10580,15105
10599,15116
10604,15118
10614,15111
10639,15112
10643,15120
10669,15138
10700,15146
10710,15146
10714,15165
10740,15178
10763,15196
10775,15204
10817,15234
10835,15269
10867,15278
10876,15294
10909,15320
10942,15320
10968,15359
10995,15385
11014,15417
11053,15411
11069,15454
11076,15483
11123,15509
11137,15535
11147,15545
11185,15583
11210,15588
11230,15633
11252,15632
11298,15666
11305,15687
11357,15709
11355,15705
11408,15760
11422,15776
11453,15801
11484,15804
11509,15832
11524,15864
11554,15873
11585,15882
11612,15924
11632,15911
11651,15945
11668,15983
11723,16010
11738,16015
11762,16046
11785,16081
11818,16103
11866,16144
11901,16172
11910,16221
11927,16235
11973,16279
12002,16307
12011,16344
12035,16371
12081,7
12110,64
12122,89
12143,127
12153,153
12193,197
12222,192
12257,249
12287,260
12276,314
12305,327
12329,336
12360,389
12399,408
12408,430
12427,440
12445,441
12468,481
12468,471
12493,509
12532,512
12527,557
12549,543
12574,583
12580,557
12584,628
12614,608
12645,631
12670,660
12678,672
12702,670
12705,704
12738,720
12749,748
12745,745
12766,765
12777,802
12794,814
12820,857
12829,896
12841,908
12862,945
12881,986
12904,1018
12922,1051
12949,1080
12965,1107
12980,1160
13021,1177
13045,1229
13062,1276
13083,1304
13121,1304
13144,1358
13153,1389
13185,1420
13218,1475
13249,1493
13277,1507
13282,1555
13303,1591
13333,1632
13360,1670
13385,1706
13393,1725
13459,1752
13456,1766
13509,1827
13528,1822
13570,1878
13589,1899
13613,1962
13640,1982
13657,2059
13689,2112
13720,2132
13757,2178
13769,2264
13794,2267
13836,2312
13867,2377
13908,2411
13932,2466
13936,2519
13973,2563
14006,2608
14034,2690
14085,2719
14112,2780
14116,2871
14161,2886
14189,2959
14204,2951
14234,3016
14250,3079
14284,3129
14312,3152
14328,3202
14355,3221
14400,3282
14408,3284
14431,3339
14459,3343
14492,3404
14499,3399
14528,3431
14553,3471
14581,3503
14615,3505
14636,3532
14661,3550
14673,3559
14689,3608
14698,3596
14717,3628
14748,3598
14780,3645
14792,3645
14806,3643
14823,3687
14848,3700
14860,3704
14887,3731
14889,3746
14894,3737
14911,3732
14925,3767
14938,3772
14964,3804
15003,3807
14999,3833
15013,3885
15045,3907
15075,3911
15091,3935
15101,3967
15117,3987
15168,4022
15170,4046
15217,4101
15236,4106
15254,4157
15248,4186
15297,4190
15308,4240
15342,4268
15353,4305
15372,4316
15404,4361
15446,4401
15475,4415
15511,4463
15484,4490
15532,4499
15550,4537
15598,4556
15615,4564
15644,4586
15654,4612
15667,4629
15716,4655
15750,4656
15771,4672
15795,4711
15826,4720
15856,4738
15871,4765
15901,4758
15916,4768
15952,4823
15999,4824
16015,4838
16046,4874
16057,4871
16087,4903
16106,4900
16150,4923
16182,4945
16190,4973
16214,4985
16255,4971
16287,5023
16304,5051
16335,5083
16354,5103
14,5111
24,5156
55,5178
92,5200
140,5239
149,5255
179,5289
192,5303
197,5322
255,5343
276,5372
304,5392
301,5416
328,5454
342,5470
366,5482
397,5512
416,5529
447,5517
452,5557
456,5566
497,5596
523,5587
535,5598
564,5616
587,5615
573,5623
592,5639
613,5632
629,5630
654,5634
665,5650
652,5665
696,5658
702,5637
709,5653
717,5669
736,5667
749,5672
796,5696
800,5692
830,5705
831,5706
855,5716
877,5719
882,5711
922,5741
936,5752
962,5748
997,5757
1000,5799
1022,5816
1053,5815
1056,5836
1086,5848
1132,5894
1165,5911
1170,5920
1222,5966
1241,5974
1268,5995
1297,6009
1310,6014
1353,6025
1355,6074
1380,6096
1426,6129
1444,6137
1454,6147
1465,6179
1511,6189
1544,6204
1582,6250
1611,6251
1628,6271
1636,6296
1681,6315
1713,6341
1736,6352
1754,6374
1805,6376
1824,6399
1867,6425
1878,6418
1902,6429
1950,6469
1974,6478
1999,6475
1996,6502
2047,6494
2072,6532
2111,6545
2098,6539
2158,6563
2183,6575
2234,6571
2239,6600
2275,6631
2302,6650
2338,6668
2361,6681
2394,6711
2409,6731
2439,6743
2491,6757
2476,6765
2491,6795
2523,6802
2540,6844
2566,6840
2595,6890
2612,6895
2645,6912
2672,6939
2689,6941
2716,6972
2746,6988
2749,7012
2772,7014
2798,7040
2822,7043
2822,7049
2840,7062
2857,7083
2853,7111
2878,7102
2885,7119
2919,7126
2934,7117
2924,7143
2951,7161
2961,7147
2985,7162
3013,7172
3020,7176
3050,7200
3054,7225
3108,7206
3118,7232
3146,7254
3167,7233
3168,7280
3190,7278
3220,7316
3232,7312
3259,7336
3264,7344
3314,7360
3339,7402
3348,7430
3380,7432
3405,7480
3456,7494
3466,7525
3507,7549
3517,7547
3536,7603
3579,7611
3603,7654
3638,7684
3645,7683
3664,7744
3696,7783
3715,7804
3752,7824
3784,7868
3823,7895
3824,7906
3860,7933
3889,7959
3903,7998
3943,8013
3981,8031
3996,8063
4021,8094
4048,8116
4084,8127
4111,8161
4135,8183
4150,8204
4161,8232
4208,8266
4231,8281
4249,8309
4308,8331
4299,8373
4321,8393
4356,8434
4387,8489
4417,8509
4439,8521
4469,8546
4479,8589
4507,8633
4546,8672
4577,8728
4583,8737
4612,8796
4648,8854
4647,8873
4676,8896
4710,8915
4715,8958
4748,8990
4778,9042
4789,9039
4806,9053
4843,9095
4840,9126
4878,9142
4896,9183
4938,9171
4940,9203
4951,9208
4974,9244
4991,9246
5002,9274
4996,9246
5036,9276
5040,9288
5069,9288
5080,9330
5093,9320
5093,9361
5106,9373
5149,9399
5158,9396
5167,9414
5206,9458
5197,9476
5215,9505
5226,9522
5256,9555
5277,9589
5313,9635
5345,9679
5363,9763
5376,9774
5393,9805
5402,9843
5447,9869
5479,9957
5500,9991
5539,10052
5523,10061
5554,10098
5577,10141
5622,10174
5644,10209
5673,10254
5696,10292
5711,10344
5748,10368
5786,10384
5800,10407
5822,10434
5865,10464
5869,10492
5904,10532
5943,10586
5966,10578
5999,10639
6024,10682
6062,10724
6085,10771
6110,10814
6159,10838
6181,10923
6187,10962
6237,11003
6254,11030
6281,11086
6311,11157
6346,11187
6387,11227
6400,11306
6413,11374
6469,11413
6498,11462
6508,11506
6528,11574
6571,11611
6592,11636
6632,11660
6657,11680
6674,11718
6709,11751
6746,11771
6744,11820
6787,11809
6820,11881
6841,11854
6878,11906
6877,11918
6901,11935
6950,11954
6949,11951
6968,11947
7005,11978
7037,12013
7047,12006
7062,12057
7090,12074
7115,12091
7116,12120
7141,12149
7149,12177
7172,12209
7209,12223
7208,12241
7224,12269
7248,12281
7244,12299
7273,12329
7300,12356
7309,12352
7310,12433
7353,12439
7374,12445
7391,12476
7395,12505
7421,12502
7431,12540
7446,12526
7469,12547
7498,12574
7510,12581
7553,12596
7562,12623
7596,12624
7614,12636
7640,12650
7681,12685
7692,12683
7723,12724
7742,12700
7765,12735
7791,12735
7818,12774
7829,12775
7864,12812
7878,12822
7914,12877
7912,12896
7983,12906
8016,12941
8022,12976
8057,13030
8090,13032
8121,13083
8174,13092
8151,13141
8196,13175
8201,13221
8236,13242
8266,13260
8303,13281
8321,13329
8313,13345
8364,13354
8404,13391
8422,13370
8448,13410
8469,13418
8513,13437
8519,13451
8556,13457
8611,13475
8609,13491
8649,13503
8663,13516
8702,13518
8732,13530
8751,13567
8772,13562
8806,13560
8808,13589
8855,13597
8866,13625
8900,13657
8935,13687
8946,13707
8986,13718
9026,13746
9047,13761
9063,13795
9076,13814
9111,13843
9134,13847
9147,13886
9172,13896
9191,13921
9219,13943
9228,13951
9237,13964
9250,13986
9279,13991
9300,13988
9323,14011
9320,14020
9334,14028
9363,14036
9368,14025
9395,14042
9424,14037
9421,14022
9427,14026
9458,14037
9471,14039
9483,14058
9498,14061
9525,14023
9528,14059
9555,14064
9566,14080
9579,14068
9600,14083
9634,14106
9645,14116
9660,14140
9689,14145
9733,14177
9740,14195
9757,14225
9804,14245
9831,14266
9852,14286
9876,14302
9896,14323
9894,14348
9927,14362
9957,14417
9991,14401
10016,14411
10020,14432
10069,14478
10088,14498
10119,14496
10124,14507
10170,14522
10193,14518
10222,14543
10255,14545
10262,14563
10296,14582
10327,14582
10366,14589
10387,14591
10405,14630
10424,14639
10467,14649
10486,14662
10521,14689
10539,14702
10594,14718
10605,14757
10644,14768
10679,14799
10701,14822
10752,14856
10771,14877
10800,14908
10836,14929
10847,14952
10888,14967
10919,15010
10932,15034
10985,15054
10985,15064
11022,15088
11036,15119
11064,15117
11092,15144
11122,15166
11132,15172
11179,15184
11205,15207
11232,15238
11264,15228
11280,15246
11293,15260
11305,15291
11354,15290
11360,15292
11398,15278
11395,15306
11421,15331
11430,15306
11439,15325
11456,15344
11492,15380
11504,15386
11528,15368
11549,15421
11563,15424
11570,15451
11595,15447
11615,15475
11625,15476
11667,15492
11650,15521
11699,15531
11699,15553
11718,15582
11741,15569
11746,15588
11768,15634
11807,15641
11812,15659
11831,15669
11852,15711
11888,15728
11902,15722
11932,15759
11936,15777
11965,15775
12000,15813
12033,15825
12038,15845
12036,15848
12089,15864
12091,15895
12122,15906
12150,15934
12176,15944
12195,15955
12193,15973
12246,16016
12279,16019
12287,16049
12318,16090
12332,16110
12364,16121
12394,16188
12415,16204
12445,16243
12502,16284
12494,16306
12536,16338
12556,16372
12587,7
12620,41
12641,77
12660,117
12688,143
12722,180
12734,220
12763,263
12823,271
12830,345
12869,396
12883,397
12898,427
12941,456
12965,494
12999,524
13028,547
13065,597
13073,574
13090,623
13119,651
13142,673
13169,692
13212,727
13233,777
13250,784
13271,813
13295,868
13312,876
13355,912
13379,944
13408,980
13416,1010
13429,1045
13465,1045
13483,1096
13503,1138
13543,1170
13538,1204
13550,1216
13605,1243
13627,1299
13633,1308
13604,1345
13649,1367
13692,1398
13694,1414
13713,1490
13740,1486
13745,1552
13758,1582
13791,1565
13794,1590
13849,1643
13835,1615
13860,1660
13857,1673
13879,1682
13872,1722
13895,1730
13915,1781
13933,1793
13951,1811
13981,1820
13993,1857
14016,1859
14030,1883
14045,1933
14100,1967
14096,1977
14117,1996
14168,2017
14171,2040
14197,2078
14225,2117
14263,2113
14270,2156
14288,2201
14323,2258
14340,2262
14354,2279
14377,2346
14429,2402
14452,2418
14444,2436
14493,2487
14534,2542
14530,2603
14553,2623
14611,2685
14642,2741
14673,2768
14685,2803
14703,2864
14752,2917
14773,2975
14800,3021
14836,3041
14860,3116
14877,3171
14920,3196
14948,3256
14974,3314
15008,3368
15012,3379
15062,3433
15069,3488
15120,3516
15140,3544
15190,3604
15219,3612
15241,3654
15270,3677
15277,3693
15308,3727
15336,3771
15357,3805
15385,3819
15424,3836
15444,3870
15468,3878
15494,3904
15534,3947
15544,3956
15565,3994
15604,3994
15625,4019
15643,4033
15684,4048
15700,4068
15722,4092
15751,4110
15769,4132
15783,4149
15815,4166
15813,4178
15815,4165
15841,4205
15861,4234
15887,4229
15904,4284
15914,4281
15953,4314
15945,4339
15967,4339
16002,4341
16005,4372
16026,4388
16030,4406
16045,4453
16076,4458
16080,4493
16119,4495
16133,4533
16156,4574
16172,4575
16209,4589
16219,4635
16220,4659
16248,4668
16280,4702
16299,4717
16312,4752
16331,4769
16341,4761
16374,4803
17,4809
53,4825
84,4850
94,4864
143,4893
129,4897
178,4932
198,4950
218,4934
240,4971
260,4958
295,4991
313,4996
358,5035
345,5043
401,5047
419,5072
474,5082
472,5080
503,5117
522,5132
580,5135
607,5184
632,5195
666,5209
674,5219
696,5255
727,5269
790,5287
782,5312
825,5316
833,5364
854,5382
881,5426
907,5434
968,5446
969,5481
1017,5504
1048,5534
1062,5552
1081,5573
1123,5615
1164,5637
1183,5654
1188,5671
1221,5690
1256,5708
1255,5720
1297,5760
1336,5765
1344,5796
1365,5809
1394,5837
1412,5854
1435,5867
1463,5873
1475,5872
1510,5905
1539,5910
1545,5918
1570,5918
1592,5925
1604,5931
1622,5925
1631,5937
1647,5949
1669,5953
1678,5950
1710,5958
1711,5970
1713,5974
1750,5988
1776,5997
1784,5989
1796,5992
1820,6018
1850,6015
1835,6015
1860,5991
1886,6029
1899,6049
1931,6054
1936,6042
1953,6057
1978,6071
1986,6092
2021,6090
2029,6108
2060,6139
2060,6154
2098,6162
2105,6193
2162,6213
2184,6244
2213,6260
2245,6281
2261,6300
2292,6323
2317,6334
2326,6364
2348,6384
2383,6393
2401,6423
2427,6422
2464,6448
2481,6480
2506,6486
2543,6512
2567,6539
2596,6543
2616,6578
2645,6599
2685,6615
2696,6628
2735,6643
2752,6667
2799,6672
2810,6701
2855,6697
2863,6729
2902,6725
2941,6752
2954,6773
2986,6774
3002,6802
3053,6808
3068,6814
3092,6868
3128,6873
3165,6899
3183,6910
3220,6953
3251,6939
3292,6998
3321,6971
3343,7013
3381,7034
3402,7064
3431,7079
3467,7095
3498,7124
3495,7146
3516,7170
3552,7225
3565,7234
3613,7268
3622,7256
3669,7291
3667,7311
3693,7337
3719,7363
3753,7389
3782,7408
3789,7413
3798,7416
3814,7452
3829,7447
3852,7456
3864,7464
3897,7499
3903,7510
3918,7511
3945,7517
3946,7536
3976,7541
3978,7545
4005,7569
4012,7551
4037,7575
4061,7574
4071,7592
4091,7607
4112,7610
4133,7611
4133,7651
4153,7670
4159,7666
4191,7691
4217,7713
4260,7755
4273,7791
4279,7807
4322,7811
4311,7852
4345,7867
4376,7888
4409,7936
4434,7968
4482,7992
4485,8037
4510,8033
4542,8120
4583,8103
4594,8162
4642,8190
4644,8209
4668,8234
4698,8270
4719,8318
4748,8336
4781,8360
4779,8392
4818,8414
4853,8428
4879,8473
4895,8508
4929,8530
4966,8547
4985,8580
5031,8643
5072,8615
5058,8645
5094,8712
5108,8712
5149,8754
5192,8806
5186,8801
5225,8881
5265,8875
5273,8951
5319,8986
5338,9021
5363,9070
5402,9107
5413,9160
5456,9198
5488,9276
5513,9280
5546,9342
5553,9418
5575,9439
5601,9465
5629,9517
5666,9564
5705,9570
5705,9637
5724,9656
5764,9680
5786,9714
5823,9743
5835,9792
5850,9823
5877,9835
5896,9845
5906,9874
5933,9888
5940,9918
5985,9935
5990,9924
6015,9941
6024,9941
6050,9990
6054,10009
6085,10023
6099,10049
6099,10065
6128,10077
6161,10086
6153,10121
6161,10173
6167,10193
6216,10233
6218,10250
6232,10296
6262,10308
6294,10329
6312,10384
6309,10427
6333,10487
6375,10482
6366,10557
6362,10556
6405,10601
6444,10627
6440,10637
6472,10660
6490,10686
6515,10743
6548,10754
6586,10779
6580,10825
6620,10872
6661,10877
6685,10915
6717,10943
6710,10937
6748,11008
6781,11022
6819,11072
6829,11083
6847,11112
6896,11164
6911,11189
6954,11250
6975,11276
7008,11345
7036,11371
7076,11429
7105,11481
7113,11516
7124,11578
7193,11633
7201,11664
7224,11712
7259,11769
7278,11833
7313,11853
7342,11880
7376,11956
7421,11973
7439,12015
7471,12046
7508,12078
7530,12095
7535,12145
7570,12147
7615,12182
7641,12219
7650,12233
7693,12251
7708,12281
7743,12314
7766,12306
7798,12328
7805,12354
7840,12346
7869,12378
7903,12395
7935,12425
7955,12431
7997,12469
8013,12499
8041,12525
8051,12574
8062,12602
8098,12622
8130,12642
8138,12656
8163,12707
8176,12703
8184,12734
8201,12780
8216,12778
8249,12834
8252,12863
8279,12863
8285,12893
8312,12896
8313,12923
8330,12902
8361,12936
8366,12944
8385,12937
8393,12951
8413,12953
8435,12961
8432,12953
8456,12959
8490,12977
8502,12972
8526,12985
8562,13000
8577,13000
8594,13048
8627,13047
8651,13066
8663,13065
8686,13069
8711,13095
8752,13112
8764,13169
8793,13178
8817,13232
8828,13233
8867,13241
8888,13312
8899,13316
8940,13340
8959,13389
8997,13411
9014,13421
9050,13459
9078,13504
9111,13504
9132,13536
9164,13562
9177,13585
9217,13609
9235,13630
9266,13627
9257,13654
9305,13648
9346,13649
9361,13670
9396,13689
9420,13702
9438,13709
9469,13749
9499,13731
9529,13760
9564,13749
9586,13769
9603,13785
9641,13804
9689,13828
9708,13834
9720,13835
9758,13882
9802,13889
9792,13912
9826,13956
9848,13974
9906,13990
9932,14019
9939,14056
9968,14081
9988,14075
10038,14123
10078,14138
10111,14157
10095,14180
10113,14208
10152,14237
10189,14241
10196,14241
10217,14259
10229,14293
10240,14281
10257,14307
10284,14318
10302,14314
10335,14310
10335,14309
10349,14343
10366,14314
10390,14337
10413,14340
10430,14340
10446,14336
10465,14350
10470,14352
10489,14357
10511,14362
10531,14354
10540,14362
10546,14383
10591,14381
10590,14411
10623,14415
10630,14440
10636,14455
10661,14447
10682,14487
10705,14494
10721,14516
10742,14536
10759,14571
10788,14579
10815,14589
10852,14602
10857,14622
10884,14661
10908,14652
10917,14688
10945,14704
10957,14703
10994,14732
11001,14733
11041,14757
11062,14763
11088,14772
11128,14812
11162,14806
11193,14816
11200,14805
11220,14823
11256,14844
11278,14860
11315,14872
11338,14897
11354,14901
11409,14915
11425,14954
11453,14973
11467,15002
11518,15016
11547,15036
11556,15078
11582,15078
11627,15102
11642,15140
11691,15151
11724,15188
11751,15229
11809,15247
11817,15291
11837,15295
11864,15334
11904,15350
11910,15395
11958,15408
11963,15421
12003,15465
12027,15461
12053,15488
12089,15514
12112,15532
12137,15552
12165,15560
12175,15594
12209,15616
12236,15614
12270,15610
12288,15637
12330,15666
12337,15687
12335,15696
12361,15681
12389,15707
12398,15732
12441,15758
12461,15775
12476,15793
12491,15815
12533,15837
12538,15838
12549,15857
12580,15888
12615,15919
12602,15903
12622,15944
12651,15951
12671,15987
12672,15996
12695,16019
12712,16034
12735,16063
12745,16096
12762,16088
12783,16121
12799,16135
12818,16138
12833,16170
12845,16170
12870,16188
12895,16192
12908,16218
12947,16240
12955,16249
12980,16275
12989,16289
13024,16304
13037,16337
13069,16345
13102,16382
13116,8
13141,58
13185,53
13196,109
13201,87
13240,110
13274,168
13267,199
13305,231
13341,285
13377,306
13413,319
13412,360
13428,396
13491,433
13516,499
13527,507
13566,562
13578,600
13619,635
13649,697
13686,729
13692,754
13733,812
13766,856
13788,898
13805,941
13818,938
13882,1017
13893,1033
13950,1106
13956,1126
13985,1143
13993,1176
14030,1236
14052,1250
14069,1293
14124,1324
14150,1354
14171,1401
14180,1420
14214,1484
14237,1490
14278,1502
14298,1516
14322,1587
14363,1615
14376,1644
14406,1694
14447,1717
14453,1757
14468,1784
14504,1838
14521,1892
14545,1890
14576,1922
14599,1975
14617,1999
14645,2038
14627,2064
14677,2089
14688,2112
14720,2154
14727,2177
14758,2208
14763,2261
14766,2304
14807,2355
14820,2390
14850,2390
14833,2405
14867,2427
14877,2460
14890,2470
14889,2487
14916,2529
14960,2552
14957,2588
14967,2605
15010,2602
15008,2634
15030,2665
15053,2637
15050,2698
15080,2718
15093,2738
15129,2760
15144,2789
15145,2803
15181,2845
15214,2862
15233,2889
15245,2927
15289,2949
15318,2970
15320,3000
15359,3005
15370,3043
15414,3052
15424,3124
15447,3130
15488,3178
15510,3200
15525,3225
15573,3241
15590,3298
15627,3362
15645,3380
15675,3432
15722,3461
15732,3498
15773,3530
15792,3562
15824,3622
15863,3644
15878,3684
15924,3751
15929,3779
15953,3788
15988,3845
16004,3909
16029,3929
16087,3958
16087,4000
16148,4042
16147,4096
16193,4139
16228,4164
16261,4203
16259,4241
16325,4251
16316,4292
16377,4359
11,4379
44,4394
72,4403
87,4445
107,4466
134,4491
168,4496
197,4548
197,4553
212,4583
278,4593
257,4617
302,4608
328,4645
361,4646
377,4666
388,4657
440,4672
413,4705
447,4705
496,4724
504,4742
507,4760
531,4761
554,4762
566,4777
604,4779
594,4791
626,4802
642,4821
670,4821
682,4843
687,4841
700,4860
728,4868
737,4887
762,4914
795,4930
796,4947
821,4967
829,4982
875,5026
872,5023
897,5047
917,5074
928,5090
965,5104
986,5142
993,5160
1000,5167
1073,5209
1095,5236
1094,5269
1140,5286
1159,5314
1162,5325
1206,5328
1223,5347
1245,5407
1254,5389
1303,5417
1314,5437
1348,5428
1378,5461
1395,5464
1433,5477
1428,5478
1470,5520
1514,5535
1533,5545
1561,5564
1597,5562
1613,5581
1656,5577
1660,5613
1718,5617
1705,5641
1762,5652
1782,5672
1789,5671
1839,5700
1854,5685
1882,5724
1911,5741
1951,5748
1964,5770
2000,5783
2015,5815
2053,5827
2098,5856
2105,5875
2135,5881
2166,5919
2215,5945
2237,5964
2253,5972
2283,6021
2316,6036
2327,6033
2369,6065
2394,6096
2405,6113
2406,6134
2466,6160
2463,6167
2501,6163
2508,6196
2561,6212
2565,6221
2584,6231
2618,6260
2641,6260
2649,6283
2673,6302
2693,6310
2719,6326
2716,6326
2756,6332
2763,6332
2786,6359
2780,6343
2795,6351
2825,6361
2818,6382
2841,6373
2862,6376
2902,6383
2898,6377
2925,6387
2930,6396
2950,6392
2958,6397
2987,6400
3022,6416
3011,6429
3039,6453
3053,6437
3068,6476
3095,6472
3103,6474
3126,6470
3125,6512
3174,6529
3190,6543
3243,6569
3267,6581
3285,6604
3323,6619
3323,6643
3357,6688
3373,6699
3405,6715
3436,6741
3439,6760
3487,6806
3526,6802
3532,6822
3561,6847
3590,6857
3609,6890
3645,6917
3660,6929
3696,6946
3724,6983
3742,6985
3763,7027
3811,7037
3836,7056
3892,7069
3890,7081
3938,7100
3941,7132
3973,7124
3997,7135
4026,7160
4068,7200
4100,7204
4102,7226
4125,7255
4158,7240
4200,7278
4223,7293
4273,7345
4288,7366
4321,7399
4346,7408
4359,7442
4405,7479
4429,7501
4464,7526
4479,7538
4502,7576
4528,7602
4553,7651
4567,7661
4620,7680
4639,7725
4654,7740
4676,7786
4707,7807
4728,7820
4747,7859
4790,7857
4796,7872
4839,7893
4831,7910
4866,7929
4877,7947
4913,7970
4917,7981
4936,7991
4940,8004
4962,8008
4973,7996
4990,8048
5024,8032
5052,8055
5054,8057
5077,8074
5081,8088
5098,8082
5102,8086
5122,8124
5134,8136
5151,8139
5185,8190
5200,8179
5235,8223
5240,8251
5255,8282
5281,8280
5314,8314
5334,8353
5346,8372
5374,8385
5385,8460
5426,8492
5449,8535
5484,8577
5503,8584
5507,8605
5559,8655
5562,8697
5611,8725
5624,8753
5662,8814
5687,8829
5690,8827
5717,8887
5756,8913
5788,8931
5793,8973
5831,8994
5845,9042
5901,9066
5916,9067
5944,9112
5952,9144
6014,9180
6013,9226
6038,9224
6092,9292
6133,9343
6157,9398
6159,9390
6197,9466
6246,9502
6249,9564
6271,9585
6294,9650
6329,9684
6368,9734
6388,9778
6435,9833
6446,9896
6483,9943
6484,10022
6526,10058
6537,10091
6592,10164
6638,10177
6652,10238
6676,10280
6699,10290
6718,10340
6737,10369
6744,10379
6796,10416
6823,10453
6826,10461
6845,10513
6887,10548
6911,10534
6919,10561
6962,10584
6969,10603
6980,10630
7011,10616
7013,10641
7050,10698
7061,10718
7084,10720
7115,10801
7148,10791
7146,10794
7159,10816
7168,10885
7198,10898
7196,10934
7231,10980
7241,10995
7260,11026
7268,11073
7292,11086
7305,11119
7308,11178
7332,11196
7362,11235
7345,11242
7379,11258
7416,11286
7421,11301
7454,11306
7470,11343
7487,11379
7495,11376
7519,11399
7547,11414
7548,11438
7576,11432
7620,11470
7644,11490
7648,11506
7679,11539
7734,11540
7758,11567
7774,11601
7794,11649
7822,11668
7858,11743
7893,11773
7911,11799
7952,11838
7961,11875
8010,11937
8013,11947
8040,11988
8109,12057
8095,12103
8116,12155
8149,12181
8172,12229
8185,12244
8228,12304
8261,12331
8293,12366
8332,12407
8337,12421
8398,12461
8385,12471
8426,12499
8455,12511
8490,12536
8518,12579
8549,12575
8572,12592
8611,12631
8628,12635
8671,12649
8693,12682
8725,12694
8749,12727
8773,12750
8807,12759
8825,12777
8861,12825
8889,12843
8923,12865
8941,12918
8980,12912
8994,12945
9025,13015
9045,13015
9078,13036
9095,13083
9109,13113
9124,13113
9150,13162
9154,13172
9209,13187
9206,13209
9220,13239
9250,13263
9266,13273
9280,13284
9304,13278
9315,13287
9334,13272
9348,13298
9361,13296
9383,13306
9393,13301
9440,13320
9440,13330
9467,13338
9462,13330
9473,13342
9498,13338
9508,13332
9522,13350
9540,13368
9557,13386
9597,13377
9627,13389
9637,13421
9662,13458
9671,13465
9717,13484
9717,13496
9760,13550
9784,13570
9813,13585
9832,13623
9842,13649
9876,13657
9883,13688
9926,13712
9937,13766
9963,13762
9986,13771
10025,13785
10044,13806
10079,13846
10093,13836
10124,13851
10161,13863
10178,13879
10226,13880
10225,13883
10240,13906
10293,13910
10304,13922
10339,13927
10348,13954
10386,13968
10430,13977
10437,13986
10475,13980
10491,14026
10556,14051
10563,14059
10601,14079
10629,14116
10654,14120
10686,14136
10711,14171
10736,14202
10761,14208
10804,14254
10814,14273
10858,14308
10870,14322
10913,14346
10921,14372
10961,14391
10972,14421
11008,14432
11027,14458
11042,14449
11077,14488
11108,14506
11146,14504
11165,14505
11192,14528
11206,14545
11237,14536
11232,14548
11271,14557
11282,14563
11310,14582
11317,14571
11340,14580
11383,14590
11391,14598
11422,14600
11427,14609
11458,14638
11485,14651
11492,14656
11514,14640
11529,14675
11560,14695
11574,14689
11581,14690
11590,14724
11631,14739
11636,14756
11644,14772
11639,14803
11685,14818
11675,14826
11712,14850
11714,14846
11742,14855
11776,14873
11773,14901
11796,14894
11808,14920
11825,14927
11850,14943
11869,14969
11884,14980
11916,14966
11910,14989
11944,14962
11969,15021
11993,15020
12023,15027
12057,15044
12072,15069
12102,15053
12133,15074
12132,15088
12170,15113
12203,15109
12236,15146
12261,15169
12280,15193
12308,15222
12343,15218
12357,15247
12388,15279
12413,15309
12453,15307
12486,15366
12489,15376
12514,15394
12556,15424
12578,15464
12610,15501
12649,15502
12667,15535
12714,15604
12739,15640
12766,15646
12793,15675
12823,15671
12844,15720
12886,15734
12914,15768
12948,15791
12957,15811
12976,15824
13002,15857
13031,15882
13092,15886
13092,15913
13135,15947
13160,15964
13186,15987
13213,16013
13240,16024
13254,16056
13299,16066
13316,16081
13322,16104
13366,16127
13368,16165
13410,16160
13433,16234
13453,16211
13466,16240
13503,16268
13530,16291
13524,16332
13555,16325
13570,16366
13596,2
13609,41
13650,68
13657,110
13685,105
13695,125
13714,139
13721,163
13758,157
13759,203
13793,217
13774,225
13804,235
13841,272
13839,307
13852,342
13878,342
13897,354
13911,356
13928,370
13957,365
13968,424
13999,411
14006,439
14021,457
14070,481
14108,526
14095,525
14131,573
14138,571
14175,623
14182,635
14216,667
14221,713
14271,725
14288,737
14312,801
14354,805
14384,844
14398,922
14394,932
14453,966
14461,1007
14496,1044
14539,1100
14578,1156
14586,1202
14614,1209
14643,1273
14657,1322
14693,1400
14710,1455
14771,1465
14766,1502
14790,1566
14841,1626
14844,1679
14870,1711
14909,1728
14933,1784
14962,1830
15004,1854
15024,1909
15039,1949
15080,1996
15112,2038
15127,2047
15150,2134
15166,2156
15231,2220
15245,2233
15252,2273
15284,2297
15305,2324
15361,2365
15372,2442
15394,2416
15421,2449
15443,2504
15458,2504
15500,2530
15523,2570
15542,2592
15564,2644
15581,2644
15617,2701
15654,2728
15681,2746
15671,2761
15714,2784
15717,2813
15737,2859
15783,2877
15770,2883
15809,2941
15827,2979
15841,3045
15862,3021
15888,3062
15881,3056
15904,3114
15908,3117
15948,3176
15973,3179
15960,3246
15999,3251
16017,3261
16021,3303
16036,3313
16063,3353
16061,3358
16077,3375
16106,3443
16121,3452
16135,3475
16140,3484
16152,3507
16180,3515
16185,3576
16206,3558
16242,3599
16269,3616
16313,3647
16330,3661
16352,3686
16371,3721
21,3732
30,3752
49,3772
63,3773
99,3842
129,3863
142,3911
155,3898
198,3902
214,3934
241,3977
297,4011
318,4030
326,4036
363,4084
397,4088
434,4120
446,4136
479,4167
515,4181
542,4239
558,4263
614,4290
631,4327
651,4370
680,4388
721,4446
743,4462
758,4487
772,4518
835,4562
848,4582
886,4646
938,4657
957,4707
980,4724
1016,4762
1031,4783
1067,4833
1108,4854
1115,4889
1126,4903
1168,4921
1182,4952
1209,4991
1245,4997
1274,5020
1288,5072
1307,5072
1359,5089
1368,5118
1386,5116
1397,5135
1435,5162
1474,5162
1482,5174
1495,5199
1521,5207
1548,5241
1581,5224
1571,5246
1600,5244
1610,5238
1635,5253
1647,5261
1654,5268
1696,5261
1704,5288
1733,5280
1732,5306
1760,5276
1766,5317
1811,5315
1794,5314
1815,5327
1839,5329
1868,5328
1892,5331
1874,5359
1916,5383
1914,5384
1927,5409
1950,5405
1974,5427
1994,5432
2015,5463
2047,5493
2078,5513
2094,5537
2135,5540
2155,5555
2160,5586
2197,5615
2215,5629
2238,5678
2280,5684
2301,5693
2329,5717
2337,5745
2345,5764
2372,5763
2402,5806
2431,5823
2463,5828
2495,5867
2518,5880
2515,5892
2581,5926
2602,5944
2624,5943
2676,5957
2667,5982
2716,5991
2740,6001
2751,6028
2787,6026
2803,6039
2844,6056
2860,6077
2898,6077
2922,6093
2938,6108
2973,6142
2990,6122
3014,6151
3034,6162
3079,6182
3121,6202
3153,6221
3167,6226
3211,6240
3216,6255
3263,6261
3285,6307
3308,6296
3337,6322
3353,6323
3390,6336
3392,6360
3423,6405
3462,6418
3490,6447
3498,6452
3527,6489
3562,6499
3593,6516
3602,6532
3620,6564
3640,6574
3681,6588
3701,6593
3726,6631
3747,6629
3759,6650
3779,6666
3767,6674
3806,6703
3832,6697
3839,6694
3837,6717
3860,6739
3898,6749
3902,6744
3924,6752
3937,6763
3961,6769
3969,6768
3993,6781
3992,6786
4010,6789
4008,6802
4050,6780
4064,6797
4087,6811
4084,6805
4114,6808
4123,6812
4132,6840
4149,6867
4188,6863
4180,6884
4222,6891
4224,6901
4248,6922
4265,6944
4309,6967
4328,6977
4356,7001
4385,7017
4410,7028
4430,7096
4475,7105
4488,7134
4497,7189
4524,7172
4550,7191
4585,7229
4600,7256
4645,7285
4676,7285
4684,7352
4736,7358
4758,7368
4775,7414
4819,7414
4841,7441
4848,7463
4878,7501
4912,7500
4944,7498
4953,7547
5006,7573
5024,7582
5045,7602
5077,7626
5112,7640
5145,7667
5188,7706
5200,7728
5225,7765
5267,7804
5281,7826
5317,7849
5374,7855
5395,7911
5404,7940
5460,7958
5451,8020
5505,8025
5525,8072
5549,8087
5569,8145
5593,8189
5623,8200
5654,8244
5673,8276
5706,8312
5721,8318
5763,8340
5772,8385
5813,8409
5814,8412
5828,8448
5850,8457
5872,8496
5904,8497
5919,8519
5942,8531
5983,8553
5985,8553
6005,8560
6006,8578
6046,8576
6041,8617
6054,8637
6076,8643
6099,8658
6124,8681
6137,8701
6156,8720
6175,8727
6193,8744
6200,8768
6200,8800
6220,8815
6253,8849
6269,8887
6301,8921
6319,8953
6342,8982
6341,9024
6372,9052
6367,9066
6394,9082
6430,9130
6473,9150
6468,9216
6504,9259
6517,9291
6534,9300
6561,9314
6596,9352
6632,9414
6647,9421
6686,9425
6699,9463
6710,9498
6758,9528
6779,9548
6791,9574
6833,9603
6858,9661
6869,9696
6906,9730
6927,9760
6953,9799
6998,9846
7009,9896
7044,9933
7083,9951
7106,10026
7119,10093
7181,10139
7180,10190
7215,10231
7236,10302
7270,10343
7302,10413
7336,10488
7357,10522
7374,10539
7419,10624
7442,10638
7445,10672
7479,10724
7504,10736
7528,10771
7542,10838
7573,10861
7624,10889
7650,10916
7679,10935
7687,10967
7717,10975
7746,11036
7798,11068
7806,11073
7817,11090
7844,11121
7868,11186
7893,11196
7940,11246
7949,11275
7960,11308
7992,11340
8011,11372
8035,11383
8049,11437
8096,11466
8110,11513
8116,11560
8136,11583
8162,11633
8191,11660
8203,11687
8212,11713
8221,11744
8223,11783
8257,11791
8264,11782
8262,11786
8268,11825
8304,11801
8319,11823
8345,11840
8345,11847
8366,11874
8399,11862
8400,11868
8421,11865
8434,11836
8466,11906
8479,11887
8498,11917
8531,11923
8546,11957
8545,11975
8588,11996
8605,12043
8631,12053
8644,12089
8665,12127
8692,12156
8699,12182
8732,12240
8755,12272
8790,12297
8805,12351
8836,12370
8875,12414
8884,12461
8908,12474
8929,12539
8966,12538
9012,12580
9032,12564
9041,12592
9076,12606
9103,12638
9117,12658
9156,12673
9180,12692
9211,12723
9238,12731
9245,12753
9278,12778
9323,12789
9368,12802
9397,12806
9402,12835
9449,12867
9481,12893
9502,12936
9543,12963
9577,12985
9593,13014
9612,13053
9633,13090
9671,13134
9701,13148
9739,13165
9760,13221
9777,13232
9838,13292
9839,13299
9877,13311
9890,13386
9929,13388
9975,13426
9983,13423
10013,13452
10054,13477
10076,13485
10070,13483
10105,13491
10124,13520
10127,13526
10152,13536
10182,13534
10197,13552
10221,13567
10255,13549
10266,13560
10302,13570
10325,13588
10348,13596
10339,13607
10366,13606
10407,13623
10415,13619
10416,13630
10450,13656
10460,13673
10465,13690
10494,13705
10511,13725
10522,13733
10552,13770
10559,13799
10594,13783
10597,13805
10616,13837
10631,13843
10633,13861
10662,13883
10681,13889
10724,13900
10727,13932
10754,13930
10776,13963
10819,13947
10810,13974
10833,13977
10857,13987
10878,13985
10901,14019
10916,14018
10923,14020
10957,14027
11000,14033
11021,14054
11037,14060
11080,14062
11087,14081
11142,14096
11149,14119
11180,14121
11210,14136
11261,14159
11268,14194
11290,14202
11320,14233
11367,14263
11383,14277
11408,14303
11427,14327
11455,14366
11511,14384
11528,14413
11558,14442
11589,14459
11610,14483
11652,14527
11676,14518
11672,14524
11725,14557
11756,14568
11773,14589
11799,14616
11833,14645
11857,14639
11882,14644
11899,14669
11940,14656
11951,14690
11973,14713
12023,14696
12027,14712
12078,14722
12090,14751
12134,14745
12148,14774
12178,14779
12208,14798
12221,14825
12242,14812
12277,14838
12303,14861
12321,14885
12322,14894
12357,14929
12367,14935
12395,14957
12421,14987
12440,14992
12456,15018
12486,15058
12501,15051
12527,15068
12546,15108
12573,15095
12580,15110
12576,15129
12624,15140
12620,15154
12651,15179
12670,15171
12678,15171
12691,15163
12698,15189
12721,15219
12741,15203
12743,15213
12799,15221
12777,15210
12786,15217
12813,15219
12830,15251
12859,15226
12859,15271
12894,15265
12911,15293
12931,15303
12962,15326
12979,15347
12987,15365
13029,15364
13063,15374
13062,15396
13104,15433
13105,15462
13158,15451
13170,15490
13197,15523
13216,15574
13257,15583
13270,15609
13310,15639
13353,15650
13369,15691
13380,15738
13421,15728
13464,15790
13477,15807
13521,15837
13548,15872
13552,15869
13579,15915
13618,15916
13653,15961
13681,15979
13714,16008
13718,16024
13770,16072
13791,16078
13820,16102
13849,16113
13877,16154
13898,16186
13933,16199
13984,16241
14000,16256
14013,16263
14053,16333
14078,16342
14113,11
14125,11
14170,54
14202,99
14219,102
14261,161
14278,191
14325,222
14361,255
14378,314
14400,308
14409,355
14458,425
14482,426
14497,455
14511,510
14542,523
14543,562
14565,595
14600,601
14618,662
14663,675
14671,693
14704,717
14688,752
14719,773
14756,812
14760,826
14791,835
14787,877
14832,890
14846,892
14847,902
14858,910
14872,919
14884,926
14899,954
14926,998
14958,1004
14973,1036
14983,1051
15004,1037
15007,1055
15037,1077
15050,1059
15064,1109
15101,1142
15133,1169
15152,1226
15166,1229
15193,1257
15239,1292
15238,1336
15249,1359
15269,1403
15312,1452
15326,1454
15347,1525
15367,1559
15417,1593
15449,1661
15455,1691
15495,1717
15518,1797
15539,1846
15573,1873
15608,1912
15615,1994
15641,2053
15698,2090
15716,2135
15738,2180
15750,2247
15797,2276
15817,2323
15840,2358
15873,2394
15883,2440
15916,2482
15935,2531
15968,2569
15989,2591
16016,2640
16048,2688
16098,2732
16101,2771
16138,2802
16176,2860
16213,2863
16197,2897
16229,2935
16264,2959
16314,3002
16345,3022
16350,3063
6,3100
13,3117
51,3145
88,3166
110,3178
121,3209
162,3257
186,3271
204,3301
238,3379
239,3372
286,3403
304,3431
329,3446
339,3504
376,3545
381,3575
405,3569
442,3626
473,3602
477,3676
491,3731
496,3701
536,3731
552,3759
566,3803
592,3824
595,3817
612,3870
632,3895
656,3909
662,3953
683,3936
698,3977
709,4008
702,3999
749,4053
756,4087
771,4088
789,4109
805,4140
826,4106
853,4133
869,4173
894,4151
894,4164
897,4202
954,4192
942,4243
997,4245
985,4263
1028,4272
1048,4288
1081,4327
1082,4333
1106,4354
1132,4382
1160,4396
1195,4405
1207,4443
1225,4439
1265,4473
1278,4508
1326,4514
1371,4545
1395,4550
1410,4600
1436,4600
1465,4635
1499,4645
1530,4678
1552,4700
1599,4752
1627,4758
1642,4808
1669,4848
1697,4839
1737,4887
1768,4925
1784,4955
1805,4971
1845,5012
1884,5042
1914,5079
1959,5103
1986,5115
2012,5151
2030,5157
2047,5206
2100,5216
2132,5254
2145,5301
2176,5292
2187,5313
2217,5354
2246,5402
2268,5385
2306,5419
2345,5442
2337,5449
2384,5482
2410,5488
2445,5515
2465,5519
2484,5516
2519,5539
2529,5560
2553,5543
2566,5565
2614,5592
2601,5602
2638,5596
2654,5602
2656,5614
2687,5606
2690,5620
2710,5615
2734,5614
2751,5647
2798,5658
2801,5660
2830,5664
2828,5643
2845,5640
2852,5692
2878,5689
2914,5699
2911,5719
2958,5712
2958,5736
2963,5741
2987,5764
3002,5778
3021,5791
3019,5803
3057,5818
3082,5841
3091,5853
3116,5880
3155,5881
3167,5914
3202,5932
3208,5958
3249,5975
3269,5997
3292,6006
3319,6046
3337,6037
3348,6068
3369,6083
3424,6121
3422,6126
3452,6160
3481,6147
3499,6181
3537,6191
3544,6198
3588,6219
3613,6218
3655,6245
3676,6271
3704,6260
3728,6279
3750,6296
3780,6314
3808,6314
3834,6318
3854,6328
3881,6363
3936,6390
3936,6389
3971,6392
3985,6413
4030,6436
4062,6457
4078,6479
4113,6487
4142,6493
4138,6522
4188,6538
4230,6574
4251,6593
4276,6629
4307,6654
4327,6655
4376,6679
4394,6713
4413,6744
4442,6744
4461,6796
4471,6804
4498,6824
4552,6840
4554,6872
4586,6894
4608,6883
4629,6921
4658,6940
4668,6955
4694,6952
4722,6984
4736,7000
4759,6996
4784,6990
4820,7004
4812,7022
4826,7046
4865,7029
4885,7047
4891,7066
4918,7073
4926,7061
4953,7075
4942,7081
4984,7092
5001,7110
5018,7118
5049,7114
5035,7138
5048,7158
5063,7172
5090,7168
5100,7198
5124,7186
5132,7223
5170,7227
5171,7263
5203,7270
5215,7295
5235,7326
5226,7329
5281,7350
5283,7357
5312,7403
5343,7419
5354,7443
5376,7448
5421,7482
5432,7494
5470,7503
5473,7537
5499,7553
5523,7577
5560,7586
5586,7611
5586,7640
5634,7642
5649,7668
5699,7705
5713,7700
5727,7725
5772,7762
5797,7777
5821,7808
5861,7818
5886,7870
5913,7879
5943,7905
5962,7932
6009,7984
6016,8002
6050,8034
6087,8094
6130,8090
6127,8145
6193,8195
6198,8240
6241,8234
6282,8309
6309,8337
6320,8375
6358,8418
6353,8444
6404,8502
6438,8546
6483,8549
6498,8592
6525,8628
6564,8651
6576,8689
6605,8732
6640,8764
6682,8792
6684,8817
6751,8815
6748,8866
6794,8859
6780,8876
6804,8912
6831,8954
6878,8980
6885,8983
6892,9016
6936,9040
6945,9099
6976,9126
6994,9152
7012,9172
7030,9193
7061,9255
7072,9265
7105,9277
7110,9308
7125,9367
7139,9360
7160,9443
7187,9465
7194,9490
7201,9528
7238,9537
7237,9555
7270,9598
7287,9614
7295,9613
7304,9659
7340,9667
7360,9687
7359,9661
7397,9758
7394,9706
7421,9711
7451,9754
7449,9777
7471,9815
7492,9815
7521,9843
7536,9888
7575,9902
7597,9926
7596,9942
7634,9990
7672,10062
7685,10093
7719,10141
7771,10203
7764,10211
7801,10254
7824,10323
7831,10385
7878,10452
7892,10486
7943,10547
7945,10586
7973,10667
7994,10698
8035,10711
8052,10792
8096,10815
8121,10839
8129,10902
8187,10914
8174,10973
8216,11009
8236,11008
8281,11017
8310,11067
8334,11117
8376,11075
8398,11124
8403,11191
8462,11197
8469,11244
8474,11268
8533,11341
8548,11376
8578,11386
8605,11455
8650,11507
8665,11530
8700,11582
8723,11645
8750,11670
8775,11720
8804,11758
8823,11805
8852,11869
8875,11917
8898,11944
8931,11968
8950,11990
8977,12019
8988,12052
9018,12072
9035,12082
9066,12083
9069,12124
9103,12128
9105,12131
9126,12185
9147,12163
9180,12193
9216,12168
9217,12155
9245,12193
9267,12216
9285,12229
9307,12249
9294,12261
9330,12275
9339,12290
9362,12303
9369,12349
9386,12347
9420,12411
9414,12393
9441,12424
9480,12456
9495,12497
9516,12496
9533,12540
9524,12546
9544,12600
9553,12628
9590,12599
9585,12641
9602,12662
9631,12688
9665,12709
9679,12698
9681,12695
9692,12719
9729,12706
9750,12716
9767,12739
9788,12737
9812,12761
9829,12802
9866,12806
9911,12817
9941,12829
9943,12831
9976,12870
9995,12862
10043,12914
10068,12916
10086,12954
10122,12995
10135,13033
10165,13051
10212,13096
10214,13123
10268,13145
10300,13176
10317,13200
10336,13235
10364,13273
10407,13303
10439,13349
10476,13375
10495,13394
10534,13452
10539,13456
10586,13475
10599,13499
10619,13493
10640,13507
10675,13536
10700,13539
10733,13551
10761,13551
10794,13582
10833,13583
10845,13609
10878,13626
10945,13627
10951,13653
10970,13662
10984,13666
11013,13683
11054,13700
11067,13723
11106,13742
11142,13748
11144,13770
11170,13806
11205,13823
11232,13847
11245,13877
11255,13915
11282,13931
11335,13937
11338,13964
11357,13973
11378,14009
11387,14009
11408,14025
11452,14056
11455,14055
11476,14090
11487,14096
11498,14095
11525,14101
11521,14098
11554,14126
11570,14099
11586,14115
11582,14102
11609,14132
11612,14132
11645,14127
11660,14138
11688,14137
11689,14150
11726,14143
11723,14151
11748,14160
11768,14155
11810,14172
11828,14186
11827,14193
11846,14200
11883,14217
11905,14223
11899,14263
11921,14267
11953,14288
11987,14333
12005,14347
12044,14357
12045,14407
12069,14424
12095,14441
12137,14452
12185,14480
12185,14507
12228,14526
12231,14541
12264,14537
12288,14579
12289,14581
12320,14592
12341,14624
12396,14620
12381,14636
12437,14651
12463,14662
12469,14674
12504,14686
12536,14695
12571,14713
12599,14710
12613,14729
12649,14750
12681,14756
12696,14773
12746,14803
12749,14821
12782,14820
12830,14882
12829,14876
12860,14898
12896,14905
12915,14956
12958,14956
12980,14990
13011,15005
13035,15037
13056,15055
13084,15101
13112,15139
13143,15138
13161,15149
13212,15198
13233,15209
13242,15221
13286,15238
13278,15237
13322,15270
13315,15305
13365,15310
13410,15318
13411,15338
13415,15346
13459,15363
13453,15381
13472,15384
13508,15379
13533,15401
13552,15403
13567,15400
13585,15415
13602,15422
13611,15441
13631,15446
13650,15448
13673,15456
13691,15485
13704,15488
13737,15502
13733,15512
13748,15546
13778,15550
13779,15563
13814,15590
13857,15589
13829,15601
13889,15631
13897,15633
13902,15671
13904,15678
13918,15695
13947,15693
13973,15755
13970,15748
14005,15772
14009,15804
14040,15821
14066,15838
14094,15862
14097,15863
14099,15895
14157,15918
14162,15965
14207,15969
14217,15981
14261,16002
14271,16029
14298,16042
14322,16066
14359,16093
14384,16123
14397,16140
14440,16176
14463,16201
14497,16203
14538,16226
14535,16252
14585,16285
14598,16336
14648,16341
14669,16346
14693,6
14726,12
14747,95
14788,97
14810,141
14822,196
14857,218
14896,252
14921,286
14949,348
14990,374
15002,429
15039,477
15061,517
15090,566
15135,605
15155,621
15196,651
15204,711
15221,769
15261,801
15296,844
15332,862
15345,939
15390,951
15407,1006
15430,1034
15466,1086
15498,1124
15514,1110
15549,1149
15581,1210
15593,1229
15613,1245
15620,1281
15647,1295
15675,1305
15699,1354
15714,1368
15733,1343
15744,1406
15744,1424
15787,1441
15808,1455
15846,1481
15841,1490
15873,1536
15906,1540
15922,1577
15917,1584
15936,1604
15962,1643
15988,1652
15992,1676
15999,1728
16027,1710
16050,1747
16063,1772
16077,1775
16088,1827
16112,1853
16147,1855
16125,1890
16161,1885
16182,1957
16202,1991
16229,2048
16258,2066
16271,2135
16292,2156
16319,2185
16346,2245
16340,2287
16383,2293
31,2366
25,2417
54,2461
79,2465
117,2543
140,2530
156,2612
178,2642
224,2692
227,2729
264,2745
291,2813
315,2818
336,2877
372,2942
423,2958
434,2970
432,3011
466,3042
506,3088
541,3115
566,3142
580,3175
602,3204
661,3257
675,3255
705,3301
735,3349
766,3353
805,3402
835,3435
855,3451
886,3486
889,3517
922,3556
958,3575
982,3593
1021,3638
1040,3655
1071,3704
1086,3725
1106,3772
1135,3797
1162,3855
1199,3857
1232,3911
1236,3941
1263,3968
1313,4008
1349,4041
1363,4075
1389,4078
1399,4140
1432,4146
1437,4169
1481,4218
1476,4232
1492,4255
1517,4291
1535,4317
1540,4332
1566,4342
1571,4373
1619,4432
1626,4424
1644,4446
1665,4471
1687,4453
1702,4480
1718,4510
1739,4505
1735,4513
1748,4521
1783,4511
1784,4532
1793,4543
1832,4559
1833,4561
1840,4569
1862,4603
1875,4593
1921,4603
1939,4622
1935,4623
1957,4629
1977,4633
2004,4644
2025,4663
2058,4688
2066,4718
2089,4712
2109,4698
2127,4723
2170,4756
2199,4767
2190,4776
2238,4790
2235,4821
2275,4851
2298,4856
2327,4878
2353,4911
2399,4939
2410,4960
2444,4998
2485,5017
2521,5043
2534,5088
2567,5109
2599,5131
2615,5165
2634,5180
2672,5206
2693,5241
2710,5274
2751,5286
2759,5314
2810,5330
2829,5359
2864,5377
2908,5404
2915,5452
2975,5462
2984,5484
2995,5523
3067,5551
3070,5542
3091,5574
3126,5583
3166,5628
3183,5639
3206,5662
3220,5647
3252,5697
3261,5689
3321,5705
3312,5739
3373,5744
3385,5749
3430,5750
3453,5754
3467,5749
3489,5780
3534,5794
3542,5799
3553,5822
3594,5827
3602,5851
3631,5847
3680,5856
3678,5872
3699,5871
3721,5884
3716,5904
3752,5895
3771,5917
3786,5942
3818,5952
3853,5951
3864,5976
3861,5995
3886,6015
3896,6011
3928,6050
3949,6043
3958,6069
3989,6095
3989,6112
4022,6112
4016,6120
4023,6154
4046,6160
4062,6164
4089,6193
4096,6203
4120,6204
4135,6223
4149,6207
4165,6240
4183,6253
4213,6255
4224,6267
4249,6291
4282,6322
4306,6299
4321,6323
4342,6341
4351,6336
4371,6324
4419,6353
4430,6385
4454,6389
4463,6402
4492,6416
4524,6415
4557,6428
4564,6436
4612,6474
4661,6502
4662,6492
4684,6500
4721,6543
4729,6554
4780,6570
4798,6609
4825,6611
4874,6630
4895,6660
4908,6684
4958,6718
4960,6724
4983,6757
5018,6802
5060,6794
5096,6838
5110,6861
5149,6903
5176,6913
5210,6938
5221,6941
5244,6980
5288,6984
5325,7005
5322,7027
5372,7050
5381,7065
5413,7084
5452,7110
5461,7136
5508,7140
5516,7153
5515,7167
5564,7183
5590,7188
5617,7215
5642,7219
5641,7251
5691,7248
5730,7269
5729,7267
5776,7288
5788,7304
5815,7328
5831,7341
5846,7357
5873,7364
5882,7374
5895,7422
5929,7415
5934,7448
5942,7438
5970,7488
5982,7501
6019,7513
6015,7539
6034,7524
6057,7560
6094,7582
6119,7615
6127,7609
6118,7630
6162,7656
6176,7657
6178,7698
6187,7694
6198,7706
6235,7702
6251,7717
6246,7742
6289,7758
6308,7764
6302,7807
6343,7789
6355,7803
6381,7845
6394,7838
6452,7854
6443,7868
6482,7887
6493,7926
6513,7932
6540,7919
6585,7995
6610,7989
6606,8021
6645,8060
6664,8094
6694,8126
6717,8153
6735,8191
6781,8215
6788,8270
6814,8310
6867,8324
6900,8358
6923,8433
6939,8455
6972,8486
7005,8536
7034,8568
7067,8620
7099,8663
7122,8678
7145,8693
7168,8742
7204,8778
7232,8796
7250,8836
7297,8863
7330,8909
7343,8965
7357,8960
7421,9013
7429,9012
7474,9080
7505,9119
7523,9126
7567,9169
7586,9216
7620,9244
7643,9269
7666,9344
7713,9373
7720,9417
7758,9491
7769,9525
7796,9550
7833,9605
7866,9666
7893,9717
7910,9778
7922,9804
7949,9831
7992,9887
7992,9921
8010,9930
8027,9995
8059,9980
8067,10050
8101,10065
8110,10048
8149,10096
8141,10097
8170,10152
8191,10185
8192,10185
8217,10153
8224,10202
8251,10165
8264,10207
8293,10235
8310,10246
8342,10275
8353,10293
8357,10298
8361,10334
8396,10362
8413,10378
8440,10439
8437,10417
8460,10461
8482,10532
8505,10561
8516,10594
8530,10653
8568,10674
8543,10735
8604,10740
8624,10800
8617,10830
8644,10872
8680,10901
8710,10930
8736,10980
8756,11006
8781,11002
8826,11056
8836,11096
8869,11116
8883,11161
8909,11179
8944,11170
8966,11211
8989,11223
9018,11254
9037,11286
9064,11352
9107,11376
9126,11428
9154,11432
9199,11496
9240,11553
9251,11572
9286,11639
9314,11691
9349,11729
9379,11765
9386,11799
9426,11860
9460,11906
9466,11966
9492,11962
9545,12027
9537,12075
9580,12132
9615,12135
9626,12205
9653,12212
9706,12232
9732,12272
9761,12278
9761,12292
9785,12297
9800,12311
9839,12334
9884,12351
9899,12373
9919,12399
9937,12400
9971,12419
9986,12426
10015,12477
10044,12470
10078,12503
10118,12512
10104,12530
10132,12572
10180,12608
10196,12627
10232,12650
10251,12677
10253,12703
10265,12721
10284,12777
10322,12785
10322,12815
10364,12838
10357,12848
10378,12866
10374,12903
10412,12919
10434,12950
10423,12939
10454,12959
10477,12964
10484,13007
10519,13024
10519,13020
10520,12999
10566,13003
10570,13006
10577,12998
10603,13000
10622,13008
10639,13019
10664,13032
10686,13035
10684,13044
10707,13047
10727,13049
10756,13076
10758,13105
10796,13113
10829,13142
10838,13172
10874,13177
10896,13206
10926,13238
10949,13244
10976,13279
10992,13319
11032,13361
11056,13370
11071,13385
11112,13431
11128,13456
11152,13473
11200,13500
11206,13534
11225,13554
11265,13582
11276,13600
11329,13621
11367,13651
11391,13659
11393,13663
11420,13668
11462,13686
11473,13708
11518,13723
11543,13747
11590,13738
11602,13756
11630,13761
11638,13801
11695,13799
11716,13814
11749,13828
11767,13845
11819,13859
11827,13881
11859,13907
11885,13916
11922,13948
11962,13955
11981,13986
12009,14025
12048,14046
12059,14060
12096,14101
12132,14136
12136,14144
12176,14161
12193,14205
12212,14197
12255,14218
12259,14252
12286,14270
12299,14275
12336,14293
12344,14322
12373,14334
12386,14342
12414,14343
12429,14357
12432,14352
12463,14370
12466,14354
12509,14357
12524,14368
12520,14392
12545,14370
12558,14369
12577,14375
12585,14408
12609,14398
12615,14408
12652,14405
12678,14433
12699,14430
12722,14436
12741,14453
12738,14444
12752,14463
12769,14477
12784,14499
12813,14535
12846,14539
12856,14559
12879,14575
12900,14601
12927,14611
12915,14637
12956,14637
12984,14658
13000,14679
13000,14712
13041,14723
13070,14735
13088,14762
13127,14774
13136,14790
13169,14815
13193,14823
13220,14848
13255,14861
13276,14854
13318,14868
13325,14893
13332,14912
13363,14907
13407,14935
13425,14942
13460,14933
13473,14968
13502,14965
13558,14981
13590,15009
13601,15032
13626,15070
13654,15077
13679,15095
13726,15118
13743,15154
13779,15171
13782,15165
13821,15194
13860,15217
13891,15247
13913,15281
13957,15284
13962,15335
13985,15364
14027,15383
14056,15421
14075,15435
14113,15459
14145,15486
14143,15532
14229,15535
14212,15556
14229,15605
14263,15605
14287,15630
14324,15630
14343,15664
14374,15690
14388,15708
14403,15736
14437,15717
14446,15764
14501,15759
14504,15780
14539,15814
14553,15831
14589,15815
14584,15853
14627,15858
14631,15883
14645,15863
14670,15880
14683,15897
14713,15925
14714,15921
14745,15929
14753,15951
14760,15930
14798,15964
14817,15994
14823,16008
14848,15991
14873,16025
14874,16058
14911,16090
14918,16098
14937,16119
14946,16134
14948,16176
14995,16182
15004,16184
15032,16182
15037,16264
15059,16266
15069,16299
15112,16311
15109,16333
15133,16351
15148,12
15181,22
15209,61
15224,65
15246,102
15277,137
15305,138
15334,162
15353,223
15375,246
15412,262
15424,276
15455,338
15481,337
15506,388
15541,408
15563,438
15600,478
15628,503
15642,525
15711,579
15709,562
15740,624
15779,648
15807,701
15842,748
15870,781
15877,822
15942,826
15956,888
15993,931
16019,974
16048,1014
16078,1076
16109,1093
16119,1133
16168,1186
16184,1208
16197,1285
16242,1331
16280,1366
16296,1414
16324,1494
16336,1543
16372,1585
13,1632
57,1646
75,1738
100,1797
130,1789
164,1859
184,1883
198,1934
219,1988
265,2023
273,2070
306,2074
326,2091
341,2134
359,2158
362,2185
382,2218
411,2264
417,2266
440,2293
463,2311
487,2311
508,2350
524,2374
571,2403
578,2406
572,2389
579,2438
623,2435
630,2457
642,2489
668,2498
669,2533
697,2520
720,2555
716,2572
753,2575
766,2604
772,2623
800,2672
837,2695
835,2715
869,2739
896,2786
913,2803
924,2799
954,2878
965,2887
995,2963
1025,2972
1030,2999
1079,3040
1081,3080
1110,3140
1125,3164
1151,3223
1175,3240
1219,3305
1240,3332
1278,3356
1289,3439
1311,3473
1348,3552
1372,3562
1407,3612
1446,3617
1449,3692
1469,3724
1486,3761
1524,3754
1558,3819
1599,3835
1613,3878
1639,3895
1698,3944
1708,3958
1735,3986
1767,4035
1788,4054
1812,4086
1851,4087
1887,4133
1912,4154
1908,4175
1965,4174
1993,4225
2016,4250
2032,4276
2063,4289
2095,4321
2114,4338
2148,4354
2175,4375
2199,4399
2219,4380
2274,4423
2275,4454
2302,4486
2349,4491
2342,4513
2374,4508
2411,4572
2449,4591
2456,4604
2480,4616
2493,4660
2511,4669
2559,4693
2567,4708
2589,4738
2618,4744
2615,4781
2659,4794
2670,4813
2688,4841
2693,4860
2731,4875
2736,4891
2768,4908
2779,4935
2791,4940
2832,4977
2825,4982
2827,4993
2844,5019
2857,5068
2887,5056
2882,5079
2910,5069
2941,5113
2951,5096
2977,5133
2983,5124
3014,5133
3028,5142
3044,5149
3059,5173
3083,5163
3104,5168
3134,5192
3135,5192
3160,5191
3170,5207
3201,5252
3241,5255
3234,5249
3280,5266
3301,5287
3327,5306
3368,5319
3397,5331
3413,5343
3436,5368
3464,5393
3488,5383
3526,5417
3556,5436
3585,5449
3605,5471
3642,5496
3670,5516
3687,5543
3738,5564
3769,5589
3777,5608
3821,5651
3836,5673
3861,5695
3911,5725
3933,5751
3954,5746
3999,5807
4046,5810
4051,5829
4081,5874
4120,5880
4142,5914
4155,5946
4194,5968
4204,5988
4239,6000
4264,6018
4292,6048
4313,6075
4341,6090
4368,6080
4406,6110
4423,6103
4456,6123
4485,6138
4496,6149
4514,6154
4565,6177
4588,6166
4612,6179
4639,6179
4653,6190
4658,6218
4717,6213
4721,6232
4738,6234
4743,6263
4783,6246
4772,6276
4813,6277
4836,6296
4863,6292
4889,6289
4903,6306
4922,6317
4927,6324
4947,6351
4970,6382
4977,6381
5008,6405
5032,6415
5031,6462
5034,6432
5048,6474
5079,6491
5097,6502
5101,6508
5137,6543
5156,6539
5173,6558
5200,6571
5202,6583
5238,6598
5245,6595
5267,6612
5290,6647
5301,6637
5318,6664
5349,6655
5385,6690
5384,6694
5445,6711
5439,6721
5474,6753
5489,6743
5525,6757
5555,6767
5571,6786
5615,6777
5638,6802
5659,6822
5700,6840
5719,6851
5733,6875
5755,6886
5806,6902
5819,6919
5878,6954
5887,6984
5931,7005
5934,7023
5948,7062
6018,7082
6024,7102
6051,7129
6084,7175
6106,7194
6161,7230
6161,7261
6192,7283
6231,7301
6253,7339
6288,7371
6297,7391
6340,7395
6384,7429
6404,7432
6442,7460
6459,7492
6460,7514
6526,7509
6529,7555
6557,7558
6582,7588
6617,7575
6633,7619
6653,7631
6670,7666
6715,7660
6735,7666
6741,7695
6789,7723
6804,7740
6845,7767
6866,7796
6858,7788
6896,7824
6918,7845
6927,7861
6961,7892
6973,7926
7000,7948
7016,7954
7029,7987
7041,7997
7044,8008
7081,8051
7106,8081
7125,8098
7149,8101
7162,8124
7185,8129
7194,8168
7221,8179
7240,8194
7233,8189
7255,8218
7268,8221
7312,8246
7309,8263
7339,8269
7350,8258
7346,8285
7384,8313
7421,8317
7420,8335
7443,8375
7468,8380
7479,8373
7512,8422
7548,8453
7571,8445
7600,8502
7598,8523
7634,8550
7655,8584
7679,8629
7715,8691
7735,8724
7752,8749
7790,8816
7814,8850
7841,8914
7857,8915
7880,8964
7891,9024
7934,9048
7965,9077
8008,9110
8033,9181
8063,9232
8096,9248
8123,9257
8136,9297
8176,9348
8198,9375
8229,9413
8242,9415
8301,9469
8314,9512
8342,9548
8358,9602
8397,9618
8417,9670
8441,9728
8505,9745
8511,9821
8534,9860
8579,9912
8620,9964
8645,10029
8670,10058
8694,10145
8740,10164
8741,10241
8790,10268
8801,10328
8812,10371
8842,10414
8871,10461
8886,10506
8923,10540
8931,10590
8946,10597
8982,10651
9003,10659
9042,10686
9067,10700
9076,10702
9120,10726
9124,10742
9136,10768
9159,10772
9190,10794
9206,10818
9220,10832
9220,10852
9230,10839
9265,10891
9292,10934
9300,10960
9333,11019
9350,11043
9376,11056
9392,11088
9401,11134
9432,11119
9441,11203
9460,11249
9471,11281
9486,11311
9509,11362
9524,11356
9511,11386
9538,11416
9567,11423
9595,11445
9600,11451
9606,11457
9623,11462
9649,11501
9686,11511
9700,11538
9716,11537
9766,11558
9771,11595
9812,11628
9842,11630
9857,11664
9877,11665
9900,11700
9929,11752
9952,11796
10002,11807
10008,11889
10029,11903
10055,11968
10080,11984
10137,12029
10148,12069
10197,12129
10235,12154
10231,12202
10263,12257
10285,12294
10317,12324
10347,12364
10379,12368
10422,12416
10431,12449
10442,12456
10467,12515
10503,12505
10527,12539
10546,12546
10588,12566
10609,12608
10654,12625
10669,12629
10720,12646
10748,12664
10768,12679
10807,12680
10827,12706
10842,12734
10877,12737
10898,12794
10930,12802
10953,12823
10976,12834
10995,12888
11001,12916
11037,12957
11077,12979
11108,13024
11141,13045
11163,13070
11158,13096
11212,13134
11222,13163
11248,13179
11268,13208
11283,13228
11306,13260
11339,13265
11344,13300
11369,13275
11366,13293
11402,13296
11419,13292
11420,13294
11440,13311
11450,13320
11461,13300
11510,13345
11518,13324
11525,13338
11562,13329
11571,13335
11594,13363
11615,13357
11628,13362
11642,13351
11669,13375
11678,13390
11701,13395
11690,13425
11725,13415
11757,13475
11772,13480
11789,13495
11828,13522
11824,13549
11860,13592
11872,13591
11892,13624
11895,13636
11929,13662
11969,13684
11985,13718
11989,13714
12021,13739
12044,13748
12071,13795
12091,13777
12119,13797
12169,13803
12172,13816
12196,13836
12206,13846
12254,13872
12288,13862
12304,13872
12344,13870
12351,13909
12394,13927
12422,13951
12438,13956
12456,13954
12496,13986
12548,14000
12559,14003
12595,14049
12613,14066
12647,14084
12683,14104
12693,14127
12727,14148
12786,14180
12769,14191
12830,14235
12845,14253
12876,14271
12914,14334
12933,14329
12970,14350
12995,14372
13031,14383
13043,14413
13103,14429
13082,14458
13128,14462
13151,14481
13170,14519
13206,14519
13229,14535
13252,14529
13269,14541
13302,14550
13330,14551
13344,14580
13378,14578
13411,14584
13415,14591
13434,14600
13461,14604
13507,14608
13502,14632
13515,14647
13532,14656
13558,14666
13567,14670
13575,14684
13616,14674
13629,14703
13647,14713
13662,14721
13673,14746
13699,14765
13720,14772
13729,14777
13767,14795
13763,14815
13792,14833
13823,14851
13833,14857
13846,14883
13857,14907
13862,14920
13876,14916
13904,14931
13928,14965
13958,14946
13979,14991
13972,14996
14011,15005
14011,15003
14052,15040
14076,15048
14097,15057
14118,15074
14146,15083
14133,15095
14172,15102
14214,15110
14231,15131
14262,15132
14270,15135
14327,15184
14343,15185
14368,15198
14411,15231
14417,15242
14442,15259
14482,15285
14505,15299
14530,15306
14556,15344
14608,15359
14610,15382
14653,15392
14661,15427
14715,15465
14712,15478
14766,15507
14783,15536
14817,15546
14854,15583
14879,15623
14904,15653
14928,15697
14955,15717
14987,15735
15014,15762
15046,15796
15085,15813
15094,15851
15096,15891
15139,15884
15153,15916
15186,15936
15222,15968
15257,15999
15247,16007
15310,16024
15338,16063
15350,16072
15374,16112
15419,16128
15419,16149
15450,16166
15500,16185
15514,16225
15525,16256
15559,16268
15579,16274
15590,16272
15609,16307
15636,16324
15669,16351
15685,16362
15732,16373
15710,16375
15751,25
15763,21
15786,48
15808,32
15813,71
15825,103
15838,124
15882,164
15880,158
15889,172
15900,187
15930,203
15951,228
15959,255
15986,304
16005,307
16022,345
16044,331
16069,379
16050,411
16083,425
16092,453
16125,462
16127,528
16158,563
16176,558
16199,567
16197,625
16246,660
16246,644
16238,659
16292,732
16310,737
16352,773
16374,798
7,841
36,870
64,914
85,924
141,971
136,1017
172,1036
211,1089
218,1089
258,1146
268,1173
307,1208
325,1248
351,1283
408,1333
411,1350
449,1412
480,1421
512,1469
551,1527
578,1567
600,1612
640,1652
663,1719
689,1749
728,1780
754,1842
773,1891
811,1927
847,1969
856,2013
887,2070
915,2135
931,2153
960,2219
990,2287
1017,2287
1066,2384
1079,2411
1119,2447
1141,2503
1160,2552
1182,2590
1216,2616
1239,2674
1258,2713
1306,2781
1322,2822
1321,2833
1352,2888
1365,2911
1424,2955
1413,2969
1445,2990
1461,3010
1471,3049
1503,3093
1525,3088
1536,3126
1564,3136
1576,3146
1608,3202
1601,3179
1628,3208
1630,3240
1663,3241
1681,3257
1704,3288
1692,3300
1710,3306
1725,3281
1754,3316
1772,3337
1790,3356
1823,3363
1853,3385
1856,3415
1862,3395
1874,3391
1917,3432
1926,3445
1935,3489
1975,3511
1989,3525
2000,3570
2018,3566
2041,3597
2067,3619
2090,3667
2102,3694
2137,3713
2155,3768
2182,3770
2196,3808
2233,3841
2257,3873
2302,3917
2302,3962
2347,3993
2383,4037
2403,4070
2413,4088
2471,4116
2479,4148
2487,4200
2518,4216
2559,4257
2569,4323
2630,4316
2629,4347
2669,4387
2686,4427
2713,4465
2767,4484
2781,4517
2828,4538
2836,4564
2874,4600
2884,4622
2916,4647
2953,4674
2981,4679
2989,4701
2998,4699
3033,4730
3067,4751
3090,4756
3134,4782
3135,4801
3165,4819
3216,4838
3227,4846
3255,4871
3276,4886
3292,4903
3355,4935
3351,4915
3380,4925
3405,4954
3447,4966
3462,4985
3494,5000
3491,5029
3526,5054
3548,5054
3569,5073
3610,5106
3610,5123
3652,5114
3679,5167
3680,5195
3706,5208
3721,5241
3746,5236
3754,5269
3788,5267
3793,5293
3822,5276
3845,5345
3860,5340
3868,5363
3865,5361
3895,5395
3904,5401
3906,5423
3917,5422
3936,5449
3960,5444
3998,5478
4005,5484
4040,5492
4036,5496
4056,5517
4084,5507
4085,5528
4116,5514
4133,5535
4142,5535
4156,5539
4186,5547
4223,5538
4222,5578
4220,5579
4273,5605
4283,5587
4318,5615
4341,5610
4355,5637
4380,5646
4420,5627
4455,5660
4482,5682
4515,5690
4529,5719
4543,5749
4584,5764
4610,5788
4626,5814
4690,5828
4703,5868
4727,5874
4752,5912
4803,5926
4796,5978
4852,5989
4861,6009
4897,6016
4932,6071
4950,6072
5000,6101
5026,6119
5031,6157
5073,6179
5098,6209
5137,6232
5161,6248
5179,6238
5197,6258
5237,6303
5258,6303
5301,6298
5324,6315
5330,6336
5365,6348
5393,6348
5417,6368
5447,6383
5506,6380
5507,6403
5547,6427
5581,6429
5595,6438
5617,6455
5644,6465
5676,6475
5685,6489
5713,6525
5729,6486
5765,6537
5795,6542
5806,6550
5806,6579
5836,6599
5859,6604
5881,6631
5882,6635
5916,6638
5933,6672
5948,6678
5974,6705
5995,6727
5994,6728
6019,6746
6049,6758
6068,6768
6082,6783
6079,6789
6117,6810
6117,6839
6125,6838
6154,6840
6188,6849
6189,6863
6198,6886
6226,6887
6268,6890
6275,6912
6281,6923
6290,6913
6317,6909
6322,6931
6381,6969
6405,6964
6398,6966
6427,6951
6435,6980
6474,6991
6492,7026
6517,7032
6534,7041
6543,7045
6593,7068
6586,7090
6628,7110
6654,7127
6665,7156
6709,7196
6770,7218
6781,7232
6788,7268
6834,7278
6853,7317
6852,7356
6896,7371
6937,7415
6974,7423
6985,7465
7021,7487
7040,7540
7072,7536
7078,7564
7136,7589
7118,7606
7178,7640
7225,7647
7231,7670
7265,7693
7301,7733
7344,7731
7367,7753
7392,7789
7403,7785
7423,7826
7454,7826
7493,7861
7524,7884
7555,7917
7564,7933
7586,7956
7613,7981
7632,8041
7676,8035
7684,8084
7711,8115
7744,8166
7767,8179
7801,8211
7826,8247
7833,8256
7851,8293
7881,8321
7904,8356
7929,8388
7957,8402
7975,8440
7995,8455
8013,8495
8027,8516
8048,8528
8060,8506
8102,8549
8110,8558
8133,8578
8126,8563
8153,8609
8184,8594
8206,8639
8220,8650
8270,8653
8252,8665
8262,8689
8291,8700
8314,8702
8297,8731
8344,8745
8354,8771
8380,8823
8388,8862
8424,8898
8428,8917
8435,8928
8471,8974
8477,9005
8500,9055
8504,9072
8520,9103
8541,9119
8582,9150
8599,9179
8602,9210
8652,9271
8674,9250
8682,9296
8713,9308
8724,9340
8745,9355
8778,9388
8814,9424
8813,9444
8846,9472
8907,9533
8906,9560
8950,9611
8984,9640
9033,9715
9055,9750
9087,9760
9081,9821
9119,9869
9165,9951
9188,9958
9209,10032
9240,10078
9260,10139
9288,10198
9311,10275
9353,10325
9380,10389
9415,10422
9452,10482
9465,10494
9492,10568
9505,10581
9546,10660
9587,10695
9612,10713
9634,10758
9682,10818
9701,10831
9721,10848
9755,10916
9765,10873
9802,10928
9819,10933
9852,10960
9886,11022
9913,11072
9959,11116
9969,11131
9980,11177
10029,11233
10054,11259
10091,11315
10096,11334
10143,11369
10140,11425
10174,11450
10183,11496
10208,11542
10211,11567
10235,11585
10239,11662
10262,11663
10291,11679
10305,11666
10309,11709
10321,11741
10357,11733
10380,11750
10377,11795
10399,11793
10422,11798
10455,11806
10460,11837
10489,11824
10496,11833
10499,11815
10511,11831
10552,11839
10561,11852
10588,11892
10606,11902
10608,11912
10641,11958
10660,11973
10673,12001
10691,12029
10734,12047
10749,12093
10765,12111
10773,12165
10826,12181
10841,12222
10857,12271
10865,12264
10916,12310
10925,12333
10935,12388
10959,12426
10973,12425
11006,12472
11021,12489
11055,12498
11081,12528
11114,12535
11143,12556
11172,12600
11187,12584
11225,12617
11258,12627
11277,12632
11300,12660
11335,12695
11362,12696
11395,12692
11416,12749
11439,12777
11452,12808
11489,12828
11529,12843
11557,12875
11587,12933
11618,12967
11643,12973
11690,13037
11721,13035
11728,13082
11757,13096
11809,13147
11800,13180
11846,13192
11855,13255
11893,13259
11922,13278
11954,13304
11951,13325
11967,13338
12007,13366
12021,13367
12059,13341
12088,13396
12100,13403
12117,13413
12140,13415
12193,13426
12202,13436
12227,13445
12248,13453
12265,13470
12277,13487
12312,13507
12331,13482
12344,13496
12366,13513
12413,13519
12414,13546
12437,13562
12441,13584
12473,13605
12475,13619
12512,13639
12518,13671
12540,13691
12561,13710
12562,13711
12578,13714
12609,13753
12628,13764
12643,13807
12660,13793
12679,13809
12672,13820
12700,13846
12729,13865
12740,13848
12753,13871
12772,13876
12760,13892
12803,13872
12820,13894
12854,13897
12848,13894
12884,13912
12915,13907
12938,13906
12929,13922
12991,13935
12979,13938
13009,13949
13061,13960
13069,13964
13089,13965
13106,13997
13117,14007
13162,14036
13180,14046
13207,14073
13241,14098
13279,14125
13313,14141
13325,14187
13349,14191
13374,14223
13404,14247
13445,14282
13477,14323
13503,14338
13530,14361
13554,14368
13573,14397
13614,14394
13642,14425
13687,14457
13716,14478
13723,14501
13759,14516
13772,14536
13811,14553
13836,14545
13866,14567
13891,14603
13928,14614
13964,14603
13997,14618
14018,14618
14039,14650
14067,14647
14092,14660
14131,14679
14141,14687
14154,14711
14193,14725
14225,14735
14262,14751
14270,14763
14321,14774
14322,14802
14348,14828
14365,14853
14417,14837
14434,14870
14443,14889
14456,14910
14500,14932
14507,14941
14535,14969
14569,14981
14569,14995
14588,15037
14606,15050
14623,15060
14654,15094
14657,15078
14672,15087
14694,15098
14722,15123
14719,15131
14746,15146
14785,15176
14790,15172
14814,15182
14815,15195
14847,15208
14852,15224
14864,15221
14912,15210
14910,15211
14946,15238
14949,15225
14942,15250
14986,15255
15003,15270
15018,15263
15040,15258
15033,15264
15055,15297
15082,15296
15124,15335
15140,15331
15152,15327
15169,15377
15189,15398
15221,15403
15246,15429
15287,15454
15291,15488
15348,15483
15349,15527
15392,15559
15403,15540
15420,15609
15460,15606
15481,15660
15500,15652
15544,15721
15557,15717
15599,15749
15594,15786
15621,15795
15667,15851
15683,15867
15724,15893
15747,15939
15787,15953
15802,15986
15842,16020
15861,16018
15887,16084
15937,16091
15957,16126
15973,16144
16007,16162
16024,16185
16060,16213
16099,16233
16118,16288
16142,16273
16178,16300
16191,16347
16234,16344
16245,15
16265,22
16305,56
16333,64
16366,91
1,125
30,144
43,161
76,189
92,205
122,250
124,248
132,327
201,353
196,378
214,374
253,403
283,467
288,476
332,528
351,542
366,568
392,591
415,634
419,646
455,703
464,712
479,751
475,753
505,790
512,799
535,852
557,867
537,883
580,912
609,925
615,942
638,974
659,972
675,1042
685,1021
704,1056
742,1072
739,1118
752,1090
794,1143
790,1172
808,1156
853,1204
844,1247
868,1260
898,1284
897,1291
927,1299
955,1339
974,1365
1007,1420
1041,1443
1069,1468
1116,1506
1120,1546
1129,1546
1165,1588
1204,1625
1253,1669
1257,1717
1295,1780
1318,1808
1328,1848
1377,1927
1373,1925
1416,1955
1452,2057
1472,2078
1533,2126
1545,2167
1562,2215
1602,2270
1651,2318
1654,2381
1678,2420
1728,2482
1747,2554
1788,2583
1805,2629
1822,2684
1864,2761
1875,2813
1904,2838
1944,2890
1971,2963
2001,2963
2016,3029
2050,3059
2077,3083
2129,3163
2147,3176
2176,3222
2213,3259
2229,3287
2252,3304
2284,3350
2292,3376
2317,3395
2354,3440
2345,3471
2385,3488
2412,3515
2430,3540
2465,3551
2489,3584
2488,3592
2530,3631
2530,3610
2572,3666
2587,3663
2608,3668
2631,3697
2635,3689
2668,3756
2686,3710
2693,3747
2693,3753
2740,3768
2749,3792
2767,3795
2773,3809
2782,3860
2808,3866
2829,3878
2868,3924
2874,3943
2891,3951
2911,3970
2939,4007
2942,4020
2969,4027
2970,4058
3003,4094
3014,4088
3031,4123
3055,4150
3069,4188
3100,4198
3113,4232
3124,4267
3164,4304
3156,4296
3181,4365
3212,4388
3266,4406
3277,4425
3278,4467
3334,4470
3351,4548
3357,4531
3410,4556
3419,4574
3469,4620
3480,4622
3506,4640
3524,4700
3542,4703
3574,4688
3612,4733
3627,4757
3655,4777
3683,4794
3717,4783
3749,4828
3758,4818
3802,4862
3835,4873
3858,4884
3902,4949
3917,4940
3952,4970
3974,4964
3994,4986
4023,5003
4043,5024
4096,5056
4105,5053
4138,5079
4153,5113
4180,5124
4211,5137
4228,5183
4274,5191
4281,5219
4316,5254
4344,5269
4349,5289
4386,5327
4422,5338
4435,5369
4459,5386
4497,5424
4503,5460
4531,5471
4560,5486
4576,5506
4582,5528
4608,5550
4655,5540
4668,5581
4672,5600
4717,5619
4736,5611
4736,5634
4755,5626
4788,5642
4794,5640
4825,5655
4832,5644
4870,5654
4861,5684
4872,5685
4892,5675
4913,5694
4929,5670
4950,5698
4967,5698
4963,5721
5006,5701
5026,5706
5040,5704
5050,5738
5075,5714
5094,5739
5110,5740
5145,5763
5162,5765
5170,5800
5195,5782
5209,5797
5224,5836
5235,5842
5252,5860
5258,5890
5309,5920
5325,5933
5364,5978
5389,5966
5399,6007
5428,6012
5451,6027
5474,6065
5520,6092
5532,6101
5558,6107
5558,6143
5595,6149
5643,6198
5670,6204
5711,6215
5756,6254
5743,6242
5762,6269
5820,6280
5824,6295
5865,6306
5884,6318
5919,6322
5967,6342
5974,6353
6036,6360
6035,6374
6090,6391
6109,6409
6124,6422
6144,6430
6204,6464
6213,6450
6235,6473
6272,6510
6302,6526
6321,6526
6354,6565
6382,6584
6407,6603
6438,6641
6431,6662
6491,6663
6490,6708
6550,6726
6583,6759
6614,6779
6605,6813
6645,6801
6684,6850
6699,6863
6705,6864
6756,6889
6755,6921
6786,6918
6820,6940
6827,6961
6858,6974
6892,6994
6897,6992
6932,7010
6937,7024
6942,7014
6959,7022
7003,7040
7014,7048
7039,7069
7062,7068
7076,7058
7093,7065
7112,7064
7139,7081
7130,7081
7145,7109
7167,7110
7176,7150
7209,7141
7200,7158
7236,7176
7239,7178
7248,7220
7245,7215
7294,7227
7320,7264
7327,7285
7350,7310
7363,7327
7362,7347
7420,7350
7455,7382
7446,7398
7467,7399
7510,7429
7522,7458
7533,7459
7562,7494
7585,7488
7592,7516
7628,7550
7653,7545
7674,7553
7709,7582
7732,7600
7777,7606
7787,7653
7830,7665
7858,7698
7890,7696
7916,7699
7948,7733
7984,7758
7993,7808
8034,7848
8042,7866
8080,7901
8097,7942
8109,7975
8138,8020
8168,8033
8185,8083
8225,8126
8255,8170
8289,8197
8328,8239
8345,8244
8375,8284
8402,8326
8443,8373
8470,8370
8486,8427
8505,8433
8542,8458
8555,8500
8574,8523
8605,8534
8662,8535
8678,8568
8683,8587
8705,8651
8741,8650
8766,8702
8811,8710
8844,8771
8839,8763
8866,8804
8908,8836
8932,8843
8956,8890
8973,8952
8977,8963
9019,9022
9038,9051
9039,9075
9054,9114
9070,9148
9105,9191
9128,9242
9138,9242
9156,9246
9173,9325
9202,9328
9220,9337
9217,9370
9248,9387
9257,9400
9278,9394
9298,9450
9321,9459
9334,9467
9354,9472
9367,9501
9382,9498
9385,9516
9403,9523
9428,9553
9418,9560
9485,9604
9503,9610
9526,9640
9541,9631
9561,9705
9585,9741
9610,9748
9620,9803
9640,9835
9650,9890
9713,9947
9696,9984
9733,10044
9747,10101
9770,10143
9786,10148
9807,10201
9841,10234
9856,10279
9884,10332
9918,10366
9947,10405
9988,10453
10026,10463
10024,10501
10077,10548
10101,10585
10138,10606
10155,10641
10192,10662
10205,10687
10240,10703
10271,10738
10292,10788
10325,10843
10379,10879
10376,10955
10411,11002
10450,11032
10480,11104
10524,11141
10549,11193
10588,11251
10606,11309
10626,11348
10639,11431
10680,11496
10690,11538
10756,11549
10770,11614
10775,11647
10796,11680
10846,11720
10871,11735
10897,11752
10914,11794
10941,11806
10981,11836
10988,11861
11026,11873
11070,11920
11065,11929
11104,11929
11133,11947
11138,11948
11186,11966
11187,12015
11206,12027
11253,12061
11250,12063
11274,12099
11282,12120
11313,12135
11324,12179
11353,12205
11375,12220
11403,12289
11420,12286
11432,12310
11461,12310
11480,12378
11473,12387
11482,12386
11499,12442
11549,12487
11555,12493
11564,12492
11570,12518
11593,12513
11589,12519
11605,12547
11645,12542
11646,12553
11669,12575
11690,12574
11703,12582
11728,12572
11739,12605
11761,12605
11789,12627
11803,12613
11836,12625
11851,12636
11872,12627
11885,12663
11910,12698
11921,12723
11972,12754
11998,12767
12011,12785
12024,12839
12065,12865
12081,12895
12108,12943
12157,12951
12158,12988
12209,13037
12220,13044
12253,13055
12273,13122
12304,13160
12324,13183
12357,13214
12369,13229
12384,13238
12431,13266
12438,13257
12459,13280
12486,13318
12527,13322
12553,13339
12576,13355
12615,13370
12646,13390
12687,13419
12703,13430
12742,13430
12742,13398
12790,13437
12827,13445
12837,13488
12881,13488
12903,13511
12934,13537
12937,13555
12970,13580
12984,13595
13014,13633
13042,13644
13075,13689
13094,13690
13132,13740
13161,13741
13192,13783
13189,13810
13197,13827
13242,13824
13241,13855
13317,13889
13295,13888
13331,13913
13372,13920
13374,13953
13402,13954
13417,13989
13421,13992
13450,14000
13497,13995
13512,13986
13509,13995
13519,14007
13568,14007
13578,14016
13589,14015
13592,14037
13621,14034
13644,14046
13661,14047
13665,14035
13690,14043
13707,14057
13734,14056
13728,14056
13749,14085
13774,14082
13782,14104
13801,14112
13830,14125
13857,14145
13876,14175
13879,14172
13888,14206
13913,14222
13924,14215
13963,14256
13982,14268
14005,14299
14023,14325
14042,14335
14079,14345
14090,14376
14114,14389
14143,14427
14169,14419
14196,14439
14225,14461
14241,14482
14280,14490
14311,14509
14307,14523
14358,14526
14393,14539
14415,14544
14440,14565
14465,14582
14505,14577
14520,14615
14559,14625
14585,14625
14596,14624
14651,14677
14696,14680
14703,14677
14733,14723
14770,14717
14787,14742
14816,14770
14847,14765
14877,14800
14904,14820
14941,14835
14961,14859
14993,14887
15024,14924
15053,14945
15102,14949
15110,15009
15123,15015
15176,15028
15190,15069
15199,15072
15249,15117
15288,15119
15305,15165
15297,15183
15348,15211
15386,15204
15390,15237
15420,15254
15426,15252
15463,15285
15485,15311
15491,15309
15538,15332
15557,15365
15590,15370
15605,15385
15647,15392
15639,15410
15650,15404
15677,15420
15697,15434
15719,15437
15741,15441
15761,15459
15776,15474
15797,15469
15821,15488
15810,15520
15824,15520
15851,15483
15868,15498
15902,15541
15918,15526
15933,15548
15944,15560
15946,15570
15987,15609
15976,15601
16010,15606
16012,15616
16053,15645
16072,15690
16064,15698
16107,15696
16113,15734
16130,15723
16148,15762
16181,15778
16198,15799
16210,15820
16229,15852
16277,15873
16302,15903
16320,15935
16346,15975
16357,15992
0,15997
36,16047
57,16076
83,16097
96,16130
122,16154
153,16175
185,16195
216,16224
215,16270
266,16303
301,16318
319,16338
378,16361
392,0
395,30
448,69
456,89
492,120
542,131
531,150
558,199
600,221
633,258
661,288
688,329
727,327
743,390
781,390
811,435
822,456
865,505
877,536
930,568
953,614
987,639
985,691
1020,694
1036,746
1071,789
1090,834
1124,847
1142,915
1151,923
1189,963
1224,1002
1248,1031
1251,1095
1280,1090
1288,1174
1308,1202
1344,1246
1365,1275
1399,1271
1408,1352
1428,1364
1456,1383
1473,1415
1502,1427
1499,1436
1517,1495
1526,1508
1548,1536
1546,1580
1575,1611
1585,1600
1593,1627
1632,1670
1648,1706
1677,1695
1689,1702
1704,1733
1712,1741
1725,1762
1753,1775
1768,1757
1800,1788
1802,1838
1829,1862
1827,1880
1882,1894
1879,1919
1907,1942
1922,1977
1941,2002
1970,2041
2001,2078
2029,2079
2063,2106
2084,2172
2099,2182
2125,2227
2175,2291
2180,2298
2215,2338
2248,2411
2260,2445
2280,2477
2312,2539
2325,2586
2367,2604
2382,2643
2438,2718
2458,2753
2486,2808
2528,2872
2544,2888
2580,2982
2621,3020
2655,3066
2677,3103
2696,3192
2721,3223
2759,3299
2800,3332
2808,3366
2829,3407
2857,3431
2896,3494
2912,3516
2941,3554
2997,3609
3008,3632
3048,3682
3103,3701
3093,3729
3124,3754
3168,3768
3163,3795
3199,3866
3236,3872
3276,3899
3293,3902
3293,3945
3322,3968
3341,3988
3383,4030
3408,4033
3438,4036
3445,4070
3470,4087
3486,4085
3520,4100
3541,4126
3566,4142
3606,4169
3615,4163
3629,4201
3662,4208
3674,4216
3681,4237
3693,4261
3716,4257
3726,4290
3775,4308
3776,4314
3776,4350
3785,4384
3829,4378
3840,4404
3866,4399
3891,4429
3902,4470
3924,4477
3937,4516
3941,4534
3978,4545
4014,4565
4001,4601
4033,4611
4036,4655
4054,4643
4071,4700
4089,4708
4095,4734
4125,4747
4159,4772
4149,4788
4159,4817
4180,4826
4241,4851
4281,4849
4278,4874
4292,4904
4333,4902
4350,4914
4368,4921
4390,4961
4438,4954
4456,4983
4485,4995
4485,4991
4525,5026
4546,5026
4595,5055
4614,5070
4652,5096
4657,5102
4701,5147
4718,5172
4753,5135
4802,5178
4804,5200
4845,5201
4896,5237
4916,5282
4933,5291
4960,5325
4978,5360
5027,5376
5039,5374
5052,5427
5099,5432
5117,5461
5164,5505
5178,5529
5216,5541
5230,5556
5261,5577
5283,5614
5302,5628
5326,5652
5355,5654
5389,5698
5410,5712
5439,5706
5450,5748
5475,5767
5509,5815
5525,5814
5550,5831
5595,5827
5610,5850
5613,5845
5641,5841
5678,5846
5689,5855
5721,5868
5722,5850
5757,5908
5775,5887
5792,5880
5819,5899
5838,5920
5852,5917
5887,5953
5886,5918
5931,5920
5933,5937
5950,5949
5950,5947
5987,5967
5988,5975
5977,5999
6025,6002
6052,6030
6089,6024
6075,6063
6090,6080
6116,6080
6138,6102
6153,6125
6174,6140
6192,6146
6222,6190
6235,6197
6262,6208
6276,6226
6294,6231
6316,6266
6319,6271
6377,6287
6358,6280
6409,6322
6434,6320
6462,6325
6473,6345
6509,6360
6558,6379
6553,6371
6591,6384
6595,6419
6665,6417
6662,6412
6713,6418
6745,6446
6746,6465
6783,6495
6816,6510
6848,6517
6864,6540
6908,6592
6937,6558
6962,6602
6992,6610
7027,6639
7073,6669
7071,6696
7121,6721
7151,6754
7193,6765
7203,6784
7225,6821
7260,6845
7295,6884
7305,6907
7346,6938
7351,6953
7393,6985
7420,6993
7455,7007
7474,7029
7497,7025
7526,7068
7564,7093
7589,7097
7618,7118
7631,7128
7674,7132
7684,7151
7726,7156
7734,7182
7760,7192
7780,7206
7811,7224
7846,7224
7837,7245
7881,7251
7888,7288
7921,7285
7940,7333
7938,7332
7993,7319
8010,7354
8026,7401
8038,7398
8060,7416
8081,7421
8090,7462
8113,7503
8124,7518
8149,7514
8132,7541
8164,7574
8171,7572
8220,7579
8209,7603
8225,7615
8257,7639
8253,7635
8278,7666
8298,7642
8330,7657
8345,7693
8361,7676
8384,7696
8414,7694
8432,7730
8467,7764
8456,7742
8493,7766
8498,7775
8541,7785
8547,7805
8558,7844
8589,7850
8608,7879
8644,7934
8658,7940
8687,7964
8727,8025
8730,8057
8789,8101
8788,8124
8824,8154
8836,8176
8882,8202
8909,8245
8916,8279
8959,8328
8988,8380
9003,8394
9042,8428
9070,8449
9091,8506
9116,8495
9152,8528
9184,8546
9229,8601
9234,8636
9279,8651
9315,8663
9342,8717
9349,8762
9382,8776
9447,8793
9449,8828
9496,8884
9490,8916
9525,8943
9575,8979
9576,9005
9610,9094
9632,9142
9649,9185
9686,9221
9699,9253
9734,9302
9769,9364
9809,9427
9840,9442
9838,9459
9848,9524
9869,9529
9905,9587
9926,9611
9943,9639
9974,9670
9991,9701
10012,9710
10045,9753
10054,9774
10077,9819
10084,9786
10132,9804
10126,9830
10168,9852
10191,9888
10228,9922
10227,9941
10256,9961
10293,9964
10290,9999
10311,10039
10348,10058
10349,10119
10350,10134
10381,10152
10385,10187
10408,10248
10421,10274
10451,10262
10481,10368
10472,10359
10489,10404
10506,10446
10539,10461
10548,10512
10585,10515
10589,10554
10604,10591
10619,10603
10630,10622
10653,10632
10690,10663
10713,10663
10723,10695
10746,10714
10771,10765
10794,10750
10826,10780
10829,10832
10879,10844
10890,10886
10948,10920
10970,10960
11002,10995
11025,11058
11056,11116
11095,11125
11123,11218
11141,11265
11156,11357
11205,11386
11240,11450
11263,11490
11288,11532
11310,11573
11351,11616
11386,11676
11409,11721
11424,11742
11457,11792
11512,11812
11513,11854
11553,11909
11573,11909
11610,11938
11627,11956
11676,11994
11680,12000
11704,12051
11734,12064
11752,12081
11790,12089
11813,12084
11862,12134
11878,12142
11926,12184
11940,12264
11941,12259
11968,12291
12054,12316
12042,12355
12071,12387
12081,12412
12120,12460
12145,12485
12164,12508
12183,12557
12214,12579
12229,12625
12244,12641
12277,12689
12284,12697
12303,12730
12345,12753
12352,12764
12349,12796
12372,12782
12400,12786
12414,12795
12434,12810
12443,12820
12472,12825
12501,12825
12508,12816
12533,12824
12537,12831
12543,12848
12563,12836
12600,12856
12601,12856
12599,12858
12630,12881
12664,12901
12675,12913
12709,12917
12716,12950
12747,12979
12729,12974
12770,13028
12797,13031
12816,13055
12839,13089
12870,13106
12872,13144
12913,13163
12922,13183
12929,13236
12956,13244
12988,13270
13017,13305
13028,13323
13067,13328
13094,13368
13113,13386
13161,13390
13165,13427
13199,13412
13225,13455
13256,13445
13282,13446
13312,13472
13344,13480
13381,13505
13389,13518
13419,13539
13444,13531
13468,13573
13519,13566
13552,13594
13573,13610
13599,13626
13620,13657
13659,13643
13682,13698
13706,13679
13731,13720
13767,13739
13770,13792
13807,13800
13842,13808
13880,13824
13901,13877
13916,13897
13965,13911
13996,13962
13978,13965
14023,13985
14076,14013
14091,14029
14105,14045
14147,14075
14151,14094
14189,14110
14214,14118
14244,14154
14263,14160
14276,14146
14305,14163
14312,14199
14378,14179
14391,14223
14371,14202
14426,14221
14447,14215
14465,14229
14490,14249
14493,14234
14516,14258
14541,14267
14576,14274
14586,14282
14608,14280
14601,14279
14630,14316
14659,14317
14675,14321
14674,14332
14702,14342
14745,14333
14724,14340
14760,14361
14776,14366
14773,14370
14812,14394
14837,14402
14843,14424
14850,14458
14851,14484
14896,14510
14918,14502
14925,14520
14942,14526
14984,14546
14985,14566
15012,14588
15051,14614
15080,14612
15100,14629
15118,14663
15135,14663
15160,14687
15184,14712
15221,14731
15231,14730
15269,14746
15288,14769
15321,14787
15322,14784
15379,14802
15407,14808
15438,14834
15454,14854
15479,14862
15498,14873
15558,14885
15581,14897
15619,14925
15641,14939
15679,14961
15703,14951
15732,14990
15758,14998
15774,15025
15807,15068
15836,15084
15869,15105
15892,15124
15934,15133
15945,15162
15957,15186
16012,15222
16043,15212
16077,15250
16092,15281
16126,15279
16169,15332
16177,15359
16220,15372
16228,15412
16271,15448
16276,15465
16286,15516
16341,15515
16353,15529
16360,15562
16383,15579
47,15593
61,15607
88,15644
123,15675
153,15669
176,15687
209,15688
215,15736
221,15734
253,15776
277,15767
309,15791
314,15802
338,15814
361,15830
375,15843
386,15849
381,15825
431,15880
433,15882
470,15893
477,15907
505,15910
502,15914
554,15936
555,15961
564,15937
577,15966
603,15962
623,15985
633,16035
658,16023
677,16056
681,16084
684,16114
714,16130
749,16158
765,16141
772,16188
784,16186
815,16243
829,16251
876,16274
866,16292
898,16312
930,16359
954,7
958,28
1029,58
1028,87
1047,116
1088,146
1089,194
1108,232
1144,242
1153,279
1215,296
1226,328
1254,381
1290,420
1329,451
1361,497
1380,524
1422,542
1445,577
1464,589
1506,624
1530,684
1547,708
1570,747
1600,774
1634,794
1658,847
1691,854
1725,915
1744,942
1790,978
1790,1039
1843,1049
1869,1068
1903,1119
1922,1164
1958,1201
1979,1222
2008,1260
2032,1315
2061,1349
2083,1355
2116,1418
2135,1467
2146,1490
2158,1516
2212,1553
2222,1605
2255,1664
2278,1694
2280,1718
2326,1754
2349,1837
2385,1858
2384,1911
2434,1962
2428,2000
2443,2015
2477,2039
2514,2056
2524,2109
2531,2178
2554,2217
2572,2194
2568,2230
2592,2255
2609,2313
2640,2312
2638,2326
2665,2359
2711,2375
2702,2411
2736,2415
2734,2432
2765,2438
2780,2466
2806,2489
2805,2495
2829,2548
2861,2559
2845,2604
2879,2582
2896,2590
2917,2630
2944,2654
2953,2681
2991,2711
3006,2720
3030,2708
3033,2739
3072,2779
3101,2798
3110,2831
3145,2905
3176,2918
3186,2952
3227,2994
3253,3004
3261,3075
3308,3102
3319,3132
3353,3222
3388,3220
3415,3269
3443,3324
3474,3350
3524,3415
3536,3434
3561,3479
3611,3557
3641,3598
3675,3624
3694,3695
3728,3703
3762,3776
3763,3805
3813,3855
3819,3905
3849,3923
3889,3964
3906,3991
3936,4051
3972,4068
4000,4117
4032,4167
4048,4143
4061,4193
4103,4202
4137,4234
4152,4290
4166,4287
4196,4312
4224,4330
4234,4352
4270,4363
4290,4387
4314,4400
4359,4419
4378,4432
4400,4465
4423,4472
4430,4500
4468,4498
4491,4503
4509,4557
4538,4551
4552,4562
4577,4569
4602,4595
4636,4634
4647,4626
4654,4634
4670,4649
4681,4674
4713,4686
4750,4714
4749,4747
4769,4766
4792,4762
4799,4800
4823,4839
4834,4855
4862,4842
4899,4864
4894,4868
4912,4902
4933,4928
4957,4929
4959,4950
4967,4994
4997,4995
5018,5041
5037,5041
5063,5037
5064,5063
5079,5068
5105,5101
5122,5099
5109,5132
5153,5141
5183,5144
5183,5145
5207,5167
5236,5165
5253,5172
5289,5200
5315,5215
5340,5232
5371,5224
5407,5256
5410,5264
5443,5262
5470,5286
5494,5307
5487,5304
5536,5321
5572,5351
5607,5365
5630,5371
5668,5396
5691,5389
5705,5435
5732,5457
5765,5489
5786,5496
5832,5536
5843,5564
5890,5569
5904,5594
5937,5626
5965,5642
5984,5668
6017,5693
6039,5717
6061,5771
6085,5763
6117,5777
6144,5814
6190,5843
6184,5862
6216,5884
6248,5912
6270,5918
6307,5918
6345,5963
6368,5971
6386,5982
6399,5991
6433,5993
6473,6004
6469,6008
6500,6006
6536,6026
6568,6051
6572,6043
6590,6064
6601,6064
6648,6076
6675,6100
6682,6108
6701,6109
6730,6110
6768,6104
6789,6130
6803,6163
6826,6160
6858,6164
6861,6181
6876,6201
6897,6211
6914,6235
6932,6235
6962,6239
6980,6278
6994,6297
6993,6312
7048,6344
7046,6363
7053,6353
7043,6375
7101,6366
7111,6395
7112,6428
7139,6422
7166,6418
7198,6456
7211,6483
7207,6473
7229,6487
7245,6490
7274,6516
7284,6508
7326,6521
7333,6539
7358,6550
7384,6541
7404,6535
7416,6558
7454,6572
7485,6572
7503,6568
7516,6607
7561,6623
7594,6628
7621,6649
7642,6660
7672,6689
7686,6703
7736,6728
7759,6746
7777,6769
7802,6795
7835,6817
7865,6864
7892,6872
7905,6904
7936,6937
7973,6953
7997,6985
8054,7020
8072,7030
8094,7072
8125,7097
8163,7102
8176,7134
8205,7149
8236,7168
8282,7191
8305,7230
8332,7238
8337,7275
8376,7269
8384,7293
8432,7303
8453,7340
8483,7326
8522,7356
8541,7369
8584,7400
8605,7388
8642,7422
8652,7438
8707,7483
8710,7486
8743,7509
8767,7549
8795,7568
8805,7605
8836,7636
8839,7652
8876,7662
8899,7700
8900,7723
8921,7752
8934,7760
8974,7809
9005,7806
9027,7834
9030,7848
9057,7888
9093,7893
9091,7918
9112,7908
9147,7955
9136,7963
9147,7949
9178,7966
9196,7965
9203,7990
9253,8002
9255,7997
9280,8028
9296,8023
9294,8024
9330,8048
9338,8077
9347,8089
9373,8091
9406,8122
9399,8113
9446,8156
9444,8192
9481,8202
9484,8221
9507,8249
9528,8282
9527,8316
9568,8308
9571,8318
9577,8401
9590,8421
9637,8490
9646,8504
9662,8518
9694,8547
9742,8564
9773,8595
9794,8625
9817,8655
9831,8687
9872,8704
9903,8753
9928,8779
9959,8789
9978,8795
10021,8875
10006,8876
10065,8900
10083,8960
10109,8973
10142,9001
10186,9076
10219,9147
10248,9150
10289,9192
10307,9244
10312,9291
10385,9333
10388,9354
10414,9436
10450,9477
10451,9539
10488,9575
10514,9618
10532,9651
10569,9726
10577,9747
10627,9778
10631,9851
10674,9867
10695,9914
10714,9953
10741,9991
10770,9971
10797,10054
10829,10062
10846,10086
10867,10097
10888,10127
10915,10156
10966,10187
10963,10207
10977,10222
11012,10288
11042,10342
11064,10327
11088,10376
11102,10425
11113,10439
11148,10507
11173,10528
11202,10562
11219,10605
11249,10643
11252,10686
11287,10726
11288,10755
11321,10806
11327,10852
11345,10848
11352,10872
11365,10896
11384,10954
11397,10951
11410,10968
11411,10993
11432,11029
11454,11045
11481,11027
11500,11080
11521,11037
11551,11055
11571,11054
11560,11077
11577,11083
11591,11095
11638,11130
11645,11131
11686,11176
11691,11204
11714,11240
11749,11295
11762,11312
11758,11358
11791,11364
11820,11430
11843,11479
11860,11493
11921,11562
11918,11584
11939,11641
11976,11704
12003,11731
12036,11783
12058,11832
12095,11849
12097,11875
12149,11915
12164,11942
12187,11981
12214,11997
12253,12034
12268,12046
12286,12078
12308,12123
12346,12152
12384,12160
12413,12175
12458,12204
12486,12226
12511,12239
12522,12258
12548,12283
12585,12306
12608,12358
12647,12401
12664,12431
12685,12479
12720,12487
12743,12526
12772,12552
12774,12593
12823,12644
12848,12695
12863,12695
12914,12736
12933,12792
12944,12828
12987,12839
12994,12898
13032,12876
13059,12917
13082,12945
13109,12963
13140,12970
13137,13004
13166,13005
13190,12998
13217,13013
13232,13004
13268,13030
13260,13027
13304,13056
13301,13054
13346,13062
13340,13068
13378,13077
13392,13106
13421,13092
13446,13104
13445,13111
13459,13147
13498,13147
13519,13169
13508,13188
13537,13198
13550,13220
13584,13236
13579,13256
13612,13285
13617,13303
13645,13333
13662,13356
13673,13347
13702,13374
13693,13391
13727,13407
13724,13431
13759,13443
13781,13480
13781,13494
13827,13481
13822,13506
13860,13516
13899,13525
13908,13567
13897,13542
13951,13553
13962,13542
13991,13566
14008,13576
14017,13589
14055,13579
14076,13608
14107,13613
14150,13617
14148,13638
14205,13655
14192,13661
14238,13698
14287,13710
14296,13728
14318,13735
14348,13753
14406,13768
14384,13789
14435,13811
14454,13844
14483,13877
14503,13903
14547,13928
14581,13940
14598,13986
14626,13998
14655,14015
14665,14067
14704,14079
14761,14087
14759,14124
14777,14140
14824,14168
14844,14171
14864,14189
14906,14236
14910,14235
14957,14237
14961,14269
14999,14292
15041,14297
15051,14327
15103,14331
15102,14351
15131,14349
15168,14353
15182,14367
15201,14368
15234,14393
15253,14395
15279,14409
15303,14401
15337,14409
15347,14427
15359,14449
15396,14461
15412,14449
15443,14479
15442,14479
15480,14504
15510,14527
15516,14504
15540,14529
15517,14548
15572,14564
15572,14578
15610,14592
15654,14591
15638,14625
15661,14641
15693,14662
15720,14679
15717,14668
15751,14709
15738,14722
15775,14732
15773,14745
15829,14748
15814,14769
15835,14787
15846,14808
15856,14794
15884,14828
15920,14835
15912,14840
15926,14845
15961,14867
15985,14885
16016,14884
16035,14905
16059,14934
16083,14928
16109,14937
16137,14941
16148,14976
16173,14990
16199,14999
16241,15002
16268,15025
16269,15019
16311,15037
16312,15065
16353,15069
16377,15096
20,15120
52,15119
65,15141
106,15156
150,15190
167,15206
201,15255
226,15242
249,15283
293,15281
310,15314
326,15342
369,15364
396,15416
414,15401
458,15449
467,15471
493,15505
532,15545
557,15549
573,15593
620,15608
642,15672
685,15679
703,15721
728,15718
756,15746
776,15777
824,15814
830,15826
866,15873
874,15866
914,15900
920,15913
940,15923
986,15945
1002,15998
1034,16001
1061,16027
1093,16042
1097,16075
1129,16094
1157,16094
1195,16110
1218,16158
1238,16150
1251,16163
1285,16171
1305,16216
1334,16246
1331,16227
1350,16269
1370,16277
1386,16279
1404,16319
1427,16297
1445,16332
1464,16338
1511,16369
1507,7
1533,16381
1548,14
1578,58
1578,57
1588,81
1620,125
1639,133
1639,150
1655,177
1668,181
1676,198
1709,240
1716,258
1740,288
1746,294
1774,318
1785,341
1802,394
1838,410
1861,439
1881,466
1900,482
1918,530
1937,552
1971,584
1968,625
1996,632
2015,692
2041,713
2056,749
2089,778
2129,799
2129,874
2159,897
2198,914
2238,948
2280,966
2287,1052
2330,1063
2355,1096
2365,1113
2403,1156
2451,1207
2472,1260
2491,1261
2519,1314
2531,1339
2556,1337
2608,1412
2643,1406
2663,1488
2682,1508
2705,1542
2727,1595
2765,1637
2804,1682
2833,1742
2867,1763
2881,1833
2910,1828
2940,1876
2969,1933
2980,1968
3027,2031
3040,2043
3061,2103
3077,2151
3120,2175
3135,2220
3171,2263
3183,2309
3222,2372
3230,2425
3263,2435
3275,2460
3310,2536
3326,2568
3362,2597
3381,2664
3384,2677
3416,2725
3447,2756
3473,2760
3453,2772
3476,2844
3503,2829
3523,2879
3532,2906
3554,2947
3595,2948
3614,2973
3623,2998
3629,3014
3661,3041
3680,3055
3692,3071
3722,3092
3725,3121
3742,3146
3750,3174
3791,3165
3813,3161
3814,3184
3824,3198
3841,3203
3861,3177
3882,3217
3889,3224
3891,3269
3939,3262
3934,3279
3969,3309
3991,3362
4021,3371
4045,3407
4078,3410
4095,3450
4114,3506
4140,3528
4149,3579
4169,3608
4194,3621
4236,3666
4248,3669
4269,3737
4310,3785
4344,3845
4353,3853
4402,3912
4406,3954
4450,3987
4472,4013
4494,4046
4533,4091
4563,4152
4600,4198
4608,4206
4637,4274
4690,4272
4680,4312
4731,4329
4749,4366
4768,4407
4824,4433
4833,4452
4882,4484
4917,4487
4925,4504
4966,4536
4987,4555
5014,4558
5031,4615
5084,4609
5082,4620
5096,4662
5134,4658
5157,4682
5203,4719
5210,4717
5266,4720
5273,4721
5281,4765
5320,4790
5337,4793
5375,4844
5403,4861
5424,4859
5433,4869
5458,4890
5477,4910
5513,4943
5526,4945
5538,4976
5581,4999
5595,5040
5620,5035
5631,5078
5650,5098
5690,5109
5678,5119
5716,5138
5720,5178
5743,5176
5761,5212
5804,5226
5821,5238
5830,5240
5834,5276
5863,5256
5880,5325
5892,5305
5901,5317
5937,5330
5958,5351
5986,5355
5995,5347
5986,5375
6010,5372
6021,5384
6020,5372
6062,5394
6083,5391
6099,5393
6125,5402
6121,5406
6144,5417
6184,5398
6189,5439
6205,5426
6243,5449
6253,5461
6290,5461
6289,5467
6341,5491
6363,5495
6381,5523
6397,5545
6422,5542
6469,5578
6479,5603
6497,5644
6532,5618
6545,5666
6602,5679
6601,5724
6645,5756
6674,5787
6715,5816
6716,5830
6754,5850
6795,5869
6808,5881
6858,5900
6895,5935
6889,5964
6925,5973
6962,5991
6978,6020
7009,6035
7069,6050
7063,6062
7101,6090
7140,6080
7153,6111
7169,6099
7207,6112
7237,6139
7244,6143
7296,6154
7315,6157
7339,6170
7354,6195
7395,6209
7422,6214
7455,6213
7475,6219
7494,6238
7497,6260
7552,6268
7564,6282
7577,6297
7610,6316
7627,6321
7645,6379
7674,6356
7685,6419
7697,6419
7727,6435
7762,6450
7781,6481
7809,6521
7830,6506
7862,6526
7873,6553
7886,6567
7916,6585
7931,6597
7928,6606
7953,6622
7987,6631
7997,6636
8011,6647
8013,6641
8042,6658
8063,6660
8079,6674
8118,6676
8137,6677
8149,6685
8167,6682
8183,6700
8200,6677
8213,6695
8238,6698
8233,6726
8250,6744
8274,6737
8293,6757
8304,6747
8327,6769
8328,6785
8366,6803
8378,6816
8436,6850
8439,6855
8458,6882
8485,6897
8513,6936
8531,6948
8563,6999
8584,7014
8620,7060
8623,7060
8664,7109
8695,7101
8715,7136
8760,7156
8777,7161
8799,7188
8819,7233
8863,7241
8896,7267
8929,7282
8953,7277
9000,7329
9036,7343
9058,7333
9104,7364
9121,7382
9157,7425
9182,7432
9201,7450
9244,7478
9272,7515
9285,7539
9320,7546
9336,7567
9374,7588
9395,7654
9412,7672
9425,7687
9475,7732
9519,7764
9518,7797
9550,7824
9571,7864
9590,7865
9617,7897
9644,7940
9677,7987
9700,8002
9746,8010
9771,8050
9770,8064
9791,8071
9824,8082
9847,8094
9866,8132
9888,8150
9923,8162
9931,8191
9959,8193
9994,8196
10011,8235
10034,8218
10059,8245
10092,8265
10111,8309
10132,8318
10124,8360
10175,8395
10175,8405
10183,8441
10188,8466
10221,8493
10228,8517
10239,8525
10258,8543
10277,8557
10288,8577
10306,8636
10329,8649
10338,8666
10368,8688
10366,8714
10389,8745
10420,8781
10444,8758
10459,8779
10460,8787
10502,8799
10518,8819
10509,8817
10543,8838
10566,8873
10581,8880
10620,8902
10642,8938
10684,8963
10723,8989
10697,9044
10736,9052
10773,9083
10792,9091
10813,9167
10854,9210
10884,9256
10900,9334
10915,9341
10965,9423
10988,9466
11018,9544
11032,9575
11041,9585
11084,9671
11137,9709
11139,9769
11156,9837
11197,9838
11234,9882
11284,9950
11295,9987
11327,10025
11343,10057
11380,10088
11406,10111
11428,10144
11453,10205
11504,10198
11497,10224
11525,10297
11561,10268
11594,10312
11606,10414
11632,10442
11677,10465
11700,10488
11726,10562
11763,10603
11785,10650
11822,10671
11827,10715
11857,10797
11900,10856
11901,10867
11925,10936
11933,10967
11984,11034
11991,11053
12006,11098
12030,11120
12041,11155
12078,11172
12087,11182
12109,11197
12135,11254
12168,11281
12173,11270
12194,11348
12234,11336
12253,11349
12265,11333
12289,11335
12306,11329
12306,11416
12340,11407
12359,11413
12361,11415
12388,11446
12397,11486
12410,11538
12444,11556
12439,11575
12485,11587
12494,11613
12519,11653
12529,11676
12561,11693
12556,11724
12581,11764
12615,11819
12606,11822
12631,11862
12656,11900
12668,11931
12692,11954
12707,11957
12725,11996
12742,11993
12763,12037
12786,12058
12817,12068
12852,12104
12874,12112
12893,12135
12922,12152
12949,12182
12983,12168
13005,12201
13017,12229
13052,12250
13076,12282
13132,12287
13135,12317
13182,12381
13194,12400
13225,12433
13264,12449
13296,12511
13332,12542
13349,12569
13391,12616
13416,12666
13438,12694
13468,12738
13501,12764
13524,12808
13554,12849
13589,12852
13613,12881
13625,12949
13645,12949
13689,13008
13701,13027
13749,13034
13760,13064
13809,13073
13810,13101
13854,13120
13865,13127
13920,13132
13949,13151
13958,13163
13979,13163
14009,13194
14022,13211
14064,13214
14095,13237
14110,13230
14128,13266
14157,13247
14182,13291
14210,13290
14227,13308
14240,13316
14283,13321
14290,13346
14322,13356
14337,13381
14356,13401
14377,13437
14396,13440
14406,13450
14439,13486
14460,13514
14478,13512
14517,13534
14528,13584
14532,13586
14551,13602
14550,13625
14581,13634
14585,13639
14623,13672
14646,13677
14642,13713
14657,13715
14687,13710
14691,13718
14712,13731
14725,13740
14752,13742
14776,13752
14773,13746
14813,13755
14830,13776
14841,13780
14855,13795
14878,13780
14893,13793
14924,13798
14956,13809
14963,13836
15010,13836
15006,13841
15049,13862
15072,13868
15098,13884
15121,13869
15126,13900
15154,13912
15197,13903
15221,13945
15255,13982
15272,13985
15321,14014
15330,14036
15364,14064
15401,14072
15414,14116
15458,14112
15477,14176
15524,14176
15540,14218
15579,14231
15589,14259
15596,14270
15645,14300
15665,14321
15696,14346
15730,14362
15761,14375
15755,14392
15818,14427
15837,14463
15871,14453
15902,14472
15922,14486
15937,14517
15978,14542
16006,14548
16021,14543
16037,14554
16074,14578
16105,14563
16115,14595
16154,14612
16168,14604
16203,14621
16228,14630
16264,14649
16277,14656
16304,14666
16322,14676
16357,14697
16350,14694
12,14708
9,14723
43,14738
60,14744
78,14758
93,14771
125,14772
142,14772
175,14791
202,14835
198,14840
215,14848
247,14878
264,14902
289,14913
303,14939
319,14949
332,14959
357,14966
389,14980
385,15018
410,15027
425,15037
419,15049
432,15066
467,15086
483,15086
506,15115
506,15103
537,15124
559,15137
578,15150
605,15154
615,15199
671,15201
664,15204
696,15209
704,15252
730,15236
756,15265
784,15269
813,15304
819,15305
832,15331
865,15329
917,15326
943,15352
964,15391
978,15391
1021,15408
1047,15432
1069,15467
1100,15464
1132,15482
1184,15518
1202,15538
1232,15567
1261,15583
1285,15605
1313,15636
1323,15674
1350,15709
1401,15727
1415,15740
1469,15786
1497,15821
1501,15843
1551,15865
1580,15911
1606,15924
1629,15948
1656,15991
1678,16042
1715,16036
1735,16072
1772,16117
1802,16157
1817,16188
1836,16212
1870,16245
1867,16252
1923,16304
1962,16322
1979,16357
1984,6
2012,14
2061,73
2064,86
2122,86
2132,124
2147,139
2177,179
2196,167
2222,207
2245,250
2269,252
2284,267
2307,309
2325,281
2337,367
2359,366
2398,386
2400,380
2417,423
2432,438
2481,452
2484,471
2506,474
2522,494
2552,507
2534,524
2585,565
2591,577
2620,592
2626,588
2663,621
2651,629
2673,682
2694,686
2706,692
2726,730
2741,716
2750,742
2783,795
2803,804
2825,870
2838,908
2878,912
2890,949
2897,965
2932,993
2952,1033
2965,1086
2996,1124
2998,1150
3052,1217
3046,1219
3081,1284
3101,1315
3124,1359
3175,1374
3185,1440
3211,1467
3238,1532
3252,1596
3295,1631
3313,1681
3337,1705
3380,1754
3396,1790
3429,1811
3459,1861
3482,1910
3514,1976
3537,1987
3549,2045
3582,2080
3615,2096
3643,2133
3681,2193
3720,2217
3738,2256
3761,2291
3785,2329
3828,2328
3823,2405
3860,2392
3897,2470
3919,2482
3982,2500
3974,2541
3990,2593
4045,2620
4044,2677
4082,2722
4084,2745
4096,2775
4144,2853
4165,2855
4203,2893
4205,2943
4236,2951
4253,3015
4315,3043
4318,3096
4341,3111
4365,3170
4374,3183
4392,3236
4423,3280
4436,3316
4454,3340
4469,3367
4504,3390
4514,3417
4549,3472
4569,3505
4585,3532
4622,3567
4627,3560
4640,3602
4664,3621
4673,3648
4719,3667
4722,3674
4720,3707
4755,3721
4756,3715
4774,3734
4773,3752
4819,3779
4814,3760
4828,3774
4865,3809
4873,3803
4879,3801
4914,3832
4919,3868
4948,3867
4969,3867
4979,3899
5001,3917
5046,3940
5067,3944
5095,3968
5100,3991
5132,3998
5141,4019
5167,4037
5184,4104
5232,4104
5253,4143
5260,4154
5294,4204
5329,4239
5361,4278
5392,4276
5423,4329
5425,4360
5476,4400
5496,4446
5525,4482
5560,4512
5593,4566
5607,4556
5651,4627
5697,4660
5700,4689
5744,4740
5752,4749
5793,4774
5830,4836
5850,4840
5884,4876
5903,4883
5937,4930
5944,4944
5987,4942
6003,4975
6052,5002
6085,4997
6105,5017
6152,5045
6155,5056
6177,5083
6209,5087
6233,5099
6251,5109
6284,5128
6325,5143
6339,5159
6368,5171
6388,5189
6385,5189
6428,5209
6452,5230
6479,5229
6493,5241
6526,5259
6549,5243
6574,5298
6589,5307
6631,5316
6638,5347
6653,5370
6669,5393
6690,5405
6735,5431
6734,5442
6767,5461
6773,5481
6787,5514
6806,5521
6845,5531
6832,5553
6856,5552
6901,5582
6904,5585
6930,5624
6937,5610
6950,5638
6996,5674
6985,5670
6999,5674
7030,5682
7033,5689
7036,5698
7061,5701
7081,5687
7110,5696
7119,5703
7142,5700
7160,5712
7187,5723
7218,5729
7222,5742
7232,5742
7262,5742
7311,5763
7323,5779
7330,5780
7364,5793
7377,5785
7410,5817
7431,5835
7461,5849
7478,5851
7499,5885
7533,5909
7574,5938
7583,5950
7616,5986
7633,6040
7691,6025
7695,6069
7705,6069
7754,6093
7778,6140
7809,6163
7846,6170
7887,6201
7887,6233
7934,6245
7957,6281
7979,6303
8014,6291
8038,6317
8062,6337
8081,6343
8125,6344
8161,6354
8183,6369
8215,6367
8227,6410
8261,6387
8275,6396
8309,6422
8336,6429
8367,6452
8408,6444
8407,6469
8438,6500
8468,6480
8476,6537
8504,6528
8533,6535
8552,6566
8544,6570
8597,6602
8602,6617
8637,6637
8662,6666
8669,6687
8711,6717
8720,6725
8772,6752
8754,6776
8787,6794
8810,6788
8833,6819
8873,6839
8878,6845
8885,6866
8923,6869
8928,6892
8955,6897
8993,6918
8981,6923
9019,6927
9025,6918
9045,6942
9080,6936
9109,6940
9096,6952
9136,6948
9133,6954
9168,6960
9192,6981
9196,6996
9216,7016
9245,7000
9260,7024
9253,7037
9277,7059
9303,7052
9315,7095
9338,7094
9355,7139
9364,7140
9401,7180
9427,7187
9446,7230
9492,7254
9504,7280
9513,7282
9537,7319
9574,7348
9599,7371
9616,7373
9651,7401
9675,7420
9700,7441
9718,7472
9756,7478
9797,7526
9832,7530
9864,7560
9907,7578
9913,7600
9949,7626
9986,7668
10030,7671
10057,7699
10082,7714
10115,7721
10154,7788
10171,7801
10223,7820
10240,7870
10279,7894
10282,7935
10318,7969
10336,8008
10363,8028
10378,8081
10414,8114
10463,8138
10460,8180
10487,8193
10516,8224
10549,8288
10584,8307
10598,8328
10635,8349
10655,8391
10679,8399
10695,8448
10734,8482
10750,8466
10777,8488
10791,8504
10814,8533
10847,8561
10854,8599
10873,8603
10900,8614
10949,8645
10970,8664
10993,8685
11015,8676
11038,8758
11049,8779
11068,8797
11107,8846
11112,8847
11133,8891
11124,8932
11165,8955
11166,8971
11200,9026
11189,9049
11227,9069
11234,9078
11260,9110
11293,9122
11293,9162
11324,9177
11334,9180
11356,9241
11345,9253
11388,9245
11399,9278
11416,9296
11441,9281
11440,9293
11471,9327
11468,9350
11491,9358
11513,9355
11533,9377
11571,9412
11578,9440
11613,9477
11618,9501
11639,9513
11672,9564
11703,9608
11742,9663
11742,9692
11772,9766
11794,9774
11821,9837
11844,9914
11871,9961
11902,10011
11927,10056
11931,10116
11976,10140
11990,10188
12004,10219
12081,10291
12092,10338
12101,10363
12128,10424
12170,10436
12191,10453
12223,10501
12237,10528
12268,10548
12303,10595
12332,10624
12338,10622
12351,10698
12398,10711
12441,10747
12459,10802
12473,10855
12514,10880
12529,10899
12595,10953
12578,11000
12616,11029
12642,11127
12647,11143
12693,11205
12701,11232
12740,11294
12769,11331
12789,11360
12806,11428
12824,11466
12853,11516
12905,11529
12888,11578
12922,11577
12964,11605
12969,11633
13005,11660
12999,11676
13031,11703
13058,11733
13077,11731
13106,11766
13113,11746
13140,11781
13152,11807
13183,11825
13199,11852
13225,11837
13234,11846
13241,11853
13285,11875
13298,11922
13315,11923
13344,11960
13353,11996
13381,12019
13402,12054
13401,12078
13439,12103
13443,12121
13449,12134
13494,12166
13497,12206
13517,12203
13533,12255
13547,12294
13566,12316
13585,12330
13608,12360
13601,12378
13634,12389
13660,12413
13675,12436
13714,12437
13731,12441
13735,12455
13765,12478
13773,12498
13830,12508
13829,12531
13854,12539
13874,12548
13903,12589
13924,12596
13958,12611
13967,12603
14015,12637
14029,12666
14064,12688
14092,12696
14099,12745
14158,12784
14182,12778
14222,12827
14246,12857
14271,12886
14299,12920
14322,12966
14383,12988
14408,13010
14431,13046
14467,13098
14464,13115
14508,13142
14537,13177
14560,13218
14585,13225
14629,13268
14632,13310
14679,13329
14703,13352
14722,13392
14757,13389
14784,13422
14828,13428
14821,13429
14846,13473
14890,13485
14919,13476
14948,13506
14958,13506
15015,13540
15014,13537
15039,13564
15071,13560
15104,13556
15111,13597
15137,13585
15128,13580
15166,13604
15208,13649
15220,13643
15251,13619
15274,13643
15280,13692
15303,13687
15320,13700
15338,13690
15357,13715
15385,13752
15404,13763
15423,13793
15460,13811
15448,13802
15505,13813
15519,13846
15534,13869
15540,13870
15544,13890
15586,13923
15598,13928
15603,13935
15622,13949
15650,13967
15645,13987
15666,13990
15684,14014
15707,14026
15712,14022
15746,14048
15743,14062
15782,14050
15800,14073
15812,14072
15842,14062
15876,14100
15907,14090
15883,14103
15910,14115
15943,14130
15948,14102
15992,14131
15993,14151
16035,14140
16052,14168
16083,14201
16105,14178
16138,14200
16156,14212
16181,14219
16198,14245
16240,14256
16282,14252
16305,14264
16300,14304
16359,14311
16358,14335
3,14359
50,14382
41,14398
100,14431
131,14437
141,14465
184,14486
194,14512
241,14552
261,14576
288,14595
315,14614
353,14643
382,14674
404,14706
443,14705
448,14728
470,14728
517,14745
519,14757
558,14783
578,14794
613,14836
630,14842
654,14876
675,14885
699,14900
730,14892
775,14922
793,14942
822,14939
841,14952
871,14961
898,14997
914,14971
926,14990
959,15005
984,15017
1023,15033
1028,15021
1049,15042
1060,15054
1096,15066
1117,15069
1124,15097
1146,15126
1192,15106
1195,15135
1215,15134
1232,15162
1260,15176
1275,15181
1262,15206
1312,15227
1333,15225
1337,15245
1362,15285
1368,15283
1403,15269
1390,15305
1415,15329
1432,15355
1446,15361
1461,15378
1484,15386
1516,15404
1541,15429
1565,15460
1572,15466
1614,15482
1589,15493
1627,15519
1660,15542
1688,15552
1703,15577
1717,15577
1738,15604
1772,15618
1769,15644
1794,15656
1834,15693
1866,15691
1889,15718
1920,15738
1930,15771
1975,15781
2013,15822
2039,15826
2065,15845
2088,15871
2130,15910
2180,15926
2192,15972
2210,15971
2252,15998
2263,16021
2298,16054
2338,16080
2380,16080
2414,16148
2420,16171
2473,16187
2501,16222
2518,16242
2556,16294
2571,16311
2612,16355
2634,16374
2690,28
2693,61
2712,111
2744,149
2772,186
2810,226
2820,242
2832,276
2871,308
2879,347
2915,355
2944,404
2976,492
2997,505
3025,513
3050,590
3080,578
3109,615
3140,649
3137,654
3166,718
3210,723
3196,783
3240,786
3246,805
3255,847
3268,868
3314,915
3330,913
3356,955
3377,942
3377,973
3434,986
3434,1020
3445,1047
3471,1063
3500,1066
3514,1070
3511,1104
3538,1144
3562,1157
3588,1155
3603,1166
3612,1204
3615,1213
3621,1227
3630,1242
3688,1282
3689,1285
3703,1309
3750,1338
3743,1370
3788,1408
3797,1435
3802,1480
3824,1453
3845,1519
3869,1535
3892,1582
3904,1610
3931,1658
3945,1735
3968,1751
4003,1773
4017,1835
4037,1875
4063,1896
4076,1993
4126,2038
4128,2069
4152,2120
4183,2158
4221,2206
4250,2253
4264,2301
4303,2325
4309,2391
4358,2412
4390,2450
4393,2501
4425,2549
4462,2596
4491,2635
4500,2661
4533,2701
4544,2742
4589,2799
4629,2805
4650,2856
4694,2883
4715,2900
4729,2968
4770,2983
4814,3027
4819,3062
4866,3078
4870,3114
4911,3117
4921,3153
4950,3163
4958,3203
4991,3243
5015,3272
5050,3309
5064,3353
5095,3364
5109,3438
5152,3456
5189,3492
5185,3532
5226,3530
5241,3579
5273,3633
5292,3644
5302,3689
5331,3699
5372,3754
5382,3768
5371,3821
5408,3840
5434,3875
5433,3928
5466,3924
5498,3982
5520,4008
5545,3995
5560,4064
5579,4074
5607,4085
5614,4108
5647,4145
5637,4152
5664,4142
5698,4172
5696,4171
5718,4197
5740,4199
5751,4209
5770,4204
5779,4225
5793,4202
5817,4235
5838,4256
5880,4277
5877,4272
5886,4294
5938,4316
5946,4296
5944,4319
5980,4324
5987,4344
6041,4359
6056,4404
6075,4382
6089,4413
6098,4462
6133,4478
6167,4505
6184,4537
6213,4566
6233,4607
6263,4646
6285,4649
6309,4702
6347,4724
6374,4740
6405,4801
6452,4822
6478,4872
6509,4883
6530,4934
6563,4945
6597,4991
6633,5030
6665,5061
6671,5067
6744,5094
6741,5136
6781,5165
6767,5157
6824,5185
6829,5195
6884,5214
6905,5250
6946,5227
6984,5255
6999,5309
7036,5307
7064,5315
7095,5321
7111,5328
7132,5354
7161,5351
7192,5360
7219,5377
7243,5389
7262,5405
7285,5411
7293,5442
7326,5430
7353,5455
7402,5474
7425,5502
7408,5531
7454,5545
7471,5554
7485,5579
7521,5610
7545,5617
7560,5631
7576,5669
7595,5705
7622,5713
7657,5737
7663,5743
7672,5766
7697,5791
7724,5782
7741,5813
7766,5828
7794,5842
7801,5862
7822,5857
7838,5856
7852,5864
7884,5879
7909,5868
7929,5875
7933,5877
7961,5869
7965,5877
7971,5879
7999,5901
8028,5912
8050,5902
8050,5916
8073,5933
8077,5923
8116,5938
8118,5946
8144,5958
8158,5963
8183,5983
8210,5988
8225,5991
8256,6018
8277,6044
8288,6083
8300,6094
8340,6105
8370,6118
8371,6147
8399,6171
8424,6198
8463,6217
8486,6246
8522,6252
8526,6281
8566,6326
8603,6342
8625,6356
8657,6381
8701,6390
8732,6413
8763,6410
8784,6429
8816,6461
8856,6465
8881,6450
8913,6477
8945,6487
8963,6506
8990,6506
9005,6520
9044,6548
9078,6552
9099,6577
9099,6596
9151,6609
9176,6622
9195,6622
9233,6667
9246,6689
9285,6721
9317,6723
9308,6737
9333,6771
9362,6794
9399,6805
9424,6839
9428,6874
9457,6902
9468,6888
9521,6919
9540,6950
9546,6963
9579,6971
9605,6986
9633,7007
9657,7030
9688,7051
9703,7051
9739,7047
9751,7060
9766,7086
9791,7096
9839,7084
9830,7110
9839,7099
9882,7133
9899,7117
9897,7144
9926,7132
9967,7183
9973,7196
9991,7199
10016,7216
10039,7220
10056,7246
10062,7253
10093,7260
10110,7298
10117,7314
10148,7332
10145,7340
10173,7365
10170,7372
10192,7414
10214,7415
10229,7435
10239,7462
10272,7493
10303,7493
10298,7540
10331,7518
10344,7556
10388,7571
10409,7586
10438,7596
10455,7600
10477,7630
10531,7631
10531,7684
10572,7672
10590,7700
10622,7710
10649,7723
10676,7761
10707,7787
10709,7832
10769,7860
10775,7895
10828,7918
10854,7943
10886,7999
10931,8023
10952,8053
10972,8092
11010,8167
11032,8166
11077,8226
11094,8278
11126,8309
11152,8336
11164,8366
11190,8410
11216,8456
11250,8458
11278,8512
11311,8525
11338,8569
11363,8588
11404,8593
11429,8656
11448,8660
11491,8695
11492,8716
11524,8751
11571,8749
11595,8810
11626,8826
11638,8837
11665,8895
11692,8916
11713,8965
11732,8968
11747,9019
11757,9091
11802,9124
11817,9141
11854,9182
11861,9253
11892,9277
11909,9317
11956,9373
11961,9381
11964,9412
11987,9435
12000,9449
12038,9474
12045,9513
12088,9544
12069,9562
12098,9554
12113,9618
12137,9637
12176,9626
12165,9617
12200,9671
12212,9666
12255,9668
12263,9689
12265,9706
12282,9713
12303,9734
12323,9745
12347,9803
12342,9833
12354,9823
12372,9869
12405,9888
12400,9920
12436,9979
12446,9997
12468,10050
12493,10111
12504,10146
12528,10190
12558,10230
12581,10269
12592,10283
12627,10363
12663,10385
12674,10434
12675,10448
12718,10473
12743,10545
12737,10575
12772,10580
12813,10597
12818,10649
12871,10655
12878,10728
12922,10718
12938,10767
12973,10792
13019,10825
13050,10848
13083,10889
13098,10965
13129,10999
13160,11049
13190,11085
13207,11140
13242,11168
13277,11225
13312,11277
13329,11325
13356,11358
13375,11413
13395,11461
13430,11467
13467,11562
13476,11616
13505,11655
13517,11681
13552,11764
13587,11775
13606,11819
13663,11848
13668,11839
13684,11879
13707,11897
13738,11928
13757,11951
13796,11963
13813,12001
13843,11999
13837,12016
13875,12039
13902,12045
13919,12055
13950,12070
13982,12104
13985,12104
14019,12144
14025,12152
14050,12182
14079,12193
14093,12213
14112,12214
14133,12276
14147,12307
14202,12334
14203,12354
14218,12399
14218,12398
14249,12441
14278,12492
14281,12503
14322,12536
14344,12542
14347,12561
14366,12610
14402,12611
14409,12626
14444,12658
14435,12667
14466,12700
14467,12702
14499,12742
14521,12726
14546,12738
14567,12764
14566,12736
14567,12757
14608,12771
14622,12781
14649,12807
14645,12808
14694,12792
14709,12838
14718,12853
14775,12874
14783,12842
14812,12885
14849,12904
14869,12913
14884,12932
14907,12947
14937,12981
14968,13018
15005,13030
15009,13059
15034,13084
15077,13143
15114,13146
15156,13176
15157,13217
15191,13234
15229,13269
15241,13316
15290,13336
15325,13365
15357,13406
15391,13421
15437,13447
15455,13512
15489,13517
15487,13553
15533,13583
15558,13597
15601,13621
15620,13634
15654,13655
15691,13671
15704,13672
15732,13709
15756,13712
15783,13729
15814,13730
15825,13761
15865,13759
15886,13761
15917,13787
15953,13799
15950,13809
15983,13813
16017,13821
16048,13836
16055,13836
16067,13854
16104,13880
16139,13888
16141,13890
16154,13902
16188,13904
16209,13905
16216,13945
16254,13964
16287,13960
16286,13995
16312,14005
16345,14023
16353,14029
16368,14070
16,14079
29,14105
55,14112
60,14126
71,14143
80,14171
122,14174
126,14184
133,14205
174,14226
181,14227
204,14240
230,14230
240,14268
269,14278
268,14289
278,14305
309,14309
317,14320
354,14325
362,14335
379,14351
412,14354
426,14360
453,14362
474,14380
481,14371
509,14393
527,14395
558,14405
578,14396
615,14433
625,14428
662,14450
689,14449
697,14487
712,14496
760,14484
787,14523
811,14534
868,14533
871,14551
902,14586
924,14606
936,14623
972,14638
1005,14647
1028,14672
1051,14692
1076,14723
1120,14751
1138,14781
1175,14803
1191,14815
1234,14860
1264,14892
1284,14907
1313,14933
1351,14948
1356,14974
1409,15010
1414,15014
1438,15032
1469,15043
1509,15079
1518,15084
1536,15120
1567,15111
1599,15143
1615,15153
1654,15174
1683,15177
1723,15203
1732,15228
1758,15258
1769,15251
1811,15283
1838,15288
1852,15301
1875,15312
1905,15325
1904,15333
1930,15360
1962,15367
1986,15381
1999,15383
2026,15391
2057,15403
2082,15413
2101,15423
2120,15464
2163,15433
2170,15478
2192,15474
2214,15490
2219,15515
2237,15519
2266,15546
2271,15560
2301,15574
2310,15592
2324,15614
2349,15597
2367,15639
2394,15664
2408,15668
2422,15699
2441,15699
2470,15702
2470,15758
2489,15745
2533,15763
2519,15793
2562,15808
2573,15835
2577,15842
2613,15863
2630,15913
2638,15918
2659,15945
2689,15971
2719,15989
2733,16018
2759,16049
2772,16050
2812,16112
2826,16137
2891,16131
2897,16158
2928,16185
2961,16226
2977,16224
3015,16267
3042,16310
3070,16310
3087,16328
3093,16382
3165,9
3187,69
3213,99
3266,114
3262,165
3318,175
3341,216
3381,256
3404,293
3438,325
3479,392
3499,390
3532,427
3564,436
3589,489
3603,536
3620,580
3658,598
3695,647
3696,659
3740,696
3776,762
3787,801
3836,800
3836,871
3879,889
3911,948
3914,996
3944,996
3969,1077
4001,1101
4020,1120
4048,1194
4051,1198
4065,1243
4108,1294
4141,1304
4164,1363
4152,1408
4170,1434
4200,1442
4231,1487
4227,1521
4272,1566
4288,1553
4301,1588
4334,1614
4356,1625
4366,1645
4380,1706
4403,1727
4444,1745
4441,1752
4479,1783
4476,1794
4482,1857
4519,1838
4525,1827
4536,1845
4562,1863
4577,1926
4605,1878
4589,1936
4610,1933
4641,1966
4665,1984
4672,2018
4722,2024
4715,2057
4759,2079
4774,2123
4808,2172
4805,2151
4818,2205
4830,2248
4856,2298
4877,2308
4917,2346
4915,2383
4951,2415
4987,2481
4996,2490
5020,2560
5059,2585
5111,2649
5124,2712
5120,2754
5169,2773
5180,2900
5224,2909
5277,2933
5275,2992
5308,3024
5330,3094
5350,3149
5368,3180
5411,3212
5449,3252
5479,3285
5496,3342
5534,3372
5539,3381
5581,3411
5612,3455
5630,3492
5665,3518
5698,3533
5714,3569
5739,3583
5787,3627
5794,3638
5805,3667
5859,3723
5871,3708
5897,3742
5931,3774
5952,3774
5968,3805
6002,3820
6015,3831
6057,3909
6071,3894
6089,3931
6126,3963
6145,3980
6148,4019
6211,4038
6211,4100
6236,4114
6256,4123
6261,4166
6284,4180
6312,4204
6351,4232
6372,4279
6386,4283
6399,4343
6425,4358
6446,4396
6462,4389
6487,4431
6510,4451
6534,4487
6543,4485
6568,4532
6594,4532
6632,4583
6649,4572
6646,4576
6675,4594
6686,4607
6704,4619
6743,4627
6737,4657
6776,4655
6783,4675
6778,4653
6783,4689
6850,4684
6857,4686
6854,4702
6893,4697
6903,4705
6926,4710
6948,4740
6949,4769
6983,4766
7017,4762
7053,4783
7070,4806
7082,4820
7111,4840
7139,4859
7176,4892
7177,4903
7201,4931
7216,4968
7261,4999
7280,5023
7324,5046
7353,5093
7380,5115
7408,5144
7427,5159
7456,5191
7486,5232
7505,5244
7548,5282
7591,5310
7639,5365
7638,5369
7689,5403
7712,5412
7738,5450
7786,5488
7806,5503
7824,5513
7837,5509
7874,5543
7904,5542
7947,5572
7979,5585
8006,5582
8024,5627
8041,5637
8088,5616
8125,5642
8142,5641
8154,5665
8170,5667
8219,5683
8237,5706
8253,5723
8269,5709
8289,5737
8308,5751
8347,5749
8360,5757
8369,5798
8414,5824
8444,5848
8455,5851
8476,5872
8482,5892
8521,5916
8530,5928
8562,5950
8588,5969
8598,5987
8605,5990
8650,6027
8651,6026
8685,6051
8692,6053
8715,6091
8739,6074
8741,6121
8787,6109
8798,6139
8827,6131
8856,6136
8844,6152
8885,6141
8889,6147
8901,6135
8937,6158
8936,6180
8963,6141
8984,6166
8967,6170
9024,6176
9039,6188
9038,6204
9074,6207
9089,6190
9100,6220
9131,6233
9159,6253
9158,6245
9191,6281
9204,6292
9235,6334
9256,6329
9299,6369
9304,6365
9318,6388
9342,6421
9369,6454
9388,6479
9417,6500
9435,6507
9478,6528
9511,6540
9554,6560
9554,6592
9616,6597
9634,6620
9664,6645
9705,6666
9734,6685
9753,6693
9795,6707
9814,6729
9854,6750
9866,6746
9893,6773
9912,6769
9955,6792
9980,6794
10013,6795
10026,6842
10045,6862
10103,6873
10126,6881
10159,6897
10161,6926
10194,6958
10231,6965
10256,7001
10265,7017
10304,7036
10301,7064
10328,7076
10354,7110
10365,7141
10398,7177
10431,7195
10449,7221
10478,7232
10499,7249
10531,7262
10553,7283
10569,7302
10608,7320
10631,7330
10653,7334
10659,7346
10696,7369
10701,7385
10730,7394
10760,7414
10767,7418
10801,7425
10823,7417
10829,7434
10856,7454
10863,7460
10892,7506
10905,7503
10945,7520
10959,7545
10980,7547
11019,7586
11008,7603
11036,7606
11053,7626
11088,7666
11079,7676
11108,7684
11121,7728
11111,7702
11149,7762
11147,7772
11169,7805
11202,7814
11216,7838
11254,7843
11258,7852
11284,7880
11301,7907
11322,7899
11357,7933
11389,7922
11397,7961
11423,7977
11452,8005
11479,8034
11506,8059
11525,8071
11548,8105
11582,8132
11601,8118
11636,8155
11643,8173
11690,8221
11704,8274
11731,8321
11781,8324
11816,8366
11812,8434
11874,8470
11896,8527
11923,8565
11941,8597
11970,8654
12017,8683
12058,8741
12065,8803
12080,8854
12124,8838
12140,8880
12182,8926
12195,8991
12236,9025
12251,9051
12279,9079
12316,9089
12334,9105
12361,9152
12391,9165
12408,9217
12449,9197
12448,9280
12493,9327
12526,9332
12552,9358
12580,9390
12587,9436
12613,9484
12640,9504
12653,9523
12680,9599
12710,9633
12733,9679
12750,9715
12789,9765
12784,9794
12821,9855
12850,9896
12862,9916
12871,9984
12912,9964
12943,10027
12949,10075
12962,10065
12976,10120
13020,10139
13001,10145
13020,10210
13045,10205
13064,10234
13082,10256
13113,10245
13139,10286
13149,10263
13172,10286
13183,10318
13224,10324
13218,10321
13237,10365
13267,10356
13269,10385
13278,10425
13279,10447
13338,10462
13350,10490
13357,10513
13378,10569
13381,10583
13386,10642
13421,10667
13443,10710
13449,10749
13481,10803
13519,10857
13507,10872
13556,10918
13568,10969
13616,11015
13628,11038
13637,11064
13646,11094
13676,11139
13710,11149
13710,11172
13749,11248
13784,11243
13815,11281
13842,11289
13870,11314
13875,11347
13902,11370
13939,11415
13963,11403
13982,11468
14041,11508
14076,11521
14085,11545
14134,11579
14145,11643
14199,11685
14220,11740
14222,11763
14245,11777
14276,11831
14301,11862
14352,11918
14356,11973
14383,12015
14438,12045
14453,12099
14474,12106
14494,12142
14525,12205
14516,12247
14565,12277
14613,12303
14632,12360
14656,12371
14668,12401
14702,12383
14725,12425
14738,12446
14755,12491
14797,12480
14814,12522
14845,12525
14834,12543
14891,12552
14881,12561
14932,12571
14942,12576
14972,12609
14982,12599
14992,12581
15029,12607
15054,12628
15078,12640
15092,12688
15120,12657
15136,12711
15161,12724
15149,12724
15189,12779
15215,12778
15213,12807
15244,12816
15258,12846
15278,12882
15295,12923
15319,12905
15339,12939
15357,12965
15377,12982
15395,13011
15415,13012
15446,13040
15455,13075
15474,13082
15492,13081
15501,13115
15541,13137
15556,13152
15572,13187
15589,13193
15605,13193
15628,13220
15637,13256
15671,13240
15715,13249
15724,13269
15748,13268
15765,13300
15790,13268
15818,13314
15841,13324
15888,13322
15908,13354
15913,13367
15956,13354
15992,13398
15989,13378
16036,13433
16051,13434
16069,13447
16116,13472
16143,13479
16181,13511
16191,13527
16229,13556
16263,13601
16286,13615
16332,13658
16362,13672
6,13700
32,13718
65,13749
62,13778
100,13814
135,13815
178,13861
182,13875
215,13895
225,13907
266,13950
278,13967
338,13989
362,14006
394,14022
409,14066
437,14085
462,14092
491,14089
510,14120
528,14127
549,14138
581,14169
616,14155
650,14177
657,14186
693,14179
704,14198
713,14213
754,14209
770,14245
772,14240
819,14236
824,14257
858,14252
881,14275
896,14257
928,14280
925,14287
959,14297
988,14315
995,14309
1006,14327
1016,14330
1044,14354
1063,14365
1097,14371
1104,14380
1105,14391
1133,14415
1137,14433
1146,14446
1185,14467
1193,14465
1226,14486
1228,14510
1262,14504
1278,14528
1288,14550
1302,14562
1323,14556
1346,14598
1370,14614
1381,14623
1395,14626
1402,14632
1446,14657
1477,14674
1497,14703
1512,14705
1523,14725
1549,14729
1592,14736
1601,14767
1639,14768
1661,14794
1694,14816
1721,14831
1741,14849
1772,14865
1788,14865
1837,14876
1848,14861
1883,14899
1903,14925
1933,14921
1968,14966
1996,14956
2049,14987
2053,15007
2096,15012
2130,15034
2167,15055
2164,15083
2223,15098
2229,15127
2263,15137
2280,15148
2314,15160
2327,15204
2365,15225
2409,15238
2432,15256
2439,15278
2471,15279
2504,15332
2512,15354
2561,15353
2586,15405
2604,15419
2621,15450
2657,15459
2689,15485
2694,15500
2703,15511
2751,15560
2760,15576
2799,15598
2801,15634
2837,15656
2842,15667
2850,15692
2895,15704
2899,15728
2940,15741
2958,15757
2975,15768
3023,15780
3040,15793
3041,15806
3047,15832
3112,15854
3122,15850
3140,15852
3152,15878
3170,15898
3190,15929
3215,15921
3235,15935
3233,15942
3258,15972
3281,15985
3305,15979
3322,16010
3362,16002
3385,16002
3409,16043
3412,16059
3418,16069
3453,16085
3479,16097
3496,16110
3504,16138
3524,16143
3535,16173
3548,16192
3566,16196
3589,16239
3611,16277
3634,16308
3658,16320
3673,16366
3699,11
3708,20
3747,52
3765,64
3813,125
3838,144
3853,186
3865,201
3904,237
3919,277
3935,311
3963,342
3974,377
4028,427
4045,473
4083,499
4096,554
4126,558
4175,650
4201,667
4225,700
4249,749
4277,762
4301,823
4344,848
4355,859
4408,905
4449,961
4469,976
4483,1033
4516,1053
4540,1049
4561,1109
4587,1156
4625,1178
4655,1218
4677,1235
4697,1285
4740,1358
4759,1397
4792,1433
4798,1438
4846,1503
4869,1512
4874,1563
4904,1590
4956,1634
4964,1699
5000,1727
4987,1767
5045,1803
5042,1844
5069,1891
5087,1944
5102,1952
5134,1984
5163,2045
5150,2096
5194,2087
5222,2140
5222,2179
5254,2238
5288,2251
5297,2272
5321,2295
5330,2314
5354,2372
5351,2357
5387,2413
5410,2440
5418,2441
5440,2478
5458,2470
5462,2493
5481,2534
5504,2538
5513,2570
5538,2556
5563,2591
5578,2598
5602,2628
5616,2637
5611,2663
5646,2672
5676,2674
5669,2678
5711,2699
5727,2740
5746,2725
5763,2783
5786,2818
5819,2864
5825,2890
5837,2913
5872,2940
5885,2963
5905,3022
5914,3042
5947,3065
5979,3118
5994,3155
6030,3184
6067,3257
6099,3293
6118,3341
6138,3368
6173,3434
6216,3434
6226,3486
6261,3545
6291,3608
6306,3622
6331,3702
6350,3707
6344,3787
6421,3795
6431,3845
6456,3893
6500,3915
6541,3954
6570,3933
6607,3964
6619,4008
6652,4046
6675,4044
6681,4087
6724,4096
6749,4133
6791,4130
6806,4175
6819,4182
6857,4191
6868,4220
6909,4251
6938,4269
6954,4291
6973,4295
7004,4305
7016,4300
7063,4329
7056,4351
7112,4404
7120,4414
7144,4450
7149,4483
7189,4479
7214,4514
7228,4543
7259,4580
7275,4569
7279,4617
7313,4656
7341,4679
7343,4689
7358,4721
7376,4758
7439,4777
7435,4788
7446,4813
7485,4846
7502,4853
7521,4875
7528,4896
7562,4882
7589,4914
7593,4933
7600,4922
7651,4936
7650,4945
7646,4944
7681,4967
7706,4951
7707,4978
7741,4987
7760,4991
7765,4992
7776,4992
7800,4993
7831,5022
7853,5018
7872,5025
7896,5042
7908,5044
7940,5063
7957,5059
7974,5084
7985,5109
8041,5149
8047,5160
8055,5201
8066,5219
8097,5236
8110,5252
8141,5289
8183,5311
8192,5333
8243,5383
8243,5381
8285,5426
8299,5454
8356,5452
8368,5506
8401,5527
8428,5549
8447,5551
8508,5576
8510,5603
8565,5610
8577,5616
8597,5659
8645,5652
8663,5672
8687,5672
8738,5707
8772,5700
8784,5714
8828,5726
8857,5752
8902,5768
8945,5777
8938,5790
8952,5806
8985,5823
9000,5846
9047,5850
9071,5869
9087,5885
9110,5907
9118,5936
9161,5952
9180,5988
9195,6003
9241,6022
9258,6044
9265,6034
9296,6092
9312,6097
9357,6117
9366,6134
9409,6157
9426,6161
9427,6161
9458,6202
9484,6204
9508,6223
9531,6230
9550,6254
9575,6254
9584,6257
9589,6267
9623,6261
9658,6276
9667,6277
9676,6275
9706,6264
9731,6287
9743,6281
9773,6308
9782,6310
9810,6339
9830,6310
9843,6325
9868,6352
9880,6348
9881,6355
9888,6390
9899,6386
9928,6393
9944,6409
9964,6429
9985,6449
9999,6463
10009,6497
10028,6496
10061,6522
10066,6554
10105,6551
10129,6557
10142,6590
10176,6607
10208,6624
10221,6641
10227,6649
10254,6662
10278,6679
10300,6687
10325,6712
10365,6705
10366,6712
10387,6745
10432,6742
10452,6752
10485,6787
10540,6764
10523,6789
10577,6829
10617,6819
10645,6840
10664,6867
10670,6898
10728,6914
10726,6919
10762,6934
10815,6970
10828,6995
10852,7036
10886,7056
10922,7066
10933,7126
10953,7122
10990,7160
11003,7198
11048,7220
11073,7241
11097,7271
11119,7271
11141,7291
11166,7315
11199,7349
11236,7366
11243,7401
11287,7412
11278,7428
11326,7449
11334,7456
11355,7466
11388,7488
11433,7484
11443,7485
11488,7512
11497,7539
11540,7517
11535,7561
11547,7578
11595,7597
11599,7619
11630,7636
11647,7654
11671,7674
11686,7712
11684,7711
11712,7754
11721,7782
11748,7787
11781,7811
11800,7833
11820,7878
11849,7887
11852,7911
11897,7948
11905,7956
11921,7967
11939,7992
11949,8010
11987,8018
11990,8038
12021,8037
12021,8055
12027,8077
12067,8078
12088,8095
12075,8121
12106,8123
12143,8145
12158,8152
12159,8169
12208,8157
12235,8179
12229,8210
12263,8210
12273,8265
12296,8276
12325,8319
12324,8339
12373,8367
12376,8405
12403,8427
12420,8481
12438,8530
12471,8551
12500,8573
12501,8626
12528,8652
12565,8685
12580,8741
12604,8767
12643,8801
12646,8854
12693,8881
12715,8905
12753,8963
12785,8982
12811,8978
12855,9055
12850,9084
12919,9095
12934,9125
12951,9173
12994,9164
13009,9239
13027,9280
13076,9326
13113,9373
13124,9393
13182,9445
13189,9515
13222,9572
13265,9595
13244,9644
13291,9669
13342,9742
13370,9802
13382,9846
13383,9911
13448,9970
13470,10032
13499,10036
13509,10118
13535,10127
13556,10162
13589,10209
13593,10212
13626,10268
13657,10290
13682,10321
13685,10359
13713,10376
13732,10406
13749,10402
13750,10425
13807,10448
13810,10474
13825,10478
13856,10514
13868,10540
13893,10527
13914,10543
13933,10591
13957,10631
13974,10640
13979,10657
14007,10710
14026,10758
14056,10782
14052,10808
14085,10842
14110,10883
14119,10911
14130,10934
14161,10993
14163,11030
14180,11074
14195,11079
14214,11111
14238,11128
14275,11189
14270,11199
14281,11209
14320,11243
14335,11249
14337,11250
14354,11294
14382,11329
14412,11327
14410,11338
14433,11365
14472,11408
14476,11403
14517,11429
14540,11481
14565,11471
14581,11507
14600,11532
14619,11511
14642,11527
14661,11553
14709,11594
14724,11645
14729,11685
14770,11719
14794,11774
14808,11789
14820,11820
14843,11844
14903,11905
14928,11939
14945,12011
14994,12053
15016,12064
15035,12111
15066,12128
15100,12202
15111,12221
15142,12278
15176,12317
15227,12359
15239,12387
15267,12403
15292,12444
15310,12474
15349,12480
15378,12507
15406,12544
15443,12565
15432,12588
15493,12592
15481,12601
15522,12608
15580,12648
15581,12681
15606,12681
15625,12697
15643,12703
15686,12727
15697,12756
15692,12765
15736,12767
15757,12770
15773,12786
15798,12804
15833,12839
15828,12845
15865,12874
15885,12895
15913,12899
15938,12920
15949,12972
15966,12990
15996,13000
16007,13032
16022,13040
16054,13067
16076,13106
16103,13125
16097,13146
16133,13172
16142,13168
16156,13192
16183,13215
16178,13241
16242,13265
16233,13303
16266,13299
16288,13315
16313,13315
16328,13364
16348,13347
16353,13363
0,13357
12,13379
45,13368
62,13386
63,13408
89,13401
100,13422
140,13414
151,13410
155,13423
188,13442
191,13440
219,13451
234,13464
279,13485
285,13506
312,13513
344,13504
377,13535
388,13545
411,13541
434,13577
470,13591
454,13620
498,13641
510,13648
548,13673
596,13725
597,13735
619,13748
653,13771
693,13813
722,13826
756,13851
791,13881
822,13905
852,13946
880,13940
907,13972
926,13996
972,14012
987,14049
1023,14070
1046,14077
1091,14135
1117,14127
1137,14162
1176,14194
1191,14181
1223,14218
1262,14222
1287,14244
1323,14243
1334,14247
1375,14273
1410,14266
1441,14292
1461,14296
1466,14298
1504,14330
1532,14340
1557,14353
1567,14356
1604,14361
1615,14363
1628,14384
1644,14410
1652,14405
1683,14413
1730,14423
1743,14414
1757,14438
1776,14464
1782,14456
1827,14481
1834,14495
1870,14507
1879,14535
1885,14524
1906,14541
1920,14563
1945,14569
1977,14601
1984,14614
2002,14632
2011,14647
2033,14658
2048,14684
2060,14698
2069,14721
2090,14699
2118,14747
2136,14734
2171,14763
2175,14779
2196,14770
2219,14791
2219,14799
2254,14816
2280,14822
2289,14832
2292,14855
2312,14874
2339,14881
2362,14877
2382,14892
2388,14900
2415,14927
2453,14923
2452,14926
2490,14942
2533,14957
2569,14981
2572,14974
2600,15010
2603,15009
2651,15037
2688,15022
2716,15042
2708,15053
2759,15065
2756,15103
2802,15120
2813,15117
2831,15155
2870,15170
2914,15198
2924,15215
2954,15246
2993,15262
3021,15283
3038,15290
3076,15310
3082,15339
3116,15373
3152,15399
3184,15404
3204,15439
3239,15467
3262,15514
3273,15533
3297,15572
3338,15570
3350,15611
3391,15634
3412,15661
3436,15693
3471,15717
3495,15749
3524,15758
3544,15781
3575,15798
3579,15844
3615,15840
3642,15857
3646,15879
3694,15876
3716,15924
3731,15937
3767,15954
3782,15969
3802,15986
3817,16010
3830,16007
3854,16017
3884,16050
3917,16043
3920,16087
3952,16102
3970,16114
4005,16135
4010,16148
4042,16157
4065,16165
4080,16186
4096,16207
4120,16239
4132,16239
4156,16253
4162,16272
4190,16312
4197,16317
4224,16350
4220,16358
4261,12
4280,33
4300,47
4333,61
4349,106
4349,132
4370,154
4399,185
4403,213
4407,251
4451,264
4460,282
4477,309
4498,315
4522,358
4541,364
4578,406
4570,438
4595,458
4625,491
4644,502
4655,553
4689,569
4720,612
4728,594
4777,659
4792,683
4828,709
4844,760
4867,792
4905,816
4929,843
4961,871
4995,890
5012,912
5042,966
5081,1015
5085,1030
5128,1095
5141,1127
5183,1203
5208,1197
5248,1254
5267,1307
5320,1341
5332,1374
5346,1405
5411,1498
5432,1511
5448,1552
5493,1617
5522,1688
5539,1745
5574,1800
5601,1830
5629,1905
5658,1935
5698,1978
5715,2039
5736,2074
5734,2133
5773,2207
5808,2213
5836,2272
5871,2297
5892,2359
5892,2394
5930,2430
5937,2445
5970,2504
5989,2506
5997,2535
6046,2570
6040,2571
6074,2596
6093,2612
6113,2674
6137,2677
6152,2705
6192,2725
6202,2733
6217,2744
6246,2787
6253,2780
6267,2807
6294,2794
6317,2850
6333,2860
6342,2892
6362,2895
6381,2959
6388,2966
6430,2978
6445,2984
6453,3023
6486,3050
6494,3048
6500,3080
6547,3120
6554,3151
6587,3156
6589,3213
6622,3258
6615,3279
6663,3303
6654,3308
6688,3360
6711,3393
6710,3446
6759,3450
6777,3505
6774,3557
6802,3598
6824,3593
6858,3656
6867,3680
6897,3685
6920,3734
6960,3768
6985,3798
7011,3804
7017,3855
7059,3869
7106,3905
7114,3901
7151,3951
7177,3945
7224,3975
7219,4013
7257,4029
7290,4077
7311,4089
7336,4098
7368,4112
7392,4127
7416,4169
7464,4188
7466,4205
7500,4222
7535,4251
7563,4277
7602,4320
7628,4358
7649,4391
7684,4415
7704,4436
7724,4476
7759,4523
7771,4563
7789,4559
7830,4604
7852,4629
7854,4666
7884,4702
7927,4731
7944,4744
7961,4770
7999,4796
8008,4832
8049,4870
8064,4870
8097,4910
8113,4909
8136,4929
8155,4941
8163,4955
8192,4957
8205,4976
8241,4981
8262,4999
8285,4996
8304,5018
8325,5013
8359,5036
8368,5055
8387,5042
8411,5058
8432,5076
8485,5073
8476,5074
8476,5073
8500,5098
8524,5104
8526,5119
8564,5134
8565,5139
8589,5153
8612,5193
8622,5204
8630,5248
8653,5233
8683,5263
8687,5304
8709,5310
8734,5330
8763,5348
8773,5380
8821,5383
8825,5410
8826,5444
8882,5445
8905,5477
8906,5484
8925,5510
8939,5510
8972,5534
9009,5543
9024,5550
9039,5547
9088,5573
9124,5572
9129,5576
9144,5584
9183,5611
9216,5616
9244,5625
9286,5636
9315,5656
9323,5669
9362,5672
9379,5687
9407,5714
9434,5735
9453,5729
9472,5755
9504,5792
9533,5815
9548,5818
9611,5864
9608,5885
9658,5920
9717,5933
9716,5971
9749,6001
9788,6019
9806,6048
9851,6063
9891,6083
9909,6114
9932,6146
9961,6156
9975,6175
10028,6206
10043,6229
10096,6236
10098,6259
10123,6244
10149,6261
10187,6277
10212,6288
10227,6275
10261,6268
10288,6278
10311,6297
10345,6306
10334,6339
10382,6350
10385,6359
10404,6359
10452,6370
10447,6361
10470,6372
10479,6378
10502,6411
10532,6422
10541,6452
10558,6449
10567,6483
10596,6487
10599,6521
10645,6529
10656,6546
10682,6561
10710,6588
10710,6600
10723,6607
10754,6634
10783,6654
10782,6632
10806,6653
10810,6691
10836,6664
10863,6712
10888,6720
10890,6713
10918,6712
10942,6714
10974,6732
10985,6738
10997,6734
11031,6739
11046,6743
11075,6751
11074,6772
11106,6785
11132,6784
11142,6800
11148,6804
11188,6834
11208,6844
11222,6884
11241,6878
11256,6909
11292,6926
11322,6966
11346,6979
11369,7019
11400,7016
11428,7054
11437,7069
11464,7120
11513,7127
11546,7166
11532,7177
11593,7192
11619,7211
11643,7239
11666,7258
11691,7284
11720,7298
11764,7325
11781,7336
11804,7372
11830,7382
11850,7399
11913,7408
11941,7436
11974,7447
11984,7480
12018,7488
12049,7493
12076,7504
12099,7561
12126,7584
12156,7619
12183,7651
12224,7663
12206,7686
12248,7723
12233,7743
12265,7758
12305,7802
12329,7813
12347,7837
12365,7881
12402,7926
12411,7934
12448,7966
12469,7992
12477,8014
12498,8032
12509,8050
12554,8056
12578,8071
12589,8088
12593,8127
12623,8115
12644,8145
12655,8148
12680,8168
12695,8173
12704,8211
12741,8223
12766,8198
12778,8243
12821,8265
12831,8274
12847,8301
12859,8310
12861,8341
12891,8352
12920,8401
12945,8429
12970,8453
12991,8488
12991,8500
13031,8521
13032,8563
13050,8609
13065,8633
13088,8632
13109,8665
13119,8689
13144,8723
13176,8755
13182,8764
13215,8806
13240,8806
13257,8824
13265,8862
13282,8882
13295,8922
13340,8942
13359,8946
13374,8969
13424,8985
13431,9040
13468,9065
13501,9082
13506,9112
13512,9168
13563,9193
13584,9220
13638,9268
13642,9324
13672,9340
13689,9387
13750,9477
13749,9511
13808,9573
13823,9611
13836,9686
13870,9749
13905,9791
13934,9830
13974,9916
13990,9956
14005,9978
14054,10026
14086,10090
14139,10168
14134,10154
14146,10244
14181,10265
14230,10305
14265,10328
14297,10377
14308,10390
14325,10474
14366,10474
14397,10517
14432,10533
14450,10544
14451,10559
14488,10597
14499,10660
14531,10668
14554,10708
14577,10737
14592,10763
14621,10793
14633,10840
14661,10876
14673,10935
14698,10911
14727,10991
14739,11012
14774,11047
14805,11103
14809,11153
14821,11203
14835,11214
14881,11265
14883,11287
14910,11331
14917,11361
14949,11365
14960,11389
14989,11418
15004,11427
15028,11457
15052,11504
15064,11513
15079,11514
15106,11512
15101,11551
15145,11579
15146,11580
15151,11584
15193,11582
15200,11597
15225,11601
15231,11616
15253,11645
15264,11642
15288,11664
15296,11700
15316,11692
15312,11712
15369,11737
15394,11771
15387,11820
15425,11865
15442,11882
15461,11895
15495,11941
15532,11976
15525,11992
15566,12077
15583,12079
15624,12114
15646,12162
15641,12175
15685,12232
15706,12265
15743,12296
15746,12332
15789,12376
15811,12405
15842,12401
15885,12437
15927,12457
15928,12480
15965,12511
15999,12539
16040,12563
16049,12553
16084,12612
16108,12622
16135,12652
16168,12665
16203,12680
16193,12695
16238,12730
16283,12754
16293,12763
16326,12776
16353,12806
16365,12801
0,12870
47,12871
64,12860
98,12926
127,12936
141,12967
169,12993
194,13008
225,13037
232,13044
251,13097
280,13100
298,13133
301,13157
332,13175
352,13219
389,13235
385,13240
428,13257
441,13303
475,13327
498,13338
539,13381
557,13381
580,13395
600,13410
595,13433
648,13443
658,13465
663,13457
687,13478
703,13487
723,13493
744,13500
770,13510
781,13514
808,13522
824,13512
847,13536
867,13535
882,13548
931,13573
953,13566
948,13562
971,13594
991,13598
1024,13599
1022,13608
1033,13622
1040,13627
1068,13640
1095,13639
1101,13661
1126,13655
1165,13687
1160,13698
1196,13723
1217,13739
1235,13761
1274,13783
1285,13793
1319,13816
1341,13826
1342,13882
1369,13895
1393,13911
1432,13942
1462,13965
1481,13972
1501,13995
1528,13999
1557,14037
1588,14048
1620,14065
1662,14092
1686,14135
1720,14140
1750,14174
1790,14175
1796,14182
1839,14203
1873,14212
1884,14226
1924,14262
1961,14269
1983,14279
2000,14309
2044,14309
2060,14318
2101,14336
2110,14339
2149,14379
2173,14399
2213,14408
2249,14421
2273,14430
2323,14469
2342,14452
2369,14479
2397,14483
2432,14477
2437,14507
2457,14516
2480,14549
2502,14566
2567,14577
2549,14581
2556,14591
2581,14616
2600,14634
2634,14650
2654,14677
2675,14675
2700,14711
2712,14713
2736,14736
2749,14761
2774,14780
2805,14785
2834,14813
2842,14821
2842,14853
2877,14873
2910,14881
2912,14883
2941,14898
2951,14899
2964,14914
2978,14948
2985,14955
3027,14977
3030,14962
3044,14973
3103,14971
3107,14994
3118,15002
3132,15013
3164,15022
3176,15028
3192,15051
3219,15058
3221,15054
3238,15071
3285,15079
3289,15061
3306,15071
3326,15095
3328,15108
3346,15106
3380,15134
3405,15133
3423,15139
3435,15174
3480,15173
3503,15195
3529,15215
3544,15242
3562,15257
3593,15274
3609,15310
3637,15317
3647,15334
3688,15339
3692,15388
3721,15387
3732,15408
3782,15472
3797,15485
3827,15497
3856,15532
3884,15564
3933,15589
3958,15615
3974,15653
4017,15673
4001,15697
4060,15742
4094,15753
4119,15785
4164,15804
4164,15834
4197,15833
4218,15880
4240,15901
4265,15902
4305,15932
4325,15974
4368,15982
4381,16009
4404,16038
4432,16045
4470,16072
4479,16095
4506,16125
4537,16129
4587,16148
4575,16167
4607,16198
4642,16205
4655,16247
4686,16246
4705,16269
4723,16316
4732,16317
4750,16357
4791,16383
4804,22
4821,40
4839,50
4869,90
4896,116
4894,129
4922,186
4968,198
4974,249
4979,257
5006,271
5028,307
5046,321
5063,342
5098,369
5082,392
5121,425
5126,459
5167,473
5189,500
5181,505
5196,530
5218,537
5257,590
5288,623
5302,627
5324,645
5331,691
5366,696
5333,683
5403,721
5421,743
5446,758
5439,777
5446,798
5486,841
5522,851
5525,855
5544,864
5580,904
5595,960
5622,972
5653,1028
5654,1039
5689,1065
5726,1124
5748,1156
5767,1177
5809,1228
5818,1250
5840,1274
5873,1328
5880,1368
5893,1455
5939,1492
5971,1532
6008,1608
6041,1635
6074,1723
6094,1753
6118,1799
6145,1849
6193,1923
6209,1977
6245,2020
6294,2082
6290,2122
6333,2157
6372,2204
6394,2260
6393,2283
6447,2342
6454,2381
6500,2454
6543,2449
6550,2531
6581,2518
6599,2575
6624,2584
6665,2652
6695,2673
6736,2711
6757,2751
6781,2759
6804,2781
6816,2838
6847,2843
6870,2810
6904,2878
6899,2897
6925,2939
6958,2978
6977,3003
6980,3051
7014,3058
7027,3063
7057,3117
7066,3135
7100,3178
7106,3218
7150,3255
7156,3269
7198,3308
7198,3351
7221,3391
7241,3413
7244,3428
7289,3453
7286,3500
7300,3536
7309,3550
7327,3567
7358,3606
7358,3643
7394,3643
7416,3695
7423,3690
7456,3702
7467,3707
7485,3744
7482,3763
7532,3761
7543,3782
7574,3794
7568,3820
7599,3821
7602,3842
7647,3826
7640,3845
7690,3867
7698,3857
7715,3909
7744,3898
7757,3939
7756,3944
7782,3956
7825,4015
7840,4028
7876,4053
7893,4066
7927,4111
7957,4121
7971,4160
8002,4208
8017,4206
8041,4257
8082,4282
8086,4309
8110,4375
8154,4397
8193,4461
8203,4466
8241,4507
8263,4548
8270,4558
8310,4591
8347,4647
8374,4679
8390,4694
8417,4718
8463,4749
8505,4767
8526,4769
8545,4813
8569,4805
8606,4820
8643,4850
8667,4865
8697,4878
8689,4886
8743,4896
8761,4928
8775,4943
8807,4948
8836,4960
8862,4991
8895,4974
8896,5004
8939,5043
8980,5049
8984,5047
8998,5068
9023,5120
9053,5099
9083,5140
9091,5178
9116,5170
9128,5221
9144,5254
9161,5276
9194,5272
9200,5291
9227,5321
9246,5342
9245,5364
9284,5370
9317,5413
9336,5422
9358,5427
9391,5459
9412,5462
9423,5471
9446,5463
9478,5486
9485,5498
9500,5485
9509,5496
9538,5512
9542,5504
9564,5506
9612,5510
9609,5539
9628,5527
9647,5527
9673,5544
9690,5535
9717,5557
9727,5550
9764,5566
9781,5601
9790,5609
9821,5615
9836,5631
9840,5656
9861,5682
9892,5684
9901,5715
9926,5754
9962,5752
9981,5776
9998,5814
10020,5834
10070,5841
10082,5866
10127,5875
10130,5909
10173,5938
10222,5942
10202,5986
10251,5983
10264,5996
10303,6028
10333,6037
10348,6024
10385,6049
10423,6065
10443,6081
10487,6090
10480,6081
10522,6115
10560,6122
10593,6132
10613,6146
10665,6169
10694,6184
10712,6184
10737,6222
10792,6237
10803,6242
10809,6288
10860,6280
10861,6332
10907,6328
10929,6366
10958,6389
10978,6389
11002,6432
11041,6455
11072,6499
11103,6505
11122,6545
11147,6545
11172,6580
11198,6582
11247,6591
11228,6627
11279,6635
11288,6642
11306,6663
11345,6682
11338,6676
11363,6693
11382,6701
11419,6703
11430,6712
11450,6703
11457,6707
11494,6718
11519,6731
11538,6732
11559,6755
11587,6749
11588,6776
11605,6801
11632,6778
11638,6797
11644,6802
11678,6826
11705,6839
11696,6861
11718,6858
11740,6884
11748,6901
11774,6918
11789,6935
11815,6965
11812,6994
11840,6995
11871,7012
11874,7014
11892,7046
11915,7053
11937,7066
11961,7086
11982,7102
12014,7125
12023,7104
12034,7128
12040,7159
12066,7151
12107,7179
12132,7170
12142,7198
12170,7213
12190,7219
12227,7227
12243,7229
12253,7258
12308,7264
12315,7290
12348,7305
12370,7344
12385,7357
12416,7390
12429,7419
12452,7437
12477,7446
12509,7481
12542,7535
12561,7550
12584,7572
12605,7605
12640,7640
12665,7672
12701,7690
12720,7749
12733,7781
12788,7782
12806,7807
12853,7848
12852,7871
12873,7895
12915,7900
12931,7934
12977,7957
12979,7988
13057,8007
13047,8017
13069,8040
13106,8084
13122,8101
13141,8125
13189,8127
13189,8160
13216,8215
13239,8191
13276,8258
13304,8247
13335,8293
13346,8329
13361,8350
13398,8380
13423,8413
13408,8437
13442,8479
13473,8513
13498,8507
13526,8561
13526,8576
13573,8624
13570,8625
13588,8668
13605,8690
13622,8740
13631,8751
13677,8772
13680,8778
13709,8808
13739,8835
13743,8829
13771,8861
13792,8866
13813,8878
13818,8894
13836,8883
13851,8935
13872,8934
13909,8966
13915,9000
13948,8999
13948,9028
13976,9076
13980,9085
13999,9124
14046,9132
14054,9157
14072,9212
14085,9233
14132,9285
14130,9335
14151,9362
14183,9384
14207,9415
14210,9482
14241,9506
14257,9570
14282,9590
14307,9637
14336,9660
14352,9694
14377,9733
14402,9776
14441,9818
14453,9845
14476,9883
14518,9939
14525,9953
14564,9947
14575,10031
14626,10071
14661,10081
14688,10116
14691,10140
14730,10162
14750,10195
14773,10233
14789,10229
14840,10317
14841,10361
14884,10425
14902,10468
14949,10530
14956,10542
15005,10612
15008,10641
15052,10698
15082,10760
15140,10800
15149,10876
15193,10927
15198,10997
15252,11032
15286,11098
15298,11142
15331,11159
15336,11228
15379,11311
15407,11336
15426,11327
15424,11363
15488,11408
15473,11436
15511,11465
15544,11512
15572,11506
15596,11535
15610,11589
15619,11583
15655,11601
15681,11614
15695,11626
15714,11630
15740,11682
15756,11661
15792,11681
15774,11684
15807,11697
15816,11720
15847,11743
15864,11777
15879,11796
15902,11830
15903,11837
15934,11861
15957,11911
15978,11927
15999,11937
16009,11976
16048,11997
16044,12041
16060,12028
16083,12087
16097,12099
16124,12124
16116,12139
16145,12175
16166,12210
16172,12209
16215,12282
16204,12296
16243,12290
16269,12327
16272,12335
16313,12375
16327,12380
16336,12391
16365,12400
7,12413
49,12409
49,12466
103,12469
120,12502
121,12494
162,12512
173,12528
187,12560
234,12552
233,12571
249,12578
290,12613
326,12612
319,12649
360,12687
397,12685
425,12731
460,12770
476,12780
499,12808
520,12840
560,12862
569,12895
598,12928
646,12943
665,12983
692,13021
714,13050
737,13087
768,13111
797,13136
809,13167
858,13175
899,13220
915,13262
960,13280
982,13315
1013,13357
1031,13363
1066,13392
1111,13385
1120,13424
1144,13433
1175,13457
1171,13467
1210,13468
1242,13480
1243,13501
1261,13516
1321,13508
1321,13505
1360,13533
1363,13535
1405,13546
1436,13576
1423,13585
1465,13557
1472,13600
1507,13603
1533,13602
1536,13599
1565,13628
1587,13640
1597,13651
1628,13657
1621,13677
1644,13669
1669,13689
1675,13708
1693,13716
1734,13736
1745,13755
1778,13786
1792,13788
1822,13798
1841,13836
1853,13836
1860,13879
1878,13883
1889,13899
1906,13907
1937,13932
1947,13936
1970,13967
1999,13976
2024,13998
2034,14009
2054,14032
2083,14032
2103,14066
2130,14083
2137,14097
2189,14094
2208,14109
2244,14135
2254,14148
2287,14149
2318,14150
2315,14154
2357,14181
2368,14194
2402,14204
2413,14209
2438,14223
2455,14226
2491,14248
2523,14260
2548,14266
2581,14280
2623,14298
2652,14307
2684,14317
2699,14343
2748,14345
2761,14369
2781,14381
2790,14392
2787,14421
2861,14439
2877,14449
2898,14473
2941,14515
2979,14509
3010,14559
3008,14573
3067,14599
3082,14618
3112,14636
3159,14649
3156,14712
3188,14714
3231,14733
3257,14755
3286,14776
3317,14793
3334,14824
3364,14838
3374,14880
3413,14891
3423,14885
3443,14910
3469,14920
3519,14929
3518,14962
3560,14979
3576,14989
3607,14990
3616,14996
3651,15000
3673,15029
3690,15035
3722,15049
3725,15048
3744,15054
3778,15068
3785,15059
3806,15074
3824,15089
3839,15097
3879,15109
3874,15105
3889,15113
3899,15115
3920,15150
3924,15166
3947,15179
3973,15188
3996,15184
4010,15222
4045,15205
4056,15218
4080,15248
4075,15266
4096,15267
4126,15294
4139,15311
4149,15341
4158,15340
4181,15368
4193,15378
4226,15407
4238,15406
4248,15430
4269,15437
4292,15478
4325,15503
4347,15517
4352,15528
4394,15546
4413,15579
4432,15603
4460,15614
4454,15621
4523,15638
4513,15669
4538,15685
4565,15687
4588,15714
4608,15737
4634,15774
4677,15776
4708,15824
4727,15829
4753,15848
4774,15869
4817,15899
4834,15921
4853,15922
4910,15944
4921,15956
4932,16011
4962,15999
4997,16049
5043,16075
5046,16091
5069,16119
5094,16153
5126,16192
5164,16210
5177,16270
5210,16286
5230,16336
5273,16355
5302,16
5330,35
5355,71
5375,113
5432,141
5438,183
5449,228
5494,265
5496,276
5521,313
5551,351
5560,354
5573,389
5607,409
5638,438
5666,495
5661,518
5722,530
5730,562
5759,555
5737,593
5802,602
5791,622
5823,637
5838,648
5867,716
5886,684
5900,731
5930,751
5933,767
5957,774
5983,799
6000,799
6029,843
6054,876
6080,883
6087,926
6102,946
6123,972
6127,987
6159,995
6182,1060
6201,1068
6215,1091
6234,1111
6256,1170
6261,1181
6290,1258
6307,1244
6318,1283
6349,1333
6380,1332
6386,1422
6397,1444
6429,1503
6468,1502
6481,1547
6489,1599
6527,1648
6563,1660
6583,1729
6602,1726
6624,1767
6657,1809
6660,1844
6683,1881
6707,1937
6756,1956
6772,1968
6781,2027
6816,2046
6844,2076
6887,2099
6888,2159
6936,2194
6961,2241
6978,2248
7001,2278
7054,2332
7082,2353
7079,2383
7121,2422
7164,2469
7180,2507
7207,2582
7244,2604
7271,2631
7293,2690
7342,2723
7357,2773
7388,2835
7418,2913
7421,2961
7462,2987
7494,3030
7525,3094
7546,3169
7574,3196
7589,3242
7638,3268
7686,3325
7680,3368
7743,3415
7736,3430
7773,3470
7805,3503
7823,3543
7851,3576
7854,3584
7893,3627
7896,3652
7920,3667
7945,3697
7972,3683
7986,3712
8017,3706
8036,3736
8047,3731
8061,3772
8094,3752
8104,3783
8121,3801
8139,3813
8171,3801
8168,3840
8212,3838
8197,3881
8228,3871
8233,3898
8242,3906
8282,3946
8278,3969
8311,3993
8318,4018
8353,4047
8361,4081
8374,4087
8391,4111
8413,4123
8430,4154
8472,4189
8480,4221
8485,4237
8506,4273
8520,4288
8563,4321
8584,4388
8605,4400
8623,4389
8633,4394
8651,4431
8675,4457
8694,4458
8729,4473
8770,4478
8789,4513
8806,4519
8835,4533
8867,4572
8880,4550
8906,4571
8933,4591
8969,4618
8969,4618
9002,4633
9020,4653
9038,4672
9076,4682
9090,4700
9128,4727
9144,4747
9185,4786
9218,4798
9219,4842
9230,4878
9308,4897
9311,4938
9348,4968
9359,4989
9417,5018
9436,5062
9455,5081
9496,5092
9514,5120
9551,5176
9572,5178
9597,5193
9619,5237
9648,5257
9695,5284
9700,5302
9738,5323
9763,5333
9786,5341
9803,5360
9851,5389
9879,5378
9899,5389
9926,5384
9942,5419
9976,5407
9996,5434
10017,5414
10030,5448
10061,5450
10067,5461
10073,5482
10117,5471
10120,5462
10136,5484
10163,5489
10182,5518
10199,5537
10225,5569
10241,5580
10277,5577
10274,5618
10324,5618
10345,5652
10342,5664
10367,5677
10376,5714
10390,5714
10417,5741
10442,5770
10447,5781
10463,5794
10506,5803
10503,5809
10540,5830
10542,5857
10569,5850
10582,5872
10609,5874
10644,5874
10668,5900
10695,5889
10707,5879
10729,5918
10750,5910
10771,5911
10779,5902
10804,5928
10835,5952
10842,5938
10857,5976
10887,5974
10919,5979
10936,5976
10960,6012
10990,5990
11008,6025
11020,6032
11069,6059
11084,6073
11100,6110
11126,6130
11162,6151
11190,6189
11220,6199
11222,6228
11253,6241
11270,6284
11278,6286
11342,6303
11350,6328
11394,6358
11410,6388
11461,6387
11477,6409
11491,6441
11535,6461
11550,6456
11606,6469
11630,6479
11657,6505
11699,6520
11720,6530
11741,6527
11758,6559
11806,6573
11818,6584
11845,6589
11877,6599
11904,6615
11935,6653
11956,6660
11977,6649
12028,6682
12056,6693
12073,6731
12100,6745
12136,6779
12128,6791
12165,6833
12164,6843
12204,6838
12235,6895
12248,6911
12257,6956
12280,6950
12292,6977
12305,6969
12356,6998
12359,7016
12362,7019
12405,7043
12414,7044
12438,7053
12457,7053
12470,7074
12493,7100
12518,7084
12534,7099
12548,7094
12573,7130
12579,7105
12614,7128
12624,7112
12632,7156
12661,7139
12684,7167
12680,7172
12700,7194
12732,7218
12738,7206
12761,7239
12784,7252
12809,7252
12824,7284
12836,7302
12852,7322
12872,7348
12873,7355
12908,7407
12926,7412
12970,7434
12976,7437
12985,7479
12998,7496
13041,7543
13031,7546
13080,7541
13085,7596
13134,7594
13133,7600
13178,7612
13197,7640
13224,7658
13252,7661
13273,7720
13313,7712
13342,7739
13351,7743
13381,7780
13413,7787
13420,7796
13447,7837
13480,7847
13514,7876
13547,7920
13554,7958
13576,7964
13616,8027
13635,8027
13647,8081
13686,8128
13732,8156
13753,8169
13790,8207
13805,8260
13842,8294
13850,8340
13909,8375
13912,8407
13951,8454
13967,8460
14001,8523
14025,8552
14049,8578
14073,8611
14105,8629
14137,8673
14162,8682
14188,8676
14207,8744
14226,8755
14267,8755
14259,8774
14294,8790
14323,8837
14348,8855
14374,8881
14362,8928
14399,8930
14419,8972
14438,8976
14456,8996
14487,9049
14516,9099
14517,9127
14528,9124
14566,9185
14571,9227
14596,9255
14635,9259
14648,9306
14678,9342
14675,9395
14687,9403
14706,9449
14739,9466
14744,9504
14783,9490
14781,9521
14808,9573
14835,9583
14832,9648
14866,9636
14881,9677
14912,9694
14937,9732
14951,9756
14974,9754
14999,9817
15019,9801
15031,9825
15064,9842
15080,9848
15100,9879
15125,9917
15142,9946
15181,9966
15169,10027
15210,10022
15225,10066
15264,10112
15265,10140
15281,10188
15315,10232
15340,10274
15363,10309
15390,10365
15413,10400
15441,10466
15470,10527
15499,10541
15525,10604
15561,10655
15559,10690
15614,10761
15617,10803
15657,10855
15690,10885
15714,10965
15742,10979
15773,11031
15819,11036
15826,11102
15865,11111
15872,11148
15925,11179
15934,11229
15971,11284
16017,11287
16042,11318
16072,11372
16107,11379
16120,11405
16155,11448
16196,11463
16198,11494
16229,11515
16272,11580
16294,11618
16305,11632
16338,11712
16348,11722
16383,11758
0,11814
42,11842
58,11856
78,11852
125,11927
141,11962
160,12021
189,12021
216,12062
217,12108
235,12139
252,12157
298,12194
305,12246
318,12240
340,12270
355,12289
365,12310
402,12325
389,12301
425,12352
453,12362
475,12366
490,12374
523,12394
529,12399
558,12420
574,12413
592,12444
601,12431
619,12466
636,12446
656,12470
657,12471
694,12488
705,12475
705,12513
734,12506
748,12528
774,12537
797,12573
822,12588
838,12610
856,12631
886,12647
907,12713
933,12694
970,12744
958,12770
1001,12792
1016,12814
1035,12844
1034,12857
1080,12906
1100,12934
1125,12952
1134,12968
1167,12978
1189,13035
1229,13070
1247,13093
1303,13133
1314,13126
1342,13150
1375,13161
1392,13192
1407,13204
1455,13243
1476,13245
1487,13270
1540,13310
1564,13322
1584,13328
1604,13314
1631,13344
1669,13375
1688,13372
1723,13395
1778,13402
1793,13428
1819,13445
1848,13476
1886,13486
1912,13486
1932,13509
1956,13509
1981,13545
2012,13544
2036,13578
2049,13583
2080,13617
2108,13622
2137,13643
2151,13661
2178,13684
2209,13703
2200,13719
2252,13742
2258,13744
2303,13782
2290,13786
2340,13819
2363,13833
2385,13856
2414,13888
2438,13890
2429,13919
2478,13910
2462,13952
2483,13951
2510,13970
2538,14018
2555,14019
2575,14041
2597,14056
2615,14046
2647,14039
2670,14074
2664,14074
2696,14097
2737,14097
2750,14100
2767,14101
2781,14111
2794,14119
2828,14134
2835,14138
2846,14130
2882,14146
2891,14160
2923,14157
2921,14175
2971,14193
2965,14183
2985,14201
3031,14219
3042,14216
3065,14220
3088,14232
3097,14243
3102,14254
3149,14265
3160,14281
3197,14297
3206,14315
3230,14328
3254,14346
3276,14361
3296,14381
3333,14407
3351,14425
3382,14443
3404,14469
3437,14491
3468,14521
3480,14555
3513,14565
3530,14595
3564,14610
3581,14621
3613,14647
3650,14657
3662,14664
3716,14698
3736,14719
3756,14738
3779,14783
3809,14794
3832,14814
3889,14805
3901,14850
3918,14861
3964,14877
3985,14879
4011,14907
4037,14925
4095,14940
4096,14931
4129,14961
4171,14966
4192,14985
4213,14991
4217,15010
4265,15039
4293,15060
4315,15065
4348,15100
4378,15100
4399,15109
4422,15137
4454,15168
4459,15164
4496,15174
4500,15207
4563,15221
4574,15227
4570,15245
4586,15280
4612,15300
4618,15306
4641,15329
4660,15363
4672,15381
4701,15373
4719,15416
4732,15422
4769,15450
4788,15453
4792,15479
4810,15489
4841,15496
4843,15509
4862,15526
4866,15543
4909,15537
4922,15556
4926,15582
4952,15584
4974,15600
5000,15628
5009,15626
5056,15628
5027,15644
5060,15655
5079,15679
5096,15689
5126,15710
5143,15695
5142,15706
5187,15709
5207,15733
5241,15754
5246,15748
5263,15798
5298,15790
5313,15810
5337,15826
5337,15870
5382,15874
5403,15910
5433,15929
5437,15939
5496,15971
5473,15997
5517,16019
5548,16045
5548,16113
5598,16137
5625,16125
5660,16182
5687,16213
5672,16243
5726,16281
5756,16282
5767,16321
5790,16375
5834,6
5851,72
5890,51
5904,138
5921,151
5961,176
5983,216
5998,241
6027,259
6088,309
6088,322
6131,361
6170,386
6197,413
6219,423
6234,471
6274,497
6285,485
6326,558
6356,575
6377,613
6393,642
6416,672
6457,703
6470,750
6505,755
6529,803
6533,841
6586,864
6591,904
6597,887
6623,941
6658,990
6675,1016
6676,1052
6721,1106
6725,1125
6749,1163
6782,1212
6780,1223
6791,1264
6852,1302
6858,1328
6897,1369
6903,1393
6902,1420
6933,1439
6951,1483
6976,1472
6994,1525
7019,1523
7040,1558
7040,1593
7050,1625
7076,1660
7110,1659
7113,1691
7152,1720
7160,1754
7165,1772
7185,1799
7240,1802
7248,1836
7255,1845
7290,1870
7296,1868
7336,1919
7334,1922
7365,1924
7377,1974
7394,2048
7423,2006
7444,2075
7466,2094
7492,2155
7524,2205
7549,2219
7570,2258
7590,2299
7632,2333
7640,2358
7653,2430
7693,2488
7722,2510
7757,2564
7787,2601
7782,2660
7795,2686
7847,2773
7874,2815
7907,2868
7929,2901
7936,2946
7977,3013
8005,3056
8044,3062
8059,3139
8090,3132
8141,3181
8167,3233
8180,3262
8212,3292
8239,3330
8276,3355
8292,3417
8325,3456
8340,3467
8368,3473
8402,3468
8440,3521
8480,3551
8500,3585
8536,3604
8576,3645
8591,3655
8625,3697
8628,3720
8649,3777
8686,3803
8696,3826
8729,3872
8748,3904
8778,3950
8797,3971
8814,4000
8821,4033
8845,4049
8880,4086
8911,4134
8926,4134
8952,4145
8971,4208
8984,4239
9006,4292
9055,4279
9051,4307
9075,4341
9096,4326
9122,4357
9145,4359
9152,4385
9169,4393
9189,4404
9206,4414
9219,4431
9239,4432
9260,4458
9265,4452
9291,4477
9300,4466
9336,4487
9356,4473
9369,4487
9379,4489
9408,4483
9425,4507
9444,4515
9454,4536
9483,4555
9518,4574
9513,4601
9524,4620
9537,4659
9573,4646
9596,4690
9623,4731
9639,4737
9666,4758
9693,4809
9697,4821
9742,4838
9753,4892
9800,4923
9807,4947
9838,4954
9868,4988
9887,5040
9917,5029
9935,5063
9981,5079
9990,5109
9994,5119
10035,5137
10082,5158
10093,5131
10120,5173
10178,5184
10204,5192
10202,5223
10262,5235
10282,5248
10314,5244
10335,5237
10364,5267
10391,5279
10428,5306
10452,5326
10486,5330
10494,5344
10513,5387
10542,5393
10557,5416
10608,5440
10639,5452
10653,5486
10686,5540
10717,5533
10734,5588
10766,5607
10787,5623
10817,5659
10857,5673
10866,5684
10896,5701
10917,5725
10928,5755
10957,5761
10962,5782
10984,5804
11016,5822
11054,5824
11071,5825
11082,5833
11126,5854
11138,5849
11181,5857
11200,5876
11216,5874
11236,5873
11245,5875
11284,5877
11278,5880
11310,5896
11319,5905
11337,5921
11344,5928
11352,5919
11382,5940
11389,5947
11404,5959
11438,5970
11449,5982
11480,5998
11515,6020
11509,6041
11556,6070
11557,6074
11571,6103
11602,6133
11624,6144
11642,6158
11657,6166
11691,6191
11711,6199
11707,6219
11739,6236
11759,6262
11785,6293
11811,6267
11839,6276
11852,6301
11898,6328
11916,6299
11935,6335
11972,6332
11994,6341
12013,6355
12040,6340
12077,6374
12094,6385
12123,6399
12159,6408
12156,6409
12165,6437
12216,6445
12234,6479
12247,6491
12271,6512
12313,6535
12340,6552
12367,6559
12396,6609
12417,6609
12445,6663
12476,6678
12503,6715
12526,6736
12581,6776
12609,6791
12616,6822
12666,6843
12680,6856
12697,6880
12745,6880
12764,6904
12790,6923
12830,6961
12857,6961
12899,6994
12908,7016
12908,7035
12973,7049
12981,7059
13004,7069
13057,7068
13071,7080
13094,7109
13111,7117
13153,7134
13156,7136
13179,7157
13203,7182
13228,7194
13240,7222
13260,7236
13283,7271
13317,7249
13325,7282
13345,7288
13360,7322
13394,7346
13405,7347
13422,7379
13440,7404
13454,7412
13490,7436
13491,7459
13508,7467
13533,7494
13533,7523
13576,7532
13609,7543
13631,7549
13626,7578
13652,7575
13651,7615
13669,7605
13710,7617
13737,7623
13751,7632
13772,7655
13772,7673
13800,7685
13806,7687
13831,7698
13874,7720
13873,7722
13909,7745
13942,7765
13941,7773
13964,7807
13978,7792
14011,7861
14034,7859
14067,7892
14069,7924
14100,7942
14122,7991
14163,8024
14182,8024
14207,8058
14234,8101
14240,8127
14281,8164
14325,8196
14328,8248
14337,8269
14381,8297
14399,8325
14418,8375
14456,8380
14479,8409
14513,8447
14545,8501
14561,8522
14600,8552
14609,8591
14666,8590
14672,8612
14717,8644
14744,8701
14767,8721
14795,8739
14806,8755
14859,8805
14880,8868
14900,8870
14947,8941
14962,8930
14993,9003
15015,9019
15054,9060
15066,9100
15071,9131
15110,9182
15127,9205
15159,9253
15186,9316
15205,9352
15256,9367
15250,9432
15272,9489
15293,9503
15336,9574
15361,9612
15377,9636
15407,9647
15435,9697
15440,9715
15453,9739
15482,9760
15493,9812
15511,9819
15544,9849
15560,9877
15559,9887
15582,9945
15631,9909
15630,9943
15637,9975
15691,9991
15678,10002
15706,10014
15731,10040
15746,10046
15745,10077
15755,10101
15814,10129
15827,10165
15833,10195
15860,10210
15870,10246
15908,10263
15932,10297
15949,10355
15950,10381
15982,10414
16023,10430
16026,10490
16050,10514
16089,10584
16112,10628
16136,10672
16149,10691
16150,10740
16193,10783
16202,10833
16232,10881
16250,10904
16280,10941
16320,11004
16321,11047
16356,11056
6,11108
27,11141
68,11180
103,11191
102,11229
136,11222
166,11293
179,11347
207,11346
241,11374
276,11387
312,11428
313,11455
357,11477
383,11511
408,11532
440,11574
457,11595
504,11673
520,11723
574,11735
582,11782
597,11797
645,11883
672,11889
702,11916
745,11963
753,12014
773,12041
794,12086
838,12138
853,12187
899,12204
907,12240
943,12263
962,12306
1014,12334
1029,12385
1048,12422
1091,12469
1125,12491
1124,12465
1163,12495
1164,12538
1209,12544
1221,12567
1243,12595
1256,12600
1285,12598
1327,12601
1313,12627
1340,12626
1347,12652
1368,12650
1387,12658
1426,12707
1423,12697
1460,12682
1468,12718
1492,12725
1496,12728
1526,12732
1551,12762
1560,12784
1583,12769
1605,12794
1628,12803
1615,12819
1636,12853
1658,12881
1673,12881
1681,12907
1723,12924
1734,12941
1757,12971
1793,12987
1807,12999
1825,13052
1846,13081
1871,13077
1897,13110
1930,13124
1944,13135
1956,13177
1988,13214
2002,13228
2000,13260
2048,13259
2074,13294
2101,13311
2108,13340
2144,13348
2179,13373
2197,13378
2230,13383
2261,13417
2293,13420
2316,13449
2354,13442
2378,13450
2398,13473
2415,13499
2445,13497
2462,13515
2501,13522
2523,13535
2564,13561
2579,13569
2619,13605
2638,13613
2657,13616
2709,13654
2711,13644
2749,13665
2760,13701
2811,13718
2847,13722
2869,13743
2903,13780
2912,13790
2949,13820
2968,13842
3005,13868
3004,13902
3036,13922
3066,13950
3083,13956
3102,13984
3144,14020
3171,14025
3198,14048
3222,14068
3269,14077
3263,14092
3286,14153
3301,14133
3339,14157
3366,14179
3399,14191
3401,14204
3434,14197
3439,14193
3446,14221
3476,14228
3490,14236
3520,14238
3548,14252
3554,14260
3596,14261
3631,14263
3636,14250
3645,14275
3660,14279
3678,14299
3702,14301
3728,14300
3744,14307
3767,14321
3769,14337
3784,14358
3811,14343
3823,14361
3832,14376
3854,14384
3878,14381
3908,14405
3914,14418
3960,14453
3957,14459
3972,14492
4016,14488
4040,14518
4056,14530
4097,14555
4080,14576
4122,14586
4142,14606
4157,14636
4182,14648
4198,14660
4221,14687
4256,14706
4277,14734
4297,14749
4337,14760
4353,14770
4381,14791
4436,14824
4433,14812
4451,14855
4488,14861
4524,14885
4529,14889
4572,14902
4599,14914
4620,14937
4662,14938
4663,14967
4700,14952
4720,14982
4755,14997
4789,15005
4806,15039
4860,15050
4865,15093
4918,15074
4940,15101
4945,15155
4986,15158
5032,15176
5045,15189
5066,15209
5096,15234
5137,15273
5158,15292
5182,15321
5192,15338
5244,15365
5256,15401
5280,15435
5309,15442
5342,15460
5368,15472
5379,15501
5394,15527
5448,15559
5443,15572
5481,15583
5496,15630
5520,15629
5537,15661
5572,15682
5564,15690
5614,15708
5632,15732
5630,15726
5665,15736
5678,15754
5706,15756
5744,15775
5733,15791
5764,15803
5768,15813
5781,15809
5806,15838
5833,15830
5849,15878
5864,15870
5884,15877
5893,15892
5926,15898
5922,15905
5957,15927
5979,15963
6000,15960
6010,15972
6029,15990
6062,15980
6066,16040
6095,16063
6104,16086
6115,16103
6135,16150
6173,16173
6184,16170
6202,16190
6231,16234
6254,16253
6280,16290
6291,16294
6333,16330
6344,16371
6386,0
6397,31
6422,75
6434,110
6457,136
6498,164
6513,196
6537,201
6576,249
6572,257
6605,288
6647,333
6688,362
6699,377
6739,417
6774,468
6776,468
6797,491
6822,511
6849,559
6893,580
6918,622
6951,629
6965,671
7012,698
7021,749
7054,770
7068,826
7112,862
7127,907
7173,918
7172,1002
7202,1000
7253,1051
7270,1118
7318,1141
7348,1174
7354,1245
7384,1281
7407,1327
7422,1370
7469,1423
7485,1453
7504,1506
7528,1538
7551,1590
7573,1629
7598,1652
7619,1697
7657,1707
7659,1762
7683,1790
7717,1832
7730,1838
7759,1865
7771,1904
7807,1931
7808,1919
7849,1963
7852,2016
7868,2014
7873,2025
7896,2034
7926,2078
7929,2093
7955,2110
7975,2088
7993,2174
8012,2143
8017,2175
8055,2207
8054,2230
8098,2244
8107,2276
8116,2311
8169,2376
8161,2354
8192,2404
8194,2412
8221,2476
8218,2492
8248,2550
8289,2569
8308,2622
8332,2645
8355,2702
8344,2738
8401,2811
8432,2851
8464,2893
8463,2917
8484,2989
8516,3000
8559,3033
8565,3072
8583,3101
8626,3148
8626,3180
8667,3166
8692,3206
8720,3253
8745,3290
8770,3307
8812,3366
8831,3357
8861,3405
8881,3441
8916,3458
8940,3488
8966,3511
8992,3523
9045,3562
9057,3582
9080,3627
9114,3659
9141,3687
9152,3704
9189,3742
9229,3798
9223,3830
9293,3879
9306,3893
9343,3949
9356,4002
9404,4037
9447,4091
9428,4120
9490,4145
9509,4197
9544,4197
9573,4242
9585,4288
9622,4318
9655,4368
9684,4392
9702,4412
9729,4442
9734,4448
9769,4475
9766,4490
9808,4516
9833,4541
9880,4536
9893,4553
9918,4571
9934,4574
9939,4592
9976,4588
10012,4600
10029,4615
10036,4623
10040,4640
10068,4638
10080,4631
10092,4676
10110,4660
10131,4679
10141,4688
10155,4712
10181,4725
10192,4748
10204,4767
10241,4777
10260,4799
10271,4839
10311,4843
10305,4849
10343,4892
10347,4911
10375,4953
10382,4967
10402,4981
10424,4999
10432,5008
10476,5052
10500,5108
10514,5096
10538,5096
10571,5130
10590,5132
10609,5177
10632,5174
10672,5178
10689,5192
10713,5199
10733,5193
10758,5218
10792,5224
10841,5232
10838,5251
10863,5262
10877,5287
10896,5298
10912,5316
10942,5284
10959,5311
11004,5354
11048,5362
11049,5362
11096,5390
11116,5413
11165,5445
11152,5476
11197,5499
11209,5513
11255,5533
11281,5565
11292,5584
11327,5619
11349,5651
11386,5668
11398,5696
11454,5719
11453,5753
11490,5768
11513,5796
11559,5821
11590,5819
11622,5857
11654,5856
11679,5867
11716,5896
11744,5898
11769,5925
11764,5922
11810,5912
11820,5930
11856,5958
11875,5956
11896,5953
11915,5977
11931,5979
11951,5983
11987,5999
11994,6012
12021,6011
12055,6038
12088,6032
12093,6055
12138,6049
12133,6066
12138,6097
12171,6104
12185,6145
12210,6144
12215,6186
12246,6218
12246,6204
12273,6241
12288,6253
12319,6267
12334,6266
12340,6280
12366,6310
12378,6320
12405,6324
12438,6337
12431,6345
12461,6346
12496,6361
12503,6380
12533,6363
12548,6391
12566,6406
12582,6403
12615,6408
12632,6417
12657,6428
12660,6420
12676,6418
12705,6464
12740,6450
12763,6463
12784,6478
12822,6503
12823,6515
12865,6517
12891,6513
12880,6549
12922,6580
12959,6607
12976,6618
13001,6643
13020,6671
13049,6691
13059,6718
13098,6743
13119,6759
13144,6777
13172,6810
13193,6824
13220,6856
13257,6873
13271,6905
13312,6900
13359,6940
13350,6964
13414,6969
13427,6995
13454,7014
13475,7005
13513,7044
13525,7042
13567,7076
13586,7090
13621,7095
13654,7119
13683,7141
13693,7167
13739,7185
13764,7193
13792,7213
13840,7260
13858,7269
13876,7283
13883,7309
13921,7317
13954,7368
13979,7375
13995,7413
14020,7430
14049,7467
14079,7483
14091,7508
14117,7528
14134,7549
14179,7613
14195,7610
14216,7622
14237,7659
14251,7669
14281,7685
14297,7721
14302,7714
14335,7726
14349,7737
14378,7752
14399,7777
14407,7768
14408,7773
14445,7785
14454,7825
14461,7818
14491,7823
14493,7839
14511,7857
14541,7874
14580,7890
14565,7877
14594,7912
14626,7945
14643,7942
14656,7960
14688,7978
14699,7993
14719,8040
14733,8057
14773,8060
14776,8098
14812,8122
14830,8140
14833,8181
14851,8219
14880,8222
14904,8256
14941,8291
14946,8315
14992,8354
14985,8386
14996,8434
15051,8420
15073,8463
15103,8477
15123,8506
15160,8532
15177,8598
15182,8593
15211,8627
15229,8632
15264,8659
15273,8679
15322,8701
15356,8749
15369,8794
15396,8810
15413,8839
15451,8873
15468,8899
15487,8902
15524,8956
15551,9013
15604,9063
15626,9096
15649,9144
15675,9149
15699,9215
15709,9263
15749,9315
15778,9342
15825,9390
15829,9444
15894,9521
15897,9565
15914,9628
15933,9638
15971,9671
15996,9731
16041,9801
16045,9837
16062,9869
16101,9925
16146,9955
16164,9993
16199,10010
16226,10045
16233,10065
16263,10123
16286,10163
16284,10167
16302,10164
16320,10210
16353,10239
16368,10246
16383,10240
32,10283
52,10299
87,10347
80,10351
98,10362
117,10393
144,10430
155,10464
176,10491
200,10510
237,10545
224,10565
242,10597
265,10657
296,10675
310,10708
327,10724
352,10794
364,10822
376,10845
398,10892
416,10931
447,11001
468,11014
505,11039
531,11067
552,11102
559,11122
580,11166
610,11157
619,11239
650,11238
665,11260
677,11269
716,11328
742,11333
767,11359
802,11396
807,11403
824,11412
852,11455
891,11481
919,11479
928,11520
958,11546
986,11548
994,11576
1037,11635
1063,11649
1082,11680
1110,11743
1126,11770
1161,11816
1165,11852
1200,11879
1222,11918
1285,11961
1288,12008
1322,12043
1364,12088
1396,12133
1438,12181
1461,12209
1482,12223
1501,12267
1533,12300
1542,12350
1597,12389
1617,12417
1649,12476
1676,12513
1689,12516
1712,12550
1749,12557
1791,12616
1802,12629
1849,12643
1871,12667
1918,12694
1956,12696
1960,12702
1972,12742
2014,12739
2020,12774
2048,12782
2102,12798
2099,12804
2120,12844
2143,12830
2169,12850
2172,12874
2217,12868
2233,12902
2250,12900
2264,12925
2284,12933
2300,12943
2328,12966
2330,12982
2348,12999
2376,13025
2393,13045
2412,13050
2430,13075
2437,13076
2479,13121
2478,13127
2512,13172
2513,13174
2522,13199
2557,13215
2566,13223
2577,13245
2596,13268
2624,13291
2643,13329
2664,13331
2685,13365
2721,13385
2742,13384
2735,13407
2780,13413
2796,13428
2834,13447
2846,13448
2859,13466
2878,13470
2909,13482
2925,13478
2946,13510
2971,13521
3001,13530
3014,13530
3055,13545
3068,13558
3080,13554
3135,13565
3143,13595
3172,13610
3189,13617
3204,13626
3234,13629
3261,13627
3266,13680
3304,13673
3333,13696
3357,13701
3390,13744
3423,13772
3449,13761
3455,13803
3511,13827
3525,13850
3560,13874
3580,13924
3625,13934
3641,13943
3657,13963
3681,14001
3706,14022
3728,14050
3780,14072
3798,14088
3830,14114
3865,14121
3895,14153
3916,14149
3915,14191
3943,14217
3998,14206
3992,14232
4041,14271
4078,14283
4080,14294
4126,14297
4150,14324
4158,14314
4185,14323
4210,14329
4232,14350
4259,14347
4294,14366
4305,14370
4305,14365
4338,14374
4347,14385
4365,14413
4394,14418
4398,14420
4411,14422
4460,14443
4470,14446
4500,14451
4519,14469
4523,14474
4558,14487
4561,14509
4580,14514
4610,14514
4625,14529
4644,14562
4668,14563
4670,14597
4694,14619
4699,14613
4725,14638
4726,14666
4759,14679
4805,14693
4820,14714
4846,14708
4841,14751
4875,14747
4903,14762
4933,14774
4937,14797
4962,14828
4993,14828
5011,14842
5022,14868
5053,14889
5085,14895
5082,14908
5097,14913
5153,14937
5168,14946
5158,14934
5209,14953
5242,14989
5244,14994
5290,14995
5327,15007
5344,15003
5356,15022
5379,15031
5398,15054
5433,15087
5477,15103
5505,15112
5510,15136
5555,15159
5568,15163
5602,15194
5611,15229
5662,15241
5696,15258
5732,15302
5760,15304
5770,15354
5810,15359
5829,15380
5849,15423
5878,15444
5909,15471
5951,15494
5966,15534
6013,15582
6029,15574
6060,15612
6067,15656
6117,15663
6124,15695
6174,15708
6190,15770
6230,15765
6250,15778
6261,15813
6294,15820
6318,15831
6329,15874
6370,15875
6392,15906
6420,15912
6431,15944
6464,15950
6480,15962
6519,16003
6517,16013
6540,16013
6558,16010
6593,16050
6600,16054
6618,16087
6631,16088
6648,16090
6678,16096
6679,16101
6696,16149
6716,16163
6751,16165
6774,16189
6778,16218
6801,16219
6826,16254
6852,16260
6871,16311
6873,16331
6894,16352
6896,16365
6937,3
6936,22
6959,47
6973,62
7002,100
7031,112
7045,158
7063,173
7093,202
7101,240
7130,238
7138,274
7167,294
7189,330
7224,328
7237,361
7282,387
7270,421
7321,438
7330,467
7360,488
7360,506
7382,535
7418,546
7458,582
7456,612
7482,622
7542,654
7541,666
7566,730
7599,763
7624,786
7662,839
7677,849
7698,912
7725,926
7761,998
7786,1030
7802,1051
7854,1110
7886,1156
7889,1201
7915,1265
7972,1319
7985,1369
7997,1385
8041,1434
8054,1512
8089,1566
8116,1599
8157,1643
8193,1682
8226,1750
8233,1795
8259,1795
8292,1873
8297,1880
8328,1926
8360,1954
8385,2031
8395,2037
8426,2065
8454,2089
8499,2121
8518,2152
8547,2160
8552,2164
8589,2184
8589,2194
8616,2246
8647,2274
8663,2299
8685,2321
8697,2357
8710,2397
8732,2449
8753,2483
8773,2486
8794,2494
8789,2556
8830,2570
8849,2621
8875,2646
8888,2671
8910,2712
8907,2765
8950,2780
8972,2796
9011,2855
9022,2907
9035,2929
9054,2964
9069,2989
9084,3002
9091,3040
9146,3053
9141,3105
9168,3125
9181,3153
9227,3187
9245,3186
9265,3208
9289,3256
9313,3289
9331,3287
9362,3340
9388,3342
9412,3348
9429,3382
9461,3416
9483,3406
9496,3452
9521,3472
9538,3468
9556,3498
9597,3530
9612,3562
9650,3622
9673,3621
9690,3637
9680,3686
9733,3732
9764,3780
9793,3798
9814,3846
9836,3908
9880,3920
9900,3974
9932,4023
9958,4058
9960,4085
10011,4127
10040,4143
10068,4215
10091,4247
10132,4276
10167,4334
10188,4320
10221,4376
10247,4380
10290,4414
10329,4427
10345,4453
10386,4486
10425,4501
10438,4532
10452,4522
10499,4554
10520,4592
10526,4601
10579,4607
10592,4633
10625,4649
10623,4636
10655,4653
10699,4693
10708,4685
10739,4731
10758,4741
10784,4773
10813,4800
10850,4814
10864,4839
10881,4851
10899,4864
10914,4906
10924,4936
10953,4938
10951,4989
10989,4997
11023,5031
11036,5010
11034,5052
11049,5090
11072,5092
11086,5105
11111,5145
11118,5144
11151,5165
11176,5194
11188,5186
11219,5216
11220,5200
11252,5211
11283,5234
11285,5219
11317,5237
11317,5243
11343,5244
11369,5235
11376,5251
11408,5261
11401,5290
11444,5292
11442,5291
11475,5291
11512,5292
11524,5294
11552,5326
11561,5335
11592,5364
11617,5366
11629,5393
11666,5419
11681,5436
11710,5452
11729,5479
11748,5497
11760,5530
11792,5536
11824,5579
11837,5601
11867,5634
11890,5646
11932,5673
11966,5674
11965,5707
12009,5761
12036,5752
12057,5770
12086,5804
12102,5785
12139,5807
12170,5841
12183,5835
12223,5858
12262,5869
12265,5869
12288,5881
12315,5906
12345,5890
12379,5913
12421,5945
12452,5943
12446,5964
12492,5951
12502,5979
12550,6001
12560,6041
12605,6035
12614,6031
12663,6072
12689,6095
12698,6112
12721,6135
12741,6144
12787,6172
12785,6209
12834,6222
12849,6248
12863,6275
12890,6302
12901,6307
12935,6321
12951,6345
12965,6366
12992,6360
13029,6400
13016,6396
13056,6441
13073,6422
13107,6422
13129,6442
13130,6437
13165,6449
13163,6442
13185,6466
13217,6468
13229,6466
13250,6468
13253,6484
13291,6465
13317,6487
13320,6492
13360,6524
13352,6510
13370,6542
13407,6549
13415,6557
13448,6576
13469,6581
13484,6593
13508,6618
13501,6637
13544,6636
13561,6655
13567,6709
13614,6716
13613,6735
13644,6739
13662,6776
13695,6790
13694,6821
13734,6840
13766,6853
13770,6859
13805,6873
13814,6897
13868,6918
13893,6909
13895,6959
13933,6970
13931,6991
13994,6985
14003,7009
14026,7026
14062,7043
14069,7058
14094,7054
14138,7090
14143,7086
14181,7091
14207,7103
14225,7142
14280,7166
14301,7173
14334,7212
14346,7216
14377,7232
14406,7275
14432,7312
14464,7332
14478,7346
14516,7378
14541,7413
14568,7434
14598,7469
14635,7510
14653,7521
14684,7562
14708,7603
14737,7613
14765,7653
14792,7700
14834,7713
14872,7735
14878,7756
14898,7775
14935,7817
14942,7825
14964,7853
15023,7869
15038,7895
15061,7915
15064,7940
15082,7951
15125,7958
15143,7976
15161,8003
15185,8003
15178,8035
15213,8045
15249,8029
15270,8075
15261,8089
15291,8113
15326,8118
15345,8145
15341,8141
15380,8167
15395,8203
15409,8214
15422,8232
15459,8257
15458,8282
15472,8305
15487,8341
15518,8364
15541,8383
15557,8398
15572,8422
15603,8426
15621,8483
15636,8490
15684,8546
15686,8562
15686,8573
15699,8602
15716,8626
15741,8650
15757,8658
15794,8689
15819,8732
15817,8735
15844,8758
15881,8801
15902,8808
15921,8816
15967,8853
15962,8845
15987,8916
16041,8925
16046,8930
16073,8995
16107,8998
16116,9040
16127,9054
16172,9104
16184,9135
16221,9165
16220,9216
16237,9245
16291,9299
16288,9329
16333,9368
16356,9424
5,9469
37,9543
52,9574
85,9610
120,9681
146,9707
173,9786
214,9827
238,9894
252,9888
287,9964
312,10000
343,10033
367,10074
394,10094
435,10142
453,10198
490,10258
531,10255
542,10324
570,10343
595,10385
615,10426
640,10454
674,10477
684,10492
728,10470
747,10569
758,10595
780,10628
812,10650
826,10662
844,10704
873,10743
893,10759
916,10806
930,10831
948,10861
970,10880
999,10914
1018,10982
1051,10981
1069,11033
1062,11070
1093,11083
1130,11109
1142,11178
1161,11217
1196,11255
1198,11313
1210,11301
1217,11348
1250,11372
1273,11389
1286,11420
1314,11444
1333,11482
1359,11500
1394,11537
1401,11541
1427,11567
1468,11601
1464,11627
1488,11644
1524,11656
1531,11684
1563,11709
1563,11708
1588,11734
1614,11759
1632,11761
1656,11790
1683,11821
1716,11803
1716,11828
1748,11867
1758,11874
1806,11920
1830,11936
1868,11958
1862,12001
1889,12045
1936,12070
1961,12099
1981,12147
2008,12162
2023,12202
2041,12240
2060,12274
2088,12278
2115,12322
2143,12360
2167,12398
2211,12441
2226,12470
2278,12535
2303,12545
2328,12588
2364,12605
2365,12639
2410,12669
2439,12714
2493,12748
2520,12756
2536,12796
2551,12824
2594,12839
2619,12855
2651,12879
2679,12918
2713,12925
2745,12951
2770,12974
2794,12962
2819,12996
2859,12986
2886,13018
2899,13039
2922,13067
2960,13086
2987,13104
3007,13115
3041,13125
3049,13122
3081,13163
3077,13159
3115,13183
3137,13197
3160,13214
3171,13240
3205,13271
3198,13278
3254,13292
3258,13300
3252,13312
3303,13354
3318,13369
3332,13384
3364,13424
3389,13436
3386,13435
3404,13460
3405,13473
3445,13492
3433,13514
3476,13510
3499,13529
3514,13565
3517,13592
3563,13578
3554,13610
3595,13628
3602,13661
3633,13666
3640,13675
3680,13659
3696,13690
3709,13695
3725,13685
3753,13704
3788,13728
3793,13712
3824,13708
3832,13749
3863,13752
3880,13753
3904,13770
3943,13770
3988,13783
3968,13774
4007,13798
4029,13811
4038,13828
4080,13839
4100,13846
4114,13864
4141,13883
4164,13895
4185,13938
4195,13936
4222,13966
4264,13987
4287,14017
4298,14023
4311,14057
4379,14090
4408,14112
4446,14142
4449,14161
4477,14165
4484,14200
4535,14231
4553,14224
4604,14267
4615,14297
4644,14319
4674,14315
4695,14345
4719,14363
4749,14372
4782,14399
4796,14422
4838,14424
4869,14459
4883,14465
4908,14470
4937,14482
4967,14487
4994,14481
5021,14508
5060,14518
5082,14522
5106,14547
5129,14563
5154,14580
5173,14572
5192,14592
5218,14606
5247,14601
5253,14616
5264,14626
5309,14647
5285,14647
5324,14668
5357,14691
5364,14693
5394,14714
5415,14721
5428,14747
5446,14733
5490,14766
5485,14768
5492,14804
5510,14830
5535,14846
5548,14874
5566,14854
5597,14893
5619,14923
5640,14920
5653,14931
5687,14963
5697,14962
5716,14990
5733,14981
5758,14996
5772,15028
5809,15051
5832,15058
5849,15061
5865,15079
5898,15095
5897,15095
5929,15118
5946,15130
5973,15144
5996,15131
6025,15152
6038,15166
6061,15187
6075,15171
6101,15190
6132,15216
6152,15218
6170,15252
6205,15257
6240,15276
6266,15296
6281,15315
6304,15340
6344,15346
6382,15388
6397,15383
6390,15418
6441,15428
6445,15466
6478,15494
6532,15527
6557,15546
6595,15586
6609,15590
6643,15630
6678,15664
6677,15684
6710,15708
6736,15756
6765,15782
6801,15813
6819,15837
6856,15843
6869,15889
6910,15894
6929,15937
6965,15969
7002,15984
7026,16008
7069,16039
7082,16039
7105,16097
7131,16083
7146,16112
7167,16127
7205,16159
7230,16165
7260,16210
7291,16244
7300,16264
7325,16258
7346,16272
7365,16306
7414,16336
7423,16349
7437,16369
7470,10
7477,48
7486,45
7528,82
7531,110
7572,168
7576,174
7587,186
7613,221
7638,226
7679,259
7669,290
7694,321
7715,338
7731,350
7743,369
7761,391
7770,415
7796,449
7833,471
7839,503
7833,508
7877,534
7910,545
7910,565
7923,575
7938,612
7990,631
7997,641
8024,679
8029,699
8055,717
8072,717
8104,741
8125,771
8144,775
8166,827
8190,841
8201,862
8218,900
8245,917
8246,959
8290,986
8315,1015
8339,1038
8332,1068
8361,1118
8418,1172
8424,1181
8461,1227
8492,1293
8532,1357
8555,1405
8546,1425
8600,1433
8621,1524
8645,1594
8675,1621
8701,1702
8733,1735
8753,1771
8799,1800
8802,1848
8831,1861
8862,1946
8900,1969
8919,2031
8964,2055
9000,2091
9031,2095
9064,2174
9071,2203
9100,2238
9130,2275
9175,2311
9186,2293
9216,2374
9217,2366
9240,2409
9282,2461
9313,2493
9319,2512
9365,2535
9385,2617
9418,2673
9444,2694
9461,2735
9490,2761
9497,2802
9530,2814
9554,2855
9569,2908
9594,2922
9625,2998
9623,3000
9659,3066
9678,3114
9676,3163
9694,3174
9726,3227
9747,3251
9774,3253
9780,3294
9811,3326
9814,3338
9851,3360
9885,3389
9890,3382
9917,3420
9939,3442
9956,3444
9979,3496
9994,3492
10022,3508
10039,3540
10061,3541
10075,3566
10089,3571
10110,3566
10135,3581
10160,3611
10184,3637
10183,3649
10208,3686
10244,3686
10269,3725
10292,3752
10313,3740
10331,3798
10354,3836
10373,3828
10382,3899
10406,3897
10431,3961
10466,3965
10472,4026
10511,4046
10516,4084
10561,4112
10591,4147
10602,4207
10609,4215
10669,4268
10700,4284
10723,4326
10726,4334
10769,4369
10806,4402
10821,4420
10875,4462
10901,4491
10909,4499
10948,4510
10952,4538
10984,4551
11021,4573
11052,4591
11091,4607
11102,4629
11136,4658
11173,4678
11192,4693
11239,4713
11279,4717
11283,4732
11321,4761
11357,4793
11365,4817
11408,4832
11436,4848
11449,4886
11460,4918
11483,4945
11523,4960
11526,4985
11567,5024
11583,5043
11620,5077
11632,5108
11694,5133
11692,5142
11737,5169
11750,5193
11787,5208
11793,5248
11808,5292
11837,5289
11840,5302
11871,5321
11900,5351
11910,5364
11923,5360
11947,5363
11973,5364
11977,5378
12012,5389
12029,5382
12065,5386
12062,5409
12093,5397
12122,5396
12112,5403
12137,5404
12142,5419
12182,5421
12189,5439
12230,5438
12223,5441
12236,5430
12256,5453
12272,5483
12296,5501
12315,5506
12326,5525
12340,5535
12373,5567
12368,5575
12423,5600
12432,5630
12441,5643
12493,5676
12492,5706
12521,5701
12551,5734
12574,5747
12570,5767
12603,5780
12636,5809
12653,5819
12671,5835
12698,5854
12712,5866
12744,5888
12790,5884
12801,5907
12847,5908
12854,5934
12875,5927
12885,5936
12932,5955
12957,5957
12972,5970
13014,5976
13029,5988
13062,6002
13088,6044
13115,6053
13156,6061
13177,6077
13201,6078
13221,6101
13235,6125
13276,6139
13317,6164
13329,6187
13368,6201
13389,6222
13433,6248
13446,6286
13461,6319
13504,6323
13523,6347
13537,6373
13578,6391
13599,6417
13622,6436
13654,6458
13685,6474
13698,6476
13745,6507
13759,6541
13778,6539
13801,6549
13819,6581
13832,6576
13887,6598
13890,6596
13913,6606
13941,6611
13950,6623
13998,6612
13989,6647
14006,6633
14044,6641
14065,6659
14081,6659
14089,6669
14110,6690
14124,6693
14150,6709
14159,6720
14182,6720
14205,6725
14230,6754
14272,6752
14261,6773
14280,6774
14297,6807
14319,6827
14328,6847
14360,6857
14365,6883
14399,6894
14408,6909
14457,6939
14485,6941
14502,6985
14521,6983
14521,7026
14552,7025
14571,7049
14585,7083
14618,7090
14647,7101
14670,7120
14689,7129
14719,7137
14718,7175
14760,7175
14797,7187
14794,7188
14846,7218
14853,7240
14870,7247
14881,7265
14902,7272
14934,7300
14975,7310
14996,7356
15010,7343
15039,7359
15083,7380
15102,7398
15133,7440
15152,7450
15204,7466
15205,7512
15258,7522
15262,7553
15295,7587
15320,7610
15357,7622
15373,7701
15402,7713
15431,7711
15477,7774
15522,7814
15524,7849
15554,7881
15566,7900
15592,7951
15650,7944
15669,7990
15674,8061
15752,8048
15775,8090
15781,8121
15800,8141
15840,8167
15852,8197
15916,8217
15887,8227
15904,8257
15946,8296
15977,8280
16012,8314
16023,8351
16021,8351
16070,8347
16101,8401
16132,8430
16142,8438
16165,8469
16180,8490
16210,8506
16221,8537
16245,8573
16255,8572
16293,8594
16286,8630
16317,8660
16339,8694
16346,8719
16360,8727
5,8787
10,8811
39,8816
40,8841
58,8869
81,8915
103,8895
141,8962
143,8971
180,9034
193,9042
195,9051
222,9064
246,9111
269,9125
296,9137
312,9158
340,9181
326,9216
359,9262
388,9263
412,9249
423,9315
444,9314
468,9350
481,9377
524,9407
556,9424
561,9443
582,9493
622,9538
614,9585
670,9562
691,9622
695,9641
736,9724
742,9756
753,9761
788,9824
819,9895
849,9951
882,9976
907,10039
929,10068
968,10112
983,10181
1037,10224
1066,10327
1089,10339
1108,10369
1140,10450
1181,10489
1206,10502
1214,10566
1267,10611
1300,10653
1308,10678
1351,10728
1389,10767
1414,10818
1439,10848
1453,10859
1476,10896
1510,10950
1548,10963
1564,10987
1598,11007
1624,11060
1655,11086
1661,11104
1680,11138
1715,11147
1722,11193
1764,11211
1753,11262
1802,11303
1826,11327
1843,11352
1885,11407
1906,11429
1913,11440
1937,11479
1963,11527
1953,11552
1995,11581
2020,11601
2040,11638
2056,11695
2059,11696
2088,11734
2122,11760
2129,11794
2128,11847
2173,11859
2185,11885
2208,11914
2221,11913
2258,11948
2268,11966
2291,11984
2311,11992
2328,12026
2355,12024
2392,12062
2404,12084
2423,12092
2438,12101
2453,12140
2481,12142
2502,12164
2529,12164
2538,12201
2557,12207
2570,12254
2623,12253
2631,12243
2646,12246
2669,12267
2694,12304
2721,12331
2745,12311
2771,12370
2787,12412
2810,12399
2843,12464
2863,12489
2856,12501
2896,12538
2925,12579
2943,12586
2969,12631
3002,12641
3027,12697
3052,12731
3088,12731
3118,12783
3144,12798
3178,12861
3185,12886
3222,12888
3256,12955
3275,12993
3326,13030
3325,13033
3347,13047
3392,13073
3421,13108
3449,13112
3468,13131
3508,13149
3541,13178
3562,13186
3577,13195
3619,13228
3642,13256
3672,13260
3713,13277
3733,13289
3770,13310
3801,13316
3810,13343
3830,13340
3858,13377
3878,13370
3921,13369
3915,13394
3944,13408
3973,13444
4006,13434
4013,13463
4051,13472
4071,13503
4076,13513
4076,13540
4129,13558
4141,13570
4164,13606
4185,13591
4189,13644
4212,13663
4239,13659
4249,13676
4274,13714
4287,13712
4312,13730
4312,13738
4330,13761
4350,13780
4369,13788
4391,13824
4412,13820
4424,13833
4455,13875
4464,13867
4484,13860
4497,13865
4532,13881
4533,13891
4561,13903
4576,13917
4606,13920
4627,13930
4624,13914
4664,13945
4695,13948
4694,13942
4724,13944
4745,13969
4746,13978
4784,13994
4799,13999
4820,14007
4853,14000
4869,14016
4887,14028
4899,14023
4940,14049
4955,14065
4990,14096
5011,14130
5038,14136
5045,14140
5094,14173
5110,14204
5119,14235
5140,14252
5170,14271
5197,14292
5243,14308
5252,14318
5297,14357
5308,14385
5332,14394
5333,14419
5372,14428
5416,14444
5437,14475
5484,14490
5515,14518
5541,14533
5549,14541
5591,14550
5612,14574
5630,14598
5677,14593
5713,14612
5714,14618
5760,14626
5779,14640
5790,14659
5819,14664
5849,14686
5888,14698
5920,14722
5935,14726
5956,14725
5990,14768
6031,14762
6043,14787
6068,14796
6095,14805
6111,14840
6120,14842
6163,14837
6178,14869
6206,14886
6233,14907
6241,14929
6254,14960
6279,14977
6298,14980
6320,15006
6345,15017
6367,15024
6368,15060
6393,15071
6409,15091
6446,15123
6457,15100
6483,15131
6482,15148
6527,15159
6537,15157
6574,15190
6579,15192
6591,15207
6614,15218
6617,15248
6627,15251
6664,15257
6683,15271
6707,15275
6717,15277
6755,15313
6761,15315
6780,15315
6826,15337
6845,15339
6856,15371
6884,15359
6901,15372
6916,15384
6916,15401
6967,15412
6982,15448
7005,15458
7019,15481
7068,15486
7084,15488
7095,15515
7124,15566
7172,15580
7175,15592
7200,15642
7239,15667
7273,15673
7286,15708
7297,15736
7324,15780
7340,15786
7369,15834
7399,15851
7439,15866
7445,15906
7488,15925
7506,15932
7541,15975
7576,15995
7582,16019
7621,16061
7646,16065
7686,16113
7721,16131
7730,16137
7757,16173
7784,16210
7840,16203
7849,16249
7885,16261
7890,16292
7933,16327
7964,16362
7982,16354
7999,18
8037,34
8048,52
8101,91
8105,119
8140,170
8167,188
8191,240
8218,270
8255,287
8264,326
8284,355
8325,400
8344,417
8366,470
8369,507
8411,529
8413,545
8433,575
8454,606
8481,637
8503,665
8528,712
8547,709
8560,753
8595,767
8599,765
8620,823
8627,806
8675,851
8694,840
8689,854
8705,889
8752,901
8751,912
8760,942
8789,940
8793,996
8784,989
8823,1009
8840,1028
8862,1036
8876,1084
8895,1093
8903,1110
8952,1139
8954,1166
8982,1185
9009,1243
9022,1263
9044,1292
9061,1313
9094,1393
9097,1398
9127,1425
9145,1474
9178,1525
9177,1575
9218,1586
9260,1652
9276,1677
9279,1737
9314,1782
9337,1821
9382,1838
9396,1900
9430,1907
9432,1959
9482,1981
9505,2029
9537,2077
9549,2095
9580,2123
9600,2163
9623,2207
9664,2241
9675,2268
9703,2297
9728,2304
9763,2343
9805,2395
9820,2438
9851,2477
9872,2494
9928,2533
9952,2570
9973,2641
10002,2671
10042,2727
10054,2774
10074,2808
10114,2871
10114,2918
10147,2930
10181,2996
10213,3047
10228,3103
10257,3149
10294,3188
10311,3234
10348,3274
10369,3346
10413,3351
10428,3406
10462,3460
10481,3454
10498,3489
10517,3517
10543,3553
10568,3574
10580,3594
10608,3610
10629,3634
10643,3646
10674,3664
10684,3684
10710,3705
10738,3695
10745,3737
10756,3727
10801,3733
10811,3751
10831,3758
10841,3781
10865,3801
10888,3832
10905,3807
10913,3878
10928,3881
10961,3898
10957,3920
10992,3962
11008,3957
11016,4000
11037,4023
11065,4048
11096,4083
11105,4117
11136,4132
11146,4160
11161,4190
11196,4216
11217,4271
11233,4274
11260,4297
11278,4333
11320,4357
11339,4388
11334,4411
11374,4434
11407,4467
11419,4463
11444,4479
11471,4505
11497,4518
11518,4558
11562,4568
11566,4571
11594,4592
11633,4597
11644,4634
11679,4625
11714,4645
11722,4652
11745,4689
11782,4682
11793,4713
11813,4713
11850,4739
11875,4757
11892,4787
11908,4808
11957,4850
11978,4899
12017,4907
12037,4943
12080,4981
12101,4998
12136,5028
12141,5050
12183,5090
12187,5093
12243,5155
12257,5174
12288,5189
12325,5231
12334,5248
12358,5273
12371,5305
12412,5323
12437,5349
12463,5360
12504,5392
12535,5392
12537,5428
12568,5436
12587,5430
12631,5442
12650,5459
12681,5468
12708,5471
12707,5490
12741,5489
12758,5502
12779,5499
12789,5516
12805,5523
12857,5547
12866,5538
12880,5545
12889,5547
12913,5567
12919,5575
12949,5592
12982,5590
13005,5605
13021,5622
13014,5643
13030,5670
13058,5687
13094,5702
13110,5704
13118,5736
13149,5758
13167,5778
13152,5790
13171,5807
13188,5823
13222,5833
13243,5853
13289,5875
13268,5884
13295,5886
13318,5890
13333,5942
13354,5939
13406,5946
13396,5957
13443,5974
13440,5960
13458,5983
13493,5985
13524,6000
13523,5997
13541,6009
13568,6024
13587,6007
13610,6036
13649,6044
13665,6063
13678,6069
13728,6083
13728,6077
13752,6102
13797,6111
13840,6144
13856,6162
13865,6181
13916,6187
13919,6199
13951,6209
13962,6247
14018,6277
14041,6291
14055,6329
14086,6338
14121,6345
14140,6394
14165,6400
14213,6436
14230,6452
14253,6487
14277,6482
14312,6524
14332,6524
14393,6552
14386,6586
14433,6598
14427,6629
14484,6654
14501,6647
14543,6686
14564,6689
14597,6711
14628,6720
14625,6709
14667,6745
14685,6745
14682,6784
14733,6789
14757,6793
14774,6783
14809,6790
14836,6824
14836,6832
14877,6855
14889,6872
14910,6862
14933,6893
14953,6893
14978,6896
14993,6927
15023,6934
15048,6934
15051,6961
15084,6992
15093,7003
15109,7013
15127,7016
15148,7047
15169,7071
15209,7090
15232,7116
15227,7116
15257,7168
15278,7184
15302,7179
15326,7209
15336,7230
15361,7247
15378,7260
15398,7262
15413,7280
15430,7310
15464,7314
15461,7329
15472,7360
15506,7356
15531,7369
15558,7388
15573,7402
15617,7415
15628,7431
15640,7449
15685,7444
15702,7469
15724,7498
15751,7487
15756,7499
15794,7525
15795,7537
15841,7564
15854,7586
15875,7603
15914,7601
15928,7649
15955,7679
15981,7691
16009,7739
16040,7757
16068,7775
16082,7818
16121,7871
16141,7881
16170,7910
16189,7946
16229,7971
16246,7999
16276,8024
16317,8079
16338,8136
16348,8146
3,8165
37,8210
58,8236
85,8265
120,8313
125,8328
183,8363
202,8393
231,8437
277,8455
290,8468
315,8495
336,8516
354,8544
378,8581
428,8624
440,8637
455,8669
475,8689
511,8713
529,8773
562,8790
576,8812
615,8849
612,8868
649,8892
699,8935
710,8956
708,9004
747,9017
778,9047
780,9093
804,9135
818,9154
846,9177
863,9227
895,9229
888,9270
927,9317
938,9350
928,9370
983,9398
972,9418
1009,9445
1037,9447
1055,9520
1085,9513
1101,9535
1094,9572
1129,9589
1155,9608
1170,9617
1197,9644
1219,9662
1224,9690
1247,9715
1251,9734
1271,9752
1278,9763
1333,9776
1334,9809
1357,9819
1383,9871
1408,9908
1435,9900
1455,9945
1488,9992
1485,10012
1525,10038
1538,10079
1570,10118
1576,10140
1612,10182
1611,10242
1629,10307
1678,10330
1684,10388
1727,10432
1752,10472
1776,10529
1796,10574
1828,10614
1883,10673
1903,10731
1926,10801
1950,10836
1981,10875
2023,10914
2048,10951
2075,10971
2096,11036
2118,11099
2147,11097
2172,11167
2207,11172
2246,11198
2257,11250
2300,11250
2313,11321
2348,11351
2397,11379
2418,11399
2476,11442
2483,11467
2492,11451
2544,11497
2557,11529
2564,11559
2624,11602
2625,11677
2648,11662
2660,11708
2698,11705
2716,11773
2746,11793
2763,11825
2800,11894
2800,11897
2859,11928
2868,11986
2890,12028
2935,12031
2929,12058
2934,12078
2965,12129
3008,12166
3007,12192
3039,12191
3036,12236
3062,12249
3075,12279
3104,12324
3140,12328
3155,12355
3182,12367
3182,12402
3197,12401
3228,12419
3244,12437
3261,12433
3298,12467
3316,12488
3348,12483
3362,12501
3375,12505
3396,12547
3412,12563
3445,12558
3456,12557
3466,12571
3493,12595
3512,12599
3544,12625
3561,12601
3573,12621
3582,12660
3631,12687
3645,12683
3654,12711
3699,12733
3716,12742
3744,12813
3753,12823
3779,12841
3782,12872
3827,12888
3845,12920
3866,12946
3897,12990
3916,13027
3942,13030
3969,13077
4009,13100
4008,13126
4051,13131
4080,13175
4096,13194
4121,13237
4163,13247
4175,13279
4193,13300
4215,13321
4259,13366
4272,13364
4286,13384
4349,13392
4369,13409
4389,13447
4421,13445
4438,13454
4480,13468
4509,13490
4556,13512
4588,13508
4609,13546
4624,13543
4653,13552
4683,13558
4688,13586
4715,13593
4737,13598
4788,13618
4805,13649
4823,13673
4816,13708
4896,13712
4881,13739
4922,13731
4941,13771
4961,13791
5002,13825
5019,13827
5041,13853
5054,13858
5068,13915
5096,13914
5128,13937
5149,13943
5169,13973
5179,13995
5195,13991
5216,14009
5222,14005
5266,14042
5265,14063
5294,14060
5301,14082
5325,14077
5346,14094
5345,14109
5389,14113
5390,14068
5422,14121
5455,14125
5446,14129
5482,14139
5497,14147
5496,14158
5531,14149
5551,14169
5556,14177
5573,14184
5607,14191
5602,14175
5644,14193
5660,14197
5680,14224
5697,14221
5717,14225
5745,14243
5769,14260
5784,14269
5823,14294
5835,14297
5864,14327
5871,14359
5919,14365
5947,14395
5949,14399
5977,14419
6003,14469
6016,14478
6051,14501
6059,14514
6090,14552
6122,14560
6153,14585
6202,14590
6217,14606
6249,14642
6284,14652
6295,14676
6335,14698
6366,14722
6368,14736
6411,14745
6454,14777
6472,14793
6511,14795
6524,14804
6548,14843
6577,14833
6602,14868
6630,14855
6655,14855
6678,14887
6710,14899
6757,14914
6765,14931
6789,14945
6814,14964
6844,14986
6896,14985
6903,15022
6924,15032
6967,15049
6999,15066
7042,15094
7037,15109
7055,15118
7084,15152
7107,15179
7130,15187
7149,15213
7167,15224
7201,15257
7231,15285
7237,15310
7265,15314
7268,15331
7313,15379
7336,15381
7357,15401
7357,15397
7385,15410
7409,15413
7413,15447
7436,15470
7456,15481
7477,15489
7490,15504
7521,15523
7527,15537
7562,15540
7571,15541
7593,15559
7626,15571
7631,15585
7665,15577
7668,15604
7704,15622
7709,15640
7722,15641
7763,15650
7772,15660
7788,15692
7809,15712
7832,15706
7864,15720
7891,15721
7899,15779
7922,15794
7949,15827
7970,15843
7999,15881
8023,15910
8048,15921
8053,15943
8101,15977
8118,16000
8155,16051
8174,16067
8191,16084
8209,16112
8250,16144
8261,16184
8295,16219
8306,16237
8353,16253
8373,16273
8390,16324
8417,16331
8440,16360
8457,1
8479,6
8520,35
8552,56
8583,93
8599,122
8633,135
8670,172
8702,190
8738,246
8748,240
8778,302
8797,340
8822,366
8857,393
8869,442
8902,462
8951,518
8959,571
9006,600
9018,642
9068,685
9098,705
9119,761
9148,825
9169,877
9201,883
9222,938
9244,976
9281,1015
9296,1048
9318,1068
9329,1108
9364,1136
9379,1171
9412,1208
9422,1230
9451,1244
9477,1282
9500,1296
9518,1322
9536,1317
9574,1358
9587,1385
9596,1402
9620,1393
9649,1449
9648,1432
9661,1476
9677,1489
9692,1500
9719,1541
9709,1555
9738,1578
9767,1613
9775,1635
9822,1662
9826,1692
9836,1707
9865,1722
9877,1768
9910,1794
9925,1837
9934,1896
9960,1936
9994,1920
9981,2024
10016,2054
10052,2078
10067,2121
10084,2147
10107,2200
10129,2237
10142,2286
10191,2275
10200,2337
10250,2358
10251,2413
10284,2428
10304,2445
10343,2493
10362,2508
10388,2551
10409,2601
10442,2603
10465,2651
10478,2689
10502,2679
10527,2757
10566,2782
10588,2786
10605,2817
10647,2871
10660,2882
10686,2943
10712,2978
10769,3002
10783,3032
10828,3095
10849,3147
10869,3198
10890,3221
10921,3282
10936,3315
10976,3352
10981,3410
11026,3449
11058,3505
11083,3565
11101,3583
11141,3621
11153,3712
11218,3735
11225,3776
11244,3808
11288,3834
11305,3853
11358,3898
11361,3914
11390,3940
11410,3975
11455,3975
11472,3997
11487,4021
11505,4046
11545,4045
11545,4073
11576,4084
11596,4084
11633,4112
11628,4126
11657,4122
11695,4129
11696,4158
11740,4184
11749,4193
11748,4196
11770,4215
11797,4233
11811,4228
11827,4266
11847,4305
11866,4323
11885,4336
11905,4385
11910,4387
11941,4430
11966,4413
11973,4479
11982,4496
12026,4516
12039,4538
12074,4589
12102,4604
12103,4632
12142,4646
12148,4698
12161,4709
12169,4715
12213,4745
12218,4744
12247,4758
12255,4786
12306,4804
12297,4816
12310,4826
12356,4845
12387,4846
12396,4881
12402,4874
12443,4893
12474,4902
12509,4897
12510,4905
12544,4925
12589,4946
12578,4955
12629,4979
12657,4994
12678,4990
12694,5012
12692,5041
12733,5066
12765,5100
12788,5114
12814,5153
12837,5177
12890,5184
12889,5219
12921,5251
12954,5278
13001,5319
13003,5328
13030,5362
13085,5379
13105,5420
13126,5438
13146,5465
13180,5496
13190,5504
13211,5553
13274,5577
13299,5587
13326,5606
13334,5621
13375,5641
13387,5641
13405,5656
13444,5659
13480,5682
13516,5675
13515,5685
13551,5702
13569,5709
13621,5715
13628,5736
13659,5750
13669,5744
13676,5762
13721,5770
13734,5778
13733,5782
13783,5791
13788,5804
13821,5825
13821,5837
13840,5853
13866,5870
13903,5862
13902,5890
13918,5916
13929,5921
13970,5940
13981,5983
13993,5970
14043,5994
14025,6013
14065,6032
14081,6023
14107,6044
14109,6054
14110,6078
14125,6075
14158,6118
14170,6128
14211,6134
14216,6129
14221,6162
14263,6169
14272,6182
14288,6188
14317,6190
14337,6205
14354,6208
14377,6228
14386,6214
14402,6242
14423,6230
14449,6237
14488,6266
14504,6249
14528,6266
14543,6287
14557,6295
14592,6310
14605,6317
14627,6333
14660,6335
14678,6374
14719,6353
14734,6384
14764,6405
14809,6435
14816,6418
14847,6437
14877,6475
14898,6506
14943,6511
14965,6561
14998,6574
15015,6587
15042,6620
15062,6650
15071,6669
15126,6687
15140,6729
15187,6746
15213,6771
15224,6778
15255,6798
15285,6819
15322,6838
15347,6856
15366,6873
15408,6894
15419,6917
15487,6943
15484,6960
15518,6976
15539,6999
15558,6995
15582,7017
15625,7035
15636,7056
15659,7062
15689,7080
15692,7092
15738,7090
15776,7111
15789,7109
15804,7143
15812,7148
15837,7173
15866,7178
15877,7195
15909,7228
15942,7252
15940,7256
15975,7283
16006,7304
16006,7306
16047,7321
16048,7327
16069,7352
16087,7364
16106,7384
16132,7408
16169,7448
16164,7463
16188,7462
16211,7497
16246,7539
16262,7554
16281,7565
16307,7589
16305,7601
16321,7608
16328,7620
16358,7624
16377,7658
12,7666
24,7684
39,7712
60,7712
96,7730
127,7762
152,7762
158,7788
181,7780
200,7808
218,7811
249,7849
272,7858
267,7886
319,7893
324,7933
346,7946
380,7957
398,7971
420,8016
449,8043
493,8038
500,8090
521,8134
543,8142
584,8178
595,8202
629,8235
664,8286
688,8310
715,8361
720,8366
759,8415
805,8455
841,8496
858,8542
870,8547
892,8612
909,8642
966,8686
976,8709
1012,8755
1052,8778
1087,8805
1103,8860
1118,8879
1177,8900
1189,8958
1220,8976
1258,8994
1277,9018
1304,9056
1336,9078
1350,9146
1370,9163
1386,9206
1415,9235
1440,9271
1454,9302
1495,9341
1520,9359
1542,9386
1554,9443
1606,9472
1616,9491
1639,9521
1663,9565
1676,9578
1690,9645
1731,9675
1742,9714
1766,9743
1787,9782
1808,9836
1821,9891
1832,9896
1868,9936
1873,9967
1919,9982
1940,10034
1934,10060
1967,10081
1981,10122
2005,10159
2041,10167
2048,10180
2075,10202
2103,10227
2118,10246
2135,10305
2125,10304
2144,10310
2175,10336
2173,10357
2206,10385
2219,10361
2239,10437
2264,10426
2282,10432
2313,10444
2324,10498
2355,10489
2351,10525
2375,10555
2414,10585
2425,10631
2436,10642
2462,10676
2477,10724
2510,10750
2533,10794
2539,10831
2568,10879
2589,10922
2617,10935
2648,10998
2665,11049
2711,11098
2718,11123
2770,11195
2803,11267
2812,11286
2840,11320
2877,11383
2922,11421
2935,11447
2959,11493
2986,11534
3005,11590
3027,11605
3048,11614
3087,11686
3122,11705
3140,11728
3175,11770
3220,11812
3260,11842
3265,11853
3304,11879
3336,11885
3338,11956
3398,11938
3423,11957
3433,12018
3454,12040
3493,12057
3508,12070
3556,12144
3558,12115
3600,12163
3615,12180
3638,12230
3664,12234
3705,12302
3711,12295
3734,12326
3758,12353
3795,12394
3802,12448
3838,12465
3851,12477
3848,12508
3877,12525
3923,12559
3944,12586
3955,12669
3957,12641
3988,12686
4021,12691
4016,12699
4044,12733
4071,12749
4075,12761
4096,12812
4119,12814
4131,12810
4158,12833
4189,12833
4192,12836
4226,12853
4251,12872
4260,12880
4285,12898
4305,12895
4312,12920
4361,12911
4343,12931
4376,12939
4391,12956
4415,12961
4442,12984
4460,12983
4481,13001
4492,13016
4511,13003
4553,13051
4563,13049
4593,13055
4608,13109
4634,13130
4671,13145
4669,13182
4686,13214
4714,13236
4736,13246
4747,13277
4793,13300
4813,13340
4851,13365
4867,13364
4906,13406
4930,13421
4945,13453
4957,13486
4985,13493
5001,13515
5045,13572
5077,13564
5103,13586
5116,13592
5149,13619
5160,13646
5210,13639
5219,13661
5264,13668
5272,13687
5317,13714
5337,13716
5370,13737
5405,13764
5434,13763
5462,13762
5480,13781
5528,13790
5549,13819
5557,13839
5592,13840
5624,13845
5653,13875
5690,13878
5677,13883
5721,13921
5764,13939
5787,13962
5821,13972
5834,14010
5839,14022
5888,14038
5898,14068
5924,14072
5935,14077
5996,14109
5989,14139
6001,14151
6033,14179
6055,14190
6065,14197
6101,14233
6113,14232
6125,14245
6164,14272
6202,14279
6221,14302
6224,14290
6256,14323
6245,14333
6264,14338
6289,14345
6299,14360
6316,14378
6349,14368
6359,14371
6380,14390
6399,14388
6415,14384
6432,14398
6464,14406
6473,14404
6480,14394
6525,14413
6525,14429
6542,14432
6561,14443
6568,14456
6608,14460
6618,14489
6645,14465
6664,14486
6698,14516
6720,14515
6725,14521
6759,14543
6762,14567
6794,14589
6827,14602
6849,14621
6851,14658
6899,14669
6908,14685
6937,14699
6966,14731
7008,14739
7025,14767
7036,14771
7046,14802
7097,14813
7101,14841
7144,14860
7167,14901
7181,14901
7222,14921
7241,14935
7244,14968
7284,14970
7329,14981
7344,15011
7374,15014
7389,15022
7412,15030
7456,15048
7493,15049
7514,15070
7559,15099
7559,15122
7594,15143
7627,15150
7637,15166
7698,15188
7716,15228
7742,15216
7763,15248
7805,15277
7831,15282
7856,15312
7885,15335
7903,15357
7929,15401
7963,15387
7988,15439
8011,15467
8039,15481
8063,15523
8093,15525
8083,15562
8115,15582
8134,15608
8181,15628
8177,15633
8214,15650
8237,15685
8248,15688
8264,15696
8278,15720
8318,15714
8338,15735
8343,15737
8368,15763
8405,15777
8414,15791
8400,15809
8425,15806
8462,15806
8465,15835
8491,15845
8514,15869
8525,15869
8549,15865
8558,15896
8597,15928
8606,15932
8636,15933
8659,15995
8681,16013
8681,16023
8693,16033
8734,16061
8755,16083
8783,16125
8782,16135
8821,16163
8842,16187
8855,16217
8879,16248
8906,16254
8913,16282
8933,16327
8972,16344
9000,7
9016,16381
9046,29
9095,52
9090,52
9115,108
9138,134
9158,135
9183,154
9208,165
9236,203
9257,206
9272,270
9306,275
9333,299
9348,333
9373,334
9405,379
9416,407
9453,470
9465,475
9507,516
9557,559
9573,594
9612,611
9637,650
9659,712
9687,744
9701,813
9739,850
9784,911
9807,943
9810,1022
9844,1021
9879,1080
9892,1150
9939,1190
9967,1217
9988,1276
10020,1286
10061,1347
10090,1380
10119,1403
10138,1442
10166,1476
10203,1508
10216,1555
10250,1598
10259,1630
10296,1646
10314,1672
10327,1689
10335,1715
10358,1738
10378,1748
10405,1785
10442,1800
10465,1818
10476,1868
10512,1886
10533,1932
10540,1930
10547,1923
10597,2017
10588,2045
10607,2063
10626,2090
10640,2113
10671,2131
10680,2170
10702,2212
10707,2226
10724,2289
10756,2290
10762,2362
10799,2381
10818,2413
10842,2466
10858,2521
10866,2506
10899,2561
10934,2599
10943,2601
10955,2643
10952,2655
10978,2678
11003,2689
11026,2718
11038,2774
11065,2764
11097,2785
11104,2844
11143,2855
11142,2856
11180,2911
11225,2896
11228,2924
11261,2952
11250,2971
11288,3006
11313,3023
11340,3033
11367,3069
11389,3095
11404,3108
11420,3179
11461,3223
11468,3250
11495,3288
11533,3327
11546,3360
11569,3433
11604,3455
11638,3508
11665,3548
11708,3575
11717,3630
11758,3680
11768,3698
11814,3739
11839,3805
11846,3851
11887,3897
11906,3947
11946,3972
11957,3993
12004,4042
12030,4069
12067,4111
12076,4118
12123,4155
12160,4139
12182,4163
12197,4197
12237,4218
12248,4238
12273,4264
12302,4300
12332,4307
12349,4318
12382,4344
12387,4354
12418,4347
12440,4379
12478,4392
12486,4410
12508,4439
12521,4434
12550,4474
12566,4492
12596,4531
12633,4536
12618,4583
12676,4588
12695,4600
12710,4634
12716,4649
12740,4698
12743,4714
12764,4720
12785,4734
12809,4770
12847,4789
12832,4812
12852,4864
12880,4884
12887,4882
12927,4906
12930,4936
12965,4946
12996,4964
13014,4981
13037,4981
13038,5008
13062,4997
13083,5038
13100,5016
13126,5024
13155,5047
13162,5043
13199,5057
13200,5072
13236,5085
13255,5077
13284,5096
13299,5109
13327,5110
13336,5129
13364,5133
13405,5153
13406,5151
13429,5191
13464,5168
13494,5224
13519,5241
13548,5253
13578,5269
13601,5313
13605,5309
13654,5361
13667,5370
13666,5391
13714,5424
13724,5469
13744,5477
13764,5496
13805,5548
13842,5570
13853,5595
13874,5602
13938,5639
13936,5651
13983,5678
14002,5699
14015,5729
14048,5750
14090,5767
14117,5769
14143,5783
14164,5802
14197,5796
14243,5821
14265,5825
14288,5851
14335,5865
14336,5871
14393,5892
14402,5907
14416,5911
14460,5923
14471,5933
14491,5935
14533,5940
14563,5963
14586,5986
14602,6002
14621,5996
14658,5990
14681,6029
14693,6027
14710,6056
14728,6090
14749,6079
14770,6119
14806,6124
14832,6135
14835,6159
14867,6175
14879,6209
14918,6213
14921,6241
14953,6249
14946,6266
14943,6272
14999,6300
15000,6312
15032,6322
15029,6342
15072,6346
15092,6338
15079,6368
15096,6378
15136,6387
15137,6390
15165,6408
15190,6424
15209,6427
15232,6444
15245,6437
15259,6444
15298,6458
15285,6463
15317,6470
15344,6470
15365,6471
15375,6492
15398,6494
15429,6511
15444,6518
15471,6528
15496,6552
15503,6551
15534,6570
15558,6594
15627,6601
15612,6608
15650,6630
15665,6649
15684,6645
15720,6677
15749,6695
15769,6723
15802,6783
15829,6771
15843,6796
15877,6827
15907,6838
15948,6876
15965,6882
15999,6930
16011,6957
16046,6976
16072,7002
16111,7028
16139,7034
16140,7054
16197,7087
16230,7107
16238,7118
16277,7142
16297,7177
16318,7188
16356,7223
16383,7231
46,7236
50,7281
80,7298
104,7306
122,7320
142,7350
164,7364
194,7361
233,7385
260,7416
287,7422
313,7437
326,7457
360,7486
372,7494
421,7535
440,7550
454,7549
467,7592
502,7617
530,7644
547,7657
552,7668
575,7688
603,7736
624,7726
654,7774
677,7800
682,7823
720,7817
741,7869
770,7869
761,7892
777,7928
818,7947
838,7954
849,7995
868,7983
876,8012
891,8043
926,8032
950,8078
971,8079
988,8118
992,8117
1017,8137
1025,8137
1054,8174
1091,8171
1101,8197
1124,8193
1151,8215
1169,8250
1192,8253
1214,8271
1237,8331
1248,8334
1270,8347
1308,8391
1316,8408
1336,8430
1369,8457
1380,8471
1424,8508
1439,8547
1451,8589
1478,8645
1502,8651
1557,8687
1574,8749
1594,8781
1615,8815
1660,8875
1692,8902
1695,8948
1748,8978
1760,9015
1811,9066
1796,9080
1842,9140
1860,9200
1896,9222
1937,9253
1962,9269
1988,9364
2016,9392
2077,9430
2085,9485
2106,9504
2154,9521
2158,9567
2204,9603
2233,9641
2252,9687
2264,9706
2292,9740
2335,9785
2338,9829
2376,9843
2413,9883
2427,9931
2457,9976
2483,9995
2500,10040
2551,10076
2545,10113
2604,10114
2611,10177
2641,10209
2654,10254
2661,10294
2695,10329
2732,10358
2728,10403
2761,10462
2767,10510
2788,10518
2838,10569
2835,10588
2856,10627
2888,10685
2890,10694
2931,10725
2952,10760
2964,10816
2986,10825
3001,10871
3024,10865
3043,10899
3065,10889
3085,10903
3080,11003
3113,10994
3113,11013
3147,11027
3158,11048
3184,11029
3185,11096
3232,11094
3242,11099
3267,11129
3270,11150
3308,11164
3321,11175
3340,11200
3348,11178
3393,11228
3412,11260
3424,11294
3452,11323
3476,11344
3477,11394
3505,11417
3527,11474
3565,11508
3572,11524
3590,11576
3633,11629
3652,11611
3682,11666
3699,11712
3717,11751
3742,11810
3787,11859
3818,11904
3837,11938
3863,11983
3887,12020
3929,12063
3940,12086
3972,12132
4021,12170
4046,12192
4066,12224
4097,12241
4102,12276
4140,12286
4169,12299
4200,12340
4233,12345
4249,12374
4287,12393
4320,12413
4337,12434
4368,12470
4401,12483
4415,12499
4453,12518
4479,12538
4488,12568
4509,12579
4550,12597
4571,12633
4589,12665
4624,12681
4650,12744
4677,12770
4697,12792
4726,12814
4765,12856
4769,12860
4792,12907
4837,12932
4846,12962
4872,12987
4889,12996
4910,13026
4940,13029
4939,13062
4970,13095
4990,13100
4991,13139
5042,13145
5035,13165
5071,13192
5098,13200
5101,13209
5138,13230
5151,13239
5167,13247
5195,13256
5211,13266
5227,13249
5258,13267
5268,13283
5287,13281
5302,13307
5320,13294
5345,13309
5358,13306
5363,13331
5397,13331
5416,13351
5443,13373
5457,13380
5490,13365
5501,13403
5512,13412
5560,13428
5565,13445
5587,13466
5629,13505
5636,13484
5652,13543
5667,13558
5720,13562
5738,13606
5766,13632
5768,13658
5814,13666
5819,13687
5858,13715
5869,13733
5921,13753
5942,13780
5977,13817
5993,13831
6012,13849
6039,13861
6052,13902
6114,13904
6093,13913
6144,13942
6169,13924
6193,13957
6216,13959
6240,13974
6271,13979
6302,14009
6331,14003
6369,14034
6375,14031
6419,14047
6443,14067
6480,14090
6511,14090
6548,14101
6546,14133
6603,14123
6623,14159
6643,14171
6694,14181
6698,14206
6725,14227
6758,14256
6778,14258
6789,14297
6808,14330
6846,14337
6863,14359
6900,14403
6923,14395
6967,14427
6976,14442
7007,14470
7005,14469
7047,14493
7061,14515
7082,14524
7104,14534
7131,14554
7149,14554
7175,14564
7181,14589
7214,14603
7216,14599
7244,14613
7258,14625
7267,14627
7275,14639
7310,14626
7335,14645
7356,14653
7354,14649
7375,14666
7401,14655
7434,14661
7423,14683
7455,14676
7477,14688
7483,14697
7506,14714
7545,14713
7561,14734
7560,14752
7584,14731
7610,14768
7610,14776
7652,14803
7668,14820
7685,14826
7701,14845
7719,14890
7748,14901
7776,14912
7809,14943
7823,14952
7834,14977
7876,15000
7899,14997
7915,15036
7955,15035
7961,15083
7996,15078
8000,15111
8023,15111
8051,15130
8089,15147
8118,15178
8132,15191
8160,15200
8192,15210
8213,15216
8232,15249
8276,15262
8308,15258
8330,15272
8341,15312
8393,15317
8409,15340
8453,15353
8465,15371
8490,15413
8517,15427
8562,15458
8585,15493
8607,15509
8648,15546
8680,15582
8707,15597
8725,15646
8754,15643
8801,15671
8814,15717
8853,15737
8886,15768
8898,15802
8935,15814
8958,15876
8978,15870
9012,15891
9034,15938
9051,15941
9076,15970
9100,16010
9127,16008
9144,16022
9172,16042
9187,16071
9200,16091
9241,16104
9277,16117
9273,16147
9293,16141
9305,16165
9340,16186
9345,16197
9376,16220
9391,16216
9407,16231
9422,16243
9451,16267
9471,16283
9494,16310
9499,16338
9542,16359
9529,7
9545,47
9581,44
9614,88
9647,74
9627,109
9662,142
9700,183
9715,177
9724,238
9741,234
9760,280
9791,280
9823,340
9837,355
9857,382
9877,425
9904,456
9925,477
9953,515
9978,513
10001,547
10012,519
10040,566
10090,598
10098,618
10119,634
10141,687
10168,708
10184,727
10213,756
10222,752
10240,809
10297,869
10290,886
10331,927
10357,933
10396,988
10409,1029
10445,1049
10466,1082
10493,1115
10534,1164
10544,1210
10557,1271
10606,1332
10632,1368
10667,1416
10686,1524
10701,1502
10729,1586
10761,1646
10814,1676
10816,1744
10846,1798
10888,1818
10927,1889
10950,1898
10982,1938
11013,1988
11031,2043
11050,2090
11096,2124
11118,2176
11148,2191
11168,2232
11208,2266
11216,2259
11239,2308
11278,2330
11281,2366
11297,2371
11334,2398
11356,2457
11381,2477
11416,2505
11430,2491
11429,2523
11472,2570
11492,2598
11513,2635
11538,2673
11554,2698
11576,2715
11583,2748
11601,2761
11612,2805
11626,2813
11651,2845
11660,2888
11670,2944
11721,2969
11714,2995
11738,3042
11769,3051
11770,3120
11806,3118
11835,3158
11840,3196
11865,3241
11880,3239
11888,3278
11925,3297
11909,3322
11954,3342
11962,3332
11981,3375
12018,3384
12031,3421
12039,3449
12070,3443
12085,3455
12128,3502
12127,3487
12165,3525
12189,3528
12204,3564
12247,3581
12253,3603
12280,3609
12287,3654
12309,3650
12334,3677
12364,3729
12373,3751
12404,3782
12417,3815
12477,3835
12480,3896
12477,3905
12536,3942
12568,3972
12599,4012
12637,4072
12638,4096
12676,4119
12725,4170
12732,4205
12783,4255
12782,4260
12838,4312
12837,4383
12867,4389
12915,4437
12929,4454
12944,4519
12991,4531
13041,4543
13042,4588
13085,4606
13087,4635
13130,4634
13168,4651
13177,4667
13214,4704
13228,4721
13273,4735
13312,4756
13320,4759
13357,4764
13378,4803
13393,4820
13422,4834
13432,4810
13493,4861
13503,4874
13506,4882
13517,4908
13562,4896
13573,4915
13597,4933
13620,4952
13668,4971
13669,4978
13698,5016
13713,5027
13731,5050
13740,5064
13748,5098
13767,5107
13806,5134
13822,5168
13841,5174
13860,5185
13866,5213
13897,5230
13923,5246
13942,5256
13963,5291
13984,5303
13996,5346
14021,5362
14049,5353
14062,5388
14085,5386
14093,5393
14136,5416
14163,5430
14162,5450
14174,5449
14197,5466
14229,5475
14252,5464
14264,5486
14285,5485
14323,5507
14335,5513
14367,5517
14401,5544
14422,5549
14439,5559
14462,5577
14478,5579
14527,5597
14551,5597
14575,5604
14591,5630
14628,5656
14645,5647
14656,5679
14674,5691
14699,5717
14761,5721
14766,5763
14783,5784
14819,5813
14859,5827
14874,5857
14910,5861
14957,5893
14964,5916
14997,5953
15017,5955
15040,5988
15074,6014
15093,6028
15130,6043
15162,6059
15197,6099
15198,6117
15224,6131
15246,6168
15295,6181
15322,6194
15328,6213
15370,6236
15400,6250
15422,6272
15465,6289
15465,6282
15506,6301
15537,6333
15568,6341
15580,6346
15633,6343
15636,6346
15643,6363
15676,6375
15697,6375
15729,6391
15741,6387
15744,6397
15790,6426
15806,6450
15843,6431
15841,6445
15877,6455
15877,6481
15931,6478
15914,6494
15949,6494
15983,6523
15978,6529
15998,6548
16039,6564
16039,6579
16058,6587
16098,6612
16086,6634
16100,6639
16123,6662
16158,6680
16185,6689
16181,6716
16192,6723
16216,6738
16225,6745
16249,6775
16276,6766
16303,6788
16325,6809
16343,6812
16355,6834
16361,6849
0,6856
30,6889
65,6899
74,6897
85,6889
100,6922
127,6927
157,6930
179,6945
191,6955
250,6984
263,6983
294,7014
309,7015
347,7033
351,7048
386,7052
397,7095
433,7105
449,7118
490,7175
521,7177
514,7196
566,7214
591,7230
630,7266
642,7296
679,7319
728,7350
741,7371
789,7402
819,7414
836,7449
865,7477
892,7511
916,7569
943,7577
964,7630
999,7653
1028,7682
1059,7721
1082,7721
1104,7736
1147,7773
1181,7802
1188,7851
1225,7843
1245,7871
1295,7903
1317,7945
1341,7942
1370,7942
1397,7981
1407,8007
1423,8010
1464,8012
1469,8067
1487,8073
1524,8113
1537,8146
1565,8150
1561,8166
1594,8162
1637,8206
1632,8210
1665,8241
1697,8243
1715,8289
1734,8295
1749,8313
1759,8363
1788,8356
1810,8389
1817,8390
1840,8438
1874,8462
1867,8478
1877,8523
1918,8560
1937,8562
1967,8630
1996,8618
1993,8677
2021,8691
2062,8707
2084,8746
2121,8751
2110,8788
2151,8824
2163,8839
2184,8879
2192,8911
2225,8971
2244,8951
2252,8981
2289,9012
2302,9030
2341,9058
2348,9074
2373,9091
2380,9121
2425,9165
2444,9181
2478,9241
2531,9225
2533,9267
2556,9300
2572,9331
2597,9355
2616,9406
2669,9438
2663,9479
2693,9506
2709,9568
2737,9586
2774,9628
2791,9681
2835,9748
2844,9772
2874,9803
2901,9881
2936,9923
2974,9970
3005,10029
3039,10088
3046,10139
3095,10189
3124,10231
3150,10278
3171,10339
3186,10406
3238,10441
3228,10450
3270,10512
3307,10541
3337,10574
3374,10596
3401,10680
3413,10723
3456,10738
3489,10799
3509,10825
3526,10836
3561,10859
3568,10910
3606,10917
3637,10913
3636,10927
3686,11000
3695,11003
3708,11042
3720,11028
3735,11102
3764,11104
3820,11158
3813,11151
3836,11188
3853,11239
3875,11250
3892,11280
3905,11318
3920,11377
3953,11384
3963,11419
3995,11422
4006,11450
4025,11490
4033,11523
4050,11556
4064,11611
4078,11610
4088,11662
4105,11640
4132,11702
4150,11763
4181,11747
4212,11798
4201,11796
4229,11800
4252,11814
4258,11844
4287,11865
4300,11878
4337,11890
4351,11943
4364,11925
4382,11946
4405,11967
4430,11995
4447,11990
4461,12015
4468,12049
4523,12037
4524,12077
4552,12068
4580,12087
4588,12126
4613,12133
4652,12182
4680,12210
4696,12230
4743,12256
4738,12277
4786,12330
4800,12343
4806,12364
4831,12411
4876,12433
4900,12474
4939,12526
4939,12547
4984,12616
4995,12632
5049,12661
5062,12698
5097,12757
5136,12760
5144,12784
5203,12832
5224,12876
5242,12906
5281,12913
5298,12947
5350,12967
5366,12973
5380,13014
5410,13012
5444,13049
5482,13062
5493,13091
5507,13089
5546,13108
5581,13131
5613,13153
5636,13154
5649,13177
5671,13186
5718,13200
5715,13205
5766,13214
5785,13217
5801,13249
5824,13263
5868,13265
5873,13281
5910,13326
5907,13322
5935,13349
5949,13376
5959,13401
5999,13407
6004,13431
6032,13435
6053,13465
6072,13490
6091,13529
6109,13536
6144,13559
6145,13563
6183,13583
6204,13592
6219,13624
6232,13642
6251,13662
6253,13664
6262,13694
6291,13714
6323,13715
6336,13743
6364,13749
6373,13745
6392,13754
6423,13763
6422,13772
6456,13785
6483,13795
6489,13804
6511,13805
6553,13813
6536,13811
6584,13821
6609,13826
6633,13839
6658,13860
6680,13867
6704,13890
6716,13878
6771,13918
6767,13893
6797,13921
6793,13939
6841,13944
6882,13984
6885,14003
6934,14007
6949,14049
6953,14062
7016,14072
7023,14092
7040,14124
7090,14168
7101,14173
7129,14172
7153,14225
7177,14247
7221,14258
7217,14294
7262,14310
7293,14334
7311,14361
7350,14364
7395,14409
7405,14401
7422,14416
7443,14445
7486,14450
7508,14455
7543,14461
7585,14490
7618,14480
7634,14505
7652,14519
7669,14512
7705,14540
7711,14539
7780,14569
7782,14584
7790,14586
7821,14609
7858,14622
7893,14623
7925,14632
7930,14678
7955,14679
7993,14691
8021,14704
8038,14714
8068,14751
8095,14773
8101,14795
8132,14825
8149,14831
8154,14845
8192,14874
8187,14885
8228,14899
8243,14930
8243,14941
8278,14952
8286,14949
8309,14983
8340,14991
8347,15017
8361,15008
8393,15026
8403,15042
8411,15046
8440,15048
8442,15054
8472,15064
8484,15070
8501,15082
8518,15088
8541,15090
8557,15107
8568,15094
8561,15103
8592,15110
8624,15121
8637,15137
8664,15150
8686,15155
8713,15174
8714,15182
8751,15197
8772,15226
8800,15222
8815,15246
8842,15265
8865,15282
8895,15325
8902,15338
8919,15373
8960,15388
8972,15415
9027,15426
9046,15482
9060,15484
9079,15524
9114,15546
9153,15552
9180,15557
9196,15596
9253,15621
9232,15654
9275,15669
9317,15709
9336,15729
9367,15757
9368,15752
9410,15790
9444,15810
9455,15821
9485,15847
9513,15871
9536,15874
9567,15918
9609,15927
9630,15951
9687,15981
9697,16009
9718,16024
9780,16055
9784,16115
9810,16120
9847,16148
9880,16198
9896,16212
9938,16264
9950,16307
9960,16323
10015,16367
10024,15
10038,46
10071,77
10111,89
10134,121
10171,141
10190,164
10218,216
10229,215
10253,267
10271,294
10291,314
10337,313
10330,361
10360,366
10375,374
10391,410
10428,406
10433,449
10465,459
10476,496
10504,496
10505,517
10540,511
10544,545
10569,583
10612,614
10613,569
10637,615
10648,638
10669,671
10673,681
10694,712
10729,737
10726,757
10744,771
10773,843
10782,824
10795,906
10839,901
10855,940
10871,999
10899,1035
10927,1073
10942,1089
10967,1151
11009,1163
11029,1210
11027,1239
11065,1293
11098,1332
11123,1343
11133,1399
11155,1422
11183,1461
11220,1521
11236,1548
11247,1546
11284,1604
11312,1627
11325,1682
11388,1713
11386,1744
11429,1772
11426,1762
11476,1804
11469,1840
11536,1881
11540,1902
11577,1930
11599,1980
11628,2040
11662,2079
11676,2133
11695,2165
11722,2201
11742,2227
11774,2278
11806,2346
11845,2379
11874,2460
11887,2469
11939,2542
11952,2595
11992,2623
12014,2700
12054,2754
12085,2775
12088,2826
12102,2901
12129,2937
12162,3016
12200,3002
12209,3053
12239,3080
12267,3123
12277,3143
12306,3179
12352,3193
12365,3235
12382,3256
12396,3283
12425,3315
12449,3344
12467,3363
12502,3370
12512,3408
12537,3375
12547,3426
12564,3431
12583,3435
12598,3442
12626,3495
12643,3495
12646,3511
12684,3533
12689,3547
12722,3576
12749,3594
12745,3604
12786,3646
12785,3646
12814,3676
12810,3700
12830,3720
12853,3746
12876,3755
12882,3784
12901,3814
12920,3856
12935,3887
12947,3904
12976,3942
13000,3959
12999,4011
13044,4018
13054,4060
13073,4080
13090,4098
13146,4154
13155,4125
13170,4163
13209,4183
13203,4213
13249,4228
13260,4253
13287,4280
13298,4294
13321,4290
13353,4313
13382,4365
13389,4355
13429,4364
13432,4408
13502,4396
13507,4445
13536,4454
13535,4485
13596,4494
13612,4516
13631,4532
13675,4548
13680,4588
13721,4564
13753,4611
13784,4648
13802,4669
13837,4708
13864,4732
13892,4785
13931,4799
13970,4811
13982,4850
13990,4872
14036,4919
14068,4957
14093,4953
14130,5007
14140,5050
14185,5063
14221,5105
14225,5116
14279,5130
14283,5179
14291,5211
14336,5238
14350,5233
14390,5257
14413,5298
14441,5305
14460,5327
14486,5334
14535,5364
14539,5367
14550,5370
14596,5386
14617,5403
14632,5392
14659,5419
14654,5418
14708,5419
14729,5428
14742,5439
14762,5450
14759,5476
14778,5456
14820,5485
14827,5481
14867,5492
14849,5482
14902,5512
14917,5508
14934,5524
14946,5532
14969,5553
14995,5553
15009,5565
15019,5585
15059,5601
15077,5624
15085,5642
15108,5661
15126,5686
15152,5669
15177,5689
15196,5736
15226,5748
15237,5765
15237,5791
15280,5803
15309,5805
15317,5835
15352,5849
15357,5884
15393,5900
15408,5902
15458,5939
15465,5944
15484,5963
15510,5977
15541,6001
15564,6026
15590,6023
15599,6043
15633,6063
15650,6061
15695,6078
15693,6101
15730,6090
15771,6110
15793,6107
15803,6125
15842,6142
15876,6138
15903,6164
15936,6187
15959,6197
15983,6211
16009,6235
16047,6225
16055,6232
16092,6271
16118,6284
16153,6290
16161,6328
16201,6337
16245,6347
16254,6367
16278,6411
16325,6416
16335,6433
16362,6458
26,6478
33,6513
66,6542
94,6553
121,6577
127,6589
183,6615
192,6658
243,6653
246,6690
271,6709
293,6714
328,6738
341,6762
357,6766
380,6780
407,6793
444,6811
428,6824
462,6838
505,6833
507,6852
535,6861
547,6874
577,6889
582,6898
621,6927
623,6918
646,6921
654,6935
685,6935
693,6954
710,6955
721,6956
729,6973
748,6960
776,6990
789,6994
826,7004
845,7015
861,7014
869,7046
886,7055
901,7083
933,7077
952,7097
966,7121
995,7133
1006,7160
1010,7176
1039,7205
1058,7202
1062,7237
1101,7235
1125,7272
1142,7262
1156,7317
1213,7350
1231,7364
1246,7370
1281,7417
1322,7423
1317,7459
1353,7492
1387,7497
1410,7508
1415,7527
1455,7553
1468,7588
1506,7591
1515,7632
1540,7652
1584,7676
1626,7708
1616,7714
1660,7705
1691,7781
1725,7769
1768,7791
1777,7815
1810,7856
1830,7892
1855,7903
1895,7949
1914,7954
1937,7998
1965,7995
1998,8034
2008,8058
2025,8121
2069,8131
2112,8171
2121,8209
2163,8253
2198,8280
2237,8321
2277,8347
2298,8380
2316,8439
2339,8445
2382,8473
2402,8524
2416,8536
2444,8562
2464,8624
2475,8671
2518,8678
2532,8704
2543,8758
2568,8742
2607,8785
2629,8830
2660,8836
2660,8884
2693,8867
2724,8881
2740,8942
2759,8918
2776,8952
2794,8971
2809,9027
2844,9009
2848,9035
2853,9055
2879,9059
2912,9070
2921,9105
2933,9135
2964,9186
2969,9181
2980,9217
2996,9250
3012,9272
3060,9262
3068,9304
3085,9317
3104,9371
3116,9392
3153,9441
3185,9470
3186,9517
3205,9553
3225,9562
3234,9630
3262,9662
3312,9720
3321,9745
3346,9770
3354,9842
3397,9862
3436,9895
3460,9936
3468,9979
3509,10004
3536,10054
3551,10075
3562,10111
3594,10152
3611,10181
3646,10235
3664,10248
3697,10280
3712,10280
3731,10334
3766,10316
3791,10370
3803,10442
3839,10442
3870,10500
3902,10544
3934,10574
3950,10592
3973,10638
4004,10702
4034,10741
4041,10782
4096,10802
4113,10865
4112,10911
4150,10959
4193,11021
4185,11053
4236,11089
4285,11173
4302,11212
4305,11255
4342,11297
4369,11379
4400,11408
4414,11462
4441,11498
4485,11540
4522,11560
4547,11604
4559,11635
4598,11660
4601,11657
4640,11686
4647,11721
4667,11742
4692,11774
4723,11788
4762,11785
4774,11828
4793,11827
4804,11858
4856,11871
4857,11877
4898,11891
4894,11910
4897,11931
4935,11988
4961,11963
4974,11991
4998,12017
5014,12026
5028,12064
5044,12068
5049,12082
5061,12120
5101,12137
5109,12171
5120,12194
5133,12203
5157,12235
5188,12273
5197,12285
5218,12310
5212,12324
5251,12361
5274,12385
5296,12424
5301,12441
5342,12467
5337,12497
5366,12507
5370,12538
5408,12518
5414,12556
5444,12566
5461,12580
5483,12588
5510,12590
5516,12620
5558,12642
5585,12662
5610,12658
5622,12679
5663,12695
5674,12727
5723,12737
5726,12746
5728,12770
5779,12771
5802,12796
5838,12823
5875,12835
5862,12873
5913,12871
5922,12918
5970,12929
5985,12979
6020,12989
6028,13024
6033,13067
6096,13084
6121,13149
6159,13169
6196,13189
6217,13221
6252,13260
6276,13272
6305,13298
6336,13317
6361,13359
6384,13395
6428,13407
6431,13463
6468,13460
6492,13486
6523,13510
6537,13524
6574,13533
6597,13540
6642,13574
6634,13574
6693,13585
6718,13588
6732,13607
6767,13609
6781,13613
6806,13622
6838,13647
6848,13624
6883,13659
6903,13670
6916,13684
6950,13691
6968,13704
6999,13727
6995,13719
7036,13763
7048,13756
7069,13786
7110,13807
7133,13833
7153,13860
7154,13856
7173,13865
7218,13880
7207,13923
7254,13931
7254,13952
7271,13967
7293,13979
7321,14009
7305,14013
7332,14033
7351,14035
7370,14073
7384,14070
7411,14074
7435,14089
7443,14109
7472,14117
7491,14126
7514,14126
7541,14132
7552,14138
7568,14151
7615,14159
7622,14166
7629,14165
7672,14163
7666,14196
7719,14199
7738,14189
7761,14221
7779,14210
7814,14236
7834,14254
7864,14260
7887,14256
7899,14295
7936,14303
7949,14351
7989,14350
8038,14370
8056,14393
8066,14416
8094,14443
8110,14461
8138,14494
8183,14523
8201,14553
8216,14558
8229,14591
8281,14612
8297,14623
8320,14651
8369,14674
8373,14682
8394,14706
8427,14734
8460,14736
8502,14760
8501,14770
8548,14790
8566,14795
8597,14808
8614,14830
8649,14840
8672,14843
8706,14857
8737,14855
8765,14886
8778,14893
8808,14917
8846,14943
8870,14953
8884,14974
8920,14978
8931,14983
8957,15003
8989,15010
9025,15032
9052,15080
9069,15082
9083,15116
9123,15102
9155,15164
9164,15174
9178,15192
9195,15188
9216,15245
9233,15252
9259,15281
9287,15285
9293,15287
9332,15302
9335,15341
9345,15351
9376,15344
9393,15358
9408,15374
9422,15390
9445,15379
9448,15400
9479,15403
9491,15431
9500,15441
9520,15428
9537,15454
9562,15455
9556,15467
9594,15460
9600,15472
9617,15484
9640,15496
9650,15508
9677,15517
9692,15538
9736,15549
9755,15575
9768,15588
9795,15593
9799,15635
9822,15618
9858,15656
9870,15691
9888,15710
9917,15729
9946,15778
9952,15802
10007,15830
10020,15849
10052,15872
10071,15917
10095,15929
10117,15963
10165,15995
10198,16016
10202,16030
10228,16050
10253,16067
10286,16089
10300,16140
10326,16123
10355,16177
10387,16194
10393,16225
10429,16245
10468,16271
10505,16307
10528,16314
10526,16350
10565,8
10608,24
10638,42
10673,80
10704,102
10721,139
10747,153
10790,197
10803,249
10843,295
10871,335
10889,398
10915,391
10942,438
10975,473
10990,528
11026,531
11051,602
11066,626
11102,654
11136,692
11156,736
11194,773
11213,777
11234,832
11257,877
11282,900
11306,909
11327,954
11337,966
11366,1015
11365,1007
11405,1036
11424,1066
11454,1098
11457,1096
11492,1120
11519,1155
11528,1186
11543,1189
11561,1212
11592,1224
11605,1271
11633,1265
11640,1298
11664,1325
11663,1339
11675,1389
11703,1387
11724,1411
11742,1454
11753,1461
11780,1528
11788,1538
11805,1587
11846,1600
11853,1663
11886,1697
11900,1760
11931,1791
11935,1801
11972,1872
11988,1903
12031,1949
12039,1979
12049,1983
12079,2060
12111,2083
12121,2115
12149,2148
12172,2186
12193,2198
12226,2248
12236,2277
12275,2313
12282,2344
12320,2358
12349,2397
12380,2426
12381,2468
12435,2469
12444,2510
12470,2529
12494,2530
12516,2604
12549,2627
12564,2674
12601,2708
12600,2745
12656,2785
12671,2838
12693,2855
12730,2964
12753,2976
12773,3021
12814,3068
12853,3107
12873,3148
12886,3188
12896,3245
12949,3291
12966,3348
12984,3402
13033,3435
13063,3460
13089,3501
13105,3553
13130,3589
13172,3638
13191,3666
13209,3694
13246,3732
13279,3746
13285,3781
13319,3810
13331,3824
13361,3844
13402,3874
13409,3918
13448,3899
13448,3934
13481,3959
13514,3967
13522,3967
13551,3983
13568,4010
13596,4038
13598,4029
13638,4025
13647,4063
13649,4086
13684,4079
13694,4118
13720,4115
13722,4130
13763,4150
13773,4162
13786,4199
13791,4201
13817,4242
13836,4241
13845,4241
13877,4288
13888,4317
13877,4325
13929,4361
13934,4390
13972,4408
13975,4444
13985,4451
14014,4478
14025,4499
14028,4512
14088,4525
14101,4557
14105,4588
14130,4610
14145,4633
14174,4675
14186,4653
14224,4688
14224,4679
14274,4708
14297,4736
14305,4754
14340,4766
14383,4786
14397,4770
14426,4808
14453,4826
14433,4825
14488,4858
14509,4850
14547,4905
14558,4908
14596,4930
14626,4928
14658,4944
14683,4963
14713,4989
14743,4992
14766,5018
14791,5029
14821,5065
14853,5095
14860,5110
14933,5117
14926,5180
14973,5193
15013,5233
15028,5246
15053,5281
15087,5307
15103,5340
15142,5361
15183,5394
15210,5405
15210,5435
15261,5482
15294,5491
15305,5493
15351,5509
15343,5572
15382,5602
15412,5596
15447,5617
15470,5652
15485,5644
15491,5671
15528,5672
15562,5699
15557,5712
15608,5731
15611,5728
15658,5757
15661,5751
15684,5754
15716,5778
15737,5766
15761,5793
15776,5794
15781,5809
15804,5806
15842,5807
15868,5824
15857,5832
15881,5838
15914,5844
15917,5852
15946,5876
15965,5886
15997,5881
15999,5895
16049,5900
16057,5916
16061,5899
16079,5929
16110,5948
16111,5951
16141,5966
16154,5966
16176,6019
16209,6014
16220,6039
16238,6052
16259,6075
16284,6117
16296,6110
16319,6140
16332,6134
16366,6153
7,6183
36,6201
58,6195
73,6230
105,6257
108,6270
144,6304
181,6310
180,6322
208,6344
236,6365
240,6362
298,6377
301,6403
316,6409
362,6420
375,6431
405,6430
436,6462
468,6478
479,6483
530,6479
528,6498
574,6506
593,6533
610,6539
646,6549
682,6581
702,6591
724,6602
758,6645
783,6663
810,6660
832,6689
851,6709
919,6723
927,6758
960,6754
991,6787
1026,6783
1052,6826
1075,6848
1095,6874
1133,6889
1167,6897
1195,6960
1218,6958
1237,7009
1259,7000
1266,7038
1292,7056
1321,7079
1363,7111
1364,7125
1388,7148
1443,7165
1455,7166
1477,7184
1475,7211
1500,7224
1542,7230
1563,7236
1572,7252
1588,7274
1611,7282
1637,7311
1654,7308
1662,7312
1702,7340
1689,7332
1719,7355
1725,7374
1747,7376
1758,7375
1784,7388
1801,7371
1821,7395
1833,7421
1872,7423
1873,7443
1878,7448
1888,7470
1927,7468
1955,7507
1956,7476
1971,7521
2001,7521
2014,7565
2026,7568
2035,7576
2060,7600
2094,7616
2105,7636
2143,7668
2170,7699
2193,7751
2242,7735
2241,7799
2277,7791
2287,7815
2308,7874
2330,7902
2359,7936
2376,7956
2414,7984
2427,7995
2440,8021
2467,8042
2493,8059
2530,8102
2548,8119
2557,8117
2612,8168
2642,8186
2669,8224
2715,8247
2726,8291
2745,8303
2780,8338
2790,8356
2836,8370
2887,8420
2878,8452
2905,8477
2935,8502
2958,8542
2983,8558
3032,8612
3038,8624
3081,8702
3112,8708
3144,8761
3171,8803
3204,8836
3222,8881
3242,8931
3276,8966
3318,9015
3325,9071
3346,9121
3388,9139
3404,9201
3436,9197
3468,9282
3469,9320
3509,9348
3533,9367
3563,9400
3599,9450
3607,9487
3624,9514
3666,9543
3691,9562
3707,9593
3714,9610
3769,9663
3763,9669
3798,9684
3817,9711
3820,9718
3861,9751
3865,9763
3872,9820
3901,9809
3908,9811
3924,9846
3947,9870
3966,9887
3988,9908
4007,9933
4029,9985
4035,9962
4065,10032
4075,10028
4085,10072
4103,10123
4110,10149
4132,10171
4159,10223
4170,10272
4209,10326
4229,10339
4235,10381
4259,10452
4298,10499
4305,10515
4333,10537
4366,10576
4402,10606
4398,10674
4424,10683
4465,10723
4474,10730
4503,10753
4530,10796
4568,10867
4587,10874
4607,10895
4601,10946
4659,10942
4680,10993
4697,11031
4741,11042
4756,11072
4793,11122
4788,11123
4840,11161
4867,11199
4892,11228
4910,11244
4942,11301
4974,11341
5004,11402
5042,11427
5053,11482
5088,11528
5123,11545
5137,11607
5159,11658
5177,11689
5205,11739
5248,11802
5261,11827
5306,11884
5318,11944
5347,11963
5392,11993
5402,12053
5426,12072
5467,12119
5485,12142
5510,12169
5551,12174
5561,12181
5595,12227
5609,12246
5634,12266
5674,12272
5671,12288
5692,12318
5738,12315
5743,12331
5764,12352
5803,12365
5824,12382
5838,12384
5854,12403
5882,12425
5906,12436
5921,12466
5956,12482
5965,12495
6005,12527
6019,12552
6031,12571
6048,12581
6063,12623
6078,12631
6102,12679
6099,12675
6136,12711
6148,12721
6182,12777
6198,12782
6191,12788
6217,12830
6222,12823
6229,12855
6273,12871
6273,12907
6290,12916
6322,12955
6349,12955
6368,12933
6373,12945
6387,12965
6398,12956
6425,12969
6448,12976
6468,12996
6516,12993
6505,13017
6544,13037
6568,13016
6592,13043
6625,13036
6660,13076
6668,13098
6688,13095
6704,13091
6743,13131
6740,13143
6759,13175
6793,13175
6842,13238
6852,13250
6902,13266
6903,13323
6927,13346
6954,13358
6984,13397
7029,13435
7046,13447
7085,13479
7113,13513
7150,13514
7143,13557
7197,13609
7215,13612
7241,13640
7278,13632
7300,13684
7341,13713
7366,13704
7381,13748
7425,13763
7442,13769
7469,13775
7492,13806
7539,13791
7534,13820
7587,13832
7599,13838
7632,13849
7661,13871
7693,13880
7714,13900
7753,13917
7776,13939
7824,13928
7820,13932
7836,13940
7863,13977
7896,13966
7937,13996
7942,14036
7955,14061
7988,14062
8016,14092
8049,14117
8043,14135
8060,14136
8099,14178
8128,14186
8148,14200
8179,14227
8192,14233
8198,14256
8220,14279
8252,14290
8263,14314
8278,14328
8291,14330
8312,14336
8337,14349
8329,14345
8343,14359
8371,14359
8390,14348
8401,14353
8417,14347
8450,14359
8471,14356
8478,14390
8476,14386
8539,14399
8532,14420
8569,14404
8602,14416
8608,14423
8621,14437
8646,14445
8655,14475
8692,14460
8710,14508
8739,14519
8754,14542
8786,14562
8806,14590
8823,14615
8858,14629
8873,14663
8927,14676
8946,14691
8964,14704
8996,14735
9014,14744
9043,14774
9053,14797
9087,14807
9126,14827
9132,14846
9170,14867
9184,14890
9207,14908
9219,14897
9260,14935
9289,14923
9298,14929
9342,14940
9365,14965
9394,14974
9439,14977
9463,14999
9477,15009
9509,15041
9525,15044
9564,15074
9609,15097
9604,15114
9627,15126
9655,15153
9676,15170
9705,15171
9750,15208
9764,15210
9799,15271
9838,15302
9855,15290
9879,15335
9920,15370
9927,15415
9972,15422
10001,15462
10039,15492
10032,15520
10061,15498
10089,15525
10116,15530
10117,15565
10140,15557
10174,15590
10191,15619
10198,15614
10240,15641
10241,15640
10268,15660
10295,15665
10303,15680
10340,15690
10351,15704
10375,15722
10394,15711
10409,15746
10426,15740
10424,15742
10479,15761
10474,15776
10491,15815
10518,15829
10532,15840
10531,15859
10572,15856
10584,15885
10587,15885
10622,15917
10633,15939
10621,15946
10680,15963
10681,15997
10703,16013
10741,16032
10750,16046
10764,16085
10771,16075
10805,16115
10826,16132
10849,16143
10851,16189
10880,16186
10897,16228
10934,16250
10940,16280
10973,16315
11003,16309
11032,16333
11053,16371
11067,16370
11099,16357
11108,22
11152,42
11162,30
11199,66
11205,123
11257,133
11256,160
11289,223
11317,243
11340,266
11368,286
11373,309
11417,370
11449,397
11465,437
11515,494
11533,513
11560,580
11610,616
11627,638
11672,700
11683,748
11717,791
11744,818
11764,868
11806,919
11841,993
11861,1025
11887,1066
11910,1082
11943,1120
11961,1180
12007,1221
12021,1254
12048,1262
12087,1307
12121,1335
12134,1396
12166,1401
12185,1391
12216,1425
12229,1468
12255,1507
12274,1519
12301,1553
12309,1575
12330,1625
12378,1651
12369,1707
12403,1731
12411,1754
12439,1767
12464,1804
12498,1852
12521,1885
12523,1904
12540,1964
12581,1973
12594,1995
12600,2034
12639,2071
12640,2106
12665,2150
12673,2188
12690,2240
12736,2251
12733,2278
12742,2321
12743,2320
12785,2353
12780,2401
12819,2425
12849,2442
12854,2489
12882,2529
12895,2531
12928,2567
12932,2603
12961,2629
12982,2633
13010,2656
13029,2684
13032,2706
13071,2719
13097,2753
13108,2772
13163,2773
13157,2797
13180,2844
13203,2832
13235,2905
13254,2903
13272,2931
13305,2985
13321,3039
13340,3042
13382,3083
13402,3106
13446,3174
13472,3220
13489,3209
13506,3280
13536,3325
13557,3370
13590,3420
13621,3444
13635,3507
13660,3524
13700,3576
13718,3612
13746,3666
13773,3718
13800,3754
13830,3782
13871,3816
13880,3871
13899,3906
13952,3939
13950,3980
14002,3980
14023,4021
14047,4040
14070,4079
14109,4085
14116,4112
14154,4143
14184,4168
14213,4192
14236,4221
14258,4226
14283,4259
14296,4289
14322,4287
14349,4303
14381,4345
14402,4345
14436,4351
14475,4393
14486,4384
14516,4399
14525,4424
14555,4442
14570,4444
14592,4465
14617,4479
14638,4529
14642,4540
14681,4554
14702,4588
14692,4598
14743,4634
14750,4641
14768,4656
14773,4682
14819,4717
14830,4719
14867,4747
14881,4773
14888,4781
14901,4799
14924,4826
14933,4838
14936,4843
14960,4865
14971,4887
14992,4925
14993,4899
15027,4926
15052,4975
15054,4977
15073,4982
15085,5021
15130,5046
15134,5028
15157,5053
15180,5062
15206,5066
15225,5075
15255,5103
15262,5113
15293,5106
15313,5125
15336,5147
15354,5155
15392,5172
15415,5176
15424,5196
15468,5203
15493,5246
15509,5243
15514,5275
15584,5281
15601,5283
15634,5286
15646,5303
15669,5324
15713,5362
15748,5376
15759,5373
15800,5394
15804,5432
15818,5452
15873,5493
15895,5494
15930,5525
15956,5542
15975,5577
16006,5585
16056,5600
16076,5623
16101,5670
16134,5688
16163,5731
16201,5743
16228,5770
16265,5788
16261,5799
16296,5817
16308,5842
16363,5874
16371,5881
41,5914
63,5920
61,5950
80,5962
109,5996
133,6017
174,6010
190,6024
205,6064
237,6055
262,6052
286,6060
329,6080
335,6091
359,6088
384,6118
391,6113
408,6125
422,6140
449,6146
480,6158
484,6176
511,6177
528,6182
564,6201
574,6192
585,6209
627,6226
626,6230
658,6227
673,6237
687,6260
717,6259
729,6283
759,6265
764,6283
776,6314
795,6313
798,6334
832,6352
851,6376
869,6371
892,6412
939,6405
942,6418
944,6461
969,6479
1015,6508
1024,6511
1064,6519
1075,6547
1079,6573
1122,6584
1143,6610
1169,6613
1196,6624
1214,6647
1231,6674
1265,6675
1272,6706
1309,6715
1334,6752
1376,6745
1389,6763
1421,6789
1453,6783
1456,6812
1505,6834
1521,6836
1553,6842
1580,6869
1611,6879
1613,6897
1662,6890
1670,6919
1707,6944
1716,6938
1730,6976
1773,6991
1803,6991
1840,7038
1869,7056
1896,7067
1923,7097
1962,7136
1973,7131
1999,7167
2038,7190
2070,7226
2099,7203
2110,7256
2163,7281
2161,7309
2177,7361
2234,7382
2244,7405
2285,7406
2297,7425
2342,7470
2362,7464
2361,7485
2386,7540
2426,7548
2455,7570
2488,7610
2502,7638
2526,7656
2536,7658
2580,7688
2595,7701
2612,7696
2644,7730
2663,7753
2660,7757
2706,7776
2707,7793
2736,7804
2754,7809
2733,7825
2755,7851
2791,7866
2831,7869
2831,7856
2866,7880
2865,7886
2867,7899
2886,7892
2912,7921
2931,7947
2958,7939
2970,7962
2972,7974
2988,8004
2999,8022
3019,8043
3041,8072
3054,8082
3093,8088
3095,8144
3118,8142
3149,8191
3167,8207
3196,8238
3225,8280
3252,8299
3260,8344
3273,8378
3324,8374
3324,8394
3351,8436
3384,8464
3396,8498
3421,8523
3452,8553
3492,8596
3509,8594
3524,8645
3536,8656
3581,8709
3607,8727
3625,8775
3668,8782
3684,8819
3721,8841
3748,8862
3766,8893
3780,8927
3815,8968
3851,9005
3865,9036
3902,9094
3917,9136
3959,9171
3986,9216
4021,9277
4038,9285
4066,9333
4095,9392
4128,9437
4146,9490
4185,9540
4216,9595
4228,9664
4262,9706
4300,9752
4329,9801
4345,9862
4374,9906
4407,9907
4408,9960
4426,10034
4469,10037
4498,10074
4524,10104
4550,10152
4586,10180
4592,10217
4643,10260
4664,10273
4680,10314
4717,10333
4722,10354
4733,10380
4771,10379
4796,10418
4809,10435
4832,10477
4856,10493
4867,10482
4880,10542
4903,10557
4916,10593
4938,10627
4959,10617
4970,10693
4975,10698
5015,10751
5036,10768
5065,10799
5049,10831
5100,10867
5107,10900
5109,10949
5133,10990
5155,10976
5174,11008
5203,11087
5203,11097
5222,11114
5243,11158
5276,11202
5289,11229
5311,11232
5339,11285
5379,11292
5382,11331
5397,11351
5418,11363
5458,11403
5475,11428
5508,11457
5527,11475
5576,11479
5576,11509
5597,11572
5640,11550
5665,11581
5683,11640
5726,11615
5727,11651
5771,11693
5790,11743
5813,11767
5846,11824
5882,11829
5911,11897
5923,11932
5941,11963
5981,12012
6008,12057
6015,12086
6058,12123
6075,12175
6116,12182
6144,12253
6169,12286
6190,12306
6218,12366
6239,12395
6268,12409
6301,12441
6303,12493
6360,12520
6378,12526
6399,12550
6446,12578
6478,12583
6484,12608
6527,12628
6550,12646
6573,12649
6599,12681
6630,12704
6653,12737
6682,12729
6704,12742
6709,12775
6766,12780
6769,12789
6807,12817
6817,12843
6843,12855
6846,12858
6904,12884
6925,12909
6948,12944
6965,12962
6985,12977
7002,12993
7053,13054
7049,13063
7070,13093
7095,13101
7110,13119
7124,13130
7150,13166
7156,13177
7171,13199
7184,13212
7214,13244
7197,13242
7231,13288
7246,13279
7282,13306
7314,13296
7305,13313
7326,13312
7335,13329
7358,13331
7370,13327
7396,13332
7387,13340
7417,13356
7448,13352
7456,13372
7479,13386
7498,13366
7518,13388
7553,13365
7568,13410
7599,13397
7629,13447
7652,13448
7657,13448
7670,13488
7720,13511
7733,13510
7742,13534
7783,13565
7820,13602
7838,13613
7877,13660
7880,13686
7921,13700
7948,13717
7963,13752
7984,13764
8030,13812
8054,13833
8081,13847
8095,13854
8132,13907
8136,13916
8205,13923
8228,13940
8243,13969
8268,13971
8306,13982
8315,13996
8356,14022
8389,14026
8405,14037
8430,14056
8475,14072
8494,14079
8511,14091
8535,14092
8558,14138
8599,14122
8636,14144
8644,14171
8682,14166
8733,14182
8751,14181
8779,14227
8809,14248
8831,14259
8866,14282
8879,14313
8904,14335
8918,14361
8965,14385
8981,14400
8993,14422
9025,14464
9068,14478
9072,14471
9086,14502
9127,14523
9136,14516
9158,14548
9184,14555
9200,14584
9219,14587
9244,14612
9271,14609
9277,14615
9292,14615
9321,14617
9337,14637
9343,14637
9371,14647
9367,14645
9401,14645
9418,14660
9438,14665
9450,14662
9465,14673
9507,14677
9515,14692
9529,14711
9547,14723
9588,14728
9587,14709
9587,14735
9622,14764
9651,14789
9678,14805
9690,14828
9703,14841
9729,14868
9753,14881
9771,14900
9806,14911
9833,14931
9855,14967
9895,14995
9937,15003
9936,15029
9967,15033
9985,15051
10020,15054
10013,15091
10059,15130
10080,15132
10115,15165
10128,15161
10151,15165
10165,15192
10196,15216
10227,15239
10250,15242
10292,15245
10321,15263
10341,15290
10351,15295
10388,15310
10434,15332
10451,15355
10470,15370
10508,15392
10531,15415
10546,15445
10583,15477
10621,15494
10658,15518
10675,15539
10713,15555
10724,15604
10757,15637
10774,15670
10803,15686
10835,15732
10884,15756
10884,15765
10938,15800
10960,15832
10992,15866
11005,15877
11030,15888
11075,15923
11089,15945
11097,15981
11129,15985
11148,16014
11178,16013
11185,16029
11202,16058
11220,16096
11250,16086
11276,16113
11318,16124
11325,16146
11360,16146
11369,16197
11387,16186
11414,16185
11441,16223
11458,16218
11478,16232
11481,16261
11510,16285
11520,16291
11545,16320
11543,16347
11576,16338
11591,16372
11596,34
11590,36
11640,50
11636,84
11666,112
11685,117
11715,165
11722,147
11764,184
11779,198
11778,222
11783,227
11804,270
11829,315
11844,303
11868,332
11899,358
11912,380
11920,408
11957,431
11982,463
11987,478
12020,509
12064,521
12061,535
12088,571
12120,589
12159,635
12166,643
12200,672
12210,706
12236,744
12270,763
12289,789
12326,844
12317,878
12347,901
12374,956
12420,970
12459,1036
12456,1074
12510,1129
12530,1181
12554,1220
12582,1274
12627,1339
12650,1367
12671,1427
12707,1479
12730,1540
12760,1602
12795,1608
12812,1696
12846,1710
12865,1765
12874,1812
12933,1851
12951,1871
12986,1930
13005,1961
13039,1977
13062,2008
13090,2090
13129,2138
13142,2162
13184,2178
13189,2237
13225,2259
13232,2280
13270,2292
13311,2339
13322,2358
13334,2402
13375,2429
13391,2450
13427,2454
13425,2496
13459,2543
13490,2570
13497,2611
13521,2606
13542,2660
13560,2688
13577,2699
13614,2736
13630,2782
13647,2820
13676,2838
13684,2877
13701,2921
13731,2943
13745,2952
13759,2997
13751,3014
13788,3050
13797,3097
13831,3108
13848,3154
13846,3162
13897,3227
13905,3248
13914,3245
13925,3289
13951,3306
13963,3340
13981,3359
14027,3365
14038,3403
14048,3407
14077,3443
14096,3486
14102,3533
14143,3524
14165,3557
14186,3573
14203,3597
14235,3613
14276,3649
14296,3660
14337,3689
14316,3689
14346,3743
14381,3750
14410,3768
14418,3769
14453,3821
14490,3844
14516,3856
14537,3883
14569,3950
14597,3961
14635,4001
14645,4018
14685,4050
14702,4101
14740,4126
14769,4136
14798,4184
14822,4232
14831,4262
14889,4282
14904,4310
14937,4366
14950,4378
14996,4448
15013,4452
15029,4481
15062,4528
15084,4569
15127,4610
15152,4608
15176,4642
15211,4682
15217,4714
15240,4725
15268,4760
15301,4757
15329,4810
15358,4820
15385,4836
15385,4860
15424,4866
15443,4885
15483,4913
15508,4921
15518,4937
15533,4957
15574,4942
15579,4972
15648,4985
15655,4995
15666,5009
15658,5026
15705,5039
15737,5040
15730,5053
15752,5094
15795,5072
15814,5078
15818,5092
15845,5101
15869,5109
15852,5109
15901,5123
15916,5121
15941,5155
15951,5178
15957,5165
15982,5173
15996,5214
16006,5228
16047,5249
16052,5237
16063,5279
16083,5286
16100,5312
16114,5328
16133,5339
16133,5339
16180,5372
16183,5387
16225,5421
16232,5420
16276,5442
16283,5463
16295,5490
16318,5511
16326,5548
16353,5550
16360,5550
14,5580
33,5607
76,5614
99,5629
120,5641
133,5655
172,5648
211,5681
188,5700
244,5701
284,5728
303,5739
320,5735
343,5764
354,5766
407,5790
430,5790
456,5814
471,5814
509,5836
534,5845
548,5853
613,5877
614,5897
638,5911
687,5915
721,5956
745,5961
769,5972
804,5987
854,6027
878,6057
888,6076
926,6102
950,6128
984,6121
987,6145
1035,6187
1047,6227
1079,6215
1119,6243
1130,6279
1164,6283
1197,6321
1210,6320
1248,6348
1279,6371
1305,6385
1316,6400
1349,6435
1379,6428
1392,6460
1432,6463
1436,6500
1451,6503
1464,6532
1491,6537
1519,6556
1545,6548
1576,6555
1579,6589
1611,6567
1637,6601
1637,6594
1668,6615
1691,6618
1698,6597
1711,6627
1730,6633
1757,6625
1768,6654
1794,6653
1813,6667
1800,6682
1828,6674
1857,6685
1860,6694
1883,6701
1885,6704
1925,6726
1926,6736
1951,6737
1985,6769
2017,6778
2017,6796
2055,6817
2080,6829
2097,6842
2119,6872
2162,6883
2182,6892
2199,6930
2211,6939
2250,6975
2266,7011
2281,7021
2321,7061
2350,7077
2373,7105
2406,7127
2431,7135
2454,7175
2488,7198
2504,7205
2533,7226
2549,7239
2590,7264
2627,7285
2645,7291
2653,7326
2682,7372
2705,7367
2744,7384
2758,7419
2787,7422
2799,7437
2826,7456
2853,7499
2897,7481
2938,7522
2958,7554
2994,7562
3011,7583
3034,7624
3077,7629
3084,7651
3116,7703
3144,7686
3169,7740
3202,7754
3231,7784
3243,7810
3248,7854
3299,7877
3317,7899
3353,7918
3382,7960
3411,7979
3434,7993
3455,8042
3479,8076
3493,8111
3548,8126
3562,8145
3581,8193
3612,8216
3624,8246
3651,8276
3662,8302
3696,8314
3709,8337
3732,8344
3781,8370
3782,8394
3785,8412
3814,8432
3837,8446
3848,8444
3868,8470
3889,8467
3900,8492
3919,8509
3937,8511
3960,8540
3965,8564
3983,8559
4002,8556
4010,8577
4037,8603
4036,8612
4053,8634
4049,8662
4082,8654
4113,8675
4122,8721
4138,8736
4159,8763
4194,8796
4197,8826
4213,8857
4234,8900
4270,8932
4273,8960
4320,8981
4316,9055
4341,9095
4398,9113
4397,9147
4432,9172
4440,9232
4477,9270
4518,9312
4526,9339
4575,9377
4578,9413
4628,9465
4635,9497
4672,9531
4694,9538
4735,9599
4746,9610
4781,9682
4828,9688
4827,9736
4852,9760
4878,9795
4903,9823
4940,9875
4962,9888
4975,9958
5034,10009
5048,10025
5070,10123
5096,10138
5154,10179
5186,10236
5207,10293
5227,10331
5254,10393
5273,10445
5318,10485
5337,10551
5371,10613
5383,10695
5432,10707
5432,10731
5454,10823
5499,10881
5525,10881
5538,10944
5585,10957
5600,11003
5616,11027
5679,11068
5681,11128
5715,11132
5736,11142
5757,11146
5769,11193
5799,11219
5829,11251
5855,11261
5878,11286
5903,11331
5930,11338
5933,11358
5977,11379
5974,11369
6015,11379
5998,11409
6052,11432
6049,11454
6079,11486
6084,11524
6101,11565
6140,11578
6145,11600
6166,11640
6201,11665
6207,11686
6216,11700
6241,11728
6261,11758
6278,11794
6265,11835
6292,11869
6319,11893
6334,11913
6365,11978
6393,11991
6408,11999
6441,12023
6473,12036
6476,12064
6497,12117
6534,12104
6554,12130
6582,12166
6605,12166
6647,12213
6654,12199
6683,12245
6716,12244
6734,12259
6761,12287
6764,12275
6789,12338
6837,12337
6865,12363
6885,12401
6910,12409
6937,12441
6973,12482
7000,12518
7039,12537
7061,12593
7080,12621
7126,12652
7152,12696
7165,12715
7182,12797
7220,12798
7230,12824
7267,12857
7300,12890
7316,12930
7359,12979
7386,12997
7411,12990
7443,13019
7496,13033
7501,13077
7521,13082
7540,13128
7591,13133
7598,13141
7617,13142
7637,13158
7658,13182
7685,13186
7705,13212
7747,13222
7779,13226
7781,13224
7812,13267
7850,13248
7861,13277
7910,13290
7931,13309
7959,13342
7972,13354
8013,13367
8034,13398
8060,13398
8067,13420
8104,13443
8093,13477
8124,13496
8152,13523
8158,13541
8180,13559
8205,13589
8218,13598
8229,13619
8248,13617
8265,13633
8277,13684
8304,13682
8307,13685
8322,13708
8341,13720
8357,13727
8390,13749
8383,13714
8404,13726
8435,13729
8442,13722
8454,13727
8457,13726
8479,13728
8493,13757
8504,13758
8548,13755
8570,13765
8594,13772
8599,13751
8619,13773
8646,13796
8678,13826
8712,13832
8727,13846
8735,13860
8778,13890
8803,13921
8826,13931
8865,13961
8877,13990
8905,14011
8925,14058
8952,14069
8986,14070
9018,14103
9029,14113
9065,14141
9080,14183
9126,14217
9149,14193
9173,14219
9219,14255
9244,14270
9258,14282
9279,14306
9305,14302
9363,14327
9366,14331
9385,14327
9420,14357
9428,14382
9489,14385
9498,14382
9522,14411
9551,14424
9586,14432
9623,14442
9646,14465
9672,14479
9725,14490
9754,14518
9774,14518
9796,14532
9825,14566
9860,14580
9880,14626
9913,14640
9919,14664
9937,14695
9980,14710
9998,14725
10034,14759
10053,14781
10078,14809
10106,14815
10128,14839
10148,14842
10187,14870
10220,14897
10239,14909
10233,14917
10274,14926
10297,14930
10312,14958
10330,14985
10344,14978
10360,14969
10367,14996
10392,14995
10437,14993
10432,15004
10454,14990
10459,15007
10482,15014
10499,15028
10543,15039
10544,15034
10558,15056
10575,15072
10611,15098
10617,15075
10638,15094
10650,15125
10667,15103
10684,15140
10691,15153
10725,15175
10718,15226
10784,15213
10790,15247
10808,15255
10825,15292
10875,15295
10878,15341
10920,15357
10935,15358
10967,15381
10989,15414
11019,15437
11048,15436
11056,15472
11086,15496
11092,15498
11141,15523
11173,15533
11174,15558
11205,15588
11229,15619
11262,15609
11271,15617
11308,15660
11334,15682
11358,15675
11366,15718
11419,15697
11417,15755
11462,15762
11488,15799
11527,15843
11559,15829
11577,15901
11621,15905
11630,15924
11661,15948
11686,15982
11713,16028
11723,16029
11760,16074
11819,16115
11817,16139
11850,16187
11882,16228
11925,16239
11938,16313
11963,16307
11978,16340
12024,16354
12037,16375
12076,26
12105,67
12133,90
12168,105
12175,129
12214,178
12200,200
12236,218
12261,221
12262,254
12319,264
12325,297
12348,321
12384,323
12397,339
12398,370
12427,385
12457,397
12481,426
12489,465
12508,460
12547,510
12545,531
12558,543
12579,559
12595,607
12617,607
12638,622
12641,657
12668,694
12689,715
12699,738
12730,760
12748,810
12743,819
12788,850
12773,875
12815,885
12818,911
12829,923
12863,950
12863,950
12887,987
12909,1048
12922,1052
12942,1077
12972,1114
12988,1122
13011,1175
13021,1190
13068,1231
13077,1237
13105,1255
13146,1273
13158,1310
13167,1333
13216,1365
13235,1417
13233,1450
13288,1482
13278,1526
13351,1565
13358,1604
13394,1624
13393,1681
13420,1729
13464,1778
13503,1805
13526,1833
13542,1923
13594,1966
13595,1995
13611,2061
13662,2073
13709,2137
13718,2176
13752,2253
13783,2307
13815,2367
13818,2408
13863,2472
13894,2529
13918,2552
13934,2632
13983,2653
13992,2702
14024,2731
14055,2761
14096,2809
14118,2849
14147,2892
14169,2936
14206,2962
14227,2997
14235,3031
14288,3064
14312,3100
14319,3137
14350,3163
14358,3170
14413,3169
14437,3239
14432,3250
14466,3263
14493,3296
14514,3319
14566,3308
14563,3361
14587,3382
14614,3408
14641,3445
14647,3461
14678,3481
14710,3485
14719,3534
14726,3558
14769,3566
14761,3611
14790,3642
14816,3661
14834,3667
14844,3699
14876,3711
14871,3718
14905,3763
14930,3826
14930,3836
14955,3858
14962,3887
14991,3905
14995,3935
15037,3961
15030,3964
15051,3971
15077,4029
15084,4043
15116,4073
15149,4115
15159,4130
15176,4154
15197,4166
15229,4197
15258,4222
15278,4242
15296,4246
15312,4255
15334,4299
15370,4309
15402,4328
15442,4353
15448,4369
15489,4371
15501,4399
15539,4425
15566,4434
15595,4471
15594,4488
15628,4510
15660,4547
15699,4541
15722,4555
15751,4587
15754,4608
15792,4617
15814,4651
15859,4664
15887,4675
15912,4707
15921,4737
15973,4763
16014,4793
16012,4852
16053,4848
16072,4870
16096,4913
16126,4937
16181,4970
16188,5003
16216,5025
16241,5059
16269,5077
16266,5096
16308,5127
16333,5157
16376,5176
16383,5229
18,5204
57,5276
74,5282
91,5315
130,5334
138,5342
191,5358
197,5383
215,5390
253,5411
267,5419
270,5434
301,5458
329,5462
344,5480
385,5459
405,5481
424,5491
430,5482
475,5494
492,5528
513,5538
524,5530
533,5544
571,5545
570,5556
599,5551
607,5569
642,5571
642,5591
635,5549
667,5562
680,5594
704,5611
732,5612
740,5624
767,5644
789,5646
792,5661
826,5687
819,5683
844,5719
854,5723
882,5753
881,5751
928,5756
953,5785
968,5809
998,5842
998,5843
1019,5858
1046,5902
1087,5908
1086,5922
1120,5943
1142,5963
1164,5994
1193,6024
1220,6027
1242,6049
1285,6059
1299,6070
1336,6090
1375,6095
1387,6104
1406,6135
1436,6145
1445,6156
1477,6184
1528,6184
1550,6182
1574,6210
1613,6211
1614,6232
1663,6245
1681,6266
1705,6267
1755,6297
1765,6305
1797,6333
1846,6348
1876,6350
1891,6377
1925,6389
1935,6408
1984,6435
2015,6461
2031,6458
2060,6488
2097,6499
2109,6509
2157,6539
2170,6585
2185,6588
2230,6600
2250,6616
2293,6632
2325,6678
2325,6693
2367,6725
2395,6733
2426,6778
2443,6794
2474,6804
2478,6815
2512,6827
2519,6867
2551,6852
2584,6902
2587,6912
2615,6919
2634,6937
2656,6968
2689,6963
2698,6986
2715,6984
2749,7011
2759,7027
2782,7034
2807,7012
2813,7035
2836,7053
2846,7051
2851,7067
2888,7055
2892,7073
2899,7084
2907,7079
2934,7087
2945,7088
2989,7102
2981,7126
3014,7126
3007,7155
3039,7143
3062,7166
3093,7191
3103,7206
3135,7220
3141,7229
3169,7256
3199,7289
3208,7294
3255,7305
3264,7338
3282,7360
3297,7394
3338,7418
3364,7448
3397,7488
3432,7520
3431,7544
3483,7561
3492,7582
3525,7614
3551,7630
3588,7677
3603,7699
3641,7709
3662,7758
3694,7767
3705,7788
3728,7816
3764,7827
3797,7871
3829,7893
3832,7906
3869,7939
3888,7945
3930,7985
3953,7983
3990,8017
3991,8067
4052,8070
4070,8079
4075,8119
4095,8130
4120,8176
4151,8213
4172,8209
4189,8284
4253,8292
4258,8321
4270,8367
4295,8397
4322,8430
4373,8465
4381,8505
4404,8549
4445,8595
4468,8616
4495,8659
4541,8677
4552,8709
4570,8755
4605,8795
4623,8815
4660,8840
4657,8873
4684,8909
4710,8924
4745,8969
4753,8985
4789,9002
4799,9015
4822,9047
4838,9047
4868,9093
4875,9090
4887,9119
4918,9137
4934,9128
4957,9141
4968,9158
4983,9207
5020,9214
5020,9234
5027,9251
5064,9264
5052,9291
5061,9325
5086,9326
5095,9353
5122,9388
5146,9427
5165,9441
5176,9495
5187,9521
5188,9544
5230,9566
5236,9593
5266,9607
5273,9644
5327,9693
5350,9713
5353,9781
5372,9808
5394,9832
5410,9895
5450,9924
5474,9969
5485,10012
5518,10033
5550,10072
5574,10060
5607,10104
5637,10140
5648,10192
5667,10197
5698,10237
5746,10266
5773,10266
5796,10366
5822,10366
5853,10402
5850,10441
5897,10493
5927,10555
5956,10562
5969,10619
6012,10674
6057,10711
6062,10778
6108,10815
6107,10847
6148,10918
6199,10990
6219,11037
6266,11090
6261,11149
6296,11222
6335,11233
6355,11307
6388,11352
6421,11390
6466,11408
6470,11466
6503,11472
6522,11512
6553,11558
6571,11603
6607,11632
6641,11646
6647,11686
6697,11690
6719,11702
6740,11770
6777,11791
6800,11790
6819,11807
6842,11841
6866,11862
6869,11854
6921,11870
6932,11900
6971,11943
6960,11954
6991,11995
7019,12034
7059,12058
7060,12081
7076,12092
7102,12127
7130,12126
7141,12160
7174,12199
7186,12238
7221,12255
7213,12294
7253,12316
7255,12352
7284,12337
7286,12385
7294,12400
7329,12433
7346,12422
7344,12436
7377,12471
7380,12480
7383,12497
7416,12486
7444,12505
7469,12528
7474,12518
7497,12548
7538,12557
7547,12570
7583,12588
7622,12586
7625,12610
7673,12634
7667,12651
7701,12689
7718,12674
7756,12699
7788,12744
7817,12750
7853,12798
7864,12820
7872,12838
7932,12893
7937,12925
7968,12955
8002,12976
8023,13026
8088,13032
8081,13084
8116,13106
8127,13127
8151,13159
8192,13211
8221,13205
8248,13254
8260,13268
8294,13288
8330,13328
8331,13342
8372,13345
8387,13369
8418,13379
8432,13391
8468,13411
8514,13408
8527,13438
8560,13435
8592,13471
8614,13453
8644,13478
8661,13486
8702,13511
8725,13525
8738,13511
8778,13542
8807,13577
8832,13572
8842,13606
8869,13632
8907,13660
8922,13682
8952,13699
8980,13726
9015,13737
9034,13766
9053,13788
9086,13806
9100,13834
9123,13864
9128,13866
9168,13903
9176,13910
9188,13924
9229,13963
9244,13954
9271,13985
9261,14008
9284,13981
9329,14019
9306,14001
9337,13998
9352,14009
9385,14008
9413,14025
9406,14036
9421,14023
9444,14032
9460,14027
9479,14035
9482,14034
9483,14050
9518,14054
9540,14053
9549,14056
9578,14080
9582,14099
9600,14072
9638,14092
9651,14122
9664,14129
9697,14162
9725,14186
9737,14211
9780,14219
9802,14243
9813,14270
9849,14295
9874,14318
9902,14335
9920,14349
9955,14379
9936,14402
9973,14420
9988,14431
10032,14459
10061,14483
10098,14488
10122,14504
10148,14511
10162,14499
10209,14537
10248,14541
10266,14562
10305,14558
10334,14565
10343,14566
10369,14596
10424,14619
10431,14636
10450,14668
10467,14677
10503,14687
10560,14698
10587,14725
10594,14744
10624,14754
10659,14797
10680,14824
10724,14803
10743,14841
10786,14892
10795,14887
10859,14912
10866,14949
10916,14977
10920,15013
10943,15019
10971,15061
11000,15073
11029,15101
11054,15101
11086,15118
11107,15153
11126,15164
11146,15176
11187,15211
11206,15218
11231,15253
11249,15237
11294,15273
11277,15273
11327,15287
11346,15288
11374,15307
11382,15325
11393,15336
11409,15326
11430,15348
11436,15334
11467,15340
11468,15376
11509,15391
11504,15408
11533,15392
11585,15445
11594,15444
11613,15449
11645,15459
11630,15482
11651,15497
11671,15499
11702,15512
11725,15538
11708,15567
11743,15589
11761,15592
11783,15608
11801,15640
11810,15662
11851,15700
11856,15683
11874,15718
11897,15731
11930,15768
11960,15782
11995,15795
12002,15806
12030,15820
12040,15836
12080,15880
12085,15895
12114,15932
12139,15952
12172,15967
12171,15983
12218,15977
12247,16007
12252,16032
12274,16074
12320,16068
12330,16106
12353,16117
12393,16137
12417,16179
12425,16216
12474,16240
12494,16246
12530,16305
12543,16329
12592,16349
12625,12
12633,57
12660,99
12675,121
12729,178
12742,202
12772,250
12789,255
12832,320
12853,340
12888,390
12902,408
12959,459
12966,508
12995,505
13012,560
13060,592
13086,612
13092,637
13114,655
13142,694
13159,722
13177,744
13220,753
13231,793
13260,836
13304,840
13311,874
13340,938
13364,950
13399,949
13422,982
13422,1024
13473,1065
13476,1089
13502,1112
13519,1135
13526,1155
13571,1230
13575,1248
13589,1234
13612,1283
13644,1320
13663,1348
13666,1388
13677,1393
13695,1461
13731,1489
13734,1490
13775,1521
13774,1534
13814,1590
13805,1619
13854,1635
13850,1642
13869,1690
13857,1709
13874,1727
13894,1739
13933,1783
13932,1804
13968,1808
13970,1832
13994,1870
14026,1894
14042,1906
14056,1946
14093,1967
14102,2010
14119,2005
14153,2051
14152,2064
14201,2103
14205,2118
14260,2148
14291,2186
14307,2249
14340,2252
14348,2280
14397,2310
14402,2374
14430,2397
14458,2420
14485,2495
14493,2525
14529,2554
14574,2569
14593,2681
14616,2698
14652,2755
14656,2792
14718,2834
14736,2888
14779,2929
14814,2980
14823,3020
14843,3081
14887,3123
14903,3164
14932,3212
14969,3273
14981,3325
15010,3365
15047,3407
15069,3444
15105,3475
15116,3535
15153,3558
15195,3601
15218,3636
15236,3683
15275,3707
15305,3762
15326,3756
15351,3805
15383,3822
15377,3833
15426,3870
15473,3892
15476,3930
15496,3926
15516,3950
15551,3983
15561,4006
15580,3995
15609,4048
15621,4050
15645,4107
15685,4089
15724,4118
15735,4109
15758,4114
15781,4140
15797,4148
15813,4169
15838,4173
15828,4201
15873,4237
15888,4236
15920,4276
15937,4263
15941,4275
15964,4302
15965,4337
15999,4349
16008,4358
16040,4391
16084,4412
16077,4421
16064,4468
16119,4457
16133,4491
16146,4508
16184,4537
16166,4559
16197,4575
16228,4588
16238,4636
16283,4650
16280,4672
16296,4710
16343,4751
16333,4757
16376,4783
0,4771
35,4817
51,4853
68,4872
93,4890
125,4912
164,4940
180,4953
195,4956
244,4995
264,4988
271,5023
323,5017
341,5047
370,5058
397,5073
421,5077
452,5109
476,5119
486,5125
529,5148
560,5165
590,5170
609,5205
644,5213
688,5219
708,5234
731,5260
745,5268
764,5303
818,5318
835,5335
861,5365
870,5382
902,5413
958,5447
967,5427
989,5487
1020,5502
1069,5515
1074,5540
1110,5553
1143,5583
1173,5613
1186,5622
1212,5680
1255,5670
1268,5680
1296,5742
1302,5748
1325,5764
1340,5755
1384,5814
1393,5815
1423,5835
1436,5835
1461,5877
1492,5893
1508,5882
1526,5926
1556,5910
1573,5935
1594,5950
1602,5963
1632,5968
1649,5969
1656,5966
1661,5991
1671,5975
1704,6008
1722,6008
1733,6003
1745,5991
1758,6008
1761,6001
1789,6018
1827,6016
1818,6029
1856,6036
1869,6033
1916,6054
1909,6054
1909,6043
1935,6073
1959,6076
1961,6080
1991,6099
2023,6089
2042,6092
2048,6126
2079,6145
2107,6157
2136,6181
2137,6190
2168,6216
2192,6229
2238,6250
2261,6263
2289,6274
2310,6319
2331,6349
2354,6353
2396,6393
2424,6407
2458,6419
2495,6452
2521,6481
2519,6490
2541,6531
2604,6540
2613,6558
2625,6581
2661,6607
2695,6611
2731,6628
2749,6641
2794,6686
2818,6698
2833,6735
2876,6718
2892,6753
2899,6765
2948,6786
2988,6797
2997,6820
3042,6823
3044,6836
3088,6859
3109,6875
3142,6894
3162,6904
3193,6917
3239,6923
3246,6954
3269,6973
3316,6993
3320,7014
3364,7037
3399,7046
3412,7081
3434,7082
3473,7104
3479,7137
3521,7159
3527,7177
3566,7175
3582,7217
3614,7231
3623,7258
3671,7301
3675,7310
3711,7311
3718,7358
3754,7376
3771,7360
3786,7404
3803,7422
3835,7438
3837,7463
3895,7480
3901,7502
3912,7520
3911,7507
3925,7519
3938,7557
3961,7569
3981,7565
3996,7557
4004,7578
4039,7617
4042,7603
4071,7629
4063,7639
4096,7631
4107,7656
4132,7634
4166,7650
4165,7675
4162,7697
4210,7678
4225,7717
4238,7734
4274,7782
4287,7769
4313,7806
4320,7838
4365,7903
4378,7901
4414,7913
4441,7952
4470,7982
4506,8026
4527,8048
4530,8106
4580,8108
4601,8145
4622,8183
4638,8208
4669,8247
4712,8287
4737,8321
4761,8357
4796,8380
4795,8405
4844,8437
4861,8474
4889,8517
4928,8529
4951,8547
4985,8583
4990,8594
5047,8633
5060,8666
5082,8686
5097,8711
5156,8733
5153,8780
5196,8810
5190,8866
5253,8871
5285,8926
5291,8935
5311,8995
5348,9014
5379,9054
5389,9065
5422,9126
5441,9163
5494,9234
5508,9230
5535,9315
5547,9356
5561,9385
5588,9421
5592,9470
5631,9516
5680,9558
5693,9596
5723,9637
5734,9660
5767,9707
5775,9726
5810,9770
5835,9799
5870,9836
5887,9873
5907,9889
5924,9896
5942,9892
5958,9906
5964,9912
5989,9957
6003,9970
6021,10015
6056,9968
6068,10028
6082,10016
6112,10070
6117,10051
6114,10096
6144,10093
6159,10123
6161,10127
6174,10178
6197,10200
6224,10219
6262,10252
6267,10293
6270,10328
6297,10354
6318,10390
6335,10417
6342,10494
6373,10508
6405,10516
6396,10578
6430,10639
6468,10655
6462,10678
6500,10722
6530,10746
6558,10797
6564,10813
6570,10867
6603,10892
6648,10912
6673,10941
6691,10973
6738,11013
6729,11026
6788,11031
6797,11083
6830,11075
6870,11142
6909,11198
6924,11211
6929,11221
6965,11271
6979,11308
7023,11362
7072,11412
7099,11435
7117,11491
7140,11509
7187,11572
7184,11620
7238,11668
7263,11676
7274,11759
7305,11802
7354,11844
7377,11877
7390,11952
7444,11992
7447,12027
7488,12069
7509,12093
7558,12141
7585,12149
7580,12167
7617,12221
7625,12213
7664,12267
7698,12274
7728,12307
7752,12323
7766,12341
7798,12334
7823,12378
7852,12363
7885,12403
7917,12429
7946,12428
7955,12442
7972,12451
7995,12469
8027,12499
8049,12532
8061,12561
8082,12577
8099,12598
8116,12622
8169,12655
8159,12687
8178,12721
8193,12745
8218,12760
8233,12777
8276,12802
8279,12849
8299,12864
8317,12869
8309,12919
8325,12909
8345,12921
8358,12926
8371,12951
8403,12924
8413,12976
8421,12975
8434,12985
8457,12994
8467,12978
8477,13013
8522,13010
8550,13024
8571,13021
8577,13049
8627,13035
8622,13040
8657,13066
8670,13078
8696,13090
8738,13115
8764,13138
8782,13150
8793,13186
8824,13215
8861,13218
8861,13273
8917,13289
8929,13340
8965,13349
9001,13381
9024,13406
9045,13427
9072,13453
9096,13511
9133,13522
9160,13535
9177,13580
9203,13579
9254,13616
9247,13627
9292,13661
9311,13665
9336,13677
9352,13698
9378,13708
9402,13705
9429,13721
9454,13746
9488,13751
9502,13764
9548,13764
9573,13778
9612,13799
9637,13809
9647,13827
9690,13836
9731,13814
9736,13868
9754,13894
9807,13892
9822,13934
9836,13930
9856,13969
9909,13995
9915,14013
9966,14034
9977,14063
10010,14078
10029,14111
10056,14135
10091,14160
10097,14172
10140,14185
10151,14207
10173,14225
10193,14264
10213,14253
10226,14282
10257,14292
10258,14302
10270,14318
10311,14300
10316,14334
10329,14321
10356,14322
10368,14325
10395,14338
10420,14330
10439,14357
10451,14356
10472,14354
10467,14333
10476,14349
10517,14363
10515,14363
10532,14365
10565,14384
10586,14394
10595,14409
10595,14419
10620,14427
10639,14447
10665,14453
10696,14474
10702,14487
10729,14500
10740,14526
10758,14568
10797,14575
10794,14584
10834,14610
10853,14629
10898,14632
10907,14668
10918,14676
10934,14696
10943,14731
10986,14710
11021,14754
11038,14774
11072,14767
11095,14803
11123,14807
11145,14797
11176,14813
11214,14818
11231,14849
11260,14866
11285,14878
11325,14886
11328,14898
11359,14921
11389,14920
11416,14958
11451,14993
11476,14986
11495,15016
11533,15027
11584,15058
11594,15070
11619,15121
11662,15111
11679,15145
11708,15184
11747,15203
11779,15229
11806,15258
11841,15289
11853,15307
11897,15343
11922,15384
11957,15419
11970,15416
12001,15443
12009,15493
12052,15483
12069,15498
12116,15536
12124,15546
12158,15576
12191,15596
12210,15618
12246,15612
12256,15636
12281,15666
12297,15667
12323,15700
12356,15702
12384,15704
12384,15728
12411,15753
12432,15735
12462,15766
12456,15774
12487,15818
12512,15806
12537,15817
12542,15845
12563,15850
12579,15881
12608,15915
12643,15930
12676,15921
12662,15959
12673,15963
12692,16005
12718,16012
12732,16015
12744,16038
12764,16078
12779,16082
12793,16111
12809,16133
12831,16159
12856,16174
12858,16181
12885,16241
12922,16236
12929,16281
12952,16283
12984,16302
13007,16327
13014,16315
13045,16346
13058,16352
13095,14
13119,15
13158,85
13173,69
13190,98
13220,129
13252,139
13255,191
13297,207
13340,245
13353,291
13375,323
13401,328
13451,363
13460,406
13500,426
13523,445
13530,506
13563,536
13603,550
13621,609
13654,664
13673,701
13702,711
13745,796
13774,833
13769,873
13812,917
13824,963
13864,980
13898,1034
13927,1078
13937,1126
13985,1154
14010,1212
14045,1241
14078,1280
14114,1321
14116,1366
14149,1405
14168,1412
14177,1485
14229,1524
14255,1561
14271,1584
14303,1615
14311,1622
14346,1671
14370,1688
14397,1739
14420,1753
14453,1788
14480,1813
14503,1835
14521,1881
14534,1876
14580,1912
14605,1945
14597,1970
14626,1998
14642,2028
14677,2063
14673,2085
14714,2104
14722,2132
14753,2159
14757,2181
14778,2210
14792,2218
14799,2278
14833,2295
14846,2354
14878,2351
14881,2361
14907,2399
14916,2397
14930,2484
14933,2469
14958,2504
14974,2564
15005,2572
15025,2640
15046,2627
15049,2684
15069,2708
15100,2741
15105,2767
15100,2791
15157,2840
15155,2861
15185,2898
15210,2925
15237,2961
15282,2976
15294,3012
15319,3065
15341,3075
15358,3109
15391,3144
15420,3153
15455,3221
15456,3256
15494,3287
15545,3336
15551,3358
15576,3387
15614,3405
15646,3427
15653,3453
15679,3516
15732,3542
15768,3569
15777,3565
15806,3621
15846,3627
15861,3664
15893,3697
15904,3720
15957,3739
15973,3787
16029,3817
16032,3854
16070,3902
16077,3914
16127,3951
16184,4008
16192,4023
16215,4059
16266,4106
16281,4144
16317,4164
16344,4204
16352,4241
16376,4287
25,4306
61,4344
101,4372
112,4408
113,4439
151,4468
156,4509
194,4526
218,4528
262,4572
268,4602
300,4651
328,4636
329,4712
349,4711
390,4728
411,4757
423,4783
456,4786
490,4809
510,4824
517,4810
538,4830
537,4839
576,4843
560,4871
585,4872
604,4876
601,4874
650,4901
658,4905
693,4910
710,4912
715,4938
746,4931
754,4951
783,4965
788,4960
806,4974
819,4986
837,4974
847,4987
884,5015
887,5016
931,5016
954,5024
957,5069
971,5067
1016,5074
1032,5117
1057,5139
1089,5175
1115,5183
1120,5193
1161,5226
1198,5246
1212,5270
1273,5311
1276,5331
1315,5340
1338,5370
1353,5395
1388,5432
1392,5440
1430,5441
1465,5496
1488,5525
1530,5549
1545,5563
1575,5583
1598,5612
1622,5640
1657,5663
1680,5679
1715,5697
1752,5729
1751,5741
1799,5746
1814,5747
1839,5781
1854,5810
1895,5798
1916,5832
1965,5833
1969,5846
2008,5881
2038,5887
2049,5899
2087,5896
2128,5938
2161,5936
2167,5952
2172,5964
2217,5975
2250,5981
2282,5997
2293,5996
2330,6010
2348,6033
2368,6049
2395,6068
2432,6084
2459,6083
2469,6103
2496,6112
2531,6120
2535,6133
2559,6150
2608,6170
2606,6177
2643,6196
2650,6196
2672,6225
2685,6245
2709,6262
2730,6295
2737,6292
2757,6317
2784,6316
2799,6343
2827,6348
2842,6352
2836,6365
2850,6380
2881,6391
2906,6426
2934,6412
2943,6437
2974,6451
2976,6483
2979,6467
3005,6485
3008,6498
3029,6507
3057,6503
3063,6537
3077,6523
3111,6544
3104,6548
3146,6550
3161,6572
3177,6586
3192,6579
3239,6591
3248,6618
3277,6623
3312,6631
3335,6631
3370,6656
3383,6655
3393,6696
3438,6714
3468,6742
3475,6745
3520,6774
3530,6770
3574,6797
3586,6820
3614,6826
3635,6871
3687,6893
3700,6896
3745,6947
3769,6970
3792,6974
3821,7015
3860,7022
3889,7041
3904,7106
3943,7101
3961,7133
3991,7164
4031,7221
4050,7220
4073,7253
4097,7267
4140,7311
4151,7311
4167,7335
4223,7366
4239,7367
4268,7422
4296,7449
4319,7451
4354,7468
4362,7487
4402,7494
4440,7508
4465,7541
4487,7541
4500,7574
4545,7594
4541,7590
4586,7647
4595,7640
4629,7639
4662,7705
4673,7705
4698,7738
4732,7768
4746,7783
4768,7806
4802,7807
4813,7841
4848,7862
4848,7894
4883,7931
4908,7930
4906,7966
4925,7999
4949,7998
4953,8014
4981,8031
5002,8057
5023,8073
5042,8078
5072,8134
5068,8148
5076,8156
5112,8153
5125,8167
5136,8197
5164,8201
5172,8207
5192,8218
5196,8255
5212,8246
5228,8271
5263,8283
5290,8318
5311,8329
5304,8372
5336,8377
5375,8366
5384,8396
5424,8403
5419,8465
5474,8479
5483,8525
5521,8551
5541,8589
5557,8630
5606,8657
5617,8697
5653,8753
5693,8769
5701,8820
5742,8853
5762,8895
5778,8957
5822,8981
5827,9037
5866,9071
5894,9108
5921,9179
5964,9201
5971,9253
6007,9303
6041,9329
6052,9362
6098,9350
6118,9424
6117,9445
6182,9471
6203,9517
6210,9519
6251,9572
6273,9593
6315,9640
6323,9665
6353,9675
6394,9757
6419,9750
6434,9832
6481,9843
6473,9890
6512,9924
6553,9980
6580,10010
6589,10075
6632,10070
6648,10141
6675,10203
6695,10275
6713,10319
6782,10337
6784,10382
6797,10434
6816,10501
6853,10531
6856,10561
6888,10596
6925,10611
6916,10650
6969,10667
6968,10696
6989,10706
7016,10753
7020,10760
7063,10790
7052,10808
7101,10824
7103,10829
7120,10841
7145,10850
7136,10860
7191,10889
7182,10884
7200,10912
7219,10917
7243,10936
7261,10951
7266,11006
7292,11010
7303,11046
7340,11092
7343,11082
7368,11122
7383,11179
7413,11151
7431,11201
7423,11229
7470,11267
7485,11318
7499,11391
7493,11409
7525,11433
7551,11454
7567,11503
7602,11504
7621,11556
7652,11576
7679,11610
7678,11617
7708,11677
7725,11687
7765,11723
7805,11764
7844,11770
7854,11804
7881,11823
7930,11833
7945,11855
7978,11878
7982,11896
8015,11935
8033,11945
8060,11979
8104,12025
8139,12059
8149,12123
8159,12129
8197,12182
8216,12215
8245,12270
8290,12302
8333,12328
8358,12360
8377,12415
8420,12450
8436,12480
8479,12531
8474,12566
8525,12616
8564,12620
8565,12671
8598,12714
8610,12712
8644,12734
8665,12754
8691,12777
8714,12795
8758,12807
8775,12815
8817,12855
8841,12831
8881,12876
8893,12891
8933,12890
8933,12912
8976,12918
8994,12930
9035,12941
9049,12972
9068,12987
9088,13008
9118,13014
9119,13067
9154,13094
9193,13095
9198,13109
9209,13140
9246,13156
9262,13194
9286,13203
9307,13256
9321,13271
9344,13284
9363,13316
9356,13320
9371,13331
9392,13354
9406,13356
9445,13387
9466,13396
9465,13401
9485,13414
9491,13416
9501,13406
9535,13444
9549,13422
9570,13432
9573,13448
9589,13455
9614,13458
9626,13455
9656,13463
9671,13460
9720,13468
9717,13468
9738,13496
9784,13494
9789,13550
9812,13530
9859,13557
9838,13589
9878,13614
9915,13645
9962,13653
9985,13693
10009,13700
10040,13743
10075,13749
10098,13790
10111,13824
10149,13837
10164,13864
10197,13888
10224,13904
10251,13934
10268,13959
10292,13970
10334,14001
10355,14026
10365,14023
10405,14040
10432,14054
10449,14072
10474,14088
10509,14086
10526,14078
10558,14118
10575,14115
10632,14126
10657,14125
10671,14158
10714,14156
10724,14186
10760,14200
10775,14209
10815,14240
10834,14244
10867,14249
10877,14279
10911,14287
10951,14325
10971,14329
10997,14357
11026,14380
11054,14395
11077,14425
11112,14450
11125,14478
11141,14493
11187,14507
11220,14535
11220,14527
11257,14549
11274,14591
11270,14588
11307,14606
11330,14610
11344,14659
11361,14640
11388,14662
11423,14661
11440,14670
11441,14674
11481,14691
11498,14679
11513,14693
11526,14680
11525,14692
11539,14723
11572,14729
11591,14729
11604,14754
11604,14738
11635,14751
11650,14740
11658,14743
11679,14765
11702,14778
11712,14773
11746,14814
11762,14793
11775,14831
11794,14845
11799,14858
11825,14882
11862,14887
11879,14899
11894,14918
11906,14961
11925,14975
11960,15009
11975,15017
12002,15049
12015,15053
12045,15063
12050,15100
12092,15110
12124,15125
12144,15146
12181,15172
12206,15184
12222,15191
12249,15217
12280,15240
12323,15247
12333,15264
12364,15269
12393,15302
12389,15320
12431,15355
12467,15333
12515,15344
12514,15392
12554,15409
12556,15416
12612,15443
12618,15476
12678,15518
12693,15533
12733,15571
12751,15562
12781,15606
12823,15645
12854,15651
12853,15686
12902,15719
12929,15758
12973,15795
12986,15806
13029,15834
13047,15893
13077,15896
13094,15937
13113,15957
13158,15980
13182,16042
13223,16045
13243,16088
13243,16091
13297,16123
13304,16142
13347,16148
13373,16181
13392,16191
13396,16204
13443,16215
13450,16254
13473,16253
13505,16295
13512,16298
13548,16335
13552,16322
13562,16338
13588,16364
13635,16374
13629,16383
13668,40
13675,53
13706,79
13732,87
13727,101
13744,118
13758,155
13773,179
13794,184
13816,221
13829,235
13831,274
13854,280
13877,319
13916,350
13914,380
13956,398
13975,403
13978,446
13992,438
14021,481
14026,495
14066,523
14081,565
14088,584
14126,633
14147,656
14177,686
14202,728
14233,725
14256,771
14302,820
14300,830
14316,863
14354,909
14407,901
14393,956
14449,975
14462,996
14495,1047
14509,1068
14552,1127
14545,1169
14609,1197
14638,1238
14634,1256
14677,1300
14726,1383
14728,1386
14775,1426
14811,1473
14846,1519
14873,1550
14878,1583
14925,1675
14920,1692
14958,1733
14989,1788
15018,1844
15053,1891
15082,1920
15097,1974
15130,2055
15140,2066
15203,2143
15204,2204
15230,2209
15269,2286
15282,2307
15316,2373
15348,2385
15367,2430
15391,2470
15412,2527
15430,2558
15462,2593
15465,2625
15520,2672
15526,2683
15577,2739
15589,2769
15622,2794
15638,2792
15661,2808
15669,2865
15706,2889
15712,2889
15732,2929
15755,2920
15782,2946
15794,2959
15816,3006
15836,2980
15836,3018
15858,3022
15885,3034
15904,3041
15935,3063
15945,3099
15950,3134
15984,3164
16009,3168
16026,3183
16028,3197
16054,3230
16061,3270
16064,3271
16093,3299
16130,3350
16137,3356
16144,3392
16184,3388
16209,3431
16219,3455
16230,3494
16240,3526
16261,3569
16285,3595
16306,3592
16337,3659
16377,3705
16376,3744
24,3767
47,3812
81,3839
100,3870
112,3925
146,3941
153,3993
188,4004
216,4014
241,4053
261,4081
300,4116
334,4126
369,4152
391,4175
414,4211
473,4237
487,4280
492,4289
536,4322
565,4332
587,4363
592,4398
630,4422
664,4446
709,4457
728,4486
774,4474
791,4509
813,4531
830,4552
882,4600
903,4613
941,4642
981,4655
1006,4659
1018,4688
1056,4727
1088,4759
1092,4775
1144,4816
1159,4854
1186,4853
1217,4895
1231,4951
1284,4946
1303,4969
1308,4981
1353,5033
1362,5037
1420,5063
1431,5084
1454,5123
1478,5127
1495,5141
1512,5179
1548,5172
1533,5227
1574,5228
1591,5254
1618,5288
1635,5283
1645,5291
1667,5311
1674,5350
1700,5335
1725,5367
1736,5372
1749,5385
1779,5396
1799,5381
1790,5387
1813,5395
1844,5403
1854,5422
1864,5425
1877,5431
1902,5448
1922,5449
1916,5452
1955,5459
1982,5454
1992,5480
2011,5469
2009,5491
2048,5496
2084,5507
2112,5534
2123,5551
2152,5552
2180,5587
2214,5580
2228,5590
2272,5615
2297,5615
2308,5634
2338,5653
2368,5688
2396,5696
2420,5736
2430,5752
2459,5772
2498,5779
2520,5817
2568,5851
2593,5872
2607,5893
2654,5903
2658,5944
2710,5942
2734,5984
2748,5988
2799,6032
2836,6044
2840,6085
2863,6083
2876,6115
2922,6129
2938,6144
2969,6182
2996,6188
3031,6210
3061,6235
3080,6246
3094,6256
3129,6267
3152,6297
3201,6271
3207,6283
3253,6317
3270,6315
3293,6345
3314,6367
3345,6368
3384,6376
3369,6392
3405,6403
3420,6402
3465,6421
3494,6440
3514,6456
3529,6461
3559,6471
3594,6484
3624,6508
3627,6507
3641,6520
3681,6562
3689,6555
3729,6567
3734,6583
3762,6606
3775,6619
3786,6637
3820,6658
3829,6682
3868,6686
3856,6684
3888,6724
3895,6736
3938,6748
3939,6771
3941,6767
4003,6800
4013,6832
4012,6821
4040,6820
4055,6831
4060,6854
4064,6854
4089,6853
4095,6877
4112,6877
4139,6901
4133,6903
4184,6928
4185,6918
4207,6955
4218,6936
4228,6960
4257,6949
4288,6964
4297,6969
4349,6989
4348,7007
4368,7025
4401,7044
4432,7060
4473,7097
4497,7101
4490,7130
4537,7154
4569,7167
4600,7191
4618,7230
4645,7223
4662,7271
4712,7276
4725,7322
4772,7334
4794,7377
4821,7395
4868,7424
4883,7462
4899,7498
4930,7516
4959,7545
4992,7586
5022,7588
5039,7629
5073,7657
5112,7700
5128,7737
5145,7765
5206,7785
5237,7797
5257,7831
5285,7869
5313,7861
5330,7892
5376,7920
5403,7938
5427,7974
5471,7991
5480,8005
5510,8054
5542,8073
5557,8071
5582,8095
5585,8161
5646,8162
5672,8192
5677,8217
5698,8228
5739,8248
5759,8277
5771,8321
5803,8351
5837,8385
5856,8406
5871,8459
5894,8487
5917,8498
5932,8532
5961,8562
5988,8586
5982,8628
6026,8620
6040,8660
6070,8680
6069,8712
6072,8716
6097,8744
6135,8741
6127,8784
6171,8806
6184,8806
6193,8823
6215,8846
6230,8844
6248,8838
6239,8853
6281,8887
6294,8891
6320,8922
6337,8961
6368,8968
6380,8972
6392,9009
6426,9018
6447,9063
6454,9122
6473,9134
6521,9153
6540,9213
6552,9246
6584,9282
6613,9334
6639,9376
6682,9426
6691,9470
6732,9524
6740,9582
6750,9601
6804,9670
6833,9686
6854,9762
6875,9813
6900,9828
6933,9847
6973,9926
6982,9953
7017,10000
7018,10020
7058,10070
7118,10124
7131,10139
7167,10151
7191,10193
7205,10238
7255,10245
7262,10275
7301,10338
7326,10364
7367,10422
7368,10426
7406,10506
7449,10516
7458,10536
7505,10627
7525,10645
7543,10705
7599,10771
7602,10819
7621,10855
7654,10927
7668,10984
7737,11047
7732,11080
7773,11094
7788,11170
7802,11196
7835,11240
7851,11255
7879,11295
7900,11317
7924,11378
7939,11381
7961,11438
7994,11424
8021,11432
8031,11449
8052,11479
8063,11491
8112,11500
8121,11523
8122,11549
8162,11526
8191,11556
8204,11561
8211,11605
8238,11630
8255,11622
8269,11666
8282,11706
8297,11717
8306,11742
8321,11750
8359,11808
8371,11818
8376,11850
8407,11873
8434,11915
8430,11916
8450,11958
8459,11995
8491,11996
8492,12040
8518,12079
8544,12085
8546,12124
8578,12137
8597,12137
8630,12147
8645,12167
8650,12180
8700,12210
8677,12221
8710,12248
8765,12257
8764,12254
8795,12283
8825,12285
8861,12313
8900,12340
8922,12362
8931,12391
8975,12409
9003,12464
9030,12472
9053,12533
9087,12564
9116,12582
9143,12649
9163,12661
9201,12693
9230,12750
9251,12769
9288,12831
9312,12839
9357,12873
9384,12896
9417,12949
9421,12980
9461,13025
9495,13058
9509,13068
9557,13086
9569,13093
9605,13104
9624,13119
9647,13125
9680,13171
9709,13168
9736,13199
9758,13190
9801,13229
9806,13234
9851,13261
9883,13275
9909,13275
9959,13286
9972,13316
9995,13317
10036,13344
10047,13372
10068,13390
10092,13406
10128,13436
10132,13435
10157,13492
10182,13490
10213,13531
10222,13552
10250,13584
10267,13613
10289,13621
10307,13643
10341,13654
10356,13671
10377,13703
10392,13721
10413,13714
10428,13732
10441,13749
10455,13758
10479,13763
10479,13759
10494,13747
10517,13766
10541,13783
10538,13781
10572,13810
10597,13784
10618,13800
10639,13777
10646,13798
10661,13800
10700,13806
10705,13818
10722,13824
10748,13830
10781,13843
10788,13848
10793,13886
10823,13926
10856,13923
10874,13951
10908,13975
10927,13993
10943,14020
10988,14044
11012,14068
11042,14079
11085,14105
11089,14115
11119,14147
11129,14171
11164,14202
11211,14205
11246,14242
11254,14238
11277,14270
11280,14296
11327,14320
11345,14329
11378,14333
11418,14362
11418,14361
11471,14361
11487,14367
11521,14384
11532,14397
11560,14414
11614,14419
11621,14438
11646,14451
11667,14445
11705,14476
11746,14476
11775,14494
11823,14528
11820,14516
11859,14557
11875,14586
11913,14595
11922,14619
11956,14646
11986,14674
12022,14698
12046,14719
12082,14740
12097,14775
12143,14800
12152,14812
12159,14830
12210,14865
12204,14877
12231,14887
12262,14908
12295,14906
12289,14929
12332,14954
12340,14961
12362,14972
12366,14990
12401,15006
12448,14988
12429,15019
12492,15015
12474,15014
12489,15033
12520,15046
12542,15038
12561,15029
12580,15076
12596,15063
12595,15057
12632,15090
12647,15084
12661,15086
12672,15098
12703,15121
12696,15122
12722,15142
12758,15166
12778,15184
12792,15191
12811,15215
12825,15221
12843,15257
12866,15272
12872,15294
12901,15319
12899,15323
12945,15357
12954,15371
12967,15381
12981,15401
13006,15426
13029,15430
13053,15455
13086,15469
13103,15483
13123,15491
13162,15518
13186,15535
13211,15569
13248,15579
13250,15599
13255,15624
13318,15634
13347,15646
13378,15677
13380,15698
13439,15725
13447,15727
13486,15758
13502,15794
13537,15798
13571,15849
13588,15826
13636,15907
13652,15908
13681,15934
13705,15944
13735,15995
13788,16007
13781,16067
13815,16091
13862,16133
13876,16161
13924,16208
13944,16235
13972,16274
13993,16299
14037,16332
14060,16372
14083,24
14104,39
14130,112
14175,112
14213,145
14222,196
14269,207
14271,230
14298,296
14346,302
14351,350
14385,339
14406,378
14441,402
14456,412
14469,456
14513,488
14527,485
14562,517
14577,524
14591,554
14632,590
14627,609
14671,630
14663,626
14707,663
14716,702
14756,689
14747,734
14762,752
14811,773
14832,753
14844,848
14868,858
14865,875
14865,885
14879,886
14924,922
14939,945
14942,975
14975,1023
15000,1054
15004,1087
15020,1110
15041,1123
15062,1161
15080,1210
15122,1208
15127,1259
15142,1301
15168,1332
15190,1340
15218,1393
15228,1417
15264,1460
15256,1476
15285,1533
15329,1581
15338,1600
15372,1649
15405,1677
15408,1722
15436,1770
15497,1779
15513,1843
15540,1868
15572,1920
15589,1953
15631,1975
15647,2017
15682,2038
15713,2094
15716,2118
15770,2160
15804,2194
15819,2226
15845,2248
15871,2282
15901,2320
15930,2366
15949,2432
15983,2442
16028,2494
16040,2532
16069,2578
16097,2628
16116,2674
16155,2714
16183,2767
16227,2803
16232,2847
16272,2910
16311,2925
16319,2989
16338,3006
16370,3055
5,3061
53,3109
46,3130
64,3198
117,3259
129,3309
162,3324
184,3374
215,3405
237,3455
256,3524
291,3513
307,3554
322,3595
352,3608
390,3626
380,3683
421,3705
435,3721
447,3737
456,3747
480,3797
502,3790
511,3794
537,3821
552,3840
595,3860
577,3864
609,3905
628,3912
648,3906
657,3927
667,3945
694,3958
703,3962
725,3957
731,3977
760,3990
773,4001
795,4013
815,4015
836,4043
855,4057
865,4072
903,4067
901,4089
938,4097
936,4115
966,4163
1013,4175
1024,4198
1054,4218
1066,4256
1088,4277
1105,4299
1141,4331
1166,4362
1176,4402
1213,4435
1221,4479
1272,4479
1292,4500
1301,4550
1363,4592
1376,4609
1427,4644
1442,4683
1473,4719
1500,4706
1537,4783
1559,4822
1579,4820
1608,4869
1629,4880
1663,4922
1699,4946
1716,4972
1725,4986
1795,5020
1821,5031
1821,5063
1853,5081
1882,5096
1928,5124
1951,5136
1993,5155
2007,5184
2014,5191
2061,5188
2109,5214
2112,5253
2138,5264
2180,5290
2217,5285
2219,5291
2264,5319
2284,5339
2299,5366
2310,5368
2356,5381
2374,5402
2420,5391
2439,5411
2447,5407
2482,5436
2485,5447
2522,5464
2548,5472
2569,5491
2606,5495
2638,5539
2646,5556
2645,5560
2672,5581
2692,5596
2704,5622
2732,5606
2738,5642
2758,5662
2778,5688
2808,5696
2833,5713
2866,5720
2862,5734
2887,5758
2888,5740
2919,5793
2912,5793
2937,5813
2976,5817
2992,5829
2988,5858
3018,5867
3022,5863
3024,5888
3079,5897
3096,5918
3096,5929
3137,5935
3151,5961
3187,5945
3175,5970
3205,5962
3240,5963
3264,5962
3274,5991
3298,5993
3312,5995
3339,6021
3372,6022
3392,6045
3430,6057
3441,6069
3456,6070
3493,6109
3537,6108
3565,6117
3582,6137
3609,6158
3646,6184
3671,6196
3711,6217
3739,6221
3774,6255
3795,6269
3775,6297
3836,6307
3864,6333
3883,6375
3923,6387
3936,6415
3969,6416
4013,6452
4032,6480
4049,6512
4064,6515
4096,6553
4137,6591
4157,6587
4194,6610
4210,6623
4242,6631
4248,6660
4278,6697
4312,6712
4332,6732
4357,6724
4380,6756
4412,6744
4431,6782
4442,6794
4487,6793
4496,6806
4536,6838
4568,6828
4593,6839
4620,6871
4631,6871
4659,6885
4674,6895
4681,6906
4729,6931
4736,6938
4777,6929
4789,6953
4802,6974
4815,7007
4841,6987
4858,7010
4857,7035
4896,7038
4896,7066
4949,7095
4948,7098
4952,7106
5005,7127
5013,7163
5033,7149
5036,7187
5072,7199
5089,7223
5084,7227
5102,7236
5141,7251
5144,7257
5163,7271
5183,7287
5189,7297
5201,7305
5227,7329
5270,7347
5267,7353
5293,7363
5308,7363
5321,7403
5357,7392
5386,7418
5405,7425
5433,7470
5447,7468
5491,7471
5506,7486
5496,7516
5533,7522
5570,7554
5572,7578
5601,7579
5670,7616
5658,7649
5701,7689
5738,7695
5756,7728
5796,7777
5804,7815
5833,7829
5886,7873
5922,7918
5927,7968
5966,7958
6000,7994
6031,8031
6026,8079
6059,8106
6089,8141
6142,8154
6158,8218
6172,8232
6205,8291
6249,8286
6261,8339
6312,8359
6338,8359
6356,8410
6382,8416
6430,8448
6425,8497
6478,8529
6503,8545
6522,8578
6573,8584
6605,8636
6598,8638
6639,8695
6684,8722
6689,8762
6723,8813
6754,8822
6782,8880
6796,8902
6812,8932
6829,8980
6856,9000
6890,9075
6919,9095
6956,9152
6978,9166
6968,9200
7013,9206
7025,9270
7056,9292
7057,9313
7071,9348
7093,9351
7122,9382
7122,9394
7139,9433
7154,9438
7179,9464
7188,9486
7235,9510
7238,9507
7259,9523
7285,9529
7282,9570
7322,9557
7321,9591
7356,9580
7363,9620
7402,9644
7413,9645
7422,9691
7428,9704
7459,9759
7496,9757
7481,9830
7526,9854
7528,9902
7549,9948
7582,9967
7597,10003
7628,10047
7649,10108
7687,10183
7719,10193
7716,10256
7760,10282
7788,10336
7824,10349
7833,10413
7868,10472
7889,10480
7907,10545
7934,10554
7950,10593
7989,10629
8015,10635
8044,10698
8075,10721
8100,10726
8131,10753
8188,10809
8199,10827
8220,10870
8248,10918
8270,10969
8314,10992
8351,11075
8380,11095
8377,11151
8418,11211
8454,11225
8486,11263
8496,11344
8531,11386
8547,11423
8581,11449
8588,11544
8621,11576
8658,11651
8689,11656
8688,11726
8733,11728
8758,11751
8791,11813
8834,11804
8827,11819
8872,11841
8868,11861
8907,11873
8953,11937
8952,11934
8996,11956
9005,11957
9008,11996
9060,12012
9058,12023
9107,12031
9121,12065
9143,12082
9163,12114
9192,12130
9205,12179
9222,12178
9256,12223
9262,12223
9286,12260
9292,12306
9320,12326
9337,12339
9330,12398
9347,12435
9356,12433
9399,12465
9429,12483
9447,12496
9452,12514
9479,12529
9503,12533
9514,12547
9501,12540
9545,12563
9543,12574
9572,12558
9587,12609
9606,12577
9613,12596
9620,12613
9658,12620
9680,12626
9700,12619
9714,12657
9742,12653
9775,12673
9793,12706
9802,12730
9847,12737
9881,12781
9919,12822
9925,12836
9965,12849
9991,12914
9994,12930
10051,12969
10054,13001
10106,13021
10128,13100
10135,13092
10152,13136
10182,13167
10211,13189
10240,13220
10285,13263
10314,13256
10337,13283
10369,13329
10400,13328
10429,13347
10445,13344
10492,13377
10512,13370
10538,13393
10547,13395
10582,13422
10607,13428
10651,13446
10675,13433
10710,13480
10724,13498
10760,13497
10808,13525
10829,13549
10853,13566
10898,13601
10916,13636
10958,13618
10987,13676
10996,13700
11033,13741
11071,13755
11081,13800
11126,13800
11145,13827
11176,13844
11180,13884
11217,13906
11236,13917
11234,13934
11287,13957
11301,13975
11309,13969
11326,13975
11333,13990
11390,14024
11394,14003
11416,14021
11450,14034
11456,14025
11470,14030
11476,14044
11514,14046
11516,14041
11543,14036
11536,14050
11569,14056
11584,14068
11606,14062
11641,14086
11646,14085
11675,14103
11695,14115
11733,14121
11731,14145
11750,14153
11762,14173
11774,14175
11813,14217
11828,14222
11837,14256
11873,14277
11872,14274
11878,14298
11912,14318
11944,14336
11960,14346
11988,14371
11992,14389
12032,14428
12058,14422
12071,14438
12124,14452
12129,14481
12166,14473
12178,14474
12217,14499
12217,14510
12269,14516
12302,14531
12296,14533
12324,14538
12366,14554
12395,14573
12388,14570
12440,14607
12474,14620
12482,14628
12533,14632
12542,14662
12600,14707
12606,14706
12634,14738
12652,14760
12713,14777
12718,14794
12772,14833
12790,14860
12816,14885
12847,14909
12871,14935
12877,14971
12908,14992
12950,14992
12949,15018
12997,15023
13018,15070
13063,15087
13076,15104
13105,15117
13113,15147
13152,15151
13163,15169
13178,15190
13210,15206
13270,15214
13280,15232
13291,15258
13320,15244
13344,15271
13361,15282
13380,15305
13412,15316
13431,15305
13453,15321
13491,15316
13510,15339
13529,15357
13544,15373
13581,15379
13611,15402
13602,15405
13641,15451
13639,15449
13676,15438
13685,15505
13706,15495
13709,15516
13721,15533
13761,15534
13775,15551
13767,15596
13776,15594
13814,15627
13825,15635
13846,15651
13878,15663
13873,15693
13898,15733
13920,15727
13935,15741
13975,15753
13963,15761
13993,15779
14013,15791
14054,15807
14059,15841
14081,15848
14106,15850
14109,15878
14161,15889
14158,15884
14187,15919
14223,15946
14230,15954
14264,15989
14285,16000
14313,16017
14340,16049
14362,16074
14393,16083
14444,16124
14446,16154
14475,16184
14518,16213
14558,16226
14568,16276
14597,16303
14612,16343
14671,16382
14669,10
14710,50
14738,86
14773,153
14818,141
14843,189
14873,239
14881,264
14905,332
14924,356
14973,395
15009,441
15040,482
15072,512
15089,537
15112,606
15150,658
15177,668
15193,696
15257,747
15254,802
15283,839
15298,844
15355,897
15357,947
15391,954
15440,970
15449,1020
15479,1042
15495,1096
15524,1105
15553,1136
15551,1123
15609,1189
15622,1178
15655,1271
15675,1274
15682,1287
15712,1295
15709,1327
15740,1346
15774,1352
15782,1423
15787,1461
15822,1490
15870,1480
15869,1517
15893,1527
15914,1571
15948,1586
15957,1619
15961,1650
15974,1676
15992,1706
16010,1742
16020,1771
16049,1835
16058,1856
16091,1879
16114,1928
16116,1980
16132,1963
16159,2012
16171,2012
16202,2042
16201,2118
16235,2119
16246,2150
16292,2190
16287,2239
16329,2253
16352,2296
16350,2294
1,2353
17,2398
42,2432
58,2456
97,2470
99,2508
150,2556
164,2596
190,2628
232,2653
242,2711
283,2719
315,2782
348,2814
370,2821
376,2887
420,2918
444,2902
460,2987
514,3030
539,3032
566,3045
582,3110
625,3131
635,3170
667,3219
706,3250
747,3277
760,3339
789,3383
812,3405
837,3442
891,3487
917,3538
943,3538
959,3598
997,3633
1021,3679
1037,3691
1074,3745
1085,3782
1116,3831
1147,3873
1159,3897
1193,3931
1215,3926
1252,3995
1273,4041
1298,4087
1322,4110
1341,4139
1377,4135
1395,4184
1402,4211
1412,4204
1452,4229
1488,4264
1470,4303
1508,4319
1511,4319
1562,4321
1552,4341
1581,4383
1607,4392
1624,4409
1628,4406
1653,4410
1675,4424
1697,4449
1704,4428
1731,4446
1742,4457
1766,4475
1791,4471
1795,4481
1789,4488
1827,4507
1839,4521
1855,4529
1890,4533
1900,4553
1919,4572
1933,4566
1972,4564
1984,4577
1995,4613
2017,4627
2040,4636
2062,4658
2087,4687
2106,4713
2129,4718
2148,4745
2158,4775
2189,4792
2210,4811
2240,4847
2260,4864
2279,4876
2308,4926
2323,4958
2375,4994
2409,5002
2424,5041
2466,5062
2488,5108
2520,5122
2546,5159
2585,5154
2588,5222
2622,5252
2653,5247
2677,5299
2698,5302
2740,5323
2745,5344
2777,5343
2799,5416
2826,5401
2877,5410
2904,5428
2922,5438
2976,5475
2993,5484
3032,5489
3046,5519
3068,5522
3108,5526
3126,5556
3191,5565
3179,5578
3205,5602
3230,5616
3262,5637
3277,5643
3334,5649
3337,5680
3383,5698
3398,5692
3446,5726
3445,5719
3483,5743
3508,5752
3539,5755
3547,5775
3594,5802
3604,5838
3637,5847
3658,5875
3675,5866
3692,5907
3710,5900
3744,5911
3747,5952
3769,5946
3794,5996
3821,6016
3829,6012
3848,6008
3857,6049
3909,6037
3914,6062
3929,6097
3934,6077
3960,6125
3977,6115
3988,6119
4022,6156
3991,6187
4005,6158
4048,6166
4051,6143
4083,6175
4096,6189
4124,6210
4133,6217
4153,6203
4165,6207
4205,6213
4192,6237
4232,6217
4261,6222
4282,6247
4293,6251
4315,6277
4332,6304
4364,6304
4396,6315
4416,6316
4440,6328
4459,6369
4478,6386
4508,6360
4549,6417
4564,6410
4582,6450
4621,6464
4640,6495
4676,6507
4705,6550
4722,6568
4742,6574
4789,6619
4826,6644
4845,6674
4877,6685
4894,6718
4936,6739
4957,6770
5000,6782
5029,6795
5027,6823
5060,6840
5085,6859
5124,6884
5136,6890
5189,6925
5211,6898
5216,6938
5261,6985
5280,6974
5296,6987
5326,7010
5368,7021
5370,7052
5421,7036
5444,7072
5457,7062
5497,7087
5516,7104
5568,7126
5573,7167
5586,7155
5621,7198
5637,7205
5668,7217
5683,7246
5717,7262
5740,7290
5771,7283
5777,7317
5806,7354
5825,7377
5855,7386
5848,7402
5863,7428
5906,7467
5915,7470
5938,7485
5972,7512
5989,7548
6002,7562
6023,7572
6040,7564
6046,7572
6067,7603
6104,7592
6100,7614
6133,7635
6135,7626
6155,7632
6177,7671
6208,7672
6196,7677
6216,7687
6249,7709
6266,7724
6270,7727
6297,7748
6332,7722
6343,7753
6346,7760
6394,7810
6409,7801
6404,7828
6451,7868
6448,7888
6500,7918
6511,7950
6532,7985
6560,8002
6577,8027
6608,8079
6629,8077
6640,8146
6689,8160
6717,8191
6738,8233
6767,8256
6784,8292
6817,8335
6839,8372
6890,8397
6891,8403
6926,8437
6965,8455
7018,8498
7025,8533
7063,8567
7082,8587
7109,8618
7134,8666
7171,8649
7186,8696
7222,8754
7280,8770
7294,8802
7308,8843
7342,8876
7356,8918
7409,8947
7428,9008
7457,9055
7480,9112
7508,9146
7539,9185
7564,9255
7589,9273
7652,9331
7646,9388
7673,9449
7678,9458
7727,9557
7742,9556
7749,9580
7797,9627
7862,9676
7859,9725
7864,9750
7905,9767
7918,9805
7934,9828
7967,9849
7988,9881
7998,9881
8042,9880
8045,9897
8078,9924
8084,9973
8121,9968
8152,10012
8157,10031
8162,10074
8187,10091
8218,10102
8212,10152
8246,10177
8269,10217
8292,10213
8307,10276
8329,10312
8330,10332
8343,10381
8366,10430
8393,10460
8383,10445
8415,10511
8444,10554
8456,10565
8478,10590
8491,10616
8492,10660
8522,10702
8553,10692
8563,10710
8563,10719
8614,10758
8629,10771
8652,10776
8665,10809
8703,10863
8721,10888
8753,10884
8776,10912
8825,10964
8850,10984
8835,11031
8897,11065
8910,11091
8942,11137
8944,11186
8966,11235
9002,11300
9042,11285
9072,11382
9109,11439
9130,11473
9170,11532
9189,11604
9216,11650
9249,11688
9267,11727
9298,11763
9328,11812
9361,11821
9380,11884
9409,11906
9437,11927
9448,11952
9487,11972
9507,11990
9543,12018
9546,12032
9585,12067
9612,12066
9658,12072
9681,12109
9718,12162
9747,12168
9772,12191
9790,12217
9824,12252
9843,12274
9887,12310
9886,12336
9932,12372
9952,12377
9985,12442
10004,12466
10029,12499
10043,12544
10060,12564
10100,12593
10120,12626
10131,12658
10152,12703
10199,12718
10200,12770
10227,12762
10264,12782
10268,12793
10265,12793
10290,12821
10319,12815
10332,12816
10359,12854
10369,12858
10374,12856
10406,12867
10424,12863
10429,12854
10446,12853
10485,12888
10480,12892
10515,12879
10519,12903
10544,12917
10589,12923
10586,12947
10614,12970
10644,12949
10637,13004
10669,13028
10673,13069
10695,13068
10727,13092
10736,13111
10759,13152
10778,13176
10806,13194
10829,13244
10857,13247
10871,13291
10880,13306
10911,13326
10932,13342
10953,13368
10981,13367
10994,13382
11034,13378
11068,13406
11092,13418
11118,13445
11152,13454
11143,13470
11188,13469
11231,13467
11260,13481
11288,13524
11299,13539
11354,13563
11396,13562
11414,13574
11429,13595
11471,13636
11503,13634
11537,13678
11560,13710
11579,13699
11604,13739
11622,13767
11663,13810
11682,13856
11725,13856
11736,13870
11780,13917
11816,13943
11840,13969
11863,13989
11898,14018
11932,14033
11957,14043
11982,14073
11998,14085
12017,14104
12068,14118
12097,14123
12108,14147
12118,14143
12156,14160
12177,14165
12222,14181
12222,14197
12263,14216
12270,14208
12312,14223
12307,14236
12318,14246
12355,14245
12402,14244
12389,14265
12429,14263
12454,14281
12471,14285
12491,14296
12517,14332
12534,14324
12554,14366
12546,14373
12588,14393
12593,14412
12624,14429
12625,14433
12639,14472
12684,14466
12687,14508
12708,14503
12729,14527
12746,14538
12742,14549
12777,14547
12792,14584
12809,14569
12825,14596
12856,14609
12871,14622
12856,14600
12888,14627
12914,14636
12940,14628
12956,14643
12978,14644
13001,14648
13035,14653
13035,14665
13069,14676
13107,14684
13123,14701
13141,14721
13184,14732
13210,14728
13231,14773
13262,14782
13286,14803
13287,14825
13354,14843
13363,14889
13381,14881
13432,14925
13441,14945
13482,14988
13485,14998
13493,15019
13568,15029
13604,15073
13637,15101
13636,15142
13675,15151
13709,15174
13726,15189
13747,15213
13788,15242
13822,15243
13839,15261
13865,15292
13894,15314
13917,15329
13955,15342
13966,15375
14008,15372
14029,15402
14062,15415
14085,15428
14127,15439
14138,15453
14166,15496
14193,15491
14230,15505
14240,15528
14285,15555
14304,15577
14316,15576
14335,15624
14358,15610
14386,15648
14413,15675
14429,15679
14450,15704
14473,15727
14502,15757
14540,15799
14545,15785
14575,15806
14584,15834
14621,15861
14622,15879
14642,15886
14675,15924
14685,15937
14704,15945
14733,15987
14743,16002
14760,16026
14783,16022
14785,16052
14802,16049
14822,16072
14858,16104
14869,16114
14865,16123
14890,16137
14917,16151
14934,16175
14957,16158
14985,16191
14998,16194
15025,16219
15029,16216
15069,16220
15076,16261
15086,16269
15097,16293
15126,16310
15159,16317
15196,16352
15203,16352
15230,16378
15257,17
15253,33
15316,39
15307,91
15337,123
15382,155
15406,180
15411,201
15463,251
15480,298
15505,337
15525,381
15556,422
15601,440
15623,495
15637,481
15656,552
15704,596
15713,639
15757,693
15754,720
15800,778
15835,845
15863,859
15892,902
15919,929
15955,998
15976,1022
16023,1084
16035,1104
16075,1149
16101,1220
16104,1236
16156,1263
16161,1275
16221,1328
16232,1377
16265,1434
16271,1452
16310,1482
16326,1527
16371,1585
9,1573
29,1629
62,1670
97,1688
127,1716
151,1743
174,1777
198,1824
219,1860
240,1910
278,1940
299,1971
306,2007
326,2011
354,2032
369,2087
397,2083
429,2144
448,2177
465,2198
485,2212
492,2274
515,2295
537,2333
564,2353
582,2392
583,2412
608,2440
613,2474
642,2502
637,2543
671,2553
696,2581
690,2660
732,2682
738,2696
736,2696
758,2752
775,2777
800,2790
820,2819
838,2868
873,2874
888,2898
894,2916
928,2967
942,2964
985,3013
1000,3031
1006,3056
1023,3071
1032,3106
1054,3134
1087,3176
1101,3205
1152,3217
1168,3273
1230,3268
1201,3315
1244,3336
1282,3361
1282,3386
1315,3397
1375,3427
1390,3470
1427,3493
1453,3511
1458,3566
1495,3593
1534,3623
1548,3649
1587,3694
1628,3741
1637,3743
1668,3811
1679,3816
1725,3892
1755,3916
1761,3923
1818,3986
1842,4016
1876,4055
1905,4068
1918,4121
1958,4147
1978,4161
1994,4181
2021,4230
2039,4282
2076,4291
2108,4338
2113,4371
2157,4381
2184,4420
2216,4447
2247,4482
2262,4516
2296,4551
2309,4587
2331,4607
2368,4633
2374,4644
2417,4662
2429,4687
2450,4720
2450,4730
2495,4737
2505,4746
2532,4788
2530,4800
2575,4805
2584,4814
2600,4824
2623,4832
2651,4857
2674,4853
2692,4854
2701,4867
2718,4880
2753,4899
2747,4889
2781,4896
2776,4898
2800,4930
2829,4923
2832,4907
2846,4938
2876,4931
2889,4948
2912,4964
2928,4968
2959,4984
2958,5001
2994,5012
3002,5032
3024,5051
3042,5062
3062,5092
3087,5082
3104,5108
3130,5144
3171,5157
3179,5155
3202,5212
3208,5218
3213,5261
3257,5273
3276,5283
3306,5303
3327,5340
3348,5358
3398,5404
3411,5417
3428,5413
3453,5475
3467,5483
3517,5505
3536,5513
3558,5544
3589,5578
3634,5580
3640,5607
3679,5619
3701,5638
3740,5657
3763,5647
3783,5673
3809,5696
3845,5707
3869,5731
3917,5731
3956,5752
3955,5765
3976,5784
4008,5805
4054,5802
4057,5835
4102,5844
4129,5863
4147,5864
4168,5892
4216,5899
4211,5903
4272,5944
4262,5954
4302,5975
4330,5974
4381,6012
4404,6031
4414,6046
4450,6057
4471,6096
4528,6091
4530,6140
4561,6165
4592,6173
4612,6187
4643,6224
4650,6218
4676,6252
4679,6258
4698,6280
4735,6294
4775,6309
4768,6327
4801,6350
4803,6371
4840,6372
4852,6384
4865,6389
4906,6401
4915,6411
4929,6417
4942,6409
4949,6424
4995,6418
5002,6432
5015,6439
5011,6441
5050,6439
5059,6451
5081,6461
5109,6450
5127,6455
5135,6484
5172,6478
5179,6493
5204,6501
5224,6516
5229,6522
5248,6541
5240,6566
5305,6573
5332,6595
5358,6592
5359,6613
5395,6637
5405,6660
5433,6693
5446,6706
5475,6744
5481,6751
5527,6756
5529,6781
5577,6825
5590,6824
5614,6858
5663,6885
5695,6896
5718,6926
5734,6932
5770,6970
5827,6973
5813,7005
5858,7028
5881,7043
5903,7074
5942,7072
5978,7090
5994,7112
6025,7102
6060,7145
6071,7152
6085,7177
6125,7179
6151,7193
6197,7209
6234,7238
6262,7248
6263,7287
6306,7306
6321,7314
6345,7353
6379,7379
6421,7389
6432,7423
6456,7452
6507,7477
6510,7490
6526,7530
6553,7538
6600,7585
6617,7600
6615,7638
6666,7684
6680,7676
6720,7717
6732,7746
6746,7763
6780,7792
6812,7842
6821,7832
6860,7856
6860,7861
6908,7889
6928,7897
6951,7930
6956,7934
6979,7940
7010,7964
7030,7966
7043,7971
7056,8000
7067,8003
7082,8007
7117,8041
7134,8018
7154,8036
7169,8073
7186,8072
7223,8109
7210,8132
7244,8136
7257,8158
7291,8197
7281,8205
7298,8238
7315,8239
7338,8280
7368,8338
7369,8346
7398,8344
7423,8377
7436,8425
7455,8426
7459,8451
7494,8498
7525,8491
7546,8528
7548,8539
7581,8586
7622,8604
7655,8599
7666,8664
7667,8634
7692,8691
7738,8711
7748,8720
7774,8730
7826,8794
7838,8817
7867,8859
7895,8872
7922,8920
7957,8941
7978,9006
8034,9052
8062,9090
8061,9124
8107,9197
8137,9227
8159,9291
8182,9330
8213,9374
8212,9464
8271,9475
8260,9551
8313,9607
8341,9669
8374,9692
8387,9739
8407,9770
8464,9823
8484,9838
8503,9907
8540,9921
8578,9961
8593,10005
8627,10052
8662,10043
8688,10062
8703,10076
8734,10138
8759,10161
8774,10200
8804,10248
8837,10291
8862,10334
8893,10366
8906,10414
8955,10420
8964,10492
8993,10547
9014,10574
9036,10619
9078,10654
9091,10687
9104,10768
9123,10813
9144,10885
9160,10888
9189,10941
9204,10946
9205,10971
9204,10992
9246,11021
9257,11017
9281,11052
9306,11044
9313,11085
9344,11058
9360,11088
9373,11085
9385,11124
9413,11123
9446,11144
9451,11123
9472,11151
9493,11183
9517,11193
9510,11234
9525,11253
9544,11262
9569,11317
9592,11330
9605,11387
9636,11394
9649,11426
9656,11492
9706,11518
9734,11573
9751,11607
9756,11648
9777,11697
9828,11704
9841,11798
9853,11757
9875,11835
9913,11845
9918,11892
9949,11886
9984,11916
10004,11950
10028,11974
10050,11994
10081,12027
10110,12039
10123,12079
10158,12056
10217,12106
10228,12139
10251,12154
10277,12173
10332,12196
10339,12241
10384,12260
10395,12291
10431,12333
10473,12353
10499,12389
10518,12439
10535,12456
10580,12508
10600,12545
10646,12584
10662,12623
10693,12651
10722,12694
10731,12741
10758,12751
10802,12804
10834,12820
10834,12876
10885,12874
10890,12900
10913,12919
10923,12924
10959,12945
10965,12950
10998,12968
11033,12985
11058,12987
11075,13002
11108,13026
11131,13026
11174,13054
11197,13070
11212,13055
11225,13076
11249,13058
11276,13084
11298,13115
11328,13133
11337,13142
11354,13172
11380,13208
11405,13215
11425,13217
11429,13261
11448,13295
11489,13321
11504,13326
11509,13367
11518,13378
11564,13397
11553,13392
11584,13408
11581,13454
11621,13469
11631,13483
11646,13483
11676,13469
11688,13513
11699,13496
11712,13502
11722,13517
11737,13519
11755,13522
11799,13533
11809,13529
11838,13532
11847,13536
11858,13559
11881,13576
11930,13566
11952,13596
11969,13592
11985,13603
12019,13611
12040,13635
12071,13666
12070,13688
12101,13711
12143,13749
12160,13768
12197,13806
12206,13820
12220,13827
12256,13871
12276,13894
12317,13914
12356,13941
12366,13967
12416,13995
12432,14011
12459,14016
12496,14086
12508,14103
12571,14091
12592,14146
12617,14136
12619,14158
12671,14158
12693,14178
12726,14191
12731,14195
12776,14188
12802,14204
12829,14224
12852,14245
12885,14264
12934,14274
12927,14283
12975,14302
13010,14295
13031,14313
13042,14336
13069,14362
13101,14359
13126,14393
13168,14411
13181,14413
13204,14455
13235,14469
13261,14500
13298,14538
13315,14541
13334,14581
13375,14599
13390,14589
13426,14633
13457,14641
13453,14661
13498,14669
13521,14694
13514,14704
13534,14726
13569,14731
13586,14744
13607,14749
13618,14782
13640,14772
13662,14768
13661,14775
13669,14813
13699,14790
13726,14784
13729,14793
13738,14806
13786,14803
13805,14807
13793,14815
13840,14832
13837,14845
13865,14854
13870,14886
13903,14885
13927,14884
13930,14896
13959,14891
13981,14904
13990,14922
14022,14954
14045,14967
14078,14970
14081,14999
14124,15016
14128,15045
14127,15052
14170,15100
14208,15094
14223,15122
14246,15132
14266,15167
14279,15189
14325,15237
14336,15240
14401,15280
14415,15297
14428,15304
14447,15333
14497,15341
14507,15355
14554,15392
14579,15401
14619,15433
14630,15457
14648,15467
14703,15511
14726,15510
14752,15550
14777,15559
14828,15580
14838,15595
14855,15623
14903,15640
14908,15636
14923,15660
14973,15693
14996,15726
15028,15705
15056,15758
15063,15768
15088,15780
15109,15803
15144,15832
15180,15871
15224,15894
15245,15899
15280,15924
15267,15979
15324,16001
15340,16032
15348,16062
15409,16105
15410,16108
15430,16125
15465,16153
15508,16195
15498,16218
15541,16239
15553,16274
15564,16309
15594,16319
15615,16345
15631,15
15646,14
15681,16
15693,87
15725,86
15768,98
15743,89
15769,154
15794,118
15822,186
15845,164
15853,193
15864,202
15884,213
15905,210
15903,251
15932,253
15955,259
15979,260
16010,306
16004,321
16045,362
16069,366
16082,363
16103,391
16117,378
16139,410
16144,438
16167,451
16181,489
16214,518
16226,564
16241,573
16279,591
16277,639
16312,659
16325,686
16366,720
16376,769
12,790
46,850
56,896
113,925
115,977
159,1019
175,1048
224,1075
222,1146
259,1195
287,1198
306,1262
336,1308
361,1365
389,1443
416,1460
450,1506
467,1540
505,1571
547,1626
564,1645
601,1720
621,1764
664,1800
694,1834
714,1888
735,1932
763,1965
794,1976
822,2056
847,2049
881,2119
884,2162
936,2196
943,2217
989,2267
1010,2284
1032,2328
1067,2374
1086,2394
1126,2438
1149,2452
1195,2492
1207,2518
1230,2545
1274,2594
1288,2668
1313,2681
1353,2687
1359,2757
1380,2754
1396,2805
1413,2858
1436,2867
1463,2905
1488,2938
1522,2973
1533,2991
1547,3023
1569,3074
1591,3073
1620,3132
1628,3116
1656,3195
1653,3206
1682,3236
1700,3273
1696,3298
1727,3317
1725,3354
1744,3346
1772,3381
1775,3398
1809,3465
1820,3472
1868,3528
1862,3535
1887,3563
1908,3562
1921,3579
1957,3591
1933,3607
1974,3647
1983,3683
2020,3678
2033,3715
2047,3704
2062,3752
2077,3740
2125,3765
2112,3818
2152,3813
2152,3854
2175,3865
2227,3891
2254,3902
2267,3933
2299,3967
2336,3975
2354,4014
2400,4050
2419,4073
2432,4062
2462,4066
2492,4131
2530,4139
2550,4145
2583,4191
2621,4219
2621,4243
2675,4270
2685,4303
2734,4338
2749,4350
2805,4398
2814,4434
2836,4466
2865,4482
2904,4508
2916,4561
2948,4555
2985,4606
2997,4634
3025,4673
3042,4717
3071,4740
3095,4776
3136,4782
3145,4823
3168,4833
3215,4875
3227,4907
3254,4915
3284,4949
3306,4985
3340,4999
3359,5020
3382,5049
3398,5049
3445,5071
3460,5092
3475,5123
3479,5138
3517,5161
3536,5169
3553,5160
3593,5198
3604,5188
3624,5218
3644,5214
3671,5198
3692,5229
3728,5250
3716,5234
3749,5252
3770,5260
3779,5263
3800,5268
3829,5292
3838,5288
3861,5273
3882,5316
3882,5291
3883,5327
3919,5334
3923,5332
3968,5336
3973,5343
3999,5365
4016,5400
4038,5403
4057,5412
4081,5429
4096,5466
4095,5448
4108,5471
4142,5496
4165,5515
4195,5553
4195,5544
4221,5569
4251,5589
4256,5613
4286,5623
4294,5654
4324,5687
4354,5694
4377,5705
4398,5706
4420,5760
4465,5765
4486,5809
4518,5817
4538,5836
4549,5879
4582,5859
4619,5874
4643,5871
4674,5904
4690,5926
4737,5931
4749,5940
4796,5959
4788,5982
4830,5979
4874,6013
4902,6011
4929,6019
4974,6049
4989,6050
5023,6067
5042,6090
5077,6100
5093,6110
5126,6142
5157,6149
5191,6164
5208,6168
5252,6192
5243,6203
5302,6233
5306,6233
5347,6283
5375,6301
5404,6324
5412,6340
5471,6374
5474,6390
5519,6419
5544,6452
5583,6463
5599,6487
5632,6507
5666,6529
5683,6545
5686,6554
5717,6586
5749,6587
5764,6602
5801,6617
5799,6625
5820,6648
5845,6679
5865,6661
5894,6687
5912,6692
5928,6710
5937,6685
5961,6714
5986,6711
6004,6717
5997,6725
6032,6720
6077,6737
6071,6736
6088,6746
6118,6777
6118,6757
6134,6768
6136,6781
6183,6799
6209,6806
6222,6828
6247,6826
6254,6838
6237,6847
6288,6869
6318,6850
6321,6904
6342,6905
6367,6932
6394,6970
6412,6986
6422,6988
6439,7022
6464,7040
6503,7077
6503,7085
6532,7102
6563,7131
6566,7137
6606,7158
6636,7183
6672,7184
6682,7219
6723,7241
6748,7266
6799,7257
6833,7309
6838,7320
6859,7317
6888,7346
6918,7363
6935,7368
6983,7398
7012,7426
7021,7447
7038,7464
7066,7482
7083,7511
7132,7506
7173,7541
7216,7559
7233,7614
7229,7621
7276,7637
7288,7710
7319,7733
7360,7764
7375,7775
7412,7822
7435,7852
7453,7892
7484,7902
7497,7923
7489,7953
7572,7978
7588,8033
7608,8059
7629,8066
7657,8084
7668,8128
7689,8152
7744,8172
7742,8187
7763,8199
7807,8231
7817,8257
7854,8264
7878,8293
7895,8291
7910,8321
7947,8346
7948,8366
7990,8379
8019,8404
8028,8400
8057,8429
8054,8468
8083,8488
8129,8503
8130,8499
8149,8544
8146,8570
8193,8587
8180,8630
8216,8668
8234,8686
8266,8723
8273,8763
8273,8781
8296,8820
8309,8829
8323,8862
8345,8893
8368,8893
8379,8928
8411,8925
8413,8935
8427,8961
8431,8997
8459,9003
8494,9038
8505,9045
8542,9066
8558,9082
8591,9104
8601,9128
8645,9133
8626,9191
8671,9214
8685,9216
8721,9259
8733,9270
8744,9334
8757,9375
8803,9407
8847,9419
8864,9464
8894,9530
8914,9586
8953,9647
8978,9706
9017,9739
9023,9781
9060,9873
9077,9890
9102,9956
9143,9989
9164,10054
9184,10107
9219,10121
9236,10178
9273,10204
9301,10249
9325,10308
9348,10346
9389,10359
9407,10375
9434,10440
9467,10469
9508,10506
9549,10515
9580,10558
9603,10613
9630,10614
9662,10672
9673,10697
9701,10765
9724,10793
9771,10820
9781,10886
9818,10903
9839,10984
9870,11014
9909,11061
9908,11130
9955,11178
9956,11222
9997,11301
10005,11332
10048,11375
10066,11390
10104,11423
10112,11462
10147,11463
10147,11493
10188,11523
10201,11528
10212,11571
10240,11572
10235,11615
10271,11607
10295,11611
10305,11613
10322,11623
10312,11637
10360,11616
10377,11659
10412,11676
10427,11704
10448,11700
10453,11727
10475,11735
10492,11815
10519,11826
10527,11861
10527,11841
10556,11897
10552,11930
10610,11947
10617,11989
10620,12024
10644,12042
10670,12086
10678,12110
10717,12138
10708,12152
10747,12205
10756,12222
10783,12233
10804,12233
10820,12240
10845,12269
10866,12282
10879,12294
10920,12309
10939,12328
10936,12350
10981,12351
11007,12371
11024,12398
11050,12423
11078,12430
11107,12455
11151,12458
11170,12516
11218,12535
11238,12561
11251,12609
11274,12611
11313,12655
11334,12692
11389,12733
11410,12770
11438,12782
11439,12805
11471,12856
11513,12898
11536,12919
11564,12944
11614,12983
11602,13052
11649,13059
11676,13089
11689,13116
11711,13134
11748,13160
11791,13183
11806,13200
11823,13203
11850,13211
11886,13212
11906,13221
11924,13236
11951,13250
11972,13289
11979,13273
12009,13261
12046,13301
12071,13287
12103,13325
12105,13320
12140,13348
12176,13361
12189,13396
12215,13395
12249,13413
12256,13444
12288,13482
12309,13485
12331,13505
12345,13542
12368,13560
12376,13589
12388,13602
12428,13626
12453,13652
12462,13667
12475,13675
12512,13698
12520,13716
12535,13722
12567,13750
12575,13751
12596,13784
12612,13780
12612,13776
12636,13789
12658,13785
12686,13807
12690,13792
12695,13793
12718,13790
12731,13825
12741,13795
12764,13831
12777,13822
12815,13829
12834,13853
12854,13850
12868,13852
12895,13879
12916,13871
12937,13872
12968,13899
12976,13914
13015,13938
13018,13962
13041,13964
13085,13989
13099,14011
13151,14044
13158,14066
13176,14085
13181,14126
13220,14142
13263,14161
13262,14191
13318,14218
13325,14214
13368,14252
13400,14268
13417,14306
13442,14305
13485,14329
13502,14340
13540,14368
13551,14374
13597,14383
13612,14394
13643,14412
13693,14435
13702,14445
13737,14441
13758,14466
13798,14480
13805,14483
13834,14520
13873,14515
13895,14533
13922,14548
13944,14556
13997,14601
14030,14587
14036,14613
14072,14620
14103,14652
14135,14654
14151,14673
14186,14709
14224,14702
14243,14753
14244,14767
14289,14793
14305,14802
14334,14840
14350,14841
14369,14882
14406,14886
14419,14932
14437,14939
14471,14945
14492,14964
14525,14989
14550,15017
14553,15016
14599,15041
14591,15037
14608,15052
14646,15055
14643,15081
14668,15090
14686,15124
14719,15115
14738,15122
14726,15134
14746,15160
14777,15163
14780,15150
14811,15170
14838,15177
14846,15170
14868,15208
14875,15199
14920,15179
14917,15204
14935,15211
14956,15198
14982,15222
14983,15247
15029,15258
15016,15281
15052,15288
15078,15302
15090,15318
15123,15336
15117,15353
15144,15340
15167,15370
15205,15371
15220,15411
15238,15433
15277,15455
15295,15475
15324,15511
15341,15548
15375,15578
15400,15586
15424,15614
15441,15649
15461,15676
15493,15723
15520,15732
15552,15762
15574,15783
15610,15810
15647,15846
15645,15844
15686,15869
15714,15873
15757,15917
15795,15952
15810,15964
15833,16005
15885,16022
15912,16033
15929,16059
15969,16084
15995,16110
16030,16142
16018,16148
16059,16218
16080,16209
16110,16254
16143,16258
16157,16279
16187,16288
16206,16350
16227,16359
16263,16367
16326,12
16313,49
16361,69
6,97
0,135
32,139
53,182
88,211
108,268
135,277
141,331
174,348
201,385
208,410
225,462
269,487
301,500
296,539
324,567
358,574
381,646
401,645
412,687
432,674
458,753
469,750
469,757
488,790
513,845
525,825
532,890
564,903
589,900
593,905
617,945
638,950
640,973
686,999
696,1019
728,1018
741,1053
767,1083
773,1083
780,1091
802,1116
823,1164
847,1169
858,1183
874,1212
916,1263
935,1290
934,1280
970,1325
1005,1343
1024,1374
1043,1436
1074,1464
1115,1499
1124,1531
1172,1578
1172,1601
1198,1654
1241,1694
1261,1706
1296,1814
1319,1852
1349,1857
1361,1947
1404,1950
1422,2018
1447,2065
1482,2132
1515,2156
1548,2234
1575,2273
1591,2331
1628,2383
1665,2457
1663,2483
1709,2522
1760,2593
1772,2666
1803,2696
1827,2719
1841,2767
1854,2800
1910,2842
1947,2901
1933,2924
1988,2956
2016,3014
2029,3047
2077,3062
2106,3114
2132,3137
2159,3169
2169,3216
2194,3259
2218,3270
2269,3305
2295,3322
2312,3336
2330,3399
2348,3354
2366,3411
2379,3460
2418,3485
2429,3489
2457,3491
2489,3549
2524,3552
2551,3571
2559,3571
2586,3622
2598,3630
2607,3637
2647,3667
2662,3704
2662,3688
2695,3722
2713,3774
2728,3783
2734,3790
2766,3833
2775,3824
2781,3885
2796,3883
2847,3937
2848,3911
2875,3968
2896,3985
2922,4003
2932,4037
2941,4046
2971,4068
3008,4095
3000,4120
3021,4134
3028,4168
3050,4192
3068,4239
3088,4251
3113,4296
3128,4270
3157,4328
3161,4362
3207,4376
3210,4385
3233,4427
3268,4421
3298,4444
3312,4447
3337,4496
3353,4522
3388,4528
3424,4540
3430,4550
3466,4593
3495,4607
3509,4633
3541,4669
3558,4651
3606,4690
3605,4696
3651,4739
3668,4742
3718,4728
3733,4789
3781,4803
3812,4830
3818,4864
3848,4858
3882,4876
3920,4890
3949,4919
3959,4973
4002,4957
4029,4992
4047,5011
4065,5044
4074,5089
4127,5115
4136,5150
4181,5153
4197,5181
4222,5198
4250,5226
4273,5256
4323,5298
4336,5297
4353,5307
4377,5343
4409,5354
4421,5403
4459,5403
4472,5437
4493,5445
4507,5459
4531,5494
4560,5514
4581,5541
4608,5541
4613,5554
4629,5561
4672,5555
4727,5590
4687,5599
4728,5582
4745,5591
4787,5613
4781,5610
4822,5623
4828,5623
4851,5644
4864,5640
4879,5660
4904,5638
4900,5662
4939,5666
4958,5662
4977,5673
4992,5687
4996,5682
5010,5696
5059,5709
5062,5723
5091,5742
5095,5753
5120,5757
5150,5764
5145,5791
5185,5830
5183,5839
5235,5842
5237,5874
5262,5896
5261,5916
5300,5942
5318,5953
5329,5977
5361,5977
5378,6004
5415,6036
5445,6037
5449,6066
5501,6068
5524,6118
5543,6121
5565,6145
5580,6142
5595,6172
5645,6179
5674,6196
5694,6211
5749,6219
5772,6223
5812,6252
5807,6278
5846,6274
5890,6281
5887,6300
5942,6303
5938,6337
5989,6353
6032,6335
6044,6381
6073,6377
6116,6415
6135,6413
6169,6436
6170,6452
6205,6481
6233,6492
6296,6511
6315,6546
6325,6577
6347,6609
6389,6622
6404,6616
6455,6660
6463,6688
6486,6718
6521,6717
6564,6775
6573,6778
6592,6799
6626,6819
6670,6829
6679,6821
6696,6888
6747,6882
6745,6911
6788,6919
6803,6931
6814,6925
6828,6971
6857,6964
6887,6980
6909,6995
6928,6998
6938,7006
6959,7010
6980,7009
7005,7001
7026,7038
7030,7036
7055,7055
7070,7056
7108,7071
7117,7094
7137,7082
7133,7113
7146,7116
7183,7148
7205,7161
7210,7155
7243,7213
7256,7201
7284,7236
7293,7244
7322,7258
7337,7282
7353,7287
7359,7352
7389,7346
7392,7364
7412,7377
7455,7387
7452,7416
7485,7423
7530,7446
7551,7442
7554,7472
7576,7476
7601,7509
7608,7517
7666,7537
7685,7553
7690,7569
7737,7580
7763,7592
7778,7619
7823,7648
7863,7655
7873,7677
7903,7725
7953,7748
7959,7771
7994,7813
8021,7849
8022,7869
8059,7902
8091,7945
8086,7984
8138,8001
8172,8032
8193,8069
8228,8097
8242,8141
8262,8167
8310,8194
8341,8236
8360,8285
8393,8298
8400,8355
8425,8367
8475,8398
8481,8416
8515,8453
8556,8458
8579,8467
8606,8505
8609,8525
8641,8551
8681,8597
8706,8616
8706,8629
8737,8665
8782,8693
8813,8709
8818,8726
8857,8772
8871,8773
8915,8837
8926,8881
8944,8892
8961,8965
8988,8960
8999,9018
9034,9088
9043,9113
9068,9146
9069,9197
9094,9189
9101,9240
9122,9272
9160,9256
9181,9307
9222,9343
9235,9350
9228,9371
9259,9402
9284,9372
9290,9426
9310,9429
9327,9432
9355,9451
9356,9443
9379,9481
9411,9505
9416,9523
9412,9550
9470,9536
9468,9614
9480,9613
9522,9637
9544,9686
9573,9701
9596,9754
9590,9750
9606,9779
9637,9856
9652,9911
9687,9969
9697,9972
9722,10035
9773,10100
9759,10118
9789,10141
9784,10184
9827,10209
9852,10242
9875,10317
9910,10369
9926,10388
9969,10419
9992,10445
10041,10475
10064,10528
10105,10549
10123,10568
10142,10626
10177,10645
10213,10649
10227,10696
10252,10758
10283,10791
10319,10841
10343,10886
10383,10953
10389,10960
10431,11035
10462,11066
10501,11167
10532,11196
10559,11298
10590,11292
10603,11381
10642,11390
10661,11446
10698,11486
10720,11540
10756,11586
10777,11599
10792,11662
10818,11691
10845,11701
10854,11714
10887,11770
10910,11789
10943,11811
10996,11842
10993,11851
11029,11865
11049,11873
11065,11873
11114,11898
11130,11904
11158,11920
11195,11969
11175,11977
11231,12043
11246,12057
11277,12098
11282,12134
11321,12157
11321,12196
11330,12221
11370,12231
11387,12284
11384,12288
11430,12312
11435,12338
11467,12359
11482,12423
11486,12418
11496,12459
11540,12472
11552,12468
11550,12474
11573,12489
11581,12507
11598,12497
11621,12506
11636,12534
11653,12513
11650,12538
11697,12541
11696,12541
11729,12537
11757,12545
11774,12561
11778,12573
11806,12601
11851,12623
11849,12637
11864,12662
11913,12672
11938,12728
11955,12757
11974,12774
11987,12811
12014,12834
12039,12884
12054,12907
12096,12926
12119,12970
12152,12999
12177,13041
12202,13052
12216,13078
12258,13117
12276,13154
12287,13171
12347,13195
12345,13192
12370,13213
12409,13249
12410,13271
12464,13262
12474,13265
12514,13298
12521,13301
12549,13301
12581,13327
12619,13320
12646,13338
12675,13363
12700,13377
12740,13401
12774,13417
12799,13431
12807,13453
12847,13478
12869,13505
12894,13531
12921,13545
12942,13592
12973,13607
12981,13624
13018,13658
13035,13684
13070,13715
13081,13726
13122,13741
13130,13766
13165,13797
13188,13827
13202,13827
13237,13847
13255,13859
13268,13879
13282,13894
13301,13911
13344,13917
13362,13910
13361,13933
13386,13932
13421,13931
13445,13949
13468,13965
13481,13963
13504,13966
13513,13956
13545,13999
13553,13991
13595,13981
13590,13996
13602,13992
13640,13994
13638,14006
13663,14005
13671,14037
13706,14049
13715,14064
13747,14087
13750,14102
13760,14105
13772,14110
13798,14137
13825,14169
13858,14189
13869,14209
13871,14221
13892,14240
13923,14257
13938,14252
13951,14286
13983,14298
14010,14326
14027,14337
14026,14345
14056,14366
14129,14377
14142,14395
14128,14422
14169,14410
14207,14415
14228,14436
14241,14446
14281,14449
14316,14466
14317,14489
14335,14496
14372,14528
14403,14521
14418,14532
14445,14535
14493,14556
14529,14570
14558,14583
14581,14622
14600,14618
14654,14640
14665,14665
14712,14695
14718,14706
14761,14733
14780,14729
14794,14752
14841,14772
14873,14791
14886,14833
14915,14851
14944,14867
14954,14909
15007,14964
15005,14967
15071,14990
15074,15019
15090,15025
15134,15055
15150,15074
15175,15093
15208,15106
15231,15115
15277,15129
15293,15160
15312,15167
15347,15209
15360,15212
15385,15228
15403,15257
15429,15267
15478,15276
15503,15284
15497,15294
15532,15298
15545,15327
15573,15328
15618,15356
15616,15348
15639,15359
15667,15370
15704,15407
15708,15401
15725,15388
15724,15406
15758,15438
15778,15439
15790,15477
15791,15486
15807,15474
15836,15485
15873,15523
15880,15531
15893,15549
15921,15547
15939,15567
15967,15594
15969,15604
15958,15599
15998,15615
16023,15649
16041,15671
16054,15681
16068,15697
16079,15731
16112,15732
16112,15770
16114,15788
16154,15804
16185,15825
16193,15849
16227,15879
16241,15919
16270,15928
16292,15937
16307,15946
16332,15970
16374,16009
16383,16007
39,16057
66,16088
76,16116
113,16105
123,16159
144,16135
192,16177
209,16202
231,16208
253,16248
298,16261
320,16313
346,16350
396,16367
428,16380
461,26
457,64
502,103
525,119
575,140
585,168
631,212
633,233
664,279
684,311
710,323
731,376
765,424
794,442
818,474
871,533
873,544
912,598
941,625
954,689
978,704
999,745
1028,794
1062,814
1079,851
1094,893
1108,936
1139,948
1162,1011
1173,1025
1220,1070
1240,1116
1261,1117
1277,1165
1307,1199
1324,1244
1354,1228
1376,1272
1401,1294
1421,1327
1420,1384
1451,1413
1479,1413
1485,1462
1498,1473
1516,1496
1550,1494
1562,1533
1577,1525
1599,1548
1605,1581
1639,1567
1656,1618
1666,1620
1715,1656
1715,1661
1733,1681
1760,1739
1775,1713
1781,1725
1789,1775
1824,1770
1837,1796
1853,1861
1881,1855
1908,1902
1914,1918
1938,1973
1957,1996
1982,2021
2000,2063
2060,2118
2035,2105
2065,2157
2102,2192
2135,2243
2153,2265
2180,2332
2210,2372
2228,2444
2239,2471
2280,2542
2300,2554
2330,2606
2354,2688
2397,2736
2423,2755
2429,2823
2476,2852
2506,2931
2522,2953
2562,3025
2586,3052
2623,3095
2645,3129
2672,3176
2694,3222
2733,3271
2765,3283
2770,3340
2814,3369
2811,3395
2862,3432
2888,3448
2937,3510
2941,3534
2982,3567
3007,3590
3035,3620
3056,3668
3087,3688
3133,3719
3136,3716
3181,3749
3199,3796
3236,3800
3261,3832
3281,3852
3311,3861
3329,3875
3350,3884
3361,3946
3385,3967
3402,3974
3441,4009
3491,4049
3498,4058
3525,4063
3543,4099
3569,4135
3592,4149
3612,4173
3626,4208
3647,4232
3664,4267
3707,4259
3709,4310
3732,4328
3757,4351
3758,4358
3778,4397
3795,4427
3818,4429
3824,4485
3856,4470
3862,4507
3881,4503
3912,4542
3914,4548
3937,4572
3964,4583
3967,4617
3979,4635
3993,4640
4006,4665
4055,4671
4041,4703
4052,4701
4096,4722
4087,4718
4126,4726
4153,4714
4145,4752
4192,4747
4209,4767
4216,4778
4263,4806
4284,4816
4286,4824
4311,4836
4355,4845
4392,4864
4396,4901
4409,4901
4448,4917
4480,4924
4501,4956
4531,4968
4554,4982
4577,5009
4627,5037
4650,5055
4656,5100
4683,5099
4729,5147
4756,5181
4777,5195
4817,5235
4836,5242
4868,5265
4893,5297
4922,5325
4947,5351
4997,5366
4996,5397
5032,5424
5060,5459
5060,5481
5118,5503
5123,5525
5168,5549
5191,5561
5196,5592
5253,5615
5273,5629
5294,5614
5311,5649
5348,5678
5390,5683
5399,5715
5421,5700
5438,5736
5464,5732
5506,5748
5507,5747
5515,5753
5556,5781
5580,5780
5611,5785
5622,5789
5638,5801
5689,5838
5694,5837
5712,5838
5735,5844
5764,5853
5798,5848
5805,5870
5800,5876
5842,5896
5859,5909
5873,5909
5894,5941
5905,5935
5942,5957
5948,5976
5965,5993
5976,6014
6000,6016
6009,6042
6052,6046
6062,6074
6085,6084
6106,6116
6130,6121
6131,6120
6143,6151
6176,6160
6201,6175
6216,6187
6219,6206
6259,6236
6265,6209
6277,6256
6301,6255
6342,6270
6348,6293
6363,6298
6394,6306
6415,6306
6447,6313
6468,6311
6497,6341
6512,6334
6566,6345
6594,6351
6588,6386
6636,6385
6661,6409
6690,6446
6717,6429
6757,6461
6762,6485
6811,6489
6826,6518
6868,6518
6899,6539
6904,6584
6918,6584
6957,6612
6990,6652
7015,6653
7044,6701
7076,6722
7113,6739
7158,6773
7171,6817
7213,6837
7252,6847
7253,6871
7285,6904
7312,6914
7345,6943
7369,6960
7400,6966
7430,6971
7460,7001
7481,7021
7490,7030
7526,7053
7575,7080
7595,7086
7611,7106
7627,7128
7677,7129
7701,7146
7704,7143
7726,7154
7779,7181
7796,7204
7805,7207
7820,7226
7871,7246
7881,7249
7908,7293
7917,7303
7940,7333
7954,7330
7973,7348
7983,7392
8022,7406
8042,7451
8049,7424
8073,7479
8088,7481
8113,7495
8123,7513
8141,7542
8169,7557
8192,7542
8205,7571
8218,7602
8214,7607
8236,7610
8246,7649
8277,7635
8296,7639
8299,7648
8330,7664
8353,7688
8381,7680
8406,7708
8421,7724
8438,7726
8447,7750
8488,7776
8508,7762
8527,7777
8542,7828
8557,7821
8581,7841
8602,7897
8629,7911
8636,7925
8656,7955
8701,8013
8710,8045
8728,8049
8754,8094
8809,8137
8830,8160
8845,8200
8860,8223
8908,8264
8935,8300
8961,8321
8981,8369
9014,8397
9048,8445
9078,8431
9094,8481
9130,8499
9162,8528
9179,8560
9215,8590
9255,8600
9278,8638
9300,8679
9319,8709
9369,8719
9399,8774
9405,8808
9459,8822
9476,8884
9502,8884
9533,8933
9559,8953
9569,9046
9600,9080
9635,9126
9674,9153
9649,9210
9704,9251
9729,9313
9724,9362
9783,9392
9820,9416
9810,9446
9832,9479
9870,9510
9879,9575
9928,9564
9925,9606
9954,9639
9966,9671
9984,9663
10016,9702
10027,9739
10046,9763
10073,9777
10115,9767
10122,9807
10163,9831
10174,9854
10195,9881
10226,9926
10219,9933
10263,9997
10280,9999
10309,10023
10324,10080
10347,10113
10350,10157
10383,10135
10380,10201
10403,10229
10431,10245
10429,10283
10453,10345
10452,10356
10510,10400
10516,10450
10517,10458
10560,10484
10562,10521
10582,10541
10609,10565
10608,10601
10638,10598
10652,10606
10667,10657
10683,10675
10728,10690
10744,10714
10757,10755
10797,10746
10813,10774
10858,10813
10855,10827
10892,10858
10931,10901
10976,10970
10995,10995
11010,11070
11036,11092
11087,11133
11101,11208
11115,11223
11156,11284
11189,11361
11209,11400
11237,11461
11260,11494
11274,11540
11312,11591
11335,11660
11372,11688
11402,11698
11441,11733
11462,11783
11494,11817
11528,11841
11537,11885
11576,11908
11583,11917
11619,11938
11673,11991
11683,12011
11706,12014
11733,12032
11772,12059
11783,12066
11814,12068
11833,12107
11871,12159
11902,12192
11915,12218
11940,12260
11991,12289
12018,12326
12046,12371
12048,12379
12086,12403
12099,12447
12152,12468
12143,12502
12164,12534
12191,12573
12196,12620
12230,12641
12240,12685
12266,12688
12295,12709
12292,12731
12345,12759
12360,12750
12375,12773
12392,12764
12399,12790
12421,12777
12436,12796
12472,12805
12496,12796
12508,12809
12520,12821
12508,12812
12543,12821
12569,12829
12577,12823
12588,12842
12598,12850
12622,12877
12642,12874
12657,12915
12692,12943
12697,12961
12741,12960
12728,13020
12755,13019
12789,13041
12802,13055
12813,13080
12838,13117
12863,13110
12876,13152
12893,13174
12904,13188
12928,13242
12969,13253
12971,13274
13013,13308
13040,13334
13062,13338
13094,13357
13104,13366
13136,13370
13163,13401
13180,13401
13198,13407
13242,13425
13280,13434
13301,13446
13306,13466
13354,13486
13383,13477
13405,13474
13447,13505
13451,13545
13501,13554
13525,13568
13572,13552
13580,13603
13588,13628
13618,13650
13670,13660
13699,13689
13735,13708
13747,13735
13748,13764
13792,13802
13827,13814
13856,13840
13869,13875
13905,13861
13932,13909
13952,13942
13974,13947
13990,13992
14049,13988
14070,14028
14086,14052
14103,14055
14116,14080
14146,14106
14175,14129
14194,14110
14227,14132
14241,14144
14274,14153
14292,14160
14319,14175
14319,14175
14365,14184
14389,14183
14401,14192
14447,14205
14461,14201
14472,14213
14489,14235
14518,14240
14528,14254
14553,14259
14558,14262
14580,14297
14622,14283
14636,14284
14651,14291
14664,14319
14685,14321
14716,14331
14712,14364
14741,14347
14744,14360
14768,14387
14799,14421
14808,14429
14834,14431
14847,14440
14856,14460
14891,14483
14877,14519
14914,14522
14936,14535
14947,14551
14966,14555
14985,14577
15020,14590
15055,14599
15054,14628
15094,14644
15096,14670
15140,14651
15158,14686
15183,14707
15213,14721
15226,14722
15274,14743
15311,14751
15301,14761
15332,14780
15365,14780
15413,14788
15440,14799
15457,14817
15489,14847
15504,14863
15546,14856
15575,14887
15612,14902
15628,14936
15667,14957
15684,14958
15718,14992
15737,15001
15761,15031
15800,15056
15824,15062
15857,15088
15877,15107
15904,15103
15926,15124
15977,15158
15987,15173
16018,15222
16038,15228
16091,15270
16113,15280
16111,15314
16145,15339
16193,15377
16200,15376
16230,15431
16264,15448
16268,15473
16308,15495
16329,15525
16359,15547
16360,15549
16,15587
25,15584
57,15625
78,15626
115,15653
125,15675
147,15686
182,15698
211,15707
215,15724
249,15739
273,15752
273,15787
315,15802
330,15804
365,15825
375,15849
376,15839
386,15871
415,15854
441,15883
470,15897
477,15889
487,15901
550,15929
533,15939
567,15939
581,15956
590,15955
606,15999
611,15996
637,16034
672,16052
674,16054
673,16059
699,16089
712,16112
736,16124
739,16157
765,16201
780,16209
808,16227
830,16246
845,16245
870,16282
916,16338
918,16320
936,16373
994,30
993,60
1019,52
1022,90
1064,113
1063,180
1109,206
1121,221
1158,264
1190,276
1194,318
1248,375
1246,391
1286,414
1311,445
1353,473
1378,514
1418,538
1431,575
1455,636
1487,647
1531,673
1552,715
1587,728
1591,769
1620,778
1642,811
1697,842
1699,874
1729,951
1759,935
1785,984
1823,1053
1864,1051
1877,1101
1929,1135
1955,1183
1975,1199
1994,1231
2022,1291
2021,1335
2069,1347
2088,1396
2104,1426
2147,1463
2143,1523
2178,1526
2188,1556
2229,1633
2225,1641
2284,1702
2300,1734
2339,1794
2337,1809
2370,1871
2370,1914
2412,1930
2437,1993
2449,2001
2452,2077
2498,2093
2534,2126
2527,2147
2545,2209
2566,2236
2592,2234
2589,2277
2623,2296
2622,2342
2652,2362
2698,2381
2692,2391
2713,2431
2724,2424
2748,2431
2754,2460
2769,2489
2794,2521
2793,2525
2839,2541
2840,2606
2860,2609
2870,2652
2910,2668
2929,2661
2941,2683
2970,2722
2998,2718
3027,2787
3043,2757
3068,2797
3072,2802
3093,2845
3123,2857
3158,2879
3192,2957
3217,2972
3233,2967
3256,3024
3276,3088
3313,3096
3312,3135
3348,3206
3385,3250
3411,3277
3445,3324
3478,3370
3528,3400
3516,3446
3555,3467
3594,3520
3636,3582
3671,3640
3695,3664
3724,3703
3738,3729
3757,3785
3796,3830
3800,3856
3837,3915
3871,3999
3900,4020
3932,4041
3958,4060
3985,4095
4015,4137
4040,4156
4057,4179
4095,4220
4134,4249
4143,4250
4179,4305
4180,4313
4243,4307
4257,4356
4255,4385
4282,4402
4317,4429
4348,4427
4352,4453
4385,4476
4413,4481
4436,4505
4458,4524
4480,4527
4509,4552
4550,4538
4533,4587
4581,4597
4604,4608
4605,4602
4638,4640
4654,4644
4701,4661
4701,4663
4728,4716
4721,4698
4761,4737
4773,4741
4784,4776
4805,4801
4825,4808
4850,4814
4872,4857
4867,4859
4906,4873
4908,4890
4937,4931
4982,4940
4983,4943
5015,4968
5010,4992
5021,5013
5036,5032
5060,5058
5083,5059
5093,5090
5106,5136
5134,5118
5155,5147
5178,5148
5200,5166
5219,5177
5224,5196
5236,5197
5250,5222
5283,5227
5328,5234
5349,5258
5357,5262
5406,5266
5416,5270
5439,5296
5485,5291
5504,5317
5523,5339
5557,5347
5596,5374
5593,5385
5641,5409
5659,5412
5687,5419
5718,5424
5736,5449
5777,5489
5793,5481
5830,5514
5857,5532
5891,5569
5929,5595
5926,5597
5971,5633
6002,5639
6015,5682
6037,5715
6070,5756
6099,5759
6131,5763
6158,5807
6178,5838
6205,5847
6225,5869
6273,5904
6281,5933
6298,5931
6346,5956
6355,5979
6396,5986
6405,5991
6439,6024
6472,6030
6481,6049
6506,6051
6528,6071
6537,6063
6577,6082
6598,6084
6625,6081
6662,6086
6666,6114
6703,6106
6726,6123
6736,6133
6752,6160
6785,6144
6803,6148
6802,6146
6848,6190
6887,6194
6896,6206
6880,6195
6909,6225
6941,6236
6961,6238
6974,6267
6980,6272
7003,6287
7033,6321
7062,6327
7038,6355
7074,6368
7111,6353
7115,6401
7124,6420
7154,6421
7173,6435
7193,6453
7209,6461
7217,6483
7266,6494
7265,6505
7278,6524
7323,6518
7336,6552
7344,6556
7373,6558
7399,6567
7419,6563
7429,6579
7445,6586
7465,6603
7513,6601
7534,6598
7576,6626
7601,6641
7624,6669
7633,6666
7682,6676
7677,6696
7714,6730
7746,6739
7760,6763
7818,6800
7837,6811
7884,6833
7875,6860
7910,6885
7934,6919
7985,6934
8007,6958
8028,6993
8059,7032
8072,7053
8104,7088
8158,7102
8183,7128
8204,7161
8206,7166
8256,7177
8270,7214
8327,7231
8340,7246
8360,7266
8394,7298
8416,7312
8451,7329
8474,7343
8512,7365
8518,7362
8564,7402
8586,7400
8607,7430
8613,7410
8662,7450
8683,7471
8726,7487
8748,7506
8751,7541
8778,7559
8804,7594
8812,7600
8847,7623
8860,7643
8881,7694
8900,7713
8930,7744
8951,7752
8958,7780
9007,7807
9028,7843
9032,7882
9061,7901
9066,7912
9107,7928
9120,7942
9133,7935
9155,7950
9166,7969
9180,8001
9195,7990
9230,7994
9225,8023
9267,8016
9264,8034
9284,8041
9309,8028
9358,8089
9363,8069
9358,8078
9419,8123
9404,8110
9415,8164
9439,8144
9484,8208
9493,8207
9508,8251
9525,8255
9537,8321
9555,8355
9591,8370
9598,8368
9605,8439
9632,8451
9673,8475
9660,8510
9686,8528
9708,8567
9744,8636
9777,8653
9790,8653
9831,8685
9854,8692
9890,8705
9927,8752
9932,8768
9961,8803
10010,8855
10014,8901
10044,8893
10069,8929
10104,8934
10148,9025
10152,9030
10200,9064
10229,9102
10243,9144
10291,9217
10302,9256
10359,9277
10382,9366
10405,9394
10428,9479
10451,9499
10473,9517
10506,9592
10517,9635
10536,9662
10581,9763
10582,9748
10607,9807
10654,9818
10648,9891
10689,9929
10722,9943
10737,9981
10764,10007
10790,10034
10828,10078
10871,10059
10870,10104
10903,10135
10936,10161
10953,10182
10960,10182
10988,10240
10981,10251
11020,10315
11056,10336
11062,10382
11099,10411
11114,10444
11145,10483
11174,10516
11193,10569
11202,10611
11248,10636
11251,10690
11272,10738
11283,10803
11309,10835
11317,10871
11354,10914
11361,10901
11376,10948
11382,10946
11408,10959
11406,10976
11449,11003
11466,10995
11469,11037
11498,11031
11513,11061
11538,11070
11550,11071
11580,11102
11594,11094
11603,11102
11642,11110
11626,11133
11674,11170
11697,11189
11717,11231
11738,11296
11743,11283
11748,11328
11790,11403
11826,11382
11831,11450
11870,11474
11880,11539
11914,11558
11928,11626
11949,11671
11980,11706
12009,11764
12040,11788
12062,11851
12103,11866
12118,11895
12159,11975
12166,11983
12189,12013
12224,12033
12243,12035
12288,12081
12300,12094
12349,12125
12354,12153
12385,12165
12426,12181
12451,12211
12477,12226
12516,12260
12543,12278
12548,12294
12568,12346
12618,12362
12651,12429
12667,12416
12690,12451
12724,12478
12748,12528
12775,12566
12794,12573
12823,12634
12868,12676
12871,12692
12908,12728
12942,12779
12957,12815
12986,12835
13021,12871
13016,12899
13044,12918
13085,12961
13110,12964
13105,12984
13150,12990
13163,13001
13196,13003
13222,13034
13237,13051
13261,13056
13279,13069
13295,13059
13324,13086
13338,13081
13362,13081
13382,13099
13423,13105
13454,13107
13433,13112
13466,13106
13465,13126
13519,13185
13530,13151
13541,13198
13556,13213
13580,13226
13589,13243
13614,13247
13625,13291
13628,13296
13660,13334
13657,13342
13690,13368
13713,13391
13715,13399
13761,13431
13761,13433
13781,13452
13794,13488
13812,13514
13828,13520
13852,13540
13880,13544
13882,13558
13933,13547
13942,13576
13967,13586
13993,13586
14016,13594
14022,13609
14061,13625
14081,13637
14109,13648
14107,13651
14158,13649
14174,13675
14208,13684
14220,13699
14241,13729
14301,13727
14290,13738
14353,13761
14365,13766
14400,13796
14421,13825
14441,13839
14490,13856
14492,13876
14543,13905
14552,13925
14597,13940
14618,13968
14629,14019
14651,14024
14696,14058
14708,14072
14753,14087
14797,14109
14833,14134
14820,14170
14860,14181
14882,14184
14909,14217
14945,14244
14963,14263
14981,14280
15016,14295
15034,14306
15063,14329
15086,14338
15099,14349
15135,14388
15168,14369
15174,14376
15215,14387
15243,14405
15266,14415
15285,14416
15308,14428
15350,14440
15342,14442
15367,14468
15374,14456
15408,14476
15437,14491
15460,14494
15486,14502
15491,14513
15522,14508
15540,14529
15551,14523
15565,14561
15612,14572
15618,14560
15643,14583
15650,14592
15679,14631
15701,14646
15720,14660
15742,14672
15741,14695
15756,14714
15804,14715
15801,14734
15814,14760
15826,14762
15821,14796
15855,14785
15880,14812
15904,14824
15911,14828
15934,14878
15968,14890
15985,14878
16002,14892
16036,14898
16061,14931
16079,14942
16108,14934
16114,14974
16141,14970
16157,14988
16186,15013
16215,15003
16209,15053
16276,15046
16302,15051
16293,15065
16329,15077
0,15074
12,15107
43,15098
56,15132
99,15139
143,15180
160,15212
188,15222
193,15241
237,15249
283,15277
312,15300
319,15343
353,15349
382,15376
407,15401
409,15433
448,15434
495,15463
497,15514
541,15517
580,15559
619,15582
623,15603
683,15634
675,15656
696,15678
738,15724
744,15736
763,15770
799,15819
841,15827
872,15849
894,15882
922,15902
919,15917
937,15921
978,15974
1000,15968
1031,16020
1041,16040
1102,16074
1094,16077
1125,16098
1141,16090
1186,16119
1197,16148
1222,16149
1250,16175
1262,16202
1281,16242
1294,16231
1334,16276
1343,16273
1376,16302
1395,16303
1406,16332
1425,16348
1434,16362
1479,16370
1491,0
1520,31
1540,61
1531,63
1567,57
1584,78
1599,73
1619,93
1641,93
1648,154
1672,136
1663,179
1677,201
1708,230
1728,276
1743,271
1768,287
1790,328
1802,368
1825,379
1829,385
1879,421
1906,471
1902,480
1919,535
1953,564
1973,576
2000,616
2015,642
2047,685
2075,717
2087,739
2102,797
2131,830
2159,845
2176,907
2216,928
2259,996
2268,1007
2279,1052
2332,1123
2356,1139
2395,1169
2413,1201
2476,1251
2464,1275
2500,1330
2528,1379
2556,1394
2570,1446
2602,1466
2621,1493
2655,1543
2685,1585
2712,1588
2752,1641
2776,1684
2835,1703
2840,1728
2866,1798
2879,1802
2915,1830
2932,1870
2990,1974
2987,1959
3033,1995
3040,2040
3054,2074
3071,2097
3099,2167
3144,2184
3177,2228
3199,2241
3217,2307
3238,2332
3256,2380
3301,2405
3319,2437
3328,2502
3346,2536
3384,2565
3401,2615
3404,2657
3440,2683
3455,2730
3477,2785
3502,2810
3519,2833
3517,2860
3542,2892
3574,2926
3600,2963
3617,3000
3619,3035
3646,3062
3684,3080
3691,3085
3709,3099
3718,3153
3726,3158
3740,3192
3774,3186
3786,3213
3820,3236
3825,3235
3827,3278
3849,3292
3874,3311
3890,3306
3913,3329
3938,3354
3942,3370
3959,3377
3985,3415
4001,3388
4034,3427
4059,3462
4090,3482
4077,3493
4122,3509
4152,3534
4160,3555
4166,3580
4214,3614
4211,3641
4262,3681
4284,3724
4307,3773
4333,3773
4350,3824
4384,3853
4421,3911
4444,3912
4476,3950
4509,4000
4531,4038
4556,4077
4593,4127
4639,4152
4664,4186
4694,4244
4715,4273
4739,4315
4783,4378
4789,4373
4817,4401
4836,4450
4890,4476
4890,4499
4931,4557
4952,4564
5008,4606
4995,4614
5046,4627
5078,4675
5103,4679
5114,4711
5152,4712
5178,4736
5205,4776
5210,4773
5233,4786
5265,4796
5318,4816
5300,4832
5335,4844
5350,4850
5371,4859
5399,4877
5422,4906
5480,4910
5479,4938
5501,4953
5526,4946
5539,4969
5585,4968
5594,4982
5635,5003
5624,5009
5677,5042
5685,5045
5670,5068
5716,5088
5785,5128
5759,5135
5778,5163
5788,5186
5815,5201
5838,5216
5862,5246
5871,5241
5908,5258
5918,5272
5929,5301
5925,5300
5982,5326
5997,5336
5994,5360
6024,5384
6033,5392
6056,5418
6051,5421
6091,5442
6086,5450
6126,5434
6129,5470
6155,5480
6166,5486
6189,5483
6226,5506
6230,5503
6255,5519
6294,5520
6326,5521
6341,5539
6357,5535
6376,5544
6391,5567
6425,5569
6446,5594
6467,5596
6480,5624
6519,5621
6545,5658
6608,5644
6601,5677
6620,5668
6660,5712
6697,5732
6727,5766
6738,5778
6781,5801
6805,5832
6824,5858
6865,5869
6884,5909
6928,5913
6966,5969
6977,5985
6998,5999
7031,6015
7067,6047
7079,6069
7106,6072
7142,6110
7157,6136
7187,6145
7218,6152
7233,6193
7252,6189
7296,6213
7313,6228
7312,6211
7384,6250
7393,6239
7414,6258
7452,6269
7458,6288
7496,6281
7525,6296
7521,6295
7566,6299
7581,6319
7605,6330
7656,6342
7646,6366
7661,6366
7685,6387
7713,6377
7724,6408
7741,6409
7785,6411
7794,6451
7835,6446
7836,6484
7862,6498
7869,6520
7907,6545
7909,6563
7949,6565
7954,6585
7987,6617
7985,6622
8016,6631
8029,6661
8052,6660
8065,6685
8088,6695
8102,6702
8126,6726
8134,6734
8173,6753
8179,6757
8208,6780
8225,6761
8238,6764
8254,6762
8281,6779
8257,6781
8323,6799
8343,6791
8360,6801
8371,6818
8388,6816
8429,6847
8432,6844
8477,6867
8499,6885
8526,6891
8531,6917
8568,6942
8586,6964
8599,6969
8632,7003
8657,7013
8708,7050
8716,7074
8735,7117
8772,7132
8789,7164
8831,7195
8838,7228
8867,7256
8914,7302
8939,7304
8969,7335
8990,7348
9019,7375
9066,7398
9097,7426
9124,7442
9171,7462
9185,7492
9206,7500
9250,7524
9282,7548
9294,7555
9341,7558
9341,7606
9361,7606
9397,7642
9444,7657
9451,7679
9482,7711
9525,7749
9548,7774
9577,7789
9590,7817
9610,7824
9657,7880
9670,7920
9673,7936
9718,7978
9747,8012
9753,8017
9786,8044
9805,8087
9804,8118
9845,8143
9862,8171
9881,8180
9902,8216
9917,8224
9957,8269
9960,8242
9994,8270
10019,8284
10054,8309
10063,8327
10100,8348
10119,8373
10134,8366
10135,8391
10154,8400
10173,8425
10202,8442
10208,8440
10231,8455
10268,8483
10285,8497
10292,8522
10305,8557
10340,8577
10347,8593
10367,8649
10388,8655
10405,8664
10421,8700
10417,8745
10420,8739
10467,8764
10472,8821
10510,8838
10509,8878
10532,8902
10543,8933
10570,8940
10568,8989
10629,8982
10630,9020
10637,9047
10670,9078
10707,9111
10725,9115
10746,9105
10778,9123
10788,9162
10837,9209
10852,9254
10895,9267
10915,9322
10923,9365
10963,9388
10996,9420
11013,9466
11051,9514
11079,9573
11121,9626
11133,9693
11155,9723
11200,9794
11218,9800
11249,9891
11275,9943
11304,9976
11334,10065
11372,10109
11384,10122
11409,10155
11428,10233
11463,10248
11460,10284
11485,10343
11532,10330
11544,10388
11569,10438
11584,10462
11635,10460
11654,10508
11694,10532
11700,10544
11737,10579
11780,10590
11780,10639
11825,10636
11833,10711
11859,10745
11883,10747
11928,10799
11918,10852
11944,10876
11990,10935
11998,10957
11998,11004
12039,11061
12057,11080
12080,11110
12107,11167
12124,11249
12167,11265
12186,11292
12183,11307
12213,11379
12230,11404
12258,11395
12268,11445
12287,11465
12301,11474
12321,11493
12329,11544
12356,11533
12380,11548
12388,11560
12405,11572
12441,11557
12441,11577
12460,11570
12471,11607
12494,11602
12548,11607
12541,11638
12548,11672
12581,11667
12596,11709
12611,11753
12628,11762
12650,11793
12670,11828
12674,11884
12713,11875
12722,11929
12747,11949
12777,12016
12789,12072
12805,12078
12844,12137
12871,12169
12917,12175
12915,12213
12944,12228
12966,12267
12993,12282
13030,12324
13055,12320
13064,12340
13087,12367
13129,12377
13142,12427
13184,12444
13211,12460
13240,12461
13260,12499
13314,12549
13323,12523
13371,12575
13377,12576
13423,12615
13440,12638
13477,12661
13502,12700
13538,12705
13573,12755
13581,12803
13613,12817
13641,12849
13674,12873
13705,12903
13724,12960
13747,12958
13782,13002
13818,13016
13829,13086
13867,13087
13878,13110
13895,13162
13939,13170
13958,13191
13995,13209
14017,13254
14031,13271
14064,13283
14086,13312
14085,13319
14122,13333
14148,13331
14153,13329
14175,13375
14219,13379
14240,13384
14289,13373
14295,13413
14298,13414
14326,13428
14345,13425
14374,13421
14386,13430
14405,13445
14436,13462
14463,13459
14477,13484
14486,13489
14513,13483
14545,13507
14563,13531
14575,13537
14574,13548
14596,13559
14613,13573
14632,13602
14656,13629
14699,13643
14682,13678
14714,13686
14737,13681
14737,13701
14760,13732
14773,13737
14810,13764
14842,13772
14831,13799
14844,13798
14854,13819
14877,13835
14910,13862
14952,13866
14973,13879
14982,13898
15020,13917
15024,13922
15040,13938
15089,13944
15079,13967
15110,13962
15133,13965
15165,13984
15192,13977
15220,13988
15254,14022
15252,14027
15322,14040
15347,14045
15383,14067
15389,14088
15441,14099
15461,14125
15480,14119
15486,14141
15525,14135
15568,14166
15571,14188
15617,14199
15635,14220
15651,14255
15681,14261
15716,14288
15754,14309
15776,14319
15793,14343
15838,14379
15871,14407
15885,14428
15902,14452
15943,14446
15952,14483
15999,14498
16010,14526
16004,14542
16063,14562
16084,14587
16099,14605
16129,14622
16142,14637
16179,14649
16214,14671
16201,14694
16261,14701
16267,14691
16320,14720
16326,14735
16343,14748
16369,14752
12,14762
16,14768
57,14779
52,14785
89,14789
117,14796
114,14812
144,14808
181,14818
188,14841
204,14848
239,14857
249,14875
280,14899
283,14897
317,14929
344,14900
336,14921
379,14949
389,14935
400,14964
441,14988
449,14990
436,15005
470,15033
484,15023
501,15057
491,15049
521,15061
549,15088
558,15102
598,15133
624,15134
640,15159
656,15156
654,15195
704,15232
727,15230
734,15239
744,15294
799,15285
803,15329
834,15316
846,15356
884,15357
899,15367
925,15387
938,15430
953,15445
1015,15445
1045,15471
1083,15501
1093,15516
1121,15546
1154,15559
1208,15571
1219,15589
1253,15623
1280,15648
1314,15672
1353,15705
1371,15711
1406,15756
1444,15768
1457,15807
1477,15791
1508,15844
1544,15858
1575,15881
1605,15917
1666,15934
1672,15962
1698,15984
1723,16012
1748,16035
1790,16077
1791,16065
1842,16131
1836,16152
1860,16207
1905,16217
1920,16250
1939,16256
1978,16305
2011,16315
2014,16375
2030,16379
2046,59
2105,46
2115,120
2154,103
2163,139
2181,180
2186,189
2218,214
2259,252
2264,296
2295,325
2301,319
2322,349
2354,379
2367,393
2367,439
2394,442
2426,487
2442,496
2463,532
2488,531
2521,552
2533,567
2557,579
2575,590
2600,614
2587,624
2613,651
2647,653
2656,652
2666,708
2678,711
2687,731
2720,747
2748,761
2738,791
2783,784
2793,804
2838,847
2854,844
2867,927
2870,943
2911,915
2925,933
2937,1002
2977,1029
2999,1055
3020,1094
3042,1124
3061,1140
3085,1163
3108,1223
3127,1258
3153,1284
3167,1360
3188,1392
3233,1451
3253,1499
3283,1565
3292,1606
3335,1612
3371,1681
3400,1746
3418,1779
3446,1857
3484,1920
3510,1963
3512,1998
3547,2028
3574,2062
3607,2109
3631,2157
3646,2212
3676,2242
3723,2268
3733,2330
3775,2367
3795,2405
3823,2448
3841,2488
3871,2481
3896,2519
3931,2576
3951,2611
3965,2657
3998,2670
4015,2689
4033,2737
4051,2732
4090,2785
4095,2817
4133,2837
4152,2867
4175,2867
4191,2911
4238,2918
4234,2970
4271,2980
4292,3024
4324,3028
4341,3079
4359,3106
4383,3123
4396,3161
4421,3209
4453,3195
4462,3248
4486,3289
4499,3307
4526,3362
4546,3411
4570,3433
4602,3457
4630,3488
4635,3505
4653,3564
4671,3585
4688,3588
4708,3660
4721,3697
4734,3738
4776,3756
4781,3766
4808,3789
4804,3799
4833,3797
4853,3816
4850,3862
4880,3894
4917,3903
4915,3923
4939,3918
4953,3939
4977,3966
5022,3996
5030,4010
5025,4009
5060,4009
5064,4028
5090,4063
5103,4071
5158,4082
5160,4110
5184,4109
5208,4145
5216,4165
5241,4173
5277,4201
5336,4233
5328,4238
5373,4247
5396,4278
5405,4290
5473,4335
5474,4380
5511,4384
5555,4448
5564,4476
5602,4518
5637,4535
5657,4575
5692,4605
5727,4630
5759,4674
5765,4716
5798,4726
5849,4770
5879,4773
5892,4819
5908,4843
5945,4902
5974,4908
6005,4935
6014,4955
6040,5006
6106,5034
6119,5077
6143,5083
6184,5102
6194,5097
6207,5150
6229,5149
6275,5159
6289,5186
6316,5210
6327,5204
6354,5199
6394,5239
6405,5242
6426,5249
6450,5241
6499,5291
6530,5280
6522,5288
6544,5302
6567,5324
6574,5313
6609,5343
6617,5340
6642,5342
6663,5355
6687,5371
6706,5376
6735,5389
6770,5399
6768,5425
6792,5424
6811,5459
6810,5461
6840,5495
6857,5521
6878,5531
6902,5531
6917,5557
6938,5571
6954,5589
6965,5595
6954,5615
7012,5641
7026,5636
7058,5685
7056,5678
7080,5689
7084,5723
7093,5731
7128,5746
7162,5770
7171,5765
7193,5786
7200,5806
7209,5788
7252,5806
7272,5812
7281,5831
7322,5841
7356,5834
7372,5842
7376,5836
7420,5849
7447,5851
7455,5873
7496,5906
7515,5897
7534,5904
7571,5926
7587,5933
7618,5967
7637,5984
7664,5998
7696,6000
7725,6035
7785,6037
7802,6054
7785,6086
7852,6121
7885,6145
7908,6159
7930,6165
7957,6205
7986,6230
7997,6276
8021,6273
8060,6306
8095,6327
8099,6359
8144,6368
8165,6384
8192,6416
8203,6432
8239,6471
8268,6449
8293,6463
8326,6497
8346,6481
8361,6511
8396,6520
8423,6538
8458,6528
8457,6559
8502,6555
8516,6553
8536,6585
8556,6583
8604,6599
8600,6601
8626,6624
8657,6634
8682,6650
8691,6641
8720,6672
8733,6672
8749,6705
8786,6730
8793,6739
8812,6741
8844,6746
8863,6800
8896,6813
8901,6849
8923,6851
8936,6876
8955,6893
8972,6917
8985,6939
9034,6924
9033,6964
9063,6957
9081,6972
9103,6989
9139,7001
9151,7005
9155,7042
9188,7026
9181,7031
9198,7040
9217,7052
9257,7069
9272,7069
9305,7053
9293,7050
9324,7079
9323,7091
9356,7112
9381,7125
9390,7120
9429,7159
9468,7179
9469,7181
9501,7232
9507,7237
9533,7251
9568,7286
9581,7282
9610,7333
9632,7359
9657,7389
9686,7402
9701,7443
9739,7485
9757,7487
9767,7529
9805,7557
9848,7582
9887,7615
9930,7642
9947,7656
9994,7692
10004,7689
10023,7738
10070,7746
10108,7775
10131,7816
10163,7812
10213,7846
10226,7887
10262,7889
10288,7938
10301,7938
10314,7948
10348,7993
10386,8015
10384,8027
10435,8097
10462,8110
10484,8118
10512,8173
10560,8206
10569,8241
10592,8274
10629,8311
10640,8348
10671,8348
10694,8429
10711,8456
10726,8467
10768,8520
10779,8523
10814,8554
10797,8589
10836,8590
10853,8647
10891,8664
10907,8679
10937,8694
10972,8701
10983,8738
11014,8744
11023,8765
11049,8783
11078,8841
11093,8812
11122,8908
11132,8869
11156,8908
11173,8925
11206,8942
11195,8979
11226,9007
11256,9007
11257,9067
11302,9097
11322,9088
11325,9131
11337,9169
11360,9197
11375,9226
11381,9293
11402,9282
11417,9312
11436,9358
11457,9372
11462,9386
11467,9422
11504,9442
11518,9457
11533,9463
11552,9517
11590,9555
11574,9546
11623,9565
11636,9557
11665,9603
11699,9624
11722,9632
11751,9663
11773,9702
11801,9729
11819,9785
11852,9828
11884,9842
11869,9911
11912,9951
11936,9992
11960,10052
11992,10086
12029,10149
12030,10202
12075,10285
12096,10342
12127,10417
12172,10434
12201,10504
12236,10561
12244,10584
12269,10639
12288,10644
12317,10725
12347,10737
12383,10770
12396,10846
12404,10822
12444,10861
12465,10911
12511,10915
12520,10935
12525,10984
12565,10986
12605,11030
12634,11053
12652,11069
12681,11126
12698,11144
12735,11185
12751,11209
12773,11255
12811,11307
12823,11332
12857,11351
12882,11409
12910,11475
12924,11494
12942,11527
12948,11572
12960,11636
12991,11644
13028,11701
13041,11723
13058,11776
13071,11773
13093,11793
13132,11835
13153,11878
13151,11869
13179,11911
13221,11931
13221,11956
13258,11969
13274,11961
13265,11997
13286,11992
13318,12039
13346,12009
13370,12022
13375,12039
13398,12042
13429,12070
13439,12065
13458,12084
13497,12085
13494,12120
13528,12136
13529,12154
13550,12188
13565,12227
13571,12257
13617,12263
13624,12284
13664,12314
13659,12326
13684,12378
13702,12392
13711,12451
13734,12465
13783,12473
13799,12536
13828,12551
13827,12594
13848,12620
13881,12622
13919,12643
13943,12689
13949,12699
13964,12717
14010,12734
14038,12745
14045,12750
14085,12784
14100,12803
14138,12820
14180,12823
14187,12867
14240,12875
14245,12921
14275,12922
14304,12951
14345,12985
14384,12971
14424,13018
14426,13010
14466,13056
14502,13079
14534,13091
14553,13143
14581,13142
14605,13176
14614,13198
14678,13214
14671,13265
14718,13290
14747,13313
14786,13322
14774,13374
14825,13373
14834,13414
14872,13442
14901,13471
14906,13491
14946,13498
14958,13534
14991,13562
15023,13600
15063,13620
15069,13627
15089,13640
15120,13638
15142,13676
15167,13675
15186,13689
15200,13704
15238,13725
15245,13732
15302,13710
15295,13735
15331,13756
15342,13746
15352,13774
15367,13784
15424,13782
15416,13782
15464,13798
15472,13828
15477,13793
15504,13806
15522,13837
15537,13842
15568,13832
15574,13822
15593,13857
15613,13861
15620,13893
15637,13877
15653,13897
15678,13912
15685,13923
15690,13938
15730,13955
15743,13989
15749,14014
15798,14011
15802,14018
15815,14041
15858,14072
15853,14074
15867,14105
15882,14122
15908,14140
15941,14161
15930,14162
15982,14184
15983,14192
16030,14222
16036,14236
16088,14237
16105,14260
16129,14264
16163,14287
16169,14310
16204,14301
16240,14312
16255,14324
16282,14354
16322,14364
16343,14377
16366,14380
26,14400
25,14401
49,14421
96,14432
93,14451
153,14461
185,14460
198,14478
228,14497
264,14524
292,14552
297,14543
333,14575
392,14586
411,14605
429,14621
432,14633
472,14645
487,14663
537,14707
536,14727
562,14740
599,14757
604,14809
647,14809
645,14849
667,14851
696,14865
715,14894
762,14915
777,14924
836,14961
838,14960
867,14999
888,15001
929,15014
926,15029
948,15046
969,15049
982,15077
1005,15093
1037,15100
1054,15122
1077,15133
1099,15136
1129,15142
1145,15176
1167,15161
1181,15191
1222,15214
1250,15195
1271,15223
1290,15222
1304,15250
1328,15258
1338,15269
1373,15258
1378,15256
1393,15288
1413,15296
1437,15293
1436,15310
1443,15329
1479,15333
1488,15340
1500,15370
1527,15397
1554,15403
1568,15414
1596,15426
1622,15459
1639,15435
1664,15474
1680,15480
1692,15532
1705,15507
1727,15507
1748,15566
1760,15579
1785,15602
1801,15628
1821,15654
1862,15672
1885,15700
1914,15711
1930,15754
1968,15782
2001,15830
2009,15832
2048,15858
2090,15923
2113,15918
2132,15963
2182,15970
2190,16006
2237,16045
2265,16084
2290,16090
2304,16163
2334,16153
2373,16164
2397,16217
2436,16264
2470,16272
2497,16311
2535,16327
2552,16344
2610,16383
2623,1
2641,67
2656,48
2701,78
2734,107
2759,140
2783,200
2796,203
2822,233
2841,261
2880,286
2902,311
2926,353
2963,381
2987,407
3004,438
3038,456
3051,481
3085,511
3094,546
3120,576
3145,611
3166,625
3192,679
3209,701
3225,718
3242,766
3262,789
3278,844
3301,841
3321,891
3344,926
3374,952
3385,1015
3430,1037
3440,1032
3451,1087
3470,1131
3484,1140
3518,1142
3527,1205
3549,1215
3555,1235
3587,1244
3597,1274
3589,1302
3620,1320
3647,1358
3652,1358
3676,1376
3686,1398
3710,1460
3730,1464
3751,1487
3779,1473
3790,1496
3818,1525
3808,1566
3831,1565
3855,1588
3884,1614
3915,1631
3931,1663
3926,1694
3962,1724
4005,1739
3995,1785
4042,1794
4034,1796
4083,1861
4101,1925
4148,1969
4136,1994
4173,2048
4201,2071
4238,2105
4246,2123
4286,2226
4333,2283
4338,2324
4362,2364
4401,2420
4438,2447
4457,2517
4461,2570
4509,2595
4512,2675
4558,2684
4589,2751
4617,2820
4644,2867
4677,2916
4697,2961
4716,3019
4746,3031
4763,3057
4801,3091
4814,3142
4866,3190
4877,3210
4884,3260
4915,3258
4953,3307
4983,3363
4986,3343
5006,3399
5027,3411
5064,3452
5094,3474
5099,3502
5147,3515
5170,3544
5197,3574
5197,3568
5234,3598
5248,3610
5253,3637
5304,3631
5324,3669
5318,3684
5359,3717
5378,3730
5379,3731
5420,3757
5444,3769
5456,3808
5480,3868
5507,3863
5535,3889
5529,3935
5563,3957
5586,3995
5606,3985
5635,4013
5640,4055
5677,4063
5711,4112
5723,4108
5706,4159
5739,4150
5732,4213
5774,4200
5805,4277
5798,4271
5826,4279
5839,4315
5857,4330
5878,4354
5893,4386
5915,4411
5934,4418
5964,4437
5974,4445
6017,4459
6028,4452
6053,4476
6069,4517
6098,4525
6106,4549
6111,4569
6147,4570
6172,4585
6197,4600
6227,4616
6238,4612
6251,4658
6295,4679
6340,4690
6374,4694
6371,4700
6422,4742
6430,4762
6467,4769
6502,4816
6522,4820
6542,4857
6588,4867
6596,4910
6649,4923
6675,4955
6710,4975
6737,5018
6756,5046
6788,5066
6819,5110
6832,5137
6870,5178
6893,5182
6908,5232
6956,5236
6983,5286
7024,5288
7028,5337
7057,5361
7084,5372
7125,5395
7151,5411
7154,5438
7194,5463
7240,5455
7248,5490
7263,5507
7293,5504
7328,5528
7331,5535
7360,5528
7378,5558
7417,5558
7444,5554
7445,5595
7470,5587
7496,5592
7531,5591
7542,5614
7572,5622
7601,5641
7616,5648
7645,5649
7656,5644
7679,5668
7700,5667
7704,5702
7728,5695
7741,5733
7754,5761
7791,5753
7802,5775
7814,5805
7847,5824
7848,5850
7876,5839
7884,5866
7894,5898
7929,5887
7956,5921
7970,5930
7982,5944
7996,5943
8006,5982
8033,5993
8058,5983
8075,6009
8089,6006
8113,6020
8141,6023
8148,6041
8162,6041
8181,6036
8224,6047
8249,6054
8261,6052
8279,6065
8296,6092
8326,6074
8333,6101
8393,6113
8412,6127
8402,6138
8448,6150
8465,6168
8464,6186
8512,6178
8520,6219
8554,6232
8594,6241
8602,6262
8638,6296
8676,6314
8696,6349
8738,6362
8794,6410
8812,6434
8854,6440
8860,6490
8878,6512
8902,6522
8938,6547
8955,6553
8986,6583
8999,6585
9044,6624
9074,6639
9099,6636
9112,6670
9159,6674
9182,6679
9213,6711
9236,6702
9249,6710
9301,6723
9329,6730
9355,6762
9364,6753
9401,6771
9415,6793
9412,6792
9462,6814
9474,6828
9487,6867
9504,6853
9558,6880
9535,6877
9594,6915
9608,6936
9624,6983
9664,6990
9689,7000
9704,7018
9717,7039
9728,7065
9746,7079
9769,7090
9810,7140
9820,7134
9830,7144
9852,7188
9861,7189
9902,7202
9927,7201
9937,7232
9966,7228
9980,7254
9988,7244
10038,7286
10038,7264
10078,7292
10091,7305
10126,7308
10125,7296
10142,7323
10165,7333
10191,7317
10214,7324
10221,7357
10240,7392
10247,7381
10256,7412
10279,7408
10293,7447
10310,7462
10325,7478
10363,7492
10379,7537
10400,7564
10429,7571
10460,7601
10482,7645
10487,7644
10516,7676
10545,7718
10580,7724
10558,7750
10609,7781
10644,7820
10668,7817
10693,7850
10715,7891
10749,7900
10785,7913
10813,7942
10848,7968
10889,7991
10885,8020
10946,8064
10967,8063
10990,8120
11053,8149
11082,8170
11100,8192
11149,8235
11162,8280
11185,8284
11210,8332
11218,8370
11272,8446
11273,8464
11308,8496
11348,8566
11372,8607
11401,8614
11421,8693
11432,8704
11497,8754
11493,8755
11537,8845
11556,8824
11573,8857
11606,8900
11630,8928
11641,8955
11656,8984
11694,8976
11710,8992
11743,9030
11778,9045
11780,9076
11801,9100
11834,9116
11855,9155
11888,9195
11923,9217
11918,9248
11959,9271
11972,9300
11990,9330
12024,9357
12041,9387
12045,9439
12056,9498
12097,9493
12108,9543
12127,9605
12136,9612
12150,9658
12177,9693
12210,9706
12209,9727
12239,9764
12254,9789
12272,9842
12273,9863
12288,9884
12318,9894
12331,9907
12350,9918
12367,9933
12369,9933
12399,9951
12388,9954
12429,9973
12453,9977
12472,10004
12497,10011
12512,10056
12537,10087
12542,10110
12557,10155
12592,10151
12610,10219
12630,10271
12648,10280
12676,10339
12720,10389
12737,10415
12734,10504
12771,10516
12806,10583
12805,10604
12850,10705
12874,10743
12883,10786
12920,10811
12929,10853
12978,10898
13002,10937
13005,11003
13062,11008
13077,11016
13110,11078
13126,11152
13172,11160
13202,11190
13234,11197
13258,11250
13285,11295
13304,11314
13323,11314
13355,11334
13378,11371
13385,11401
13432,11440
13452,11496
13504,11514
13533,11571
13526,11636
13564,11634
13603,11667
13596,11719
13637,11752
13674,11777
13700,11820
13703,11893
13746,11900
13766,11954
13766,11988
13792,12032
13846,12027
13858,12076
13857,12109
13908,12138
13927,12142
13932,12179
13963,12202
13985,12221
13996,12237
14043,12253
14041,12265
14076,12274
14099,12266
14134,12302
14126,12326
14162,12294
14176,12350
14201,12347
14208,12352
14238,12345
14248,12400
14270,12426
14301,12429
14313,12439
14340,12454
14349,12509
14370,12496
14387,12529
14410,12550
14427,12575
14429,12598
14470,12614
14494,12647
14509,12674
14536,12688
14536,12737
14552,12732
14585,12783
14589,12795
14628,12805
14617,12829
14680,12862
14652,12888
14705,12906
14728,12932
14725,12942
14787,12937
14794,12953
14809,12986
14828,12994
14864,13000
14892,13026
14890,13031
14938,13036
14968,13070
15006,13088
15032,13105
15049,13114
15084,13143
15102,13140
15149,13172
15164,13175
15190,13203
15229,13237
15262,13233
15275,13258
15304,13291
15352,13345
15372,13329
15383,13359
15430,13398
15444,13422
15489,13452
15536,13462
15550,13501
15565,13531
15606,13556
15645,13591
15647,13607
15690,13620
15712,13651
15730,13680
15761,13725
15770,13727
15811,13754
15846,13770
15858,13800
15877,13829
15916,13848
15932,13869
15965,13869
15992,13871
16006,13894
16043,13897
16042,13911
16070,13932
16106,13952
16125,13929
16147,13956
16181,13972
16188,13970
16202,13961
16238,13985
16246,14000
16273,13979
16305,14003
16325,14018
16331,14033
16341,14030
0,14022
0,14057
33,14066
36,14060
61,14072
77,14084
104,14103
120,14106
133,14117
149,14139
160,14171
175,14165
193,14193
204,14199
214,14223
235,14230
268,14234
280,14267
315,14280
334,14302
338,14290
367,14312
390,14332
386,14370
425,14369
443,14402
453,14406
476,14414
499,14419
512,14458
537,14438
555,14475
591,14486
610,14502
623,14512
679,14503
684,14518
708,14516
719,14528
788,14548
776,14547
812,14561
831,14593
879,14587
891,14608
911,14627
962,14632
962,14664
984,14666
1043,14681
1060,14704
1087,14711
1109,14732
1148,14760
1171,14796
1199,14797
1225,14815
1256,14828
1294,14854
1309,14850
1341,14873
1354,14898
1371,14936
1422,14957
1424,14960
1446,14986
1493,15018
1491,15014
1520,15033
1546,15070
1565,15087
1586,15126
1624,15149
1654,15164
1673,15173
1722,15189
1720,15216
1742,15238
1779,15263
1815,15281
1828,15284
1856,15320
1883,15346
1891,15348
1908,15358
1934,15377
1967,15375
1983,15406
1988,15431
2010,15421
2022,15447
2066,15454
2092,15492
2111,15491
2143,15477
2154,15484
2174,15508
2196,15509
2221,15537
2232,15564
2269,15543
2281,15590
2303,15599
2314,15589
2340,15621
2347,15631
2358,15628
2388,15654
2413,15670
2412,15695
2447,15685
2459,15706
2495,15734
2510,15733
2521,15741
2547,15762
2557,15772
2581,15819
2601,15821
2616,15864
2634,15836
2664,15876
2661,15909
2690,15940
2712,15936
2727,15947
2756,16011
2788,16050
2798,16070
2829,16117
2855,16095
2886,16154
2906,16155
2937,16221
2969,16227
2986,16269
3008,16305
3023,16324
3071,16347
3112,2
3114,18
3147,53
3170,77
3194,112
3240,148
3267,183
3296,242
3335,244
3376,285
3415,312
3446,335
3464,379
3481,405
3523,431
3538,482
3570,507
3619,519
3632,560
3658,598
3669,605
3717,658
3725,688
3783,727
3788,761
3807,799
3840,824
3886,856
3897,907
3903,915
3916,975
3969,982
3989,1028
4016,1072
4042,1094
4049,1142
4067,1183
4094,1224
4110,1280
4143,1298
4140,1357
4159,1402
4209,1438
4213,1460
4228,1500
4252,1501
4281,1559
4304,1584
4302,1606
4315,1631
4353,1653
4374,1680
4390,1726
4439,1751
4424,1760
4458,1796
4480,1808
4481,1822
4495,1876
4526,1868
4528,1913
4544,1894
4572,1928
4608,1936
4596,1957
4632,1971
4641,1966
4653,1995
4669,2015
4697,2044
4705,2036
4739,2073
4750,2080
4777,2156
4783,2173
4813,2169
4810,2219
4853,2225
4857,2259
4882,2306
4930,2342
4931,2386
4958,2444
4980,2457
5015,2502
5021,2564
5058,2606
5080,2644
5121,2705
5141,2739
5158,2780
5183,2819
5201,2857
5223,2912
5252,2970
5285,3015
5304,3065
5337,3126
5378,3176
5408,3212
5415,3229
5428,3248
5493,3305
5506,3348
5552,3399
5566,3432
5583,3451
5615,3489
5648,3495
5687,3537
5694,3575
5721,3601
5740,3638
5775,3659
5802,3663
5828,3679
5861,3723
5881,3716
5898,3756
5917,3773
5966,3779
5978,3819
5993,3830
6045,3868
6061,3899
6073,3929
6099,3929
6129,3976
6133,3996
6169,4032
6214,4027
6235,4081
6241,4122
6280,4127
6276,4146
6301,4178
6312,4209
6340,4241
6337,4263
6401,4285
6397,4312
6429,4351
6458,4382
6466,4406
6475,4443
6518,4446
6533,4456
6535,4488
6568,4508
6609,4552
6617,4568
6628,4594
6663,4591
6665,4613
6671,4617
6698,4626
6743,4641
6758,4640
6750,4676
6761,4665
6802,4668
6844,4681
6865,4706
6862,4690
6862,4725
6897,4720
6936,4726
6932,4748
6945,4754
6986,4776
7000,4764
7021,4790
7044,4820
7062,4819
7085,4829
7127,4862
7141,4887
7161,4907
7178,4922
7195,4936
7234,4976
7247,5035
7289,5046
7300,5069
7353,5088
7371,5129
7386,5159
7415,5177
7436,5206
7494,5245
7520,5268
7537,5292
7586,5322
7615,5358
7611,5381
7666,5404
7723,5422
7740,5435
7756,5454
7784,5461
7812,5499
7855,5499
7886,5513
7901,5540
7933,5544
7964,5538
7981,5558
8025,5579
8056,5571
8071,5592
8104,5617
8116,5627
8138,5626
8159,5629
8181,5663
8211,5656
8220,5687
8245,5691
8269,5701
8275,5728
8316,5760
8333,5791
8358,5783
8388,5820
8393,5846
8429,5871
8447,5893
8459,5915
8493,5928
8523,5947
8545,5953
8549,5980
8584,6011
8603,6021
8625,6027
8633,6026
8655,6055
8689,6058
8680,6047
8719,6093
8744,6074
8753,6083
8757,6112
8789,6089
8847,6105
8844,6110
8871,6113
8867,6122
8906,6136
8910,6120
8944,6122
8939,6119
8965,6140
8970,6150
8984,6161
9012,6166
9001,6165
9033,6175
9070,6189
9079,6225
9097,6243
9101,6253
9137,6254
9144,6292
9175,6297
9206,6336
9219,6353
9235,6351
9281,6385
9289,6397
9315,6419
9342,6441
9350,6453
9370,6471
9403,6485
9418,6505
9436,6520
9495,6522
9510,6546
9543,6560
9572,6591
9583,6603
9630,6593
9670,6618
9687,6625
9732,6639
9753,6639
9787,6667
9820,6689
9849,6709
9888,6728
9886,6729
9905,6726
9936,6770
9959,6793
9982,6774
10017,6832
10047,6834
10067,6882
10118,6887
10137,6928
10157,6946
10184,6979
10191,7005
10229,7026
10239,7052
10283,7053
10306,7095
10318,7129
10354,7124
10371,7157
10388,7175
10422,7193
10435,7209
10463,7212
10489,7230
10512,7238
10532,7259
10557,7283
10592,7271
10623,7275
10630,7300
10671,7310
10692,7332
10714,7313
10733,7331
10736,7376
10775,7370
10792,7409
10789,7389
10823,7449
10835,7443
10857,7465
10878,7499
10885,7514
10924,7524
10956,7528
10956,7581
10992,7585
11022,7611
11034,7652
11054,7648
11065,7673
11078,7706
11119,7732
11104,7749
11146,7749
11160,7762
11179,7783
11193,7803
11210,7798
11215,7816
11250,7838
11264,7857
11285,7877
11304,7887
11333,7867
11360,7887
11371,7918
11402,7934
11412,7963
11437,7954
11471,7996
11503,8017
11502,8046
11540,8070
11566,8100
11583,8138
11605,8175
11637,8188
11655,8220
11683,8275
11709,8285
11744,8370
11758,8386
11813,8441
11830,8456
11873,8500
11884,8542
11911,8589
11938,8606
11983,8654
12001,8691
12050,8720
12031,8795
12078,8795
12107,8830
12148,8841
12175,8901
12167,8907
12220,8948
12258,8968
12270,8989
12309,9031
12353,9090
12373,9120
12406,9158
12416,9190
12457,9214
12475,9254
12492,9305
12538,9334
12532,9376
12560,9435
12582,9483
12607,9512
12642,9567
12633,9621
12690,9659
12706,9682
12732,9718
12735,9781
12765,9780
12783,9820
12801,9840
12842,9858
12863,9939
12886,9955
12907,9963
12900,9993
12956,9987
12972,10029
12978,10044
12991,10060
13013,10072
13021,10061
13049,10122
13055,10122
13069,10179
13112,10174
13129,10213
13154,10234
13181,10279
13177,10281
13230,10350
13219,10369
13246,10365
13268,10402
13282,10424
13295,10479
13313,10491
13338,10570
13334,10613
13358,10664
13375,10653
13399,10711
13418,10704
13421,10761
13438,10799
13480,10826
13497,10849
13516,10898
13549,10872
13542,10898
13567,10923
13596,10992
13616,10985
13645,11015
13674,11039
13694,11085
13708,11128
13717,11089
13770,11126
13754,11172
13803,11195
13831,11189
13842,11216
13891,11279
13908,11320
13925,11375
13959,11391
14008,11429
14037,11477
14058,11521
14077,11574
14112,11634
14137,11705
14167,11744
14202,11778
14237,11840
14244,11872
14298,11921
14311,11949
14316,11981
14363,12036
14390,12069
14412,12116
14437,12141
14452,12169
14471,12195
14527,12227
14552,12231
14564,12250
14598,12289
14613,12299
14628,12294
14662,12319
14677,12340
14714,12373
14742,12374
14757,12383
14770,12419
14803,12437
14833,12463
14848,12444
14877,12470
14874,12518
14914,12503
14949,12509
14954,12548
14983,12556
15003,12597
15010,12634
15041,12645
15064,12659
15086,12702
15115,12719
15126,12750
15158,12767
15159,12798
15185,12810
15210,12854
15209,12868
15238,12883
15257,12931
15283,12934
15320,12947
15329,12975
15351,12991
15366,13009
15385,13055
15409,13065
15424,13070
15451,13074
15462,13096
15465,13100
15485,13082
15518,13116
15529,13137
15551,13116
15590,13134
15590,13146
15615,13157
15636,13139
15670,13181
15667,13209
15707,13178
15714,13216
15743,13221
15773,13222
15778,13243
15831,13245
15840,13286
15866,13276
15883,13291
15908,13331
15952,13345
15971,13363
15997,13386
16039,13435
16024,13440
16071,13467
16088,13488
16129,13537
16149,13543
16186,13574
16221,13620
16245,13643
16284,13648
16316,13676
16337,13746
16378,13738
30,13772
51,13784
71,13827
112,13840
121,13897
144,13902
202,13915
215,13939
222,13954
262,13961
291,13972
331,13988
334,13999
370,14020
399,14028
422,14029
437,14055
482,14050
510,14050
521,14088
536,14096
568,14091
588,14099
615,14109
639,14111
664,14145
675,14149
701,14160
714,14162
748,14160
750,14173
773,14197
802,14216
797,14219
849,14219
876,14252
890,14253
917,14275
948,14296
942,14308
977,14320
969,14338
997,14344
1028,14372
1041,14390
1057,14400
1076,14429
1088,14445
1107,14458
1117,14458
1132,14471
1165,14487
1204,14497
1196,14513
1214,14527
1267,14541
1279,14567
1294,14572
1301,14577
1308,14603
1336,14596
1348,14616
1379,14636
1376,14642
1416,14645
1433,14677
1460,14667
1474,14671
1488,14682
1520,14700
1545,14700
1560,14717
1598,14720
1638,14714
1651,14727
1667,14748
1724,14774
1721,14762
1735,14789
1768,14783
1789,14819
1822,14840
1832,14860
1874,14876
1907,14897
1925,14915
1964,14922
1980,14942
2011,14957
2019,14965
2046,14998
2098,15016
2143,15046
2167,15069
2194,15077
2222,15121
2249,15131
2287,15161
2292,15180
2340,15216
2336,15228
2366,15260
2402,15293
2410,15302
2441,15331
2477,15375
2484,15378
2538,15404
2535,15415
2577,15431
2606,15480
2617,15479
2635,15497
2683,15485
2722,15536
2724,15550
2752,15562
2779,15607
2794,15593
2794,15625
2848,15616
2841,15630
2875,15683
2892,15697
2934,15687
2944,15728
2970,15756
2977,15753
3005,15741
3043,15772
3046,15800
3089,15783
3114,15820
3117,15832
3152,15846
3175,15854
3189,15882
3201,15875
3235,15885
3255,15897
3271,15942
3284,15940
3296,15955
3303,15970
3333,16014
3364,16023
3383,16042
3397,16077
3408,16086
3425,16102
3461,16116
3482,16132
3480,16162
3525,16180
3525,16213
3554,16251
3560,16263
3567,16280
3588,16308
3608,16329
3647,16382
3667,16383
3687,24
3696,34
3722,81
3739,94
3781,104
3804,133
3815,169
3849,213
3881,244
3878,275
3936,309
3939,306
3981,335
4012,393
4019,418
4047,439
4083,480
4112,516
4145,536
4173,580
4186,611
4224,656
4243,681
4286,701
4306,712
4338,752
4393,785
4409,856
4438,904
4484,951
4497,989
4532,1018
4552,1052
4579,1067
4609,1139
4626,1160
4653,1194
4655,1246
4702,1276
4742,1357
4762,1401
4797,1433
4808,1492
4823,1533
4851,1565
4884,1606
4914,1684
4921,1695
4953,1727
4974,1771
5001,1830
5017,1830
5014,1911
5064,1926
5090,1950
5096,1980
5112,2014
5142,2048
5158,2065
5181,2139
5204,2140
5232,2156
5251,2205
5258,2202
5278,2239
5299,2277
5321,2310
5338,2283
5368,2330
5378,2359
5394,2383
5427,2429
5448,2415
5479,2409
5480,2463
5491,2476
5498,2495
5531,2469
5562,2522
5562,2529
5581,2546
5597,2571
5615,2589
5606,2622
5641,2636
5687,2689
5688,2694
5711,2735
5711,2751
5741,2793
5759,2819
5798,2830
5804,2875
5829,2951
5870,2943
5862,2969
5879,3029
5928,3040
5936,3103
5960,3130
5971,3173
6006,3262
6030,3250
6069,3311
6083,3344
6105,3392
6167,3425
6164,3455
6209,3511
6211,3527
6247,3607
6270,3628
6313,3645
6327,3678
6351,3689
6412,3752
6407,3761
6477,3823
6477,3833
6526,3878
6541,3901
6568,3923
6585,3940
6650,3951
6648,3997
6684,4039
6723,4025
6738,4062
6754,4066
6763,4081
6776,4088
6807,4119
6841,4156
6882,4170
6917,4211
6917,4243
6940,4230
6982,4263
6985,4294
7018,4325
7032,4331
7055,4379
7082,4399
7101,4424
7123,4485
7148,4493
7189,4515
7197,4519
7224,4569
7224,4603
7265,4623
7280,4662
7299,4665
7319,4696
7330,4733
7353,4773
7383,4783
7422,4795
7433,4815
7442,4836
7470,4836
7490,4847
7495,4855
7552,4877
7551,4876
7555,4907
7602,4906
7615,4920
7620,4910
7651,4926
7651,4933
7686,4941
7693,4957
7704,4939
7736,4968
7789,4951
7798,4984
7801,4992
7833,4984
7848,5006
7871,5009
7889,5023
7892,5042
7890,5066
7944,5103
7958,5105
7994,5142
7997,5156
8021,5174
8053,5201
8062,5226
8082,5248
8099,5261
8146,5293
8149,5314
8189,5342
8213,5377
8229,5396
8252,5416
8280,5434
8325,5465
8357,5479
8387,5511
8420,5545
8454,5552
8473,5572
8494,5581
8531,5575
8563,5609
8587,5613
8629,5613
8611,5627
8660,5657
8707,5646
8734,5685
8781,5690
8800,5716
8824,5731
8877,5735
8894,5760
8911,5752
8950,5794
8969,5771
9000,5819
9024,5832
9042,5867
9068,5874
9094,5910
9104,5934
9144,5947
9151,5984
9196,6004
9193,6025
9216,6042
9236,6048
9283,6074
9292,6088
9342,6116
9339,6127
9356,6150
9385,6150
9424,6162
9437,6195
9475,6185
9496,6213
9502,6216
9524,6210
9539,6233
9571,6234
9603,6216
9609,6221
9630,6259
9655,6234
9672,6252
9683,6260
9698,6274
9728,6274
9743,6294
9776,6296
9801,6313
9799,6300
9838,6338
9845,6327
9854,6353
9891,6360
9883,6389
9900,6393
9927,6431
9940,6418
9961,6439
9977,6461
9980,6494
9999,6491
10017,6515
10058,6524
10083,6551
10100,6552
10121,6587
10132,6585
10132,6604
10171,6623
10214,6638
10223,6647
10241,6648
10275,6655
10279,6666
10300,6699
10339,6701
10347,6691
10380,6713
10407,6725
10422,6727
10479,6735
10493,6765
10518,6781
10559,6791
10570,6804
10625,6837
10636,6828
10653,6859
10707,6877
10698,6901
10737,6945
10758,6960
10779,6981
10831,7001
10840,7022
10874,7072
10884,7098
10921,7131
10937,7154
11000,7190
11021,7207
11030,7246
11071,7257
11086,7267
11121,7295
11155,7314
11178,7334
11200,7331
11212,7369
11243,7385
11280,7414
11289,7409
11321,7425
11330,7434
11373,7462
11377,7450
11425,7470
11444,7474
11472,7517
11488,7542
11515,7521
11517,7539
11556,7583
11582,7613
11582,7621
11623,7644
11637,7673
11655,7692
11681,7693
11695,7740
11701,7761
11728,7784
11754,7808
11766,7812
11787,7859
11820,7903
11838,7912
11853,7935
11874,7946
11909,7970
11930,7978
11955,7989
11945,8006
11980,8019
11997,8026
12006,8064
12039,8059
12052,8066
12085,8094
12081,8110
12115,8119
12135,8130
12159,8131
12157,8162
12196,8174
12208,8194
12212,8210
12253,8217
12260,8248
12299,8306
12314,8320
12332,8342
12337,8380
12364,8416
12383,8421
12404,8489
12451,8510
12436,8561
12454,8568
12485,8617
12516,8645
12548,8680
12553,8729
12595,8773
12618,8752
12646,8788
12681,8839
12701,8849
12721,8883
12756,8930
12804,8920
12833,9001
12846,9017
12881,9029
12905,9099
12949,9140
12963,9164
12986,9190
13037,9245
13044,9294
13073,9367
13099,9362
13155,9425
13187,9491
13190,9514
13247,9587
13258,9632
13286,9677
13307,9768
13344,9795
13365,9843
13378,9886
13405,9959
13439,10005
13449,10008
13489,10061
13522,10112
13505,10134
13574,10178
13585,10183
13601,10245
13616,10253
13663,10300
13683,10315
13673,10322
13704,10359
13746,10370
13759,10405
13792,10379
13811,10441
13835,10455
13829,10470
13865,10513
13902,10516
13917,10547
13938,10594
13934,10639
13947,10617
13988,10699
14010,10710
14018,10756
14023,10768
14061,10793
14076,10855
14101,10883
14116,10930
14136,10981
14163,11001
14171,11038
14207,11091
14210,11084
14234,11136
14239,11187
14270,11194
14253,11218
14291,11246
14322,11277
14335,11275
14354,11304
14376,11311
14385,11316
14407,11337
14424,11370
14455,11373
14463,11378
14481,11411
14512,11443
14550,11440
14559,11453
14580,11503
14584,11520
14615,11539
14628,11546
14654,11567
14685,11623
14698,11634
14747,11665
14772,11692
14770,11764
14803,11812
14842,11818
14841,11891
14893,11881
14918,11929
14957,11971
14952,12026
15006,12068
15037,12109
15062,12154
15118,12208
15121,12237
15154,12258
15174,12311
15211,12347
15222,12390
15246,12413
15277,12437
15308,12471
15346,12501
15375,12525
15380,12520
15413,12549
15445,12573
15478,12589
15481,12609
15523,12620
15544,12663
15583,12683
15615,12693
15616,12706
15641,12707
15646,12692
15693,12736
15703,12734
15728,12746
15753,12757
15773,12797
15780,12808
15813,12839
15840,12839
15858,12843
15877,12863
15901,12902
15914,12912
15935,12949
15967,12963
15988,12992
16016,13027
16009,13042
16050,13074
16084,13096
16081,13113
16118,13153
16138,13153
16169,13193
16176,13203
16180,13255
16217,13246
16226,13254
16246,13275
16277,13299
16296,13324
16298,13324
16339,13363
16371,13370
16366,13402
1,13399
23,13392
52,13399
60,13408
97,13424
122,13426
132,13449
133,13454
178,13456
202,13440
183,13468
216,13465
254,13484
275,13500
304,13502
312,13515
321,13527
349,13543
388,13547
391,13562
425,13567
455,13582
476,13610
513,13611
503,13624
550,13651
563,13683
592,13713
624,13728
657,13755
672,13773
698,13806
740,13817
757,13877
805,13875
828,13924
847,13942
902,13947
936,13971
941,14010
977,14013
1014,14048
1055,14076
1079,14094
1090,14119
1132,14144
1142,14161
1175,14180
1214,14200
1230,14217
1279,14218
1291,14270
1329,14274
1371,14285
1375,14305
1418,14305
1452,14317
1475,14313
1481,14322
1522,14338
1539,14343
1553,14355
1572,14366
1605,14381
1621,14400
1642,14400
1669,14427
1694,14414
1699,14427
1706,14436
1755,14457
1768,14462
1796,14484
1820,14471
1835,14485
1858,14502
1875,14517
1885,14515
1895,14523
1936,14543
1937,14573
1977,14572
1992,14620
2008,14610
2013,14621
2040,14653
2038,14663
2060,14663
2095,14699
2125,14701
2132,14732
2142,14770
2195,14771
2201,14786
2220,14795
2233,14798
2237,14822
2276,14814
2272,14846
2319,14867
2315,14865
2356,14880
2366,14906
2375,14919
2397,14912
2411,14926
2432,14943
2452,14951
2485,14970
2495,14982
2534,14991
2559,14992
2576,15020
2600,15032
2619,15011
2647,15039
2678,15056
2710,15060
2737,15084
2755,15099
2802,15121
2812,15115
2843,15154
2861,15161
2900,15173
2896,15204
2948,15205
2962,15246
3018,15250
3033,15285
3061,15307
3111,15335
3132,15356
3135,15357
3179,15411
3208,15434
3254,15430
3251,15481
3283,15481
3322,15533
3321,15541
3351,15558
3381,15595
3416,15623
3421,15660
3451,15689
3492,15706
3509,15733
3535,15763
3553,15765
3564,15812
3619,15839
3639,15842
3638,15878
3674,15902
3701,15906
3740,15941
3745,15953
3748,15971
3795,15973
3789,16016
3824,16010
3867,16041
3886,16072
3884,16070
3927,16093
3917,16119
3961,16114
3992,16132
4011,16156
4029,16170
4038,16198
4056,16225
4095,16226
4105,16221
4130,16257
4118,16279
4145,16287
4164,16312
4192,16307
4227,16331
4229,16370
4253,2
4258,33
4289,62
4329,59
4330,88
4356,120
4395,127
4404,160
4412,164
4434,215
4440,251
4464,250
4489,301
4498,330
4539,356
4563,397
4559,392
4578,444
4590,440
4645,475
4657,519
4671,541
4706,552
4715,621
4720,614
4771,667
4805,669
4797,728
4842,774
4898,782
4899,816
4914,841
4946,899
4965,915
5005,975
5022,974
5065,1028
5099,1072
5111,1061
5128,1141
5173,1159
5197,1203
5220,1213
5263,1263
5303,1312
5311,1365
5356,1410
5382,1448
5395,1479
5446,1554
5469,1576
5485,1623
5513,1661
5564,1732
5543,1784
5602,1815
5645,1860
5658,1926
5687,1964
5718,2020
5736,2062
5773,2105
5778,2167
5807,2214
5846,2267
5857,2321
5878,2345
5900,2361
5939,2406
5963,2419
5980,2468
5989,2478
5988,2538
6053,2555
6036,2629
6059,2615
6064,2634
6118,2678
6125,2710
6153,2740
6186,2747
6201,2771
6209,2796
6230,2833
6261,2821
6275,2815
6301,2869
6318,2869
6339,2889
6353,2906
6372,2958
6399,2955
6408,2951
6429,2963
6449,3005
6453,3031
6499,3054
6506,3071
6517,3122
6542,3132
6570,3177
6571,3173
6593,3204
6616,3214
6629,3233
6642,3279
6672,3333
6693,3339
6711,3389
6718,3415
6755,3449
6762,3444
6766,3503
6814,3597
6839,3567
6833,3640
6858,3658
6917,3723
6918,3724
6928,3746
6952,3785
6991,3802
7028,3826
7043,3880
7070,3891
7090,3890
7117,3932
7154,3955
7162,3987
7201,4007
7244,4018
7252,4042
7283,4077
7339,4112
7344,4118
7372,4151
7400,4161
7417,4203
7437,4163
7480,4238
7514,4264
7564,4282
7573,4305
7617,4335
7648,4351
7664,4386
7677,4425
7690,4430
7733,4483
7753,4480
7792,4555
7795,4566
7841,4608
7859,4621
7873,4633
7890,4665
7932,4714
7931,4734
7962,4772
7990,4790
8023,4833
8026,4853
8063,4885
8091,4883
8120,4919
8109,4925
8169,4945
8186,4972
8191,4965
8210,4996
8245,4996
8248,5013
8264,5005
8305,5019
8327,5051
8349,5054
8360,5046
8398,5078
8388,5076
8429,5071
8434,5076
8482,5076
8496,5082
8503,5115
8501,5107
8534,5136
8554,5105
8580,5142
8584,5174
8600,5195
8651,5196
8654,5226
8676,5254
8688,5267
8735,5303
8734,5314
8749,5324
8772,5334
8798,5368
8817,5402
8832,5399
8871,5429
8873,5468
8903,5480
8909,5481
8956,5507
8955,5529
8966,5544
9021,5540
9041,5548
9052,5562
9088,5576
9113,5579
9131,5590
9165,5595
9180,5611
9193,5609
9241,5637
9265,5643
9297,5639
9332,5700
9353,5683
9381,5684
9400,5709
9453,5739
9468,5750
9499,5749
9507,5745
9546,5788
9557,5804
9602,5846
9633,5862
9653,5889
9662,5936
9705,5966
9748,5971
9787,6008
9808,6033
9854,6035
9865,6078
9902,6112
9924,6115
9949,6139
9989,6175
10010,6180
10028,6198
10044,6218
10091,6253
10106,6252
10121,6260
10164,6268
10173,6274
10221,6296
10240,6288
10267,6292
10280,6308
10316,6309
10323,6324
10358,6326
10395,6351
10406,6349
10401,6353
10441,6368
10449,6357
10465,6393
10488,6391
10529,6405
10536,6411
10557,6436
10573,6460
10602,6488
10602,6496
10634,6538
10637,6520
10668,6550
10689,6562
10700,6587
10728,6608
10756,6612
10762,6647
10772,6664
10795,6660
10815,6660
10841,6681
10857,6701
10869,6723
10889,6725
10900,6729
10926,6724
10948,6752
10986,6748
11005,6745
11029,6734
11043,6765
11050,6756
11068,6752
11105,6777
11108,6782
11149,6791
11156,6799
11168,6835
11187,6849
11206,6838
11229,6855
11262,6890
11271,6900
11300,6922
11337,6938
11329,6956
11376,6992
11407,7005
11412,7035
11445,7060
11473,7099
11480,7123
11529,7155
11544,7166
11594,7198
11615,7225
11650,7228
11659,7258
11692,7306
11714,7309
11741,7314
11766,7305
11807,7370
11838,7380
11874,7410
11896,7405
11931,7424
11964,7455
11984,7475
12013,7505
12052,7517
12061,7539
12092,7542
12114,7585
12132,7603
12171,7624
12205,7629
12204,7660
12214,7697
12254,7736
12269,7759
12278,7799
12307,7794
12332,7844
12368,7852
12385,7906
12393,7910
12432,7938
12444,7965
12470,7994
12486,8028
12528,8050
12525,8049
12558,8076
12559,8119
12610,8130
12621,8105
12655,8167
12659,8141
12671,8178
12698,8178
12714,8201
12742,8195
12780,8238
12791,8246
12802,8267
12829,8301
12856,8300
12893,8333
12899,8329
12912,8359
12950,8404
12944,8418
12970,8457
12997,8484
12996,8494
13015,8535
13047,8541
13061,8598
13080,8617
13095,8652
13107,8672
13134,8716
13161,8726
13161,8723
13208,8801
13209,8803
13238,8826
13256,8864
13274,8885
13287,8911
13314,8916
13324,8956
13359,8977
13382,8987
13401,9011
13436,9044
13448,9051
13481,9094
13506,9104
13523,9150
13558,9180
13580,9199
13598,9261
13630,9324
13679,9347
13684,9390
13713,9418
13738,9447
13786,9538
13817,9574
13848,9637
13853,9708
13869,9728
13940,9808
13925,9878
13972,9912
13989,9962
14026,10041
14084,10096
14105,10157
14130,10169
14159,10203
14171,10255
14206,10312
14241,10357
14277,10381
14315,10424
14340,10469
14346,10494
14389,10509
14402,10536
14429,10581
14449,10584
14490,10596
14503,10642
14518,10682
14549,10684
14569,10744
14608,10758
14629,10790
14630,10842
14645,10855
14680,10891
14701,10889
14729,10973
14752,11004
14766,11036
14781,11069
14798,11116
14822,11141
14854,11174
14892,11228
14899,11262
14912,11300
14925,11337
14936,11390
14952,11408
14962,11425
14997,11447
15030,11476
15040,11484
15070,11510
15088,11512
15085,11551
15109,11581
15131,11576
15137,11598
15190,11622
15195,11660
15222,11628
15224,11663
15236,11668
15254,11669
15277,11711
15300,11723
15348,11719
15325,11753
15358,11754
15368,11770
15387,11801
15412,11820
15463,11832
15460,11862
15470,11895
15497,11931
15508,11970
15550,11991
15565,12025
15598,12060
15634,12062
15647,12126
15668,12135
15673,12205
15734,12218
15717,12276
15757,12303
15767,12362
15806,12354
15849,12414
15871,12453
15909,12484
15934,12493
15942,12504
15999,12565
16023,12581
16042,12589
16063,12616
16105,12658
16137,12680
16155,12685
16182,12685
16200,12743
16239,12756
16282,12772
16279,12776
16319,12803
16344,12838
16372,12825
15,12869
42,12891
70,12863
92,12914
124,12923
150,12940
168,12963
170,12978
190,13008
221,13036
242,13058
256,13082
293,13087
314,13116
318,13148
357,13174
368,13184
388,13223
431,13240
444,13272
462,13292
476,13302
530,13326
524,13357
543,13374
578,13389
606,13424
614,13451
643,13455
672,13480
683,13481
709,13496
704,13500
733,13492
769,13517
771,13543
797,13547
812,13569
858,13568
888,13559
889,13586
934,13576
962,13588
949,13615
987,13599
1016,13623
1027,13615
1013,13635
1054,13661
1071,13646
1093,13631
1112,13658
1124,13687
1144,13671
1164,13692
1176,13686
1209,13703
1217,13721
1238,13739
1272,13782
1297,13776
1322,13794
1342,13806
1374,13849
1396,13867
1390,13888
1425,13923
1450,13934
1492,13946
1491,13966
1521,14008
1552,14025
1588,14044
1617,14070
1655,14094
1665,14102
1700,14113
1757,14141
1786,14164
1794,14190
1817,14219
1860,14247
1885,14253
1916,14281
1945,14287
1994,14308
1996,14326
2021,14342
2053,14360
2084,14374
2112,14371
2159,14399
2172,14412
2220,14429
2237,14428
2301,14451
2310,14479
2341,14459
2375,14470
2376,14495
2407,14484
2436,14536
2448,14536
2484,14548
2494,14557
2529,14591
2550,14584
2564,14590
2565,14603
2611,14614
2616,14622
2653,14629
2677,14669
2698,14680
2686,14716
2735,14724
2754,14742
2784,14745
2804,14744
2817,14783
2830,14796
2854,14804
2883,14839
2879,14845
2908,14863
2915,14886
2947,14908
2965,14910
2986,14910
3012,14938
3029,14969
3037,14957
3064,14982
3083,15003
3081,15002
3117,15016
3132,15027
3167,15037
3198,15058
3195,15069
3219,15076
3234,15086
3257,15110
3274,15097
3279,15112
3299,15121
3324,15125
3345,15143
3363,15141
3368,15164
3425,15167
3427,15182
3461,15191
3472,15201
3503,15224
3519,15236
3548,15240
3580,15242
3601,15260
3625,15285
3604,15301
3642,15316
3689,15339
3704,15343
3722,15376
3739,15402
3781,15433
3788,15455
3848,15468
3859,15505
3880,15531
3920,15544
3941,15566
3960,15599
4008,15630
4028,15649
4057,15669
4076,15706
4110,15738
4135,15786
4153,15807
4192,15863
4201,15874
4223,15899
4256,15921
4277,15938
4293,15955
4323,16007
4362,16014
4402,16058
4413,16072
4450,16070
4462,16093
4491,16127
4505,16147
4530,16163
4566,16168
4600,16195
4612,16244
4635,16243
4660,16264
4691,16273
4688,16306
4699,16325
4764,16347
4752,16370
4794,0
4823,3
4825,9
4881,28
4849,70
4896,107
4929,120
4934,139
4949,170
4991,201
4990,226
5012,248
5045,292
5060,300
5076,339
5102,364
5121,370
5138,420
5157,449
5167,462
5188,511
5222,550
5229,557
5249,583
5286,616
5299,638
5303,665
5322,679
5349,711
5379,743
5397,766
5411,825
5424,812
5437,819
5457,877
5498,883
5522,894
5525,905
5533,937
5574,986
5586,978
5591,1034
5635,1045
5658,1088
5657,1078
5709,1141
5726,1171
5772,1169
5788,1208
5809,1236
5826,1245
5853,1293
5862,1341
5903,1389
5934,1432
5958,1472
5986,1527
6009,1546
6047,1595
6066,1642
6091,1697
6122,1741
6151,1780
6176,1839
6211,1866
6226,1968
6293,2010
6324,2068
6337,2165
6334,2164
6373,2161
6404,2269
6444,2334
6499,2371
6510,2460
6534,2471
6559,2529
6561,2562
6608,2618
6646,2670
6667,2718
6678,2703
6730,2792
6747,2815
6774,2826
6792,2844
6809,2908
6841,2925
6862,2951
6877,2993
6913,3006
6944,3038
6948,3028
6975,3058
6998,3093
7018,3099
7029,3111
7045,3149
7056,3157
7101,3189
7108,3182
7122,3227
7145,3241
7181,3247
7182,3288
7231,3318
7251,3350
7246,3376
7279,3370
7291,3435
7314,3436
7343,3481
7353,3507
7344,3533
7358,3540
7389,3584
7415,3609
7422,3652
7453,3685
7473,3693
7496,3722
7493,3755
7542,3780
7542,3804
7567,3848
7597,3859
7614,3903
7637,3899
7637,3916
7663,3957
7690,3979
7723,4005
7734,4005
7752,4039
7761,4042
7796,4042
7826,4068
7855,4083
7862,4091
7860,4122
7915,4139
7958,4158
7969,4187
7997,4201
7998,4221
8037,4247
8052,4227
8104,4255
8121,4270
8134,4312
8180,4354
8191,4364
8202,4382
8237,4409
8273,4443
8303,4495
8331,4513
8321,4559
8378,4582
8401,4620
8434,4638
8474,4687
8503,4701
8510,4756
8549,4783
8578,4812
8588,4846
8637,4873
8644,4900
8701,4957
8720,4977
8746,4982
8777,5004
8792,5025
8810,5022
8847,5047
8872,5047
8890,5071
8917,5092
8938,5120
8967,5086
8992,5131
9011,5127
9033,5134
9068,5154
9069,5172
9102,5183
9122,5188
9134,5193
9162,5192
9160,5211
9202,5214
9205,5235
9231,5237
9255,5271
9281,5275
9288,5305
9311,5314
9343,5327
9366,5366
9367,5387
9407,5386
9429,5429
9459,5425
9441,5458
9505,5487
9478,5510
9501,5525
9547,5559
9546,5563
9583,5569
9599,5587
9626,5621
9658,5655
9674,5609
9673,5645
9721,5655
9748,5641
9773,5671
9794,5664
9800,5676
9827,5686
9843,5691
9842,5710
9871,5713
9908,5698
9945,5712
9943,5728
9954,5737
9963,5748
10008,5747
10030,5769
10049,5773
10078,5785
10099,5812
10104,5829
10174,5847
10177,5861
10224,5880
10219,5899
10257,5945
10281,5939
10312,5971
10327,6001
10366,6040
10383,6043
10392,6076
10444,6085
10473,6137
10514,6151
10541,6169
10585,6181
10602,6206
10633,6241
10664,6262
10719,6269
10721,6272
10746,6308
10779,6331
10823,6326
10849,6346
10882,6350
10908,6364
10947,6381
10955,6386
10979,6405
11020,6413
11030,6434
11063,6439
11088,6453
11106,6457
11128,6491
11179,6497
11207,6527
11211,6508
11227,6531
11268,6529
11275,6592
11287,6605
11322,6624
11329,6626
11372,6655
11383,6675
11401,6695
11408,6694
11423,6728
11449,6745
11469,6776
11487,6789
11530,6794
11543,6816
11561,6831
11587,6833
11608,6848
11632,6857
11641,6865
11678,6874
11687,6878
11702,6916
11725,6891
11727,6918
11774,6921
11765,6912
11788,6904
11819,6909
11829,6925
11848,6938
11863,6942
11914,6958
11893,6993
11921,6999
11932,7004
11955,7015
11972,7045
11995,7057
12037,7065
12048,7087
12059,7107
12076,7109
12088,7132
12105,7170
12119,7185
12157,7219
12190,7230
12204,7244
12227,7286
12236,7293
12261,7325
12288,7350
12310,7350
12341,7367
12370,7405
12380,7425
12429,7438
12424,7437
12465,7491
12495,7494
12515,7504
12545,7535
12569,7534
12597,7585
12612,7588
12637,7616
12676,7648
12702,7637
12739,7678
12778,7716
12793,7749
12826,7770
12863,7800
12862,7808
12908,7846
12941,7891
12974,7909
12985,7972
13018,7975
13056,8025
13061,8067
13084,8074
13135,8122
13128,8153
13180,8192
13177,8222
13192,8248
13216,8261
13247,8308
13268,8322
13299,8352
13340,8347
13343,8397
13375,8408
13392,8426
13425,8427
13431,8459
13447,8463
13465,8460
13503,8502
13517,8527
13526,8540
13555,8557
13589,8578
13594,8615
13640,8642
13644,8655
13671,8674
13688,8712
13698,8711
13713,8761
13740,8794
13769,8825
13790,8865
13810,8936
13822,8939
13845,8957
13875,8994
13891,9027
13918,9070
13912,9083
13930,9100
13949,9140
13995,9175
13998,9219
14007,9215
14052,9257
14064,9279
14093,9313
14104,9335
14125,9349
14145,9377
14174,9390
14195,9378
14202,9448
14216,9444
14244,9476
14266,9488
14280,9527
14321,9524
14352,9564
14369,9598
14399,9620
14411,9680
14445,9739
14463,9766
14469,9805
14517,9845
14528,9866
14551,9903
14622,10000
14618,10021
14621,10099
14669,10156
14709,10217
14734,10237
14758,10300
14808,10344
14846,10432
14856,10467
14871,10547
14922,10587
14931,10622
14974,10674
14968,10703
15027,10765
15045,10778
15077,10829
15121,10886
15132,10927
15178,10959
15214,10972
15244,11001
15245,11029
15297,11084
15323,11109
15337,11120
15376,11154
15395,11163
15416,11198
15410,11241
15473,11261
15487,11308
15497,11327
15529,11345
15549,11414
15559,11431
15594,11448
15605,11519
15648,11541
15660,11584
15699,11578
15708,11644
15730,11669
15753,11703
15774,11757
15790,11766
15799,11835
15834,11839
15859,11871
15844,11896
15881,11927
15919,11961
15929,11992
15930,12010
15973,12001
15986,12028
15996,12028
16035,12083
16050,12060
16057,12071
16087,12115
16110,12094
16109,12140
16147,12131
16162,12146
16173,12148
16204,12161
16205,12174
16229,12192
16218,12210
16254,12211
16279,12229
16310,12232
16318,12265
16326,12263
16357,12287
16376,12314
24,12336
27,12358
67,12388
76,12414
101,12435
107,12466
163,12495
153,12526
200,12567
212,12585
249,12604
253,12655
268,12684
316,12708
322,12728
359,12754
393,12796
430,12854
460,12856
491,12905
522,12936
534,12954
575,12981
596,13010
638,13042
649,13049
656,13085
702,13096
737,13099
789,13119
776,13170
831,13132
862,13166
871,13180
911,13209
940,13216
973,13236
987,13241
1023,13271
1056,13308
1078,13294
1095,13281
1132,13342
1159,13333
1175,13339
1172,13366
1227,13386
1233,13387
1254,13407
1288,13428
1311,13447
1336,13467
1351,13494
1368,13520
1375,13525
1406,13548
1449,13566
1453,13598
1476,13611
1500,13616
1533,13634
1534,13674
1548,13667
1576,13700
1592,13736
1612,13753
1628,13761
1657,13760
1686,13790
1700,13797
1725,13828
1747,13857
1752,13841
1808,13852
1823,13885
1847,13906
1830,13906
1870,13907
1894,13922
1922,13934
1931,13935
1943,13955
1973,13949
1994,13946
2030,13977
2031,13992
2068,13974
2076,13992
2081,14001
2097,14018
2145,14015
2151,14015
2179,14031
2210,14056
2240,14054
2259,14064
2253,14079
2296,14082
2308,14084
2337,14103
2352,14110
2378,14138
2401,14157
2445,14157
2453,14186
2495,14188
2493,14221
2548,14229
2576,14254
2599,14275
2624,14330
2647,14318
2685,14355
2709,14389
2733,14399
2774,14426
2785,14454
2826,14486
2862,14523
2863,14525
2923,14543
2950,14560
2970,14594
2997,14597
3038,14635
3044,14655
3082,14666
3107,14679
3138,14736
3184,14738
3215,14748
3244,14780
3274,14784
3301,14790
3312,14804
3360,14813
3377,14823
3411,14844
3424,14838
3433,14857
3453,14868
3490,14864
3520,14896
3539,14896
3580,14919
3604,14916
3607,14933
3631,14945
3649,14966
3679,14978
3701,14989
3717,15010
3726,15029
3761,15041
3773,15029
3784,15062
3821,15085
3817,15082
3845,15095
3870,15103
3878,15130
3911,15145
3914,15167
3945,15184
3953,15205
3988,15227
3990,15243
4019,15261
4031,15271
4052,15277
4071,15296
4115,15320
4113,15339
4128,15343
4145,15361
4129,15389
4170,15398
4209,15422
4217,15429
4230,15424
4254,15452
4270,15455
4310,15477
4302,15472
4330,15502
4362,15516
4359,15526
4389,15550
4413,15564
4459,15571
4486,15594
4514,15586
4492,15604
4483,15600
4550,15654
4573,15653
4597,15688
4647,15704
4658,15712
4679,15733
4702,15774
4705,15789
4770,15788
4778,15841
4804,15863
4836,15896
4875,15935
4902,15933
4926,15977
4943,16019
4984,16043
4993,16097
5037,16093
5061,16138
5080,16170
5104,16214
5141,16235
5158,16262
5196,16319
5222,16330
5241,16383
5278,29
5300,58
5337,101
5382,111
5380,154
5409,182
5451,175
5444,233
5472,261
5497,286
5528,314
5552,329
5565,347
5602,371
5593,405
5645,436
5663,443
5686,461
5709,477
5727,502
5746,530
5780,521
5793,536
5813,570
5864,614
5870,628
5879,655
5911,696
5930,726
5927,716
5966,736
5978,794
5998,806
6015,868
6044,863
6070,892
6059,924
6097,961
6134,992
6124,1026
6157,1039
6160,1096
6201,1109
6225,1163
6248,1190
6276,1219
6278,1281
6301,1281
6316,1327
6358,1355
6374,1376
6395,1422
6398,1457
6426,1478
6431,1527
6457,1551
6484,1565
6521,1574
6513,1627
6557,1634
6578,1659
6611,1695
6620,1760
6633,1799
6682,1784
6695,1845
6704,1864
6748,1902
6776,1922
6817,1934
6824,1978
6848,2038
6865,2039
6896,2096
6914,2134
6960,2132
6970,2205
7000,2250
7037,2315
7060,2329
7098,2398
7117,2435
7149,2478
7187,2513
7234,2590
7239,2635
7282,2695
7294,2711
7333,2783
7352,2834
7394,2910
7425,2928
7447,2996
7474,3022
7486,3123
7530,3126
7558,3180
7592,3258
7622,3274
7653,3290
7669,3342
7712,3380
7723,3431
7757,3483
7764,3469
7800,3510
7813,3536
7852,3532
7881,3565
7899,3616
7902,3622
7948,3656
7945,3666
7976,3648
7987,3698
8009,3702
8028,3710
8074,3700
8065,3733
8097,3784
8113,3749
8133,3786
8162,3815
8169,3811
8191,3833
8210,3874
8222,3894
8242,3928
8265,3944
8277,3975
8302,4003
8307,4007
8338,4036
8352,4080
8355,4105
8383,4125
8413,4133
8435,4161
8458,4209
8482,4249
8490,4242
8523,4268
8537,4300
8569,4323
8586,4348
8573,4357
8606,4407
8610,4428
8653,4423
8658,4437
8703,4439
8726,4465
8726,4490
8779,4483
8800,4500
8823,4514
8838,4542
8871,4551
8917,4567
8916,4546
8942,4606
8965,4575
8996,4636
9030,4647
9041,4631
9067,4669
9102,4705
9118,4718
9158,4741
9156,4772
9188,4802
9219,4818
9258,4840
9281,4901
9316,4897
9339,4967
9370,4992
9419,5002
9449,5039
9465,5065
9497,5104
9512,5150
9544,5151
9561,5171
9600,5234
9636,5254
9638,5266
9681,5319
9699,5300
9726,5330
9781,5329
9793,5357
9826,5350
9839,5376
9880,5368
9903,5396
9920,5400
9956,5387
9983,5427
9964,5439
10002,5441
10046,5426
10065,5455
10075,5463
10088,5464
10118,5468
10120,5494
10174,5497
10181,5511
10203,5539
10219,5543
10248,5566
10258,5582
10281,5609
10306,5631
10345,5643
10351,5658
10362,5692
10373,5715
10406,5710
10415,5757
10445,5755
10438,5777
10469,5799
10489,5807
10517,5818
10525,5823
10554,5844
10577,5887
10605,5871
10637,5899
10650,5913
10654,5897
10700,5904
10698,5920
10742,5932
10759,5933
10794,5916
10803,5935
10826,5943
10831,5957
10853,5957
10878,5974
10895,5964
10928,5977
10955,5993
10974,6015
10991,6011
11025,6019
11036,6045
11071,6075
11096,6067
11125,6105
11143,6141
11180,6163
11200,6190
11220,6214
11242,6224
11261,6245
11312,6283
11328,6306
11342,6334
11378,6340
11417,6367
11428,6386
11474,6415
11510,6436
11543,6441
11559,6471
11591,6479
11627,6491
11672,6499
11701,6532
11703,6544
11758,6544
11777,6555
11799,6577
11828,6591
11859,6625
11870,6618
11913,6652
11940,6654
11959,6661
12001,6681
12034,6706
12045,6705
12084,6742
12109,6751
12098,6771
12140,6782
12182,6801
12195,6844
12200,6870
12228,6875
12260,6910
12273,6933
12291,6942
12297,6961
12329,6971
12342,6999
12349,7019
12372,7019
12412,7038
12421,7042
12451,7075
12472,7077
12508,7083
12511,7097
12533,7111
12551,7124
12568,7123
12587,7139
12599,7145
12625,7152
12645,7166
12673,7161
12681,7170
12708,7188
12735,7208
12755,7228
12770,7222
12781,7238
12806,7290
12802,7264
12826,7283
12854,7310
12879,7336
12900,7326
12909,7365
12934,7379
12968,7402
12982,7436
12990,7474
13010,7489
13027,7481
13054,7516
13061,7537
13066,7563
13110,7563
13123,7597
13170,7613
13190,7621
13193,7666
13235,7688
13263,7708
13280,7710
13304,7756
13347,7776
13358,7778
13389,7825
13412,7842
13436,7842
13469,7868
13474,7874
13521,7908
13556,7938
13590,7962
13615,7973
13620,8006
13644,8043
13686,8071
13702,8124
13719,8170
13754,8182
13788,8216
13821,8250
13862,8295
13871,8327
13894,8375
13943,8422
13969,8441
13980,8477
14021,8519
14043,8575
14060,8619
14103,8624
14116,8654
14143,8674
14158,8730
14200,8760
14215,8781
14232,8760
14242,8812
14273,8847
14292,8853
14325,8883
14328,8875
14362,8917
14407,8912
14416,8958
14414,8984
14457,9033
14462,9046
14501,9060
14483,9099
14548,9108
14561,9140
14578,9190
14581,9192
14622,9210
14638,9250
14655,9284
14688,9323
14693,9373
14715,9391
14738,9426
14747,9482
14791,9520
14802,9536
14823,9589
14844,9606
14853,9625
14885,9671
14926,9681
14913,9705
14932,9752
14950,9796
14969,9801
15008,9844
15005,9864
15025,9899
15060,9925
15091,9947
15113,9991
15130,9976
15157,9973
15175,9993
15175,10036
15219,10081
15228,10110
15239,10128
15303,10153
15289,10179
15317,10204
15355,10229
15364,10292
15389,10331
15401,10350
15460,10410
15457,10437
15510,10511
15541,10543
15536,10589
15568,10645
15599,10668
15642,10773
15688,10818
15719,10901
15723,10952
15762,10969
15792,11026
15796,11054
15827,11118
15851,11169
15886,11202
15912,11247
15946,11280
15998,11325
16027,11361
16054,11397
16086,11416
16115,11469
16132,11501
16153,11539
16176,11565
16224,11568
16230,11604
16264,11664
16284,11674
16319,11699
16336,11709
16374,11714
1,11778
22,11786
42,11805
61,11835
112,11868
120,11883
149,11947
168,11960
185,11991
208,12026
248,12040
237,12083
294,12108
269,12139
313,12161
326,12191
335,12213
339,12235
366,12290
397,12293
409,12306
443,12381
445,12385
483,12404
488,12429
535,12443
530,12452
562,12466
587,12495
607,12492
632,12555
646,12558
675,12565
665,12560
696,12596
709,12589
742,12611
747,12607
753,12595
804,12628
824,12633
845,12649
872,12675
890,12674
901,12694
926,12696
931,12692
961,12727
997,12714
1010,12732
1029,12777
1048,12781
1073,12822
1075,12836
1115,12853
1118,12873
1140,12908
1193,12935
1218,12962
1230,12986
1276,13026
1286,13039
1310,13084
1343,13090
1364,13126
1404,13157
1417,13189
1443,13190
1482,13235
1510,13246
1535,13310
1563,13328
1600,13359
1607,13383
1652,13388
1658,13412
1710,13443
1710,13464
1768,13490
1775,13515
1813,13516
1868,13528
1886,13555
1911,13564
1944,13590
1969,13574
1991,13616
2047,13621
2041,13635
2084,13646
2094,13666
2108,13658
2134,13680
2182,13698
2180,13706
2210,13714
2241,13729
2259,13743
2288,13745
2303,13759
2345,13756
2347,13782
2378,13768
2397,13815
2407,13831
2428,13823
2472,13849
2471,13875
2477,13893
2514,13903
2529,13904
2546,13925
2566,13958
2587,13950
2599,13984
2611,13997
2640,14017
2677,14052
2687,14049
2704,14070
2730,14088
2745,14093
2786,14131
2806,14132
2804,14151
2823,14166
2842,14190
2859,14191
2885,14207
2906,14233
2930,14246
2931,14242
2975,14269
2999,14278
3007,14279
3028,14306
3064,14319
3081,14282
3105,14333
3127,14327
3147,14343
3187,14331
3196,14363
3225,14353
3244,14390
3250,14385
3281,14385
3302,14387
3338,14414
3359,14409
3363,14441
3404,14457
3425,14462
3454,14465
3496,14480
3518,14494
3557,14501
3577,14529
3594,14550
3616,14563
3619,14579
3668,14587
3710,14623
3733,14657
3743,14666
3767,14693
3807,14704
3829,14747
3838,14760
3880,14784
3909,14824
3930,14847
3963,14848
3993,14891
4018,14917
4055,14936
4087,14972
4091,14971
4134,15013
4164,15002
4199,15035
4234,15066
4246,15075
4249,15083
4280,15116
4306,15153
4346,15154
4369,15159
4378,15180
4401,15207
4453,15206
4463,15224
4486,15238
4506,15246
4549,15261
4566,15272
4578,15282
4609,15278
4601,15285
4650,15310
4659,15319
4677,15320
4692,15338
4718,15345
4725,15365
4740,15388
4774,15378
4782,15423
4804,15422
4828,15437
4849,15461
4861,15449
4904,15478
4906,15512
4921,15514
4926,15534
4975,15545
4984,15554
4997,15592
5012,15602
5036,15624
5051,15641
5048,15633
5090,15690
5100,15684
5129,15728
5126,15731
5154,15734
5169,15760
5207,15803
5210,15810
5249,15809
5256,15862
5266,15865
5300,15877
5333,15903
5364,15928
5344,15929
5389,15940
5419,15975
5432,15987
5441,16007
5483,16021
5514,16046
5526,16059
5563,16048
5571,16100
5607,16113
5616,16153
5665,16155
5666,16186
5711,16209
5744,16229
5761,16239
5782,16252
5821,16317
5858,16349
5888,5
5879,37
5935,56
5946,84
5963,114
5995,168
6024,194
6062,225
6078,292
6129,318
6141,350
6171,416
6211,415
6220,475
6250,528
6299,560
6306,583
6331,632
6350,655
6373,711
6410,739
6422,762
6447,767
6498,832
6502,860
6531,903
6551,910
6578,943
6597,972
6621,984
6633,980
6655,1064
6669,1100
6711,1077
6745,1121
6731,1146
6759,1151
6780,1204
6810,1161
6830,1211
6853,1214
6878,1248
6875,1301
6915,1322
6929,1354
6949,1375
6963,1407
6996,1426
7006,1442
7017,1494
7031,1531
7052,1532
7079,1579
7100,1613
7100,1635
7154,1659
7165,1715
7196,1742
7210,1785
7219,1820
7244,1847
7256,1920
7289,1977
7293,1985
7327,2032
7344,2048
7369,2067
7380,2104
7422,2146
7435,2163
7450,2197
7467,2247
7503,2245
7519,2316
7545,2343
7564,2372
7601,2383
7640,2436
7641,2455
7659,2484
7685,2532
7711,2533
7756,2556
7766,2593
7805,2630
7814,2668
7849,2656
7878,2701
7903,2740
7934,2783
7933,2817
7971,2857
8010,2909
8037,2962
8077,2989
8106,3051
8123,3075
8148,3119
8186,3164
8199,3214
8231,3258
8266,3296
8280,3352
8304,3404
8342,3463
8361,3472
8390,3533
8408,3572
8451,3631
8488,3675
8537,3725
8571,3739
8574,3814
8611,3832
8643,3866
8662,3886
8687,3906
8701,3957
8746,3973
8771,3992
8800,4025
8794,4027
8829,4051
8845,4066
8888,4060
8893,4088
8910,4099
8943,4115
8940,4132
8978,4135
8999,4145
9032,4182
9026,4159
9073,4160
9092,4218
9097,4227
9124,4242
9104,4257
9155,4272
9161,4308
9182,4312
9198,4342
9218,4355
9238,4398
9236,4416
9278,4432
9279,4459
9319,4476
9340,4509
9352,4545
9376,4546
9380,4584
9439,4607
9449,4630
9438,4640
9471,4658
9495,4703
9506,4712
9520,4729
9542,4735
9561,4753
9580,4776
9609,4789
9665,4792
9661,4805
9676,4828
9719,4832
9732,4833
9768,4872
9801,4861
9802,4898
9837,4899
9853,4914
9887,4934
9909,4943
9921,4934
9951,4929
9976,4984
9982,4968
10021,5005
10029,5020
10087,5060
10094,5068
10120,5112
10165,5139
10182,5164
10207,5196
10257,5209
10278,5230
10305,5267
10338,5315
10350,5336
10381,5356
10408,5394
10431,5437
10460,5442
10490,5492
10514,5488
10540,5514
10576,5524
10594,5556
10650,5562
10691,5582
10712,5596
10735,5591
10765,5614
10782,5610
10815,5630
10830,5638
10877,5663
10898,5647
10897,5664
10937,5670
10945,5677
10956,5699
10996,5697
11007,5713
11049,5728
11044,5734
11079,5749
11104,5753
11112,5788
11143,5793
11155,5802
11179,5823
11201,5855
11220,5870
11261,5894
11273,5905
11285,5933
11301,5949
11297,5964
11335,5981
11358,6018
11383,6017
11374,6022
11398,6056
11435,6075
11462,6089
11491,6077
11495,6118
11524,6109
11561,6112
11582,6132
11597,6130
11622,6128
11640,6121
11661,6148
11670,6137
11692,6143
11709,6165
11742,6158
11761,6181
11767,6186
11802,6181
11814,6200
11852,6216
11879,6223
11892,6243
11920,6249
11917,6243
11951,6284
12013,6307
12000,6327
12035,6352
12058,6356
12073,6399
12101,6430
12104,6447
12131,6454
12176,6498
12197,6504
12228,6530
12252,6560
12264,6564
12297,6576
12319,6615
12358,6648
12389,6650
12409,6662
12458,6680
12488,6676
12494,6694
12534,6733
12569,6741
12596,6767
12631,6777
12660,6784
12677,6793
12701,6810
12740,6810
12745,6853
12782,6860
12815,6878
12846,6922
12864,6938
12901,6937
12920,6956
12950,6972
12964,7014
13012,7021
13023,7042
13040,7086
13077,7122
13108,7135
13122,7164
13135,7165
13169,7216
13186,7212
13219,7247
13226,7276
13254,7287
13276,7284
13304,7321
13311,7329
13342,7326
13351,7351
13375,7369
13424,7378
13440,7380
13452,7401
13454,7427
13470,7412
13486,7453
13511,7434
13540,7458
13552,7463
13573,7468
13593,7485
13621,7487
13631,7502
13654,7528
13661,7523
13674,7562
13697,7565
13730,7595
13745,7613
13757,7624
13774,7654
13785,7676
13813,7687
13837,7710
13867,7731
13880,7738
13902,7769
13927,7797
13946,7828
13966,7882
13975,7901
13994,7883
14023,7933
14046,7946
14064,8000
14087,7990
14102,8004
14143,8032
14174,8054
14183,8069
14211,8099
14230,8111
14260,8125
14282,8132
14336,8193
14343,8209
14373,8229
14406,8248
14423,8294
14445,8300
14486,8323
14489,8359
14510,8397
14555,8431
14582,8441
14607,8511
14635,8571
14668,8587
14689,8624
14735,8664
14763,8709
14775,8754
14812,8782
14838,8840
14871,8866
14898,8918
14905,8961
14957,9001
14972,9059
15021,9093
15026,9127
15064,9153
15063,9209
15117,9228
15130,9241
15149,9313
15177,9349
15213,9345
15235,9416
15244,9396
15258,9418
15304,9472
15340,9457
15337,9481
15358,9537
15373,9541
15404,9559
15426,9608
15449,9635
15461,9659
15474,9694
15497,9708
15512,9720
15529,9768
15549,9796
15569,9858
15610,9840
15636,9889
15644,9934
15673,9943
15674,10008
15720,10026
15731,10091
15750,10116
15757,10147
15793,10240
15796,10244
15836,10260
15835,10296
15862,10348
15885,10341
15910,10406
15923,10414
15957,10463
15968,10509
15990,10496
16033,10554
16032,10544
16066,10594
16079,10599
16090,10637
16119,10682
16135,10684
16153,10701
16179,10715
16210,10739
16201,10754
16226,10790
16250,10846
16303,10835
16311,10863
16330,10898
16359,10954
28,10989
30,11008
61,11071
91,11111
130,11136
137,11213
150,11254
213,11276
243,11313
239,11378
266,11407
279,11465
322,11511
339,11579
383,11586
408,11672
429,11686
467,11772
504,11794
540,11847
572,11866
596,11913
620,11930
652,11978
686,12010
709,12009
746,12070
772,12091
804,12120
818,12143
838,12160
875,12168
912,12246
942,12244
947,12266
978,12274
1007,12274
1049,12297
1072,12322
1088,12352
1127,12381
1142,12379
1143,12389
1165,12407
1200,12431
1223,12469
1240,12502
1264,12507
1269,12545
1277,12563
1308,12597
1339,12593
1358,12626
1345,12659
1385,12684
1397,12707
1420,12720
1456,12759
1469,12769
1490,12793
1496,12828
1539,12849
1542,12857
1568,12881
1588,12917
1603,12925
1602,12956
1641,12961
1672,12970
1668,12988
1707,13000
1717,13011
1728,13014
1753,13029
1780,13040
1802,13067
1827,13061
1863,13068
1882,13073
1887,13093
1925,13109
1940,13118
1955,13108
1973,13138
2002,13140
2010,13146
2032,13155
2063,13178
2072,13195
2089,13189
2140,13228
2156,13240
2175,13229
2201,13271
2224,13308
2236,13316
2281,13342
2300,13354
2333,13393
2359,13407
2371,13428
2410,13462
2419,13483
2449,13522
2484,13527
2495,13543
2529,13597
2576,13610
2602,13635
2623,13650
2653,13676
2686,13705
2716,13721
2741,13756
2769,13787
2805,13803
2822,13827
2876,13838
2908,13868
2898,13895
2934,13898
2962,13913
2983,13945
3019,13943
3048,13948
3075,13972
3105,13977
3124,13990
3132,13989
3170,14028
3208,14016
3212,14018
3249,14053
3277,14068
3294,14056
3321,14071
3347,14084
3364,14104
3375,14097
3385,14086
3420,14114
3435,14123
3462,14137
3468,14130
3488,14124
3497,14155
3517,14189
3561,14201
3579,14224
3601,14211
3606,14237
3629,14260
3653,14276
3668,14294
3699,14322
3703,14324
3732,14370
3747,14374
3749,14373
3788,14409
3806,14396
3827,14445
3824,14451
3859,14455
3889,14477
3901,14479
3925,14499
3928,14510
3977,14541
3974,14546
4042,14560
4037,14568
4059,14578
4074,14596
4103,14625
4125,14606
4138,14629
4157,14625
4181,14629
4186,14643
4217,14659
4255,14660
4276,14655
4290,14663
4323,14680
4346,14691
4369,14741
4417,14734
4432,14732
4461,14747
4460,14781
4508,14790
4525,14819
4560,14840
4577,14847
4613,14882
4633,14877
4654,14886
4676,14922
4729,14941
4712,14981
4752,15000
4775,15032
4850,15058
4852,15092
4871,15119
4895,15147
4924,15172
4967,15182
5001,15210
5017,15242
5058,15261
5072,15306
5110,15295
5138,15324
5171,15350
5202,15380
5208,15389
5243,15405
5256,15434
5299,15443
5323,15463
5330,15480
5364,15485
5381,15516
5406,15538
5428,15534
5465,15548
5492,15570
5521,15561
5544,15601
5554,15624
5563,15623
5581,15652
5599,15658
5622,15666
5643,15689
5685,15698
5692,15715
5705,15730
5709,15751
5750,15764
5765,15773
5799,15799
5802,15802
5819,15850
5828,15862
5853,15885
5876,15896
5911,15923
5902,15950
5930,15969
5945,15975
5978,15997
6012,16001
6015,16037
6031,16046
6048,16086
6071,16104
6079,16121
6114,16131
6132,16176
6132,16171
6157,16182
6181,16199
6207,16226
6228,16222
6248,16272
6277,16282
6280,16297
6306,16306
6333,16332
6357,16347
6370,16349
6406,16
6429,17
6448,37
6469,69
6505,106
6526,122
6537,160
6556,187
6588,202
6625,237
6634,261
6664,322
6725,341
6724,372
6774,424
6799,429
6818,485
6844,538
6887,572
6897,615
6931,673
6955,737
6991,769
7034,803
7029,837
7064,887
7112,931
7113,945
7157,1011
7185,1067
7228,1097
7244,1119
7264,1164
7307,1209
7316,1215
7356,1263
7389,1309
7388,1359
7434,1361
7457,1393
7468,1387
7488,1450
7523,1475
7521,1483
7564,1521
7599,1551
7623,1588
7624,1616
7655,1649
7677,1646
7695,1686
7697,1751
7740,1772
7752,1791
7782,1797
7779,1861
7828,1858
7833,1929
7845,1943
7872,2008
7890,2053
7917,2074
7926,2140
7969,2145
7968,2210
7998,2232
8019,2272
8045,2280
8054,2333
8091,2379
8098,2408
8122,2428
8143,2459
8175,2474
8184,2521
8205,2549
8220,2560
8231,2574
8261,2610
8276,2648
8292,2677
8319,2695
8334,2720
8381,2704
8389,2777
8406,2777
8441,2790
8468,2789
8486,2834
8487,2861
8533,2877
8542,2904
8550,2939
8574,2950
8624,3002
8637,3037
8660,3091
8688,3138
8729,3165
8744,3195
8769,3239
8758,3293
8814,3340
8832,3365
8882,3452
8914,3476
8931,3517
8948,3546
8993,3595
9007,3654
9052,3686
9099,3751
9099,3781
9130,3826
9161,3847
9168,3889
9219,3923
9247,3922
9282,3972
9326,4008
9358,4014
9384,4049
9413,4088
9439,4106
9477,4124
9492,4136
9505,4150
9553,4169
9560,4220
9592,4226
9640,4253
9640,4246
9680,4293
9706,4286
9718,4304
9729,4342
9758,4345
9786,4379
9792,4404
9833,4450
9848,4465
9874,4513
9905,4516
9910,4548
9941,4583
9959,4587
9990,4623
10009,4651
10031,4663
10034,4694
10066,4711
10054,4730
10102,4764
10111,4781
10115,4803
10159,4819
10153,4828
10198,4850
10205,4874
10236,4879
10255,4867
10285,4891
10288,4895
10330,4892
10326,4894
10370,4917
10371,4914
10394,4943
10415,4934
10444,4943
10434,4966
10458,4954
10480,4982
10498,4968
10513,4983
10524,5005
10566,5021
10587,5042
10600,5042
10646,5073
10660,5102
10679,5115
10717,5137
10719,5159
10733,5187
10748,5190
10789,5245
10832,5249
10826,5296
10849,5303
10871,5322
10912,5356
10929,5361
10950,5405
10986,5405
11028,5456
11052,5478
11071,5475
11113,5512
11133,5530
11182,5537
11199,5563
11221,5553
11237,5582
11288,5581
11307,5614
11330,5615
11352,5610
11389,5649
11418,5644
11429,5659
11464,5688
11502,5707
11533,5701
11561,5719
11595,5732
11614,5740
11635,5757
11673,5781
11684,5793
11716,5821
11768,5834
11799,5880
11808,5896
11792,5908
11823,5928
11840,5958
11869,5991
11883,5993
11911,6020
11929,6036
11959,6051
11976,6046
12003,6085
12056,6112
12049,6099
12066,6144
12112,6146
12134,6157
12146,6162
12180,6170
12178,6180
12216,6190
12229,6193
12252,6220
12254,6196
12261,6223
12282,6228
12305,6219
12307,6234
12345,6241
12383,6247
12402,6257
12413,6281
12434,6269
12466,6280
12469,6286
12482,6292
12507,6313
12528,6332
12544,6352
12578,6370
12598,6380
12608,6388
12627,6407
12631,6421
12677,6446
12670,6475
12694,6482
12735,6503
12748,6523
12757,6535
12796,6563
12826,6589
12840,6609
12868,6613
12891,6644
12914,6648
12949,6637
12946,6668
12979,6689
13017,6692
13030,6701
13054,6706
13079,6746
13114,6747
13129,6756
13172,6776
13197,6768
13219,6794
13262,6816
13277,6814
13284,6848
13331,6857
13340,6890
13380,6910
13425,6911
13446,6932
13465,6963
13493,6987
13509,7030
13533,7037
13580,7046
13615,7087
13616,7132
13658,7170
13716,7192
13714,7218
13750,7235
13800,7275
13806,7296
13824,7313
13868,7327
13880,7365
13921,7365
13938,7394
13965,7403
13995,7430
14016,7450
14029,7470
14068,7470
14097,7497
14105,7504
14126,7529
14161,7552
14161,7535
14194,7559
14238,7594
14249,7588
14266,7606
14267,7639
14323,7660
14328,7668
14341,7673
14362,7697
14383,7709
14385,7723
14438,7752
14437,7779
14454,7820
14467,7809
14487,7857
14492,7863
14530,7899
14546,7905
14558,7926
14579,7952
14593,7978
14638,7998
14649,8005
14662,8036
14668,8045
14705,8076
14726,8101
14765,8121
14752,8134
14784,8141
14801,8184
14820,8172
14846,8175
14857,8192
14890,8210
14897,8234
14925,8273
14938,8263
14981,8297
14987,8323
14988,8351
15051,8379
15063,8388
15072,8406
15101,8442
15123,8476
15145,8501
15181,8529
15198,8564
15238,8576
15269,8629
15282,8681
15313,8725
15335,8747
15370,8812
15393,8842
15410,8884
15432,8936
15476,8967
15502,9003
15537,9050
15567,9100
15596,9132
15609,9181
15655,9217
15690,9238
15710,9308
15720,9336
15745,9368
15775,9423
15814,9436
15826,9514
15877,9555
15896,9552
15918,9608
15929,9620
15972,9628
16003,9676
16038,9682
16040,9741
16086,9793
16109,9813
16144,9857
16177,9881
16193,9943
16203,9960
16228,9961
16252,10022
16260,10062
16285,10089
16308,10125
16331,10156
16330,10214
16362,10224
4,10262
31,10285
51,10351
74,10372
84,10425
126,10462
140,10519
164,10568
175,10580
194,10620
218,10656
236,10694
258,10709
287,10743
308,10755
312,10787
325,10822
358,10812
369,10868
371,10887
416,10901
441,10922
453,10950
480,10976
501,10999
520,11005
548,11014
565,11035
578,11058
620,11048
623,11102
644,11119
660,11131
676,11160
708,11219
708,11242
751,11273
767,11313
792,11358
813,11363
846,11402
852,11461
887,11495
902,11521
948,11544
971,11580
987,11619
999,11666
1029,11717
1065,11750
1098,11829
1123,11863
1154,11886
1172,11933
1190,11977
1213,12003
1260,12025
1285,12061
1310,12113
1350,12122
1372,12199
1427,12221
1464,12249
1480,12254
1520,12298
1527,12309
1548,12318
1573,12342
1620,12363
1648,12403
1661,12412
1700,12478
1728,12503
1733,12517
1788,12523
1812,12537
1811,12568
1849,12567
1880,12592
1919,12627
1955,12642
1966,12662
2003,12684
2024,12691
2036,12709
2055,12724
2101,12780
2098,12795
2132,12821
2129,12823
2158,12851
2175,12909
2209,12896
2241,12931
2256,12967
2264,12990
2295,12994
2292,13016
2338,13036
2359,13052
2379,13073
2404,13110
2405,13120
2441,13141
2446,13210
2478,13187
2515,13217
2514,13232
2524,13261
2543,13247
2562,13256
2584,13289
2581,13298
2621,13297
2646,13307
2665,13325
2701,13319
2704,13364
2726,13341
2752,13363
2782,13356
2806,13380
2827,13385
2855,13386
2860,13389
2879,13397
2879,13412
2912,13420
2922,13432
2953,13451
2981,13461
2999,13493
3017,13458
3050,13502
3079,13507
3097,13531
3134,13554
3133,13556
3171,13591
3202,13603
3226,13622
3236,13658
3265,13682
3308,13699
3321,13725
3336,13754
3378,13755
3383,13810
3417,13816
3442,13820
3470,13876
3513,13885
3529,13915
3568,13933
3583,13965
3637,13969
3667,14004
3682,14021
3717,14031
3734,14050
3754,14078
3779,14089
3826,14106
3836,14131
3877,14172
3910,14146
3916,14173
3957,14180
3972,14197
3990,14212
4041,14230
4068,14224
4080,14235
4097,14240
4129,14250
4140,14254
4181,14284
4202,14303
4242,14300
4259,14323
4288,14325
4268,14334
4297,14320
4317,14347
4338,14364
4375,14369
4390,14407
4432,14412
4432,14426
4458,14438
4464,14449
4489,14479
4512,14495
4542,14505
4548,14532
4566,14530
4558,14588
4597,14581
4620,14591
4643,14609
4658,14613
4689,14630
4688,14656
4706,14670
4734,14686
4764,14695
4788,14714
4809,14721
4811,14745
4846,14738
4855,14777
4888,14768
4909,14796
4936,14779
4969,14815
4972,14811
5009,14833
5035,14815
5046,14848
5048,14842
5089,14857
5108,14874
5122,14872
5151,14889
5176,14888
5213,14909
5217,14929
5250,14913
5258,14941
5285,14953
5330,14972
5337,14995
5348,15009
5387,15039
5418,15042
5446,15068
5475,15085
5504,15096
5526,15128
5550,15158
5571,15200
5606,15216
5613,15252
5666,15273
5704,15282
5717,15319
5740,15363
5764,15384
5798,15400
5823,15432
5848,15450
5876,15469
5881,15481
5922,15504
5966,15535
6001,15562
6006,15579
6066,15625
6079,15645
6091,15641
6118,15676
6149,15703
6177,15710
6190,15723
6240,15785
6257,15787
6293,15786
6298,15813
6333,15833
6355,15848
6382,15840
6412,15885
6445,15890
6460,15914
6497,15923
6493,15927
6526,15958
6550,15972
6561,16010
6574,16021
6591,16058
6605,16068
6621,16083
6657,16127
6689,16138
6699,16163
6700,16164
6732,16197
6751,16230
6766,16254
6786,16250
6803,16262
6809,16320
6832,16345
6883,16364
6882,8
6906,8
6918,32
6929,41
6942,56
6976,101
6995,133
7002,121
7038,135
7049,147
7070,200
7099,193
7123,216
7145,250
7165,258
7173,289
7196,296
7230,316
7242,322
7270,348
7290,376
7308,384
7351,420
7353,439
7377,460
7406,489
7420,518
7443,564
7464,584
7500,634
7509,647
7558,715
7574,725
7615,753
7624,788
7658,845
7685,896
7705,925
7737,984
7777,1037
7790,1030
7814,1144
7843,1155
7864,1215
7905,1262
7941,1293
7954,1390
8001,1385
8024,1434
8056,1470
8065,1527
8113,1565
8134,1578
8156,1636
8182,1684
8222,1715
8235,1730
8261,1770
8272,1830
8331,1830
8325,1872
8380,1890
8374,1928
8412,1967
8428,1979
8457,1977
8483,2052
8516,2058
8511,2121
8540,2163
8582,2210
8587,2219
8608,2276
8649,2279
8653,2336
8688,2360
8709,2375
8719,2447
8730,2445
8760,2503
8775,2555
8795,2615
8813,2639
8849,2692
8850,2706
8879,2736
8907,2780
8938,2820
8954,2842
8978,2884
8996,2877
9020,2921
9022,2946
9037,2940
9079,3001
9094,3022
9108,3035
9145,3074
9140,3090
9172,3112
9187,3098
9210,3136
9232,3160
9249,3183
9275,3163
9319,3217
9321,3233
9332,3235
9379,3250
9382,3285
9415,3289
9446,3340
9476,3334
9471,3410
9501,3431
9500,3480
9533,3498
9565,3517
9584,3547
9601,3585
9633,3630
9644,3688
9665,3702
9717,3754
9742,3802
9757,3833
9790,3898
9830,3912
9863,3969
9872,4009
9927,4026
9943,4079
9969,4095
9991,4117
10036,4146
10053,4201
10055,4213
10100,4228
10129,4257
10165,4289
10210,4295
10224,4344
10252,4338
10294,4370
10322,4391
10334,4424
10372,4444
10396,4447
10434,4470
10473,4465
10479,4499
10517,4535
10548,4538
10576,4567
10587,4587
10606,4612
10635,4645
10644,4679
10688,4691
10674,4714
10724,4746
10746,4777
10807,4798
10800,4867
10838,4861
10841,4894
10874,4897
10869,4929
10919,4951
10941,4990
10943,4993
10970,5030
10983,5041
10991,5042
11022,5106
11048,5103
11082,5104
11078,5115
11123,5127
11114,5133
11165,5141
11178,5160
11194,5152
11223,5153
11222,5160
11260,5164
11264,5170
11296,5168
11311,5193
11318,5189
11348,5194
11344,5212
11376,5217
11398,5228
11398,5220
11437,5255
11453,5271
11472,5278
11486,5277
11514,5300
11528,5338
11572,5350
11568,5371
11598,5394
11602,5432
11646,5451
11649,5475
11666,5486
11711,5517
11740,5534
11750,5548
11763,5571
11800,5597
11829,5603
11849,5628
11878,5678
11909,5661
11934,5688
11950,5684
11983,5720
12018,5723
12055,5723
12068,5766
12109,5770
12129,5763
12150,5781
12181,5781
12206,5786
12225,5803
12247,5817
12280,5843
12299,5839
12329,5873
12365,5881
12395,5891
12415,5911
12437,5925
12457,5961
12516,5977
12517,5990
12538,6007
12581,6025
12602,6047
12638,6089
12639,6121
12684,6131
12680,6167
12726,6182
12737,6213
12757,6215
12805,6252
12821,6267
12853,6283
12862,6294
12903,6313
12934,6340
12948,6346
12972,6346
12988,6345
13013,6382
13036,6383
13060,6382
13074,6379
13092,6386
13117,6397
13120,6410
13156,6408
13183,6414
13196,6429
13189,6443
13220,6454
13262,6468
13282,6476
13294,6490
13320,6491
13327,6501
13358,6514
13370,6509
13385,6533
13396,6540
13429,6554
13428,6600
13464,6582
13501,6626
13496,6636
13519,6660
13549,6687
13558,6683
13599,6709
13605,6733
13602,6750
13667,6768
13665,6786
13686,6787
13725,6812
13732,6850
13754,6846
13767,6871
13788,6882
13813,6893
13845,6915
13872,6915
13894,6937
13919,6953
13958,6961
13961,6949
13999,6983
14026,6999
14059,7018
14075,7025
14082,7039
14109,7056
14138,7064
14173,7093
14181,7129
14234,7141
14275,7155
14286,7179
14318,7200
14335,7219
14354,7248
14399,7281
14417,7303
14430,7324
14475,7360
14515,7399
14546,7436
14569,7451
14593,7484
14636,7514
14653,7540
14691,7580
14716,7616
14747,7623
14760,7668
14778,7672
14824,7686
14836,7730
14889,7749
14894,7764
14914,7784
14953,7800
14972,7826
15000,7851
15029,7868
15050,7883
15070,7915
15102,7912
15106,7951
15122,7956
15164,7966
15166,8002
15195,8005
15228,8024
15232,8038
15245,8071
15282,8091
15294,8110
15327,8128
15338,8166
15350,8181
15383,8197
15402,8217
15439,8226
15439,8264
15450,8306
15469,8319
15496,8347
15497,8386
15527,8399
15550,8400
15571,8458
15578,8473
15604,8486
15639,8537
15640,8546
15676,8568
15691,8560
15695,8593
15730,8622
15730,8630
15762,8654
15775,8667
15781,8696
15794,8710
15839,8719
15863,8745
15874,8775
15905,8775
15912,8788
15946,8827
15965,8842
15996,8876
16016,8906
16038,8941
16068,8956
16088,8988
16111,9006
16148,9056
16136,9094
16185,9134
16224,9197
16246,9219
16273,9263
16284,9324
16299,9366
16343,9408
0,9449
5,9520
40,9570
68,9617
97,9645
146,9685
163,9737
187,9785
190,9830
245,9861
278,9909
285,9942
333,9997
342,10044
376,10072
392,10102
436,10136
452,10160
501,10226
506,10278
539,10296
569,10289
596,10362
633,10363
672,10404
692,10436
701,10472
712,10502
752,10556
761,10583
787,10611
811,10662
827,10690
844,10734
869,10769
909,10793
926,10837
942,10893
953,10889
994,10943
1003,10981
1031,11035
1072,11064
1083,11097
1110,11128
1107,11184
1135,11231
1179,11249
1168,11289
1187,11323
1217,11318
1226,11352
1257,11362
1271,11393
1302,11424
1313,11438
1321,11458
1344,11506
1391,11506
1408,11538
1424,11541
1459,11553
1476,11559
1488,11601
1510,11594
1525,11634
1556,11646
1568,11659
1592,11659
1621,11692
1627,11725
1652,11712
1664,11772
1711,11773
1715,11812
1744,11836
1767,11878
1784,11923
1810,11922
1837,11949
1862,11997
1870,11996
1906,12063
1918,12092
1953,12123
1965,12173
1982,12206
2008,12244
2041,12270
2071,12305
2088,12348
2109,12341
2145,12428
2179,12454
2218,12469
2239,12531
2271,12563
2310,12566
2339,12609
2380,12616
2401,12653
2421,12671
2449,12688
2471,12717
2517,12757
2550,12763
2557,12782
2585,12799
2610,12822
2632,12845
2679,12850
2680,12896
2729,12914
2768,12914
2790,12940
2814,12962
2846,12963
2862,12983
2884,12995
2922,13014
2940,13047
2986,13054
2989,13068
3016,13091
3036,13141
3063,13149
3079,13161
3101,13174
3121,13203
3141,13227
3155,13248
3175,13288
3205,13302
3212,13308
3248,13324
3271,13361
3297,13363
3302,13391
3321,13423
3345,13420
3369,13465
3385,13468
3395,13494
3418,13514
3437,13529
3471,13531
3486,13531
3484,13570
3517,13573
3526,13587
3553,13599
3569,13617
3608,13613
3607,13631
3655,13646
3642,13642
3660,13658
3691,13665
3701,13649
3722,13670
3767,13672
3775,13683
3790,13700
3805,13686
3816,13713
3850,13700
3883,13720
3882,13720
3894,13737
3925,13745
3957,13754
3988,13781
4003,13809
4016,13815
4039,13836
4073,13844
4099,13857
4115,13874
4137,13888
4167,13921
4180,13954
4213,13975
4233,13997
4242,13996
4272,14054
4301,14061
4334,14083
4362,14118
4401,14127
4445,14155
4462,14174
4467,14193
4510,14221
4521,14228
4551,14240
4583,14281
4622,14286
4635,14323
4675,14333
4695,14347
4703,14363
4747,14379
4746,14386
4809,14387
4843,14407
4846,14431
4858,14425
4913,14440
4952,14454
4972,14463
4975,14464
5000,14475
5040,14492
5079,14521
5092,14516
5107,14535
5130,14554
5158,14552
5184,14571
5213,14579
5206,14580
5252,14606
5273,14631
5298,14635
5326,14638
5337,14677
5366,14693
5377,14724
5399,14729
5421,14741
5428,14763
5444,14773
5489,14778
5493,14806
5504,14838
5519,14854
5532,14866
5567,14873
5589,14894
5598,14885
5615,14920
5646,14938
5673,14945
5692,14956
5713,14975
5722,14999
5732,14997
5782,15018
5796,15032
5801,15044
5822,15052
5849,15057
5880,15071
5874,15088
5901,15069
5912,15092
5944,15101
5977,15121
5991,15112
6014,15131
6045,15149
6067,15152
6090,15176
6094,15175
6111,15215
6137,15204
6172,15226
6205,15265
6224,15262
6258,15273
6285,15328
6331,15342
6328,15347
6337,15377
6392,15385
6401,15421
6435,15457
6453,15465
6481,15500
6514,15510
6524,15543
6564,15581
6577,15625
6599,15632
6646,15668
6678,15700
6689,15718
6732,15748
6770,15762
6785,15794
6837,15834
6862,15830
6897,15879
6904,15886
6924,15912
6953,15956
6980,15956
7015,16002
7033,16034
7072,16042
7082,16055
7123,16083
7114,16088
7156,16126
7195,16140
7240,16155
7246,16169
7289,16208
7284,16218
7306,16246
7337,16259
7382,16299
7378,16306
7399,16323
7441,16369
7458,14
7484,40
7493,61
7506,96
7513,106
7545,143
7582,184
7594,184
7631,207
7630,242
7666,274
7685,300
7691,329
7704,338
7737,352
7775,373
7786,410
7777,437
7800,463
7837,470
7851,517
7878,522
7902,534
7893,564
7928,554
7924,596
7963,591
7964,632
8006,646
8017,659
8024,674
8055,712
8077,723
8100,744
8107,765
8129,771
8167,794
8171,839
8185,848
8202,876
8238,912
8239,947
8280,980
8305,1002
8306,1050
8328,1045
8367,1106
8405,1153
8418,1203
8437,1233
8453,1310
8508,1351
8527,1381
8559,1428
8582,1468
8613,1514
8620,1548
8646,1620
8688,1645
8710,1712
8728,1754
8756,1771
8792,1829
8788,1870
8840,1908
8866,1924
8910,1980
8947,2021
8962,2054
9025,2063
9024,2128
9042,2180
9076,2149
9095,2227
9116,2268
9159,2299
9201,2315
9224,2344
9222,2402
9265,2423
9282,2448
9296,2493
9341,2545
9352,2573
9379,2622
9417,2671
9431,2700
9457,2739
9494,2761
9500,2800
9529,2848
9548,2908
9572,2928
9619,2987
9630,3020
9642,3080
9675,3103
9702,3135
9711,3179
9730,3208
9734,3228
9771,3272
9802,3310
9815,3336
9858,3365
9854,3358
9881,3365
9899,3407
9938,3399
9939,3433
9977,3453
9985,3459
9991,3477
10024,3497
10031,3516
10053,3542
10048,3538
10095,3579
10097,3565
10127,3584
10153,3610
10164,3616
10184,3608
10207,3649
10240,3695
10240,3723
10269,3737
10284,3772
10320,3823
10337,3820
10386,3872
10383,3896
10383,3929
10422,3963
10437,3985
10481,4035
10482,4062
10521,4087
10555,4108
10542,4138
10585,4185
10614,4198
10638,4215
10677,4277
10695,4305
10731,4333
10743,4370
10784,4371
10811,4421
10842,4421
10868,4431
10889,4441
10924,4492
10931,4504
10977,4545
10999,4524
11025,4551
11050,4588
11071,4587
11112,4617
11135,4628
11165,4658
11196,4666
11235,4690
11252,4718
11268,4710
11281,4757
11327,4759
11355,4796
11397,4831
11404,4853
11429,4889
11453,4915
11500,4974
11503,4971
11540,5005
11559,5023
11578,5073
11630,5104
11643,5130
11674,5140
11695,5171
11735,5215
11738,5199
11767,5227
11785,5241
11818,5292
11828,5291
11856,5298
11860,5331
11891,5327
11892,5331
11913,5343
11966,5365
11988,5352
11989,5361
12002,5361
12021,5386
12045,5393
12078,5376
12095,5417
12119,5402
12112,5412
12153,5406
12182,5418
12177,5420
12195,5440
12211,5445
12222,5430
12237,5465
12260,5470
12280,5487
12302,5508
12317,5530
12327,5549
12350,5557
12359,5599
12382,5602
12427,5623
12433,5653
12454,5677
12475,5660
12514,5702
12530,5720
12551,5732
12560,5739
12597,5773
12600,5775
12632,5786
12644,5813
12678,5834
12699,5853
12717,5859
12750,5884
12773,5873
12788,5892
12824,5896
12849,5883
12874,5897
12878,5912
12934,5918
12933,5936
12965,5961
12989,5958
13005,5970
13037,5979
13068,6010
13091,6017
13118,6032
13146,6032
13186,6069
13216,6095
13253,6100
13271,6126
13304,6170
13319,6183
13347,6205
13369,6231
13399,6252
13432,6285
13449,6326
13478,6336
13529,6362
13521,6383
13573,6392
13607,6415
13609,6425
13630,6460
13685,6480
13688,6496
13728,6511
13752,6520
13765,6511
13811,6554
13813,6545
13850,6556
13848,6574
13883,6586
13904,6590
13925,6607
13964,6598
13983,6614
14000,6617
14010,6637
14046,6635
14065,6649
14070,6667
14104,6676
14119,6711
14140,6694
14157,6706
14165,6731
14190,6738
14181,6747
14243,6773
14244,6797
14271,6799
14278,6823
14322,6835
14349,6826
14355,6892
14364,6890
14383,6904
14408,6940
14458,6945
14455,6973
14460,6984
14494,7002
14499,6999
14536,7047
14547,7044
14581,7062
14597,7074
14619,7105
14641,7109
14666,7128
14702,7120
14711,7149
14727,7153
14744,7184
14789,7195
14792,7202
14824,7216
14837,7225
14894,7231
14892,7265
14915,7280
14931,7302
14972,7298
14987,7310
15000,7322
15025,7345
15063,7365
15086,7414
15109,7400
15157,7448
15188,7472
15209,7498
15241,7519
15260,7548
15294,7582
15311,7600
15322,7640
15376,7669
15386,7685
15429,7736
15465,7775
15494,7806
15526,7841
15545,7883
15574,7901
15600,7950
15639,7967
15656,7994
15690,7998
15730,8043
15750,8082
15770,8099
15805,8102
15834,8151
15852,8178
15869,8203
15916,8200
15943,8228
15941,8237
15962,8279
15993,8311
16028,8300
16046,8361
16065,8367
16095,8388
16094,8415
16133,8449
16144,8484
16174,8504
16211,8499
16234,8531
16228,8560
16249,8574
16275,8613
16294,8648
16312,8690
16324,8714
16339,8739
16363,8768
0,8800
8,8827
49,8849
62,8878
61,8903
95,8925
122,8937
137,8971
149,9023
164,9037
195,9055
208,9056
220,9116
262,9110
279,9144
301,9176
318,9181
312,9183
334,9224
359,9237
380,9282
417,9287
427,9295
425,9349
470,9333
500,9380
532,9398
545,9402
556,9446
586,9498
601,9527
624,9534
644,9598
691,9614
690,9669
717,9698
737,9736
769,9787
802,9821
831,9868
846,9948
875,9994
899,10026
930,10048
970,10139
1013,10196
1028,10232
1067,10311
1087,10325
1139,10360
1133,10407
1167,10471
1190,10485
1221,10565
1236,10610
1280,10650
1304,10675
1311,10698
1365,10759
1391,10803
1410,10815
1456,10857
1492,10878
1499,10923
1561,10968
1575,10987
1599,10998
1608,11016
1646,11055
1682,11100
1694,11108
1704,11154
1730,11191
1758,11236
1775,11259
1805,11305
1832,11345
1853,11357
1864,11393
1906,11428
1925,11480
1956,11509
1973,11521
2006,11551
2005,11572
2033,11631
2047,11640
2053,11659
2073,11736
2109,11774
2127,11807
2140,11831
2146,11864
2173,11881
2182,11930
2212,11916
2227,11937
2266,11986
2285,12020
2317,12014
2344,12032
2371,12053
2385,12061
2407,12116
2418,12134
2447,12143
2453,12161
2478,12179
2501,12181
2522,12169
2524,12220
2567,12197
2603,12249
2618,12249
2635,12281
2634,12287
2678,12307
2687,12300
2725,12323
2753,12337
2781,12359
2794,12371
2815,12421
2830,12434
2861,12474
2882,12513
2887,12536
2933,12528
2950,12572
2969,12608
2993,12646
3012,12664
3045,12686
3073,12731
3093,12776
3112,12784
3149,12823
3192,12855
3206,12900
3249,12922
3261,12948
3310,12972
3329,13013
3363,13053
3378,13049
3405,13121
3442,13124
3460,13148
3495,13165
3519,13188
3551,13209
3585,13203
3600,13241
3634,13259
3679,13265
3686,13285
3733,13291
3781,13306
3796,13331
3824,13340
3837,13354
3859,13365
3882,13410
3897,13424
3913,13406
3966,13430
3985,13434
4016,13455
4016,13460
4049,13489
4049,13498
4106,13519
4119,13541
4124,13554
4160,13576
4165,13609
4188,13621
4191,13645
4217,13660
4256,13660
4264,13690
4289,13716
4293,13732
4334,13737
4344,13765
4358,13767
4398,13796
4387,13825
4416,13829
4442,13848
4459,13863
4471,13877
4494,13870
4503,13899
4533,13914
4546,13915
4579,13930
4591,13925
4603,13929
4622,13961
4649,13961
4662,13956
4693,13973
4718,13975
4727,13968
4749,13963
4776,13979
4782,14009
4833,14013
4836,14011
4854,14037
4863,14047
4901,14053
4914,14060
4941,14065
4960,14090
4995,14080
5008,14115
5048,14113
5063,14141
5076,14153
5100,14195
5137,14204
5152,14242
5188,14251
5215,14257
5227,14307
5266,14314
5269,14353
5293,14369
5358,14399
5377,14425
5413,14438
5438,14455
5466,14466
5485,14489
5532,14510
5538,14536
5567,14559
5611,14566
5621,14604
5663,14613
5677,14637
5716,14635
5751,14657
5758,14673
5790,14667
5815,14716
5846,14735
5870,14705
5923,14746
5922,14738
5957,14760
5995,14757
5994,14768
6034,14781
6062,14791
6088,14810
6076,14841
6122,14854
6144,14840
6176,14886
6201,14885
6234,14905
6255,14908
6265,14925
6288,14942
6316,14962
6325,14978
6342,15005
6363,15011
6397,15042
6410,15040
6429,15074
6437,15076
6466,15108
6500,15108
6527,15144
6532,15166
6539,15172
6572,15191
6580,15208
6607,15221
6616,15233
6652,15260
6667,15245
6676,15296
6706,15306
6737,15319
6754,15306
6770,15314
6779,15345
6804,15332
6818,15355
6846,15383
6867,15373
6876,15384
6912,15404
6922,15412
6956,15424
6989,15421
6999,15461
7024,15478
7052,15504
7061,15503
7082,15532
7110,15543
7147,15557
7156,15586
7201,15588
7203,15618
7228,15646
7266,15666
7291,15668
7335,15731
7338,15734
7357,15785
7384,15795
7407,15845
7426,15865
7458,15885
7512,15927
7518,15960
7534,15972
7583,16003
7584,16050
7640,16069
7665,16089
7698,16115
7711,16141
7750,16150
7752,16193
7817,16197
7842,16230
7858,16267
7865,16301
7916,16317
7946,16337
7965,1
7981,6
8014,14
8021,54
8048,81
8106,93
8109,100
8152,166
8180,208
8199,221
8217,261
8246,308
8284,290
8320,361
8338,384
8347,443
8376,455
8392,507
8413,517
8422,557
8445,590
8487,612
8486,658
8517,703
8528,706
8556,742
8579,754
8576,802
8629,827
8635,835
8666,856
8678,889
8699,893
8712,923
8753,961
8770,957
8760,988
8786,996
8794,1003
8822,1022
8851,1018
8872,1058
8881,1064
8881,1091
8902,1116
8927,1137
8954,1156
8952,1174
8995,1193
9016,1253
9034,1252
9054,1291
9066,1311
9092,1338
9097,1387
9130,1426
9168,1467
9163,1515
9188,1530
9196,1585
9230,1611
9258,1662
9260,1703
9299,1779
9328,1785
9373,1835
9395,1881
9423,1922
9453,1973
9483,1998
9510,2028
9509,2085
9558,2094
9576,2126
9603,2170
9619,2240
9647,2273
9675,2334
9712,2340
9730,2360
9759,2401
9781,2413
9819,2473
9838,2494
9888,2509
9912,2575
9944,2594
9974,2628
9993,2682
10003,2696
10050,2754
10057,2807
10084,2834
10119,2872
10133,2905
10148,2936
10193,2953
10214,3014
10240,3088
10273,3141
10322,3156
10324,3245
10365,3251
10382,3318
10422,3335
10434,3402
10474,3432
10473,3472
10519,3509
10536,3580
10543,3581
10590,3603
10610,3619
10629,3646
10648,3669
10659,3691
10694,3705
10694,3732
10719,3723
10754,3764
10775,3763
10805,3798
10828,3824
10838,3784
10845,3835
10880,3850
10888,3857
10923,3847
10936,3901
10935,3892
10957,3904
10982,3937
10978,3923
11016,3948
11039,3970
11057,4013
11076,4033
11096,4057
11121,4069
11130,4112
11153,4145
11168,4144
11198,4174
11220,4213
11250,4222
11256,4257
11291,4295
11310,4321
11322,4355
11336,4391
11354,4422
11385,4436
11411,4475
11422,4494
11455,4527
11482,4533
11511,4563
11528,4575
11548,4604
11583,4594
11601,4617
11632,4632
11645,4650
11696,4656
11694,4681
11735,4689
11764,4740
11793,4745
11800,4745
11846,4744
11850,4772
11882,4776
11919,4799
11947,4816
11954,4865
12000,4865
12038,4899
12058,4918
12069,4962
12100,4968
12117,4995
12156,5030
12183,5058
12205,5107
12254,5141
12270,5147
12296,5168
12314,5232
12346,5235
12361,5253
12402,5274
12435,5303
12440,5354
12460,5357
12506,5379
12508,5415
12550,5423
12581,5444
12596,5479
12633,5470
12656,5487
12682,5504
12725,5511
12732,5518
12742,5514
12764,5535
12780,5539
12813,5558
12834,5574
12850,5569
12875,5573
12890,5575
12914,5581
12937,5571
12940,5604
12971,5607
12969,5614
12995,5636
13021,5637
13043,5650
13061,5668
13071,5663
13107,5695
13117,5720
13124,5723
13142,5753
13159,5759
13186,5798
13194,5788
13213,5814
13239,5846
13246,5852
13265,5875
13278,5879
13305,5899
13333,5905
13364,5942
13399,5947
13408,5961
13412,5978
13445,5977
13466,5999
13470,6003
13505,6015
13516,6025
13529,6025
13561,6042
13574,6046
13631,6053
13648,6064
13655,6055
13677,6068
13701,6077
13725,6087
13736,6104
13750,6120
13815,6128
13827,6134
13859,6159
13893,6185
13896,6179
13917,6219
13963,6216
13970,6240
13998,6242
14049,6283
14072,6320
14091,6330
14124,6360
14156,6381
14181,6403
14206,6429
14225,6453
14263,6471
14304,6497
14309,6527
14335,6549
14386,6580
14407,6597
14433,6603
14464,6626
14493,6660
14530,6668
14536,6681
14557,6691
14592,6716
14617,6709
14651,6748
14662,6749
14695,6763
14713,6790
14742,6798
14763,6809
14790,6801
14826,6808
14849,6852
14862,6832
14886,6858
14907,6875
14958,6864
14940,6906
14987,6901
15003,6941
15021,6938
15030,6967
15054,6984
15082,6986
15073,6995
15121,7027
15134,7036
15167,7036
15180,7067
15190,7112
15217,7128
15245,7139
15252,7156
15277,7178
15305,7175
15330,7215
15337,7221
15365,7251
15372,7262
15389,7263
15409,7297
15436,7306
15451,7321
15453,7318
15488,7340
15497,7363
15528,7361
15553,7396
15560,7401
15600,7422
15632,7414
15645,7471
15674,7462
15692,7479
15702,7479
15738,7490
15756,7514
15783,7556
15794,7560
15826,7576
15849,7585
15860,7596
15890,7611
15931,7641
15931,7663
15948,7702
15992,7708
16029,7753
16010,7766
16061,7796
16100,7846
16118,7866
16165,7899
16197,7907
16217,7966
16227,7977
16263,8030
16295,8073
16320,8102
16346,8132
16357,8155
16,8199
27,8225
61,8243
94,8277
111,8313
149,8355
180,8383
201,8423
257,8436
264,8449
297,8485
313,8512
336,8530
377,8582
412,8565
427,8609
452,8664
486,8676
489,8698
521,8741
542,8759
569,8811
591,8835
616,8856
641,8869
664,8935
686,8953
731,8970
743,9054
760,9048
773,9096
808,9133
844,9173
839,9225
871,9220
875,9270
890,9295
921,9315
942,9336
954,9380
983,9401
976,9446
1024,9459
1029,9469
1044,9528
1071,9509
1091,9534
1142,9604
1145,9591
1152,9609
1180,9627
1187,9653
1221,9661
1240,9689
1245,9716
1250,9696
1276,9781
1285,9796
1320,9769
1338,9787
1362,9842
1364,9851
1400,9888
1408,9897
1454,9943
1470,9976
1494,9993
1499,10027
1523,10055
1543,10130
1566,10140
1583,10192
1599,10229
1632,10282
1655,10325
1683,10338
1694,10382
1725,10471
1756,10497
1792,10552
1807,10630
1839,10672
1873,10695
1913,10751
1941,10811
1965,10822
1973,10843
2019,10889
2047,10920
2061,10981
2095,11026
2158,11065
2167,11098
2173,11128
2215,11184
2236,11177
2268,11232
2278,11258
2313,11291
2354,11326
2396,11345
2409,11361
2444,11418
2479,11413
2481,11467
2520,11487
2551,11493
2577,11561
2602,11588
2619,11659
2630,11678
2669,11707
2701,11743
2721,11775
2742,11821
2755,11857
2797,11893
2811,11907
2807,11962
2865,11997
2881,12009
2889,12051
2921,12089
2950,12101
2960,12141
3013,12185
3014,12218
3035,12247
3039,12259
3078,12305
3082,12328
3097,12332
3136,12354
3155,12366
3182,12400
3208,12390
3206,12406
3252,12444
3267,12421
3293,12437
3310,12452
3320,12487
3353,12476
3357,12510
3396,12510
3403,12515
3407,12511
3432,12546
3435,12550
3479,12565
3498,12559
3515,12593
3525,12598
3556,12616
3581,12619
3597,12659
3610,12680
3644,12693
3648,12716
3699,12764
3709,12794
3728,12812
3745,12832
3767,12852
3780,12892
3811,12908
3837,12918
3858,12982
3877,12983
3895,13023
3935,13028
3940,13086
3988,13102
4013,13120
4036,13155
4071,13169
4078,13212
4107,13224
4136,13249
4154,13259
4177,13298
4203,13313
4232,13329
4254,13341
4297,13349
4322,13383
4344,13394
4385,13409
4401,13407
4437,13442
4456,13456
4486,13435
4501,13470
4535,13493
4568,13521
4613,13494
4640,13518
4639,13548
4689,13563
4700,13592
4736,13607
4759,13613
4808,13633
4806,13668
4834,13686
4854,13702
4856,13719
4916,13750
4918,13775
4955,13797
4981,13795
5003,13835
5035,13855
5057,13871
5076,13883
5086,13923
5107,13923
5140,13952
5158,13976
5181,13981
5191,13998
5219,14003
5235,14046
5232,14048
5257,14047
5288,14068
5301,14061
5301,14076
5334,14083
5361,14091
5365,14095
5409,14109
5401,14120
5427,14105
5448,14122
5465,14129
5489,14114
5507,14125
5515,14149
5548,14150
5550,14155
5581,14152
5592,14166
5625,14178
5637,14172
5624,14191
5669,14185
5717,14209
5714,14235
5717,14257
5750,14274
5770,14295
5783,14289
5813,14319
5830,14344
5864,14545
5900,14470
5878,14544
5933,14515
5966,14539
6008,14512
6001,14514
6030,14540
6044,14586
6080,14506
6114,14586
6139,14520
6149,14558
6172,14450
6204,14484
6226,14519
6252,14540
6277,14623
6311,14571
6334,14565
6373,14561
6396,14608
6438,14578
6435,14643
6469,14623
6508,14728
6538,14705
6548,14718
6584,14713
6609,14727
6650,14828
6690,14787
6699,14885
6730,14888
6768,14901
6781,14945
6800,14942
6835,14956
6887,14989
6903,15015
6928,15018
6965,15049
6990,15096
7007,15101
7005,15141
7040,15151
7063,15187
7093,15192
7124,15236
7145,15246
7180,15265
7189,15308
7219,15327
7224,15312
7249,15323
7289,15343
7288,15346
7321,15377
7338,15390
7376,15398
7375,15401
7399,15435
7418,15431
7454,15442
7458,15447
7454,15466
7473,15474
7496,15490
7517,15508
7565,15493
7568,15494
7567,15521
7603,15541
7639,15553
7646,15548
7667,15567
7683,15587
7690,15622
7708,15619
7755,15652
7773,15657
7779,15675
7820,15691
7839,15721
7852,15730
7862,15771
7913,15792
7911,15804
7946,15850
7963,15867
7993,15894
7999,15930
8031,15931
8062,15991
8069,15991
8116,16026
8134,16034
8157,16043
8174,16085
8206,16090
8203,16134
8248,16152
8269,16141
8287,16204
8304,16196
8345,16215
8357,16237
8384,16275
8403,16291
8434,16304
8454,16342
8483,16344
8510,0
8532,30
8576,34
8604,54
8629,115
8643,129
8682,182
8711,208
8751,255
8763,289
8789,343
8860,374
8860,410
8871,487
8916,504
8911,537
8957,576
8974,602
8998,698
9051,727
9096,741
9125,805
9151,847
9176,854
9193,923
9229,915
9246,948
9257,1010
9276,1016
9296,1066
9341,1063
9360,1108
9378,1134
9394,1140
9404,1154
9432,1182
9457,1230
9468,1238
9507,1268
9525,1282
9544,1328
9565,1343
9585,1349
9590,1370
9619,1397
9641,1411
9644,1438
9672,1481
9689,1517
9717,1510
9727,1563
9733,1582
9754,1653
9757,1640
9794,1685
9806,1706
9827,1763
9854,1797
9874,1828
9887,1886
9902,1903
9944,1934
9959,1961
9971,1983
9994,2009
10019,2047
10031,2084
10054,2120
10072,2139
10101,2180
10122,2178
10133,2200
10141,2248
10173,2268
10189,2305
10233,2345
10240,2366
10277,2368
10292,2412
10333,2407
10361,2483
10378,2478
10381,2498
10415,2519
10444,2561
10463,2593
10488,2611
10500,2674
10533,2690
10560,2729
10594,2790
10604,2798
10624,2846
10653,2892
10695,2936
10708,2983
10737,3043
10773,3089
10800,3121
10837,3189
10865,3254
10898,3319
10927,3339
10954,3404
10966,3437
11003,3482
11042,3523
11055,3543
11083,3619
11112,3640
11123,3658
11175,3698
11199,3720
11217,3734
11246,3766
11274,3819
11323,3847
11338,3839
11377,3855
11372,3872
11422,3896
11433,3956
11478,3936
11486,3950
11505,3987
11532,3989
11547,4011
11535,4002
11576,4060
11613,4053
11614,4088
11641,4122
11675,4115
11711,4141
11721,4175
11722,4219
11762,4232
11775,4254
11790,4295
11815,4293
11822,4343
11820,4366
11844,4389
11877,4423
11916,4458
11914,4465
11944,4488
11958,4528
11976,4522
11980,4565
12007,4597
12031,4609
12070,4607
12093,4624
12086,4625
12132,4623
12140,4659
12182,4670
12173,4687
12220,4701
12233,4707
12245,4712
12268,4737
12286,4754
12287,4761
12332,4754
12325,4758
12381,4790
12391,4794
12392,4807
12418,4822
12454,4823
12475,4854
12489,4876
12536,4896
12568,4925
12600,4972
12600,4970
12613,5018
12633,5036
12684,5045
12702,5093
12713,5112
12746,5129
12773,5165
12785,5175
12788,5228
12864,5236
12864,5254
12900,5293
12911,5317
12964,5352
12981,5368
13010,5372
13035,5404
13055,5417
13113,5445
13121,5445
13169,5461
13168,5479
13210,5504
13235,5502
13258,5521
13301,5513
13299,5533
13330,5550
13373,5555
13408,5569
13430,5589
13449,5604
13466,5616
13512,5615
13547,5658
13548,5662
13587,5655
13576,5674
13629,5705
13654,5710
13680,5750
13703,5757
13719,5795
13744,5789
13768,5827
13771,5819
13804,5852
13808,5867
13849,5906
13846,5910
13888,5940
13901,5947
13930,5966
13938,5980
13953,5987
13986,6009
14004,6021
14017,6037
14039,6066
14054,6060
14069,6066
14096,6071
14103,6095
14108,6071
14144,6092
14149,6109
14194,6098
14202,6125
14217,6109
14234,6126
14254,6121
14251,6131
14284,6126
14310,6140
14335,6161
14347,6166
14354,6164
14399,6191
14406,6197
14426,6224
14461,6210
14460,6228
14476,6232
14527,6229
14521,6262
14553,6262
14599,6304
14600,6298
14623,6323
14637,6326
14678,6365
14692,6407
14725,6425
14756,6431
14771,6450
14793,6480
14830,6495
14854,6522
14881,6547
14910,6572
14931,6586
14964,6605
14999,6622
15015,6637
15046,6667
15078,6668
15097,6689
15112,6722
15159,6743
15153,6765
15197,6762
15238,6787
15273,6789
15292,6806
15338,6823
15345,6831
15364,6853
15419,6860
15447,6875
15445,6883
15482,6897
15514,6929
15541,6940
15566,6974
15583,6985
15609,7002
15646,7012
15685,7028
15656,7071
15732,7070
15767,7111
15766,7117
15796,7143
15831,7157
15852,7199
15878,7215
15896,7240
15917,7245
15930,7276
15948,7286
15991,7309
15996,7332
15996,7363
16039,7369
16059,7398
16078,7397
16085,7429
16096,7434
16141,7461
16153,7461
16172,7486
16183,7483
16209,7501
16242,7512
16252,7556
16269,7558
16268,7566
16304,7579
16329,7593
16340,7589
16362,7616
16368,7619
1,7630
18,7647
39,7673
48,7668
99,7700
107,7703
123,7713
172,7739
169,7769
201,7789
217,7803
247,7843
283,7861
272,7887
325,7923
340,7917
388,7970
373,7986
390,8006
423,8024
441,8070
474,8094
504,8143
517,8175
544,8194
580,8226
627,8257
642,8296
648,8310
681,8325
712,8355
755,8393
767,8411
808,8452
831,8475
829,8496
868,8548
887,8563
923,8580
954,8610
970,8654
1002,8694
1030,8714
1053,8736
1105,8784
1132,8840
1160,8850
1174,8876
1196,8920
1233,8958
1270,9005
1285,9058
1297,9096
1350,9126
1356,9162
1375,9199
1402,9255
1430,9298
1467,9331
1495,9387
1534,9420
1555,9473
1584,9539
1622,9586
1644,9604
1644,9658
1694,9694
1697,9707
1728,9740
1752,9779
1761,9801
1790,9826
1789,9831
1826,9869
1846,9886
1871,9944
1896,9957
1918,9988
1912,10012
1963,10039
1977,10060
1989,10053
2009,10103
2045,10086
2067,10073
2059,10096
2097,10157
2099,10157
2111,10168
2136,10192
2147,10257
2164,10281
2179,10285
2189,10291
2198,10341
2226,10387
2240,10395
2290,10425
2300,10463
2313,10488
2339,10507
2358,10596
2392,10600
2401,10664
2424,10727
2441,10728
2465,10777
2484,10828
2503,10854
2545,10890
2546,10940
2567,10970
2596,11020
2617,11052
2660,11080
2670,11106
2718,11121
2731,11161
2748,11220
2784,11247
2829,11274
2847,11290
2873,11352
2901,11390
2928,11376
2979,11438
2995,11443
3016,11489
3017,11487
3064,11527
3088,11561
3106,11570
3141,11614
3159,11637
3185,11710
3228,11718
3246,11786
3273,11812
3316,11856
3351,11905
3397,11909
3416,11963
3450,11989
3467,12048
3492,12094
3491,12127
3515,12165
3562,12210
3584,12236
3623,12281
3638,12306
3664,12328
3679,12395
3716,12400
3745,12431
3775,12463
3797,12487
3837,12539
3856,12552
3855,12563
3883,12588
3916,12602
3944,12627
3935,12632
3974,12636
3990,12672
4019,12648
4032,12688
4054,12703
4075,12709
4102,12709
4100,12720
4127,12737
4156,12735
4179,12743
4192,12751
4212,12776
4239,12800
4269,12798
4264,12817
4303,12827
4309,12818
4327,12859
4341,12889
4362,12905
4369,12923
4392,12954
4402,12981
4428,12994
4444,13027
4482,13030
4485,13066
4522,13091
4550,13113
4591,13171
4586,13159
4609,13194
4606,13224
4670,13244
4692,13269
4712,13278
4722,13312
4738,13321
4774,13333
4798,13361
4809,13371
4826,13385
4869,13389
4879,13391
4922,13419
4955,13428
4963,13449
4980,13452
5003,13450
5042,13478
5076,13502
5081,13519
5124,13512
5154,13523
5182,13542
5198,13565
5219,13563
5236,13581
5275,13591
5293,13619
5339,13640
5381,13666
5382,13689
5421,13710
5453,13741
5464,13762
5482,13792
5521,13811
5588,13840
5604,13876
5627,13905
5635,13919
5686,13927
5709,13957
5718,14000
5760,14000
5807,14038
5796,14049
5856,14073
5846,14070
5870,14104
5893,14137
5944,14127
5960,14150
5987,14175
5995,14166
6018,14190
6055,14187
6093,14197
6089,14209
6120,14218
6127,14216
6148,14224
6176,14230
6188,14240
6204,14239
6221,14257
6249,14271
6277,14267
6281,14280
6301,14288
6329,14295
6338,14308
6374,14292
6359,14313
6362,14323
6412,14330
6410,14349
6454,14364
6455,14388
6490,14395
6506,14418
6508,14443
6547,14444
6574,14479
6600,14510
6611,14525
6625,14522
6627,14539
6656,14510
6662,14564
6700,14577
6712,14605
6730,14614
6761,14628
6780,14664
6805,14677
6821,14673
6854,14696
6887,14692
6892,14707
6904,14716
6937,14731
6952,14724
6973,14726
7009,14748
7050,14752
7037,14767
7083,14788
7098,14782
7147,14821
7164,14808
7202,14842
7227,14854
7246,14861
7283,14889
7305,14901
7335,14920
7376,14942
7387,14967
7436,14986
7444,15010
7482,15064
7498,15059
7533,15075
7579,15131
7586,15152
7619,15168
7656,15194
7664,15225
7711,15272
7722,15290
7769,15319
7795,15328
7804,15376
7848,15365
7873,15373
7908,15418
7932,15430
7962,15446
7979,15467
8001,15485
8016,15501
8052,15524
8075,15531
8096,15554
8114,15555
8153,15565
8169,15602
8193,15613
8212,15604
8233,15637
8263,15643
8268,15669
8298,15687
8325,15691
8338,15712
8361,15713
8380,15743
8414,15768
8405,15779
8435,15803
8454,15806
8475,15844
8500,15848
8520,15887
8531,15897
8564,15950
8577,15937
8593,15977
8623,15988
8631,16032
8646,16044
8697,16052
8707,16075
8712,16108
8733,16128
8764,16154
8782,16142
8799,16155
8808,16160
8851,16201
8836,16206
8842,16224
8902,16249
8917,16275
8951,16279
8955,16300
8986,16324
8992,16335
9045,16355
9065,3
9082,16380
9119,42
9122,62
9144,97
9173,138
9181,130
9221,153
9247,192
9280,214
9289,279
9300,302
9349,320
9373,377
9395,412
9428,436
9446,477
9492,549
9511,586
9542,631
9566,639
9607,669
9617,719
9662,774
9697,774
9718,845
9730,905
9767,929
9794,967
9813,990
9833,1020
9872,1047
9896,1066
9932,1119
9942,1143
9993,1203
10040,1227
10034,1245
10065,1285
10092,1297
10124,1344
10161,1388
10168,1421
10197,1470
10229,1483
10248,1552
10273,1556
10265,1613
10310,1638
10335,1676
10351,1717
10384,1786
10409,1818
10430,1819
10461,1895
10485,1926
10482,1992
10524,2025
10555,2060
10556,2064
10592,2145
10619,2162
10617,2190
10651,2197
10673,2240
10670,2256
10687,2284
10718,2302
10730,2349
10755,2344
10766,2356
10784,2404
10815,2421
10824,2447
10866,2425
10869,2471
10890,2447
10906,2486
10928,2496
10928,2516
10958,2538
10976,2554
10982,2570
11025,2587
11032,2632
11043,2663
11063,2673
11083,2717
11092,2745
11124,2773
11153,2824
11171,2837
11198,2867
11216,2924
11237,2942
11274,2990
11300,3026
11299,3094
11327,3121
11338,3171
11389,3213
11414,3243
11419,3298
11458,3337
11496,3390
11503,3415
11518,3472
11554,3459
11581,3539
11631,3559
11644,3571
11689,3597
11706,3647
11733,3656
11758,3695
11786,3730
11821,3734
11839,3758
11881,3789
11901,3797
11940,3846
11967,3839
11973,3877
12004,3908
12028,3942
12036,3946
12080,4009
12107,4033
12152,4044
12175,4088
12211,4095
12222,4170
12259,4195
12269,4225
12302,4256
12339,4286
12352,4324
12356,4342
12391,4389
12422,4416
12449,4441
12484,4476
12476,4527
12509,4543
12536,4571
12550,4606
12589,4623
12624,4662
12625,4663
12663,4681
12664,4696
12675,4712
12719,4740
12732,4738
12749,4746
12784,4769
12806,4766
12809,4757
12830,4787
12829,4774
12869,4808
12878,4810
12913,4810
12940,4828
12960,4831
12959,4851
12962,4840
13004,4865
13024,4876
13034,4864
13049,4891
13073,4919
13102,4938
13111,4952
13132,4971
13161,5005
13183,5035
13191,5038
13225,5053
13246,5088
13272,5120
13279,5133
13301,5155
13326,5178
13343,5196
13382,5216
13406,5269
13416,5272
13445,5304
13477,5308
13498,5363
13523,5365
13547,5379
13562,5402
13573,5393
13609,5405
13624,5421
13653,5433
13690,5438
13698,5442
13747,5471
13758,5484
13789,5498
13823,5516
13844,5526
13852,5537
13908,5533
13923,5553
13952,5568
13979,5581
13993,5602
14024,5624
14083,5638
14086,5662
14118,5665
14133,5703
14166,5714
14192,5752
14228,5742
14258,5771
14282,5804
14307,5811
14346,5837
14364,5861
14400,5886
14412,5913
14443,5940
14479,5953
14490,5986
14520,6010
14555,6032
14588,6044
14578,6066
14635,6072
14648,6111
14668,6100
14687,6126
14742,6158
14746,6163
14759,6173
14792,6186
14808,6197
14823,6213
14853,6218
14886,6214
14878,6215
14896,6241
14922,6237
14945,6245
14948,6264
14981,6263
14993,6251
15018,6272
15036,6269
15059,6278
15063,6292
15079,6306
15087,6314
15111,6320
15156,6328
15155,6334
15163,6329
15182,6350
15211,6363
15248,6365
15258,6381
15253,6401
15295,6411
15302,6432
15349,6453
15340,6460
15366,6479
15392,6516
15415,6514
15425,6535
15436,6564
15461,6576
15490,6586
15501,6605
15541,6627
15556,6646
15579,6644
15583,6673
15612,6684
15658,6720
15675,6724
15705,6750
15724,6756
15757,6779
15772,6781
15818,6788
15815,6821
15857,6831
15878,6845
15881,6861
15924,6859
15954,6883
15997,6923
16014,6918
16036,6925
16067,6948
16111,6966
16122,6975
16157,7010
16187,7034
16222,7046
16261,7057
16296,7094
16310,7117
16327,7132
16356,7156
0,7198
21,7233
49,7249
106,7272
102,7292
127,7335
164,7360
207,7357
203,7384
250,7425
269,7450
301,7467
334,7491
355,7549
388,7565
412,7562
424,7598
456,7626
474,7616
488,7661
513,7657
540,7693
545,7707
578,7734
600,7757
615,7759
634,7770
634,7790
683,7809
706,7812
724,7822
745,7841
765,7852
760,7880
800,7875
820,7902
844,7923
853,7934
861,7929
886,7962
906,7974
933,7997
939,8035
970,8031
973,8075
991,8111
1034,8118
1040,8155
1059,8198
1092,8194
1122,8202
1152,8262
1150,8250
1198,8303
1207,8330
1236,8388
1270,8372
1273,8421
1291,8451
1326,8460
1329,8522
1348,8527
1396,8551
1399,8601
1445,8612
1456,8650
1485,8650
1523,8684
1538,8669
1567,8723
1578,8740
1604,8788
1636,8796
1664,8829
1689,8853
1693,8882
1702,8918
1748,8970
1779,8975
1788,9004
1811,9055
1857,9072
1882,9138
1906,9147
1930,9187
1954,9234
1982,9246
2029,9339
2047,9375
2081,9401
2120,9448
2151,9509
2158,9554
2206,9587
2234,9663
2248,9716
2266,9743
2302,9800
2338,9845
2366,9900
2389,9954
2422,10006
2438,10039
2467,10061
2496,10138
2537,10154
2559,10199
2566,10238
2606,10282
2635,10288
2671,10349
2700,10373
2705,10417
2740,10396
2740,10461
2765,10498
2786,10518
2806,10510
2838,10532
2852,10552
2875,10536
2873,10596
2887,10599
2937,10627
2952,10640
2954,10670
2989,10708
2992,10741
3026,10736
3044,10759
3057,10815
3076,10838
3093,10873
3102,10896
3115,10945
3129,10954
3134,10996
3151,11030
3168,11055
3203,11076
3231,11091
3232,11167
3270,11188
3275,11242
3297,11247
3324,11276
3351,11339
3374,11353
3402,11370
3411,11408
3442,11421
3458,11440
3487,11489
3498,11503
3521,11540
3527,11537
3557,11579
3599,11604
3605,11605
3642,11640
3668,11660
3695,11684
3702,11695
3735,11707
3775,11761
3776,11788
3811,11793
3839,11801
3856,11858
3891,11862
3898,11899
3937,11945
3944,12003
3988,12013
4017,12071
4049,12097
4054,12126
4090,12169
4121,12234
4144,12248
4169,12307
4196,12333
4233,12359
4260,12412
4290,12440
4321,12456
4333,12524
4373,12547
4412,12582
4430,12602
4460,12648
4473,12683
4514,12685
4535,12723
4538,12749
4592,12757
4621,12787
4627,12812
4664,12828
4695,12839
4722,12852
4738,12880
4767,12891
4801,12890
4827,12907
4843,12927
4876,12931
4899,12953
4920,12941
4912,12972
4955,12982
4948,12987
4998,13000
5001,13029
5024,13038
5050,13050
5061,13068
5104,13118
5106,13121
5127,13153
5146,13142
5169,13181
5196,13180
5202,13232
5223,13242
5231,13248
5253,13280
5273,13310
5302,13313
5308,13346
5350,13392
5350,13380
5381,13411
5396,13426
5414,13443
5433,13457
5442,13473
5476,13494
5485,13510
5516,13511
5550,13516
5561,13518
5602,13545
5604,13549
5635,13557
5656,13570
5655,13568
5707,13579
5718,13589
5746,13599
5769,13609
5800,13605
5817,13627
5852,13646
5861,13669
5901,13658
5917,13666
5938,13679
5957,13703
6002,13730
6017,13751
6013,13769
6050,13798
6081,13813
6111,13837
6144,13852
6173,13876
6188,13922
6236,13937
6254,13975
6277,14001
6296,14006
6317,14042
6366,14056
6368,14070
6413,14099
6440,14122
6468,14158
6516,14155
6526,14193
6571,14219
6582,14220
6626,14230
6629,14256
6670,14273
6704,14278
6715,14286
6754,14298
6773,14317
6789,14321
6808,14331
6850,14335
6869,14345
6887,14353
6927,14383
6938,14372
6972,14408
6999,14407
7025,14422
7040,14432
7084,14441
7090,14448
7100,14465
7121,14483
7146,14482
7164,14505
7199,14531
7226,14524
7237,14566
7252,14570
7260,14594
7303,14604
7308,14643
7316,14648
7337,14672
7358,14678
7387,14708
7405,14693
7418,14717
7429,14729
7460,14747
7478,14758
7493,14761
7516,14786
7513,14781
7553,14793
7573,14794
7564,14835
7581,14836
7612,14839
7625,14825
7656,14839
7653,14869
7677,14873
7715,14841
7747,14868
7770,14876
7784,14902
7813,14909
7818,14922
7861,14921
7871,14921
7876,14955
7920,14969
7946,14990
7956,15006
7997,15028
8009,15047
8021,15053
8057,15070
8070,15123
8114,15126
8145,15153
8167,15184
8193,15201
8236,15222
8248,15244
8275,15278
8296,15311
8325,15345
8367,15355
8376,15376
8407,15407
8452,15433
8452,15462
8477,15483
8500,15483
8541,15495
8577,15531
8600,15543
8615,15585
8676,15581
8684,15608
8731,15617
8750,15628
8771,15657
8788,15689
8831,15687
8853,15711
8874,15743
8913,15756
8927,15791
8968,15790
8966,15856
9024,15867
9040,15897
9043,15929
9085,15949
9104,15996
9127,16029
9166,16033
9196,16056
9219,16081
9228,16104
9262,16119
9293,16125
9312,16191
9333,16212
9336,16213
9367,16267
9371,16279
9407,16300
9438,16324
9441,16324
9468,16342
9483,16351
9509,16381
9515,14
9547,2
9563,45
9574,26
9607,51
9617,55
9630,106
9659,115
9680,132
9693,133
9725,179
9723,187
9737,217
9753,209
9781,231
9783,266
9813,293
9848,331
9865,335
9893,382
9936,384
9953,442
9963,480
9980,522
10021,518
10033,552
10070,606
10073,646
10100,664
10116,692
10135,749
10182,794
10196,806
10208,850
10253,903
10281,909
10297,953
10316,996
10355,1017
10379,1083
10412,1092
10444,1125
10460,1151
10485,1170
10517,1182
10550,1218
10560,1259
10615,1315
10607,1311
10649,1359
10685,1383
10684,1446
10713,1463
10749,1513
10758,1574
10789,1595
10836,1635
10854,1686
10895,1735
10912,1781
10974,1829
10983,1881
10992,1920
11035,1957
11057,1997
11090,2076
11100,2118
11143,2157
11172,2205
11174,2272
11217,2316
11231,2365
11270,2426
11286,2454
11308,2504
11334,2513
11359,2573
11397,2590
11413,2631
11437,2645
11465,2668
11479,2727
11505,2761
11534,2752
11543,2810
11557,2791
11590,2820
11601,2824
11632,2828
11635,2874
11655,2858
11669,2901
11695,2930
11711,2936
11718,2927
11747,2937
11764,2992
11782,3002
11790,3016
11819,3044
11837,3078
11853,3051
11872,3123
11902,3166
11909,3177
11943,3218
11947,3239
11957,3272
11976,3312
12009,3337
12001,3403
12058,3413
12053,3486
12068,3486
12117,3505
12154,3569
12148,3584
12169,3584
12181,3653
12222,3659
12251,3685
12262,3709
12264,3728
12298,3766
12336,3780
12341,3768
12371,3797
12386,3837
12417,3863
12426,3887
12472,3925
12483,3909
12523,3921
12541,3965
12582,4007
12592,4006
12641,4015
12661,4055
12677,4081
12692,4125
12744,4137
12750,4172
12805,4195
12809,4243
12848,4254
12893,4324
12918,4332
12933,4378
12957,4394
12991,4454
13005,4477
13051,4533
13082,4558
13105,4584
13109,4606
13158,4646
13189,4671
13209,4696
13236,4732
13265,4779
13291,4801
13317,4823
13355,4849
13381,4860
13384,4906
13401,4895
13428,4900
13482,4948
13496,4945
13510,4965
13544,4976
13573,4993
13574,4989
13614,5004
13633,5030
13651,5016
13660,5036
13691,5068
13718,5064
13712,5072
13743,5062
13770,5080
13792,5081
13819,5100
13816,5101
13850,5119
13857,5142
13896,5150
13893,5164
13911,5171
13934,5196
13951,5231
13989,5232
14002,5247
14014,5293
14048,5326
14056,5316
14077,5345
14087,5373
14106,5384
14133,5415
14152,5413
14184,5456
14198,5452
14211,5482
14222,5490
14257,5505
14270,5536
14300,5536
14335,5559
14336,5566
14367,5565
14399,5586
14434,5608
14444,5602
14461,5634
14508,5634
14500,5639
14547,5666
14556,5678
14590,5677
14619,5683
14626,5690
14648,5705
14695,5746
14710,5730
14738,5740
14751,5762
14780,5755
14790,5786
14839,5798
14854,5794
14880,5823
14925,5831
14966,5876
14966,5893
15005,5899
15032,5923
15064,5932
15093,5954
15118,5996
15133,6032
15177,6061
15210,6090
15237,6099
15245,6138
15297,6160
15326,6158
15335,6202
15356,6201
15408,6228
15417,6256
15456,6269
15474,6282
15501,6299
15516,6324
15560,6347
15567,6367
15581,6369
15638,6381
15657,6389
15677,6420
15696,6416
15733,6429
15743,6437
15756,6449
15793,6453
15789,6469
15825,6469
15850,6475
15863,6482
15880,6496
15924,6489
15933,6520
15948,6524
15970,6514
16007,6550
16009,6550
16030,6570
16043,6569
16053,6581
16064,6583
16085,6609
16117,6613
16141,6623
16137,6639
16167,6651
16183,6659
16194,6679
16215,6695
16228,6708
16262,6734
16290,6755
16323,6763
16328,6782
16345,6796
16347,6815
16371,6836
0,6837
24,6866
63,6881
69,6894
91,6904
89,6939
138,6946
152,6958
155,6969
173,6992
196,6984
235,7037
261,7021
274,7039
319,7069
333,7088
352,7088
394,7106
395,7114
424,7126
454,7148
476,7168
503,7195
526,7202
557,7214
583,7231
617,7252
654,7292
670,7315
705,7318
738,7362
773,7356
783,7401
818,7418
851,7435
879,7485
930,7523
936,7534
955,7565
996,7606
1026,7617
1051,7666
1078,7691
1104,7720
1137,7759
1159,7775
1174,7806
1221,7858
1241,7870
1270,7902
1315,7935
1338,7958
1352,7997
1385,8003
1421,8035
1414,8049
1471,8064
1457,8093
1504,8106
1524,8120
1535,8156
1580,8188
1586,8176
1605,8223
1623,8229
1650,8238
1673,8243
1677,8264
1706,8288
1728,8304
1764,8327
1777,8351
1783,8377
1808,8384
1818,8398
1832,8423
1863,8422
1873,8459
1874,8484
1918,8516
1917,8556
1942,8554
1964,8622
1993,8632
2006,8644
2032,8677
2067,8728
2082,8763
2080,8772
2107,8781
2145,8835
2156,8854
2191,8863
2213,8907
2228,8926
2229,9012
2266,8990
2279,9019
2301,9071
2338,9089
2357,9117
2357,9160
2408,9168
2423,9177
2458,9208
2471,9271
2512,9287
2523,9299
2558,9343
2584,9358
2614,9384
2626,9398
2649,9470
2657,9449
2690,9526
2704,9530
2737,9553
2752,9602
2763,9667
2803,9667
2842,9733
2858,9765
2881,9835
2938,9880
2970,9900
2964,9962
3006,9992
3039,10039
3054,10115
3080,10176
3123,10228
3147,10291
3178,10332
3217,10374
3238,10463
3250,10472
3287,10551
3307,10581
3349,10589
3375,10659
3402,10724
3443,10733
3464,10761
3480,10828
3503,10854
3546,10891
3568,10912
3584,10967
3623,10964
3630,10988
3667,11050
3672,11057
3711,11047
3731,11100
3758,11130
3762,11126
3785,11165
3814,11202
3848,11184
3850,11207
3895,11238
3916,11276
3893,11290
3936,11337
3957,11342
3965,11380
3974,11411
4001,11438
4028,11476
4032,11499
4071,11531
4048,11530
4062,11576
4095,11586
4110,11648
4149,11663
4143,11709
4164,11735
4182,11756
4224,11823
4234,11827
4245,11837
4266,11858
4278,11884
4309,11914
4344,11910
4348,11927
4355,11953
4380,11972
4403,11997
4444,11998
4444,12045
4463,12049
4485,12071
4506,12082
4518,12067
4562,12103
4575,12116
4593,12140
4618,12161
4627,12153
4668,12190
4706,12212
4702,12233
4740,12270
4757,12273
4789,12332
4814,12364
4843,12375
4860,12433
4886,12465
4933,12494
4940,12506
4970,12558
5005,12612
5027,12640
5057,12666
5087,12703
5112,12726
5123,12761
5173,12814
5224,12845
5218,12870
5257,12919
5276,12926
5323,12963
5329,12993
5357,13013
5385,13025
5438,13066
5465,13063
5471,13078
5504,13114
5556,13124
5569,13139
5586,13138
5611,13192
5655,13185
5674,13209
5703,13208
5743,13233
5744,13239
5773,13259
5809,13269
5816,13281
5859,13280
5868,13291
5894,13296
5903,13331
5928,13352
5951,13386
5961,13382
5965,13403
6024,13440
6033,13459
6062,13474
6095,13482
6077,13507
6110,13521
6122,13544
6145,13561
6158,13583
6197,13595
6209,13617
6242,13615
6245,13651
6278,13652
6284,13706
6287,13703
6321,13715
6354,13742
6351,13745
6369,13746
6388,13769
6419,13764
6434,13783
6457,13812
6480,13797
6509,13809
6523,13823
6550,13830
6574,13833
6589,13840
6627,13836
6624,13839
6643,13863
6660,13866
6701,13894
6714,13895
6747,13907
6763,13918
6778,13929
6804,13929
6837,13945
6858,13968
6901,13975
6909,14008
6942,14038
6967,14054
6972,14080
7024,14095
7043,14119
7080,14128
7085,14155
7100,14178
7133,14203
7169,14234
7190,14252
7222,14282
7249,14275
7267,14328
7295,14347
7321,14345
7348,14387
7371,14403
7420,14403
7432,14421
7458,14430
7488,14439
7523,14478
7561,14463
7575,14485
7593,14501
7650,14500
7656,14521
7672,14540
7722,14550
7742,14564
7764,14558
7786,14589
7819,14599
7849,14608
7859,14634
7904,14642
7926,14663
7957,14652
7966,14681
8002,14698
8034,14725
8044,14761
8083,14752
8114,14802
8124,14803
8137,14830
8158,14864
8170,14872
8193,14889
8201,14895
8222,14914
8250,14934
8260,14946
8272,14958
8300,14985
8314,14974
8333,14995
8348,15002
8373,15024
8407,15029
8408,15035
8414,15056
8432,15060
8452,15053
8461,15060
8490,15074
8484,15062
8499,15065
8513,15066
8555,15063
8554,15092
8581,15113
8589,15101
8620,15112
8638,15150
8673,15140
8686,15170
8735,15174
8736,15186
8754,15190
8771,15217
8797,15255
8817,15263
8863,15279
8853,15318
8890,15346
8906,15349
8925,15395
8948,15395
8976,15425
9013,15445
9046,15480
9056,15496
9086,15524
9099,15526
9136,15556
9151,15573
9188,15618
9208,15606
9245,15641
9254,15667
9287,15661
9310,15690
9338,15723
9373,15757
9394,15760
9425,15782
9445,15801
9490,15813
9491,15867
9516,15861
9572,15895
9577,15916
9602,15926
9644,15954
9681,15997
9720,16022
9750,16062
9760,16095
9790,16095
9833,16150
9858,16197
9840,16239
9935,16248
9944,16314
9960,16336
9975,16379
10018,2
10036,12
10063,57
10090,94
10133,151
10149,161
10173,181
10193,203
10234,252
10260,272
10287,315
10298,321
10323,311
10339,342
10362,370
10388,362
10393,389
10428,413
10423,415
10447,450
10462,454
10511,477
10512,502
10532,510
10560,546
10574,560
10603,580
10615,598
10618,633
10649,630
10663,670
10678,700
10688,712
10697,753
10726,780
10742,795
10763,830
10781,891
10807,910
10839,952
10852,1002
10880,1044
10879,1055
10930,1080
10965,1125
10978,1158
11014,1197
11005,1206
11029,1228
11052,1298
11089,1297
11090,1340
11125,1383
11145,1402
11181,1433
11195,1485
11219,1491
11256,1519
11273,1556
11296,1589
11326,1609
11337,1625
11364,1652
11398,1681
11422,1742
11440,1746
11451,1788
11493,1823
11526,1868
11549,1914
11585,1940
11595,2000
11638,2053
11639,2091
11662,2109
11699,2200
11727,2193
11768,2277
11787,2334
11801,2401
11848,2452
11875,2509
11916,2535
11912,2630
11965,2660
11998,2684
12014,2772
12046,2788
12068,2833
12116,2881
12137,2923
12148,2967
12156,2977
12207,3033
12238,3074
12262,3090
12289,3122
12300,3159
12354,3176
12359,3197
12392,3224
12412,3231
12409,3255
12446,3275
12461,3301
12500,3303
12490,3351
12534,3348
12541,3355
12560,3372
12579,3406
12610,3415
12612,3450
12627,3508
12656,3510
12666,3538
12697,3553
12699,3575
12743,3629
12728,3631
12768,3656
12773,3680
12792,3707
12820,3760
12829,3775
12838,3798
12865,3810
12893,3834
12913,3868
12900,3906
12917,3928
12942,3959
12972,3962
12993,3997
13025,4021
13038,4044
13049,4064
13078,4087
13097,4091
13113,4101
13126,4109
13151,4122
13180,4149
13209,4164
13244,4191
13241,4245
13256,4201
13291,4240
13285,4257
13341,4262
13387,4269
13393,4257
13402,4318
13456,4327
13471,4378
13492,4353
13508,4389
13511,4421
13570,4446
13595,4449
13617,4496
13646,4538
13681,4556
13705,4613
13728,4615
13761,4652
13781,4678
13808,4719
13846,4752
13876,4778
13888,4820
13908,4829
13939,4870
13977,4911
14012,4934
14021,4983
14064,4994
14098,5011
14133,5038
14175,5066
14175,5085
14212,5139
14233,5145
14268,5164
14303,5167
14309,5201
14336,5216
14364,5238
14381,5252
14430,5269
14452,5267
14473,5299
14494,5294
14529,5307
14526,5330
14561,5331
14566,5347
14603,5356
14639,5373
14666,5372
14680,5399
14695,5410
14719,5410
14746,5428
14771,5429
14771,5440
14794,5430
14809,5449
14827,5443
14846,5508
14865,5477
14892,5525
14909,5529
14931,5541
14961,5571
14999,5593
14981,5580
15035,5617
15022,5629
15041,5651
15039,5665
15086,5678
15090,5688
15109,5713
15144,5733
15160,5754
15177,5762
15204,5773
15210,5814
15241,5810
15274,5843
15297,5831
15301,5857
15334,5873
15336,5883
15372,5905
15397,5909
15428,5917
15431,5927
15487,5934
15478,5944
15508,5961
15541,5940
15548,5969
15570,5976
15589,5992
15627,6005
15657,6017
15690,6028
15706,6029
15730,6052
15758,6055
15771,6058
15798,6053
15842,6100
15849,6110
15887,6127
15904,6152
15935,6173
15981,6165
16007,6199
16023,6227
16049,6226
16069,6272
16118,6282
16137,6304
16162,6331
16189,6364
16219,6392
16250,6415
16268,6428
16307,6462
16325,6463
16348,6493
16383,6525
23,6537
47,6548
87,6574
110,6600
126,6610
140,6620
189,6649
208,6668
238,6687
255,6701
272,6734
284,6735
303,6730
343,6736
364,6760
384,6771
411,6784
426,6795
435,6808
457,6809
467,6826
524,6840
551,6837
559,6842
567,6856
594,6870
627,6885
616,6903
657,6906
668,6922
691,6917
689,6944
724,6964
753,6971
761,6975
749,6990
799,7003
792,6995
846,7028
829,7028
881,7057
888,7082
892,7078
915,7101
939,7133
948,7139
995,7149
1009,7203
1015,7223
1051,7230
1069,7235
1072,7272
1093,7244
1126,7287
1148,7292
1178,7302
1182,7342
1212,7372
1224,7366
1253,7381
1301,7393
1304,7411
1325,7434
1361,7449
1372,7494
1406,7494
1433,7532
1442,7522
1488,7530
1501,7591
1528,7581
1527,7613
1576,7636
1591,7647
1644,7684
1661,7713
1681,7724
1728,7732
1735,7767
1776,7793
1816,7835
1835,7887
1857,7905
1891,7925
1918,7982
1951,8003
1965,8042
1989,8085
2052,8112
2067,8147
2091,8193
2114,8214
2157,8255
2176,8266
2217,8325
2249,8343
2279,8395
2306,8412
2334,8450
2346,8496
2382,8510
2408,8568
2439,8573
2461,8611
2482,8643
2523,8678
2530,8708
2582,8738
2578,8741
2589,8761
2630,8796
2647,8786
2676,8832
2696,8819
2717,8862
2732,8885
2768,8908
2781,8933
2789,8956
2812,8965
2813,8997
2857,9009
2874,9050
2871,9055
2888,9082
2910,9108
2942,9138
2971,9171
2968,9209
2979,9220
3009,9247
3028,9271
3050,9309
3063,9345
3090,9377
3103,9409
3139,9471
3150,9511
3174,9550
3195,9563
3206,9611
3245,9634
3251,9666
3270,9690
3309,9716
3320,9772
3328,9804
3377,9832
3394,9876
3412,9881
3441,9920
3466,9929
3504,9994
3513,10001
3512,9998
3555,10023
3582,10058
3604,10081
3637,10133
3636,10155
3658,10180
3705,10236
3722,10262
3728,10278
3781,10326
3787,10366
3825,10417
3845,10459
3858,10499
3893,10573
3938,10556
3949,10627
3973,10675
4000,10716
4035,10770
4063,10857
4096,10882
4103,10941
4145,10967
4166,11072
4191,11098
4196,11156
4246,11202
4281,11242
4282,11282
4337,11329
4366,11346
4374,11386
4423,11452
4442,11462
4464,11482
4493,11529
4536,11544
4527,11595
4574,11584
4595,11616
4622,11647
4638,11652
4655,11673
4677,11689
4699,11726
4757,11739
4760,11729
4784,11784
4805,11832
4828,11846
4834,11850
4856,11884
4906,11902
4915,11948
4932,11972
4946,12000
4973,12017
4990,12062
5005,12075
5022,12095
5038,12134
5037,12147
5074,12186
5098,12188
5109,12235
5112,12251
5121,12267
5158,12293
5170,12324
5193,12339
5210,12362
5234,12360
5231,12381
5246,12394
5283,12426
5302,12401
5325,12436
5344,12454
5356,12474
5367,12454
5378,12481
5408,12483
5433,12489
5446,12501
5449,12497
5488,12511
5508,12538
5545,12540
5546,12553
5592,12568
5610,12617
5604,12633
5657,12679
5679,12682
5685,12714
5709,12759
5766,12784
5789,12803
5787,12835
5822,12864
5848,12869
5878,12922
5889,12961
5913,12961
5944,13001
5968,13037
6001,13084
6032,13086
6057,13135
6096,13158
6114,13200
6143,13213
6178,13241
6221,13271
6247,13281
6282,13302
6307,13324
6326,13320
6352,13330
6397,13360
6408,13348
6455,13379
6461,13395
6505,13415
6529,13444
6545,13450
6580,13470
6605,13484
6647,13481
6656,13508
6707,13530
6708,13523
6760,13543
6755,13590
6802,13585
6817,13617
6856,13639
6861,13661
6879,13681
6926,13703
6928,13733
6952,13748
6974,13783
6993,13787
7019,13815
7034,13822
7059,13846
7096,13864
7109,13873
7125,13875
7152,13930
7169,13933
7202,13961
7224,13974
7213,13981
7244,13976
7257,13987
7268,13996
7296,14001
7329,14006
7325,14007
7354,14012
7357,14032
7382,14018
7412,14026
7433,14043
7424,14040
7464,14058
7502,14038
7518,14069
7541,14079
7558,14081
7575,14093
7608,14102
7620,14108
7636,14121
7656,14132
7687,14163
7719,14173
7721,14189
7763,14210
7772,14228
7788,14255
7789,14282
7856,14313
7869,14338
7894,14358
7924,14358
7934,14391
7958,14407
8004,14416
8012,14450
8043,14470
8057,14457
8104,14487
8131,14521
8160,14536
8164,14546
8191,14561
8220,14552
8221,14572
8270,14595
8280,14580
8305,14607
8346,14608
8352,14612
8377,14643
8434,14668
8449,14677
8474,14696
8512,14703
8537,14726
8573,14727
8601,14741
8629,14765
8646,14764
8681,14826
8710,14826
8753,14842
8755,14872
8782,14911
8823,14923
8828,14964
8874,14982
8905,15001
8934,15021
8953,15035
8985,15062
9003,15082
9029,15097
9058,15131
9073,15143
9097,15158
9104,15178
9121,15203
9152,15228
9176,15215
9196,15230
9226,15261
9228,15252
9246,15266
9279,15270
9298,15277
9299,15300
9329,15294
9352,15306
9376,15305
9397,15296
9413,15324
9428,15343
9435,15345
9454,15360
9471,15369
9479,15381
9486,15402
9509,15397
9519,15415
9546,15432
9580,15445
9612,15472
9610,15495
9615,15510
9661,15527
9669,15531
9696,15568
9706,15584
9743,15592
9752,15614
9788,15658
9805,15667
9818,15686
9846,15707
9864,15726
9871,15733
9901,15741
9918,15797
9946,15793
9963,15810
9970,15822
10001,15853
10054,15864
10058,15886
10074,15869
10108,15923
10152,15928
10166,15958
10181,15982
10206,15988
10225,16019
10249,16017
10271,16053
10311,16067
10348,16115
10373,16144
10382,16169
10395,16207
10461,16232
10476,16251
10496,16312
10524,16333
10591,15
10614,22
10641,72
10672,108
10694,158
10721,182
10746,207
10782,264
10825,306
10854,343
10889,389
10921,399
10916,466
10941,463
10970,508
10994,550
11034,562
11077,609
11083,653
11117,657
11144,681
11148,710
11199,731
11218,766
11228,776
11253,837
11288,832
11313,865
11334,888
11340,924
11347,963
11399,962
11402,1021
11438,1023
11442,1066
11458,1080
11484,1125
11504,1128
11531,1161
11559,1206
11591,1234
11596,1298
11613,1306
11615,1340
11646,1346
11683,1406
11676,1457
11682,1446
11707,1507
11713,1511
11722,1544
11753,1586
11780,1622
11810,1620
11833,1675
11846,1686
11866,1739
11907,1753
11914,1795
11932,1769
11969,1850
11972,1861
11988,1858
12029,1890
12048,1961
12064,1943
12099,1995
12104,2007
12134,2011
12154,2046
12169,2100
12186,2094
12221,2152
12232,2178
12274,2198
12278,2241
12300,2310
12350,2318
12359,2371
12370,2379
12403,2433
12420,2502
12446,2548
12487,2577
12496,2611
12530,2676
12535,2730
12586,2798
12616,2805
12630,2863
12658,2916
12672,2969
12711,2999
12742,3065
12773,3121
12802,3158
12824,3160
12851,3220
12869,3260
12917,3319
12951,3316
12978,3356
12997,3381
13023,3407
13062,3464
13090,3475
13099,3501
13122,3524
13150,3570
13173,3601
13214,3623
13260,3634
13261,3637
13279,3667
13336,3670
13323,3714
13348,3725
13404,3780
13390,3789
13423,3831
13446,3850
13469,3869
13521,3927
13544,3922
13545,3960
13564,3983
13566,4027
13609,4029
13617,4045
13644,4091
13667,4101
13699,4149
13704,4139
13725,4215
13743,4253
13754,4237
13766,4279
13803,4285
13810,4312
13818,4323
13845,4343
13832,4363
13873,4384
13879,4393
13906,4390
13898,4422
13935,4432
13951,4441
13958,4454
13981,4490
14028,4496
14054,4506
14053,4504
14068,4500
14086,4527
14115,4552
14136,4560
14134,4564
14157,4588
14195,4591
14230,4612
14243,4613
14264,4615
14298,4653
14311,4674
14331,4661
14380,4703
14372,4725
14389,4713
14440,4758
14463,4754
14497,4802
14490,4817
14544,4856
14573,4863
14593,4907
14590,4923
14655,4943
14669,5003
14702,5003
14735,5039
14745,5072
14766,5095
14805,5129
14833,5145
14858,5189
14898,5221
14925,5217
14977,5287
14986,5319
15007,5316
15030,5338
15073,5372
15093,5397
15121,5390
15148,5428
15181,5449
15217,5464
15247,5496
15269,5507
15292,5496
15336,5531
15350,5547
15377,5549
15406,5560
15413,5579
15455,5579
15468,5577
15497,5604
15505,5628
15552,5636
15593,5632
15599,5639
15621,5659
15670,5688
15669,5698
15714,5716
15725,5717
15748,5727
15781,5745
15790,5755
15804,5763
15835,5785
15846,5804
15874,5822
15889,5837
15900,5865
15898,5865
15951,5881
15956,5906
15974,5905
15999,5940
16009,5963
16066,5962
16069,5982
16067,5992
16076,5986
16108,6016
16134,6025
16159,6062
16176,6060
16193,6066
16218,6093
16236,6119
16243,6124
16283,6137
16286,6159
16301,6160
16337,6178
16352,6175
16356,6188
9,6193
40,6216
48,6214
73,6228
102,6207
132,6238
125,6248
164,6257
192,6261
215,6283
247,6289
270,6314
295,6323
312,6345
326,6341
372,6357
365,6368
407,6390
446,6409
475,6441
517,6429
538,6456
569,6491
587,6502
606,6529
632,6561
667,6561
704,6616
720,6634
757,6658
790,6696
798,6699
831,6745
870,6753
884,6765
923,6781
947,6819
980,6842
1013,6851
1051,6873
1073,6909
1094,6920
1125,6951
1158,6957
1182,6986
1202,7001
1237,7015
1226,7014
1280,7044
1317,7049
1322,7058
1350,7082
1367,7103
1398,7127
1406,7115
1439,7134
1437,7156
1490,7162
1529,7184
1535,7207
1561,7210
1590,7210
1599,7229
1605,7229
1638,7258
1665,7284
1672,7291
1692,7320
1706,7296
1705,7333
1747,7341
1750,7360
1783,7391
1799,7395
1834,7406
1861,7445
1855,7433
1889,7457
1876,7476
1893,7485
1918,7521
1942,7519
1975,7530
1978,7570
1990,7588
2031,7605
2047,7653
2040,7636
2067,7646
2096,7684
2112,7684
2131,7693
2165,7707
2182,7757
2207,7766
2239,7775
2256,7794
2281,7803
2298,7836
2320,7858
2353,7877
2346,7896
2388,7924
2392,7926
2442,7948
2440,7983
2470,8002
2509,8017
2528,8050
2558,8096
2576,8100
2621,8138
2638,8158
2664,8180
2706,8227
2719,8257
2749,8298
2797,8347
2814,8360
2847,8413
2870,8448
2894,8492
2922,8521
2958,8580
2978,8621
3010,8650
3048,8692
3081,8730
3101,8754
3145,8827
3158,8864
3209,8867
3242,8968
3252,8994
3305,9018
3331,9061
3336,9098
3367,9115
3400,9150
3418,9184
3441,9225
3462,9228
3481,9256
3527,9281
3552,9324
3565,9349
3588,9360
3590,9400
3630,9431
3668,9441
3684,9506
3717,9525
3710,9566
3740,9579
3769,9623
3790,9642
3804,9673
3833,9723
3836,9741
3877,9792
3887,9817
3907,9857
3923,9897
3937,9925
3946,9958
3973,9972
3998,10020
4026,10077
4051,10095
4042,10133
4061,10151
4083,10166
4098,10174
4127,10240
4149,10254
4164,10277
4184,10319
4198,10347
4230,10343
4241,10381
4257,10377
4291,10421
4317,10461
4333,10465
4351,10495
4389,10506
4373,10544
4404,10522
4422,10586
4457,10603
4472,10638
4517,10681
4527,10695
4549,10747
4577,10783
4585,10838
4626,10858
4631,10888
4661,10923
4688,10980
4703,10999
4738,11096
4773,11114
4809,11171
4816,11213
4851,11274
4862,11317
4879,11391
4896,11427
4964,11446
4981,11512
4998,11561
5054,11578
5073,11606
5105,11632
5123,11657
5165,11696
5182,11740
5205,11751
5239,11823
5244,11826
5293,11870
5301,11903
5350,11907
5385,11917
5402,11962
5435,11948
5453,11988
5481,12018
5515,12047
5550,12074
5550,12111
5591,12115
5606,12149
5642,12163
5657,12211
5695,12238
5717,12259
5749,12307
5760,12340
5793,12381
5814,12390
5825,12445
5862,12449
5872,12465
5892,12501
5933,12529
5940,12559
5961,12595
5982,12627
6000,12680
6029,12671
6052,12688
6082,12694
6083,12722
6116,12740
6095,12741
6116,12759
6150,12790
6178,12770
6180,12782
6189,12804
6202,12804
6218,12794
6241,12813
6244,12810
6272,12815
6283,12822
6313,12820
6344,12835
6349,12853
6382,12846
6369,12878
6406,12876
6439,12918
6469,12903
6466,12943
6490,12932
6527,12972
6534,12991
6550,13029
6594,13061
6614,13060
6632,13107
6652,13120
6649,13148
6701,13181
6728,13206
6747,13215
6769,13249
6798,13302
6849,13292
6848,13324
6865,13351
6904,13377
6922,13407
6957,13431
6980,13451
7010,13492
7021,13488
7058,13510
7087,13498
7130,13542
7138,13551
7197,13551
7199,13576
7230,13587
7257,13620
7290,13622
7346,13644
7351,13650
7378,13687
7417,13677
7437,13683
7460,13716
7493,13717
7534,13737
7551,13751
7566,13757
7601,13799
7633,13824
7671,13845
7704,13878
7730,13896
7766,13921
7795,13946
7807,13961
7818,13992
7869,14011
7891,14041
7896,14064
7933,14078
7983,14118
7985,14126
7984,14139
8040,14139
8044,14166
8068,14194
8108,14211
8101,14233
8126,14229
8143,14235
8164,14249
8210,14250
8218,14262
8240,14266
8252,14280
8247,14282
8276,14286
8307,14281
8316,14280
8324,14282
8349,14292
8367,14300
8370,14301
8400,14307
8412,14311
8407,14332
8453,14336
8488,14348
8491,14347
8540,14372
8554,14397
8581,14409
8578,14431
8604,14446
8611,14450
8658,14484
8673,14520
8684,14516
8716,14536
8741,14567
8756,14586
8787,14586
8807,14622
8820,14628
8851,14657
8875,14662
8884,14681
8922,14709
8956,14720
8963,14732
8979,14749
9015,14759
9049,14779
9084,14804
9090,14802
9120,14805
9150,14822
9169,14844
9183,14845
9208,14859
9221,14857
9252,14860
9278,14876
9307,14906
9340,14920
9385,14949
9404,14962
9416,14968
9471,14991
9514,15017
9524,15046
9556,15051
9586,15087
9602,15098
9637,15132
9668,15147
9671,15196
9710,15204
9748,15228
9755,15271
9793,15280
9829,15317
9852,15349
9886,15382
9909,15396
9946,15398
9971,15433
9987,15452
10018,15462
10030,15495
10068,15504
10087,15523
10095,15521
10129,15541
10153,15576
10162,15586
10176,15590
10215,15611
10241,15625
10263,15632
10270,15641
10288,15652
10326,15666
10327,15670
10360,15694
10376,15730
10401,15731
10426,15740
10433,15760
10459,15761
10485,15797
10511,15786
10517,15817
10508,15814
10543,15841
10558,15874
10571,15885
10565,15896
10594,15917
10631,15946
10636,15950
10665,15987
10670,16016
10698,15998
10727,16035
10757,16069
10756,16081
10785,16078
10790,16116
10826,16129
10843,16124
10846,16165
10877,16167
10879,16231
10908,16197
10942,16219
10945,16246
10972,16274
11004,16282
11036,16304
11049,16321
11069,16335
11114,16369
11112,16383
11157,16
11194,60
11187,73
11217,111
11254,172
11269,164
11293,194
11329,240
11349,299
11364,321
11390,358
11407,408
11468,456
11481,498
11527,528
11540,574
11591,608
11594,671
11638,688
11674,748
11699,737
11748,830
11751,858
11803,918
11812,951
11852,993
11885,1011
11888,1041
11934,1073
11965,1119
11967,1158
12016,1170
12041,1235
12075,1267
12109,1308
12149,1349
12150,1362
12184,1392
12201,1421
12234,1454
12247,1505
12289,1519
12302,1532
12333,1561
12333,1610
12364,1638
12384,1709
12423,1738
12418,1758
12436,1788
12455,1843
12476,1853
12518,1881
12537,1941
12546,1991
12570,2011
12593,2053
12618,2110
12639,2134
12621,2161
12660,2191
12670,2247
12695,2245
12722,2282
12716,2289
12737,2336
12768,2328
12789,2377
12805,2405
12820,2418
12859,2458
12874,2460
12896,2493
12905,2499
12927,2555
12954,2574
12998,2592
12998,2598
13021,2630
13049,2636
13045,2689
13079,2696
13071,2704
13128,2747
13146,2744
13149,2787
13192,2808
13202,2866
13230,2890
13262,2901
13282,2944
13309,3008
13334,3058
13350,3079
13379,3129
13400,3165
13442,3191
13457,3244
13478,3303
13512,3356
13533,3389
13543,3443
13574,3470
13625,3533
13621,3529
13652,3593
13697,3644
13715,3684
13756,3706
13779,3754
13821,3791
13829,3805
13846,3856
13893,3876
13895,3904
13936,3929
13971,3955
13990,3971
14015,4009
14049,4019
14087,4051
14098,4053
14128,4108
14167,4110
14170,4150
14205,4164
14235,4198
14289,4214
14282,4222
14315,4263
14363,4253
14390,4284
14389,4308
14421,4333
14472,4345
14463,4359
14481,4371
14512,4416
14538,4435
14563,4467
14582,4508
14600,4498
14625,4525
14651,4543
14657,4588
14695,4613
14706,4621
14728,4643
14743,4655
14763,4684
14776,4716
14796,4739
14823,4749
14830,4760
14870,4789
14873,4817
14884,4853
14882,4845
14917,4857
14945,4861
14944,4879
14961,4902
14979,4921
14984,4924
15009,4939
15015,4942
15060,4974
15086,4970
15081,4999
15108,5002
15112,5000
15145,5007
15177,5004
15174,5028
15199,5052
15237,5039
15278,5059
15292,5081
15293,5105
15338,5112
15348,5114
15367,5135
15396,5132
15397,5153
15420,5152
15475,5181
15494,5197
15505,5203
15543,5217
15574,5256
15587,5272
15615,5275
15670,5317
15689,5326
15711,5368
15733,5384
15766,5402
15779,5453
15812,5460
15866,5485
15877,5513
15898,5540
15914,5571
15956,5598
15973,5623
16010,5649
16055,5660
16053,5689
16096,5704
16138,5768
16149,5762
16184,5793
16200,5793
16229,5819
16277,5827
16288,5865
16324,5863
16371,5870
16378,5900
20,5888
41,5905
58,5928
98,5948
123,5956
144,5959
154,5970
197,6001
219,5996
235,6007
265,6015
284,6028
298,6056
344,6054
369,6073
397,6071
408,6095
434,6110
463,6109
463,6124
476,6142
505,6149
511,6159
552,6166
576,6202
588,6179
616,6206
631,6237
650,6242
655,6255
680,6267
705,6269
707,6282
742,6315
759,6333
755,6338
798,6359
805,6388
822,6388
847,6402
872,6423
876,6439
897,6459
905,6439
943,6480
945,6497
969,6512
990,6536
1014,6532
1062,6532
1080,6545
1077,6565
1114,6575
1131,6601
1168,6606
1187,6602
1199,6624
1217,6649
1246,6652
1278,6664
1285,6682
1320,6680
1320,6689
1375,6695
1391,6717
1420,6750
1449,6755
1469,6758
1502,6778
1534,6796
1535,6811
1575,6829
1616,6858
1625,6839
1669,6899
1692,6922
1726,6933
1749,6960
1751,6969
1796,6980
1829,7035
1841,7053
1880,7069
1910,7101
1942,7127
1977,7162
1976,7179
2047,7209
2057,7255
2084,7255
2104,7294
2125,7302
2154,7341
2176,7370
2215,7381
2239,7394
2254,7412
2277,7435
2301,7449
2346,7488
2352,7496
2390,7528
2402,7541
2422,7562
2469,7569
2463,7611
2501,7611
2525,7602
2547,7631
2568,7644
2591,7667
2621,7687
2649,7697
2652,7712
2671,7717
2685,7767
2696,7745
2719,7777
2741,7783
2742,7805
2776,7816
2803,7825
2827,7861
2842,7872
2871,7899
2876,7891
2881,7923
2909,7955
2926,7940
2928,7966
2945,7989
2967,7998
2976,8016
2998,8036
3012,8064
3021,8089
3060,8121
3064,8142
3094,8141
3107,8187
3143,8200
3164,8228
3188,8260
3219,8263
3232,8291
3265,8305
3269,8346
3293,8346
3289,8371
3335,8390
3364,8425
3383,8437
3397,8452
3396,8500
3426,8494
3486,8516
3487,8543
3531,8573
3530,8615
3563,8649
3589,8695
3632,8683
3632,8720
3653,8769
3702,8808
3727,8823
3739,8889
3782,8903
3813,8958
3829,9007
3844,9068
3867,9100
3914,9144
3972,9209
3951,9251
4001,9318
4020,9357
4038,9409
4093,9449
4121,9481
4159,9558
4162,9555
4229,9617
4226,9641
4259,9709
4300,9735
4322,9795
4345,9833
4359,9869
4392,9896
4430,9928
4442,9946
4473,9987
4497,10029
4530,10057
4549,10077
4593,10070
4598,10130
4609,10169
4641,10214
4672,10218
4691,10255
4713,10294
4733,10351
4770,10389
4802,10413
4801,10446
4830,10484
4854,10476
4877,10544
4886,10557
4910,10589
4923,10652
4940,10692
4969,10723
4971,10783
4998,10799
5017,10843
5026,10858
5045,10903
5061,10899
5090,10934
5107,10934
5120,10987
5124,10999
5161,11008
5204,11064
5188,11086
5216,11072
5244,11097
5262,11136
5281,11151
5303,11179
5312,11157
5339,11186
5358,11205
5360,11220
5381,11238
5408,11265
5450,11281
5483,11339
5496,11348
5513,11378
5532,11434
5576,11446
5591,11493
5626,11556
5623,11583
5656,11604
5685,11644
5714,11678
5734,11736
5761,11764
5794,11832
5796,11852
5821,11885
5872,11969
5901,11988
5908,12010
5938,12052
5978,12101
5998,12104
6003,12140
6062,12182
6072,12202
6097,12231
6108,12222
6163,12249
6175,12291
6185,12302
6245,12308
6272,12350
6301,12358
6303,12377
6336,12438
6369,12417
6388,12465
6414,12456
6441,12482
6494,12497
6523,12531
6536,12553
6553,12588
6583,12635
6622,12655
6660,12696
6677,12706
6714,12726
6704,12758
6757,12803
6782,12820
6793,12879
6826,12888
6851,12927
6870,12954
6875,12997
6919,13022
6952,13020
6949,13057
6997,13083
7011,13097
7018,13126
7046,13132
7068,13156
7099,13155
7090,13160
7122,13168
7139,13171
7129,13182
7163,13193
7193,13187
7203,13203
7203,13194
7222,13210
7231,13203
7252,13216
7273,13241
7296,13234
7285,13223
7335,13246
7352,13227
7363,13235
7382,13256
7402,13282
7417,13292
7420,13294
7443,13328
7478,13368
7509,13387
7517,13388
7546,13426
7565,13431
7592,13483
7607,13500
7632,13514
7659,13540
7684,13564
7714,13580
7719,13596
7743,13631
7779,13643
7784,13674
7818,13674
7835,13687
7856,13709
7885,13717
7917,13722
7937,13730
7975,13763
7975,13765
8003,13754
8042,13782
8063,13787
8092,13807
8146,13823
8155,13826
8192,13838
8212,13858
8253,13884
8277,13902
8295,13897
8329,13939
8355,13950
8395,13969
8399,13995
8451,14054
8470,14050
8512,14087
8543,14119
8559,14144
8587,14172
8614,14177
8637,14211
8675,14221
8693,14264
8743,14266
8767,14301
8783,14323
8804,14344
8852,14364
8877,14377
8894,14399
8905,14415
8938,14411
8962,14420
8966,14436
8998,14438
9037,14445
9061,14443
9082,14466
9097,14463
9109,14492
9150,14488
9165,14501
9210,14511
9219,14519
9245,14550
9260,14538
9270,14538
9308,14548
9330,14554
9351,14581
9356,14589
9357,14607
9373,14639
9394,14634
9405,14666
9440,14665
9475,14678
9454,14698
9491,14718
9513,14743
9537,14764
9541,14760
9582,14778
9591,14806
9619,14810
9624,14829
9635,14844
9659,14862
9679,14862
9710,14888
9728,14895
9730,14907
9772,14913
9783,14908
9805,14925
9814,14936
9842,14944
9876,14945
9901,14962
9931,14975
9942,14982
9980,15005
9984,15021
10032,15038
10048,15049
10092,15074
10112,15081
10131,15103
10142,15120
10176,15145
10194,15156
10239,15190
10255,15217
10302,15251
10313,15275
10321,15308
10368,15328
10400,15350
10431,15385
10481,15392
10477,15429
10516,15449
10553,15478
10560,15508
10577,15521
10623,15550
10644,15574
10655,15575
10685,15595
10724,15632
10745,15649
10780,15670
10780,15682
10833,15694
10867,15743
10887,15751
10920,15765
10944,15778
10963,15793
10994,15822
11022,15836
11045,15860
11066,15869
11100,15906
11133,15931
11136,15942
11179,15966
11181,16017
11213,16031
11251,16043
11259,16089
11280,16106
11313,16124
11316,16168
11380,16190
11391,16219
11422,16238
11436,16265
11448,16271
11461,16303
11489,16331
11503,16353
11526,16354
11533,16369
11550,2
11562,25
11569,22
11598,31
11611,42
11612,62
11628,73
11667,85
11674,101
11696,103
11712,100
11720,130
11741,140
11741,159
11761,160
11784,159
11796,200
11834,232
11865,235
11856,274
11873,291
11902,302
11914,328
11929,372
11965,413
11985,453
12001,471
12048,512
12070,537
12095,572
12106,606
12132,661
12159,688
12194,736
12214,772
12229,797
12260,844
12277,878
12301,941
12324,934
12363,987
12381,1025
12396,1038
12435,1088
12451,1151
12490,1204
12526,1204
12544,1242
12556,1270
12599,1292
12640,1349
12650,1382
12691,1399
12696,1449
12743,1473
12768,1488
12801,1547
12825,1581
12876,1625
12890,1646
12919,1726
12932,1801
12960,1812
13001,1870
13025,1907
13047,1969
13072,2016
13115,2037
13127,2088
13163,2156
13205,2189
13226,2222
13254,2304
13272,2403
13284,2373
13334,2458
13347,2474
13365,2531
13390,2570
13408,2583
13437,2657
13450,2686
13477,2717
13503,2729
13516,2758
13548,2799
13569,2821
13584,2826
13613,2880
13628,2889
13662,2917
13678,2918
13703,2949
13705,2944
13719,2971
13721,2993
13736,3014
13765,3009
13806,2997
13813,3035
13826,3082
13827,3036
13859,3074
13882,3080
13871,3104
13909,3133
13940,3152
13966,3190
13985,3216
13999,3223
14016,3279
14041,3287
14060,3330
14074,3361
14109,3389
14109,3408
14145,3468
14181,3507
14189,3530
14210,3585
14229,3619
14259,3649
14288,3690
14316,3723
14349,3769
14366,3800
14393,3832
14395,3886
14466,3922
14456,3943
14481,3977
14514,4004
14542,4032
14565,4043
14601,4079
14614,4091
14636,4129
14689,4163
14683,4157
14716,4186
14733,4207
14765,4245
14792,4260
14847,4292
14880,4323
14886,4316
14911,4362
14943,4357
14980,4392
15000,4426
15035,4422
15045,4453
15096,4470
15119,4489
15135,4531
15190,4518
15184,4561
15221,4585
15258,4614
15278,4638
15317,4669
15334,4686
15381,4708
15391,4745
15423,4781
15454,4797
15476,4816
15494,4863
15522,4878
15546,4924
15565,4942
15585,4971
15624,4967
15634,5029
15663,5024
15680,5060
15697,5083
15713,5086
15743,5108
15768,5136
15769,5157
15788,5173
15809,5193
15835,5204
15829,5223
15876,5230
15902,5256
15930,5234
15912,5251
15954,5265
15937,5251
15983,5257
15995,5265
15997,5274
16027,5275
16018,5290
16047,5291
16049,5296
16078,5304
16106,5291
16095,5309
16126,5317
16142,5331
16193,5351
16187,5345
16205,5365
16226,5336
16243,5384
16281,5389
16314,5402
16319,5417
16339,5447
16361,5455
16382,5458
17,5473
62,5501
68,5529
84,5556
112,5573
132,5595
176,5617
200,5644
212,5671
247,5701
275,5716
290,5748
325,5735
355,5753
376,5782
389,5814
441,5822
466,5858
473,5870
513,5896
528,5903
556,5940
585,5967
609,5964
632,5987
665,6009
705,6013
714,6046
769,6034
779,6051
824,6081
836,6090
899,6089
904,6101
936,6145
970,6144
985,6149
1011,6168
1058,6190
1067,6216
1063,6218
1124,6236
1152,6266
1168,6274
1208,6276
1247,6289
1265,6301
1300,6330
1342,6328
1344,6326
1369,6373
1384,6388
1413,6382
1449,6418
1440,6424
1462,6470
1495,6464
1521,6502
1545,6524
1555,6524
1583,6561
1608,6561
1639,6585
1657,6592
1666,6616
1683,6640
1700,6661
1735,6651
1738,6654
1737,6675
1764,6685
1790,6680
1801,6711
1813,6715
1832,6758
1849,6755
1865,6751
1880,6766
1880,6754
1913,6781
1920,6778
1940,6787
1969,6793
1983,6799
2019,6817
2033,6815
2059,6832
2091,6856
2116,6856
2133,6866
2144,6889
2178,6912
2197,6898
2221,6939
2224,6931
2264,6981
2285,6995
2322,7014
2308,7009
2357,7043
2375,7036
2413,7067
2429,7099
2474,7121
2497,7144
2515,7176
2533,7179
2574,7223
2590,7240
2627,7262
2644,7292
2673,7306
2697,7358
2742,7383
2758,7391
2773,7439
2797,7453
2835,7482
2835,7504
2903,7539
2936,7540
2946,7581
3001,7595
3009,7631
3039,7636
3061,7673
3073,7695
3121,7713
3135,7731
3180,7772
3197,7791
3223,7802
3240,7810
3256,7845
3313,7878
3326,7867
3360,7905
3375,7939
3396,7970
3424,7965
3453,7963
3468,8032
3502,8056
3534,8076
3559,8101
3590,8138
3596,8185
3619,8193
3642,8241
3672,8234
3661,8263
3720,8299
3723,8349
3765,8357
3777,8381
3805,8415
3801,8441
3814,8446
3841,8487
3867,8495
3910,8554
3909,8531
3934,8516
3920,8562
3947,8605
3969,8629
3983,8605
3995,8644
4016,8647
4029,8648
4039,8679
4068,8667
4067,8691
4078,8703
4095,8711
4106,8717
4120,8728
4149,8753
4190,8771
4187,8801
4208,8846
4228,8832
4247,8889
4284,8890
4296,8916
4309,8954
4332,9016
4378,9043
4389,9097
4402,9105
4444,9144
4453,9208
4480,9276
4513,9313
4530,9377
4552,9390
4599,9439
4612,9482
4668,9512
4662,9577
4694,9594
4725,9624
4740,9671
4790,9703
4819,9783
4846,9793
4860,9841
4877,9888
4898,9913
4933,9943
4969,9997
4992,10006
5039,10067
5058,10077
5093,10105
5108,10179
5160,10192
5189,10227
5198,10240
5237,10328
5281,10365
5284,10397
5315,10483
5372,10489
5374,10536
5412,10598
5443,10645
5455,10673
5478,10717
5522,10790
5540,10839
5574,10878
5577,10957
5618,11017
5657,11030
5681,11078
5725,11133
5720,11170
5765,11204
5772,11251
5805,11283
5829,11320
5850,11328
5864,11340
5864,11383
5910,11376
5917,11439
5955,11434
5957,11468
6002,11480
6002,11486
6023,11489
6038,11522
6076,11518
6090,11513
6106,11536
6114,11525
6124,11562
6149,11579
6184,11592
6187,11627
6190,11637
6245,11667
6243,11728
6262,11724
6275,11733
6297,11782
6330,11808
6341,11848
6362,11878
6386,11917
6397,11959
6420,11980
6437,12019
6462,12039
6503,12092
6524,12112
6556,12138
6565,12177
6606,12206
6610,12240
6642,12242
6658,12262
6671,12295
6710,12312
6739,12322
6764,12346
6792,12360
6817,12385
6824,12364
6861,12418
6902,12444
6908,12440
6956,12456
6960,12491
6993,12504
7022,12531
7065,12561
7089,12585
7114,12636
7151,12657
7156,12686
7193,12704
7215,12729
7238,12765
7279,12808
7308,12849
7336,12879
7353,12927
7400,12954
7422,12970
7450,13000
7467,13039
7509,13072
7519,13070
7560,13132
7590,13178
7621,13182
7636,13211
7668,13208
7701,13235
7718,13258
7735,13265
7761,13285
7806,13303
7803,13301
7852,13316
7881,13344
7894,13351
7918,13347
7951,13371
7970,13394
7992,13398
8013,13409
8050,13411
8071,13424
8085,13428
8123,13439
8123,13445
8144,13472
8161,13486
8166,13496
8204,13513
8231,13533
8225,13560
8255,13600
8266,13589
8279,13611
8322,13643
8302,13656
8339,13669
8365,13672
8381,13689
8376,13714
8397,13731
8421,13739
8415,13772
8446,13764
8446,13778
8465,13785
8480,13792
8487,13790
8519,13798
8539,13806
8565,13815
8566,13818
8584,13804
8631,13842
8650,13851
8683,13839
8706,13850
8714,13885
8763,13895
8782,13880
8794,13909
8820,13906
8833,13937
8873,13937
8896,13981
8909,13974
8960,14007
8971,14027
9001,14053
9014,14086
9037,14123
9072,14118
9097,14150
9140,14186
9176,14202
9202,14223
9240,14247
9269,14267
9286,14276
9311,14314
9333,14340
9368,14336
9401,14379
9429,14405
9444,14408
9490,14421
9499,14427
9534,14454
9551,14475
9592,14484
9597,14490
9644,14523
9672,14506
9698,14507
9739,14536
9762,14543
9782,14556
9822,14583
9843,14590
9874,14594
9901,14630
9936,14646
9973,14651
9981,14677
10024,14700
10046,14730
10061,14729
10078,14775
10127,14792
10149,14800
10173,14845
10197,14850
10224,14890
10251,14907
10262,14928
10284,14937
10295,14945
10324,14972
10354,14957
10354,14973
10379,15003
10389,14996
10420,15027
10415,15011
10434,15056
10464,15032
10474,15078
10501,15054
10505,15066
10529,15078
10544,15069
10563,15063
10574,15082
10586,15069
10613,15085
10646,15103
10653,15101
10677,15124
10690,15140
10705,15157
10720,15154
10742,15180
10755,15205
10793,15214
10815,15223
10839,15252
10848,15272
10885,15296
10930,15343
10929,15345
10968,15369
10985,15391
11015,15424
11046,15436
11081,15492
11110,15501
11124,15514
11119,15545
11158,15566
11172,15590
11211,15585
11240,15599
11254,15635
11297,15663
11312,15674
11355,15701
11373,15719
11408,15762
11437,15757
11468,15772
11493,15807
11499,15801
11546,15822
11548,15862
11585,15869
11604,15878
11640,15946
11662,15954
11687,15968
11712,16014
11750,16046
11778,16062
11799,16103
11828,16123
11857,16181
11890,16197
11942,16229
11957,16283
11974,16299
12002,16338
12043,16368
12055,33
12080,60
12113,60
12150,123
12168,122
12197,191
12215,209
12257,247
12277,254
12310,317
12319,329
12340,345
12374,362
12399,400
12408,397
12448,440
12452,451
12460,450
12504,476
12527,480
12520,504
12552,540
12553,554
12566,588
12583,579
12593,605
12624,608
12635,621
12670,643
12666,646
12675,679
12688,696
12722,752
12719,746
12757,778
12762,809
12773,812
12805,850
12815,885
12819,917
12838,945
12863,998
12861,985
12918,1029
12922,1070
12934,1099
12986,1136
12997,1165
13021,1215
13034,1233
13058,1273
13104,1278
13121,1352
13141,1372
13162,1385
13191,1408
13209,1477
13238,1468
13260,1502
13291,1536
13318,1562
13321,1610
13360,1622
13417,1649
13401,1704
13441,1727
13488,1756
13502,1792
13541,1871
13569,1881
13596,1916
13621,1979
13642,2021
13662,2078
13709,2109
13746,2133
13770,2195
13782,2280
13821,2339
13856,2364
13877,2420
13897,2452
13957,2524
13960,2587
13983,2653
14021,2713
14064,2750
14091,2826
14097,2871
14130,2881
14177,2934
14201,2992
14229,3052
14280,3064
14267,3087
14310,3108
14348,3151
14363,3228
14381,3219
14392,3254
14440,3322
14477,3328
14479,3326
14490,3358
14522,3393
14561,3418
14578,3446
14600,3474
14619,3498
14648,3487
14661,3532
14681,3526
14709,3529
14736,3550
14718,3564
14775,3584
14793,3578
14804,3648
14831,3641
14821,3661
14858,3690
14873,3671
14891,3717
14904,3758
14933,3750
14937,3774
14954,3783
14964,3816
15011,3852
15004,3856
15035,3909
15054,3937
15047,3963
15120,3980
15114,4022
15139,4057
15164,4055
15164,4108
15207,4147
15239,4171
15224,4202
15257,4235
15295,4274
15308,4293
15346,4324
15368,4340
15381,4366
15428,4381
15446,4407
15480,4435
15497,4447
15516,4454
15558,4512
15559,4511
15590,4515
15632,4539
15661,4557
15663,4591
15688,4596
15753,4634
15721,4668
15770,4681
15824,4682
15826,4693
15871,4726
15882,4761
15914,4760
15947,4787
15969,4787
16014,4829
16038,4826
16077,4826
16083,4864
16128,4913
16164,4912
16164,4923
16194,4996
16228,4984
16263,5019
16296,5034
16307,5079
16357,5104
16351,5100
3,5144
16,5177
48,5196
91,5225
102,5233
141,5277
159,5287
200,5308
215,5358
246,5376
260,5389
288,5417
307,5431
340,5457
340,5466
359,5497
383,5507
408,5540
431,5542
441,5542
460,5572
492,5580
511,5591
517,5577
552,5586
568,5607
583,5602
597,5616
618,5610
625,5632
637,5633
640,5640
656,5626
657,5644
719,5641
712,5660
711,5663
766,5664
760,5658
781,5679
794,5673
842,5666
838,5692
861,5712
886,5706
900,5741
921,5743
941,5747
970,5764
979,5776
1015,5798
1024,5803
1054,5826
1069,5863
1097,5871
1134,5891
1154,5931
1191,5941
1211,5968
1226,5984
1259,6010
1282,6022
1320,6044
1341,6054
1371,6079
1396,6113
1427,6126
1439,6150
1456,6174
1488,6174
1522,6208
1556,6230
1560,6239
1591,6255
1617,6281
1674,6278
1707,6330
1717,6334
1770,6354
1768,6354
1805,6375
1833,6411
1854,6408
1890,6416
1905,6425
1948,6460
1972,6470
2011,6473
2027,6484
2056,6508
2076,6520
2117,6553
2150,6549
2182,6560
2199,6601
2225,6612
2274,6620
2297,6631
2328,6665
2341,6673
2374,6717
2393,6726
2423,6749
2444,6752
2487,6768
2497,6799
2504,6807
2539,6835
2553,6843
2606,6855
2593,6904
2653,6909
2678,6932
2696,6960
2702,6973
2742,6997
2738,6991
2779,7007
2787,7024
2803,7030
2811,7050
2833,7077
2840,7076
2857,7110
2877,7103
2879,7117
2904,7108
2915,7121
2937,7124
2950,7129
2959,7147
2979,7145
3018,7169
3031,7170
3067,7205
3070,7197
3085,7212
3115,7222
3122,7236
3145,7247
3176,7269
3198,7287
3210,7296
3231,7321
3262,7342
3302,7354
3325,7387
3354,7385
3357,7418
3383,7458
3405,7469
3452,7504
3499,7523
3507,7559
3521,7582
3539,7585
3587,7639
3608,7662
3626,7702
3665,7709
3689,7747
3700,7752
3731,7797
3769,7839
3783,7859
3820,7906
3832,7934
3853,7934
3901,7972
3914,8000
3954,8035
3967,8042
4025,8085
4037,8096
4060,8152
4081,8147
4130,8181
4148,8194
4167,8234
4173,8251
4211,8269
4226,8307
4274,8330
4294,8381
4319,8388
4353,8422
4349,8445
4393,8487
4413,8527
4453,8547
4478,8585
4516,8626
4537,8659
4566,8710
4608,8764
4613,8788
4620,8816
4665,8849
4681,8904
4716,8904
4737,8955
4748,8976
4766,9013
4787,9051
4811,9054
4843,9105
4856,9117
4861,9147
4907,9161
4914,9190
4941,9203
4950,9184
4968,9207
4960,9212
5014,9224
5014,9258
5023,9248
5027,9272
5061,9301
5086,9317
5064,9352
5109,9348
5124,9364
5134,9371
5150,9366
5178,9416
5179,9453
5192,9481
5230,9507
5235,9513
5258,9547
5283,9608
5311,9624
5347,9698
5357,9746
5389,9780
5381,9848
5438,9882
5440,9887
5485,9946
5502,9968
5522,10012
5545,10083
5568,10100
5567,10165
5640,10199
5650,10235
5678,10251
5696,10311
5737,10324
5753,10329
5772,10392
5801,10431
5840,10464
5850,10491
5865,10514
5924,10548
5947,10578
5988,10584
6015,10661
6035,10687
6065,10730
6103,10783
6126,10823
6166,10880
6199,10891
6220,10973
6235,10999
6250,11074
6304,11114
6335,11184
6364,11190
6388,11267
6409,11317
6458,11385
6505,11408
6488,11498
6550,11534
6576,11595
6592,11622
6627,11667
6650,11724
6661,11733
6699,11733
6700,11816
6749,11826
6783,11843
6799,11862
6829,11885
6852,11921
6883,11950
6886,11957
6924,11955
6947,11965
6975,11999
6995,11976
7028,12038
7024,12039
7057,12056
7081,12062
7113,12088
7098,12084
7140,12097
7153,12149
7164,12150
7215,12169
7197,12207
7229,12231
7244,12269
7256,12283
7282,12316
7284,12332
7308,12365
7322,12369
7341,12404
7357,12421
7388,12452
7377,12463
7408,12518
7433,12534
7461,12558
7477,12575
7503,12597
7514,12596
7533,12594
7572,12630
7567,12635
7624,12666
7641,12664
7641,12688
7690,12682
7694,12711
7738,12733
7754,12742
7793,12748
7814,12786
7809,12782
7843,12778
7882,12822
7907,12843
7920,12882
7961,12893
8010,12948
8004,12960
8061,12993
8083,13028
8103,13037
8118,13102
8146,13123
8175,13146
8194,13166
8229,13184
8256,13227
8267,13241
8317,13278
8346,13327
8348,13363
8386,13372
8401,13389
8448,13406
8448,13421
8501,13450
8536,13460
8545,13462
8586,13485
8601,13521
8644,13511
8644,13530
8695,13537
8714,13557
8745,13562
8774,13584
8785,13580
8839,13604
8842,13608
8867,13622
8906,13657
8924,13655
8954,13676
8970,13692
9015,13717
9038,13739
9058,13760
9068,13784
9112,13788
9115,13831
9150,13830
9180,13863
9190,13890
9203,13894
9219,13930
9250,13940
9263,13964
9274,13985
9292,14004
9296,14006
9315,14013
9337,14015
9381,14031
9375,14038
9392,14058
9410,14039
9415,14045
9448,14070
9455,14058
9456,14056
9481,14052
9494,14073
9508,14073
9523,14060
9528,14086
9549,14081
9577,14093
9610,14088
9613,14111
9635,14104
9664,14120
9691,14131
9708,14161
9735,14158
9775,14176
9796,14196
9789,14238
9818,14254
9863,14264
9877,14313
9913,14307
9929,14344
9951,14362
9983,14394
9998,14394
10009,14397
10048,14449
10077,14466
10097,14503
10118,14510
10143,14537
10192,14541
10222,14560
10241,14570
10272,14559
10301,14573
10328,14594
10344,14600
10367,14621
10397,14632
10435,14643
10451,14641
10484,14666
10523,14687
10542,14708
10555,14714
10605,14749
10614,14747
10653,14783
10704,14781
10734,14812
10759,14825
10788,14864
10826,14892
10825,14913
10874,14933
10887,14969
10917,14988
10956,15007
10981,15041
11018,15085
11037,15123
11046,15099
11072,15124
11127,15149
11144,15170
11161,15205
11199,15209
11228,15242
11243,15249
11274,15263
11272,15264
11287,15293
11329,15290
11344,15306
11373,15333
11380,15332
11415,15338
11419,15373
11434,15349
11444,15365
11482,15375
11502,15362
11523,15394
11532,15410
11549,15405
11573,15423
11582,15430
11608,15454
11612,15445
11632,15464
11652,15478
11674,15492
11685,15502
11711,15544
11718,15540
11748,15578
11767,15596
11791,15599
11801,15635
11829,15662
11832,15674
11855,15694
11874,15713
11890,15750
11927,15763
11950,15784
11982,15822
12000,15846
12020,15839
12059,15857
12071,15903
12093,15921
12109,15943
12124,15934
12159,15963
12181,15976
12196,16008
12229,16012
12251,16028
12283,16055
12314,16068
12328,16106
12345,16136
12372,16150
12410,16168
12437,16181
12456,16234
12474,16250
12527,16270
12546,16310
12561,16349
12585,3
12634,40
12636,72
12681,111
12700,146
12721,182
12755,223
12804,244
12811,282
12836,319
12865,343
12915,395
12901,449
12930,468
12991,532
13017,555
13049,587
13059,625
13076,662
13126,670
13141,706
13174,721
13186,771
13225,784
13244,814
13252,834
13291,866
13348,920
13346,920
13369,962
13392,1003
13426,986
13445,1040
13458,1064
13490,1092
13504,1119
13524,1140
13554,1188
13573,1203
13588,1239
13602,1248
13605,1301
13633,1275
13654,1344
13658,1364
13689,1407
13709,1388
13726,1466
13745,1477
13767,1515
13778,1548
13783,1547
13804,1566
13825,1605
13833,1638
13857,1673
13847,1702
13874,1704
13901,1745
13910,1750
13931,1773
13951,1827
13961,1828
13976,1875
13995,1899
14019,1929
14034,1959
14072,1985
14093,1996
14102,2029
14152,2035
14199,2093
14215,2127
14238,2148
14236,2182
14271,2225
14285,2197
14309,2266
14335,2278
14377,2322
14374,2356
14412,2385
14435,2412
14453,2484
14494,2494
14526,2550
14523,2586
14592,2623
14591,2629
14623,2685
14637,2770
14694,2800
14726,2832
14741,2907
14775,2917
14785,2929
14838,3020
14853,3040
14902,3111
14944,3182
14949,3195
14973,3265
15012,3306
15049,3378
15061,3420
15076,3460
15108,3516
15155,3549
15167,3565
15212,3630
15209,3640
15261,3697
15288,3716
15336,3764
15333,3803
15360,3800
15388,3857
15425,3889
15449,3900
15480,3928
15505,3943
15509,3965
15541,4002
15570,4014
15589,4059
15623,4060
15644,4071
15662,4096
15704,4099
15696,4121
15740,4130
15762,4145
15760,4162
15806,4167
15809,4183
15814,4187
15851,4206
15867,4238
15878,4244
15905,4245
15933,4279
15930,4280
15951,4294
15971,4312
15978,4338
16010,4341
16035,4365
16043,4390
16038,4400
16093,4417
16106,4454
16098,4476
16124,4493
16151,4528
16162,4530
16186,4554
16219,4606
16249,4620
16256,4644
16261,4674
16285,4700
16316,4732
16348,4761
16349,4773
16372,4821
14,4828
48,4845
77,4875
128,4886
126,4906
129,4916
186,4920
196,4960
205,4954
251,4984
264,5002
294,5006
327,5033
332,5039
358,5080
380,5067
425,5089
449,5099
488,5140
503,5131
533,5154
570,5173
600,5190
629,5218
656,5230
701,5209
697,5245
749,5271
737,5290
808,5316
815,5337
823,5355
864,5360
896,5418
915,5419
942,5424
988,5473
1004,5485
1047,5504
1072,5524
1098,5570
1117,5583
1147,5599
1176,5641
1215,5655
1225,5676
1264,5709
1274,5711
1319,5738
1333,5750
1343,5788
1396,5809
1381,5815
1421,5831
1432,5844
1456,5866
1485,5871
1516,5887
1524,5930
1537,5914
1585,5937
1592,5924
1609,5959
1623,5944
1619,5957
1654,5968
1672,5969
1675,5983
1690,5986
1705,5982
1735,5997
1721,5995
1764,6000
1777,6006
1767,6014
1776,6021
1814,6021
1825,6025
1853,6022
1860,6029
1884,6048
1914,6026
1940,6052
1944,6069
1965,6068
1995,6088
1984,6098
2008,6097
2031,6127
2048,6124
2078,6144
2097,6180
2142,6185
2162,6210
2182,6230
2202,6240
2222,6264
2259,6289
2297,6314
2312,6340
2345,6357
2380,6367
2389,6400
2416,6408
2459,6445
2454,6439
2480,6457
2508,6484
2543,6516
2575,6523
2604,6562
2609,6564
2645,6598
2664,6624
2706,6650
2729,6649
2766,6688
2802,6697
2813,6700
2846,6720
2868,6731
2902,6761
2937,6755
2979,6757
2987,6783
3019,6820
3055,6831
3054,6833
3089,6851
3145,6879
3148,6892
3190,6918
3221,6937
3250,6938
3270,6982
3300,7005
3347,7007
3360,7033
3390,7041
3418,7072
3446,7085
3477,7104
3482,7139
3517,7165
3544,7190
3561,7208
3604,7234
3612,7271
3635,7279
3654,7315
3672,7327
3715,7355
3740,7360
3758,7385
3781,7395
3806,7423
3803,7450
3815,7453
3856,7452
3856,7466
3893,7499
3890,7516
3914,7522
3941,7509
3930,7508
3954,7536
3941,7554
3985,7582
4008,7558
4037,7591
4032,7570
4064,7577
4073,7596
4080,7617
4106,7617
4105,7634
4150,7642
4164,7678
4169,7683
4200,7701
4210,7712
4241,7744
4258,7763
4274,7798
4315,7813
4328,7830
4351,7862
4373,7868
4418,7915
4442,7960
4465,7979
4470,8036
4524,8047
4545,8077
4546,8098
4595,8141
4638,8191
4628,8216
4665,8247
4670,8261
4707,8315
4716,8320
4774,8350
4805,8391
4826,8402
4822,8453
4856,8469
4885,8467
4940,8524
4955,8525
4993,8585
5026,8620
5033,8635
5062,8644
5101,8704
5113,8723
5154,8749
5167,8791
5204,8810
5204,8846
5257,8893
5286,8940
5296,8954
5319,9032
5374,9022
5387,9086
5417,9133
5462,9197
5453,9228
5490,9284
5541,9339
5557,9359
5578,9405
5605,9451
5641,9481
5666,9555
5679,9537
5714,9606
5733,9658
5739,9649
5786,9720
5796,9755
5820,9760
5846,9812
5852,9833
5862,9844
5901,9859
5931,9901
5942,9899
5961,9893
5980,9929
5996,9942
6017,9993
6020,9966
6053,9995
6082,10022
6086,10035
6115,10061
6109,10084
6129,10086
6173,10098
6180,10140
6189,10179
6193,10203
6215,10237
6246,10256
6248,10274
6257,10295
6290,10343
6289,10401
6326,10435
6322,10462
6349,10502
6391,10524
6395,10573
6409,10618
6438,10641
6469,10671
6468,10688
6501,10729
6535,10766
6544,10782
6587,10830
6604,10902
6621,10901
6657,10891
6696,10930
6710,10972
6732,10995
6781,11011
6775,11039
6808,11080
6847,11082
6866,11138
6896,11166
6930,11202
6965,11244
6975,11275
7002,11314
7025,11382
7066,11403
7099,11459
7121,11522
7168,11554
7181,11620
7220,11661
7263,11692
7271,11783
7290,11782
7339,11867
7360,11882
7393,11940
7422,11988
7472,12012
7489,12068
7517,12097
7527,12135
7546,12163
7590,12178
7608,12187
7639,12237
7671,12267
7694,12270
7723,12304
7747,12315
7771,12313
7807,12357
7830,12356
7879,12387
7884,12379
7913,12413
7953,12433
7974,12463
7977,12472
8013,12483
8051,12519
8034,12540
8065,12558
8096,12612
8130,12632
8137,12665
8156,12695
8179,12709
8191,12735
8191,12744
8221,12751
8240,12791
8263,12827
8281,12868
8307,12866
8320,12884
8327,12912
8326,12939
8362,12954
8365,12937
8392,12949
8385,12973
8414,12999
8419,12957
8458,12972
8454,12978
8489,12978
8508,13010
8533,13008
8544,13002
8580,13022
8603,13047
8638,13041
8631,13032
8654,13058
8693,13071
8718,13125
8749,13114
8776,13164
8803,13191
8817,13226
8839,13221
8858,13266
8902,13308
8918,13330
8939,13353
8971,13377
8999,13411
9025,13450
9065,13465
9080,13489
9115,13512
9136,13527
9172,13582
9173,13581
9207,13609
9245,13603
9268,13655
9296,13642
9309,13659
9354,13681
9358,13687
9400,13702
9423,13709
9467,13729
9468,13730
9507,13744
9538,13746
9560,13772
9583,13797
9628,13776
9647,13811
9700,13834
9699,13847
9747,13883
9776,13894
9795,13909
9820,13926
9844,13952
9885,13992
9903,13996
9925,14028
9965,14054
10006,14070
10017,14104
10042,14119
10053,14134
10078,14143
10112,14188
10159,14216
10160,14224
10181,14237
10208,14262
10224,14275
10241,14277
10269,14279
10269,14299
10281,14303
10308,14314
10313,14312
10324,14315
10366,14330
10385,14333
10404,14314
10427,14332
10452,14314
10456,14331
10479,14347
10492,14355
10475,14379
10496,14378
10530,14368
10545,14356
10566,14386
10587,14387
10584,14387
10594,14430
10624,14420
10644,14440
10669,14456
10704,14462
10718,14503
10732,14520
10741,14522
10782,14566
10786,14563
10798,14597
10836,14590
10872,14637
10894,14643
10917,14667
10934,14698
10953,14702
10969,14719
10998,14729
11017,14748
11020,14766
11084,14805
11077,14775
11137,14794
11173,14811
11193,14826
11198,14814
11253,14837
11277,14855
11289,14869
11319,14888
11344,14913
11371,14911
11387,14932
11432,14952
11434,14973
11490,15000
11500,15013
11518,15033
11568,15062
11577,15087
11625,15099
11640,15117
11691,15163
11730,15189
11752,15222
11797,15237
11809,15282
11856,15311
11883,15329
11904,15354
11929,15380
11973,15411
12004,15434
12016,15463
12044,15490
12064,15492
12086,15524
12135,15546
12148,15549
12185,15587
12192,15598
12236,15629
12247,15634
12276,15649
12279,15681
12322,15696
12359,15695
12369,15713
12374,15718
12402,15731
12401,15716
12442,15753
12464,15766
12487,15779
12500,15792
12509,15812
12526,15851
12582,15863
12571,15879
12573,15889
12605,15912
12619,15914
12658,15934
12662,15973
12667,15989
12698,15997
12719,16034
12741,16055
12741,16062
12765,16063
12779,16085
12780,16110
12815,16122
12811,16142
12861,16157
12869,16193
12900,16216
12917,16231
12947,16255
12968,16282
12988,16309
13016,16308
13022,16337
13079,16367
13077,16381
13095,16
13119,49
13165,63
13194,91
13198,106
13209,143
13230,139
13262,168
13299,207
13334,222
13349,266
13385,299
13412,330
13444,389
13457,374
13479,437
13502,472
13529,506
13573,519
13599,585
13611,641
13659,649
13658,719
13692,747
13707,800
13757,855
13786,862
13817,921
13876,961
13889,1013
13926,1054
13933,1119
13962,1124
13998,1176
14020,1209
14067,1288
14076,1310
14121,1336
14133,1388
14150,1425
14184,1481
14223,1489
14245,1533
14282,1574
14293,1627
14320,1635
14358,1685
14369,1690
14407,1743
14410,1750
14440,1794
14469,1828
14469,1865
14529,1848
14552,1881
14571,1909
14575,1966
14616,2010
14643,2003
14674,2061
14682,2044
14678,2083
14689,2104
14735,2158
14751,2167
14773,2184
14781,2234
14810,2208
14806,2274
14843,2290
14841,2325
14870,2359
14883,2361
14895,2423
14924,2430
14921,2492
14953,2519
14962,2544
14962,2571
14982,2587
15017,2641
15024,2690
15040,2643
15055,2707
15075,2745
15126,2748
15129,2805
15144,2830
15164,2847
15214,2871
15225,2919
15231,2951
15241,2989
15280,3012
15324,3056
15345,3053
15348,3091
15382,3114
15423,3145
15441,3167
15466,3202
15498,3271
15507,3271
15548,3314
15574,3298
15601,3323
15620,3377
15634,3358
15676,3452
15707,3427
15754,3508
15768,3512
15803,3541
15813,3609
15866,3656
15898,3661
15921,3719
15953,3764
15984,3775
16001,3823
16035,3872
16082,3920
16090,3950
16125,3984
16147,4014
16193,4074
16218,4081
16243,4138
16273,4192
16308,4222
16341,4243
16373,4287
6,4316
54,4362
51,4419
103,4435
112,4451
130,4491
173,4516
181,4555
208,4560
237,4592
273,4597
287,4646
300,4656
337,4687
367,4709
376,4713
398,4711
425,4726
436,4713
452,4740
484,4754
501,4771
508,4784
547,4809
559,4820
557,4822
574,4823
602,4847
621,4849
634,4824
630,4858
671,4868
683,4867
714,4889
721,4888
755,4895
764,4918
778,4924
801,4937
807,4917
832,4952
826,4975
851,4971
907,5012
910,5020
941,5055
955,5049
966,5084
1002,5122
1029,5125
1067,5151
1082,5195
1110,5212
1131,5229
1164,5270
1173,5271
1196,5316
1233,5325
1272,5372
1288,5363
1311,5401
1327,5423
1356,5456
1372,5436
1407,5487
1424,5507
1445,5542
1485,5556
1501,5569
1544,5594
1547,5607
1577,5623
1633,5624
1652,5646
1663,5668
1707,5673
1747,5690
1776,5705
1800,5710
1817,5732
1837,5761
1832,5761
1875,5761
1900,5790
1929,5798
1987,5826
1991,5836
2021,5843
2062,5856
2102,5892
2108,5895
2147,5899
2166,5932
2198,5924
2237,5965
2251,5952
2296,5983
2312,5988
2333,6038
2363,6011
2387,6065
2411,6071
2429,6073
2460,6112
2482,6121
2518,6150
2545,6161
2551,6182
2585,6209
2619,6216
2630,6215
2663,6262
2667,6260
2684,6278
2694,6265
2722,6307
2742,6309
2735,6323
2772,6336
2777,6357
2796,6352
2821,6364
2820,6378
2840,6404
2865,6406
2885,6428
2904,6422
2934,6442
2945,6426
2952,6442
2956,6453
2976,6452
2997,6446
3000,6469
3005,6460
3053,6471
3076,6487
3082,6491
3093,6499
3107,6489
3124,6506
3166,6533
3181,6537
3210,6564
3232,6577
3255,6580
3284,6596
3314,6611
3353,6639
3359,6628
3402,6658
3425,6675
3419,6682
3454,6735
3483,6734
3508,6766
3552,6796
3568,6812
3589,6843
3606,6859
3666,6878
3684,6919
3713,6930
3744,6980
3767,6995
3802,7026
3828,7040
3837,7059
3880,7084
3896,7105
3927,7125
3980,7152
3992,7174
4012,7213
4048,7210
4076,7244
4097,7277
4117,7291
4160,7303
4173,7323
4225,7359
4252,7352
4246,7401
4305,7406
4319,7431
4361,7449
4381,7467
4428,7489
4442,7495
4480,7520
4490,7544
4525,7559
4536,7588
4551,7614
4608,7650
4613,7659
4631,7685
4663,7731
4694,7721
4716,7768
4749,7791
4769,7813
4772,7828
4805,7858
4820,7886
4832,7903
4865,7924
4898,7949
4881,7961
4907,7985
4934,8025
4951,8039
4958,8028
4984,8044
4989,8060
5028,8096
5031,8085
5057,8115
5068,8097
5083,8113
5108,8137
5126,8156
5125,8154
5160,8174
5139,8178
5183,8199
5208,8195
5215,8228
5257,8216
5254,8237
5297,8271
5311,8330
5327,8331
5346,8347
5385,8366
5387,8425
5414,8466
5438,8504
5465,8514
5504,8580
5535,8582
5543,8609
5583,8662
5597,8696
5610,8737
5641,8766
5696,8819
5704,8856
5721,8856
5761,8924
5790,8963
5814,9040
5842,9032
5857,9086
5894,9114
5910,9095
5945,9173
5978,9201
6013,9226
6019,9267
6064,9290
6084,9324
6114,9328
6124,9333
6148,9408
6220,9460
6237,9478
6253,9495
6278,9546
6303,9613
6328,9648
6372,9691
6385,9721
6408,9778
6451,9825
6486,9855
6485,9933
6512,9976
6564,9986
6583,10055
6615,10132
6625,10167
6666,10239
6701,10261
6723,10320
6740,10371
6751,10387
6772,10430
6799,10485
6849,10505
6844,10541
6877,10599
6902,10610
6926,10593
6939,10636
6970,10692
6986,10674
6995,10692
7022,10720
7035,10753
7054,10732
7085,10755
7094,10770
7114,10774
7126,10764
7152,10810
7169,10857
7163,10865
7225,10895
7210,10929
7230,10947
7245,10944
7252,10994
7279,11034
7306,11060
7328,11089
7319,11086
7326,11150
7357,11203
7393,11233
7397,11263
7409,11289
7421,11298
7447,11322
7470,11380
7487,11381
7501,11394
7517,11424
7546,11448
7584,11477
7598,11498
7615,11528
7633,11523
7664,11558
7708,11586
7721,11597
7749,11636
7766,11652
7783,11671
7847,11694
7845,11742
7881,11749
7914,11762
7941,11834
7973,11865
8001,11900
8022,11928
8048,11979
8080,12064
8098,12062
8115,12087
8146,12144
8185,12192
8204,12240
8233,12291
8264,12304
8277,12363
8312,12409
8346,12430
8382,12457
8416,12477
8445,12495
8456,12534
8486,12584
8527,12568
8540,12596
8581,12633
8610,12647
8623,12672
8661,12702
8706,12704
8715,12733
8742,12728
8771,12772
8808,12782
8819,12799
8854,12824
8885,12823
8889,12853
8942,12906
8971,12917
8998,12947
9027,12974
9038,12981
9051,13036
9068,13058
9089,13081
9135,13109
9150,13132
9177,13156
9184,13163
9212,13214
9220,13222
9235,13262
9253,13273
9280,13301
9312,13296
9308,13303
9326,13318
9346,13306
9365,13310
9364,13326
9409,13345
9417,13340
9428,13319
9433,13339
9459,13342
9466,13338
9471,13333
9496,13343
9519,13352
9522,13371
9547,13372
9596,13386
9594,13383
9627,13405
9646,13414
9663,13458
9700,13463
9716,13489
9760,13512
9750,13533
9788,13562
9798,13583
9817,13615
9838,13635
9861,13639
9898,13670
9925,13702
9958,13721
9982,13772
9997,13781
10012,13770
10055,13811
10080,13828
10093,13833
10123,13857
10152,13880
10189,13865
10200,13897
10217,13880
10244,13897
10264,13917
10284,13917
10330,13940
10348,13937
10375,13968
10410,13964
10447,14012
10466,14013
10500,14009
10515,14040
10566,14040
10591,14060
10636,14098
10643,14095
10671,14121
10697,14150
10725,14200
10770,14222
10786,14244
10815,14236
10846,14282
10867,14321
10901,14336
10943,14349
10952,14368
10987,14394
10993,14415
11026,14418
11043,14458
11080,14489
11115,14495
11129,14501
11139,14539
11181,14537
11205,14555
11224,14556
11236,14566
11260,14567
11281,14580
11297,14570
11329,14586
11348,14590
11340,14598
11370,14611
11393,14591
11420,14626
11451,14624
11469,14637
11477,14622
11511,14677
11510,14662
11517,14647
11533,14664
11558,14664
11579,14712
11600,14707
11620,14744
11632,14768
11653,14765
11665,14790
11682,14798
11681,14822
11705,14841
11711,14857
11750,14853
11764,14875
11784,14874
11815,14907
11826,14909
11829,14935
11860,14946
11864,14963
11893,14973
11901,14978
11929,14981
11944,14998
11973,15001
12003,15040
12022,15023
12061,15035
12068,15069
12094,15058
12121,15087
12148,15094
12171,15107
12207,15119
12260,15167
12271,15165
12288,15190
12312,15215
12325,15223
12372,15252
12393,15258
12409,15291
12450,15334
12457,15351
12469,15382
12530,15419
12541,15443
12578,15481
12617,15502
12653,15559
12680,15566
12713,15587
12733,15613
12758,15646
12801,15681
12816,15690
12846,15706
12878,15767
12914,15759
12930,15786
12950,15832
13006,15835
13025,15861
13050,15878
13086,15921
13140,15936
13130,15943
13172,15964
13193,15997
13232,16014
13249,16021
13275,16071
13305,16074
13322,16070
13351,16102
13377,16150
13409,16162
13424,16177
13454,16197
13462,16252
13493,16251
13500,16287
13518,16318
13555,16339
13566,16373
13596,15
13628,22
13633,39
13663,76
13666,89
13704,115
13708,131
13733,136
13735,169
13750,207
13782,192
13808,226
13802,274
13828,288
13837,307
13861,300
13868,322
13887,327
13900,347
13912,362
13929,373
13963,399
13990,434
14007,460
14021,455
14062,462
14070,530
14087,541
14122,535
14138,606
14151,617
14193,630
14216,644
14234,695
14282,714
14301,737
14310,789
14333,825
14370,838
14399,906
14421,947
14455,967
14484,1014
14497,1051
14529,1086
14588,1144
14592,1204
14609,1241
14643,1295
14654,1336
14699,1382
14709,1426
14749,1459
14770,1530
14802,1574
14837,1625
14868,1656
14893,1716
14917,1756
14963,1794
14970,1861
15003,1907
15043,1930
15045,1969
15084,1999
15130,2077
15145,2066
15166,2139
15216,2214
15208,2205
15245,2237
15292,2300
15318,2330
15326,2346
15371,2386
15404,2430
15396,2458
15439,2499
15461,2495
15502,2550
15524,2586
15569,2595
15558,2632
15591,2660
15614,2695
15639,2709
15670,2748
15686,2788
15713,2797
15739,2815
15760,2850
15774,2862
15781,2887
15782,2915
15808,2953
15850,2986
15876,3000
15883,3032
15902,3056
15909,3082
15915,3107
15932,3150
15948,3159
15978,3187
15998,3269
16008,3275
16029,3282
16047,3315
16060,3317
16060,3343
16076,3405
16101,3414
16126,3432
16132,3474
16145,3508
16179,3505
16197,3528
16206,3564
16221,3617
16241,3607
16294,3624
16286,3658
16323,3691
16353,3709
16372,3696
4,3746
27,3791
51,3787
82,3822
103,3852
133,3865
140,3903
178,3926
202,3951
247,3985
271,4003
299,4034
321,4052
351,4051
382,4100
408,4110
437,4150
465,4176
489,4179
530,4235
557,4267
583,4287
605,4297
637,4345
673,4361
700,4398
714,4459
769,4464
783,4486
822,4537
846,4569
879,4606
913,4641
956,4672
976,4703
1025,4747
1044,4794
1064,4812
1097,4838
1132,4864
1162,4899
1167,4939
1214,4970
1204,4985
1256,4999
1271,5033
1306,5036
1319,5069
1345,5098
1384,5114
1398,5139
1439,5152
1428,5154
1457,5153
1501,5203
1496,5214
1521,5210
1543,5224
1564,5227
1583,5234
1601,5235
1605,5264
1628,5274
1648,5271
1669,5270
1679,5276
1686,5314
1721,5289
1732,5302
1746,5300
1790,5306
1793,5336
1799,5337
1835,5331
1857,5359
1861,5337
1887,5357
1910,5380
1902,5395
1937,5405
1932,5391
1982,5428
1998,5435
2012,5442
2029,5474
2088,5481
2086,5501
2103,5520
2157,5550
2176,5584
2177,5606
2234,5610
2236,5640
2278,5668
2301,5696
2313,5700
2340,5738
2367,5749
2406,5751
2412,5779
2445,5790
2469,5851
2480,5856
2539,5884
2549,5899
2552,5937
2602,5935
2633,5951
2635,5965
2690,5992
2721,6011
2730,6036
2764,6010
2789,6040
2813,6052
2846,6089
2878,6086
2898,6088
2929,6105
2951,6127
2996,6143
3008,6149
3050,6169
3052,6173
3086,6181
3121,6201
3147,6220
3159,6243
3199,6226
3233,6269
3266,6282
3289,6289
3319,6318
3339,6348
3364,6352
3396,6357
3435,6387
3466,6408
3480,6429
3513,6456
3524,6461
3550,6484
3571,6509
3584,6524
3620,6559
3665,6559
3677,6583
3682,6586
3719,6610
3735,6633
3736,6658
3769,6655
3782,6660
3798,6662
3819,6701
3832,6713
3856,6732
3871,6733
3888,6736
3896,6758
3908,6752
3948,6754
3946,6773
3961,6777
3972,6802
4013,6790
4011,6797
4044,6784
4045,6802
4076,6828
4077,6813
4089,6823
4100,6829
4129,6847
4150,6843
4155,6877
4158,6876
4190,6886
4234,6911
4251,6919
4286,6930
4292,6953
4315,6971
4354,6989
4373,7010
4384,7017
4421,7036
4436,7070
4462,7102
4498,7121
4527,7161
4541,7166
4554,7223
4605,7235
4613,7260
4644,7279
4687,7319
4689,7317
4742,7374
4759,7393
4777,7419
4799,7444
4844,7433
4885,7481
4906,7509
4937,7521
4953,7562
4984,7572
5005,7593
5053,7606
5082,7663
5091,7661
5144,7689
5160,7718
5209,7722
5226,7760
5232,7767
5289,7797
5309,7833
5322,7851
5357,7871
5416,7888
5431,7939
5451,7962
5494,8006
5519,8044
5539,8075
5562,8106
5595,8163
5634,8153
5657,8217
5679,8246
5696,8282
5743,8332
5748,8330
5771,8369
5781,8377
5809,8419
5844,8435
5871,8453
5873,8480
5908,8557
5918,8530
5937,8558
5965,8551
5991,8610
5983,8581
6023,8626
6036,8624
6061,8655
6076,8635
6086,8672
6103,8689
6118,8713
6127,8685
6150,8726
6165,8747
6186,8750
6202,8770
6207,8781
6246,8804
6262,8820
6276,8867
6306,8876
6313,8899
6337,8950
6355,8970
6375,8988
6399,9043
6409,9073
6420,9106
6458,9155
6482,9182
6513,9259
6532,9243
6556,9310
6589,9365
6609,9372
6635,9415
6657,9452
6673,9471
6717,9494
6738,9560
6739,9597
6796,9610
6827,9616
6823,9681
6854,9706
6907,9725
6926,9792
6965,9799
6979,9828
7016,9885
7015,9915
7060,9935
7077,9997
7115,10057
7127,10066
7179,10155
7204,10171
7212,10222
7265,10271
7292,10305
7328,10393
7322,10436
7376,10512
7401,10568
7423,10616
7448,10668
7472,10686
7481,10742
7528,10786
7541,10843
7582,10882
7596,10892
7662,10936
7666,10998
7693,11014
7726,11064
7753,11074
7782,11101
7813,11141
7812,11164
7852,11191
7881,11212
7900,11234
7921,11230
7934,11285
7959,11284
7982,11309
7996,11328
8021,11371
8058,11412
8073,11449
8108,11456
8121,11509
8137,11514
8158,11560
8161,11575
8192,11620
8193,11660
8228,11667
8250,11709
8260,11725
8267,11789
8272,11794
8287,11818
8308,11846
8310,11868
8345,11874
8359,11908
8381,11905
8388,11898
8413,11915
8421,11952
8449,11922
8454,11945
8464,11967
8492,11963
8516,11984
8539,11957
8560,11999
8568,12030
8590,12021
8620,12055
8625,12078
8678,12122
8664,12132
8706,12141
8741,12176
8778,12240
8796,12273
8813,12313
8863,12337
8877,12362
8894,12398
8924,12432
8946,12463
8989,12503
8993,12553
9008,12615
9063,12620
9078,12664
9119,12687
9136,12724
9145,12733
9187,12773
9206,12765
9230,12798
9286,12814
9310,12830
9332,12866
9352,12882
9399,12889
9406,12915
9459,12932
9480,12936
9508,12938
9549,12984
9563,12985
9605,13017
9650,13052
9666,13077
9678,13080
9726,13097
9752,13139
9772,13176
9803,13195
9849,13253
9875,13263
9903,13312
9937,13344
9967,13373
10002,13388
10030,13427
10048,13426
10055,13463
10094,13493
10118,13523
10145,13554
10150,13564
10175,13586
10204,13590
10204,13589
10221,13594
10249,13630
10272,13624
10292,13623
10315,13624
10345,13649
10342,13649
10382,13654
10378,13639
10397,13665
10415,13666
10441,13678
10475,13704
10473,13680
10485,13656
10511,13682
10545,13685
10523,13715
10574,13720
10576,13748
10602,13738
10638,13778
10625,13800
10674,13808
10695,13830
10704,13837
10720,13871
10734,13889
10771,13918
10797,13930
10798,13948
10809,13961
10848,13987
10847,14020
10883,14030
10923,14071
10935,14074
10948,14088
10976,14094
11019,14098
11032,14113
11075,14130
11093,14123
11106,14135
11149,14151
11144,14154
11193,14180
11219,14175
11231,14183
11269,14220
11306,14222
11326,14235
11370,14248
11355,14245
11415,14293
11430,14292
11462,14303
11479,14331
11536,14354
11543,14373
11598,14394
11624,14439
11645,14436
11657,14459
11683,14508
11714,14530
11756,14562
11797,14589
11815,14600
11830,14602
11863,14645
11882,14652
11913,14682
11938,14696
11969,14724
12000,14733
12036,14760
12053,14781
12078,14793
12089,14791
12140,14812
12148,14836
12193,14830
12216,14859
12238,14865
12269,14853
12278,14859
12289,14887
12308,14901
12318,14920
12369,14920
12390,14926
12398,14923
12433,14949
12450,14966
12486,14973
12473,14973
12501,14995
12525,15035
12561,15021
12542,15038
12570,15057
12594,15083
12625,15089
12640,15099
12628,15122
12681,15143
12674,15154
12691,15169
12696,15172
12720,15198
12740,15229
12777,15245
12770,15238
12777,15257
12812,15279
12829,15274
12861,15287
12869,15310
12886,15321
12909,15327
12914,15323
12926,15341
12965,15361
12990,15362
12995,15392
13034,15391
13050,15394
13074,15425
13087,15427
13132,15440
13156,15476
13174,15504
13190,15504
13225,15531
13261,15559
13292,15576
13305,15583
13342,15633
13376,15645
13386,15660
13411,15695
13430,15720
13479,15748
13495,15790
13526,15803
13546,15857
13605,15890
13605,15904
13648,15940
13661,15986
13715,16003
13732,16032
13760,16084
13784,16099
13829,16145
13834,16157
13875,16189
13914,16238
13937,16239
13967,16276
13989,16320
14042,16333
14043,16382
14085,16377
14114,53
14137,73
14181,85
14168,109
14239,151
14259,156
14280,202
14317,214
14337,241
14373,286
14406,302
14417,323
14463,343
14465,351
14481,405
14511,430
14547,472
14560,482
14572,496
14601,558
14622,570
14629,598
14645,633
14679,647
14688,697
14715,696
14717,713
14757,731
14772,765
14783,810
14810,862
14827,864
14846,891
14869,909
14881,935
14888,995
14897,990
14919,993
14930,1024
14958,1066
14993,1065
14992,1096
15016,1127
15020,1162
15045,1185
15067,1186
15078,1232
15113,1239
15125,1291
15132,1288
15176,1308
15177,1365
15227,1385
15241,1363
15279,1410
15291,1501
15321,1484
15344,1534
15360,1539
15400,1590
15407,1618
15441,1626
15464,1676
15480,1704
15541,1770
15526,1770
15552,1806
15625,1869
15625,1917
15658,1948
15678,2003
15712,2048
15743,2093
15750,2117
15796,2181
15834,2196
15859,2244
15876,2304
15910,2364
15930,2407
15977,2448
15992,2472
16017,2493
16037,2599
16065,2620
16098,2672
16126,2730
16146,2770
16196,2823
16214,2892
16247,2916
16280,2969
16298,3020
16312,3069
16344,3146
16361,3150
12,3203
12,3220
50,3269
66,3296
97,3325
142,3363
153,3367
185,3406
207,3451
250,3474
254,3511
289,3546
307,3552
332,3566
342,3548
345,3615
378,3621
394,3656
422,3651
447,3650
465,3695
486,3716
483,3725
499,3736
512,3723
536,3749
570,3775
583,3777
598,3782
614,3802
631,3806
671,3833
684,3852
674,3878
717,3850
719,3899
750,3920
744,3932
781,3985
781,3989
800,4011
797,4027
837,4028
867,4083
876,4088
902,4122
900,4143
941,4173
961,4170
998,4209
1023,4233
1013,4304
1044,4284
1088,4315
1115,4339
1141,4393
1140,4412
1184,4448
1199,4487
1205,4505
1232,4542
1267,4566
1289,4593
1322,4626
1366,4626
1366,4666
1407,4687
1443,4701
1474,4730
1492,4734
1535,4787
1545,4785
1590,4788
1606,4818
1605,4853
1649,4866
1668,4891
1686,4892
1735,4921
1755,4939
1798,4950
1814,4990
1860,4994
1869,5018
1921,5046
1954,5066
1977,5063
2013,5091
2048,5124
2060,5163
2109,5133
2126,5176
2150,5189
2174,5218
2197,5231
2215,5259
2252,5292
2289,5300
2303,5314
2350,5345
2367,5391
2418,5410
2424,5412
2460,5466
2494,5452
2493,5484
2519,5493
2532,5527
2578,5550
2596,5555
2608,5590
2630,5593
2649,5621
2682,5627
2676,5641
2697,5653
2723,5664
2739,5690
2752,5706
2761,5711
2787,5720
2801,5762
2825,5747
2831,5761
2854,5786
2880,5764
2870,5784
2886,5786
2919,5797
2943,5811
2943,5817
2968,5840
2981,5816
2960,5810
3012,5831
3020,5853
3048,5847
3069,5856
3090,5856
3113,5863
3137,5876
3162,5880
3177,5893
3195,5904
3230,5917
3242,5933
3275,5951
3311,5947
3318,5972
3357,5994
3383,6009
3400,6023
3428,6036
3463,6050
3491,6083
3506,6100
3515,6115
3555,6143
3578,6157
3605,6192
3627,6215
3667,6222
3694,6257
3709,6296
3756,6304
3777,6334
3826,6350
3815,6371
3860,6386
3903,6394
3917,6428
3936,6451
3958,6471
3997,6495
4020,6500
4038,6524
4073,6523
4092,6546
4114,6559
4145,6599
4164,6598
4210,6581
4225,6631
4257,6651
4277,6649
4318,6655
4338,6680
4336,6691
4393,6699
4428,6702
4456,6738
4464,6746
4476,6750
4518,6780
4549,6781
4563,6821
4598,6818
4624,6844
4641,6853
4670,6866
4684,6892
4705,6893
4742,6927
4741,6937
4781,6957
4794,6987
4802,7011
4840,7012
4847,7034
4853,7059
4884,7067
4908,7080
4923,7099
4937,7111
4948,7145
4977,7129
4994,7150
4998,7152
4997,7165
5021,7176
5054,7190
5061,7189
5073,7218
5106,7232
5121,7224
5124,7242
5138,7255
5169,7243
5188,7256
5173,7267
5223,7279
5240,7311
5242,7311
5261,7299
5298,7316
5303,7333
5331,7372
5374,7360
5385,7371
5407,7401
5426,7437
5453,7449
5490,7477
5492,7492
5519,7532
5531,7537
5570,7580
5594,7590
5606,7660
5635,7641
5669,7667
5706,7731
5733,7745
5746,7775
5804,7814
5830,7844
5862,7888
5896,7896
5899,7947
5924,7950
5944,8015
6007,8034
6006,8053
6056,8069
6072,8096
6111,8142
6105,8125
6144,8169
6186,8188
6218,8221
6242,8246
6273,8306
6305,8325
6336,8352
6367,8346
6381,8406
6392,8439
6453,8483
6498,8482
6489,8495
6537,8562
6574,8602
6605,8660
6624,8685
6660,8721
6694,8771
6704,8806
6727,8856
6764,8870
6767,8953
6811,8997
6824,9008
6839,9037
6859,9080
6901,9113
6909,9132
6930,9152
6943,9185
6966,9192
6993,9234
7022,9260
7040,9263
7062,9295
7090,9292
7088,9326
7094,9308
7118,9356
7140,9351
7172,9360
7177,9400
7192,9404
7217,9419
7216,9448
7235,9461
7265,9497
7273,9482
7303,9528
7322,9571
7357,9603
7365,9618
7378,9623
7379,9678
7420,9710
7417,9774
7444,9791
7476,9845
7495,9887
7500,9933
7537,9940
7557,9998
7581,10019
7597,10069
7615,10091
7661,10143
7676,10152
7697,10217
7718,10235
7757,10271
7769,10313
7807,10324
7809,10363
7846,10371
7885,10421
7918,10436
7940,10499
7949,10506
7972,10545
7999,10559
8046,10574
8077,10661
8079,10709
8109,10748
8143,10781
8172,10822
8197,10835
8234,10903
8260,10969
8293,11014
8333,11063
8350,11127
8385,11218
8400,11236
8441,11303
8445,11333
8466,11385
8501,11423
8531,11468
8571,11505
8576,11534
8617,11542
8628,11564
8661,11632
8695,11648
8728,11692
8735,11698
8790,11740
8797,11761
8826,11778
8851,11788
8864,11829
8884,11819
8921,11848
8944,11876
8971,11907
9002,11942
9022,11960
9049,12003
9061,12012
9086,12074
9115,12099
9131,12125
9136,12137
9194,12166
9204,12216
9225,12218
9228,12278
9251,12278
9252,12318
9273,12335
9321,12346
9333,12374
9309,12399
9338,12422
9365,12417
9384,12430
9401,12424
9406,12470
9399,12451
9418,12460
9455,12464
9471,12479
9476,12490
9513,12483
9543,12508
9538,12507
9563,12493
9585,12517
9592,12504
9636,12529
9633,12549
9649,12582
9670,12598
9703,12617
9714,12656
9761,12655
9774,12692
9800,12728
9816,12756
9837,12781
9849,12837
9892,12840
9925,12867
9929,12895
9972,12925
9993,12985
10040,12983
10047,13054
10074,13065
10090,13080
10128,13108
10152,13136
10149,13170
10196,13168
10229,13183
10250,13195
10287,13202
10313,13241
10348,13235
10367,13246
10387,13283
10439,13305
10455,13310
10483,13314
10527,13327
10534,13341
10565,13358
10606,13382
10638,13397
10658,13425
10686,13450
10713,13470
10744,13514
10774,13534
10797,13550
10826,13592
10849,13602
10918,13630
10923,13661
10971,13704
10989,13730
11019,13755
11061,13780
11069,13803
11080,13820
11130,13836
11149,13871
11164,13904
11192,13918
11208,13906
11234,13942
11263,13928
11272,13950
11293,13947
11304,13954
11315,13963
11361,13973
11380,13975
11399,13966
11412,13976
11420,13981
11462,13992
11464,13992
11492,13997
11514,14021
11525,14021
11535,14032
11544,14016
11578,14030
11582,14050
11604,14068
11623,14085
11639,14099
11668,14124
11686,14114
11695,14156
11722,14150
11738,14169
11768,14203
11756,14213
11773,14232
11814,14258
11830,14276
11828,14297
11849,14284
11871,14322
11908,14328
11931,14343
11941,14337
11955,14351
11986,14377
12018,14382
12038,14398
12064,14398
12094,14402
12085,14409
12125,14429
12149,14436
12178,14439
12226,14466
12243,14460
12262,14474
12288,14499
12319,14519
12327,14539
12357,14559
12388,14566
12401,14581
12451,14591
12466,14621
12503,14633
12527,14666
12550,14702
12566,14719
12626,14746
12652,14759
12677,14809
12693,14810
12735,14845
12737,14887
12778,14880
12805,14906
12816,14918
12853,14962
12887,14975
12898,14968
12933,15010
12958,15041
13002,15038
12991,15045
13037,15056
13080,15092
13117,15121
13132,15136
13154,15124
13163,15158
13198,15162
13219,15178
13266,15194
13262,15194
13305,15214
13325,15227
13358,15243
13374,15254
13410,15282
13426,15288
13451,15295
13479,15326
13496,15332
13510,15349
13519,15351
13538,15386
13579,15395
13580,15401
13606,15410
13619,15451
13629,15467
13646,15463
13675,15484
13682,15508
13706,15538
13740,15548
13744,15564
13755,15579
13765,15605
13778,15631
13774,15612
13801,15629
13849,15656
13870,15672
13871,15685
13887,15680
13910,15688
13937,15711
13957,15711
13970,15736
13980,15748
13986,15762
14044,15770
14033,15797
14067,15795
14084,15828
14096,15843
14099,15868
14162,15856
14180,15889
14197,15900
14206,15896
14226,15938
14259,15969
14289,15971
14288,15998
14347,16011
14361,16051
14386,16068
14395,16114
14447,16159
14494,16186
14492,16217
14525,16228
14558,16266
14606,16304
14605,16357
14666,7
14696,43
14689,82
14713,111
14764,172
14779,172
14819,218
14852,256
14864,289
14874,310
14921,351
14958,392
14976,429
15017,470
15030,501
15082,508
15098,580
15125,622
15174,628
15180,659
15213,693
15247,731
15284,768
15308,773
15326,826
15366,854
15406,897
15431,909
15441,966
15473,1019
15502,1042
15543,1065
15549,1077
15582,1118
15612,1138
15601,1193
15635,1225
15666,1246
15688,1255
15695,1267
15716,1295
15740,1331
15774,1329
15785,1371
15807,1425
15812,1470
15833,1504
15851,1496
15894,1546
15876,1585
15911,1601
15906,1657
15937,1674
15968,1703
15970,1723
15978,1777
16010,1774
16013,1824
16029,1827
16042,1865
16070,1907
16070,1920
16101,1964
16112,1978
16129,2018
16156,2015
16195,2067
16208,2086
16236,2120
16231,2119
16253,2165
16296,2194
16295,2233
16331,2223
16356,2299
16380,2317
6,2338
49,2348
47,2413
90,2415
107,2429
120,2480
142,2500
162,2518
202,2576
241,2600
249,2604
300,2685
310,2733
360,2711
349,2794
403,2838
427,2859
459,2913
488,2966
510,3006
535,3029
573,3077
592,3138
610,3162
645,3211
673,3241
706,3288
772,3336
787,3359
817,3441
861,3444
858,3503
888,3541
917,3577
944,3614
964,3674
987,3697
1025,3747
1030,3794
1072,3842
1103,3851
1125,3891
1140,3916
1174,3980
1209,4019
1229,4015
1246,4038
1290,4066
1303,4095
1327,4129
1364,4142
1388,4172
1395,4171
1415,4183
1440,4210
1454,4236
1465,4228
1487,4249
1510,4290
1531,4276
1548,4290
1558,4305
1590,4311
1602,4314
1631,4347
1629,4332
1669,4359
1670,4382
1685,4367
1727,4409
1724,4392
1736,4384
1761,4409
1783,4425
1792,4440
1806,4456
1797,4469
1837,4487
1866,4510
1864,4502
1895,4513
1907,4545
1952,4561
1964,4594
1987,4610
2011,4624
2028,4657
2060,4690
2053,4680
2075,4712
2094,4749
2144,4761
2169,4802
2188,4830
2212,4839
2221,4868
2233,4883
2279,4909
2294,4921
2322,4977
2331,5015
2388,5040
2380,5048
2415,5063
2453,5109
2486,5116
2520,5152
2541,5173
2568,5172
2589,5200
2625,5225
2642,5234
2668,5270
2680,5270
2722,5295
2745,5321
2777,5345
2806,5345
2847,5363
2847,5389
2904,5418
2922,5392
2955,5416
2983,5457
3012,5465
3042,5470
3071,5495
3114,5527
3145,5537
3155,5545
3206,5546
3226,5558
3247,5584
3274,5612
3312,5619
3329,5637
3359,5661
3391,5675
3424,5694
3426,5709
3469,5709
3493,5763
3545,5799
3550,5794
3568,5835
3614,5852
3631,5875
3653,5864
3664,5894
3679,5918
3711,5940
3718,5961
3755,5971
3765,5975
3774,5991
3777,6001
3809,6010
3846,6026
3853,6054
3849,6060
3892,6062
3901,6084
3917,6087
3948,6096
3944,6121
3953,6125
3972,6128
4004,6125
4015,6137
4032,6134
4032,6141
4049,6137
4080,6140
4096,6146
4130,6148
4120,6164
4138,6173
4174,6190
4175,6189
4184,6203
4228,6219
4252,6212
4270,6255
4302,6249
4326,6261
4350,6282
4362,6298
4373,6301
4415,6325
4429,6339
4477,6346
4477,6368
4520,6426
4543,6420
4553,6454
4574,6473
4621,6510
4647,6509
4666,6549
4707,6577
4744,6597
4762,6609
4772,6640
4806,6666
4836,6702
4859,6687
4896,6725
4918,6738
4943,6771
4984,6780
5010,6806
5023,6810
5060,6830
5086,6850
5121,6843
5133,6868
5162,6885
5203,6898
5233,6921
5249,6932
5289,6957
5297,6950
5330,6962
5369,6987
5383,7016
5433,7023
5437,7047
5454,7062
5506,7091
5523,7117
5526,7124
5576,7154
5597,7173
5620,7206
5654,7225
5678,7237
5700,7271
5763,7271
5754,7323
5770,7323
5773,7363
5832,7392
5864,7401
5863,7426
5873,7421
5892,7462
5909,7488
5936,7486
5945,7489
5977,7546
5990,7528
5989,7528
6023,7542
6020,7560
6039,7576
6090,7570
6080,7585
6113,7614
6120,7630
6143,7625
6167,7619
6188,7629
6183,7645
6204,7664
6216,7656
6241,7640
6278,7690
6300,7705
6302,7717
6314,7732
6336,7739
6368,7780
6378,7802
6409,7832
6425,7849
6443,7876
6464,7879
6468,7936
6505,7952
6522,8000
6566,8015
6573,8045
6610,8069
6645,8099
6660,8134
6685,8164
6699,8193
6748,8228
6760,8268
6774,8298
6808,8332
6837,8361
6890,8393
6892,8406
6944,8434
6974,8444
7005,8482
7029,8527
7065,8555
7101,8562
7115,8597
7157,8645
7172,8666
7193,8716
7224,8746
7244,8776
7298,8781
7334,8844
7345,8881
7386,8942
7400,8981
7414,9049
7483,9067
7497,9142
7509,9178
7566,9238
7600,9292
7621,9343
7656,9405
7681,9454
7697,9472
7722,9541
7737,9547
7792,9586
7793,9688
7828,9680
7862,9689
7887,9751
7907,9738
7911,9805
7950,9818
7983,9843
7994,9872
8016,9890
8039,9875
8064,9924
8081,9911
8099,9948
8104,9990
8148,9998
8149,10027
8179,10050
8206,10080
8192,10113
8224,10096
8221,10158
8260,10169
8264,10213
8272,10274
8329,10338
8326,10363
8341,10375
8363,10435
8376,10452
8385,10478
8392,10480
8418,10503
8446,10538
8455,10576
8473,10592
8497,10618
8518,10678
8533,10677
8540,10664
8556,10688
8576,10718
8600,10730
8646,10755
8664,10746
8712,10806
8718,10853
8737,10876
8766,10890
8788,10939
8827,10999
8851,11003
8876,11069
8894,11118
8919,11131
8940,11200
8983,11211
9006,11280
9009,11349
9054,11376
9087,11427
9103,11494
9146,11553
9167,11604
9178,11612
9245,11675
9246,11694
9274,11762
9304,11772
9335,11789
9364,11817
9387,11857
9408,11896
9439,11900
9461,11935
9510,11970
9537,11966
9562,12002
9589,11983
9612,12054
9644,12066
9663,12097
9709,12114
9737,12167
9770,12148
9801,12202
9826,12243
9842,12283
9871,12309
9901,12337
9934,12371
9955,12416
9975,12457
10007,12508
10022,12512
10050,12571
10072,12603
10103,12637
10109,12652
10150,12672
10174,12702
10197,12727
10206,12752
10221,12783
10239,12777
10266,12772
10278,12797
10323,12777
10309,12805
10332,12837
10339,12822
10359,12833
10356,12839
10391,12832
10392,12828
10425,12841
10430,12848
10470,12864
10497,12851
10510,12865
10541,12905
10543,12911
10559,12918
10580,12938
10588,12968
10623,12994
10622,13000
10651,13026
10666,13037
10693,13085
10709,13077
10759,13116
10757,13153
10764,13165
10793,13189
10816,13246
10843,13263
10846,13248
10882,13282
10900,13292
10928,13328
10941,13347
10980,13357
10997,13373
11044,13382
11057,13373
11080,13403
11106,13414
11105,13420
11148,13420
11171,13450
11203,13488
11242,13488
11276,13501
11310,13498
11326,13502
11373,13543
11393,13555
11408,13588
11470,13617
11485,13613
11494,13675
11547,13700
11552,13736
11611,13749
11614,13787
11666,13800
11685,13852
11704,13853
11743,13877
11763,13912
11799,13951
11824,13953
11860,13983
11892,14024
11916,14034
11940,14058
11990,14094
11993,14091
12009,14087
12048,14101
12095,14122
12106,14142
12152,14153
12171,14139
12188,14167
12211,14164
12219,14196
12242,14196
12289,14211
12296,14217
12328,14197
12336,14223
12368,14228
12385,14237
12406,14253
12420,14258
12435,14267
12454,14286
12477,14329
12516,14323
12534,14361
12547,14364
12554,14374
12583,14384
12582,14435
12594,14412
12634,14444
12646,14450
12645,14483
12668,14500
12700,14516
12728,14519
12714,14534
12737,14535
12756,14543
12788,14562
12801,14577
12808,14573
12842,14575
12852,14586
12862,14610
12877,14612
12919,14619
12935,14616
12944,14613
12956,14625
12979,14624
13029,14655
13032,14661
13069,14678
13084,14684
13096,14715
13141,14711
13160,14735
13175,14741
13222,14768
13222,14768
13281,14779
13292,14816
13298,14828
13341,14847
13368,14885
13381,14906
13416,14933
13466,14952
13501,14999
13496,14992
13528,15038
13571,15066
13576,15099
13615,15114
13662,15128
13682,15182
13693,15173
13743,15203
13768,15207
13772,15230
13799,15265
13832,15268
13865,15273
13897,15302
13927,15328
13958,15333
13971,15359
13995,15372
14014,15381
14043,15421
14086,15422
14115,15448
14161,15450
14164,15470
14190,15480
14224,15494
14236,15543
14268,15546
14301,15583
14321,15579
14352,15604
14372,15646
14393,15650
14416,15661
14456,15716
14464,15725
14493,15746
14524,15768
14525,15795
14568,15799
14567,15829
14611,15839
14625,15858
14640,15880
14653,15916
14673,15923
14685,15955
14694,15973
14707,15991
14745,16015
14766,16003
14754,16030
14777,16031
14812,16048
14821,16091
14845,16074
14843,16086
14872,16114
14898,16117
14915,16143
14936,16167
14939,16148
14973,16169
14970,16200
15008,16212
15003,16241
15035,16242
15061,16250
15078,16260
15099,16286
15130,16303
15164,16328
15157,16341
15185,16373
15224,16374
15228,16383
15257,16
15279,72
15304,83
15332,121
15357,125
15386,167
15416,201
15431,252
15481,276
15498,314
15530,342
15537,389
15570,432
15608,471
15624,494
15662,554
15702,596
15705,640
15741,695
15778,719
15801,755
15838,798
15869,854
15895,897
15913,925
15940,962
15985,1016
16004,1050
16046,1104
16076,1148
16105,1195
16119,1240
16142,1256
16174,1321
16201,1395
16247,1408
16276,1457
16292,1445
16317,1538
16363,1557
16379,1623
12,1632
46,1652
83,1685
98,1745
133,1766
164,1783
194,1806
198,1828
226,1883
254,1920
307,1947
287,2003
316,1998
346,2016
341,2049
379,2077
410,2106
412,2148
431,2145
453,2181
476,2234
518,2256
516,2286
553,2294
555,2323
572,2378
580,2398
603,2418
616,2426
616,2463
647,2496
663,2511
684,2564
679,2599
723,2662
741,2657
746,2675
755,2721
774,2753
823,2795
817,2830
866,2860
848,2885
884,2938
917,2948
920,2955
968,2987
971,3013
977,3085
1003,3069
1022,3127
1072,3149
1039,3158
1109,3202
1127,3249
1154,3262
1181,3307
1209,3347
1237,3339
1272,3391
1286,3435
1319,3460
1356,3484
1375,3513
1394,3518
1410,3564
1465,3601
1469,3634
1502,3653
1531,3677
1566,3693
1596,3711
1614,3763
1660,3768
1681,3840
1697,3844
1738,3901
1773,3915
1807,3943
1832,3973
1864,4006
1894,4044
1927,4069
1946,4102
1969,4131
1998,4197
2004,4211
2049,4218
2068,4261
2090,4274
2116,4311
2149,4356
2200,4396
2226,4420
2233,4443
2253,4497
2292,4510
2307,4535
2351,4558
2373,4601
2400,4625
2429,4654
2437,4694
2466,4712
2459,4745
2505,4776
2523,4769
2537,4799
2564,4824
2573,4832
2588,4858
2640,4854
2615,4871
2666,4868
2683,4890
2676,4903
2716,4907
2735,4929
2744,4941
2758,4919
2766,4965
2791,4945
2815,4954
2808,4968
2830,4948
2845,4969
2861,4991
2884,5010
2876,5014
2911,5008
2949,5023
2964,5028
2982,5039
3005,5056
3015,5063
3047,5065
3069,5073
3079,5065
3098,5081
3126,5115
3125,5125
3167,5156
3188,5164
3206,5192
3237,5219
3258,5212
3286,5235
3298,5283
3347,5309
3357,5326
3400,5337
3430,5380
3442,5383
3474,5410
3511,5445
3533,5469
3566,5507
3590,5525
3621,5548
3640,5565
3676,5590
3691,5631
3714,5650
3740,5647
3765,5690
3803,5703
3812,5738
3875,5756
3877,5773
3930,5785
3936,5812
4001,5830
4008,5835
4052,5859
4079,5872
4095,5900
4116,5900
4153,5899
4174,5916
4186,5933
4226,5961
4249,5957
4284,5976
4290,5992
4338,6021
4367,6041
4372,6045
4422,6054
4453,6042
4476,6065
4506,6096
4523,6098
4551,6133
4574,6110
4615,6139
4609,6165
4651,6169
4647,6185
4694,6221
4710,6235
4749,6228
4751,6268
4775,6285
4793,6290
4823,6313
4832,6346
4839,6338
4860,6342
4866,6378
4914,6381
4914,6384
4954,6414
4953,6417
4980,6421
4996,6436
5031,6463
5000,6479
5052,6474
5063,6497
5071,6491
5102,6492
5105,6512
5142,6523
5139,6537
5169,6545
5188,6534
5205,6544
5213,6546
5228,6555
5251,6566
5301,6561
5308,6580
5316,6583
5355,6618
5362,6614
5384,6629
5412,6653
5432,6658
5456,6653
5477,6712
5504,6714
5515,6718
5563,6756
5578,6762
5603,6758
5625,6791
5679,6832
5692,6859
5717,6876
5738,6911
5765,6939
5809,6968
5824,7016
5867,7005
5896,7045
5902,7078
5913,7101
5968,7122
5992,7110
6055,7127
6068,7174
6086,7192
6121,7213
6144,7226
6148,7262
6179,7275
6235,7287
6243,7313
6276,7319
6316,7338
6329,7366
6344,7367
6411,7371
6415,7398
6464,7430
6464,7435
6501,7451
6538,7480
6547,7508
6562,7551
6592,7553
6644,7581
6636,7604
6708,7628
6685,7670
6710,7686
6733,7725
6780,7734
6770,7776
6807,7806
6836,7820
6881,7838
6888,7833
6920,7917
6903,7914
6946,7962
6964,7962
6975,7982
7018,7990
7019,8017
7031,8017
7050,8040
7085,8030
7086,8076
7106,8040
7125,8073
7160,8064
7169,8079
7194,8100
7205,8121
7199,8134
7230,8118
7255,8150
7284,8149
7279,8171
7292,8214
7331,8185
7321,8221
7348,8233
7381,8277
7403,8305
7416,8306
7429,8312
7412,8367
7461,8397
7484,8403
7506,8453
7533,8509
7550,8544
7569,8564
7606,8578
7604,8635
7635,8665
7683,8674
7713,8741
7726,8765
7743,8784
7788,8828
7804,8851
7803,8864
7844,8874
7881,8906
7910,8956
7933,8988
7958,8996
7998,9042
8017,9071
8048,9096
8104,9169
8110,9182
8139,9215
8170,9268
8192,9329
8223,9351
8262,9372
8291,9480
8300,9511
8335,9529
8356,9618
8383,9649
8449,9733
8432,9754
8477,9854
8474,9875
8523,9931
8572,9989
8580,10036
8628,10088
8666,10132
8665,10191
8716,10183
8719,10241
8766,10254
8788,10282
8800,10349
8822,10353
8867,10383
8895,10425
8927,10439
8932,10480
8954,10504
8988,10526
9009,10554
9034,10569
9058,10618
9071,10655
9097,10690
9107,10699
9142,10761
9179,10803
9186,10825
9187,10852
9210,10860
9219,10893
9258,10926
9266,10978
9276,10992
9306,11055
9304,11075
9366,11080
9337,11137
9355,11181
9375,11182
9389,11203
9402,11213
9416,11222
9457,11237
9449,11261
9470,11251
9475,11306
9524,11314
9518,11302
9526,11352
9561,11323
9596,11336
9606,11364
9635,11356
9644,11391
9669,11439
9696,11444
9717,11481
9758,11522
9783,11560
9799,11615
9823,11639
9856,11683
9892,11703
9899,11752
9908,11789
9959,11841
9972,11885
9997,11927
9995,12001
10035,12001
10060,12041
10088,12097
10137,12109
10162,12158
10166,12156
10218,12181
10237,12223
10256,12253
10285,12256
10320,12303
10348,12312
10375,12341
10398,12359
10441,12377
10468,12392
10471,12411
10492,12408
10542,12461
10558,12470
10596,12492
10613,12505
10662,12534
10674,12580
10718,12623
10751,12637
10774,12671
10804,12723
10838,12744
10844,12784
10878,12814
10904,12843
10953,12865
10967,12923
10982,12947
10979,12958
11051,12999
11047,13043
11072,13053
11093,13082
11116,13110
11136,13123
11166,13115
11217,13145
11207,13145
11253,13158
11259,13163
11275,13188
11293,13183
11318,13202
11331,13203
11347,13198
11370,13200
11389,13212
11406,13220
11415,13199
11446,13202
11459,13237
11472,13247
11484,13251
11491,13275
11518,13294
11543,13292
11562,13334
11593,13352
11596,13387
11618,13378
11635,13405
11644,13439
11669,13437
11682,13467
11702,13487
11699,13517
11730,13531
11751,13527
11766,13566
11789,13582
11805,13612
11813,13603
11831,13605
11866,13615
11897,13626
11912,13649
11945,13655
11966,13667
11998,13667
12019,13675
12032,13688
12051,13686
12087,13693
12101,13716
12159,13735
12158,13744
12166,13763
12226,13774
12238,13765
12263,13785
12299,13839
12325,13837
12338,13857
12374,13909
12401,13938
12426,13966
12477,13985
12510,14011
12509,14042
12553,14078
12578,14100
12599,14126
12646,14138
12653,14163
12669,14211
12712,14208
12753,14210
12772,14248
12797,14282
12830,14280
12857,14307
12907,14309
12944,14333
12961,14343
12985,14335
12998,14361
13039,14376
13058,14382
13082,14394
13101,14404
13124,14400
13157,14430
13181,14442
13247,14455
13233,14471
13270,14492
13291,14517
13312,14502
13351,14532
13373,14539
13395,14557
13400,14560
13433,14576
13466,14607
13465,14633
13526,14632
13516,14657
13551,14690
13557,14694
13576,14724
13589,14718
13614,14725
13622,14760
13633,14777
13650,14788
13681,14795
13695,14821
13706,14817
13747,14848
13756,14839
13778,14858
13767,14857
13806,14889
13818,14881
13835,14895
13852,14877
13891,14897
13876,14894
13920,14922
13933,14909
13955,14921
13970,14921
13986,14938
14014,14939
14018,14948
14033,14960
14088,14996
14084,14993
14100,15011
14138,15040
14176,15051
14195,15055
14217,15093
14248,15099
14265,15122
14298,15157
14329,15136
14335,15194
14366,15222
14381,15226
14417,15270
14454,15276
14462,15316
14505,15333
14529,15375
14560,15400
14585,15405
14604,15437
14642,15485
14679,15489
14709,15520
14730,15539
14758,15567
14791,15573
14826,15621
14847,15637
14865,15656
14899,15695
14946,15714
14973,15724
14997,15738
15034,15775
15058,15758
15073,15798
15096,15818
15130,15836
15175,15869
15194,15893
15213,15903
15218,15933
15261,15940
15284,15960
15320,15997
15353,16016
15384,16032
15402,16052
15419,16082
15427,16117
15480,16162
15504,16156
15525,16187
15526,16185
15560,16241
15586,16274
15621,16295
15598,16330
15636,16338
15679,16371
15677,5
15705,34
15725,43
15755,87
15760,96
15788,124
15793,125
15793,136
15838,185
15840,200
15877,208
15894,253
15890,257
15905,271
15925,295
15950,302
15948,340
15984,355
16013,387
16028,381
16034,394
16053,397
16075,419
16104,439
16109,455
16123,454
16169,498
16186,502
16189,522
16239,550
16250,568
16280,594
16279,621
16313,655
16334,694
16350,710
16383,733
27,797
54,796
82,844
105,885
124,920
161,976
194,989
187,1039
239,1053
267,1120
312,1157
310,1225
328,1230
355,1297
400,1339
429,1382
447,1454
484,1530
512,1548
555,1602
588,1675
630,1703
642,1756
657,1812
707,1884
723,1907
768,1969
781,2010
795,2077
828,2104
878,2144
889,2157
899,2247
961,2302
970,2317
1001,2377
1025,2382
1072,2438
1092,2461
1128,2528
1159,2531
1165,2573
1198,2619
1233,2632
1255,2681
1270,2712
1317,2735
1326,2800
1356,2787
1376,2791
1367,2839
1406,2853
1422,2881
1467,2885
1468,2925
1506,2939
1530,2986
1559,2995
1563,3021
1574,3038
1581,3071
1612,3084
1640,3095
1652,3121
1673,3164
1672,3173
1704,3217
1727,3245
1738,3271
1760,3280
1775,3278
1787,3319
1804,3375
1830,3363
1853,3414
1853,3425
1880,3477
1909,3496
1905,3545
1950,3544
1961,3582
1981,3632
1996,3683
2020,3674
2048,3693
2060,3725
2076,3809
2114,3815
2120,3836
2137,3838
2187,3891
2196,3917
2227,3958
2244,3961
2285,3990
2296,4040
2315,4059
2373,4073
2403,4092
2411,4105
2446,4170
2446,4166
2471,4170
2495,4236
2542,4236
2558,4253
2605,4291
2601,4307
2661,4329
2675,4379
2707,4390
2755,4422
2787,4431
2806,4465
2833,4467
2859,4503
2904,4510
2922,4550
2949,4558
2989,4596
2998,4623
3032,4622
3057,4657
3079,4690
3106,4701
3148,4720
3167,4762
3190,4796
3226,4824
3257,4843
3301,4873
3310,4869
3375,4918
3371,4962
3399,4985
3414,5001
3439,5031
3461,5061
3478,5088
3528,5110
3542,5108
3562,5155
3576,5151
3607,5177
3613,5207
3654,5226
3664,5253
3681,5254
3692,5284
3713,5300
3754,5282
3764,5330
3770,5324
3783,5319
3806,5343
3810,5348
3843,5351
3837,5365
3860,5360
3894,5349
3910,5396
3908,5381
3908,5387
3957,5386
3966,5415
3995,5401
3999,5396
3998,5407
4038,5438
4067,5432
4066,5448
4080,5450
4109,5461
4133,5475
4152,5481
4170,5487
4213,5489
4224,5520
4240,5532
4271,5554
4282,5568
4296,5603
4346,5619
4368,5646
4404,5678
4421,5684
4443,5715
4482,5738
4483,5756
4532,5765
4561,5805
4590,5830
4611,5850
4616,5874
4648,5915
4685,5916
4708,5935
4758,5958
4781,5977
4786,6023
4844,6026
4849,6029
4878,6060
4910,6068
4939,6108
4984,6113
5002,6124
5037,6128
5058,6147
5120,6166
5127,6188
5131,6184
5200,6211
5195,6223
5234,6231
5265,6251
5301,6265
5325,6258
5346,6286
5365,6305
5405,6316
5433,6332
5483,6356
5503,6380
5511,6374
5545,6387
5570,6419
5596,6420
5625,6464
5651,6478
5690,6518
5719,6555
5738,6542
5737,6561
5763,6581
5786,6602
5805,6613
5829,6630
5854,6656
5878,6652
5897,6683
5915,6686
5918,6712
5947,6710
5964,6734
5981,6735
5997,6752
6020,6747
6045,6753
6047,6784
6061,6767
6105,6808
6106,6800
6125,6801
6129,6808
6167,6813
6176,6814
6186,6821
6196,6842
6249,6848
6256,6836
6258,6870
6263,6871
6298,6888
6334,6894
6372,6909
6383,6926
6405,6924
6410,6951
6424,6946
6445,6985
6474,6996
6514,7028
6530,7051
6546,7090
6588,7102
6589,7126
6612,7160
6633,7158
6676,7202
6705,7245
6741,7267
6748,7296
6772,7314
6803,7333
6842,7336
6846,7371
6908,7378
6930,7408
6965,7439
6988,7450
7024,7465
7035,7484
7064,7516
7094,7563
7112,7556
7130,7595
7175,7605
7220,7620
7249,7659
7283,7663
7278,7679
7331,7713
7355,7737
7393,7758
7441,7771
7446,7815
7467,7851
7486,7869
7521,7893
7547,7925
7586,7959
7602,8015
7622,8036
7640,8084
7680,8114
7689,8131
7745,8155
7756,8177
7780,8206
7804,8246
7834,8276
7846,8301
7878,8330
7912,8314
7914,8361
7945,8403
7966,8400
8000,8417
7991,8439
7996,8456
8053,8496
8058,8491
8085,8503
8105,8515
8115,8517
8121,8527
8149,8540
8173,8587
8174,8608
8214,8608
8233,8636
8230,8636
8259,8678
8276,8685
8273,8717
8300,8731
8343,8809
8343,8849
8356,8884
8380,8899
8374,8942
8405,8954
8414,8945
8449,8973
8440,8992
8475,9065
8492,9058
8528,9109
8534,9098
8568,9108
8587,9179
8627,9177
8647,9180
8661,9197
8675,9253
8692,9260
8730,9308
8762,9331
8778,9363
8813,9385
8834,9428
8862,9473
8894,9525
8915,9517
8928,9591
8966,9634
9019,9684
9047,9754
9065,9811
9104,9848
9117,9939
9150,9959
9167,10018
9203,10101
9230,10127
9261,10191
9284,10271
9305,10267
9324,10332
9377,10381
9395,10411
9417,10466
9445,10505
9497,10549
9516,10546
9558,10592
9583,10620
9610,10649
9639,10727
9670,10672
9687,10735
9735,10765
9751,10811
9772,10866
9789,10893
9828,10978
9866,10995
9879,11052
9922,11064
9933,11105
9967,11166
9985,11209
10025,11261
10046,11293
10066,11309
10091,11383
10116,11456
10118,11455
10183,11508
10190,11546
10187,11579
10210,11561
10225,11636
10240,11614
10253,11649
10272,11649
10292,11669
10328,11694
10336,11708
10353,11719
10371,11727
10400,11726
10415,11747
10421,11745
10448,11742
10461,11737
10467,11761
10497,11772
10514,11781
10553,11838
10557,11865
10584,11862
10624,11886
10612,11933
10615,11950
10640,11968
10662,12001
10686,12051
10703,12082
10718,12126
10754,12184
10785,12207
10776,12216
10820,12257
10823,12272
10857,12287
10888,12332
10887,12344
10920,12356
10960,12398
10961,12400
10976,12424
11005,12438
11046,12453
11067,12457
11083,12483
11130,12504
11157,12533
11194,12571
11221,12548
11260,12582
11241,12609
11292,12620
11311,12641
11353,12651
11382,12687
11417,12733
11447,12764
11475,12786
11496,12844
11513,12854
11557,12900
11576,12948
11610,12989
11642,13001
11681,13040
11692,13056
11742,13102
11744,13141
11789,13171
11813,13219
11828,13213
11853,13247
11900,13266
11913,13282
11921,13301
11960,13300
11973,13304
12012,13336
12038,13346
12060,13368
12102,13386
12107,13384
12110,13376
12157,13395
12187,13429
12204,13394
12197,13436
12272,13444
12283,13468
12301,13473
12314,13479
12337,13505
12361,13511
12399,13531
12412,13533
12425,13562
12444,13592
12470,13612
12462,13630
12513,13643
12535,13671
12528,13676
12551,13688
12584,13705
12588,13742
12597,13749
12610,13758
12638,13791
12636,13802
12664,13810
12665,13821
12690,13823
12717,13839
12712,13835
12746,13846
12765,13846
12768,13864
12806,13876
12805,13870
12850,13866
12849,13886
12880,13856
12901,13902
12918,13892
12945,13909
12969,13936
12980,13931
13017,13941
13044,13946
13081,13977
13083,13993
13091,13995
13134,14020
13181,14044
13190,14060
13218,14082
13231,14111
13278,14126
13286,14167
13341,14174
13328,14225
13372,14232
13418,14238
13442,14281
13479,14310
13513,14327
13512,14354
13539,14366
13586,14395
13631,14422
13639,14451
13682,14450
13688,14458
13745,14491
13769,14515
13793,14523
13825,14542
13826,14545
13873,14583
13883,14581
13930,14585
13957,14612
13991,14613
14012,14659
14044,14646
14077,14637
14108,14673
14121,14677
14152,14696
14166,14720
14227,14727
14233,14740
14280,14760
14277,14773
14325,14765
14339,14812
14362,14816
14381,14839
14394,14844
14428,14875
14461,14896
14486,14914
14496,14926
14552,14970
14548,14947
14574,14988
14589,15002
14609,15019
14620,15039
14645,15061
14663,15089
14676,15098
14676,15112
14715,15107
14716,15110
14731,15125
14765,15157
14782,15158
14808,15176
14831,15181
14817,15183
14858,15202
14861,15198
14874,15218
14912,15226
14921,15252
14946,15252
14962,15273
14971,15252
15008,15259
15002,15283
15037,15293
15047,15299
15072,15295
15094,15325
15123,15346
15149,15351
15152,15358
15167,15389
15228,15388
15233,15406
15251,15423
15261,15462
15332,15501
15338,15506
15357,15525
15390,15533
15406,15560
15431,15592
15453,15622
15488,15654
15515,15658
15551,15697
15559,15747
15590,15779
15613,15793
15659,15805
15676,15848
15721,15884
15749,15910
15769,15957
15779,15988
15820,16008
15853,16037
15886,16080
15936,16098
15941,16104
15963,16182
15990,16162
16034,16200
16057,16241
16083,16255
16110,16269
16152,16292
16163,16328
16191,16357
16222,16370
16270,24
16271,33
16325,69
16321,74
16366,114
1,160
14,148
48,175
64,205
99,238
123,264
155,299
168,311
197,346
219,382
235,370
265,411
305,434
294,463
322,511
365,541
365,538
400,584
416,629
421,586
451,667
458,684
462,711
495,737
490,748
524,790
533,803
567,829
569,858
585,883
609,900
619,924
639,937
648,999
690,1010
685,1052
705,1029
736,1089
752,1092
767,1162
808,1175
802,1204
823,1199
827,1239
865,1271
887,1288
888,1329
927,1362
963,1369
971,1404
1011,1413
1016,1474
1050,1522
1069,1515
1101,1545
1125,1579
1155,1645
1190,1635
1219,1707
1241,1699
1266,1760
1290,1795
1312,1853
1329,1888
1364,1916
1386,1940
1417,1996
1457,2027
1481,2081
1510,2136
1561,2176
1578,2228
1636,2264
1647,2315
1698,2354
1712,2412
1725,2447
1775,2514
1794,2538
1812,2610
1839,2641
1882,2690
1909,2754
1918,2833
1967,2846
1981,2880
2021,2935
2048,3000
2080,3040
2108,3083
2131,3139
2161,3201
2197,3224
2229,3283
2253,3333
2268,3318
2296,3382
2324,3420
2338,3457
2367,3512
2384,3513
2420,3513
2437,3559
2433,3622
2482,3594
2504,3654
2523,3647
2534,3706
2570,3702
2582,3724
2581,3733
2590,3730
2614,3763
2643,3765
2667,3800
2703,3819
2698,3827
2692,3824
2735,3832
2749,3844
2762,3849
2770,3870
2791,3892
2814,3880
2828,3889
2856,3917
2876,3892
2901,3942
2914,3946
2928,3966
2945,3969
2967,4017
3004,4018
3008,4040
3043,4087
3047,4084
3060,4124
3077,4149
3105,4198
3136,4202
3141,4215
3178,4261
3198,4269
3214,4316
3253,4325
3273,4389
3304,4426
3341,4415
3346,4466
3367,4516
3408,4522
3432,4546
3436,4593
3472,4616
3505,4672
3532,4656
3561,4720
3582,4711
3600,4752
3641,4789
3672,4787
3676,4816
3709,4845
3745,4875
3796,4908
3780,4905
3830,4929
3866,4968
3899,4955
3903,4990
3953,5001
3984,5022
4003,5044
4027,5032
4036,5074
4070,5082
4095,5093
4120,5133
4146,5133
4165,5145
4209,5175
4218,5181
4247,5173
4291,5207
4313,5229
4319,5231
4361,5277
4378,5274
4405,5308
4439,5336
4454,5346
4482,5378
4492,5387
4530,5398
4537,5429
4567,5447
4580,5494
4616,5484
4631,5500
4657,5551
4674,5560
4707,5575
4738,5574
4734,5624
4758,5623
4786,5642
4806,5679
4847,5673
4835,5688
4864,5706
4877,5707
4894,5718
4894,5723
4902,5730
4903,5725
4965,5742
4971,5727
4984,5742
4996,5753
5031,5762
5025,5765
5054,5755
5081,5779
5092,5760
5092,5784
5149,5801
5174,5804
5166,5806
5189,5821
5229,5830
5222,5840
5264,5849
5254,5850
5287,5881
5321,5891
5347,5887
5359,5903
5415,5930
5399,5953
5438,5959
5442,5994
5483,6000
5514,6022
5550,6067
5567,6085
5585,6105
5609,6122
5665,6142
5660,6174
5699,6196
5730,6214
5764,6248
5769,6265
5805,6279
5852,6298
5848,6312
5901,6335
5928,6364
5977,6384
5985,6411
6004,6409
6052,6421
6079,6447
6112,6456
6136,6471
6156,6471
6196,6482
6241,6507
6229,6518
6276,6532
6304,6549
6328,6580
6360,6599
6387,6587
6440,6615
6445,6621
6463,6636
6504,6664
6527,6665
6548,6687
6570,6730
6617,6721
6620,6762
6662,6781
6673,6799
6713,6820
6738,6852
6756,6873
6782,6885
6815,6887
6839,6963
6852,6976
6880,6974
6886,6990
6902,7006
6929,7025
6938,7034
6958,7051
6983,7059
6994,7064
7005,7079
7062,7084
7050,7108
7087,7101
7111,7118
7094,7142
7111,7130
7150,7144
7157,7152
7201,7159
7187,7156
7209,7166
7252,7165
7241,7177
7261,7184
7262,7204
7301,7202
7315,7218
7334,7260
7350,7255
7360,7271
7411,7292
7406,7304
7437,7327
7458,7333
7482,7392
7512,7388
7502,7435
7527,7447
7544,7474
7600,7498
7617,7515
7620,7552
7660,7582
7714,7585
7694,7608
7719,7621
7766,7663
7790,7683
7837,7719
7850,7738
7880,7756
7912,7787
7931,7793
7958,7835
7975,7828
8005,7853
8036,7882
8059,7905
8088,7919
8110,7944
8155,7958
8184,8000
8223,8017
8236,8061
8264,8108
8287,8122
8316,8165
8335,8194
8384,8243
8411,8277
8436,8321
8467,8349
8487,8388
8494,8442
8545,8478
8572,8512
8585,8536
8605,8564
8622,8616
8653,8616
8676,8678
8720,8694
8734,8718
8767,8763
8803,8770
8822,8792
8845,8809
8850,8838
8895,8850
8917,8877
8949,8913
8948,8942
8990,8952
9015,8984
9010,8982
9037,9018
9080,9048
9065,9089
9102,9079
9129,9128
9138,9161
9160,9192
9209,9209
9204,9270
9225,9294
9253,9331
9267,9357
9273,9352
9280,9392
9286,9421
9310,9466
9329,9482
9345,9526
9361,9533
9374,9568
9387,9591
9400,9586
9421,9616
9430,9639
9446,9653
9467,9664
9490,9688
9517,9707
9544,9734
9556,9728
9599,9770
9625,9772
9635,9789
9662,9812
9683,9861
9700,9896
9715,9927
9736,9948
9772,10026
9798,10019
9799,10065
9824,10133
9854,10150
9899,10239
9928,10278
9947,10342
9974,10418
10013,10470
10008,10518
10058,10552
10088,10607
10125,10624
10141,10701
10160,10721
10193,10765
10204,10818
10233,10847
10256,10892
10303,10896
10320,10925
10354,10982
10386,10978
10406,11041
10431,11045
10466,11098
10512,11112
10543,11126
10558,11192
10595,11223
10646,11293
10679,11316
10706,11372
10715,11395
10735,11451
10782,11493
10807,11545
10808,11594
10829,11613
10864,11654
10910,11727
10915,11775
10951,11837
10990,11878
11001,11908
11016,11944
11051,11978
11069,12011
11112,12010
11112,12042
11155,12081
11160,12086
11188,12107
11201,12125
11220,12164
11238,12152
11261,12137
11286,12171
11299,12182
11310,12174
11349,12209
11358,12205
11391,12185
11403,12240
11422,12248
11421,12231
11452,12261
11471,12257
11452,12290
11498,12314
11513,12335
11542,12370
11565,12398
11570,12428
11603,12434
11584,12480
11640,12493
11640,12519
11639,12523
11681,12575
11697,12610
11719,12636
11730,12624
11732,12666
11769,12694
11776,12714
11805,12708
11819,12728
11849,12731
11864,12752
11893,12752
11897,12779
11918,12799
11955,12797
11976,12766
11990,12830
12021,12841
12030,12848
12056,12890
12100,12850
12107,12885
12152,12927
12167,12935
12196,12952
12245,12984
12273,13006
12288,13048
12325,13060
12342,13087
12361,13141
12395,13170
12413,13201
12463,13241
12481,13263
12494,13304
12530,13330
12553,13347
12583,13392
12608,13407
12652,13440
12679,13477
12682,13468
12702,13505
12756,13532
12784,13519
12804,13544
12840,13562
12869,13581
12892,13592
12927,13599
12928,13609
12972,13638
12999,13635
13000,13662
13037,13646
13065,13654
13086,13670
13107,13669
13138,13718
13155,13720
13197,13698
13204,13740
13254,13751
13270,13758
13285,13775
13308,13804
13350,13821
13355,13862
13384,13870
13398,13877
13401,13920
13446,13926
13449,13961
13463,13973
13472,13983
13495,13983
13533,14004
13547,14032
13555,14046
13584,14072
13594,14084
13630,14087
13633,14103
13653,14096
13653,14118
13686,14140
13697,14134
13697,14137
13721,14154
13739,14150
13770,14153
13771,14150
13828,14151
13823,14165
13829,14177
13860,14174
13870,14168
13899,14177
13919,14192
13926,14183
13957,14213
13992,14210
14026,14240
14034,14233
14052,14258
14086,14255
14098,14287
14114,14300
14139,14317
14165,14338
14192,14370
14220,14407
14237,14418
14297,14429
14292,14459
14329,14481
14364,14514
14374,14542
14421,14550
14442,14574
14480,14590
14499,14626
14526,14645
14558,14652
14577,14667
14602,14692
14638,14718
14661,14725
14707,14742
14718,14770
14757,14799
14792,14802
14814,14843
14845,14873
14879,14858
14910,14882
14936,14889
14960,14886
14992,14929
15008,14932
15039,14933
15076,14962
15096,14962
15114,15012
15144,14996
15176,15022
15201,15037
15246,15062
15260,15078
15255,15084
15307,15107
15352,15122
15360,15136
15394,15137
15420,15182
15416,15220
15453,15230
15479,15220
15502,15250
15518,15288
15549,15309
15566,15297
15598,15338
15592,15356
15633,15372
15633,15393
15662,15403
15657,15413
15684,15430
15704,15459
15743,15477
15739,15486
15763,15525
15791,15507
15801,15531
15829,15524
15840,15548
15854,15564
15881,15569
15865,15592
15906,15592
15920,15598
15942,15628
15962,15624
15962,15653
16009,15643
16024,15688
16012,15679
16044,15672
16071,15683
16079,15729
16090,15742
16119,15730
16141,15772
16145,15776
16187,15769
16202,15775
16253,15813
16249,15827
16290,15824
16319,15872
16329,15885
16325,15899
0,15951
12,15933
44,15982
72,15999
90,16017
121,16061
126,16078
154,16120
170,16137
199,16161
226,16199
256,16263
298,16291
309,16286
361,16345
360,16371
408,14
425,67
459,90
484,128
530,173
539,181
575,241
601,276
618,314
666,363
672,382
700,417
738,449
754,482
781,520
807,549
844,592
872,623
904,647
921,707
958,717
996,729
1006,753
1025,815
1053,839
1069,851
1104,849
1121,909
1143,911
1169,959
1180,984
1221,997
1251,1038
1273,1091
1284,1069
1314,1110
1349,1139
1372,1157
1376,1222
1406,1228
1416,1267
1433,1295
1469,1309
1482,1346
1516,1362
1519,1385
1535,1403
1564,1414
1570,1460
1594,1492
1602,1514
1601,1520
1648,1539
1648,1606
1675,1619
1696,1640
1708,1666
1734,1696
1740,1734
1777,1762
1788,1798
1798,1826
1831,1881
1833,1892
1863,1919
1876,2004
1886,1976
1913,2044
1929,2042
1948,2112
1963,2153
2011,2186
2025,2217
2041,2255
2064,2274
2118,2304
2109,2339
2141,2379
2164,2416
2188,2417
2225,2481
2245,2565
2279,2571
2298,2609
2314,2661
2357,2702
2366,2721
2395,2745
2428,2794
2474,2840
2489,2881
2495,2883
2561,2902
2584,2952
2621,2998
2637,3031
2672,3083
2686,3085
2729,3143
2757,3182
2784,3188
2813,3238
2865,3286
2874,3321
2894,3349
2948,3376
2967,3438
2991,3484
3021,3515
3070,3526
3072,3590
3115,3628
3129,3677
3164,3696
3190,3744
3215,3788
3249,3819
3272,3840
3311,3888
3333,3900
3350,3970
3374,3975
3399,4012
3415,4044
3448,4102
3448,4116
3493,4128
3509,4158
3535,4200
3548,4218
3565,4249
3596,4275
3618,4292
3642,4310
3653,4319
3680,4342
3674,4365
3705,4399
3711,4391
3752,4416
3763,4378
3773,4422
3780,4436
3790,4444
3817,4441
3836,4440
3857,4469
3859,4468
3873,4495
3902,4487
3920,4506
3935,4515
3973,4508
3974,4535
3992,4552
4005,4545
4040,4560
4056,4576
4065,4584
4096,4594
4082,4607
4130,4632
4131,4645
4146,4663
4206,4666
4213,4718
4237,4726
4269,4734
4289,4753
4314,4808
4328,4829
4366,4857
4361,4900
4406,4912
4432,4948
4451,4967
4472,4986
4518,5015
4514,5047
4544,5051
4583,5076
4596,5132
4647,5166
4671,5174
4694,5200
4720,5231
4743,5243
4758,5292
4805,5306
4827,5333
4861,5354
4886,5363
4907,5387
4951,5389
4948,5421
5003,5428
5025,5442
5068,5448
5079,5478
5095,5474
5120,5501
5162,5505
5153,5507
5187,5538
5242,5532
5249,5562
5286,5565
5310,5581
5345,5597
5378,5596
5393,5611
5413,5639
5443,5628
5459,5663
5489,5679
5514,5689
5541,5692
5572,5717
5566,5754
5584,5766
5626,5786
5662,5796
5669,5805
5704,5828
5726,5858
5762,5860
5760,5877
5771,5924
5801,5910
5824,5962
5837,5943
5849,5969
5864,5990
5903,5990
5900,6018
5906,6015
5925,6051
5938,6059
5982,6051
5965,6078
6015,6082
6020,6084
6037,6096
6060,6089
6078,6105
6105,6093
6105,6113
6129,6121
6159,6111
6169,6124
6186,6137
6197,6131
6228,6130
6256,6166
6278,6142
6281,6176
6282,6182
6304,6190
6353,6196
6362,6228
6407,6217
6424,6248
6440,6236
6450,6245
6489,6277
6524,6294
6547,6333
6572,6350
6596,6373
6640,6398
6658,6423
6673,6440
6697,6439
6754,6503
6750,6527
6807,6555
6824,6588
6858,6586
6859,6603
6904,6643
6935,6664
6956,6661
7014,6711
7029,6707
7045,6733
7070,6754
7129,6777
7163,6764
7194,6792
7203,6822
7251,6843
7271,6857
7305,6877
7358,6886
7373,6885
7394,6900
7412,6942
7423,6928
7466,6954
7480,6981
7507,6983
7542,7022
7563,7011
7599,7059
7614,7074
7639,7074
7665,7093
7684,7144
7713,7139
7742,7162
7777,7191
7783,7232
7806,7245
7837,7249
7848,7293
7869,7313
7902,7338
7922,7362
7945,7373
7954,7376
7963,7420
8002,7426
8010,7449
8027,7457
8060,7452
8065,7484
8081,7444
8110,7478
8135,7515
8146,7520
8171,7525
8176,7515
8201,7543
8213,7539
8204,7555
8223,7571
8251,7552
8262,7587
8292,7575
8332,7599
8315,7621
8354,7635
8356,7660
8391,7677
8408,7695
8431,7707
8438,7740
8471,7752
8483,7781
8496,7816
8519,7842
8538,7830
8565,7906
8589,7926
8585,7948
8617,7989
8658,8006
8685,8045
8710,8050
8743,8080
8765,8102
8784,8116
8813,8143
8826,8200
8857,8197
8897,8218
8927,8243
8935,8254
8988,8285
9023,8323
9039,8332
9054,8381
9092,8391
9122,8427
9143,8453
9176,8500
9204,8533
9239,8589
9264,8613
9293,8640
9323,8695
9368,8743
9396,8816
9406,8812
9443,8886
9446,8918
9489,8941
9496,9015
9542,9042
9553,9089
9584,9118
9595,9171
9643,9192
9658,9253
9672,9264
9706,9296
9729,9333
9768,9349
9807,9380
9808,9428
9833,9441
9868,9478
9906,9486
9902,9515
9934,9523
9962,9574
9977,9595
9999,9599
10036,9646
10060,9682
10075,9706
10096,9716
10096,9770
10134,9816
10173,9831
10175,9886
10191,9894
10222,9934
10240,9962
10253,10025
10274,10042
10287,10105
10324,10139
10333,10179
10338,10212
10359,10203
10372,10254
10378,10251
10389,10269
10414,10318
10420,10318
10421,10335
10441,10345
10484,10376
10493,10396
10513,10417
10556,10424
10559,10417
10608,10462
10609,10478
10619,10494
10658,10489
10671,10553
10692,10577
10724,10603
10732,10620
10753,10661
10780,10700
10821,10748
10831,10792
10862,10856
10885,10861
10920,10934
10944,11025
10976,11039
11001,11098
11034,11158
11055,11217
11079,11261
11115,11295
11123,11349
11167,11390
11192,11416
11212,11466
11248,11501
11268,11533
11305,11555
11331,11597
11348,11634
11395,11672
11414,11686
11453,11686
11490,11768
11514,11767
11547,11799
11557,11816
11597,11825
11629,11878
11657,11931
11700,11920
11728,11996
11755,12006
11762,12050
11783,12115
11824,12135
11847,12170
11866,12215
11889,12245
11934,12284
11977,12337
11980,12344
12008,12396
12037,12435
12061,12433
12082,12500
12116,12508
12133,12538
12141,12568
12170,12576
12189,12620
12225,12623
12241,12645
12265,12658
12268,12656
12287,12665
12315,12695
12341,12694
12353,12696
12381,12711
12383,12715
12414,12743
12438,12701
12438,12741
12460,12723
12484,12734
12506,12765
12529,12753
12537,12777
12555,12810
12566,12843
12591,12879
12598,12879
12602,12887
12615,12928
12658,12940
12685,12955
12694,12975
12691,13005
12729,13035
12753,13053
12769,13052
12802,13123
12819,13123
12818,13157
12846,13156
12880,13163
12880,13191
12898,13199
12928,13236
12940,13232
12996,13257
12992,13260
13013,13274
13045,13299
13060,13304
13073,13332
13121,13323
13151,13338
13183,13335
13206,13359
13243,13345
13254,13381
13284,13404
13313,13422
13334,13422
13356,13453
13395,13479
13408,13498
13463,13523
13498,13549
13512,13572
13545,13612
13592,13630
13618,13654
13627,13709
13656,13710
13706,13735
13720,13759
13741,13782
13793,13811
13806,13839
13816,13874
13868,13890
13889,13905
13924,13964
13933,13956
13970,13984
13980,13994
13996,13997
14042,14024
14084,14026
14099,14052
14121,14072
14145,14079
14165,14089
14201,14089
14218,14095
14247,14111
14261,14099
14289,14121
14337,14125
14335,14136
14356,14160
14379,14167
14406,14174
14428,14177
14437,14192
14468,14198
14469,14210
14499,14237
14505,14228
14553,14215
14558,14248
14590,14261
14583,14264
14597,14280
14644,14282
14656,14303
14651,14321
14694,14358
14696,14353
14705,14377
14743,14400
14766,14394
14786,14427
14766,14441
14808,14447
14809,14482
14855,14471
14840,14485
14884,14491
14911,14505
14926,14526
14928,14544
14962,14550
14990,14583
15004,14600
15031,14605
15050,14624
15079,14628
15101,14631
15121,14660
15162,14673
15176,14684
15195,14673
15224,14682
15245,14701
15245,14717
15299,14728
15338,14758
15349,14753
15385,14777
15416,14783
15430,14782
15494,14818
15517,14830
15528,14832
15561,14853
15590,14884
15626,14922
15668,14921
15669,14945
15706,14984
15737,14986
15765,15030
15780,15055
15828,15072
15849,15098
15868,15116
15924,15137
15931,15164
15970,15195
15977,15219
16018,15257
16062,15281
16085,15303
16102,15324
16130,15364
16185,15401
16198,15401
16224,15434
16254,15445
16271,15469
16285,15496
16314,15504
16325,15521
16359,15547
0,15554
46,15567
57,15600
85,15620
97,15625
130,15657
159,15673
175,15692
206,15710
240,15717
241,15731
252,15746
296,15752
293,15753
333,15777
324,15790
352,15804
373,15812
373,15825
410,15833
432,15851
439,15871
440,15872
484,15878
504,15913
525,15919
542,15938
555,15944
584,15948
581,15988
599,16011
618,16018
640,16014
654,16039
682,16079
664,16111
696,16120
709,16114
733,16182
756,16184
790,16187
809,16240
817,16248
841,16289
868,16293
887,16316
893,16358
928,16378
936,9
981,58
987,57
1022,105
1036,127
1076,143
1073,203
1098,200
1148,237
1167,294
1197,321
1213,318
1238,373
1292,369
1329,436
1342,467
1374,442
1402,490
1423,523
1469,579
1498,590
1542,646
1559,675
1555,679
1596,733
1619,771
1672,815
1675,850
1707,883
1749,894
1764,957
1798,991
1817,1038
1875,1078
1897,1096
1916,1141
1959,1193
1968,1203
1982,1256
2016,1260
2065,1331
2071,1392
2085,1407
2102,1440
2131,1472
2168,1517
2186,1552
2196,1586
2230,1650
2259,1675
2277,1741
2309,1777
2352,1786
2373,1849
2379,1887
2391,1936
2392,1983
2453,1993
2473,2033
2460,2071
2492,2082
2515,2139
2539,2159
2535,2187
2556,2198
2576,2232
2617,2251
2609,2323
2628,2333
2638,2330
2661,2385
2683,2379
2691,2401
2700,2404
2734,2439
2763,2423
2777,2476
2780,2491
2806,2511
2811,2504
2837,2523
2850,2567
2877,2580
2875,2561
2925,2617
2929,2638
2964,2662
2976,2684
2995,2707
3023,2738
3040,2758
3080,2797
3085,2805
3128,2844
3160,2858
3178,2878
3195,2943
3221,2987
3238,3030
3278,3080
3283,3115
3315,3145
3354,3190
3397,3231
3395,3270
3439,3317
3480,3343
3505,3398
3517,3451
3564,3492
3586,3497
3608,3579
3645,3631
3668,3678
3713,3709
3736,3786
3765,3791
3780,3860
3816,3883
3836,3943
3864,3957
3896,4020
3920,4038
3953,4068
3997,4109
4002,4126
4030,4144
4059,4185
4095,4223
4115,4235
4140,4260
4170,4288
4184,4303
4226,4323
4253,4330
4269,4373
4288,4362
4292,4393
4347,4407
4350,4442
4393,4461
4399,4479
4419,4478
4462,4500
4486,4536
4493,4517
4535,4539
4578,4549
4593,4583
4600,4554
4627,4585
4652,4626
4674,4629
4690,4662
4687,4684
4703,4707
4730,4720
4745,4721
4755,4762
4770,4761
4801,4788
4817,4793
4844,4834
4845,4827
4859,4862
4911,4891
4884,4895
4921,4901
4946,4934
4936,4972
4971,4976
5003,4995
5004,5028
5011,5017
5045,5064
5064,5073
5088,5068
5084,5115
5118,5106
5124,5100
5164,5133
5179,5147
5194,5145
5217,5157
5247,5163
5277,5182
5289,5192
5311,5222
5322,5220
5350,5223
5373,5230
5414,5251
5442,5257
5433,5290
5478,5304
5503,5300
5533,5320
5558,5335
5586,5348
5607,5386
5647,5382
5672,5402
5697,5431
5733,5441
5768,5466
5792,5486
5828,5515
5845,5535
5875,5572
5912,5587
5928,5636
5961,5654
6010,5661
6002,5692
6025,5738
6079,5738
6080,5775
6119,5789
6161,5807
6178,5826
6217,5838
6238,5883
6246,5904
6305,5933
6307,5934
6345,5956
6363,5975
6386,5978
6413,5991
6425,6013
6460,6028
6483,6043
6509,6054
6534,6029
6544,6055
6583,6066
6597,6059
6630,6079
6641,6084
6668,6101
6690,6087
6703,6107
6735,6121
6761,6141
6783,6142
6804,6144
6835,6155
6840,6172
6880,6196
6861,6187
6909,6203
6918,6217
6919,6223
6952,6262
6996,6276
6979,6302
7026,6298
7028,6312
7037,6329
7042,6349
7049,6369
7095,6373
7094,6417
7115,6399
7133,6429
7164,6442
7177,6426
7216,6472
7225,6480
7237,6461
7260,6484
7275,6499
7283,6516
7336,6504
7337,6548
7362,6546
7391,6545
7375,6564
7430,6571
7446,6598
7469,6579
7500,6597
7519,6609
7595,6620
7584,6653
7625,6657
7639,6664
7654,6662
7678,6699
7716,6716
7741,6738
7769,6755
7790,6778
7815,6802
7829,6821
7876,6845
7893,6877
7928,6887
7946,6929
7983,6963
8032,6991
8050,6991
8087,7038
8132,7078
8136,7109
8191,7105
8192,7148
8225,7151
8266,7200
8286,7204
8297,7221
8344,7253
8363,7287
8386,7284
8424,7321
8429,7325
8463,7357
8487,7349
8536,7392
8537,7420
8565,7414
8592,7420
8613,7431
8666,7461
8687,7491
8716,7485
8744,7522
8761,7527
8774,7567
8791,7577
8827,7617
8847,7634
8862,7657
8876,7688
8901,7710
8930,7736
8965,7759
8966,7792
8981,7802
9005,7816
9026,7859
9049,7881
9064,7895
9085,7909
9105,7927
9119,7935
9133,7939
9164,7972
9165,7994
9202,7995
9216,7977
9227,7998
9232,8011
9279,8037
9271,8042
9278,8050
9294,8046
9322,8061
9356,8084
9353,8118
9411,8109
9421,8142
9432,8161
9457,8185
9460,8179
9499,8195
9512,8214
9509,8248
9535,8291
9563,8314
9579,8373
9618,8387
9611,8422
9656,8448
9665,8461
9670,8495
9721,8538
9737,8589
9768,8609
9799,8643
9812,8669
9825,8691
9871,8741
9884,8762
9941,8796
9967,8817
9990,8867
10007,8893
10032,8917
10061,8967
10079,8969
10108,9010
10153,9029
10163,9048
10209,9106
10250,9136
10278,9179
10313,9232
10336,9233
10357,9305
10383,9327
10417,9383
10457,9445
10479,9505
10493,9551
10526,9571
10546,9648
10562,9690
10588,9755
10623,9773
10646,9820
10685,9900
10684,9964
10699,9985
10753,10016
10787,10041
10817,10085
10832,10130
10837,10141
10856,10180
10881,10231
10912,10224
10943,10259
10955,10277
11004,10296
10995,10324
11032,10311
11069,10370
11088,10374
11108,10405
11116,10447
11158,10480
11175,10504
11192,10548
11197,10557
11246,10566
11246,10622
11282,10663
11310,10670
11316,10730
11334,10736
11345,10798
11368,10844
11389,10875
11400,10894
11397,10963
11425,10988
11450,11017
11449,11055
11454,11036
11501,11050
11508,11078
11514,11096
11548,11132
11567,11171
11580,11155
11604,11178
11621,11227
11646,11214
11659,11229
11678,11256
11703,11265
11725,11283
11758,11297
11754,11327
11786,11354
11818,11395
11826,11415
11861,11457
11898,11490
11921,11502
11947,11542
11960,11598
12017,11649
12044,11675
12051,11727
12068,11756
12101,11825
12140,11857
12168,11912
12189,11973
12200,12014
12255,12052
12276,12092
12287,12140
12320,12172
12364,12194
12381,12238
12404,12271
12429,12285
12464,12317
12485,12319
12530,12337
12553,12369
12583,12381
12620,12402
12648,12432
12678,12462
12693,12515
12704,12471
12740,12520
12783,12566
12813,12554
12827,12595
12854,12616
12877,12651
12908,12668
12957,12720
12961,12727
12998,12765
13011,12800
13029,12832
13079,12855
13099,12897
13128,12900
13129,12942
13158,12970
13183,13000
13196,13055
13217,13059
13243,13083
13276,13074
13318,13108
13336,13145
13331,13169
13367,13177
13373,13196
13404,13178
13402,13189
13416,13202
13457,13195
13462,13196
13490,13229
13501,13235
13537,13230
13534,13240
13568,13237
13560,13252
13603,13253
13599,13255
13626,13251
13637,13256
13667,13278
13676,13277
13684,13283
13736,13302
13748,13324
13766,13356
13768,13347
13785,13374
13819,13416
13824,13420
13832,13448
13858,13466
13893,13491
13921,13517
13953,13525
13966,13570
13967,13563
14002,13616
14012,13610
14047,13628
14092,13676
14109,13698
14132,13713
14144,13726
14165,13755
14181,13789
14230,13756
14259,13805
14276,13814
14310,13808
14330,13850
14387,13861
14385,13870
14405,13859
14444,13883
14482,13902
14527,13924
14538,13912
14577,13939
14588,13973
14624,13970
14640,13977
14660,14006
14702,14021
14740,14014
14757,14055
14800,14038
14837,14065
14843,14085
14874,14131
14923,14123
14934,14154
14966,14177
14975,14193
15003,14210
15039,14264
15041,14263
15088,14298
15105,14307
15142,14329
15155,14367
15182,14374
15197,14405
15224,14410
15250,14446
15270,14446
15301,14469
15317,14479
15343,14503
15369,14510
15381,14543
15436,14536
15449,14549
15463,14563
15482,14584
15495,14585
15525,14603
15542,14595
15560,14618
15581,14617
15612,14609
15632,14637
15652,14636
15649,14645
15696,14653
15721,14653
15719,14662
15729,14674
15752,14669
15773,14675
15787,14694
15794,14710
15813,14699
15844,14716
15834,14716
15882,14742
15889,14753
15896,14764
15924,14769
15959,14791
15945,14793
15986,14805
16014,14810
16019,14839
16044,14863
16080,14894
16091,14892
16127,14907
16144,14948
16158,14970
16191,14978
16200,15007
16218,15051
16261,15047
16297,15084
16320,15092
16316,15125
16361,15135
35,15170
28,15186
86,15201
103,15219
125,15241
163,15263
194,15302
217,15291
270,15319
289,15368
302,15390
349,15388
344,15411
390,15429
432,15453
452,15500
500,15488
514,15521
560,15545
607,15577
612,15560
625,15601
677,15623
703,15626
731,15663
750,15694
803,15705
801,15735
826,15750
862,15770
891,15788
909,15828
942,15831
948,15876
994,15908
1011,15928
1048,15983
1040,15963
1087,16034
1109,16026
1144,16064
1164,16050
1165,16106
1216,16140
1221,16179
1240,16195
1270,16194
1299,16248
1303,16266
1314,16284
1342,16301
1357,16321
1389,16333
1393,16335
1422,0
1432,34
1473,43
1472,58
1478,73
1496,98
1532,97
1559,129
1567,126
1581,134
1601,166
1615,180
1635,176
1638,205
1664,252
1673,241
1691,261
1699,309
1734,314
1765,329
1781,319
1779,352
1837,380
1840,394
1880,405
1893,426
1903,463
1936,504
1990,510
1985,533
2011,569
2048,590
2079,596
2063,647
2098,707
2130,701
2164,745
2180,792
2224,839
2237,889
2289,906
2312,960
2334,996
2349,1039
2382,1054
2424,1131
2467,1169
2467,1238
2499,1254
2542,1320
2568,1376
2588,1394
2621,1460
2641,1502
2677,1539
2708,1610
2740,1604
2752,1702
2794,1772
2815,1801
2836,1826
2872,1897
2887,1922
2937,1943
2954,2001
2983,2074
3007,2117
3025,2158
3045,2176
3086,2211
3096,2247
3129,2304
3162,2322
3168,2380
3196,2415
3215,2401
3229,2486
3248,2497
3294,2497
3325,2527
3353,2577
3357,2585
3358,2633
3409,2652
3425,2683
3447,2715
3474,2738
3487,2747
3517,2759
3551,2789
3513,2801
3568,2828
3581,2849
3615,2881
3622,2889
3640,2894
3675,2913
3685,2963
3688,2974
3704,3004
3727,3003
3757,3039
3794,3072
3810,3110
3823,3123
3826,3140
3838,3181
3854,3181
3863,3216
3893,3250
3912,3278
3933,3325
3965,3367
3976,3394
3998,3410
4029,3453
4040,3463
4082,3526
4080,3554
4095,3617
4107,3602
4156,3661
4172,3694
4185,3733
4192,3768
4238,3779
4261,3829
4285,3873
4316,3909
4333,3939
4369,3965
4392,3992
4436,4012
4460,4034
4499,4076
4544,4095
4561,4121
4583,4176
4620,4167
4632,4179
4675,4229
4699,4263
4730,4302
4749,4300
4800,4335
4810,4337
4829,4381
4879,4371
4909,4409
4942,4421
4954,4461
4985,4498
4998,4508
5037,4506
5063,4515
5107,4561
5132,4605
5157,4605
5173,4661
5200,4678
5226,4708
5251,4742
5265,4763
5294,4790
5337,4811
5350,4849
5382,4883
5412,4923
5435,4927
5450,4925
5484,4963
5501,4993
5527,5034
5545,5008
5564,5051
5576,5096
5602,5104
5635,5141
5642,5157
5692,5168
5723,5171
5708,5190
5737,5182
5761,5219
5764,5215
5794,5232
5801,5232
5813,5245
5848,5235
5850,5228
5884,5257
5902,5247
5909,5265
5941,5283
5952,5293
5956,5294
5977,5296
6010,5295
6014,5298
6007,5290
6045,5317
6050,5314
6091,5316
6090,5333
6125,5361
6131,5383
6170,5392
6174,5388
6189,5422
6240,5430
6256,5434
6279,5463
6278,5475
6317,5517
6341,5522
6366,5564
6394,5583
6396,5609
6442,5628
6472,5637
6482,5675
6516,5685
6554,5722
6587,5733
6592,5784
6642,5794
6661,5807
6675,5833
6726,5845
6720,5866
6761,5880
6821,5894
6825,5918
6881,5918
6888,5949
6909,5961
6949,5990
6975,5984
7005,5972
7011,5997
7062,5998
7088,6026
7105,6023
7149,6043
7157,6065
7197,6073
7216,6077
7231,6099
7275,6123
7283,6129
7323,6145
7344,6143
7393,6192
7397,6175
7426,6212
7450,6208
7491,6230
7496,6266
7522,6283
7545,6311
7562,6333
7592,6337
7609,6356
7606,6385
7655,6399
7664,6428
7690,6446
7715,6463
7730,6484
7774,6488
7781,6509
7828,6535
7837,6527
7856,6541
7868,6563
7909,6573
7934,6599
7959,6589
7953,6611
7975,6609
7985,6607
8000,6610
8013,6630
8061,6606
8052,6617
8098,6612
8105,6614
8116,6658
8142,6653
8159,6648
8175,6671
8177,6659
8232,6676
8211,6695
8222,6697
8254,6732
8273,6748
8302,6746
8305,6759
8317,6804
8348,6805
8361,6832
8385,6859
8410,6876
8448,6905
8470,6920
8490,6945
8498,6970
8531,6985
8561,7015
8606,7024
8621,7056
8678,7072
8670,7113
8701,7092
8742,7130
8772,7156
8796,7170
8827,7201
8841,7200
8894,7207
8933,7238
8940,7260
9000,7284
9011,7274
9054,7303
9083,7331
9112,7363
9143,7380
9161,7427
9191,7450
9247,7459
9254,7487
9277,7532
9293,7565
9311,7576
9329,7609
9372,7617
9394,7653
9420,7703
9452,7729
9481,7781
9532,7799
9545,7839
9565,7865
9604,7876
9611,7911
9670,7932
9673,7982
9706,7988
9714,8007
9741,8039
9772,8039
9799,8054
9792,8058
9832,8077
9849,8106
9878,8136
9919,8153
9926,8147
9957,8199
9969,8196
10005,8229
10047,8231
10036,8240
10089,8255
10093,8263
10121,8324
10124,8354
10143,8386
10163,8378
10175,8431
10193,8451
10212,8464
10233,8485
10227,8510
10249,8542
10270,8582
10281,8588
10321,8639
10318,8668
10349,8677
10373,8695
10377,8697
10404,8718
10408,8734
10431,8752
10461,8764
10461,8778
10479,8812
10503,8815
10523,8819
10554,8825
10571,8857
10594,8900
10614,8915
10637,8968
10660,8969
10695,8981
10733,9030
10757,9071
10757,9099
10822,9116
10813,9169
10862,9228
10869,9262
10902,9310
10921,9345
10960,9382
10968,9478
11022,9507
11024,9561
11051,9607
11092,9666
11115,9704
11153,9733
11162,9810
11196,9847
11248,9919
11267,9944
11285,9993
11316,10015
11359,10062
11373,10074
11413,10135
11428,10160
11452,10188
11491,10211
11496,10230
11536,10282
11581,10306
11589,10332
11612,10392
11633,10403
11663,10472
11709,10526
11731,10532
11770,10592
11788,10614
11815,10684
11839,10725
11858,10770
11873,10813
11911,10888
11936,10926
11945,10969
11974,11020
11991,11049
11996,11062
12023,11131
12052,11150
12084,11179
12088,11215
12115,11223
12133,11259
12161,11275
12189,11308
12196,11338
12221,11339
12232,11352
12268,11366
12289,11369
12288,11403
12317,11421
12328,11401
12344,11411
12375,11408
12391,11442
12407,11468
12422,11498
12451,11537
12463,11569
12478,11554
12498,11588
12526,11588
12541,11674
12556,11677
12559,11725
12613,11750
12595,11770
12613,11821
12644,11869
12662,11885
12670,11913
12708,11953
12738,11986
12728,12016
12741,12041
12768,12066
12800,12106
12822,12118
12866,12144
12890,12171
12888,12164
12917,12177
12948,12200
12981,12213
13010,12236
13036,12291
13063,12281
13094,12313
13119,12329
13134,12346
13170,12383
13196,12392
13226,12426
13267,12443
13278,12478
13326,12519
13357,12535
13376,12601
13409,12630
13446,12662
13474,12675
13514,12734
13530,12775
13555,12797
13582,12842
13631,12882
13649,12911
13680,12918
13713,12955
13737,13013
13746,13012
13781,13057
13850,13065
13830,13134
13843,13129
13894,13166
13923,13179
13941,13209
13978,13203
13983,13231
14025,13232
14046,13241
14059,13258
14099,13272
14134,13294
14113,13287
14164,13314
14204,13320
14217,13328
14238,13324
14252,13322
14277,13350
14280,13387
14316,13379
14335,13373
14373,13389
14366,13416
14405,13417
14417,13429
14450,13454
14459,13462
14449,13503
14494,13495
14529,13515
14541,13542
14562,13565
14559,13561
14580,13591
14600,13603
14621,13616
14618,13665
14667,13665
14679,13682
14700,13681
14712,13709
14735,13737
14749,13733
14754,13753
14779,13769
14799,13779
14818,13803
14855,13821
14873,13836
14890,13846
14904,13831
14937,13863
14936,13847
14969,13871
14985,13875
15012,13882
15022,13895
15047,13911
15070,13922
15107,13918
15137,13941
15154,13948
15176,13956
15207,13987
15236,13976
15266,14006
15293,14030
15311,14044
15364,14050
15349,14055
15409,14086
15421,14101
15462,14122
15501,14133
15516,14155
15558,14175
15557,14191
15605,14200
15628,14244
15642,14248
15722,14286
15749,14313
15766,14324
15789,14359
15803,14385
15828,14399
15857,14432
15893,14447
15911,14461
15926,14477
15956,14488
15979,14521
16014,14544
16041,14566
16081,14589
16097,14583
16108,14620
16141,14627
16163,14654
16190,14650
16223,14674
16253,14671
16281,14706
16306,14711
16324,14729
16345,14750
16364,14748
15,14762
33,14753
43,14792
59,14774
78,14804
101,14813
134,14820
136,14815
178,14834
181,14849
216,14854
209,14867
271,14886
274,14888
312,14906
308,14903
311,14927
352,14929
355,14933
362,14933
404,14970
440,14966
443,14974
432,14989
438,14998
486,15017
484,15037
495,15073
532,15059
542,15100
544,15106
592,15114
616,15129
642,15144
667,15185
668,15189
698,15220
732,15249
730,15256
755,15273
758,15295
816,15308
817,15301
834,15332
864,15356
906,15360
915,15415
969,15428
990,15458
1026,15450
1051,15475
1079,15493
1104,15525
1150,15564
1189,15577
1205,15601
1246,15644
1286,15664
1287,15665
1333,15693
1352,15711
1390,15744
1413,15771
1459,15795
1475,15816
1502,15845
1554,15851
1565,15878
1597,15912
1640,15938
1666,15982
1689,15957
1705,16010
1734,16014
1780,16060
1791,16067
1815,16117
1837,16133
1880,16175
1899,16225
1950,16231
1959,16272
1982,16271
2016,16322
2023,16355
2053,11
2094,48
2108,73
2123,96
2140,123
2172,156
2187,177
2232,193
2233,207
2253,247
2272,290
2294,310
2305,360
2327,367
2349,383
2358,436
2388,424
2413,471
2425,497
2453,523
2476,518
2498,559
2505,584
2529,582
2554,631
2556,611
2585,626
2595,649
2608,658
2631,708
2649,675
2642,705
2706,724
2710,731
2711,764
2731,802
2743,819
2788,806
2795,842
2809,835
2829,864
2853,911
2886,926
2901,962
2927,986
2941,997
2971,1029
2986,1048
3004,1076
3028,1127
3046,1148
3079,1169
3086,1219
3141,1259
3149,1303
3167,1323
3222,1418
3256,1392
3273,1469
3307,1518
3325,1584
3356,1629
3388,1654
3415,1709
3449,1779
3460,1836
3500,1874
3507,1890
3545,1965
3574,2025
3620,2060
3635,2141
3671,2205
3692,2226
3710,2302
3746,2307
3781,2374
3800,2411
3832,2442
3867,2513
3869,2555
3902,2554
3932,2614
3950,2637
3985,2673
4004,2732
4030,2756
4045,2779
4083,2822
4086,2865
4127,2912
4144,2929
4159,2925
4217,2972
4214,3024
4231,3017
4257,3053
4288,3069
4295,3091
4331,3089
4355,3139
4353,3151
4382,3164
4427,3214
4439,3222
4439,3246
4483,3263
4506,3297
4535,3321
4540,3321
4548,3389
4585,3383
4605,3419
4621,3445
4650,3488
4663,3497
4671,3523
4708,3551
4703,3578
4745,3608
4749,3620
4776,3654
4775,3671
4817,3681
4830,3740
4831,3741
4853,3760
4884,3806
4868,3837
4894,3866
4925,3884
4967,3916
4940,3950
4973,3973
5004,3987
5010,4033
5043,4034
5065,4073
5083,4088
5138,4098
5139,4143
5188,4141
5178,4175
5193,4192
5229,4216
5248,4238
5286,4252
5317,4295
5336,4317
5366,4330
5381,4356
5420,4365
5439,4389
5478,4426
5509,4441
5546,4452
5570,4498
5608,4520
5635,4507
5658,4557
5681,4552
5740,4590
5756,4626
5794,4652
5821,4689
5834,4715
5874,4727
5887,4795
5945,4795
5962,4815
5975,4875
5998,4902
6041,4897
6068,4937
6079,4971
6126,4990
6136,5024
6183,5073
6203,5093
6224,5114
6245,5119
6264,5155
6295,5182
6319,5223
6339,5241
6384,5284
6394,5290
6419,5305
6452,5314
6469,5322
6493,5319
6522,5355
6539,5359
6563,5387
6586,5398
6602,5391
6647,5420
6638,5418
6664,5431
6691,5432
6705,5439
6720,5443
6768,5447
6774,5465
6781,5471
6804,5481
6824,5487
6851,5481
6841,5505
6860,5516
6897,5484
6922,5511
6928,5494
6960,5531
6972,5519
6976,5554
6993,5569
7007,5576
7030,5602
7067,5606
7060,5642
7098,5634
7111,5687
7114,5683
7115,5707
7137,5729
7174,5742
7198,5750
7209,5791
7274,5796
7256,5806
7303,5817
7305,5841
7341,5867
7378,5864
7380,5914
7399,5924
7437,5924
7480,5955
7495,5934
7531,5959
7544,5979
7567,5981
7600,6001
7601,6008
7661,6018
7684,6014
7723,6040
7750,6056
7775,6064
7777,6097
7858,6100
7869,6117
7884,6133
7900,6144
7947,6158
7942,6170
7989,6191
8045,6217
8050,6235
8071,6265
8099,6295
8128,6310
8155,6328
8174,6340
8193,6371
8215,6408
8257,6433
8273,6453
8300,6472
8354,6476
8371,6491
8396,6532
8425,6551
8437,6587
8444,6598
8487,6598
8518,6622
8544,6629
8561,6646
8574,6644
8583,6659
8630,6661
8648,6665
8676,6683
8702,6691
8725,6708
8725,6722
8773,6709
8784,6743
8804,6733
8837,6733
8838,6760
8869,6770
8880,6788
8912,6779
8920,6814
8972,6838
8971,6836
8969,6850
8995,6855
9013,6885
9016,6922
9071,6912
9089,6943
9104,6961
9124,6985
9117,6994
9149,7030
9167,7034
9183,7041
9210,7062
9215,7076
9251,7101
9258,7102
9257,7113
9292,7122
9311,7143
9339,7154
9353,7162
9361,7152
9374,7184
9426,7188
9447,7195
9466,7199
9493,7215
9537,7236
9559,7244
9597,7266
9601,7290
9617,7291
9656,7329
9677,7354
9705,7363
9712,7405
9759,7441
9772,7453
9805,7490
9861,7545
9866,7545
9898,7579
9942,7622
9967,7650
9992,7687
10034,7732
10058,7748
10092,7798
10121,7842
10137,7854
10170,7896
10213,7927
10224,7940
10271,7970
10288,7999
10333,8019
10355,8035
10364,8054
10403,8067
10421,8126
10469,8137
10492,8156
10524,8186
10557,8196
10593,8223
10627,8232
10626,8279
10647,8297
10695,8325
10710,8337
10738,8393
10748,8422
10781,8476
10815,8500
10809,8537
10843,8575
10851,8586
10868,8620
10905,8646
10924,8707
10944,8722
10954,8767
11006,8756
11015,8787
11044,8845
11054,8835
11071,8906
11082,8908
11111,8945
11126,8923
11135,8931
11150,8970
11191,8990
11215,8955
11204,8984
11227,9004
11262,9049
11275,9055
11312,9056
11315,9071
11334,9114
11343,9125
11368,9138
11381,9187
11417,9188
11433,9264
11418,9278
11456,9284
11465,9331
11494,9368
11499,9403
11516,9425
11551,9459
11560,9499
11580,9544
11591,9571
11619,9594
11641,9627
11672,9672
11693,9686
11703,9729
11735,9778
11761,9777
11783,9815
11794,9844
11827,9872
11850,9906
11873,9941
11902,9959
11925,9974
11951,10037
11967,10055
12006,10090
12036,10140
12073,10197
12120,10242
12127,10295
12152,10337
12180,10363
12234,10405
12242,10476
12277,10538
12324,10581
12335,10639
12348,10676
12374,10738
12384,10805
12416,10849
12454,10916
12468,10956
12507,11021
12535,11051
12553,11065
12580,11080
12612,11138
12616,11142
12659,11182
12681,11225
12712,11282
12727,11281
12749,11306
12779,11309
12786,11352
12842,11381
12858,11395
12863,11408
12899,11428
12880,11455
12934,11459
12959,11488
12972,11529
13003,11527
13038,11583
13054,11626
13057,11667
13090,11690
13109,11709
13117,11748
13163,11783
13176,11796
13211,11853
13213,11902
13236,11934
13261,11967
13276,12011
13287,12023
13300,12051
13318,12075
13344,12131
13385,12147
13375,12143
13404,12139
13420,12162
13426,12171
13428,12188
13453,12186
13501,12211
13514,12242
13517,12234
13548,12250
13570,12240
13579,12255
13575,12266
13601,12309
13638,12284
13638,12294
13680,12317
13694,12324
13722,12359
13735,12338
13759,12387
13783,12406
13801,12445
13822,12444
13833,12498
13876,12520
13906,12546
13920,12575
13950,12598
13998,12636
13995,12679
14017,12709
14052,12755
14088,12784
14116,12825
14138,12844
14182,12884
14202,12930
14233,12958
14274,12970
14278,13010
14331,13023
14350,13053
14404,13097
14395,13111
14438,13135
14456,13152
14534,13163
14520,13193
14562,13230
14597,13211
14640,13231
14658,13240
14677,13263
14692,13287
14736,13303
14776,13313
14778,13326
14808,13339
14834,13366
14844,13365
14861,13382
14920,13390
14936,13419
14953,13447
14988,13450
15009,13468
15025,13491
15038,13507
15076,13536
15103,13553
15128,13575
15156,13604
15156,13626
15212,13632
15195,13673
15228,13685
15266,13725
15260,13710
15277,13723
15316,13774
15342,13780
15355,13816
15370,13813
15404,13827
15433,13847
15441,13863
15462,13896
15455,13878
15507,13907
15518,13892
15520,13914
15551,13915
15556,13939
15588,13932
15605,13934
15614,13944
15622,13951
15663,13959
15653,13943
15678,13941
15716,13972
15717,13977
15729,13959
15746,13975
15763,14007
15790,14002
15818,14014
15822,14002
15860,14010
15863,14012
15895,14021
15902,14052
15918,14030
15940,14073
15965,14087
15986,14092
15992,14098
16043,14125
16065,14146
16078,14173
16111,14200
16142,14195
16160,14228
16174,14252
16229,14283
16249,14288
16263,14321
16293,14336
16317,14347
16353,14400
16380,14402
29,14435
43,14449
53,14465
104,14500
151,14501
157,14531
176,14558
208,14556
248,14587
268,14606
302,14616
341,14647
371,14673
394,14675
407,14701
459,14698
475,14722
472,14745
513,14749
543,14767
582,14778
598,14796
613,14767
671,14795
662,14817
690,14819
720,14834
746,14842
772,14874
803,14893
827,14893
844,14908
888,14927
893,14945
912,14940
948,14967
969,14989
975,14993
1004,14999
1020,15014
1029,15026
1057,15055
1084,15077
1112,15097
1115,15088
1145,15122
1164,15145
1176,15157
1193,15163
1243,15207
1250,15212
1284,15235
1290,15254
1300,15247
1336,15285
1335,15299
1351,15307
1352,15333
1382,15338
1404,15350
1425,15367
1447,15391
1458,15392
1476,15422
1489,15413
1515,15421
1538,15444
1550,15440
1583,15467
1599,15494
1610,15496
1650,15525
1671,15527
1677,15539
1717,15552
1728,15563
1744,15588
1776,15592
1784,15628
1823,15624
1830,15642
1876,15661
1895,15677
1931,15716
1954,15720
1981,15716
2019,15764
2038,15773
2052,15808
2085,15821
2109,15867
2154,15878
2196,15900
2219,15939
2247,15973
2250,16018
2286,16022
2323,16073
2349,16109
2404,16148
2416,16185
2446,16210
2473,16250
2512,16284
2550,16323
2557,16335
2609,2
2622,22
2647,86
2693,103
2714,134
2736,165
2748,201
2789,229
2811,261
2832,311
2864,332
2893,372
2915,419
2926,417
2942,448
2982,484
3007,523
3035,552
3052,582
3094,613
3105,646
3129,650
3171,671
3181,690
3192,728
3223,753
3235,776
3254,786
3284,829
3276,824
3327,859
3335,882
3356,908
3383,917
3413,958
3427,975
3450,1008
3490,1004
3503,1035
3503,1055
3518,1100
3530,1096
3549,1135
3576,1139
3593,1171
3605,1183
3617,1191
3637,1251
3661,1243
3677,1287
3698,1284
3715,1317
3732,1353
3756,1378
3768,1436
3775,1439
3809,1489
3836,1502
3846,1550
3849,1601
3899,1617
3900,1681
3904,1700
3960,1727
3965,1785
3980,1803
3996,1852
4051,1898
4055,1933
4066,1963
4090,2006
4114,2036
4141,2091
4180,2172
4210,2199
4214,2239
4255,2276
4282,2296
4316,2331
4331,2407
4367,2417
4387,2471
4404,2488
4422,2594
4465,2598
4514,2651
4518,2682
4574,2716
4563,2726
4599,2758
4650,2805
4671,2857
4715,2883
4740,2902
4775,2940
4795,2987
4784,3012
4823,3021
4873,3064
4893,3095
4906,3150
4940,3171
4967,3222
4983,3260
5010,3276
5030,3318
5053,3332
5071,3384
5120,3411
5141,3463
5161,3473
5184,3518
5200,3557
5241,3599
5271,3640
5285,3661
5293,3697
5319,3734
5324,3756
5364,3800
5379,3815
5401,3861
5420,3843
5457,3902
5447,3953
5480,3978
5538,3978
5530,4020
5553,4047
5562,4068
5573,4069
5608,4080
5636,4116
5621,4129
5679,4121
5686,4162
5682,4147
5717,4165
5736,4179
5744,4198
5765,4197
5783,4191
5816,4213
5815,4227
5841,4238
5872,4266
5856,4272
5877,4280
5930,4275
5930,4287
5956,4330
5995,4308
5996,4340
6006,4370
6053,4365
6079,4410
6110,4436
6137,4463
6130,4472
6156,4501
6175,4529
6205,4548
6237,4608
6250,4630
6293,4656
6298,4683
6325,4693
6336,4732
6395,4778
6438,4794
6440,4841
6494,4874
6516,4888
6545,4930
6574,4949
6598,5020
6619,5024
6652,5063
6687,5067
6732,5120
6753,5154
6783,5137
6825,5173
6844,5197
6882,5190
6908,5215
6935,5237
6943,5262
6994,5275
7017,5311
7042,5290
7068,5317
7101,5336
7132,5324
7142,5352
7169,5363
7212,5362
7223,5412
7253,5417
7276,5432
7306,5426
7333,5435
7331,5451
7347,5473
7377,5493
7420,5489
7421,5521
7440,5547
7486,5546
7497,5566
7532,5583
7548,5620
7581,5623
7586,5678
7602,5677
7619,5702
7634,5729
7671,5745
7673,5751
7696,5775
7737,5787
7748,5804
7762,5808
7796,5845
7797,5843
7826,5878
7847,5866
7874,5876
7899,5901
7911,5899
7926,5886
7950,5903
7943,5897
7963,5898
8000,5916
8019,5911
8026,5927
8039,5924
8062,5944
8078,5936
8085,5938
8092,5957
8128,5953
8136,5960
8172,5982
8193,5995
8220,5982
8222,6024
8274,6003
8276,6035
8286,6048
8319,6080
8354,6086
8383,6098
8409,6153
8403,6148
8433,6175
8469,6206
8478,6238
8511,6266
8530,6272
8563,6298
8593,6329
8634,6351
8655,6361
8683,6391
8722,6416
8757,6415
8798,6426
8812,6448
8857,6482
8884,6490
8899,6509
8926,6524
8957,6539
8975,6546
9006,6553
9029,6556
9054,6578
9108,6592
9120,6602
9154,6592
9187,6613
9206,6635
9226,6667
9263,6673
9279,6691
9327,6711
9339,6718
9367,6737
9368,6776
9409,6792
9447,6789
9454,6835
9461,6857
9478,6876
9515,6892
9541,6945
9551,6947
9561,6971
9610,6994
9625,6994
9657,7021
9672,7038
9703,7053
9718,7068
9743,7095
9765,7086
9782,7116
9812,7128
9826,7119
9832,7136
9867,7157
9882,7171
9919,7169
9942,7172
9949,7183
9964,7189
10000,7200
10011,7229
10028,7234
10071,7236
10076,7244
10096,7254
10109,7268
10094,7284
10137,7311
10154,7314
10178,7340
10195,7356
10208,7379
10211,7395
10236,7414
10258,7439
10278,7471
10292,7494
10311,7512
10353,7517
10382,7533
10381,7559
10400,7597
10446,7611
10461,7627
10486,7641
10523,7691
10538,7698
10542,7737
10579,7735
10601,7770
10617,7760
10646,7814
10686,7824
10687,7839
10745,7850
10776,7887
10819,7904
10854,7953
10885,7977
10914,8006
10948,8021
10978,8076
10997,8084
11054,8145
11078,8180
11103,8208
11116,8246
11173,8307
11175,8343
11197,8371
11220,8429
11254,8468
11289,8499
11325,8510
11335,8574
11376,8623
11384,8658
11435,8697
11466,8724
11472,8744
11505,8780
11536,8796
11568,8846
11590,8858
11611,8872
11628,8913
11671,8941
11672,8945
11692,8979
11727,9000
11734,9015
11785,9041
11794,9074
11823,9114
11832,9115
11879,9165
11895,9187
11926,9218
11925,9265
11972,9286
11977,9323
12005,9350
12015,9412
12028,9448
12059,9491
12060,9465
12084,9544
12101,9598
12126,9621
12143,9645
12156,9683
12181,9686
12188,9726
12210,9720
12231,9746
12247,9791
12273,9825
12287,9816
12300,9838
12315,9831
12318,9842
12367,9885
12357,9894
12387,9919
12398,9912
12438,9940
12434,9966
12468,9975
12455,10001
12488,10017
12505,10055
12534,10092
12545,10128
12589,10176
12603,10184
12603,10227
12646,10300
12665,10327
12698,10396
12702,10469
12758,10501
12762,10518
12769,10573
12795,10613
12821,10689
12844,10705
12869,10784
12909,10799
12931,10842
12969,10874
13016,10938
13029,10976
13055,11031
13088,11026
13097,11088
13136,11081
13176,11129
13186,11152
13216,11204
13265,11191
13297,11255
13329,11293
13343,11315
13354,11346
13382,11369
13424,11414
13453,11447
13464,11488
13496,11538
13521,11582
13556,11612
13589,11661
13610,11704
13647,11726
13649,11796
13680,11836
13694,11833
13738,11903
13765,11911
13781,11998
13798,12016
13813,12018
13854,12082
13871,12095
13899,12134
13916,12164
13932,12171
13962,12191
13982,12230
14001,12227
14026,12266
14045,12259
14076,12273
14092,12271
14122,12292
14151,12336
14148,12356
14169,12346
14190,12338
14213,12362
14241,12373
14242,12377
14279,12412
14286,12420
14311,12404
14329,12445
14342,12450
14363,12480
14355,12507
14405,12529
14437,12527
14442,12555
14452,12590
14485,12607
14471,12656
14523,12675
14537,12689
14546,12734
14577,12761
14591,12737
14599,12803
14633,12785
14666,12853
14674,12877
14697,12896
14713,12917
14738,12938
14757,12953
14783,12954
14806,12994
14830,13010
14853,13057
14885,13040
14911,13070
14961,13071
14963,13089
15009,13133
15032,13120
15046,13132
15073,13162
15082,13160
15122,13199
15147,13189
15172,13216
15206,13250
15245,13260
15289,13274
15311,13312
15351,13330
15378,13327
15404,13350
15450,13381
15471,13415
15490,13427
15561,13461
15559,13505
15586,13525
15621,13543
15633,13567
15696,13606
15707,13619
15721,13664
15734,13679
15769,13679
15790,13716
15798,13735
15827,13763
15885,13787
15888,13814
15941,13826
15963,13859
16000,13871
15994,13881
16018,13906
16041,13917
16062,13958
16107,13943
16127,13966
16146,13999
16154,14003
16193,13997
16200,13996
16223,14007
16249,14015
16268,14035
16295,14037
16303,14058
16322,14064
16342,14062
16365,14084
16378,14090
42,14100
33,14089
61,14087
94,14121
99,14125
109,14139
140,14128
132,14141
151,14148
180,14131
196,14157
208,14167
213,14169
243,14179
268,14188
283,14219
284,14232
320,14263
346,14251
364,14292
382,14290
386,14312
409,14317
424,14353
446,14359
459,14370
499,14391
524,14421
521,14443
569,14443
586,14450
600,14484
637,14483
649,14499
698,14523
706,14557
748,14566
775,14579
794,14590
803,14613
835,14637
876,14648
906,14671
935,14692
955,14691
976,14702
1018,14721
1041,14745
1070,14755
1102,14779
1121,14779
1182,14801
1193,14821
1214,14828
1256,14833
1305,14854
1325,14866
1349,14896
1381,14917
1385,14925
1416,14934
1442,14960
1468,14983
1505,14987
1520,15016
1538,15030
1567,15046
1585,15059
1623,15078
1641,15100
1651,15098
1701,15148
1721,15157
1763,15158
1777,15189
1806,15201
1841,15230
1840,15263
1861,15275
1885,15300
1902,15320
1932,15333
1937,15364
1979,15381
1978,15411
1991,15418
2027,15425
2041,15450
2049,15471
2096,15477
2126,15519
2125,15521
2169,15529
2170,15570
2212,15557
2214,15599
2247,15606
2263,15600
2283,15619
2291,15631
2318,15654
2319,15656
2354,15677
2359,15667
2380,15700
2402,15710
2414,15711
2456,15733
2476,15728
2503,15758
2523,15773
2515,15738
2555,15804
2574,15782
2618,15796
2632,15838
2627,15843
2657,15865
2685,15884
2705,15865
2723,15913
2730,15919
2754,15966
2788,15964
2808,16013
2852,16025
2855,16070
2877,16084
2920,16113
2956,16139
2960,16157
3006,16246
3028,16243
3058,16289
3063,16298
3099,16334
3117,16374
3148,43
3153,53
3205,110
3240,154
3288,210
3309,241
3353,257
3370,318
3412,380
3411,367
3455,425
3488,476
3530,482
3533,565
3591,561
3598,612
3632,628
3657,687
3689,729
3719,713
3746,768
3761,817
3765,809
3822,838
3850,896
3871,907
3883,939
3912,951
3957,989
3993,1029
3998,1065
4015,1078
4034,1108
4072,1133
4097,1152
4096,1212
4128,1242
4138,1221
4159,1303
4181,1324
4209,1345
4238,1369
4256,1389
4265,1431
4299,1489
4308,1510
4336,1523
4356,1522
4355,1577
4382,1640
4415,1668
4429,1676
4453,1716
4470,1710
4485,1813
4515,1832
4520,1868
4518,1885
4551,1889
4552,1936
4587,1945
4569,2002
4602,2004
4612,2037
4652,2110
4667,2143
4700,2137
4708,2178
4702,2194
4745,2217
4741,2227
4794,2280
4792,2296
4824,2314
4836,2355
4860,2378
4888,2367
4899,2407
4911,2445
4938,2462
4932,2511
5001,2545
5008,2533
5046,2585
5061,2595
5087,2662
5104,2678
5122,2700
5163,2720
5211,2790
5218,2790
5244,2848
5247,2877
5305,2892
5349,2958
5363,3011
5381,3028
5431,3080
5444,3165
5480,3186
5528,3230
5539,3285
5546,3312
5593,3345
5635,3353
5658,3434
5673,3483
5694,3516
5731,3574
5770,3604
5793,3629
5809,3682
5834,3716
5871,3799
5881,3783
5885,3824
5930,3880
5957,3912
5970,3924
6004,3972
6031,3997
6046,4042
6108,4057
6089,4043
6115,4089
6157,4107
6200,4135
6188,4149
6223,4159
6230,4211
6259,4193
6269,4205
6302,4208
6325,4228
6331,4235
6366,4271
6399,4275
6409,4298
6416,4298
6449,4312
6459,4327
6482,4346
6498,4358
6527,4377
6561,4380
6584,4383
6585,4403
6598,4416
6631,4448
6625,4461
6668,4511
6681,4498
6709,4535
6718,4560
6748,4576
6749,4610
6776,4630
6788,4659
6799,4636
6808,4674
6831,4718
6859,4747
6908,4765
6906,4778
6929,4809
6950,4848
6972,4861
6987,4873
7036,4876
7034,4902
7053,4923
7090,4936
7114,4944
7097,4961
7140,4999
7166,5007
7207,5014
7224,5028
7244,5048
7301,5055
7304,5077
7336,5082
7373,5112
7394,5109
7436,5130
7449,5144
7466,5160
7493,5166
7549,5190
7576,5208
7618,5228
7625,5242
7658,5272
7684,5296
7717,5337
7748,5357
7755,5391
7795,5404
7825,5426
7854,5454
7880,5475
7917,5517
7963,5529
7970,5583
8005,5573
8033,5600
8063,5639
8103,5662
8118,5685
8146,5722
8151,5718
8186,5758
8222,5752
8233,5783
8248,5820
8287,5823
8298,5848
8318,5839
8347,5853
8374,5861
8409,5861
8441,5877
8441,5883
8467,5891
8479,5907
8523,5893
8544,5902
8551,5917
8563,5906
8600,5938
8632,5930
8637,5963
8636,5957
8653,5942
8674,5972
8709,5987
8707,5981
8732,6006
8749,6027
8772,6027
8772,6051
8821,6069
8842,6101
8855,6094
8850,6137
8893,6139
8887,6173
8914,6160
8922,6175
8944,6186
8961,6221
8971,6230
8988,6240
9026,6274
9038,6266
9065,6280
9071,6276
9116,6298
9142,6303
9158,6316
9184,6312
9175,6329
9198,6318
9225,6297
9262,6336
9296,6356
9303,6364
9322,6367
9349,6375
9360,6372
9389,6403
9399,6411
9448,6422
9461,6439
9488,6450
9511,6466
9539,6497
9564,6506
9613,6536
9638,6574
9654,6581
9680,6626
9706,6649
9741,6664
9766,6693
9805,6722
9827,6761
9870,6788
9881,6802
9888,6808
9920,6844
9961,6853
9997,6876
10017,6915
10044,6926
10065,6919
10111,6958
10154,6964
10157,6993
10192,6998
10222,7008
10243,7019
10275,7019
10319,7043
10315,7032
10349,7054
10374,7076
10381,7098
10395,7109
10428,7108
10465,7146
10468,7162
10493,7190
10523,7177
10562,7216
10591,7228
10619,7265
10630,7279
10645,7308
10641,7316
10686,7377
10696,7374
10709,7393
10725,7403
10741,7463
10785,7455
10804,7454
10795,7496
10836,7520
10852,7519
10879,7537
10878,7538
10911,7559
10968,7593
10961,7599
10994,7584
11028,7604
11021,7623
11058,7656
11082,7653
11089,7655
11100,7662
11131,7670
11135,7674
11157,7695
11172,7722
11197,7718
11213,7722
11220,7764
11256,7790
11268,7785
11296,7842
11309,7863
11348,7871
11343,7907
11384,7920
11385,7972
11415,7995
11448,8031
11469,8059
11476,8063
11499,8096
11525,8133
11540,8175
11571,8193
11602,8212
11621,8235
11654,8249
11682,8302
11713,8321
11760,8350
11776,8367
11806,8393
11827,8431
11871,8459
11902,8515
11945,8530
11938,8569
11981,8603
12021,8620
12030,8681
12085,8705
12097,8757
12135,8773
12159,8823
12206,8891
12213,8947
12242,8977
12270,9012
12302,9086
12324,9119
12352,9183
12388,9245
12403,9259
12444,9323
12473,9349
12488,9380
12499,9423
12548,9469
12549,9490
12585,9529
12592,9573
12609,9573
12650,9596
12670,9615
12673,9669
12722,9693
12735,9683
12754,9744
12806,9752
12821,9775
12837,9788
12845,9824
12866,9854
12913,9883
12930,9919
12944,9948
12953,9959
12986,9966
12980,10024
13004,10052
13025,10066
13056,10118
13078,10139
13107,10150
13108,10270
13157,10267
13143,10324
13142,10318
13182,10392
13204,10431
13219,10449
13220,10475
13276,10484
13277,10529
13288,10564
13289,10571
13333,10596
13338,10614
13353,10625
13368,10655
13385,10707
13410,10687
13417,10710
13441,10727
13469,10738
13487,10759
13514,10759
13531,10784
13547,10820
13570,10815
13597,10877
13617,10875
13662,10931
13661,10950
13697,11021
13720,11000
13720,11083
13758,11129
13769,11181
13793,11156
13822,11256
13868,11299
13886,11387
13923,11384
13949,11469
13984,11499
14001,11543
14039,11588
14079,11644
14089,11679
14138,11741
14155,11787
14184,11845
14207,11869
14249,11905
14274,11933
14305,11937
14321,11976
14350,11980
14369,12026
14384,12072
14438,12043
14445,12085
14475,12119
14519,12143
14541,12168
14549,12172
14597,12197
14604,12231
14641,12230
14665,12260
14682,12280
14705,12311
14729,12303
14760,12340
14764,12372
14796,12373
14809,12411
14832,12440
14862,12468
14911,12523
14901,12542
14924,12578
14955,12597
14986,12630
15000,12675
15029,12695
15054,12732
15052,12743
15083,12771
15100,12779
15125,12815
15132,12825
15144,12805
15187,12877
15213,12886
15218,12887
15255,12906
15278,12905
15276,12945
15315,12951
15314,12950
15324,12952
15354,12985
15374,12972
15396,13002
15413,13003
15454,13014
15465,13024
15485,13027
15501,12990
15508,13052
15521,13053
15552,13064
15564,13060
15585,13071
15612,13081
15632,13089
15637,13127
15664,13146
15693,13173
15725,13169
15724,13202
15745,13234
15783,13253
15800,13285
15830,13297
15857,13333
15891,13343
15913,13377
15939,13407
15936,13418
15982,13461
15995,13490
16023,13511
16090,13557
16107,13561
16142,13579
16160,13599
16179,13635
16223,13659
16256,13666
16280,13710
16311,13730
16362,13733
6,13772
16,13782
70,13800
86,13802
120,13824
144,13860
178,13868
197,13885
228,13883
246,13904
289,13919
309,13915
332,13919
366,13952
396,13968
446,14003
453,13980
477,14009
508,14015
503,14022
525,14039
586,14062
585,14075
626,14073
621,14097
672,14093
683,14135
685,14143
714,14158
730,14182
754,14205
772,14222
817,14238
814,14259
857,14274
866,14290
890,14306
901,14332
925,14350
946,14336
959,14368
993,14384
1006,14396
1034,14408
1047,14425
1043,14451
1090,14446
1075,14470
1105,14477
1120,14479
1137,14502
1160,14531
1197,14517
1187,14528
1215,14546
1247,14542
1279,14557
1278,14564
1321,14557
1321,14569
1336,14592
1371,14577
1394,14599
1417,14602
1417,14611
1430,14621
1448,14620
1477,14621
1502,14622
1524,14636
1552,14654
1571,14685
1607,14683
1612,14708
1636,14718
1665,14729
1695,14721
1724,14756
1748,14762
1765,14799
1797,14809
1820,14802
1848,14840
1891,14849
1916,14883
1930,14927
1953,14926
1977,14957
1989,14963
2054,14980
2070,15048
2109,15051
2155,15093
2158,15100
2210,15116
2233,15157
2251,15185
2288,15224
2312,15247
2349,15251
2369,15261
2386,15302
2414,15325
2429,15357
2446,15350
2476,15368
2520,15384
2535,15413
2574,15462
2598,15446
2625,15489
2641,15491
2681,15541
2694,15537
2721,15533
2732,15562
2753,15553
2800,15578
2812,15594
2825,15630
2852,15646
2861,15642
2914,15653
2923,15671
2937,15669
2954,15685
3000,15735
3013,15734
3033,15750
3070,15751
3090,15777
3093,15787
3126,15802
3150,15816
3166,15844
3190,15874
3199,15865
3200,15874
3240,15913
3247,15950
3269,15936
3288,15953
3295,15987
3325,16027
3338,16012
3363,16058
3383,16089
3417,16095
3420,16116
3436,16140
3461,16163
3477,16161
3502,16187
3498,16223
3547,16256
3547,16270
3562,16304
3590,16311
3592,16330
3613,16328
3636,16373
3676,21
3664,47
3717,59
3732,90
3762,132
3803,159
3813,155
3846,176
3868,218
3892,235
3933,266
3930,294
3969,322
3997,355
4025,376
4052,392
4061,427
4114,464
4125,509
4176,556
4196,562
4215,615
4263,656
4292,698
4318,735
4349,785
4384,785
4418,854
4451,883
4459,939
4492,994
4528,1039
4562,1070
4575,1105
4612,1148
4616,1184
4669,1209
4677,1266
4686,1335
4720,1374
4775,1421
4776,1476
4823,1519
4856,1569
4869,1619
4868,1650
4928,1694
4933,1749
4945,1769
4974,1788
4996,1822
5022,1861
5026,1898
5056,1911
5072,1970
5088,1988
5141,2018
5136,2068
5162,2054
5189,2109
5207,2141
5234,2178
5246,2190
5269,2215
5290,2229
5300,2253
5320,2294
5365,2281
5366,2308
5388,2321
5396,2351
5409,2358
5452,2397
5458,2402
5455,2393
5473,2418
5503,2462
5515,2470
5563,2519
5572,2522
5613,2549
5590,2582
5619,2594
5628,2643
5650,2641
5669,2685
5694,2707
5690,2729
5715,2757
5753,2797
5764,2816
5775,2862
5800,2867
5815,2929
5850,2947
5869,2983
5901,3036
5922,3065
5930,3110
5961,3159
5969,3217
5984,3247
6034,3290
6053,3323
6075,3357
6130,3397
6129,3443
6173,3465
6186,3499
6223,3532
6264,3566
6266,3590
6288,3621
6349,3691
6372,3711
6382,3738
6439,3775
6429,3776
6470,3829
6492,3868
6541,3884
6576,3912
6604,3928
6643,3971
6637,3986
6676,4002
6695,4017
6746,4030
6780,4088
6776,4058
6799,4122
6822,4107
6852,4163
6879,4187
6898,4208
6938,4233
6961,4288
6978,4294
6996,4329
7000,4338
7043,4346
7052,4402
7079,4422
7110,4464
7135,4492
7185,4503
7159,4522
7201,4550
7223,4591
7249,4613
7282,4660
7287,4648
7305,4682
7318,4716
7347,4743
7377,4765
7378,4758
7398,4787
7436,4812
7436,4817
7462,4842
7484,4841
7528,4856
7523,4876
7574,4879
7574,4873
7597,4886
7615,4889
7646,4900
7668,4932
7676,4916
7689,4937
7709,4943
7721,4951
7743,4944
7762,4991
7756,4981
7803,4962
7810,4986
7823,4983
7865,4999
7864,5028
7897,5033
7912,5056
7936,5086
7953,5116
7976,5136
8002,5177
8025,5159
8033,5190
8052,5199
8087,5244
8118,5264
8118,5292
8157,5320
8178,5350
8199,5377
8236,5402
8258,5410
8287,5454
8324,5468
8355,5488
8387,5519
8411,5536
8437,5535
8479,5560
8508,5578
8525,5588
8560,5607
8572,5604
8611,5634
8650,5619
8657,5653
8721,5674
8724,5680
8773,5689
8816,5701
8838,5735
8876,5732
8880,5746
8934,5772
8948,5788
8990,5805
8995,5831
9014,5837
9049,5862
9060,5872
9095,5897
9121,5930
9151,5959
9160,5969
9201,6005
9195,6019
9231,6041
9269,6063
9286,6070
9309,6100
9334,6114
9349,6128
9379,6145
9406,6170
9441,6183
9454,6187
9467,6199
9487,6213
9502,6230
9535,6237
9546,6236
9554,6235
9585,6250
9594,6247
9626,6260
9643,6275
9678,6278
9693,6280
9706,6280
9742,6278
9757,6295
9780,6310
9783,6326
9800,6330
9822,6313
9859,6341
9855,6342
9871,6353
9888,6353
9896,6396
9921,6388
9944,6403
9925,6426
9973,6444
9987,6457
10009,6483
10026,6492
10038,6523
10059,6537
10084,6549
10103,6567
10156,6594
10147,6588
10177,6611
10205,6630
10199,6655
10232,6663
10258,6663
10281,6673
10302,6689
10326,6725
10359,6725
10367,6722
10399,6745
10444,6746
10478,6766
10511,6758
10518,6788
10551,6806
10583,6801
10610,6838
10639,6847
10676,6872
10672,6900
10721,6919
10748,6925
10778,6974
10788,6966
10822,6994
10858,7036
10864,7038
10917,7058
10937,7107
10952,7128
10986,7153
11024,7186
11042,7223
11060,7245
11124,7274
11135,7306
11168,7294
11199,7351
11201,7345
11222,7394
11259,7381
11263,7422
11305,7435
11322,7428
11358,7457
11359,7483
11384,7491
11415,7503
11461,7512
11478,7518
11491,7539
11521,7558
11549,7562
11540,7586
11586,7597
11603,7624
11648,7622
11651,7654
11664,7667
11695,7716
11705,7712
11732,7736
11751,7757
11779,7782
11773,7795
11810,7842
11826,7852
11836,7875
11876,7896
11871,7924
11902,7919
11915,7980
11938,7990
11970,8029
11981,8014
11998,8044
12021,8075
12042,8102
12043,8085
12070,8099
12091,8146
12091,8143
12121,8142
12137,8186
12164,8174
12177,8189
12199,8204
12230,8228
12245,8225
12254,8263
12273,8267
12305,8272
12327,8301
12343,8327
12382,8369
12389,8396
12404,8436
12425,8429
12447,8487
12464,8529
12482,8541
12519,8589
12552,8627
12567,8676
12598,8730
12617,8782
12652,8800
12685,8833
12684,8873
12738,8910
12752,8958
12795,8993
12835,9039
12850,9056
12874,9122
12911,9153
12937,9201
12991,9207
12991,9277
13018,9275
13054,9333
13086,9353
13101,9408
13130,9448
13185,9471
13213,9535
13244,9562
13271,9615
13298,9670
13327,9690
13346,9763
13384,9770
13415,9818
13440,9856
13482,9925
13472,9993
13496,10034
13531,10054
13537,10106
13572,10173
13597,10189
13614,10236
13629,10287
13665,10355
13691,10377
13724,10391
13728,10413
13747,10468
13748,10462
13776,10487
13804,10542
13820,10551
13833,10597
13881,10619
13890,10610
13929,10631
13942,10665
13959,10675
13962,10705
14006,10734
14019,10738
14042,10760
14052,10753
14057,10788
14081,10802
14092,10841
14126,10853
14143,10902
14163,10903
14182,10949
14214,11002
14227,11015
14234,11033
14239,11047
14262,11124
14285,11132
14291,11177
14306,11214
14353,11263
14372,11288
14380,11313
14403,11349
14412,11405
14436,11412
14459,11452
14490,11478
14507,11492
14537,11506
14554,11542
14578,11581
14590,11585
14618,11610
14631,11649
14648,11690
14691,11713
14738,11703
14744,11742
14757,11736
14804,11804
14832,11843
14853,11791
14869,11857
14893,11879
14932,11898
14982,11938
15001,11989
14996,12009
15060,12049
15083,12105
15109,12123
15136,12169
15177,12191
15178,12194
15220,12263
15242,12310
15272,12352
15302,12388
15343,12447
15374,12449
15386,12467
15405,12508
15422,12556
15459,12605
15479,12624
15533,12681
15545,12656
15568,12720
15610,12750
15615,12777
15623,12788
15677,12801
15698,12829
15724,12846
15717,12860
15745,12869
15784,12901
15786,12881
15819,12919
15834,12914
15840,12930
15881,12935
15902,12936
15931,12960
15965,12953
15974,13002
15999,13008
16017,12993
16038,13030
16073,13028
16079,13037
16116,13063
16117,13070
16141,13070
16160,13093
16197,13108
16203,13123
16198,13152
16228,13172
16238,13172
16276,13210
16282,13250
16304,13254
16334,13281
16341,13293
16357,13323
16378,13344
11,13362
24,13394
57,13373
72,13406
92,13415
118,13435
146,13467
149,13478
155,13506
190,13522
222,13537
247,13541
245,13556
274,13580
315,13602
345,13590
356,13614
397,13638
396,13634
418,13648
465,13648
479,13667
500,13678
516,13679
541,13702
578,13722
632,13734
639,13759
669,13769
699,13785
729,13798
761,13819
774,13838
807,13846
840,13868
876,13870
922,13892
917,13923
975,13923
1004,13950
1034,13988
1071,14013
1072,14032
1110,14061
1127,14084
1151,14115
1194,14123
1229,14146
1261,14176
1284,14198
1308,14242
1333,14247
1379,14275
1394,14313
1418,14294
1465,14327
1458,14336
1496,14358
1523,14372
1540,14394
1562,14423
1588,14450
1615,14461
1642,14482
1659,14487
1679,14502
1689,14504
1712,14508
1734,14512
1767,14537
1802,14536
1798,14544
1841,14557
1865,14546
1887,14575
1904,14574
1924,14574
1934,14582
1956,14598
1982,14602
1996,14600
2008,14628
2032,14624
2043,14609
2077,14639
2084,14654
2104,14662
2121,14663
2157,14691
2166,14676
2184,14698
2219,14713
2233,14711
2228,14738
2250,14740
2273,14731
2284,14771
2300,14786
2312,14782
2333,14795
2367,14827
2374,14830
2383,14856
2413,14878
2425,14889
2470,14918
2474,14930
2505,14957
2529,14975
2558,15002
2586,15003
2599,15037
2637,15039
2654,15052
2684,15102
2709,15091
2725,15132
2758,15154
2775,15180
2797,15183
2822,15217
2860,15242
2893,15247
2913,15269
2943,15306
2992,15320
3018,15344
3043,15358
3077,15383
3120,15392
3156,15424
3171,15441
3212,15469
3230,15490
3258,15506
3297,15501
3299,15545
3318,15541
3346,15560
3381,15591
3415,15623
3447,15615
3469,15636
3489,15667
3522,15668
3558,15704
3567,15741
3597,15763
3644,15796
3676,15804
3668,15825
3695,15840
3706,15843
3730,15900
3748,15913
3783,15940
3804,15969
3815,15990
3849,16012
3846,16014
3874,16050
3903,16093
3953,16115
3962,16108
3965,16122
4000,16174
4008,16185
4042,16211
4063,16243
4089,16250
4084,16304
4104,16324
4135,16329
4169,16353
4158,16345
4165,16376
4203,3
4228,38
4228,28
4266,67
4274,76
4308,111
4326,108
4345,147
4370,129
4356,170
4394,176
4419,187
4439,209
4438,229
4467,247
4497,251
4502,274
4522,292
4573,333
4579,350
4590,357
4617,397
4627,405
4684,441
4702,484
4717,502
4734,548
4765,567
4788,593
4802,641
4827,660
4846,730
4886,765
4925,811
4917,861
4970,892
4996,960
5021,989
5075,1039
5071,1088
5122,1146
5147,1169
5193,1251
5192,1270
5199,1330
5254,1387
5284,1412
5328,1500
5338,1499
5399,1581
5420,1610
5442,1686
5471,1707
5525,1758
5534,1779
5575,1825
5603,1899
5613,1923
5644,1977
5685,2006
5715,2029
5738,2064
5738,2094
5773,2136
5822,2130
5825,2182
5845,2205
5863,2219
5902,2264
5931,2284
5929,2325
5970,2307
5994,2354
6021,2419
6029,2441
6052,2486
6072,2530
6089,2535
6103,2593
6144,2594
6153,2632
6185,2658
6229,2675
6226,2729
6221,2748
6247,2810
6306,2862
6302,2878
6321,2887
6342,2951
6374,2976
6373,3003
6385,3036
6404,3041
6420,3108
6441,3120
6445,3142
6482,3220
6513,3219
6528,3218
6553,3229
6562,3264
6598,3325
6590,3332
6598,3324
6657,3372
6644,3409
6664,3400
6687,3419
6717,3419
6737,3457
6767,3459
6781,3467
6805,3522
6840,3501
6851,3557
6868,3580
6880,3606
6907,3625
6950,3645
6942,3610
6968,3678
6996,3680
7034,3724
7049,3759
7085,3781
7130,3800
7149,3872
7169,3866
7188,3922
7232,3961
7253,4005
7268,4028
7309,4065
7341,4119
7359,4128
7401,4183
7423,4198
7466,4252
7480,4291
7501,4307
7546,4371
7595,4408
7605,4462
7626,4477
7673,4531
7693,4521
7703,4567
7741,4595
7747,4612
7788,4656
7821,4672
7839,4689
7876,4684
7885,4688
7926,4721
7932,4723
7967,4735
7994,4769
8001,4759
8047,4791
8064,4796
8093,4800
8106,4808
8125,4827
8129,4836
8178,4877
8187,4884
8205,4875
8216,4882
8249,4900
8265,4917
8276,4926
8309,4951
8326,4996
8342,4999
8370,5017
8374,5068
8412,5068
8430,5089
8457,5107
8472,5119
8480,5155
8496,5169
8551,5201
8554,5215
8559,5228
8593,5257
8602,5288
8613,5280
8628,5318
8667,5325
8683,5359
8702,5361
8723,5335
8735,5373
8762,5361
8777,5371
8812,5381
8834,5384
8847,5396
8870,5410
8893,5404
8924,5407
8936,5434
8962,5446
8976,5430
9002,5423
9003,5464
9022,5468
9062,5501
9086,5496
9101,5499
9146,5513
9162,5537
9174,5560
9216,5587
9247,5627
9277,5638
9310,5663
9323,5687
9376,5722
9383,5752
9425,5790
9442,5809
9473,5835
9503,5833
9542,5890
9567,5895
9588,5915
9619,5954
9658,5969
9686,5978
9727,6027
9759,6030
9787,6053
9826,6057
9856,6070
9879,6079
9914,6091
9946,6112
9997,6123
10000,6127
10037,6146
10041,6160
10072,6151
10107,6165
10130,6178
10143,6192
10179,6207
10211,6227
10252,6225
10242,6244
10273,6258
10300,6270
10321,6311
10340,6302
10360,6318
10375,6348
10410,6387
10415,6402
10430,6426
10459,6447
10486,6449
10496,6475
10517,6496
10550,6502
10564,6504
10573,6529
10596,6534
10627,6551
10646,6578
10666,6575
10703,6603
10731,6602
10723,6608
10762,6626
10778,6623
10801,6632
10812,6623
10819,6627
10828,6642
10862,6635
10885,6650
10906,6650
10921,6669
10925,6675
10963,6677
10964,6702
10978,6716
11015,6715
11029,6738
11056,6732
11041,6757
11076,6766
11094,6795
11124,6815
11144,6817
11157,6859
11158,6863
11197,6871
11212,6903
11253,6920
11260,6933
11296,6981
11328,6999
11330,7020
11381,7021
11389,7055
11424,7083
11449,7095
11484,7112
11506,7129
11535,7143
11576,7162
11589,7179
11630,7187
11663,7231
11674,7214
11702,7240
11723,7277
11753,7297
11797,7300
11820,7336
11851,7351
11872,7372
11919,7412
11940,7439
11984,7454
12001,7488
12012,7496
12057,7519
12089,7548
12093,7590
12111,7636
12148,7643
12167,7677
12197,7715
12221,7742
12239,7773
12244,7793
12289,7813
12288,7860
12325,7867
12348,7881
12370,7919
12406,7942
12422,7934
12453,7939
12460,7963
12501,7973
12521,7999
12516,8041
12553,8033
12563,8047
12609,8062
12613,8090
12636,8106
12667,8128
12684,8122
12693,8141
12722,8176
12743,8189
12768,8232
12777,8238
12827,8261
12806,8293
12849,8350
12856,8355
12881,8377
12910,8406
12916,8421
12945,8471
12934,8499
12978,8507
12990,8548
13005,8550
13008,8569
13046,8608
13065,8615
13074,8655
13112,8676
13136,8678
13138,8708
13160,8721
13186,8746
13211,8742
13241,8748
13249,8806
13274,8796
13266,8823
13320,8878
13322,8870
13361,8924
13389,8955
13405,8968
13414,9000
13450,9044
13481,9082
13508,9122
13539,9155
13540,9179
13584,9266
13627,9301
13634,9355
13677,9381
13688,9410
13734,9501
13737,9576
13764,9606
13813,9691
13835,9704
13856,9748
13868,9795
13914,9864
13961,9899
13962,9942
14024,9963
14071,10021
14072,10074
14110,10106
14137,10139
14150,10150
14193,10211
14212,10232
14237,10258
14276,10335
14314,10349
14343,10384
14367,10408
14386,10454
14403,10507
14449,10539
14463,10575
14481,10615
14500,10635
14551,10723
14563,10745
14557,10770
14598,10809
14620,10856
14629,10883
14652,10977
14683,10955
14706,11021
14726,11069
14765,11113
14794,11165
14797,11187
14840,11236
14836,11238
14867,11265
14860,11299
14896,11313
14911,11340
14918,11345
14957,11363
14968,11379
14990,11392
15009,11411
15022,11422
15046,11455
15071,11439
15080,11471
15113,11439
15124,11485
15148,11533
15179,11511
15202,11538
15193,11564
15211,11571
15250,11612
15231,11626
15257,11631
15302,11700
15309,11696
15322,11726
15312,11739
15359,11766
15387,11801
15397,11855
15419,11873
15434,11928
15470,11963
15499,11972
15528,12020
15523,12049
15551,12102
15585,12123
15622,12156
15624,12202
15659,12205
15699,12245
15696,12271
15740,12285
15781,12304
15766,12328
15817,12363
15826,12379
15880,12407
15901,12403
15916,12443
15962,12487
15991,12491
16013,12491
16060,12547
16094,12558
16117,12598
16116,12592
16166,12620
16174,12661
16224,12660
16224,12708
16272,12717
16294,12740
16324,12747
16353,12788
16375,12823
15,12860
44,12894
68,12893
111,12933
118,12970
158,12989
155,13011
156,13052
223,13069
247,13093
244,13136
274,13134
290,13179
324,13192
330,13229
365,13242
398,13256
418,13287
435,13299
460,13330
476,13334
488,13337
526,13365
560,13370
598,13398
597,13385
636,13421
627,13417
658,13448
685,13472
690,13448
715,13462
734,13478
763,13474
773,13474
792,13488
822,13483
831,13511
860,13512
874,13518
891,13526
914,13531
934,13547
967,13559
990,13561
996,13562
1010,13592
1027,13613
1040,13618
1056,13637
1081,13654
1097,13654
1100,13672
1139,13700
1157,13712
1187,13732
1194,13749
1227,13791
1246,13782
1276,13807
1284,13842
1319,13854
1346,13882
1372,13901
1376,13918
1422,13936
1440,13955
1467,13975
1499,13997
1508,14014
1546,14037
1582,14056
1600,14072
1617,14103
1651,14117
1696,14130
1720,14155
1762,14161
1795,14170
1815,14207
1845,14218
1887,14223
1897,14247
1950,14245
1959,14259
2008,14280
2026,14290
2054,14299
2080,14316
2109,14342
2152,14352
2184,14353
2223,14384
2247,14412
2290,14423
2285,14445
2333,14446
2360,14458
2350,14459
2403,14491
2445,14501
2464,14508
2476,14542
2527,14549
2525,14555
2534,14587
2559,14593
2585,14615
2614,14641
2621,14669
2638,14676
2662,14702
2692,14702
2690,14730
2741,14749
2749,14761
2784,14790
2784,14806
2817,14808
2832,14855
2836,14832
2873,14855
2903,14867
2900,14910
2938,14906
2941,14903
2951,14899
2994,14942
3002,14935
3025,14965
3034,14960
3061,14976
3068,14994
3107,15021
3130,15006
3148,15017
3153,15038
3181,15044
3214,15057
3212,15067
3257,15066
3260,15080
3276,15090
3299,15083
3305,15090
3344,15083
3346,15113
3363,15085
3402,15138
3401,15152
3443,15156
3467,15180
3484,15180
3508,15187
3531,15207
3558,15221
3566,15270
3589,15279
3622,15293
3646,15330
3659,15312
3689,15354
3719,15373
3734,15408
3762,15430
3775,15459
3827,15479
3853,15502
3867,15538
3884,15554
3926,15590
3954,15615
3994,15639
4005,15687
4056,15713
4049,15726
4096,15754
4126,15791
4135,15810
4181,15830
4210,15854
4219,15874
4261,15923
4277,15934
4319,15952
4325,15981
4355,16007
4382,16044
4424,16032
4444,16080
4459,16088
4488,16112
4509,16133
4546,16146
4560,16159
4582,16196
4615,16234
4645,16225
4657,16239
4673,16279
4703,16296
4728,16278
4738,16320
4775,16353
4787,16353
4804,9
4832,24
4845,63
4869,83
4895,98
4905,122
4941,161
4952,164
4971,207
4995,243
5019,297
5040,303
5046,310
5069,366
5082,367
5091,390
5112,414
5132,465
5158,496
5182,510
5205,524
5213,531
5249,557
5287,599
5279,621
5291,655
5332,676
5351,697
5372,734
5394,736
5396,774
5419,750
5437,812
5462,833
5458,830
5485,881
5516,904
5510,928
5551,915
5572,957
5618,964
5613,969
5663,1033
5686,1052
5708,1118
5719,1106
5723,1154
5770,1198
5797,1233
5823,1287
5870,1305
5877,1339
5913,1357
5938,1406
5964,1460
6001,1515
6027,1569
6024,1591
6080,1663
6100,1720
6131,1770
6148,1830
6189,1891
6231,1930
6256,1990
6286,2064
6317,2121
6330,2137
6365,2227
6376,2259
6438,2294
6454,2374
6469,2431
6508,2476
6526,2514
6553,2545
6607,2574
6618,2622
6654,2639
6669,2673
6714,2712
6734,2746
6758,2807
6789,2821
6782,2829
6841,2863
6844,2875
6881,2904
6892,2946
6897,2951
6939,2938
6951,3000
6983,3015
6992,3025
7017,3047
7055,3089
7040,3098
7075,3144
7092,3163
7104,3214
7126,3230
7157,3250
7176,3303
7182,3296
7225,3321
7212,3341
7252,3403
7271,3423
7289,3452
7276,3516
7332,3491
7357,3544
7372,3564
7371,3615
7403,3618
7410,3667
7433,3711
7456,3711
7482,3751
7489,3785
7509,3786
7542,3824
7552,3838
7555,3836
7598,3880
7605,3855
7612,3918
7657,3907
7669,3919
7684,3932
7713,3923
7735,3945
7747,3975
7756,4005
7787,4007
7805,4013
7830,4052
7869,4055
7885,4069
7896,4065
7925,4097
7954,4117
7983,4147
8009,4167
8033,4184
8055,4199
8080,4261
8118,4273
8147,4334
8174,4362
8187,4404
8201,4423
8231,4461
8250,4489
8280,4522
8285,4569
8337,4601
8382,4634
8418,4687
8435,4724
8458,4775
8484,4762
8531,4807
8544,4841
8579,4855
8601,4866
8633,4899
8655,4909
8706,4943
8725,4931
8742,4965
8766,4956
8784,4984
8822,4997
8848,4988
8870,5013
8878,5035
8911,5043
8946,5046
8955,5062
8980,5069
8998,5085
9029,5066
9060,5114
9076,5121
9085,5131
9112,5165
9119,5159
9162,5181
9158,5220
9177,5247
9178,5240
9218,5275
9247,5311
9256,5319
9297,5340
9310,5356
9330,5380
9355,5394
9387,5425
9403,5427
9404,5476
9416,5481
9469,5514
9468,5518
9496,5531
9507,5540
9534,5540
9545,5564
9566,5547
9585,5569
9606,5581
9638,5573
9671,5577
9687,5588
9696,5628
9725,5615
9738,5598
9765,5614
9799,5619
9804,5618
9823,5616
9836,5642
9867,5648
9866,5649
9888,5656
9917,5689
9931,5683
9967,5721
9972,5722
9987,5742
10021,5764
10062,5815
10076,5819
10111,5850
10140,5870
10160,5894
10184,5912
10190,5937
10229,5977
10268,5989
10305,6017
10316,6043
10354,6056
10379,6075
10388,6092
10407,6103
10444,6137
10492,6132
10529,6148
10544,6178
10573,6165
10629,6177
10646,6206
10702,6214
10694,6219
10757,6229
10792,6262
10814,6275
10835,6283
10856,6311
10905,6327
10920,6352
10927,6353
10975,6365
11004,6393
11039,6393
11045,6427
11071,6450
11091,6471
11128,6493
11153,6521
11166,6515
11193,6546
11217,6559
11245,6584
11258,6624
11296,6629
11308,6638
11328,6666
11332,6702
11373,6691
11393,6705
11409,6722
11427,6748
11450,6750
11466,6771
11484,6773
11497,6781
11521,6772
11545,6772
11587,6801
11571,6807
11620,6829
11640,6813
11647,6827
11677,6836
11682,6832
11717,6853
11740,6866
11743,6865
11744,6872
11770,6876
11801,6899
11804,6912
11818,6929
11856,6964
11851,6947
11883,6969
11910,6983
11904,7013
11918,7033
11942,7057
11961,7077
11984,7105
11989,7094
12014,7126
12055,7155
12052,7165
12086,7184
12113,7184
12118,7218
12152,7221
12152,7240
12206,7254
12221,7263
12244,7283
12273,7289
12291,7322
12299,7332
12345,7349
12362,7351
12403,7370
12432,7382
12436,7428
12469,7441
12502,7465
12537,7485
12553,7507
12561,7531
12590,7527
12620,7570
12659,7593
12660,7630
12716,7670
12751,7709
12778,7740
12793,7784
12810,7806
12853,7843
12862,7880
12916,7921
12930,7957
12984,7988
13023,7987
12998,8032
13030,8079
13075,8081
13098,8106
13119,8132
13137,8141
13167,8175
13185,8192
13197,8191
13257,8233
13254,8257
13305,8266
13304,8304
13329,8296
13368,8322
13382,8342
13400,8353
13414,8381
13448,8435
13472,8435
13488,8480
13499,8484
13531,8516
13557,8551
13560,8581
13574,8610
13599,8634
13628,8687
13653,8701
13659,8739
13682,8766
13721,8788
13738,8842
13745,8850
13752,8861
13778,8916
13799,8940
13824,8956
13841,8991
13862,9006
13862,9035
13897,9025
13908,9055
13926,9072
13955,9106
13979,9101
13997,9150
14009,9157
14034,9181
14065,9174
14101,9190
14066,9239
14109,9249
14130,9294
14146,9314
14179,9337
14198,9348
14206,9405
14246,9424
14255,9461
14275,9487
14300,9540
14313,9567
14346,9637
14404,9674
14398,9726
14410,9786
14449,9810
14481,9897
14504,9924
14535,9985
14570,9982
14582,10084
14625,10111
14652,10179
14702,10215
14707,10237
14731,10298
14765,10306
14794,10342
14818,10398
14854,10429
14854,10441
14905,10507
14927,10551
14958,10586
14999,10586
15026,10650
15068,10672
15054,10739
15122,10770
15157,10792
15172,10854
15210,10892
15229,10951
15254,10979
15281,11017
15317,11049
15351,11104
15373,11147
15384,11160
15430,11243
15425,11303
15456,11320
15474,11346
15499,11407
15539,11442
15552,11490
15555,11540
15602,11581
15623,11629
15653,11634
15670,11672
15685,11709
15718,11696
15756,11768
15771,11785
15778,11791
15787,11791
15816,11829
15837,11829
15837,11876
15870,11886
15890,11896
15905,11908
15924,11907
15938,11900
15963,11939
15972,11933
16002,11954
16027,11974
16040,11963
16051,12002
16073,12009
16092,12008
16108,12021
16122,12069
16142,12085
16148,12100
16189,12128
16194,12164
16224,12175
16244,12192
16244,12226
16274,12246
16311,12265
16322,12297
16324,12313
16367,12344
16374,12380
23,12410
53,12423
54,12449
78,12485
102,12522
127,12541
144,12583
181,12611
195,12629
233,12687
258,12710
283,12743
312,12742
324,12752
371,12803
388,12784
410,12827
461,12839
480,12869
521,12872
538,12911
562,12911
590,12931
642,12951
662,12990
688,12984
713,12993
726,13027
754,13042
773,13066
814,13074
851,13108
884,13120
916,13138
936,13180
950,13178
988,13224
1026,13227
1053,13254
1074,13274
1106,13320
1121,13312
1141,13355
1176,13367
1176,13417
1201,13444
1242,13444
1239,13479
1271,13497
1284,13518
1332,13531
1343,13551
1353,13575
1394,13598
1414,13594
1435,13622
1463,13650
1482,13664
1496,13669
1527,13704
1560,13725
1566,13744
1585,13733
1607,13752
1618,13774
1641,13778
1657,13782
1678,13780
1698,13806
1719,13810
1751,13817
1760,13830
1796,13831
1827,13837
1840,13848
1870,13847
1864,13864
1895,13869
1928,13893
1932,13899
1969,13889
1980,13913
1990,13899
2007,13900
2021,13935
2065,13941
2052,13939
2097,13967
2132,13936
2132,13990
2147,13983
2168,14007
2203,13997
2222,14042
2260,14054
2284,14065
2301,14093
2327,14103
2341,14126
2368,14152
2382,14172
2417,14190
2417,14197
2454,14229
2488,14250
2519,14274
2518,14276
2568,14314
2589,14339
2637,14373
2648,14372
2698,14382
2733,14425
2745,14439
2792,14478
2806,14490
2825,14518
2855,14512
2892,14565
2926,14562
2941,14571
2978,14600
2995,14609
3038,14615
3085,14658
3120,14651
3139,14671
3165,14699
3210,14691
3242,14713
3247,14730
3269,14747
3326,14751
3348,14767
3357,14790
3387,14790
3428,14810
3435,14832
3452,14830
3472,14865
3474,14857
3525,14901
3548,14872
3570,14902
3585,14913
3602,14923
3647,14954
3661,14954
3685,14949
3700,14990
3711,14998
3740,15017
3761,15041
3780,15064
3793,15059
3830,15085
3837,15104
3846,15134
3869,15147
3891,15173
3910,15190
3912,15208
3961,15212
3954,15238
3966,15246
3989,15259
4005,15282
4021,15271
4066,15293
4066,15303
4065,15316
4106,15336
4121,15346
4143,15356
4135,15374
4161,15373
4199,15403
4210,15398
4229,15417
4245,15435
4267,15444
4276,15448
4317,15473
4327,15481
4350,15489
4371,15501
4397,15499
4417,15507
4440,15533
4455,15531
4506,15544
4486,15586
4501,15612
4550,15621
4564,15651
4605,15667
4615,15697
4630,15714
4671,15746
4687,15770
4724,15780
4742,15840
4765,15857
4799,15878
4830,15905
4843,15925
4876,15957
4899,15990
4937,16025
4947,16087
5006,16118
5002,16130
5029,16167
5069,16199
5090,16222
5105,16261
5144,16267
5170,16334
5218,16368
5249,16376
5260,30
5302,45
5334,69
5352,82
5377,131
5407,147
5432,175
5449,211
5496,199
5522,235
5525,254
5545,293
5564,308
5571,304
5606,348
5640,356
5658,401
5663,411
5702,436
5722,472
5737,470
5760,516
5782,551
5801,575
5829,601
5852,628
5860,638
5897,686
5914,690
5946,734
5941,767
5948,798
5981,844
6005,863
6021,896
6055,904
6069,957
6089,995
6101,1026
6130,1028
6136,1086
6143,1115
6205,1142
6200,1175
6212,1208
6235,1222
6268,1220
6282,1276
6283,1299
6312,1347
6326,1352
6354,1377
6391,1423
6392,1419
6424,1445
6436,1472
6440,1484
6488,1514
6503,1571
6522,1559
6543,1580
6568,1622
6593,1617
6630,1669
6639,1703
6669,1734
6702,1757
6725,1789
6747,1850
6765,1889
6796,1944
6817,1988
6843,2020
6856,2036
6889,2086
6908,2133
6970,2154
6977,2257
7015,2319
7035,2303
7079,2393
7096,2450
7128,2508
7165,2563
7198,2606
7221,2674
7256,2728
7294,2766
7313,2855
7326,2846
7353,2919
7400,2966
7421,3039
7446,3074
7498,3086
7509,3153
7554,3186
7566,3214
7603,3245
7636,3262
7641,3317
7675,3344
7710,3368
7751,3396
7767,3438
7776,3454
7816,3448
7836,3473
7856,3505
7876,3531
7883,3559
7934,3576
7944,3557
7941,3605
7972,3615
7987,3625
7996,3659
8032,3678
8057,3691
8065,3728
8103,3758
8115,3781
8100,3792
8155,3831
8162,3855
8188,3864
8197,3920
8235,3962
8228,3983
8252,3993
8283,4019
8294,4032
8313,4081
8339,4099
8355,4140
8349,4150
8403,4189
8404,4196
8425,4223
8446,4251
8475,4246
8510,4276
8520,4275
8539,4291
8565,4293
8582,4324
8605,4334
8614,4326
8639,4369
8649,4354
8664,4383
8698,4386
8713,4386
8746,4427
8767,4429
8796,4438
8821,4441
8849,4480
8852,4497
8888,4509
8908,4520
8962,4537
8978,4582
9000,4627
9000,4635
9053,4651
9062,4702
9077,4723
9108,4761
9130,4802
9158,4828
9193,4831
9221,4875
9243,4912
9292,4948
9300,4964
9354,5014
9374,5058
9399,5065
9430,5086
9477,5120
9491,5139
9530,5150
9545,5175
9586,5193
9606,5206
9629,5228
9660,5232
9697,5251
9716,5257
9747,5277
9783,5292
9772,5317
9840,5320
9867,5325
9886,5336
9897,5344
9932,5354
9935,5376
9963,5381
9988,5406
10021,5430
10016,5416
10041,5419
10072,5452
10084,5479
10101,5489
10101,5515
10142,5530
10161,5558
10182,5591
10201,5621
10239,5616
10240,5646
10261,5656
10299,5660
10319,5683
10335,5681
10365,5709
10381,5741
10384,5756
10407,5764
10453,5769
10442,5791
10463,5798
10504,5804
10489,5812
10543,5821
10553,5817
10571,5827
10618,5824
10624,5840
10660,5821
10670,5844
10675,5838
10713,5861
10716,5867
10775,5879
10776,5890
10788,5892
10813,5909
10826,5907
10823,5925
10847,5928
10894,5958
10917,5966
10942,5997
10950,6023
10984,6039
11002,6054
11045,6068
11056,6111
11085,6128
11093,6151
11158,6194
11180,6194
11192,6210
11204,6240
11241,6263
11264,6265
11287,6299
11320,6312
11350,6328
11355,6366
11390,6374
11445,6384
11488,6400
11504,6414
11531,6421
11580,6431
11606,6433
11632,6448
11664,6454
11689,6485
11702,6508
11769,6518
11772,6558
11791,6551
11818,6556
11856,6572
11870,6609
11914,6612
11937,6646
11972,6657
11983,6678
12017,6729
12048,6743
12077,6763
12084,6779
12112,6790
12135,6837
12166,6844
12181,6881
12209,6907
12228,6920
12259,6947
12278,6946
12287,6971
12294,6965
12341,6997
12363,7005
12358,7022
12385,7022
12402,7034
12440,7044
12449,7066
12468,7074
12503,7060
12516,7068
12543,7087
12547,7098
12588,7084
12607,7092
12616,7112
12623,7118
12654,7149
12664,7159
12677,7175
12684,7192
12715,7213
12737,7213
12740,7227
12776,7257
12792,7267
12788,7274
12825,7294
12846,7322
12865,7337
12888,7379
12891,7394
12897,7417
12929,7423
12955,7451
12984,7458
12981,7480
13005,7505
13049,7507
13069,7549
13081,7554
13100,7573
13119,7593
13154,7611
13163,7613
13197,7622
13222,7658
13249,7660
13266,7694
13306,7737
13348,7723
13364,7768
13371,7748
13416,7779
13428,7815
13439,7821
13468,7854
13517,7904
13510,7932
13571,7970
13600,8001
13624,8029
13673,8073
13686,8110
13681,8129
13737,8155
13771,8220
13811,8251
13808,8306
13856,8286
13888,8354
13914,8389
13925,8425
13950,8481
13987,8508
14013,8531
14047,8583
14059,8581
14106,8604
14132,8666
14133,8689
14168,8720
14184,8710
14203,8732
14228,8760
14263,8769
14266,8794
14313,8835
14342,8854
14362,8860
14378,8916
14383,8927
14401,8957
14421,8981
14438,9018
14470,9056
14487,9064
14494,9100
14534,9098
14542,9182
14576,9185
14591,9243
14622,9258
14654,9277
14662,9344
14688,9364
14702,9405
14711,9409
14746,9462
14770,9488
14783,9507
14781,9566
14816,9567
14830,9610
14860,9612
14886,9670
14899,9656
14901,9712
14936,9734
14935,9748
14973,9772
15008,9776
15003,9820
15025,9861
15062,9873
15091,9861
15106,9888
15132,9924
15153,9956
15150,9994
15188,9997
15229,10051
15238,10078
15269,10135
15260,10157
15308,10182
15309,10219
15359,10267
15372,10302
15387,10353
15410,10404
15453,10454
15497,10538
15515,10588
15553,10600
15574,10674
15598,10709
15621,10785
15648,10846
15684,10878
15714,10934
15729,10964
15767,11015
15784,11069
15806,11124
15865,11128
15862,11200
15902,11213
15950,11264
15967,11275
15999,11319
16043,11374
16071,11384
16084,11449
16121,11477
16176,11477
16179,11467
16206,11527
16236,11550
16249,11617
16276,11629
16320,11654
16341,11695
16358,11707
0,11726
34,11761
40,11800
71,11844
101,11879
127,11915
135,11953
160,11982
203,12009
205,12045
218,12077
236,12085
269,12136
283,12168
290,12194
323,12227
353,12247
351,12292
377,12304
393,12345
406,12356
426,12375
466,12388
474,12405
504,12414
548,12430
534,12449
561,12452
566,12482
590,12474
633,12479
635,12492
662,12510
681,12528
686,12536
708,12547
739,12557
747,12569
760,12594
773,12600
810,12608
842,12623
866,12611
864,12660
887,12649
904,12661
953,12665
953,12719
960,12726
986,12744
1001,12751
1028,12780
1054,12814
1075,12842
1112,12886
1118,12864
1133,12927
1177,12938
1183,12980
1218,13000
1259,13032
1296,13066
1310,13075
1326,13130
1370,13144
1404,13172
1409,13197
1465,13222
1468,13249
1503,13269
1527,13319
1562,13338
1570,13352
1621,13361
1646,13410
1672,13411
1685,13441
1725,13471
1771,13469
1805,13513
1835,13502
1879,13524
1898,13532
1915,13575
1980,13578
1983,13594
1989,13617
2023,13607
2062,13630
2077,13637
2102,13637
2127,13662
2150,13676
2167,13675
2200,13693
2219,13707
2230,13728
2263,13717
2272,13731
2308,13751
2333,13749
2344,13774
2362,13800
2390,13798
2418,13830
2445,13848
2450,13850
2469,13888
2482,13911
2506,13914
2542,13932
2536,13960
2570,13999
2570,14006
2619,14019
2636,14047
2657,14054
2679,14045
2685,14081
2726,14083
2740,14096
2760,14102
2771,14127
2778,14140
2838,14166
2837,14162
2856,14185
2874,14196
2879,14227
2891,14214
2930,14243
2948,14222
2983,14251
3000,14258
3005,14281
3052,14294
3065,14289
3092,14291
3113,14295
3155,14321
3143,14303
3204,14327
3217,14344
3245,14334
3244,14348
3283,14372
3295,14373
3310,14407
3340,14403
3363,14409
3388,14426
3416,14438
3437,14461
3477,14471
3488,14486
3547,14509
3553,14523
3611,14536
3595,14588
3641,14589
3660,14617
3680,14630
3695,14647
3732,14677
3767,14711
3791,14707
3817,14761
3846,14784
3897,14815
3936,14848
3962,14846
3982,14894
4007,14915
4029,14937
4070,14965
4101,14973
4115,14987
4160,15014
4178,15034
4211,15041
4224,15084
4262,15097
4291,15104
4323,15128
4337,15136
4345,15149
4391,15170
4414,15177
4448,15190
4445,15204
4473,15203
4508,15225
4547,15251
4549,15269
4570,15272
4617,15276
4605,15282
4646,15289
4649,15314
4685,15339
4686,15342
4720,15344
4733,15352
4735,15382
4773,15389
4776,15421
4797,15395
4816,15448
4832,15447
4873,15467
4868,15479
4885,15495
4904,15505
4917,15531
4950,15565
4967,15583
4989,15600
5011,15615
5034,15631
5055,15645
5066,15678
5076,15708
5099,15717
5112,15735
5142,15748
5159,15764
5177,15773
5210,15776
5226,15821
5250,15826
5265,15822
5292,15836
5315,15891
5313,15886
5352,15922
5376,15913
5389,15943
5416,15979
5469,15975
5459,15998
5508,16028
5512,16040
5541,16062
5552,16078
5573,16094
5612,16131
5667,16151
5684,16170
5693,16199
5728,16221
5753,16245
5777,16277
5815,16300
5821,16342
5856,4
5896,6
5921,58
5943,115
5958,117
5972,176
6040,222
6046,251
6086,320
6123,332
6152,376
6158,420
6205,417
6225,507
6264,508
6281,565
6304,583
6356,632
6383,681
6391,715
6417,743
6456,758
6465,787
6489,845
6523,833
6539,898
6557,909
6564,953
6602,954
6611,983
6652,1005
6654,1037
6685,1068
6707,1069
6758,1104
6755,1121
6782,1155
6784,1164
6846,1192
6841,1205
6835,1245
6854,1284
6882,1294
6898,1323
6931,1328
6929,1393
6969,1387
6980,1419
7003,1463
7012,1516
7055,1515
7056,1543
7090,1578
7111,1610
7104,1664
7156,1718
7159,1746
7186,1767
7224,1814
7229,1833
7229,1884
7258,1887
7277,1949
7308,2018
7306,1998
7365,2061
7368,2079
7390,2116
7402,2151
7429,2187
7450,2209
7471,2230
7515,2237
7552,2318
7558,2351
7583,2351
7616,2392
7631,2374
7641,2443
7675,2466
7689,2494
7729,2495
7744,2570
7789,2546
7813,2623
7808,2647
7859,2672
7889,2683
7888,2746
7929,2783
7963,2868
7984,2890
8019,2940
8044,2985
8080,3039
8105,3049
8142,3081
8160,3152
8193,3210
8218,3266
8246,3313
8267,3375
8308,3394
8334,3507
8347,3510
8388,3546
8418,3567
8447,3647
8466,3672
8522,3710
8547,3755
8568,3785
8583,3807
8620,3855
8650,3860
8663,3880
8694,3884
8735,3925
8752,3944
8760,3973
8778,3986
8809,4011
8833,4038
8869,4029
8888,4053
8887,4063
8917,4073
8951,4097
8962,4124
8970,4121
9024,4126
9035,4137
9049,4171
9062,4192
9098,4213
9093,4231
9103,4265
9138,4272
9153,4306
9150,4340
9181,4346
9189,4367
9233,4400
9230,4420
9256,4456
9269,4480
9296,4492
9309,4505
9335,4551
9354,4560
9372,4594
9415,4599
9420,4610
9434,4632
9461,4669
9475,4683
9493,4678
9507,4704
9528,4701
9571,4735
9561,4745
9590,4731
9619,4758
9636,4783
9670,4782
9686,4785
9707,4821
9743,4813
9757,4835
9812,4846
9805,4859
9846,4841
9863,4888
9871,4895
9942,4892
9918,4916
9956,4925
9976,4986
9990,4987
10014,5014
10043,5027
10076,5050
10082,5104
10135,5130
10154,5176
10185,5180
10225,5221
10250,5234
10283,5268
10312,5293
10332,5331
10348,5355
10392,5364
10411,5406
10443,5449
10478,5448
10468,5492
10534,5508
10557,5508
10593,5512
10614,5527
10649,5559
10682,5562
10726,5566
10765,5585
10767,5599
10783,5607
10824,5618
10843,5605
10857,5629
10876,5664
10901,5648
10934,5662
10936,5674
10957,5655
10963,5696
11005,5689
11029,5717
11044,5724
11073,5759
11098,5769
11124,5804
11138,5777
11156,5820
11195,5854
11206,5888
11213,5876
11233,5911
11268,5940
11279,5931
11297,5970
11299,5976
11318,5980
11338,5996
11375,6015
11390,6033
11416,6056
11427,6050
11444,6071
11470,6077
11498,6086
11528,6085
11543,6091
11552,6100
11585,6103
11619,6098
11627,6102
11645,6118
11658,6113
11690,6118
11675,6124
11724,6151
11731,6165
11759,6172
11784,6195
11792,6195
11836,6200
11839,6215
11856,6236
11883,6234
11910,6260
11934,6284
11977,6299
11988,6331
12009,6333
12026,6378
12060,6394
12103,6446
12094,6460
12131,6457
12141,6487
12190,6496
12207,6525
12228,6534
12263,6576
12278,6589
12303,6612
12349,6627
12376,6650
12402,6642
12447,6675
12458,6690
12505,6698
12516,6696
12566,6718
12589,6721
12600,6741
12633,6770
12648,6788
12692,6801
12717,6825
12748,6836
12795,6855
12805,6872
12840,6872
12857,6903
12882,6938
12913,6932
12970,6985
12972,7006
12985,7040
12992,7021
13030,7075
13078,7129
13106,7116
13115,7153
13146,7172
13161,7232
13171,7231
13207,7223
13212,7265
13253,7264
13278,7293
13301,7319
13309,7317
13346,7339
13347,7355
13374,7352
13395,7352
13392,7380
13450,7416
13449,7406
13493,7415
13474,7412
13496,7430
13520,7436
13561,7434
13574,7458
13556,7466
13609,7501
13620,7476
13621,7525
13649,7509
13660,7538
13697,7557
13708,7571
13738,7588
13753,7613
13752,7626
13791,7637
13816,7675
13822,7680
13847,7723
13862,7729
13884,7760
13913,7780
13922,7806
13939,7844
13962,7881
13988,7889
14021,7917
14026,7933
14051,7965
14083,7986
14088,8000
14102,8039
14169,8059
14197,8041
14201,8085
14229,8116
14232,8120
14265,8156
14301,8178
14356,8184
14349,8224
14368,8251
14413,8289
14441,8301
14472,8340
14503,8364
14533,8376
14545,8419
14575,8441
14614,8486
14626,8532
14672,8565
14664,8599
14705,8670
14738,8689
14786,8722
14808,8776
14834,8855
14858,8882
14881,8925
14922,9004
14929,9009
14956,9049
14989,9074
15025,9100
15052,9164
15072,9193
15094,9237
15125,9262
15148,9314
15198,9336
15219,9346
15229,9404
15264,9403
15275,9437
15293,9447
15324,9465
15331,9457
15344,9471
15366,9532
15385,9599
15404,9582
15422,9591
15450,9627
15484,9698
15485,9702
15513,9723
15536,9744
15551,9789
15568,9797
15582,9848
15631,9874
15622,9898
15658,9966
15685,9980
15678,10016
15722,10055
15743,10071
15744,10124
15789,10155
15789,10213
15802,10241
15816,10276
15851,10311
15880,10338
15881,10365
15912,10418
15928,10418
15957,10440
15970,10496
16008,10503
16005,10547
16054,10587
16081,10598
16089,10607
16116,10655
16125,10673
16162,10705
16176,10715
16199,10717
16216,10781
16242,10774
16265,10811
16284,10808
16308,10861
16329,10901
16368,10908
20,10956
21,11001
66,11050
72,11096
99,11157
132,11191
162,11230
192,11270
211,11313
247,11359
273,11402
272,11437
319,11481
327,11560
401,11597
403,11651
437,11704
474,11752
497,11761
537,11833
556,11854
604,11906
641,11949
660,11968
691,12011
706,12026
750,12090
755,12110
801,12120
831,12152
849,12160
880,12224
911,12236
941,12238
964,12262
978,12276
1015,12304
1032,12317
1072,12318
1097,12377
1123,12354
1132,12380
1138,12374
1172,12411
1192,12410
1213,12449
1228,12469
1238,12518
1277,12505
1265,12543
1305,12554
1337,12587
1343,12613
1379,12617
1391,12661
1407,12703
1420,12698
1442,12718
1459,12734
1478,12774
1496,12796
1513,12805
1535,12830
1565,12854
1550,12863
1571,12899
1618,12887
1622,12929
1639,12949
1661,12989
1658,12986
1703,13005
1730,13030
1766,13044
1775,13054
1803,13049
1826,13059
1822,13071
1849,13103
1896,13100
1907,13129
1925,13106
1939,13130
1975,13139
2015,13158
2012,13161
2027,13169
2070,13192
2075,13210
2101,13228
2100,13237
2146,13246
2172,13252
2219,13268
2236,13290
2262,13315
2290,13323
2298,13319
2308,13353
2365,13383
2388,13413
2424,13412
2413,13457
2453,13483
2491,13513
2500,13529
2525,13582
2562,13586
2592,13620
2621,13656
2644,13669
2690,13713
2718,13733
2739,13749
2764,13766
2810,13800
2814,13813
2867,13854
2876,13851
2927,13879
2935,13891
2954,13922
3001,13935
3024,13959
3044,13964
3085,13979
3101,14006
3129,14015
3144,14035
3190,14041
3205,14049
3216,14054
3229,14081
3300,14080
3288,14081
3308,14100
3319,14087
3372,14101
3378,14111
3392,14117
3417,14147
3433,14137
3457,14158
3487,14153
3482,14144
3519,14179
3525,14186
3575,14195
3576,14223
3593,14217
3604,14219
3616,14241
3645,14256
3668,14270
3700,14279
3709,14304
3718,14315
3738,14319
3764,14342
3761,14348
3808,14388
3824,14408
3834,14428
3851,14441
3874,14453
3873,14471
3923,14491
3938,14503
3944,14512
3975,14536
4006,14532
4021,14557
4047,14571
4058,14574
4100,14593
4103,14602
4131,14618
4134,14625
4139,14641
4190,14664
4210,14666
4225,14673
4252,14681
4287,14697
4295,14699
4329,14728
4364,14726
4372,14732
4403,14743
4462,14762
4455,14763
4505,14791
4524,14806
4562,14823
4581,14848
4582,14874
4603,14873
4654,14862
4676,14912
4696,14946
4717,14963
4732,14989
4790,15013
4813,15046
4869,15065
4872,15069
4880,15102
4929,15153
4952,15144
4986,15169
5009,15230
5041,15252
5070,15271
5105,15277
5137,15327
5142,15346
5170,15372
5189,15397
5238,15406
5250,15434
5275,15448
5297,15462
5324,15482
5371,15513
5368,15517
5422,15525
5429,15531
5427,15567
5468,15571
5484,15598
5505,15616
5538,15624
5557,15627
5567,15624
5609,15649
5618,15660
5635,15689
5647,15706
5674,15712
5689,15705
5726,15738
5721,15750
5762,15750
5775,15779
5800,15782
5798,15816
5837,15823
5850,15845
5868,15868
5875,15859
5892,15905
5910,15907
5915,15917
5945,15946
5961,15965
6008,15988
6004,16028
6012,16049
6074,16073
6073,16087
6080,16094
6106,16116
6126,16153
6125,16158
6162,16190
6180,16216
6205,16221
6218,16254
6247,16295
6275,16305
6279,16315
6317,16334
6325,16352
6355,16369
6386,16382
6398,8
6440,66
6448,80
6470,96
6517,157
6522,158
6534,168
6568,197
6601,217
6620,243
6652,263
6677,301
6718,353
6720,376
6759,387
6777,422
6794,456
6847,506
6853,529
6900,566
6928,574
6952,636
6975,692
7002,725
7028,784
7031,827
7088,873
7102,896
7151,947
7168,1004
7191,1067
7238,1125
7279,1153
7286,1186
7324,1249
7338,1284
7354,1290
7389,1341
7421,1392
7454,1412
7465,1472
7471,1491
7506,1531
7557,1545
7545,1577
7590,1604
7604,1660
7621,1686
7640,1674
7664,1722
7687,1729
7697,1763
7736,1776
7749,1801
7763,1804
7790,1844
7793,1842
7818,1872
7839,1905
7883,1919
7880,1968
7880,1994
7935,2019
7932,2050
7933,2059
7961,2106
7992,2128
8018,2183
8019,2220
8054,2259
8076,2269
8083,2299
8116,2340
8129,2397
8163,2441
8162,2492
8186,2519
8222,2538
8213,2594
8262,2646
8273,2629
8281,2684
8310,2755
8337,2732
8370,2771
8377,2789
8409,2841
8449,2856
8457,2901
8471,2906
8501,2939
8523,2940
8559,2985
8580,3014
8603,3040
8624,3066
8657,3066
8657,3093
8678,3136
8703,3174
8737,3178
8740,3213
8778,3245
8817,3271
8834,3318
8881,3338
8905,3403
8932,3434
8949,3479
8969,3524
8995,3540
9043,3586
9051,3628
9091,3707
9134,3746
9162,3782
9173,3822
9214,3862
9223,3906
9273,3947
9286,4003
9341,4011
9340,4056
9386,4098
9425,4143
9439,4148
9470,4157
9498,4208
9529,4224
9565,4273
9585,4266
9614,4282
9659,4302
9666,4302
9678,4362
9703,4339
9744,4374
9739,4400
9772,4398
9784,4394
9813,4435
9844,4446
9866,4488
9885,4481
9921,4491
9925,4517
9960,4508
9968,4530
9976,4565
10016,4573
10023,4594
10049,4628
10054,4648
10062,4687
10085,4697
10118,4708
10125,4742
10136,4738
10156,4765
10185,4812
10196,4819
10235,4853
10243,4874
10264,4863
10271,4911
10291,4923
10326,4942
10352,4955
10358,4980
10379,4988
10411,5006
10412,4998
10445,5027
10479,5022
10476,5020
10495,5041
10512,5035
10552,5059
10579,5056
10591,5074
10621,5076
10636,5102
10647,5107
10688,5103
10701,5089
10729,5118
10730,5130
10797,5151
10804,5172
10826,5217
10854,5230
10864,5243
10884,5271
10909,5278
10938,5305
10957,5339
10966,5367
11026,5407
11057,5416
11064,5452
11118,5472
11135,5513
11156,5529
11195,5554
11213,5561
11250,5604
11263,5637
11272,5649
11335,5661
11343,5679
11386,5708
11419,5699
11448,5731
11472,5748
11505,5735
11531,5755
11559,5774
11577,5779
11614,5792
11661,5799
11664,5818
11693,5830
11732,5836
11752,5848
11757,5855
11802,5864
11793,5883
11830,5894
11843,5901
11887,5915
11914,5938
11917,5960
11948,5979
11956,6007
12015,6000
12000,6024
12038,6037
12061,6071
12086,6099
12089,6110
12113,6145
12135,6146
12158,6153
12156,6187
12189,6185
12200,6204
12236,6224
12261,6225
12274,6251
12289,6255
12304,6272
12334,6271
12337,6303
12380,6297
12387,6316
12410,6292
12442,6290
12461,6307
12454,6319
12473,6304
12502,6331
12529,6327
12550,6352
12568,6348
12607,6360
12610,6384
12631,6381
12651,6395
12656,6402
12677,6435
12712,6449
12728,6463
12745,6454
12782,6507
12797,6511
12840,6531
12846,6550
12865,6591
12902,6586
12906,6626
12949,6637
12944,6664
12999,6687
12996,6700
13060,6721
13063,6753
13098,6748
13093,6764
13150,6808
13173,6810
13202,6840
13234,6846
13257,6855
13270,6870
13312,6889
13328,6891
13390,6927
13397,6939
13408,6958
13444,6947
13485,6972
13508,7012
13561,7028
13549,7050
13584,7070
13620,7102
13651,7097
13682,7136
13711,7157
13733,7175
13766,7186
13793,7222
13798,7254
13837,7281
13885,7323
13897,7326
13913,7357
13954,7386
13948,7432
14015,7441
14013,7462
14048,7502
14071,7520
14088,7544
14121,7542
14142,7579
14174,7593
14190,7606
14212,7618
14239,7640
14245,7651
14285,7681
14273,7693
14290,7704
14339,7705
14339,7737
14374,7739
14380,7746
14411,7766
14402,7763
14434,7771
14477,7780
14470,7802
14502,7829
14495,7825
14541,7824
14526,7863
14573,7881
14586,7899
14589,7931
14610,7933
14648,7961
14659,7989
14675,8019
14704,8020
14729,8056
14752,8092
14771,8101
14801,8144
14790,8160
14817,8188
14860,8213
14886,8253
14876,8274
14904,8277
14933,8319
14937,8338
14973,8348
15010,8382
15043,8398
15040,8432
15074,8424
15095,8467
15109,8514
15140,8540
15165,8552
15194,8573
15205,8586
15234,8601
15270,8639
15287,8666
15324,8688
15328,8748
15397,8744
15402,8792
15425,8843
15457,8869
15494,8908
15497,8922
15543,8975
15562,9023
15597,9069
15641,9119
15672,9173
15675,9218
15716,9262
15746,9296
15777,9381
15816,9425
15835,9459
15835,9523
15883,9565
15907,9621
15928,9636
15947,9672
15983,9721
16017,9758
16030,9796
16069,9853
16097,9892
16110,9917
16127,9948
16164,10001
16184,10012
16223,10053
16216,10052
16263,10065
16277,10081
16291,10114
16321,10151
16316,10145
16376,10173
16375,10205
4,10218
26,10268
67,10307
73,10319
100,10332
119,10410
140,10412
150,10443
177,10496
184,10508
202,10526
215,10589
229,10613
259,10661
284,10687
291,10724
317,10765
341,10790
354,10845
369,10870
406,10885
430,10956
439,10967
462,11002
509,11033
507,11059
530,11094
550,11101
581,11136
590,11144
611,11197
619,11220
668,11237
674,11281
706,11278
732,11301
773,11350
775,11315
788,11342
804,11375
818,11399
858,11418
880,11458
914,11458
967,11491
969,11535
986,11571
1008,11622
1023,11638
1078,11692
1097,11697
1097,11753
1139,11763
1191,11818
1197,11865
1214,11903
1255,11956
1277,12010
1296,12024
1341,12089
1361,12103
1397,12154
1416,12172
1451,12231
1495,12241
1512,12305
1536,12364
1567,12363
1599,12416
1634,12454
1658,12479
1678,12502
1714,12517
1725,12563
1776,12569
1786,12620
1823,12609
1838,12616
1869,12662
1886,12672
1932,12698
1972,12709
1979,12751
2022,12731
2014,12760
2049,12788
2066,12794
2112,12802
2123,12819
2132,12827
2172,12845
2181,12847
2197,12877
2228,12883
2245,12885
2275,12923
2289,12904
2289,12927
2343,12950
2352,12988
2354,12995
2392,13024
2400,13066
2404,13074
2418,13079
2454,13109
2473,13125
2501,13153
2490,13175
2500,13181
2541,13201
2557,13206
2558,13248
2598,13260
2613,13284
2631,13298
2656,13307
2677,13356
2703,13347
2704,13368
2754,13380
2767,13409
2798,13423
2814,13428
2827,13436
2850,13450
2860,13464
2877,13477
2889,13479
2908,13493
2943,13489
2986,13500
3004,13515
3017,13531
3047,13533
3048,13554
3096,13569
3117,13553
3156,13592
3176,13586
3209,13601
3212,13625
3244,13623
3261,13647
3307,13657
3319,13670
3353,13715
3384,13730
3394,13732
3433,13758
3448,13798
3483,13826
3493,13839
3535,13871
3556,13870
3593,13922
3618,13942
3652,13952
3711,13997
3696,14017
3736,14043
3751,14061
3800,14077
3808,14086
3823,14117
3888,14140
3876,14174
3919,14192
3929,14222
3960,14224
3983,14239
4007,14272
4042,14256
4085,14279
4096,14292
4133,14290
4138,14312
4165,14327
4202,14314
4226,14334
4230,14352
4252,14349
4294,14347
4293,14368
4316,14370
4356,14365
4345,14403
4387,14388
4414,14408
4409,14401
4441,14428
4463,14433
4467,14443
4508,14442
4516,14472
4541,14467
4544,14505
4584,14499
4585,14519
4613,14541
4620,14567
4644,14567
4667,14581
4676,14593
4689,14627
4723,14627
4742,14658
4768,14665
4767,14686
4808,14691
4827,14725
4840,14738
4869,14753
4886,14770
4915,14775
4933,14793
4948,14808
4954,14835
4973,14833
5025,14850
5038,14855
5053,14875
5084,14886
5090,14882
5125,14925
5164,14936
5172,14925
5181,14968
5203,14951
5242,14970
5271,14965
5313,14986
5316,14994
5320,15009
5359,15036
5401,15038
5420,15058
5439,15065
5470,15092
5480,15108
5517,15135
5565,15153
5562,15174
5608,15204
5641,15221
5645,15240
5676,15266
5726,15283
5724,15306
5778,15347
5803,15353
5832,15381
5855,15427
5876,15440
5916,15466
5964,15490
5976,15530
6004,15570
6032,15570
6072,15602
6086,15632
6105,15657
6144,15694
6148,15711
6183,15737
6197,15736
6246,15775
6266,15822
6273,15804
6300,15826
6339,15829
6370,15858
6390,15893
6391,15915
6445,15919
6446,15931
6481,15941
6497,15967
6542,15983
6535,15983
6555,16027
6566,16039
6596,16067
6589,16054
6625,16076
6642,16084
6663,16101
6679,16124
6710,16159
6713,16175
6715,16189
6762,16210
6759,16201
6783,16251
6834,16242
6833,16267
6853,16298
6894,16333
6890,16356
6917,5
6930,10
6941,34
6970,35
6975,68
7004,108
7027,122
7047,144
7060,164
7090,206
7096,212
7118,230
7132,258
7183,291
7198,318
7212,340
7244,350
7252,372
7273,391
7281,414
7306,443
7352,467
7367,513
7390,520
7407,532
7429,558
7466,578
7483,603
7501,637
7530,676
7552,743
7583,741
7624,754
7645,777
7667,815
7690,862
7734,908
7765,954
7754,997
7788,1071
7836,1088
7848,1139
7870,1215
7893,1217
7936,1290
7949,1329
7983,1399
8004,1450
8056,1496
8095,1547
8130,1584
8155,1617
8163,1693
8198,1722
8222,1758
8255,1769
8262,1808
8294,1875
8323,1893
8348,1953
8373,1956
8387,1977
8416,2041
8456,2057
8465,2091
8480,2118
8514,2143
8541,2163
8562,2186
8583,2230
8599,2209
8624,2238
8639,2288
8667,2304
8686,2348
8711,2368
8718,2366
8756,2456
8761,2485
8762,2501
8777,2482
8809,2576
8818,2595
8849,2615
8863,2657
8888,2655
8902,2719
8947,2767
8930,2767
8977,2810
8998,2848
9000,2905
9037,2951
9047,2987
9081,3005
9099,3043
9121,3064
9116,3072
9153,3109
9177,3132
9178,3149
9197,3174
9231,3218
9252,3256
9289,3257
9288,3288
9318,3282
9359,3289
9375,3317
9397,3345
9408,3360
9440,3363
9469,3420
9476,3433
9505,3448
9525,3452
9549,3461
9565,3503
9573,3526
9616,3581
9649,3598
9661,3641
9676,3672
9716,3718
9752,3748
9766,3804
9786,3834
9822,3848
9833,3903
9877,3923
9892,3967
9946,4031
9967,4066
9995,4091
10023,4133
10047,4158
10086,4230
10102,4245
10128,4294
10155,4318
10183,4339
10225,4351
10233,4398
10279,4431
10324,4429
10342,4444
10390,4487
10404,4496
10440,4511
10462,4531
10481,4551
10521,4584
10522,4598
10567,4602
10580,4626
10611,4643
10621,4635
10651,4664
10667,4689
10697,4660
10721,4710
10741,4727
10768,4750
10799,4774
10810,4799
10838,4829
10874,4852
10860,4870
10895,4897
10933,4911
10931,4943
10957,4967
10977,4961
10998,4998
10993,5027
11019,5047
11044,5080
11072,5093
11096,5110
11101,5127
11123,5147
11134,5152
11175,5153
11196,5196
11201,5217
11237,5193
11254,5209
11271,5216
11292,5227
11290,5221
11321,5227
11335,5231
11347,5253
11384,5247
11391,5258
11406,5268
11444,5265
11444,5280
11455,5292
11478,5312
11532,5317
11529,5301
11548,5336
11577,5347
11592,5361
11617,5360
11631,5396
11678,5421
11691,5432
11726,5464
11726,5490
11746,5480
11772,5521
11787,5560
11830,5566
11836,5580
11881,5625
11894,5676
11926,5666
11951,5699
11994,5705
12003,5731
12028,5765
12056,5756
12094,5797
12120,5813
12138,5827
12167,5836
12210,5836
12235,5851
12262,5870
12288,5886
12295,5891
12310,5886
12347,5925
12365,5930
12406,5942
12451,5959
12470,5960
12479,5979
12520,5977
12534,6002
12564,6034
12595,6045
12619,6051
12652,6057
12668,6094
12711,6098
12726,6130
12733,6156
12768,6185
12782,6181
12810,6204
12830,6236
12873,6275
12869,6274
12909,6311
12923,6318
12950,6317
12971,6364
12989,6365
13014,6381
13033,6399
13053,6409
13065,6426
13103,6440
13100,6456
13125,6457
13147,6454
13162,6453
13189,6472
13214,6478
13214,6489
13263,6493
13277,6476
13283,6496
13299,6508
13312,6515
13346,6527
13352,6514
13376,6540
13414,6546
13426,6567
13440,6562
13463,6577
13472,6584
13499,6635
13521,6623
13538,6634
13556,6651
13592,6675
13612,6683
13621,6714
13652,6737
13660,6754
13695,6760
13714,6801
13728,6835
13768,6831
13786,6859
13810,6871
13838,6909
13848,6915
13875,6932
13894,6944
13923,6964
13943,6986
13973,6991
13972,7021
14022,7036
14032,7048
14079,7061
14095,7064
14098,7090
14143,7105
14198,7111
14224,7151
14241,7152
14282,7178
14281,7210
14315,7201
14338,7246
14348,7245
14397,7267
14449,7286
14445,7343
14483,7352
14520,7380
14559,7409
14572,7413
14578,7447
14625,7477
14624,7511
14657,7514
14719,7579
14743,7587
14759,7621
14771,7665
14832,7696
14839,7709
14858,7725
14889,7766
14925,7807
14942,7820
14991,7841
15001,7853
15014,7879
15034,7912
15084,7919
15090,7946
15105,7955
15115,7983
15123,8011
15157,8025
15191,8023
15200,8047
15240,8075
15255,8089
15288,8079
15295,8099
15306,8109
15350,8138
15372,8158
15389,8158
15384,8168
15391,8207
15414,8213
15444,8238
15455,8264
15470,8276
15496,8308
15505,8338
15520,8353
15565,8384
15574,8405
15585,8435
15615,8464
15638,8477
15646,8508
15669,8532
15692,8572
15720,8580
15741,8631
15745,8623
15760,8694
15787,8695
15806,8720
15848,8755
15839,8779
15846,8809
15891,8813
15913,8851
15940,8849
15945,8884
15997,8931
16010,8950
16035,8957
16077,9006
16072,9015
16109,9035
16133,9058
16156,9062
16192,9126
16190,9158
16231,9190
16256,9251
16278,9264
16313,9307
16327,9345
16374,9366
16376,9430
27,9471
62,9515
107,9582
85,9624
142,9672
175,9722
206,9770
218,9825
243,9863
304,9956
326,9964
338,10038
355,10069
382,10122
405,10149
440,10182
479,10254
503,10286
536,10322
566,10373
599,10425
618,10446
628,10500
659,10493
675,10557
726,10573
743,10573
772,10619
800,10641
814,10668
849,10702
837,10712
857,10741
882,10775
921,10781
920,10814
959,10832
953,10877
1004,10898
1009,10943
1053,10987
1064,11018
1071,11032
1073,11077
1126,11081
1125,11114
1169,11177
1177,11185
1189,11235
1194,11268
1222,11294
1249,11351
1263,11390
1276,11402
1293,11427
1329,11462
1363,11513
1363,11531
1401,11572
1441,11582
1440,11589
1484,11619
1482,11642
1500,11675
1531,11710
1543,11716
1570,11740
1588,11765
1618,11778
1636,11786
1673,11830
1686,11840
1712,11890
1733,11864
1760,11896
1770,11917
1797,11929
1830,11957
1866,11957
1893,11985
1908,11995
1918,12021
1951,12053
1980,12111
2012,12131
2021,12166
2040,12170
2059,12221
2093,12260
2122,12277
2136,12329
2167,12351
2204,12402
2248,12423
2263,12484
2291,12510
2316,12545
2341,12571
2381,12609
2415,12653
2428,12701
2471,12715
2492,12724
2520,12799
2564,12816
2574,12850
2590,12876
2623,12907
2651,12906
2684,12944
2719,12956
2749,12982
2774,13018
2809,13032
2847,13056
2848,13071
2891,13071
2934,13088
2956,13101
3001,13103
2978,13117
3012,13147
3035,13155
3058,13171
3084,13173
3097,13200
3111,13194
3154,13232
3163,13231
3190,13232
3186,13234
3231,13251
3245,13267
3278,13289
3295,13312
3317,13321
3318,13348
3341,13374
3365,13383
3384,13418
3405,13416
3401,13444
3431,13466
3434,13484
3461,13492
3479,13515
3505,13509
3509,13523
3551,13578
3562,13578
3573,13586
3597,13617
3617,13629
3645,13648
3673,13665
3658,13688
3693,13700
3723,13707
3740,13718
3766,13732
3784,13730
3802,13744
3818,13774
3841,13784
3859,13777
3899,13787
3903,13789
3924,13793
3952,13824
3989,13837
4003,13820
4038,13841
4053,13865
4075,13854
4096,13862
4130,13904
4151,13890
4170,13924
4187,13928
4205,13934
4232,13950
4263,13976
4267,13977
4310,13992
4329,14004
4364,14053
4401,14078
4420,14088
4453,14120
4483,14156
4492,14160
4559,14199
4578,14200
4590,14244
4613,14286
4648,14289
4678,14288
4693,14327
4725,14359
4758,14369
4767,14387
4804,14397
4834,14428
4869,14441
4883,14463
4932,14490
4939,14497
4975,14513
4990,14526
5009,14541
5059,14556
5078,14580
5093,14581
5121,14592
5127,14611
5170,14609
5184,14610
5225,14609
5213,14628
5252,14639
5258,14654
5300,14655
5305,14666
5337,14674
5362,14682
5389,14693
5408,14699
5432,14734
5431,14743
5463,14759
5490,14773
5486,14755
5519,14776
5540,14780
5552,14798
5567,14813
5605,14831
5602,14868
5613,14885
5640,14894
5664,14902
5670,14922
5715,14969
5733,14965
5755,14970
5778,14993
5787,15015
5819,15046
5836,15051
5853,15069
5876,15085
5893,15095
5912,15110
5934,15136
5945,15133
5986,15161
5998,15177
6025,15187
6048,15199
6052,15222
6107,15212
6112,15245
6133,15263
6145,15246
6188,15262
6196,15274
6238,15290
6271,15305
6278,15326
6331,15333
6332,15358
6358,15380
6394,15389
6407,15401
6439,15438
6470,15472
6489,15479
6544,15524
6542,15555
6583,15574
6624,15568
6644,15617
6639,15625
6710,15670
6733,15691
6763,15735
6794,15777
6824,15798
6859,15849
6882,15853
6906,15875
6959,15921
6934,15949
6985,15979
7017,15994
7053,16044
7057,16035
7108,16098
7112,16107
7125,16145
7179,16169
7194,16167
7217,16182
7245,16209
7283,16245
7305,16263
7345,16280
7340,16300
7349,16319
7379,16330
7400,16360
7425,16378
7473,5
7470,39
7492,62
7523,64
7521,95
7526,113
7555,95
7598,145
7608,177
7642,180
7644,215
7678,266
7693,266
7694,318
7740,320
7741,358
7780,372
7772,399
7795,434
7820,441
7879,482
7855,501
7878,525
7886,562
7908,554
7935,619
7934,622
7963,651
7989,694
8033,701
8059,716
8038,758
8088,778
8097,799
8126,818
8137,815
8165,866
8160,869
8211,878
8217,934
8256,958
8249,961
8297,1000
8300,1054
8319,1051
8374,1065
8376,1108
8411,1138
8436,1193
8456,1228
8476,1265
8511,1295
8546,1350
8563,1380
8609,1431
8618,1501
8642,1530
8682,1573
8701,1624
8735,1689
8748,1745
8776,1794
8803,1824
8838,1883
8891,1939
8891,1995
8934,2035
8966,2084
9005,2134
9035,2155
9047,2217
9092,2257
9106,2276
9127,2338
9151,2356
9190,2408
9207,2444
9246,2482
9265,2518
9272,2551
9315,2543
9331,2607
9370,2612
9384,2646
9408,2658
9448,2684
9467,2750
9501,2751
9516,2797
9525,2810
9570,2852
9574,2861
9604,2898
9613,2959
9633,2982
9649,3032
9671,3045
9709,3075
9702,3132
9744,3172
9733,3209
9775,3230
9780,3259
9823,3290
9832,3326
9879,3375
9885,3393
9914,3409
9931,3460
9973,3481
9970,3512
9991,3514
10009,3528
10028,3565
10045,3569
10052,3606
10076,3622
10105,3633
10123,3657
10141,3671
10168,3683
10186,3705
10221,3722
10256,3734
10269,3740
10289,3767
10315,3773
10329,3765
10358,3797
10390,3826
10385,3859
10400,3900
10438,3916
10453,3926
10474,3984
10502,3988
10524,4034
10534,4071
10571,4089
10600,4130
10626,4138
10645,4199
10690,4205
10687,4257
10733,4306
10742,4345
10783,4377
10810,4431
10841,4453
10871,4474
10894,4498
10930,4531
10955,4567
10987,4589
10997,4584
11031,4624
11075,4657
11098,4665
11124,4689
11177,4674
11190,4734
11226,4746
11246,4746
11268,4751
11309,4792
11328,4798
11357,4820
11382,4853
11418,4847
11443,4891
11457,4882
11482,4910
11527,4929
11538,4939
11543,4984
11577,5002
11620,5027
11643,5063
11641,5068
11702,5106
11717,5110
11724,5137
11741,5163
11769,5211
11817,5225
11811,5246
11841,5273
11845,5297
11871,5342
11896,5310
11906,5369
11934,5352
11953,5389
11978,5377
11988,5407
12030,5397
12026,5412
12077,5403
12066,5440
12092,5436
12137,5445
12142,5432
12159,5436
12168,5443
12175,5447
12212,5453
12229,5475
12221,5470
12249,5488
12255,5477
12297,5477
12312,5496
12325,5511
12352,5516
12363,5532
12392,5555
12414,5578
12433,5594
12442,5620
12469,5653
12472,5650
12518,5686
12535,5688
12550,5722
12561,5732
12598,5745
12614,5784
12635,5815
12653,5832
12656,5836
12722,5835
12726,5868
12755,5877
12792,5913
12818,5913
12847,5935
12856,5941
12891,5965
12922,5965
12960,5970
12985,5983
13009,6017
13029,6016
13062,6012
13077,6037
13121,6045
13139,6055
13155,6072
13172,6092
13206,6105
13247,6107
13256,6133
13312,6147
13327,6167
13350,6186
13393,6220
13414,6235
13442,6270
13479,6282
13500,6302
13525,6334
13547,6355
13570,6371
13582,6405
13610,6419
13643,6421
13669,6459
13695,6475
13710,6498
13749,6510
13762,6534
13797,6532
13826,6567
13846,6574
13871,6583
13886,6604
13901,6617
13933,6620
13962,6642
13956,6649
13999,6635
14024,6647
14014,6652
14063,6669
14084,6692
14103,6677
14113,6696
14134,6708
14159,6718
14166,6719
14172,6727
14217,6745
14246,6760
14232,6763
14271,6779
14298,6790
14311,6800
14319,6837
14336,6828
14357,6851
14374,6862
14388,6886
14453,6903
14470,6926
14448,6941
14481,6965
14508,6994
14514,7016
14541,7028
14550,7045
14590,7060
14621,7085
14632,7100
14643,7105
14685,7137
14701,7124
14730,7164
14749,7181
14790,7208
14808,7223
14824,7234
14861,7253
14867,7253
14906,7281
14920,7290
14937,7307
14981,7317
15000,7337
15021,7355
15054,7372
15056,7370
15113,7394
15125,7412
15162,7448
15192,7466
15221,7507
15242,7508
15257,7547
15295,7573
15318,7586
15343,7629
15374,7656
15396,7687
15431,7752
15470,7766
15500,7800
15522,7826
15553,7858
15575,7871
15613,7919
15644,7954
15649,7983
15699,8025
15713,8059
15761,8091
15769,8130
15816,8136
15839,8158
15851,8181
15882,8206
15889,8224
15916,8268
15958,8284
15970,8292
15996,8322
16040,8344
16043,8353
16060,8378
16094,8389
16101,8416
16108,8448
16121,8451
16169,8498
16199,8476
16230,8538
16223,8547
16248,8544
16273,8577
16289,8597
16306,8651
16331,8679
16329,8687
16362,8749
16383,8753
7,8776
29,8805
51,8833
47,8854
66,8902
103,8929
133,8941
136,8968
161,8980
189,9013
191,9051
217,9087
249,9111
266,9134
263,9127
302,9184
316,9192
325,9234
341,9246
380,9268
391,9319
408,9320
416,9354
462,9399
494,9360
505,9406
525,9437
548,9473
587,9468
625,9531
622,9529
659,9581
678,9635
700,9663
711,9687
722,9735
790,9747
789,9799
820,9853
830,9884
862,9929
904,9986
936,10021
961,10097
988,10144
1030,10175
1056,10232
1062,10294
1100,10381
1127,10415
1164,10447
1178,10503
1227,10523
1240,10588
1279,10655
1285,10661
1324,10717
1350,10741
1395,10782
1401,10813
1442,10889
1469,10902
1486,10936
1531,10955
1564,11011
1574,11031
1619,11061
1616,11100
1660,11118
1699,11151
1705,11155
1718,11179
1760,11234
1759,11224
1791,11266
1809,11281
1835,11317
1856,11370
1873,11369
1916,11411
1912,11473
1951,11473
1972,11489
1980,11533
2009,11557
2029,11609
2048,11624
2090,11659
2097,11703
2098,11730
2129,11751
2154,11779
2144,11805
2180,11832
2181,11881
2198,11902
2233,11941
2259,11963
2291,11997
2312,12024
2325,12031
2358,12091
2367,12083
2395,12091
2420,12111
2428,12132
2463,12164
2490,12176
2500,12195
2521,12193
2542,12231
2554,12226
2586,12249
2618,12286
2656,12292
2653,12309
2665,12319
2696,12341
2729,12349
2748,12359
2762,12366
2779,12388
2800,12421
2834,12446
2865,12453
2888,12460
2900,12526
2937,12503
2934,12568
2947,12572
2992,12633
3026,12630
3035,12685
3069,12712
3110,12764
3144,12786
3149,12810
3157,12848
3206,12858
3227,12878
3273,12935
3301,12964
3327,13032
3362,13044
3394,13072
3413,13072
3442,13098
3464,13149
3493,13169
3514,13179
3532,13197
3583,13213
3594,13228
3629,13255
3674,13257
3678,13301
3723,13299
3771,13312
3780,13333
3795,13345
3822,13344
3846,13363
3887,13398
3888,13387
3928,13398
3935,13415
3952,13437
3992,13438
4013,13441
4029,13480
4054,13491
4079,13489
4098,13517
4110,13531
4149,13535
4144,13567
4176,13587
4217,13601
4228,13618
4234,13640
4241,13648
4250,13676
4287,13710
4309,13711
4337,13714
4354,13755
4358,13774
4373,13774
4376,13794
4385,13810
4419,13833
4458,13851
4473,13869
4489,13891
4509,13893
4530,13896
4537,13909
4574,13926
4598,13924
4610,13935
4634,13960
4635,13931
4644,13959
4676,13954
4706,13970
4708,13974
4752,14008
4758,14010
4779,13996
4804,14022
4821,14021
4869,14024
4863,14035
4896,14051
4937,14079
4936,14065
4976,14090
4993,14106
5000,14102
5032,14106
5064,14117
5090,14158
5094,14166
5144,14189
5154,14224
5194,14250
5221,14258
5242,14286
5247,14288
5315,14343
5331,14358
5338,14390
5367,14393
5399,14432
5430,14453
5463,14481
5492,14485
5522,14488
5535,14531
5570,14539
5606,14553
5616,14582
5652,14601
5663,14650
5708,14654
5733,14665
5748,14679
5802,14696
5803,14709
5847,14705
5884,14705
5897,14729
5928,14739
5939,14762
5967,14757
5993,14765
6033,14788
6041,14810
6072,14804
6097,14825
6115,14857
6152,14866
6164,14868
6203,14878
6212,14890
6244,14900
6259,14937
6277,14938
6277,14946
6321,14959
6339,14975
6348,14993
6397,15007
6390,15017
6404,15027
6445,15062
6457,15077
6480,15110
6506,15130
6505,15137
6542,15149
6545,15167
6566,15197
6598,15193
6623,15229
6641,15229
6655,15240
6667,15279
6704,15286
6698,15295
6723,15287
6766,15328
6783,15346
6825,15351
6845,15371
6842,15387
6866,15375
6885,15391
6914,15415
6920,15437
6956,15436
6970,15441
6997,15458
7023,15480
7032,15471
7069,15518
7061,15517
7106,15534
7142,15537
7159,15559
7202,15582
7213,15584
7232,15651
7258,15662
7289,15674
7313,15711
7348,15750
7363,15752
7409,15795
7412,15832
7443,15850
7471,15883
7484,15906
7527,15928
7565,15950
7582,16001
7615,16038
7639,16075
7667,16117
7712,16136
7729,16159
7760,16189
7775,16217
7808,16244
7843,16262
7879,16291
7907,16332
7890,16343
7944,16378
7964,28
7988,20
8029,54
8066,66
8092,124
8087,112
8136,161
8168,178
8184,222
8200,210
8218,260
8261,305
8282,319
8306,340
8327,379
8348,404
8366,428
8373,464
8408,504
8428,530
8465,553
8460,610
8491,635
8511,641
8530,680
8563,729
8578,737
8609,782
8622,816
8651,811
8650,854
8673,866
8704,906
8714,908
8737,938
8754,977
8774,1001
8790,994
8812,1035
8816,1051
8828,1040
8850,1103
8871,1105
8917,1095
8918,1134
8920,1150
8946,1168
8980,1160
8997,1194
9010,1245
9034,1264
9047,1271
9076,1318
9090,1354
9109,1384
9134,1398
9146,1454
9158,1453
9188,1501
9215,1516
9236,1546
9262,1624
9308,1649
9301,1681
9334,1772
9374,1823
9393,1831
9422,1914
9458,1951
9469,2010
9509,2055
9527,2096
9544,2163
9576,2187
9612,2206
9634,2254
9656,2290
9687,2335
9710,2375
9753,2414
9794,2455
9826,2515
9847,2543
9883,2590
9902,2620
9941,2644
9944,2667
9978,2666
9998,2750
10036,2780
10067,2776
10091,2824
10120,2847
10146,2889
10165,2927
10174,2958
10209,3000
10252,3032
10259,3102
10301,3147
10315,3171
10346,3240
10377,3211
10408,3270
10424,3327
10465,3351
10468,3389
10494,3441
10526,3494
10542,3519
10569,3553
10584,3592
10602,3606
10625,3648
10651,3707
10674,3732
10695,3743
10696,3764
10738,3771
10758,3781
10782,3838
10803,3808
10825,3840
10840,3877
10871,3901
10893,3900
10892,3910
10947,3922
10952,3947
10953,3960
10970,3982
11004,3974
11021,4002
11037,3999
11061,3995
11085,4022
11101,4045
11100,4018
11137,4064
11160,4095
11184,4116
11211,4146
11224,4168
11242,4192
11273,4223
11275,4257
11325,4275
11315,4301
11327,4334
11371,4383
11383,4394
11408,4424
11438,4459
11454,4484
11470,4529
11493,4539
11550,4579
11562,4589
11594,4641
11604,4675
11639,4705
11661,4702
11710,4706
11731,4728
11760,4748
11771,4761
11793,4798
11812,4801
11847,4815
11872,4833
11896,4856
11913,4856
11950,4892
11977,4913
12001,4931
12044,4935
12073,4969
12116,4966
12132,4984
12157,4987
12168,4998
12189,5033
12232,5065
12252,5084
12281,5107
12288,5137
12338,5174
12346,5175
12362,5216
12412,5251
12422,5268
12442,5288
12479,5328
12494,5369
12543,5373
12571,5406
12580,5423
12612,5441
12621,5481
12664,5480
12667,5522
12699,5507
12712,5547
12741,5569
12764,5567
12796,5573
12815,5590
12828,5600
12854,5600
12866,5600
12893,5612
12905,5621
12938,5617
12931,5624
12968,5634
12969,5646
13009,5657
13025,5666
13047,5659
13057,5676
13085,5674
13083,5681
13130,5675
13132,5689
13135,5697
13158,5718
13187,5726
13180,5739
13207,5761
13229,5793
13255,5818
13265,5828
13272,5852
13334,5869
13325,5882
13362,5903
13373,5919
13401,5939
13418,5961
13441,5975
13455,5998
13470,5998
13492,6034
13534,6029
13539,6060
13573,6063
13578,6091
13614,6087
13641,6099
13660,6115
13701,6112
13730,6140
13752,6144
13776,6143
13802,6150
13803,6163
13841,6184
13868,6174
13878,6189
13934,6230
13958,6229
13961,6249
14002,6250
14018,6269
14045,6273
14105,6302
14096,6318
14137,6349
14185,6387
14216,6378
14237,6402
14246,6434
14288,6446
14305,6483
14336,6499
14364,6540
14405,6549
14430,6565
14442,6591
14486,6613
14501,6649
14527,6670
14565,6692
14580,6688
14601,6714
14637,6743
14640,6755
14675,6777
14719,6789
14728,6817
14751,6809
14780,6852
14812,6864
14843,6869
14854,6875
14878,6889
14899,6897
14914,6910
14956,6926
14983,6916
14975,6933
15008,6935
15017,6944
15041,6963
15063,6975
15077,6972
15101,6995
15108,7003
15130,7012
15159,7047
15169,7046
15209,7072
15237,7077
15224,7090
15246,7129
15289,7129
15300,7130
15312,7161
15345,7185
15358,7195
15357,7230
15397,7250
15414,7254
15422,7284
15455,7308
15480,7338
15494,7348
15513,7368
15537,7409
15530,7406
15599,7431
15612,7432
15630,7468
15637,7471
15681,7506
15694,7510
15725,7524
15750,7550
15752,7554
15782,7568
15830,7596
15826,7614
15861,7644
15878,7644
15892,7648
15929,7659
15959,7704
15961,7717
16005,7723
16033,7742
16058,7776
16088,7797
16114,7816
16140,7860
16185,7890
16194,7908
16212,7930
16251,7963
16294,8002
16304,8066
16337,8106
16363,8123
0,8159
34,8185
74,8237
95,8249
127,8284
142,8340
185,8379
201,8404
248,8423
257,8509
312,8503
336,8532
347,8572
372,8602
416,8636
428,8685
450,8712
477,8719
513,8751
522,8766
542,8783
573,8807
592,8829
621,8857
633,8909
668,8917
681,8933
714,8980
730,8974
741,9035
784,9046
816,9080
827,9099
838,9120
844,9137
873,9179
887,9215
897,9224
923,9267
955,9282
946,9320
980,9373
1003,9381
1023,9437
1041,9459
1073,9524
1090,9526
1110,9571
1118,9569
1136,9638
1159,9657
1153,9661
1206,9707
1192,9744
1235,9763
1253,9792
1281,9819
1291,9840
1313,9872
1343,9890
1356,9921
1388,9906
1408,9938
1413,9982
1452,9998
1478,10043
1493,10047
1522,10086
1545,10070
1560,10100
1575,10131
1606,10203
1612,10202
1637,10228
1677,10257
1700,10316
1732,10364
1741,10410
1792,10437
1777,10487
1829,10539
1854,10575
1883,10625
1916,10678
1923,10733
1961,10795
1996,10826
2018,10868
2041,10896
2078,10981
2094,11030
2109,11068
2170,11122
2174,11188
2205,11216
2242,11264
2272,11305
2297,11339
2324,11396
2369,11384
2395,11448
2414,11466
2444,11483
2463,11533
2504,11577
2546,11577
2557,11630
2600,11656
2608,11691
2617,11698
2660,11730
2674,11762
2713,11765
2735,11777
2752,11830
2784,11854
2795,11849
2809,11905
2844,11901
2876,11948
2896,11945
2929,11994
2934,12012
2943,12056
2971,12076
2994,12097
3005,12121
3048,12143
3033,12196
3058,12198
3089,12240
3103,12266
3117,12269
3142,12307
3158,12344
3184,12374
3223,12383
3212,12420
3232,12435
3260,12467
3288,12486
3318,12504
3343,12543
3350,12538
3360,12569
3396,12576
3425,12605
3428,12612
3449,12636
3476,12641
3517,12653
3531,12653
3545,12681
3565,12675
3588,12700
3592,12733
3622,12715
3653,12769
3676,12774
3701,12748
3730,12779
3736,12804
3762,12806
3788,12823
3816,12848
3837,12871
3866,12894
3878,12911
3897,12909
3912,12951
3935,12991
3967,13029
3996,13037
4001,13079
4045,13105
4076,13125
4095,13179
4116,13178
4140,13214
4185,13245
4221,13271
4258,13302
4249,13333
4293,13371
4316,13396
4343,13407
4367,13455
4415,13462
4391,13477
4444,13521
4498,13513
4503,13555
4540,13543
4573,13575
4595,13587
4614,13592
4644,13598
4673,13607
4705,13636
4726,13656
4754,13659
4778,13662
4805,13665
4808,13689
4846,13718
4877,13725
4893,13737
4908,13759
4961,13761
4972,13751
4996,13772
5027,13801
5052,13810
5052,13819
5087,13849
5108,13852
5137,13879
5142,13886
5152,13917
5183,13940
5201,13945
5234,13962
5227,13991
5253,14014
5273,14017
5282,14041
5303,14048
5333,14065
5342,14083
5381,14120
5371,14125
5402,14113
5419,14137
5449,14159
5462,14160
5472,14196
5497,14191
5518,14198
5547,14196
5553,14212
5568,14218
5591,14228
5597,14227
5634,14251
5641,14239
5668,14239
5706,14237
5707,14257
5740,14286
5758,14278
5758,14280
5810,14292
5804,14302
5837,14314
5850,14329
5874,14350
5889,14338
5942,14348
5953,14386
5973,14381
5995,14417
6024,14437
6057,14451
6089,14462
6127,14487
6129,14523
6166,14542
6184,14543
6205,14590
6238,14598
6272,14628
6301,14654
6322,14666
6362,14678
6385,14718
6418,14730
6427,14752
6465,14766
6504,14812
6530,14814
6551,14847
6566,14854
6589,14879
6651,14889
6664,14919
6694,14934
6719,14927
6736,14956
6783,14985
6796,14984
6807,14988
6841,15001
6883,15003
6890,15045
6937,15051
6930,15052
6986,15058
6988,15073
7031,15103
7046,15122
7065,15139
7098,15145
7124,15161
7142,15185
7157,15201
7170,15221
7192,15235
7214,15252
7258,15270
7274,15308
7295,15303
7304,15334
7348,15356
7361,15358
7373,15383
7388,15432
7423,15421
7444,15470
7453,15452
7491,15491
7488,15506
7512,15520
7529,15529
7550,15552
7585,15561
7596,15580
7612,15581
7627,15607
7653,15616
7663,15615
7675,15637
7699,15638
7743,15667
7741,15674
7771,15684
7810,15706
7805,15727
7828,15745
7840,15754
7877,15786
7894,15766
7902,15776
7927,15784
7962,15820
7986,15834
8003,15861
8020,15898
8034,15906
8053,15919
8100,15950
8123,15978
8135,15995
8170,16026
8160,16060
8227,16089
8252,16121
8261,16149
8287,16208
8330,16216
8349,16253
8360,16288
8386,16296
8413,16338
8438,0
8473,21
8499,68
8540,82
8563,124
8584,128
8628,163
8651,206
8680,209
8688,246
8729,261
8764,308
8765,302
8811,369
8830,379
8877,418
8908,436
8915,476
8925,503
8974,543
8990,569
9018,610
9042,654
9076,663
9089,711
9132,743
9157,803
9182,793
9222,883
9240,919
9254,954
9272,995
9294,1023
9326,1080
9344,1090
9369,1158
9374,1188
9422,1215
9433,1235
9466,1271
9466,1304
9515,1305
9522,1385
9559,1385
9569,1413
9584,1430
9601,1473
9634,1488
9654,1494
9676,1481
9668,1561
9696,1558
9713,1588
9736,1536
9729,1581
9765,1619
9784,1611
9802,1634
9805,1657
9822,1686
9841,1699
9872,1732
9904,1762
9912,1801
9924,1838
9938,1868
9957,1878
9981,1920
9990,1948
10015,1987
10029,2015
10052,2063
10091,2060
10088,2145
10115,2183
10148,2212
10148,2256
10189,2300
10239,2353
10238,2388
10262,2446
10296,2480
10317,2496
10347,2533
10374,2573
10396,2603
10425,2643
10446,2672
10492,2711
10475,2744
10538,2769
10566,2822
10567,2841
10596,2864
10623,2907
10669,2939
10698,2992
10704,2983
10741,3019
10764,3052
10800,3104
10823,3119
10856,3124
10885,3193
10895,3225
10928,3221
10967,3297
10982,3327
11005,3358
11023,3421
11052,3467
11080,3505
11103,3524
11126,3584
11150,3608
11189,3646
11222,3724
11249,3740
11287,3789
11304,3836
11324,3849
11347,3909
11386,3950
11413,3931
11454,4032
11466,4048
11477,4081
11483,4084
11514,4092
11541,4133
11562,4156
11577,4142
11601,4155
11620,4190
11667,4208
11674,4198
11708,4208
11730,4249
11750,4236
11765,4247
11795,4239
11822,4274
11840,4298
11831,4311
11854,4317
11871,4321
11889,4336
11917,4355
11925,4375
11955,4386
11969,4393
11967,4418
11990,4441
12030,4469
12030,4475
12073,4538
12089,4568
12111,4565
12110,4579
12136,4620
12138,4644
12181,4655
12201,4685
12230,4715
12227,4760
12254,4791
12286,4812
12311,4829
12318,4868
12344,4874
12367,4874
12390,4912
12429,4922
12454,4946
12484,4940
12493,4954
12510,4960
12536,4985
12553,4991
12600,5026
12615,5017
12646,5035
12674,5031
12687,5063
12702,5075
12733,5077
12768,5096
12780,5090
12821,5117
12840,5140
12874,5150
12903,5203
12916,5208
12951,5236
12972,5231
13006,5265
13017,5304
13056,5332
13085,5368
13127,5396
13128,5423
13174,5449
13193,5479
13224,5483
13257,5527
13279,5540
13302,5575
13327,5600
13355,5605
13392,5632
13427,5646
13442,5686
13450,5698
13478,5724
13521,5727
13543,5745
13559,5750
13590,5769
13639,5772
13640,5793
13650,5788
13693,5794
13696,5798
13724,5808
13779,5814
13750,5849
13778,5844
13817,5839
13835,5858
13843,5861
13868,5855
13878,5872
13905,5891
13923,5884
13942,5896
13989,5905
13996,5932
14005,5941
14029,5960
14042,5972
14040,6002
14071,5996
14088,6016
14089,6019
14127,6050
14148,6078
14166,6085
14181,6104
14196,6118
14207,6130
14237,6150
14261,6147
14270,6158
14297,6190
14301,6201
14348,6216
14355,6239
14373,6235
14400,6246
14425,6272
14432,6286
14448,6285
14481,6303
14494,6316
14516,6306
14545,6330
14577,6336
14550,6350
14609,6342
14642,6364
14654,6374
14691,6390
14709,6385
14738,6421
14766,6418
14782,6431
14837,6457
14868,6460
14887,6495
14903,6492
14935,6522
14949,6536
14985,6535
15005,6563
15036,6586
15077,6628
15089,6659
15113,6668
15149,6694
15170,6728
15224,6734
15269,6760
15254,6786
15295,6808
15327,6840
15338,6870
15385,6874
15429,6899
15461,6928
15467,6939
15497,6963
15514,6988
15547,7007
15556,7014
15604,7016
15623,7057
15636,7079
15690,7086
15689,7113
15716,7112
15740,7152
15770,7152
15783,7152
15825,7170
15832,7170
15865,7193
15895,7222
15884,7215
15921,7228
15946,7249
15968,7252
15971,7271
15999,7293
16020,7313
16029,7323
16061,7347
16092,7356
16091,7379
16133,7390
16158,7399
16169,7429
16189,7454
16212,7489
16199,7489
16275,7523
16264,7532
16277,7567
16302,7568
16328,7603
16329,7597
16340,7629
16372,7663
5,7685
39,7685
62,7730
65,7727
92,7750
118,7754
135,7779
161,7783
178,7804
223,7833
244,7854
259,7887
273,7894
292,7912
325,7937
337,7941
358,7972
389,7984
393,8003
444,7999
448,8053
479,8070
506,8086
534,8101
541,8143
574,8183
608,8172
632,8198
645,8243
682,8282
717,8330
725,8350
758,8408
774,8420
799,8468
855,8505
862,8564
904,8599
921,8623
956,8666
992,8676
1024,8740
1030,8792
1051,8807
1086,8836
1140,8889
1154,8956
1186,8975
1215,8988
1256,9024
1276,9059
1291,9092
1324,9137
1348,9208
1371,9198
1408,9248
1409,9244
1444,9283
1466,9328
1489,9354
1505,9370
1538,9398
1599,9420
1589,9485
1630,9487
1657,9552
1677,9563
1674,9590
1701,9641
1725,9655
1768,9691
1775,9717
1778,9746
1790,9791
1813,9838
1849,9864
1848,9895
1877,9927
1893,9977
1922,9986
1937,10047
1964,10043
1995,10107
2005,10135
2023,10181
2052,10159
2049,10233
2085,10285
2084,10266
2129,10297
2146,10335
2141,10340
2165,10361
2162,10406
2219,10432
2239,10435
2249,10440
2266,10465
2289,10519
2301,10511
2336,10552
2350,10567
2390,10588
2391,10588
2421,10618
2443,10647
2452,10697
2467,10674
2510,10742
2515,10766
2533,10762
2546,10836
2592,10880
2595,10873
2624,10944
2663,10982
2679,11008
2694,11051
2752,11102
2763,11150
2787,11182
2834,11246
2845,11270
2864,11334
2885,11383
2920,11427
