master,nonius
7081,13765
7102,13785
7123,13806
7145,13825
7165,13844
7185,13861
7207,13881
7228,13900
7250,13920
7272,13940
7294,13958
7316,13979
7338,13999
7359,14019
7381,14038
7402,14059
7423,14079
7446,14098
7467,14119
7488,14139
7510,14158
7530,14177
7553,14196
7575,14217
7597,14236
7620,14257
7644,14277
7667,14297
7690,14315
7713,14336
7736,14357
7758,14377
7779,14397
7801,14417
7823,14436
7845,14457
7867,14476
7889,14496
7913,14516
7937,14536
7959,14556
7981,14577
8004,14596
8027,14618
8050,14637
8073,14658
8096,14679
8118,14699
8141,14719
8163,14739
8187,14760
8210,14780
8234,14802
8258,14822
8283,14843
8306,14864
8327,14885
8350,14905
8374,14926
8398,14948
8422,14969
8447,14990
8471,15010
8495,15032
8520,15054
8545,15076
8569,15098
8595,15119
8620,15141
8644,15162
8668,15184
8694,15206
8719,15228
8745,15250
8770,15271
8794,15293
8818,15316
8841,15337
8865,15358
8891,15380
8916,15402
8942,15422
8967,15445
8992,15467
9017,15488
9043,15511
9070,15533
9095,15555
9121,15577
9146,15599
9170,15622
9195,15643
9220,15666
9244,15690
9269,15712
9293,15735
9319,15757
9345,15779
9370,15801
9397,15822
9422,15845
9450,15867
9476,15891
9502,15914
9528,15937
9552,15960
9577,15982
9602,16006
9627,16028
9653,16050
9678,16073
9704,16094
9727,16117
9752,16139
9776,16162
9802,16183
9827,16205
9852,16228
9878,16250
9903,16271
9928,16293
9954,16315
9980,16337
10004,16359
10030,16381
10054,20
10079,43
10104,66
10130,89
10153,111
10178,134
10205,158
10229,181
10254,204
10278,229
10305,251
10331,276
10357,300
10384,325
10411,348
10437,373
10464,398
10490,422
10517,448
10543,473
10569,498
10596,523
10622,550
10647,575
10673,602
10700,630
10727,655
10754,680
10780,706
10806,732
10834,758
10862,784
10890,811
10917,836
10944,862
10971,888
10998,915
11024,940
11052,965
11078,992
11103,1020
11130,1046
11155,1073
11181,1100
11208,1127
11233,1153
11259,1179
11285,1204
11311,1228
11337,1254
11364,1280
11388,1306
11415,1332
11441,1356
11466,1382
11491,1407
11516,1431
11540,1456
11565,1482
11590,1505
11613,1530
11637,1553
11660,1578
11683,1602
11707,1627
11731,1652
11754,1675
11778,1701
11803,1726
11828,1751
11853,1776
11879,1802
11902,1825
11927,1851
11951,1876
11976,1901
12000,1926
12022,1951
12045,1978
12069,2003
12091,2029
12114,2056
12139,2080
12161,2105
12184,2130
12207,2156
12232,2180
12256,2206
12279,2232
12304,2257
12328,2281
12351,2308
12376,2334
12400,2360
12423,2386
12445,2411
12468,2437
12490,2461
12513,2487
12537,2512
12560,2537
12583,2562
12606,2587
12630,2611
12653,2637
12676,2661
12701,2687
12725,2712
12749,2738
12773,2763
12796,2788
12818,2813
12841,2839
12863,2863
12886,2888
12908,2913
12932,2938
12955,2963
12978,2989
13001,3016
13024,3042
13047,3067
13070,3092
13093,3118
13117,3143
13140,3168
13163,3193
13186,3219
13209,3244
13230,3271
13254,3296
13277,3322
13300,3347
13323,3372
13345,3396
13367,3422
13388,3446
13411,3470
13433,3496
13455,3520
13477,3544
13499,3568
13523,3593
13545,3617
13567,3641
13589,3666
13611,3689
13633,3714
13655,3737
13677,3760
13698,3785
13720,3809
13742,3833
13763,3857
13784,3879
13806,3902
13828,3924
13849,3945
13869,3968
13891,3990
13913,4013
13936,4037
13959,4060
13981,4082
14003,4106
14024,4130
14045,4153
14067,4174
14089,4197
14110,4219
14131,4241
14152,4264
14174,4286
14195,4307
14216,4329
14236,4352
14256,4375
14277,4397
14298,4419
14319,4441
14341,4463
14364,4485
14385,4506
14405,4528
14426,4550
14447,4571
14468,4592
14488,4612
14510,4634
14531,4655
14552,4677
14572,4697
14593,4720
14614,4741
14635,4762
14655,4784
14677,4806
14698,4827
14721,4848
14741,4872
14765,4893
14786,4915
14808,4936
14830,4958
14852,4979
14874,5003
14897,5025
14920,5047
14943,5068
14967,5092
14990,5114
15012,5136
15035,5158
15057,5179
15081,5200
15103,5222
15126,5243
15149,5265
15171,5288
15194,5310
15217,5332
15241,5352
15264,5374
15287,5396
15310,5418
15333,5438
15355,5459
15379,5480
15403,5502
15425,5523
15447,5543
15470,5564
15491,5585
15513,5605
15536,5625
15559,5646
15581,5666
15603,5688
15625,5707
15648,5727
15670,5747
15692,5767
15714,5786
15737,5805
15759,5824
15780,5843
15802,5862
15823,5880
15845,5899
15867,5917
15889,5936
15910,5955
15931,5974
15953,5994
15974,6013
15997,6033
16020,6052
16043,6071
16065,6091
16087,6110
16109,6129
16132,6148
16155,6168
16178,6187
16200,6206
16222,6225
16244,6243
16267,6263
16288,6282
16311,6302
16335,6321
16357,6342
16379,6361
17,6382
41,6402
64,6422
87,6442
110,6461
133,6481
156,6501
180,6521
205,6541
228,6559
252,6579
277,6599
300,6619
324,6640
347,6660
370,6679
394,6699
415,6719
440,6738
464,6758
487,6779
510,6799
535,6818
558,6838
582,6857
608,6879
633,6899
658,6920
683,6940
709,6960
733,6981
758,7002
783,7023
809,7044
834,7066
859,7088
883,7109
907,7130
933,7151
958,7173
982,7195
1007,7217
1032,7237
1058,7258
1085,7280
1111,7301
1138,7323
1165,7345
1191,7366
1216,7387
1242,7409
1267,7431
1290,7452
1316,7473
1340,7495
1365,7516
1390,7539
1416,7562
1442,7583
1467,7604
1491,7626
1518,7647
1543,7669
1569,7690
1596,7713
1622,7735
1648,7758
1674,7780
1699,7803
1724,7825
1750,7846
1776,7868
1800,7891
1825,7914
1850,7935
1875,7957
1900,7979
1926,8001
1951,8023
1976,8046
2004,8068
2031,8091
2057,8113
2084,8136
2110,8157
2137,8181
2162,8204
2187,8225
2212,8248
2238,8270
2263,8294
2288,8316
2312,8338
2337,8361
2362,8382
2387,8404
2412,8427
2437,8449
2462,8474
2488,8497
2513,8521
2539,8545
2565,8568
2591,8592
2617,8616
2643,8639
2668,8662
2693,8686
2717,8710
2742,8733
2767,8757
2792,8781
2818,8805
2844,8831
2870,8855
2895,8880
2923,8905
2949,8932
2975,8956
3003,8982
3030,9007
3058,9034
3085,9060
3113,9086
3140,9112
3165,9138
3191,9164
3217,9190
3242,9215
3268,9242
3294,9268
3320,9293
3347,9320
3371,9346
3397,9372
3424,9398
3450,9424
3477,9450
3502,9477
3528,9501
3554,9528
3580,9553
3605,9578
3631,9605
3655,9630
3679,9655
3704,9679
3728,9704
3750,9729
3775,9754
3799,9779
3823,9803
3846,9828
3870,9853
3894,9878
3917,9904
3941,9929
3964,9953
3987,9979
4010,10003
4034,10027
4057,10051
4079,10075
4102,10101
4125,10125
4148,10148
4169,10172
4192,10198
4215,10222
4237,10248
4259,10272
4283,10297
4307,10323
4330,10348
4353,10372
4376,10397
4400,10421
4425,10446
4448,10470
4472,10496
4495,10520
4516,10545
4540,10569
4563,10595
4585,10620
4607,10646
4630,10671
4653,10695
4676,10721
4699,10746
4721,10771
4744,10796
4767,10822
4792,10847
4815,10873
4839,10898
4861,10922
4886,10947
4907,10972
4929,10997
4952,11021
4974,11046
4995,11070
5017,11095
5039,11119
5061,11144
5083,11168
5104,11191
5126,11216
5148,11241
5171,11266
5194,11290
5216,11315
5240,11340
5262,11366
5286,11391
5308,11417
5329,11441
5351,11468
5373,11492
5395,11517
5418,11542
5441,11568
5462,11592
5484,11616
5507,11640
5528,11666
5550,11692
5573,11717
5596,11741
5619,11767
5642,11791
5664,11815
5687,11840
5708,11864
5730,11889
5752,11913
5773,11939
5795,11963
5817,11986
5839,12009
5861,12035
5883,12060
5904,12083
5926,12106
5946,12128
5968,12151
5989,12172
6011,12195
6032,12218
6055,12240
6076,12265
6097,12287
6119,12310
6141,12332
6162,12356
6184,12379
6205,12403
6226,12425
6247,12449
6269,12474
6290,12496
6312,12517
6333,12541
6354,12563
6377,12587
6398,12610
6420,12632
6441,12655
6463,12678
6485,12700
6506,12722
6527,12742
6549,12765
6569,12786
6590,12806
6612,12828
6632,12849
6653,12870
6673,12892
6695,12913
6716,12934
6736,12955
6757,12976
6778,12999
6799,13020
6821,13041
6842,13063
6863,13083
6884,13104
6906,13127
6927,13148
6949,13169
6971,13190
6993,13211
7014,13231
7037,13252
7058,13273
7081,13295
7103,13317
7125,13339
7148,13362
7170,13383
7192,13405
7214,13427
7236,13448
7260,13468
7282,13491
7306,13513
7331,13535
7354,13558
7379,13580
7403,13603
7428,13625
7453,13647
7477,13668
7500,13689
7523,13712
7546,13734
7570,13755
7593,13777
7616,13800
7639,13821
7661,13843
7684,13865
7708,13886
7731,13906
7754,13928
7779,13949
7803,13970
7827,13990
7851,14010
7874,14030
7898,14051
7922,14072
7944,14093
7968,14114
7991,14133
8013,14153
8034,14173
8056,14192
8079,14213
8100,14233
8122,14252
8145,14271
8166,14291
8189,14310
8212,14330
8234,14350
8256,14370
8280,14389
8304,14408
8328,14427
8351,14447
8374,14470
8397,14489
8421,14508
8443,14527
8467,14548
8489,14568
8513,14587
8536,14606
8559,14627
8584,14648
8608,14670
8632,14690
8657,14711
8682,14732
8706,14753
8731,14774
8760,14793
8786,14815
8811,14836
8835,14858
8860,14879
8884,14900
8910,14921
8934,14941
8959,14962
8983,14983
9007,15005
9032,15026
9057,15046
9081,15067
9107,15090
9132,15111
9158,15132
9185,15153
9211,15175
9237,15196
9263,15218
9289,15239
9313,15260
9338,15282
9363,15304
9387,15326
9412,15348
9437,15369
9461,15391
9486,15414
9513,15435
9539,15457
9566,15479
9593,15502
9621,15524
9647,15546
9675,15569
9701,15593
9728,15616
9755,15639
9783,15661
9808,15685
9834,15709
9860,15732
9885,15755
9910,15778
9935,15801
9961,15824
9988,15846
10014,15869
10041,15893
10067,15916
10093,15938
10120,15961
10147,15985
10175,16008
10200,16032
10226,16055
10252,16078
10277,16102
10303,16126
10329,16148
10354,16171
10378,16193
10403,16216
10430,16238
10457,16260
10482,16284
10508,16307
10534,16329
10560,16352
10587,16376
10614,17
10639,41
10665,64
10690,87
10717,112
10743,137
10770,160
10795,183
10821,207
10845,231
10870,255
10895,281
10920,304
10946,329
10972,353
10996,377
11021,401
11047,424
11072,449
11097,473
11123,497
11148,522
11173,544
11199,568
11223,592
11247,615
11272,640
11295,666
11318,689
11341,713
11365,736
11389,761
11414,784
11440,808
11463,834
11488,858
11513,882
11540,907
11566,931
11591,957
11616,981
11641,1007
11666,1033
11691,1059
11716,1086
11742,1112
11765,1137
11789,1164
11813,1188
11838,1214
11863,1240
11888,1266
11913,1294
11938,1320
11963,1345
11988,1371
12014,1397
12039,1424
12066,1451
12090,1477
12115,1504
12140,1533
12164,1558
12186,1584
12210,1610
12233,1638
12257,1663
12279,1689
12304,1716
12328,1742
12352,1768
12375,1794
12398,1819
12421,1844
12446,1870
12470,1895
12494,1920
12518,1944
12541,1970
12563,1996
12587,2021
12610,2045
12632,2069
12654,2093
12676,2118
12699,2143
12722,2167
12743,2193
12764,2217
12786,2240
12808,2265
12828,2289
12850,2313
12873,2337
12896,2362
12918,2385
12940,2409
12962,2434
12985,2456
13006,2481
13027,2504
13049,2527
13071,2552
13092,2576
13114,2600
13134,2625
13156,2648
13178,2673
13199,2698
13222,2723
13243,2748
13265,2773
13289,2798
13312,2822
13334,2848
13356,2872
13380,2897
13402,2922
13424,2947
13446,2972
13467,2997
13488,3021
13511,3045
13533,3069
13555,3092
13575,3117
13596,3141
13617,3165
13638,3188
13659,3212
13680,3237
13701,3260
13722,3283
13745,3308
13767,3332
13788,3354
13810,3378
13831,3403
13853,3428
13874,3453
13896,3477
13917,3501
13937,3525
13959,3550
13981,3573
14003,3596
14025,3622
14048,3646
14069,3670
14089,3693
14111,3717
14132,3741
14155,3764
14176,3787
14198,3810
14220,3835
14243,3859
14265,3883
14287,3906
14309,3929
14330,3952
14350,3975
14373,3999
14394,4022
14415,4046
14437,4069
14457,4091
14478,4114
14500,4136
14522,4159
14544,4182
14566,4205
14586,4227
14607,4250
14629,4273
14651,4296
14672,4319
14694,4340
14714,4362
14735,4385
14756,4406
14778,4428
14798,4451
14818,4472
14840,4494
14860,4516
14881,4537
14903,4558
14924,4580
14946,4601
14969,4622
14990,4644
15011,4666
15033,4688
15056,4709
15078,4731
15099,4753
15121,4773
15142,4794
15163,4815
15184,4836
15205,4857
15227,4878
15247,4899
15269,4921
15291,4941
15312,4962
15333,4982
15354,5001
15375,5021
15396,5041
15418,5061
15439,5081
15460,5101
15483,5121
15505,5142
15527,5161
15549,5181
15570,5202
15592,5221
15613,5242
15634,5262
15656,5281
15678,5302
15700,5322
15721,5343
15743,5362
15764,5382
15787,5402
15809,5422
15833,5442
15855,5462
15880,5483
15903,5504
15926,5524
15949,5545
15972,5564
15996,5585
16020,5606
16044,5628
16066,5648
16090,5669
16115,5690
16137,5712
16160,5733
16182,5752
16206,5772
16229,5794
16253,5814
16277,5834
16300,5855
16324,5876
16349,5897
16373,5917
12,5937
36,5958
60,5977
86,5998
110,6019
133,6038
155,6059
178,6079
201,6100
225,6120
248,6140
272,6160
297,6179
321,6198
344,6217
368,6237
392,6256
418,6275
443,6295
466,6315
489,6333
512,6351
536,6371
561,6389
584,6408
607,6427
630,6447
653,6466
676,6485
699,6504
721,6523
743,6542
766,6561
791,6580
816,6600
842,6619
867,6639
892,6659
917,6679
942,6698
966,6719
992,6738
1016,6758
1042,6779
1066,6800
1091,6820
1116,6841
1140,6861
1165,6881
1190,6902
1215,6923
1239,6943
1265,6964
1291,6985
1319,7005
1345,7026
1372,7047
1398,7068
1425,7089
1450,7110
1475,7131
1501,7152
1526,7173
1551,7194
1575,7215
1600,7237
1624,7258
1650,7279
1676,7300
1703,7322
1731,7343
1757,7366
1784,7388
1811,7410
1839,7431
1866,7454
1892,7476
1918,7498
1946,7521
1972,7542
1997,7566
2022,7589
2048,7611
2074,7634
2100,7656
2126,7679
2154,7702
2180,7725
2206,7748
2232,7770
2259,7794
2288,7817
2316,7840
2343,7863
2371,7887
2399,7910
2427,7933
2453,7957
2477,7981
2502,8003
2527,8026
2553,8048
2578,8070
2603,8093
2629,8117
2654,8140
2680,8164
2707,8189
2734,8211
2760,8236
2786,8258
2811,8281
2837,8305
2863,8326
2889,8350
2915,8373
2939,8395
2964,8419
2989,8443
3013,8466
3036,8490
3062,8513
3088,8536
3112,8560
3139,8583
3164,8606
3188,8631
3214,8654
3241,8679
3266,8704
3290,8728
3319,8752
3343,8776
3368,8801
3393,8826
3417,8849
3441,8873
3464,8895
3488,8918
3512,8942
3537,8968
3562,8993
3586,9016
3611,9040
3635,9063
3659,9088
3683,9112
3708,9136
3732,9160
3756,9185
3780,9210
3804,9235
3828,9259
3852,9284
3874,9307
3897,9332
3920,9357
3944,9382
3966,9407
3988,9432
4012,9456
4035,9481
4057,9508
4081,9534
4106,9558
4132,9585
4158,9610
4182,9636
4206,9662
4229,9688
4253,9714
4277,9740
4302,9766
4326,9793
4349,9819
4375,9846
4400,9873
4424,9900
4449,9927
4474,9953
4499,9981
4523,10007
4548,10034
4571,10060
4596,10087
4620,10112
4644,10138
4668,10165
4692,10191
4715,10216
4739,10242
4763,10269
4785,10295
4808,10320
4832,10346
4854,10372
4875,10399
4898,10424
4921,10448
4945,10474
4968,10499
4990,10524
5012,10549
5035,10574
5057,10598
5080,10622
5102,10647
5124,10673
5145,10698
5168,10721
5189,10746
5211,10770
5232,10793
5254,10816
5274,10840
5294,10865
5315,10888
5336,10911
5357,10936
5378,10962
5401,10987
5423,11011
5445,11036
5466,11061
5490,11086
5511,11112
5533,11136
5555,11163
5577,11188
5600,11211
5623,11237
5645,11262
5667,11288
5689,11313
5711,11338
5732,11363
5754,11387
5775,11413
5797,11439
5819,11464
5841,11490
5863,11514
5886,11539
5908,11563
5930,11587
5952,11611
5974,11635
5996,11659
6017,11684
6039,11708
6059,11732
6082,11757
6103,11782
6125,11807
6147,11830
6169,11854
6191,11880
6212,11905
6234,11931
6257,11953
6279,11976
6301,12001
6323,12025
6346,12050
6369,12074
6392,12097
6413,12121
6436,12144
6458,12167
6480,12190
6502,12213
6523,12237
6544,12261
6565,12284
6586,12310
6610,12333
6633,12357
6655,12380
6676,12403
6698,12427
6722,12450
6744,12474
6767,12497
6790,12521
6813,12545
6834,12567
6855,12591
6876,12613
6899,12636
6920,12658
6942,12680
6963,12702
6984,12724
7006,12747
7027,12769
7048,12791
7070,12813
7092,12835
7115,12858
7136,12880
7159,12903
7182,12925
7205,12946
7228,12968
7250,12989
7272,13011
7295,13033
7317,13054
7338,13076
7359,13097
7382,13119
7403,13140
7425,13162
7447,13184
7469,13205
7490,13227
7513,13248
7535,13269
7558,13290
7581,13311
7604,13331
7627,13351
7650,13373
7671,13393
7694,13413
7716,13433
7738,13454
7760,13475
7781,13495
7804,13515
7826,13535
7849,13556
7871,13575
7894,13595
7916,13615
7938,13635
7961,13655
7982,13675
8005,13696
8028,13716
8050,13736
8072,13756
8094,13776
8116,13797
8138,13817
8161,13837
8184,13858
8206,13878
8230,13899
8253,13919
8277,13940
8301,13960
8324,13981
8348,14002
8373,14022
8397,14042
8423,14063
8448,14083
8474,14104
8499,14126
8524,14148
8549,14168
8574,14189
8598,14211
8624,14232
8650,14254
8676,14275
8700,14296
8726,14317
8751,14339
8775,14360
8800,14381
8824,14401
8850,14422
8875,14443
8902,14462
8926,14483
8952,14503
8977,14523
9003,14543
9028,14563
9053,14584
9077,14604
9101,14625
9125,14645
9149,14665
9173,14684
9198,14704
9222,14724
9246,14744
9270,14763
9293,14782
9317,14802
9342,14821
9367,14841
9391,14861
9416,14880
9441,14900
9465,14920
9491,14940
9515,14959
9538,14978
9563,14998
9587,15017
9612,15037
9635,15058
9659,15079
9684,15099
9709,15120
9734,15140
9759,15160
9785,15182
9810,15203
9836,15225
9863,15246
9890,15267
9917,15288
9942,15309
9968,15330
9993,15351
10019,15373
10045,15394
10070,15416
10095,15438
10120,15459
10145,15480
10171,15501
10196,15522
10221,15546
10246,15567
10271,15589
10296,15612
10323,15634
10350,15656
10377,15679
10403,15700
10430,15721
10457,15742
10484,15764
10509,15787
10534,15811
10560,15834
10585,15858
10610,15880
10635,15904
10661,15927
10687,15951
10712,15973
10738,15996
10764,16019
10791,16041
10817,16064
10843,16087
10870,16112
10897,16136
10923,16160
10951,16183
10978,16205
11003,16228
11030,16252
11056,16275
11081,16299
11106,16324
11132,16349
11157,16373
11183,11
11206,36
11234,61
11258,85
11284,109
11311,134
11337,159
11362,181
11386,205
11412,228
11437,252
11462,276
11488,299
11512,323
11536,348
11559,372
11584,395
11607,419
11631,442
11655,465
11679,490
11703,515
11728,538
11753,563
11779,588
11803,613
11828,638
11851,663
11876,686
11901,711
11925,735
11949,760
11972,785
11995,811
12019,835
12043,860
12066,884
12089,909
12112,933
12135,957
12157,982
12181,1009
12205,1034
12228,1059
12252,1084
12276,1108
12299,1132
12322,1157
12344,1181
12366,1206
12389,1229
12412,1255
12434,1280
12456,1304
12479,1328
12501,1352
12524,1376
12546,1402
12569,1427
12592,1453
12616,1478
12640,1502
12662,1527
12685,1552
12707,1576
12730,1601
12751,1626
12775,1650
12797,1677
12820,1703
12843,1728
12866,1753
12890,1778
12912,1804
12934,1830
12956,1856
12980,1883
13004,1908
13028,1936
13052,1963
13076,1989
13099,2015
13122,2041
13147,2068
13170,2095
13194,2121
13217,2149
13240,2175
13262,2200
13287,2227
13310,2252
13334,2281
13357,2307
13378,2334
13401,2361
13424,2388
13446,2415
13469,2440
13491,2464
13516,2491
13538,2515
13561,2542
13583,2567
13604,2592
13627,2618
13648,2644
13670,2669
13691,2694
13713,2718
13734,2743
13755,2769
13778,2793
13798,2817
13819,2841
13840,2865
13860,2890
13881,2914
13902,2939
13923,2964
13944,2987
13965,3009
13986,3033
14008,3057
14030,3080
14050,3103
14072,3128
14092,3152
14113,3176
14135,3200
14156,3225
14177,3250
14198,3273
14218,3297
14239,3321
14261,3346
14283,3371
14305,3395
14326,3418
14346,3441
14369,3466
14390,3491
14411,3515
14432,3540
14454,3564
14476,3590
14498,3614
14519,3638
14541,3661
14562,3685
14583,3708
14605,3733
14626,3756
14648,3780
14670,3804
14690,3827
14712,3851
14733,3873
14754,3897
14775,3919
14797,3942
14818,3965
14840,3987
14862,4010
14884,4032
14906,4055
14926,4079
14949,4103
14971,4126
14992,4150
15015,4172
15036,4195
15058,4216
15079,4239
15101,4263
15123,4287
15145,4310
15168,4333
15190,4356
15214,4380
15237,4403
15260,4426
15283,4449
15304,4473
15325,4496
15347,4519
15371,4542
15393,4565
15416,4586
15437,4609
15458,4632
15481,4655
15504,4677
15527,4700
15549,4722
15573,4743
15594,4764
15617,4786
15638,4809
15662,4830
15686,4851
15707,4872
15730,4894
15751,4914
15773,4935
15795,4956
15817,4978
15839,4998
15861,5019
15882,5038
15905,5059
15927,5080
15950,5102
15972,5123
15994,5144
16017,5165
16040,5185
16063,5205
16088,5226
16112,5245
16134,5265
16155,5286
16178,5307
16201,5327
16224,5350
16244,5370
16268,5390
16290,5410
16312,5430
16334,5450
16357,5468
16378,5488
16,5507
39,5527
62,5546
85,5566
108,5587
132,5606
156,5626
180,5646
204,5663
227,5683
249,5702
271,5720
295,5740
317,5758
338,5776
361,5796
384,5816
407,5835
431,5854
456,5876
480,5895
505,5914
530,5933
556,5952
581,5972
606,5991
632,6012
658,6032
683,6052
708,6073
733,6093
759,6113
784,6135
809,6156
835,6175
861,6197
886,6217
913,6238
939,6259
966,6280
992,6301
1018,6323
1046,6344
1073,6364
1099,6386
1127,6407
1154,6427
1181,6449
1207,6469
1233,6489
1260,6510
1284,6531
1310,6552
1335,6573
1362,6593
1388,6615
1413,6635
1439,6656
1466,6676
1493,6696
1520,6717
1548,6737
1575,6758
1600,6779
1626,6799
1651,6818
1675,6838
1701,6858
1725,6878
1750,6898
1776,6918
1800,6938
1825,6958
1850,6978
1873,6996
1899,7016
1924,7038
1949,7056
1974,7076
2000,7096
2026,7117
2053,7137
2078,7158
2104,7177
2130,7199
2155,7219
2180,7241
2205,7262
2230,7284
2255,7305
2281,7326
2307,7348
2333,7368
2359,7389
2385,7412
2412,7433
2438,7455
2466,7477
2492,7500
2520,7522
2546,7544
2572,7566
2600,7588
2625,7611
2652,7633
2676,7656
2702,7680
2729,7702
2754,7725
2780,7747
2806,7768
2831,7791
2856,7814
2883,7837
2909,7859
2936,7881
2962,7905
2988,7928
3015,7951
3041,7974
3066,7996
3092,8019
3119,8042
3146,8065
3170,8088
3195,8111
3219,8135
3244,8159
3269,8182
3295,8206
3321,8231
3346,8256
3372,8279
3399,8303
3425,8327
3453,8351
3479,8375
3504,8398
3530,8423
3556,8447
3581,8472
3605,8496
3630,8521
3654,8545
3680,8571
3704,8595
3728,8620
3753,8644
3777,8667
3801,8691
3825,8715
3850,8740
3873,8764
3897,8789
3920,8815
3943,8839
3967,8864
3991,8887
4014,8909
4036,8933
4059,8958
4081,8982
4106,9007
4129,9031
4151,9056
4174,9080
4197,9105
4220,9130
4244,9155
4267,9178
4291,9202
4315,9225
4338,9251
4362,9275
4385,9299
4408,9324
4432,9349
4455,9374
4478,9400
4501,9425
4524,9448
4547,9472
4569,9498
4592,9522
4616,9547
4638,9572
4661,9596
4683,9619
4706,9642
4728,9667
4750,9693
4772,9717
4794,9742
4816,9767
4838,9791
4861,9815
4883,9841
4903,9865
4926,9889
4947,9912
4970,9936
4992,9963
5013,9986
5035,10010
5056,10036
5077,10060
5100,10086
5122,10112
5147,10138
5170,10163
5193,10190
5217,10215
5239,10242
5262,10266
5285,10292
5308,10318
5331,10344
5354,10370
5375,10395
5397,10422
5421,10447
5444,10474
5468,10500
5490,10527
5513,10553
5536,10581
5560,10608
5583,10637
5605,10663
5628,10689
5653,10715
5676,10743
5699,10768
5721,10795
5744,10820
5766,10846
5788,10871
5810,10897
5831,10922
5853,10949
5876,10975
5899,11001
5920,11026
5942,11052
5963,11077
5985,11101
6006,11126
6028,11151
6049,11177
6071,11201
6092,11226
6113,11250
6134,11274
6155,11299
6177,11323
6198,11346
6219,11371
6241,11395
6261,11419
6281,11441
6301,11466
6320,11489
6342,11513
6363,11537
6383,11560
6404,11584
6427,11607
6447,11632
6469,11655
6490,11679
6512,11704
6534,11728
6556,11753
6577,11775
6599,11799
6619,11825
6641,11849
6661,11873
6684,11897
6705,11920
6727,11945
6748,11970
6771,11994
6793,12019
6815,12043
6837,12067
6860,12091
6883,12114
6906,12138
6928,12161
6951,12184
6973,12208
6996,12232
7019,12255
7041,12277
7063,12299
7085,12324
7106,12348
7128,12370
7149,12393
7171,12416
7193,12439
7216,12463
7239,12488
7262,12511
7283,12536
7305,12558
7328,12581
7351,12604
7375,12628
7398,12651
7421,12674
7444,12697
7468,12719
7491,12743
7514,12767
7538,12789
7560,12813
7583,12836
7606,12859
7629,12883
7653,12907
7676,12931
7699,12953
7722,12976
7745,12999
7769,13020
7793,13043
7817,13066
7841,13086
7864,13109
7886,13131
7909,13153
7933,13175
7955,13196
7977,13218
7999,13239
8021,13262
8044,13283
8066,13304
8089,13324
8111,13346
8134,13366
8156,13386
8179,13407
8204,13427
8227,13448
8251,13468
8275,13489
8298,13509
8321,13530
8346,13551
8369,13571
8392,13592
8414,13612
8438,13632
8460,13653
8483,13674
8507,13694
8530,13716
8555,13736
8578,13755
8603,13775
8628,13795
8653,13816
8677,13837
8702,13857
8726,13876
8751,13896
8776,13917
8800,13938
8824,13958
8847,13978
8869,13998
8894,14017
8918,14038
8942,14056
8965,14076
8990,14095
9014,14115
9041,14134
9066,14154
9092,14173
9116,14193
9140,14213
9166,14233
9190,14253
9214,14272
9238,14292
9262,14312
9288,14332
9312,14353
9338,14374
9362,14393
9387,14413
9412,14434
9436,14454
9462,14475
9489,14495
9516,14516
9545,14537
9573,14558
9601,14579
9628,14601
9654,14622
9681,14643
9709,14664
9734,14685
9760,14707
9786,14728
9813,14749
9839,14771
9865,14792
9892,14813
9921,14836
9948,14858
9974,14880
10004,14901
10032,14924
10058,14946
10087,14968
10115,14989
10142,15011
10168,15032
10195,15053
10221,15074
10246,15096
10272,15118
10297,15139
10322,15161
10347,15183
10373,15205
10398,15226
10425,15247
10449,15269
10476,15290
10503,15310
10530,15330
10555,15351
10581,15372
10607,15394
10634,15416
10659,15437
10684,15457
10708,15479
10733,15500
10757,15520
10782,15541
10806,15561
10829,15582
10854,15604
10879,15623
10903,15645
10928,15667
10955,15689
10980,15711
11005,15733
11031,15754
11056,15776
11082,15797
11107,15819
11133,15840
11158,15863
11183,15885
11209,15908
11232,15929
11256,15953
11280,15977
11305,16000
11330,16023
11355,16047
11382,16071
11408,16093
11433,16117
11459,16141
11484,16165
11510,16187
11536,16210
11560,16233
11585,16256
11612,16280
11636,16302
11661,16326
11686,16349
11710,16372
11734,12
11758,35
11781,60
11805,82
11829,107
11855,131
11881,155
11906,180
11932,205
11957,228
11982,253
12006,278
12031,302
12054,328
12079,352
12102,377
12126,403
12149,428
12172,454
12196,478
12218,502
12241,527
12264,551
12288,577
12312,604
12337,629
12361,654
12384,679
12408,705
12432,730
12457,754
12479,778
12502,803
12526,828
12549,854
12572,880
12595,905
12619,930
12643,956
12665,980
12686,1004
12709,1028
12732,1053
12754,1078
12777,1104
12799,1130
12823,1153
12845,1177
12870,1202
12892,1226
12914,1250
12937,1275
12958,1300
12979,1324
13002,1349
13024,1374
13047,1400
13068,1425
13090,1451
13113,1476
13134,1500
13157,1524
13179,1549
13200,1574
13224,1599
13246,1625
13268,1650
13289,1676
13310,1700
13333,1725
13355,1749
13376,1773
13398,1797
13419,1822
13441,1847
13463,1872
13485,1897
13506,1922
13529,1946
13550,1970
13571,1995
13592,2020
13612,2045
13634,2068
13657,2093
13678,2117
13700,2143
13721,2169
13742,2194
13764,2219
13785,2245
13806,2269
13828,2294
13848,2319
13870,2344
13892,2370
13913,2395
13935,2421
13956,2446
13977,2471
14000,2497
14021,2522
14042,2548
14065,2573
14088,2600
14111,2626
14133,2652
14155,2678
14178,2705
14200,2731
14222,2758
14244,2784
14267,2809
14289,2835
14312,2861
14334,2887
14356,2912
14378,2940
14400,2965
14422,2991
14444,3018
14466,3044
14489,3070
14510,3095
14533,3121
14555,3146
14576,3170
14597,3194
14620,3219
14641,3242
14661,3266
14684,3291
14705,3315
14726,3340
14747,3363
14768,3388
14789,3412
14808,3435
14830,3458
14850,3480
14870,3503
14890,3527
14911,3550
14932,3573
14953,3596
14975,3618
14996,3642
15017,3664
15037,3688
15057,3710
15078,3733
15098,3757
15118,3779
15137,3801
15159,3823
15178,3845
15200,3867
15221,3890
15242,3912
15262,3934
15284,3955
15305,3977
15327,3999
15349,4022
15371,4044
15393,4068
15416,4090
15438,4113
15461,4135
15482,4159
15505,4182
15528,4206
15549,4228
15572,4253
15593,4276
15616,4300
15638,4323
15660,4346
15682,4368
15704,4390
15726,4413
15750,4435
15773,4458
15795,4481
15818,4503
15842,4524
15864,4545
15887,4567
15909,4590
15931,4612
15953,4634
15976,4656
15999,4678
16023,4701
16045,4723
16067,4745
16092,4768
16115,4791
16138,4812
16162,4835
16186,4857
16208,4880
16231,4902
16255,4924
16280,4947
16303,4970
16327,4990
16351,5012
16374,5033
14,5055
39,5077
62,5099
85,5121
108,5143
131,5164
154,5185
178,5207
202,5228
228,5250
251,5271
275,5292
301,5313
326,5333
351,5353
375,5375
399,5396
423,5418
445,5437
470,5456
494,5476
516,5496
540,5516
563,5536
586,5555
611,5575
636,5594
660,5614
686,5634
711,5653
735,5673
760,5693
785,5713
810,5732
836,5751
860,5771
885,5790
909,5809
933,5828
957,5848
981,5868
1005,5889
1030,5908
1053,5927
1078,5946
1103,5965
1129,5985
1154,6005
1179,6025
1206,6045
1233,6064
1259,6083
1284,6104
1308,6124
1333,6141
1358,6161
1383,6180
1408,6200
1432,6218
1457,6237
1481,6255
1507,6275
1531,6294
1555,6312
1580,6333
1606,6351
1632,6369
1657,6388
1683,6407
1709,6428
1736,6448
1763,6468
1790,6488
1816,6510
1841,6530
1868,6550
1893,6572
1918,6592
1944,6613
1971,6635
1997,6655
2024,6676
2051,6696
2078,6718
2105,6739
2133,6759
2162,6781
2190,6802
2218,6822
2246,6846
2275,6869
2302,6891
2330,6912
2356,6934
2383,6957
2409,6978
2435,7000
2462,7022
2489,7043
2516,7065
2543,7089
2569,7110
2596,7131
2623,7152
2650,7173
2678,7194
2704,7215
2731,7236
2756,7257
2781,7277
2807,7299
2832,7320
2858,7341
2882,7364
2907,7386
2931,7407
2955,7428
2978,7448
3003,7470
3028,7491
3052,7511
3077,7531
3102,7553
3125,7574
3151,7596
3177,7616
3202,7637
3227,7659
3250,7679
3275,7700
3298,7722
3321,7742
3345,7762
3367,7783
3390,7804
3414,7827
3437,7848
3462,7870
3485,7892
3509,7913
3533,7936
3557,7958
3582,7980
3608,8001
3634,8024
3659,8047
3684,8070
3708,8092
3733,8114
3758,8138
3782,8160
3806,8184
3830,8207
3853,8231
3876,8253
3898,8276
3921,8298
3945,8321
3967,8344
3990,8366
4013,8389
4036,8413
4059,8436
4083,8459
4106,8482
4129,8507
4154,8531
4177,8555
4201,8579
4223,8603
4245,8626
4269,8650
4292,8675
4315,8699
4338,8724
4360,8749
4384,8775
4408,8798
4432,8822
4457,8847
4480,8871
4505,8896
4529,8921
4553,8946
4576,8972
4601,8996
4625,9022
4647,9048
4669,9073
4691,9096
4714,9121
4736,9146
4760,9172
4782,9197
4804,9222
4828,9247
4851,9271
4873,9297
4896,9321
4919,9347
4942,9371
4965,9396
4987,9420
5009,9443
5031,9467
5054,9492
5076,9516
5097,9540
5118,9563
5139,9587
5160,9610
5181,9635
5203,9659
5224,9683
5245,9707
5266,9730
5287,9754
5307,9779
5329,9804
5350,9829
5372,9853
5394,9877
5416,9901
5437,9924
5458,9948
5480,9973
5501,9998
5522,10020
5543,10044
5563,10069
5584,10094
5605,10118
5626,10142
5648,10167
5669,10192
5690,10217
5712,10242
5732,10266
5754,10291
5775,10315
5795,10338
5815,10362
5837,10386
5858,10409
5879,10433
5899,10457
5920,10482
5942,10506
5962,10529
5982,10553
6003,10578
6024,10603
6045,10628
6066,10652
6087,10676
6108,10700
6128,10726
6150,10752
6171,10776
6193,10801
6214,10826
6236,10849
6258,10875
6279,10902
6302,10926
6324,10951
6346,10978
6368,11004
6389,11030
6412,11056
6434,11082
6455,11109
6477,11135
6499,11161
6521,11187
6542,11213
6565,11237
6587,11263
6609,11288
6632,11314
6655,11339
6679,11367
6703,11395
6726,11421
6749,11447
6772,11471
6795,11498
6818,11524
6840,11551
6862,11576
6884,11601
6905,11626
6927,11651
6949,11675
6971,11700
6992,11725
7013,11747
7035,11772
7057,11796
7080,11820
7101,11845
7125,11868
7147,11891
7169,11914
7191,11938
7211,11962
7232,11984
7253,12008
7274,12031
7296,12054
7317,12076
7338,12098
7358,12119
7379,12141
7401,12164
7421,12186
7441,12207
7463,12230
7484,12251
7507,12273
7530,12295
7552,12317
7574,12341
7594,12362
7616,12384
7639,12406
7661,12429
7684,12451
7706,12473
7728,12496
7751,12520
7773,12543
7795,12566
7818,12589
7842,12613
7865,12637
7888,12660
7911,12683
7935,12705
7959,12728
7982,12750
8003,12772
8026,12795
8049,12817
8070,12839
8092,12860
8115,12884
8138,12905
8159,12927
8182,12948
8204,12971
8228,12992
8251,13014
8275,13037
8299,13059
8324,13080
8347,13103
8371,13125
8396,13147
8422,13168
8447,13191
8472,13213
8494,13236
8519,13257
8544,13279
8568,13302
8592,13324
8617,13345
8640,13367
8664,13388
8687,13410
8714,13432
8739,13453
8763,13474
8791,13495
8815,13516
8842,13538
8868,13560
8894,13581
8920,13602
8945,13623
8970,13644
8995,13666
9019,13685
9042,13706
9066,13728
9091,13748
9117,13769
9140,13789
9167,13810
9191,13830
9218,13851
9243,13872
9269,13891
9295,13911
9319,13930
9345,13950
9371,13970
9396,13991
9420,14010
9446,14031
9469,14049
9494,14069
9518,14088
9543,14109
9568,14128
9592,14147
9617,14166
9642,14186
9668,14206
9693,14227
9719,14246
9746,14265
9771,14285
9798,14304
9825,14325
9850,14345
9876,14365
9903,14384
9926,14403
9951,14422
9976,14442
10001,14461
10026,14481
10051,14500
10075,14520
10101,14540
10126,14561
10151,14580
10177,14600
10203,14620
10229,14640
10257,14659
10282,14679
10307,14699
10333,14719
10358,14738
10381,14757
10406,14777
10431,14797
10454,14817
10480,14838
10505,14859
10531,14880
10558,14901
10582,14922
10607,14944
10633,14965
10661,14985
10688,15006
10715,15027
10741,15050
10770,15071
10797,15093
10824,15115
10851,15137
10876,15158
10902,15179
10930,15202
10956,15225
10983,15247
11009,15269
11035,15292
11062,15315
11088,15338
11114,15360
11142,15383
11170,15405
11198,15428
11226,15452
11253,15474
11280,15499
11306,15522
11334,15547
11360,15570
11386,15594
11412,15616
11437,15639
11463,15660
11488,15683
11513,15705
11539,15727
11563,15750
11589,15772
11613,15794
11637,15817
11662,15840
11687,15862
11712,15884
11739,15907
11764,15928
11787,15951
11812,15973
11835,15995
11859,16017
11881,16040
11904,16062
11928,16085
11951,16107
11973,16128
11996,16150
12020,16172
12042,16194
12066,16216
12089,16238
12111,16260
12133,16282
12157,16303
12179,16325
12202,16348
12225,16371
12249,10
12273,34
12296,59
12320,84
12343,109
12366,133
12390,158
12413,183
12436,207
12460,231
12483,255
12508,280
12531,303
12555,328
12579,353
12601,377
12624,401
12648,426
12671,451
12694,476
12716,500
12739,525
12762,551
12784,575
12808,600
12830,625
12854,650
12878,676
12901,700
12924,726
12948,752
12972,778
12995,804
13018,831
13042,856
13065,881
13088,906
13111,933
13134,961
13158,986
13180,1012
13202,1037
13226,1062
13248,1088
13270,1113
13292,1140
13315,1166
13338,1191
13361,1218
13385,1244
13409,1270
13432,1295
13455,1324
13478,1351
13501,1376
13523,1402
13546,1429
13568,1455
13590,1481
13612,1507
13634,1533
13656,1559
13678,1584
13699,1610
13720,1635
13741,1661
13763,1686
13785,1709
13807,1734
13829,1759
13850,1785
13872,1809
13893,1832
13914,1857
13936,1882
13957,1908
13978,1933
13998,1957
14019,1981
14040,2005
14060,2030
14082,2055
14104,2080
14125,2104
14146,2131
14166,2155
14186,2181
14207,2205
14229,2232
14250,2256
14272,2283
14293,2309
14314,2333
14335,2358
14356,2383
14378,2408
14399,2433
14421,2456
14441,2481
14463,2504
14483,2528
14506,2554
14528,2579
14549,2605
14571,2630
14591,2655
14612,2680
14633,2705
14655,2729
14676,2754
14697,2777
14719,2801
14739,2827
14760,2851
14782,2875
14802,2900
14822,2925
14843,2951
14865,2976
14887,3001
14908,3026
14931,3051
14954,3077
14976,3102
14997,3127
15019,3151
15041,3177
15063,3203
15087,3230
15110,3257
15132,3284
15156,3309
15179,3335
15202,3361
15226,3386
15248,3413
15271,3438
15294,3464
15317,3490
15340,3516
15362,3542
15385,3569
15410,3596
15433,3621
15457,3646
15481,3670
15504,3696
15529,3721
15552,3745
15574,3771
15597,3795
15619,3818
15642,3843
15665,3867
15687,3891
15710,3914
15733,3937
15755,3959
15776,3981
15798,4004
15820,4027
15842,4050
15865,4073
15886,4095
15909,4118
15931,4141
15953,4163
15975,4184
15999,4207
16022,4229
16045,4251
16066,4272
16087,4294
16110,4315
16132,4337
16152,4358
16173,4379
16194,4401
16214,4422
16236,4443
16257,4464
16278,4486
16300,4507
16322,4528
16346,4550
16369,4571
8,4593
33,4615
56,4637
79,4658
101,4679
125,4700
147,4721
170,4744
193,4766
217,4788
240,4811
264,4832
288,4854
311,4875
335,4897
357,4918
382,4939
407,4959
432,4981
456,5002
482,5024
505,5045
531,5065
556,5086
581,5108
606,5129
630,5151
654,5171
679,5192
702,5213
726,5234
753,5254
776,5275
802,5296
829,5318
854,5339
880,5359
907,5379
932,5400
958,5420
985,5441
1010,5461
1036,5482
1061,5502
1088,5524
1114,5543
1139,5565
1165,5586
1190,5606
1216,5627
1241,5647
1266,5667
1292,5687
1319,5707
1344,5727
1370,5747
1395,5766
1420,5786
1448,5807
1474,5827
1500,5846
1527,5866
1553,5886
1578,5906
1602,5924
1627,5944
1651,5964
1676,5983
1701,6001
1726,6020
1750,6039
1776,6059
1801,6079
1826,6097
1851,6116
1877,6135
1903,6154
1928,6173
1954,6191
1978,6209
2004,6228
2031,6247
2056,6266
2081,6285
2105,6304
2129,6324
2154,6343
2179,6362
2204,6381
2229,6400
2255,6418
2281,6439
2306,6459
2333,6478
2359,6497
2385,6518
2411,6536
2437,6556
2463,6575
2488,6593
2513,6612
2538,6631
2563,6650
2588,6669
2612,6690
2636,6709
2661,6728
2686,6748
2711,6768
2736,6787
2763,6807
2788,6826
2813,6846
2840,6867
2866,6888
2892,6909
2916,6928
2940,6947
2965,6967
2989,6988
3013,7007
3038,7028
3062,7050
3086,7070
3112,7092
3139,7113
3164,7134
3191,7155
3217,7177
3243,7199
3269,7222
3296,7244
3324,7266
3350,7288
3375,7310
3401,7333
3427,7354
3453,7377
3478,7400
3504,7423
3529,7445
3555,7467
3581,7492
3606,7516
3632,7539
3657,7561
3683,7585
3707,7608
3734,7630
3759,7654
3785,7676
3811,7698
3836,7720
3860,7743
3883,7766
3905,7789
3929,7811
3951,7833
3975,7855
3997,7878
4019,7901
4041,7923
4063,7943
4085,7966
4108,7988
4133,8009
4156,8032
4179,8053
4201,8073
4224,8094
4247,8115
4270,8137
4292,8158
4315,8180
4338,8201
4360,8224
4381,8247
4403,8269
4425,8290
4446,8312
4468,8334
4490,8355
4512,8377
4533,8401
4556,8422
4578,8446
4600,8469
4623,8491
4647,8515
4669,8540
4693,8563
4716,8587
4738,8610
4762,8633
4784,8657
4805,8680
4827,8704
4848,8726
4870,8749
4892,8773
4914,8799
4936,8823
4959,8849
4982,8872
5004,8896
5027,8921
5051,8947
5073,8973
5096,8997
5118,9022
5141,9046
5162,9069
5185,9093
5207,9117
5230,9143
5252,9167
5274,9193
5296,9218
5317,9244
5339,9270
5362,9295
5383,9320
5406,9346
5428,9373
5451,9398
5474,9423
5495,9448
5517,9473
5539,9497
5561,9522
5585,9547
5607,9573
5629,9599
5653,9625
5675,9653
5696,9679
5717,9705
5740,9731
5762,9757
5784,9782
5806,9807
5826,9832
5848,9856
5871,9882
5893,9907
5914,9933
5936,9957
5958,9982
5979,10006
6000,10031
6022,10056
6043,10080
6064,10104
6084,10129
6105,10154
6126,10178
6149,10203
6170,10227
6191,10253
6212,10278
6233,10301
6252,10326
6273,10350
6294,10374
6314,10398
6335,10422
6356,10446
6377,10469
6399,10493
6421,10521
6443,10544
6464,10569
6486,10593
6508,10619
6529,10643
6549,10667
6569,10692
6590,10718
6611,10742
6632,10765
6653,10789
6674,10813
6695,10838
6716,10862
6739,10887
6761,10911
6782,10937
6804,10963
6825,10987
6846,11012
6868,11036
6891,11061
6911,11085
6933,11110
6955,11135
6976,11159
6996,11183
7018,11206
7039,11230
7059,11255
7081,11280
7102,11306
7122,11330
7144,11355
7166,11379
7189,11404
7212,11429
7233,11454
7256,11480
7278,11503
7301,11527
7324,11551
7346,11576
7369,11602
7392,11627
7415,11652
7438,11677
7462,11704
7485,11730
7508,11756
7532,11781
7555,11807
7579,11832
7603,11858
7626,11884
7649,11908
7672,11932
7697,11958
7721,11982
7745,12008
7768,12032
7791,12058
7814,12081
7838,12106
7861,12131
7885,12155
7908,12177
7931,12200
7954,12224
7978,12248
8001,12270
8023,12294
8045,12317
8066,12340
8089,12363
8114,12386
8138,12410
8161,12433
8184,12455
8206,12477
8229,12500
8252,12522
8275,12544
8297,12566
8320,12589
8341,12611
8364,12633
8386,12655
8409,12675
8431,12696
8452,12717
8476,12737
8498,12758
8521,12778
8545,12800
8569,12821
8593,12842
8614,12862
8638,12884
8661,12905
8683,12926
8706,12947
8729,12968
8751,12988
8774,13009
8797,13029
8820,13051
8843,13072
8866,13094
8890,13115
8915,13136
8939,13158
8964,13179
8991,13199
9017,13222
9041,13242
9066,13263
9091,13285
9116,13306
9141,13327
9165,13349
9190,13372
9217,13392
9241,13414
9266,13436
9292,13457
9316,13477
9341,13498
9367,13518
9393,13538
9419,13558
9445,13579
9470,13601
9495,13622
9521,13641
9546,13662
9571,13682
9598,13703
9623,13725
9648,13746
9675,13767
9701,13789
9728,13811
9754,13832
9780,13852
9805,13871
9831,13892
9857,13913
9884,13933
9912,13954
9939,13974
9965,13993
9991,14013
10019,14035
10046,14055
10071,14076
10097,14097
10123,14118
10149,14137
10175,14158
10200,14179
10226,14199
10253,14219
10277,14240
10302,14259
10328,14279
10354,14298
10378,14318
10405,14337
10430,14357
10457,14377
10482,14396
10508,14416
10533,14434
10558,14455
10583,14474
10607,14493
10631,14512
10655,14531
10680,14550
10703,14569
10727,14588
10752,14608
10777,14628
10803,14646
10829,14666
10853,14686
10878,14706
10904,14726
10930,14744
10954,14763
10980,14784
11003,14803
11027,14822
11053,14842
11078,14861
11103,14881
11126,14901
11150,14920
11175,14941
11200,14961
11225,14982
11249,15002
11273,15023
11297,15043
11322,15063
11348,15084
11373,15104
11398,15124
11422,15145
11447,15165
11472,15185
11496,15205
11520,15225
11544,15245
11567,15267
11591,15287
11612,15307
11636,15329
11658,15349
11682,15369
11706,15390
11730,15411
11754,15431
11779,15453
11804,15474
11830,15496
11855,15519
11880,15542
11904,15564
11929,15587
11955,15610
11978,15632
12004,15656
12028,15678
12051,15702
12076,15726
12100,15749
12123,15772
12146,15796
12169,15819
12194,15843
12219,15867
12246,15891
12271,15915
12295,15938
12320,15962
12344,15988
12369,16012
12393,16035
12417,16060
12441,16085
12465,16110
12489,16133
12513,16157
12537,16182
12561,16205
12584,16229
12607,16252
12632,16276
12656,16300
12679,16322
12703,16345
12727,16368
12751,7
12774,31
12797,54
12819,78
12841,101
12863,125
12886,146
12907,170
12928,194
12950,216
12971,239
12993,262
13015,286
13038,309
13060,333
13081,356
13103,380
13124,403
13145,427
13167,451
13188,475
13210,498
13232,520
13254,543
13275,566
13296,590
13317,613
13337,637
13358,660
13379,685
13401,708
13424,732
13445,757
13466,782
13488,806
13510,831
13532,857
13554,882
13576,907
13597,931
13619,957
13643,984
13664,1011
13687,1037
13709,1063
13730,1086
13751,1113
13773,1139
13794,1165
13816,1190
13837,1214
13858,1239
13880,1265
13902,1290
13923,1316
13945,1341
13966,1366
13988,1392
14010,1417
14032,1441
14054,1467
14075,1493
14097,1518
14120,1546
14142,1571
14164,1598
14185,1624
14207,1650
14229,1676
14251,1703
14274,1730
14296,1757
14318,1783
14341,1810
14363,1835
14384,1860
14406,1886
14427,1911
14450,1937
14471,1962
14493,1989
14516,2015
14538,2043
14560,2068
14581,2093
14602,2117
14622,2143
14645,2168
14667,2194
14688,2219
14709,2244
14730,2270
14750,2295
14771,2320
14792,2343
14814,2367
14835,2392
14856,2417
14877,2440
14897,2465
14918,2490
14938,2514
14960,2539
14980,2564
15000,2589
15022,2611
15042,2636
15064,2659
15085,2685
15106,2710
15126,2735
15147,2759
15168,2782
15189,2806
15210,2829
15231,2853
15252,2878
15273,2901
15294,2926
15316,2949
15338,2973
15360,2996
15382,3021
15402,3046
15424,3069
15445,3094
15466,3118
15488,3143
15509,3168
15529,3191
15550,3215
15571,3238
15592,3262
15613,3286
15634,3308
15656,3331
15678,3354
15702,3378
15724,3401
15745,3425
15767,3449
15789,3473
15811,3498
15833,3520
15856,3544
15878,3567
15900,3591
15920,3614
15941,3637
15964,3661
15987,3685
16008,3709
16031,3734
16054,3758
16079,3784
16104,3809
16129,3833
16151,3857
16175,3880
16198,3903
16221,3925
16244,3949
16267,3974
16290,3998
16313,4022
16336,4045
16359,4068
0,4092
24,4115
48,4140
73,4165
98,4190
122,4214
147,4237
173,4260
200,4285
224,4308
250,4333
275,4357
299,4379
323,4402
346,4424
369,4448
393,4469
416,4491
440,4515
464,4538
487,4560
511,4581
536,4602
561,4623
585,4646
610,4667
634,4690
659,4710
682,4730
707,4752
731,4773
754,4793
777,4814
800,4834
824,4854
846,4874
869,4895
892,4915
917,4935
940,4955
964,4974
988,4994
1012,5013
1036,5033
1061,5052
1085,5072
1111,5091
1136,5112
1161,5131
1184,5151
1209,5172
1234,5192
1259,5212
1284,5231
1308,5251
1331,5271
1355,5292
1381,5313
1406,5334
1431,5354
1457,5374
1483,5394
1512,5415
1539,5435
1566,5457
1591,5477
1620,5498
1647,5518
1672,5538
1698,5558
1724,5578
1749,5597
1774,5618
1799,5637
1825,5657
1850,5676
1876,5696
1902,5716
1926,5736
1953,5756
1980,5775
2006,5795
2034,5816
2060,5836
2087,5856
2113,5876
2140,5895
2166,5916
2193,5936
2219,5957
2246,5978
2271,5997
2296,6017
2323,6036
2348,6057
2374,6077
2401,6096
2428,6116
2453,6136
2480,6157
2508,6177
2535,6198
2562,6217
2589,6236
2616,6257
2641,6276
2667,6295
2692,6314
2717,6336
2741,6355
2766,6375
2791,6395
2815,6414
2841,6434
2867,6453
2892,6472
2917,6492
2942,6511
2968,6531
2993,6548
3018,6567
3042,6585
3066,6604
3090,6623
3116,6642
3140,6661
3164,6680
3188,6700
3213,6720
3237,6739
3260,6757
3283,6778
3308,6797
3331,6816
3355,6836
3380,6856
3403,6874
3427,6892
3453,6912
3477,6933
3501,6952
3525,6971
3549,6991
3574,7012
3599,7032
3623,7052
3646,7072
3671,7094
3693,7115
3716,7135
3741,7155
3765,7176
3789,7195
3811,7216
3835,7237
3857,7258
3881,7277
3903,7299
3926,7320
3949,7341
3972,7361
3995,7382
4017,7402
4040,7423
4063,7444
4085,7464
4109,7484
4132,7505
4153,7529
4177,7551
4200,7573
4223,7596
4247,7618
4271,7640
4296,7663
4320,7686
4343,7709
4368,7732
4392,7755
4417,7779
4441,7803
4465,7827
4490,7851
4515,7875
4538,7899
4561,7922
4584,7945
4608,7968
4631,7991
4654,8015
4678,8039
4703,8063
4726,8086
4750,8108
4775,8133
4799,8157
4823,8181
4846,8205
4871,8230
4894,8255
4919,8279
4942,8303
4965,8327
4987,8350
5009,8374
5031,8396
5052,8420
5074,8443
5095,8466
5117,8489
5138,8512
5160,8535
5182,8559
5204,8583
5227,8606
5248,8629
5268,8652
5290,8676
5312,8699
5333,8723
5355,8745
5375,8767
5396,8790
5417,8813
5437,8837
5457,8859
5478,8882
5497,8905
5517,8928
5537,8950
5557,8973
5577,8995
5597,9018
5617,9041
5637,9063
5657,9085
5678,9108
5699,9130
5721,9155
5742,9179
5762,9205
5783,9228
5805,9253
5826,9278
5847,9302
5869,9328
5890,9353
5911,9377
5933,9403
5953,9427
5974,9452
5997,9476
6019,9502
6040,9528
6062,9552
6083,9577
6104,9600
6126,9626
6147,9651
6167,9676
6190,9703
6212,9727
6232,9753
6252,9775
6273,9800
6295,9823
6317,9848
6338,9874
6360,9900
6382,9925
6402,9951
6424,9977
6447,10003
6470,10030
6492,10056
6515,10084
6536,10108
6558,10135
6579,10160
6601,10185
6623,10211
6645,10236
6666,10261
6688,10288
6711,10313
6733,10338
6755,10363
6777,10388
6798,10413
6821,10440
6842,10467
6864,10492
6886,10517
6908,10543
6930,10568
6951,10592
6973,10617
6995,10644
7017,10669
7038,10693
7059,10718
7081,10742
7102,10767
7122,10791
7144,10815
7166,10839
7186,10863
7207,10888
7229,10912
7250,10936
7272,10960
7293,10984
7315,11009
7336,11033
7356,11056
7379,11080
7402,11103
7423,11127
7446,11152
7467,11176
7489,11200
7510,11224
7532,11246
7552,11271
7574,11294
7595,11319
7616,11343
7637,11367
7659,11390
7681,11413
7703,11436
7725,11459
7747,11484
7770,11509
7792,11533
7814,11555
7836,11579
7859,11604
7880,11628
7902,11650
7924,11674
7946,11697
7967,11721
7989,11745
8010,11768
8032,11792
8054,11815
8075,11838
8097,11862
8119,11885
8142,11908
8165,11930
8188,11954
8212,11978
8235,12002
8259,12026
8282,12049
8305,12073
8330,12096
8355,12120
8377,12144
8401,12168
8426,12192
8449,12215
8474,12238
8498,12262
8523,12286
8548,12310
8571,12335
8597,12359
8623,12382
8648,12406
8672,12430
8699,12455
8726,12479
8751,12502
8777,12525
8803,12549
8829,12573
8854,12599
8879,12622
8905,12646
8933,12670
8958,12693
8983,12716
9008,12740
9035,12764
9061,12789
9086,12812
9113,12836
9139,12859
9165,12884
9191,12906
9217,12927
9242,12950
9268,12972
9293,12994
9318,13015
9344,13035
9367,13058
9391,13079
9415,13099
9440,13120
9465,13141
9489,13162
9513,13183
9539,13203
9565,13224
9590,13244
9615,13264
9641,13286
9665,13306
9690,13326
9717,13346
9741,13366
9765,13386
9789,13406
9812,13425
9834,13445
9856,13464
9882,13484
9905,13503
9927,13522
9952,13542
9976,13562
10002,13581
10028,13601
10054,13621
10080,13641
10107,13661
10135,13682
10161,13701
10188,13722
10213,13742
10240,13763
10265,13783
10289,13803
10314,13823
10340,13843
10365,13863
10391,13884
10415,13903
10441,13923
10466,13942
10492,13961
10518,13982
10544,14002
10572,14023
10597,14044
10624,14063
10649,14083
10676,14103
10702,14124
10727,14144
10752,14165
10777,14184
10802,14204
10827,14225
10854,14245
10879,14265
10905,14285
10931,14307
10958,14328
10986,14347
11012,14367
11040,14387
11066,14406
11092,14427
11118,14449
11144,14469
11170,14490
11197,14511
11222,14531
11249,14552
11273,14572
11298,14593
11323,14614
11348,14635
11373,14656
11399,14675
11424,14694
11449,14715
11475,14734
11500,14756
11526,14776
11551,14796
11575,14816
11601,14836
11625,14856
11649,14876
11672,14896
11694,14916
11718,14936
11740,14955
11763,14975
11786,14995
11810,15014
11832,15034
11856,15054
11880,15073
11903,15093
11926,15113
11948,15132
11972,15152
11997,15171
12021,15192
12044,15212
12066,15232
12089,15252
12110,15272
12132,15292
12154,15311
12174,15332
12196,15353
12218,15373
12241,15393
12263,15413
12285,15434
12306,15454
12329,15475
12351,15496
12374,15517
12397,15540
12420,15561
12444,15583
12468,15604
12491,15625
12513,15647
12535,15668
12557,15689
12579,15710
12600,15731
12622,15753
12646,15773
12668,15796
12689,15818
12711,15839
12733,15861
12756,15883
12777,15905
12799,15926
12822,15948
12844,15971
12866,15993
12889,16014
12912,16037
12935,16061
12957,16085
12979,16109
13002,16132
13025,16155
13048,16178
13071,16201
13094,16225
13117,16250
13140,16273
13163,16297
13186,16322
13210,16347
13234,16372
13257,13
13279,38
13304,61
13327,86
13351,111
13374,136
13396,162
13420,186
13443,212
13466,238
13489,262
13510,287
13533,312
13556,337
13578,364
13602,391
13625,416
13648,441
13671,466
13693,491
13714,516
13736,540
13759,565
13782,591
13803,616
13825,641
13846,666
13867,691
13888,714
13908,738
13929,762
13950,785
13971,809
13991,833
14012,856
14033,880
14054,905
14075,929
14096,953
14117,977
14138,1000
14158,1025
14178,1049
14199,1072
14219,1095
14240,1119
14260,1142
14280,1167
14300,1190
14320,1215
14339,1239
14360,1263
14380,1288
14401,1312
14423,1338
14443,1362
14464,1387
14486,1413
14508,1438
14530,1463
14550,1487
14571,1514
14592,1540
14615,1564
14635,1589
14657,1614
14678,1641
14700,1668
14722,1693
14743,1718
14765,1743
14787,1768
14807,1795
14828,1821
14850,1847
14873,1872
14895,1898
14917,1923
14939,1948
14961,1976
14985,2002
15007,2029
15030,2053
15051,2080
15073,2106
15096,2131
15118,2156
15141,2183
15163,2209
15185,2237
15207,2264
15229,2289
15251,2315
15274,2341
15296,2367
15319,2393
15341,2418
15364,2445
15388,2471
15411,2498
15433,2524
15457,2551
15481,2577
15504,2603
15526,2629
15548,2654
15570,2680
15592,2704
15615,2730
15637,2754
15659,2781
15682,2808
15704,2833
15726,2856
15749,2881
15770,2905
15794,2929
15815,2953
15838,2977
15861,3002
15883,3027
15905,3051
15927,3076
15948,3101
15970,3124
15990,3147
16011,3171
16032,3193
16053,3217
16075,3241
16096,3264
16118,3287
16140,3310
16161,3333
16184,3356
16205,3379
16228,3402
16250,3425
16272,3447
16295,3471
16317,3495
16340,3519
16361,3541
0,3563
23,3586
44,3611
65,3634
88,3657
109,3680
131,3703
155,3726
178,3750
201,3772
225,3795
248,3818
272,3841
297,3865
320,3887
343,3908
366,3929
390,3951
413,3973
436,3994
459,4017
483,4039
507,4061
529,4085
552,4106
576,4130
601,4152
625,4174
649,4196
674,4218
700,4241
725,4264
750,4286
775,4309
800,4333
825,4357
850,4380
875,4403
901,4426
927,4450
953,4473
979,4496
1005,4520
1030,4545
1057,4569
1082,4592
1109,4616
1135,4638
1162,4661
1189,4684
1215,4706
1244,4728
1272,4751
1299,4775
1327,4797
1354,4820
1381,4844
1410,4867
1436,4890
1462,4913
1487,4935
1512,4956
1537,4977
1563,4999
1590,5020
1615,5040
1641,5061
1668,5082
1694,5102
1720,5122
1746,5143
1773,5163
1797,5184
1824,5205
1850,5226
1875,5245
1901,5265
1924,5285
1949,5305
1973,5325
1998,5345
2022,5364
2046,5382
2069,5402
2095,5423
2121,5442
2146,5460
2172,5478
2196,5497
2221,5515
2247,5535
2271,5555
2297,5573
2321,5591
2344,5610
2369,5630
2393,5649
2417,5667
2442,5686
2467,5706
2491,5724
2517,5744
2543,5764
2568,5783
2594,5804
2620,5824
2647,5842
2672,5861
2700,5880
2725,5900
2750,5919
2776,5940
2802,5959
2827,5978
2854,5996
2878,6017
2904,6036
2928,6056
2954,6076
2980,6097
3006,6115
3032,6136
3056,6155
3083,6175
3109,6196
3135,6216
3161,6235
3186,6256
3213,6275
3239,6295
3266,6315
3292,6336
3318,6356
3344,6376
3368,6398
3394,6418
3418,6439
3442,6459
3468,6480
3493,6500
3520,6519
3544,6539
3570,6560
3596,6581
3623,6601
3650,6622
3673,6643
3698,6664
3722,6685
3748,6705
3773,6725
3798,6746
3822,6767
3847,6788
3870,6808
3894,6828
3916,6849
3939,6870
3962,6891
3986,6912
4010,6930
4032,6951
4056,6970
4080,6991
4102,7010
4126,7029
4149,7049
4172,7067
4194,7088
4216,7108
4239,7128
4259,7149
4281,7168
4304,7188
4326,7209
4349,7228
4371,7249
4393,7270
4415,7290
4438,7310
4459,7330
4482,7350
4503,7370
4526,7390
4548,7411
4568,7431
4591,7450
4614,7471
4635,7492
4657,7511
4679,7533
4701,7554
4723,7576
4744,7597
4767,7618
4789,7640
4810,7661
4832,7682
4855,7703
4877,7725
4899,7747
4920,7767
4943,7789
4966,7811
4987,7833
5009,7854
5030,7877
5052,7899
5072,7921
5094,7944
5115,7965
5136,7987
5157,8008
5179,8029
5201,8050
5222,8073
5245,8095
5267,8119
5289,8142
5312,8165
5335,8188
5357,8212
5379,8235
5401,8258
5422,8281
5444,8307
5467,8330
5489,8354
5510,8378
5534,8402
5558,8427
5580,8453
5602,8478
5625,8505
5648,8531
5671,8555
5693,8580
5715,8606
5739,8630
5761,8656
5783,8682
5807,8706
5830,8732
5854,8759
5877,8785
5899,8810
5921,8836
5942,8862
5965,8887
5988,8911
6011,8936
6033,8962
6054,8985
6076,9010
6097,9035
6118,9060
6139,9084
6160,9106
6181,9131
6201,9157
6222,9182
6243,9205
6265,9228
6284,9252
6305,9277
6327,9302
6348,9326
6369,9350
6389,9372
6409,9396
6429,9419
6449,9445
6469,9467
6490,9490
6509,9512
6530,9535
6551,9559
6571,9583
6591,9608
6612,9630
6632,9655
6653,9679
6672,9701
6692,9725
6714,9749
6734,9773
6754,9797
6776,9821
6797,9845
6817,9871
6838,9894
6859,9918
6881,9945
6902,9968
6923,9993
6944,10018
6966,10042
6988,10068
7011,10092
7034,10118
7056,10143
7078,10170
7102,10196
7124,10222
7146,10247
7168,10272
7190,10297
7212,10321
7235,10348
7258,10375
7280,10401
7303,10428
7325,10452
7347,10478
7368,10503
7391,10528
7414,10553
7436,10579
7459,10605
7483,10629
7506,10655
7530,10681
7553,10707
7576,10734
7598,10759
7623,10785
7645,10812
7668,10838
7691,10863
7715,10889
7738,10916
7760,10943
7783,10970
7807,10995
7831,11022
7854,11048
7878,11073
7903,11100
7927,11124
7951,11150
7974,11175
7997,11202
8020,11227
8044,11252
8066,11276
8089,11300
8112,11325
8133,11350
8154,11374
8176,11397
8197,11422
8221,11446
8244,11470
8267,11494
8290,11518
8314,11542
8337,11565
8361,11589
8383,11612
8407,11634
8430,11659
8453,11681
8477,11704
8500,11728
8523,11751
8545,11775
8567,11799
8589,11823
8611,11846
8633,11868
8657,11891
8680,11913
8703,11935
8726,11957
8750,11980
8775,12002
8799,12025
8823,12048
8848,12070
8872,12092
8896,12114
8920,12136
8944,12158
8968,12181
8992,12204
9015,12226
9037,12249
9062,12270
9085,12291
9109,12313
9132,12336
9156,12357
9181,12379
9207,12402
9234,12424
9260,12446
9285,12470
9309,12492
9333,12515
9357,12537
9382,12559
9406,12580
9432,12603
9457,12626
9481,12648
9506,12672
9532,12695
9556,12718
9583,12741
9610,12764
9636,12786
9663,12810
9689,12832
9717,12855
9745,12879
9772,12901
9799,12923
9826,12946
9854,12971
9881,12995
9907,13017
9933,13039
9960,13063
9987,13087
10013,13109
10041,13131
10068,13154
10096,13176
10122,13199
10149,13222
10177,13244
10205,13267
10234,13290
10262,13312
10290,13334
10316,13356
10342,13378
10370,13400
10397,13422
10423,13444
10449,13464
10474,13484
10499,13504
10523,13524
10550,13545
10575,13566
10599,13585
10625,13606
10650,13626
10676,13646
10702,13667
10729,13686
10756,13705
10781,13724
10805,13743
10830,13762
10854,13781
10879,13802
10905,13820
10928,13841
10951,13860
10973,13878
10997,13897
11020,13917
11043,13935
11068,13953
11092,13973
11117,13992
11142,14010
11169,14028
11193,14048
11218,14066
11242,14085
11266,14104
11290,14123
11313,14142
11338,14160
11361,14180
11385,14199
11409,14219
11433,14239
11456,14258
11481,14278
11505,14299
11530,14318
11555,14338
11581,14359
11607,14379
11634,14400
11661,14420
11687,14440
11713,14459
11738,14479
11762,14500
11786,14522
11811,14542
11835,14562
11859,14583
11882,14603
11906,14622
11931,14642
11956,14663
11980,14685
12005,14705
12029,14726
12053,14748
12078,14768
12101,14788
12125,14809
12149,14830
12173,14851
12197,14872
12221,14893
12245,14915
12269,14936
12293,14959
12316,14980
12340,15001
12364,15023
12388,15043
12410,15065
12434,15087
12459,15109
12483,15130
12507,15152
12533,15174
12557,15196
12581,15217
12605,15240
12629,15261
12653,15282
12675,15304
12698,15325
12720,15347
12742,15367
12764,15390
12786,15410
12807,15431
12831,15452
12854,15473
12876,15493
12898,15514
12920,15535
12942,15555
12964,15575
12985,15597
13006,15618
13028,15639
13050,15659
13070,15681
13091,15701
13112,15722
13133,15742
13155,15762
13176,15783
13196,15804
13217,15826
13239,15847
13259,15869
13279,15891
13300,15912
13320,15934
13341,15957
13363,15978
13384,16000
13405,16022
13426,16043
13448,16065
13468,16087
13490,16110
13511,16132
13532,16154
13552,16175
13572,16196
13592,16216
13613,16238
13634,16261
13654,16283
13676,16306
13696,16329
13717,16351
13739,16375
13761,14
13782,37
13803,60
13824,83
13844,105
13866,129
13887,153
13908,177
13930,201
13950,225
13972,250
13994,275
14015,299
14037,323
14058,348
14080,372
14101,398
14124,424
14147,450
14167,476
14190,501
14213,527
14237,553
14259,578
14281,603
14302,629
14324,656
14346,683
14368,709
14390,735
14412,761
14435,786
14457,813
14478,839
14502,866
14525,893
14547,920
14572,946
14595,973
14618,999
14641,1026
14662,1051
14684,1077
14706,1104
14728,1130
14750,1156
14772,1180
14792,1205
14814,1230
14834,1255
14856,1279
14876,1303
14897,1330
14918,1354
14939,1377
14959,1402
14981,1426
15000,1451
15021,1475
15041,1501
15063,1528
15084,1552
15106,1575
15126,1599
15147,1622
15168,1647
15189,1671
15211,1694
15232,1718
15252,1740
15272,1764
15292,1789
15311,1813
15332,1835
15352,1860
15371,1883
15391,1907
15412,1932
15432,1957
15454,1980
15475,2006
15498,2031
15520,2055
15542,2079
15563,2104
15584,2128
15607,2153
15629,2178
15651,2203
15673,2230
15696,2256
15719,2282
15743,2308
15765,2335
15789,2363
15813,2389
15835,2415
15857,2439
15880,2464
15903,2491
15927,2516
15949,2542
15972,2566
15995,2591
16017,2618
16040,2643
16063,2667
16086,2693
16108,2718
16131,2744
16154,2771
16177,2795
16200,2822
16223,2848
16246,2872
16268,2896
16292,2922
16316,2948
16341,2974
16365,3000
6,3028
30,3053
55,3078
78,3104
102,3129
126,3155
149,3180
174,3205
197,3232
220,3258
245,3283
270,3309
295,3334
319,3359
344,3383
368,3408
393,3433
417,3457
441,3479
466,3503
489,3528
514,3551
537,3574
561,3598
587,3621
610,3644
634,3668
656,3691
680,3716
704,3739
728,3762
751,3784
774,3807
797,3829
822,3852
846,3874
870,3895
894,3917
920,3936
946,3956
971,3977
993,3999
1018,4020
1041,4041
1064,4064
1086,4086
1108,4107
1132,4129
1156,4150
1181,4171
1205,4193
1228,4216
1254,4237
1279,4258
1304,4281
1330,4303
1354,4324
1380,4346
1404,4367
1429,4389
1454,4411
1478,4433
1503,4454
1528,4474
1552,4497
1576,4519
1602,4541
1626,4561
1651,4582
1677,4603
1702,4625
1727,4646
1754,4668
1783,4688
1809,4710
1835,4733
1861,4754
1886,4775
1912,4797
1939,4820
1966,4842
1992,4863
2019,4885
2044,4907
2069,4930
2094,4951
2121,4973
2148,4995
2176,5018
2204,5041
2232,5063
2259,5085
2288,5106
2316,5129
2343,5150
2371,5172
2399,5193
2427,5215
2454,5237
2480,5258
2506,5278
2533,5300
2560,5321
2587,5342
2614,5364
2641,5385
2669,5407
2695,5429
2722,5450
2749,5470
2777,5491
2804,5512
2832,5532
2859,5552
2884,5572
2908,5592
2933,5613
2958,5633
2983,5651
3008,5670
3032,5689
3055,5709
3079,5728
3103,5748
3127,5766
3150,5785
3175,5804
3199,5824
3223,5843
3248,5861
3272,5880
3296,5898
3319,5917
3345,5935
3369,5953
3393,5971
3416,5989
3439,6008
3463,6026
3486,6044
3508,6062
3530,6080
3553,6098
3575,6115
3598,6135
3622,6153
3645,6171
3668,6189
3691,6208
3716,6226
3740,6244
3765,6263
3789,6283
3813,6303
3838,6323
3861,6343
3885,6363
3908,6383
3932,6403
3955,6424
3977,6443
4001,6462
4024,6483
4047,6502
4071,6521
4094,6540
4119,6561
4142,6582
4166,6602
4190,6621
4214,6641
4237,6661
4261,6682
4284,6701
4306,6722
4329,6742
4353,6762
4376,6783
4399,6804
4422,6825
4446,6847
4469,6868
4494,6889
4517,6910
4541,6931
4566,6952
4591,6974
4614,6995
4636,7016
4658,7036
4681,7057
4705,7078
4729,7100
4752,7122
4774,7143
4797,7163
4820,7185
4842,7206
4866,7227
4888,7248
4912,7270
4934,7290
4956,7312
4979,7335
5001,7357
5023,7377
5046,7398
5066,7418
5088,7439
5110,7460
5131,7481
5153,7503
5175,7524
5197,7544
5218,7566
5239,7586
5260,7606
5281,7626
5302,7647
5320,7667
5341,7689
5361,7709
5382,7730
5401,7750
5422,7771
5443,7791
5463,7812
5483,7832
5503,7852
5524,7872
5544,7893
5564,7915
5584,7935
5603,7958
5623,7978
5644,7998
5665,8020
5686,8041
5707,8062
5727,8083
5747,8106
5767,8127
5788,8149
5808,8171
5828,8192
5848,8213
5869,8235
5889,8258
5910,8281
5931,8303
5951,8326
5972,8347
5993,8370
6013,8394
6034,8417
6054,8440
6075,8463
6095,8485
6117,8509
6137,8533
6157,8556
6178,8579
6200,8603
6221,8626
6242,8650
6265,8675
6287,8699
6310,8725
6331,8749
6353,8773
6376,8798
6397,8824
6419,8851
6442,8875
6465,8901
6486,8927
6507,8953
6529,8979
6551,9005
6574,9031
6596,9057
6619,9082
6641,9108
6664,9135
6687,9162
6710,9188
6733,9214
6756,9240
6779,9267
6802,9294
6825,9321
6850,9347
6873,9373
6896,9400
6919,9427
6942,9453
6964,9479
6985,9505
7007,9533
7031,9558
7054,9583
7077,9609
7100,9634
7123,9661
7145,9686
7167,9710
7189,9735
7211,9758
7232,9784
7253,9808
7276,9833
7296,9857
7318,9881
7340,9905
7360,9930
7381,9953
7402,9978
7422,10003
7442,10028
7465,10052
7486,10074
7506,10099
7527,10122
7547,10146
7570,10170
7592,10191
7613,10214
7634,10238
7656,10262
7678,10287
7699,10310
7720,10335
7741,10358
7763,10381
7785,10405
7805,10428
7827,10451
7849,10475
7871,10501
7894,10525
7917,10551
7941,10576
7965,10601
7989,10627
8012,10654
8036,10680
8058,10705
8082,10732
8106,10757
8128,10782
8149,10809
8173,10834
8196,10859
8218,10884
8241,10910
8263,10936
8287,10961
8312,10986
8336,11011
8360,11035
8385,11061
8409,11087
8434,11114
8459,11140
8483,11166
8507,11190
8532,11215
8557,11241
8581,11266
8607,11291
8632,11317
8655,11343
8680,11370
8705,11394
8730,11420
8756,11446
8781,11472
8806,11498
8833,11524
8858,11548
8884,11573
8911,11600
8937,11626
8964,11650
8990,11676
9015,11701
9041,11727
9066,11751
9090,11775
9114,11801
9139,11826
9165,11850
9188,11874
9213,11897
9238,11920
9264,11944
9289,11967
9315,11991
9341,12015
9368,12036
9394,12058
9418,12080
9443,12103
9467,12124
9491,12146
9514,12168
9538,12190
9561,12212
9585,12234
9609,12256
9633,12278
9656,12299
9679,12321
9706,12343
9731,12365
9755,12386
9781,12407
9805,12429
9830,12450
9854,12471
9878,12492
9903,12513
9927,12535
9951,12557
9974,12578
9999,12600
10024,12621
10047,12643
10071,12665
10097,12687
10121,12708
10146,12729
10171,12750
10196,12772
10221,12793
10246,12815
10275,12837
10301,12859
10328,12881
10354,12902
10380,12923
10406,12945
10431,12967
10457,12988
10481,13009
10508,13031
10532,13053
10559,13076
10583,13097
10609,13120
10636,13140
10662,13162
10689,13184
10715,13207
10743,13229
10772,13252
10799,13275
10826,13296
10853,13319
10880,13341
10908,13364
10936,13385
10964,13407
10990,13429
11016,13451
11042,13474
11068,13496
11094,13518
11121,13540
11148,13562
11174,13582
11199,13604
11226,13626
11255,13648
11283,13671
11312,13693
11341,13716
11368,13738
11396,13761
11424,13782
11450,13804
11477,13826
11502,13846
11528,13868
11555,13890
11580,13910
11606,13932
11631,13953
11656,13973
11681,13993
11705,14013
11731,14034
11756,14053
11781,14072
11806,14092
11831,14111
11854,14131
11878,14149
11901,14169
11924,14189
11946,14209
11968,14228
11991,14246
12013,14266
12036,14283
12059,14302
12082,14320
12103,14339
12125,14357
12146,14377
12167,14395
12190,14412
12212,14432
12233,14450
12254,14470
12277,14487
12299,14506
12321,14525
12342,14542
12364,14562
12386,14581
12408,14600
12429,14620
12451,14639
12473,14658
12495,14679
12519,14700
12543,14721
12566,14741
12589,14761
12613,14781
12638,14801
12663,14821
12685,14841
12707,14862
12730,14882
12753,14902
12776,14923
12799,14944
12822,14965
12844,14984
12864,15005
12887,15026
12910,15047
12933,15067
12954,15089
12976,15110
12999,15131
13023,15152
13046,15174
13068,15196
13092,15219
13115,15241
13138,15262
13161,15283
13184,15304
13207,15326
13229,15348
13251,15371
13274,15393
13297,15415
13319,15438
13341,15460
13363,15482
13385,15505
13408,15527
13431,15550
13454,15573
13477,15595
13501,15618
13522,15641
13545,15664
13567,15687
13590,15708
13613,15731
13634,15754
13656,15777
13678,15799
13698,15823
13720,15845
13742,15868
13764,15891
13784,15913
13806,15935
13828,15958
13849,15980
13870,16003
13891,16025
13912,16047
13932,16069
13954,16090
13975,16113
13996,16136
14017,16159
14037,16180
14057,16201
14078,16222
14098,16244
14118,16266
14139,16288
14158,16310
14178,16331
14199,16354
14219,16376
14238,16
14258,38
14278,59
14298,81
14319,104
14339,126
14359,148
14379,171
14400,192
14419,215
14440,237
14461,263
14482,286
14503,309
14524,333
14543,357
14563,381
14585,405
14606,429
14627,454
14649,477
14669,502
14691,526
14711,551
14732,575
14753,601
14773,625
14795,649
14817,674
14840,699
14861,724
14882,750
14904,774
14927,801
14950,828
14972,854
14994,881
15016,907
15039,933
15061,959
15083,985
15105,1011
15128,1037
15151,1065
15175,1091
15199,1118
15223,1146
15247,1174
15270,1202
15293,1229
15316,1257
15339,1284
15362,1310
15385,1336
15408,1364
15431,1391
15455,1419
15479,1445
15503,1473
15528,1501
15553,1530
15578,1557
15603,1583
15627,1611
15652,1639
15676,1667
15698,1693
15722,1719
15746,1746
15769,1773
15792,1800
15815,1825
15836,1851
15858,1876
15880,1901
15902,1927
15924,1951
15947,1977
15968,2002
15991,2027
16014,2051
16037,2076
16059,2102
16082,2126
16105,2150
16127,2176
16149,2200
16170,2224
16191,2248
16212,2271
16233,2295
16253,2319
16274,2342
16295,2366
16316,2391
16336,2414
16358,2437
16381,2460
19,2483
43,2507
65,2531
89,2555
112,2581
135,2606
158,2629
182,2654
204,2679
228,2707
251,2732
276,2757
300,2782
324,2808
347,2831
372,2857
397,2882
422,2907
446,2934
470,2960
497,2984
522,3010
548,3035
573,3059
598,3085
622,3109
648,3135
674,3161
699,3186
723,3212
747,3237
772,3262
797,3288
822,3313
847,3337
874,3363
899,3387
927,3412
954,3438
980,3462
1007,3488
1033,3514
1059,3538
1085,3563
1111,3588
1137,3614
1162,3639
1189,3664
1215,3688
1240,3714
1267,3740
1293,3764
1319,3787
1345,3811
1372,3835
1399,3860
1426,3885
1455,3910
1482,3934
1511,3957
1539,3980
1564,4003
1590,4026
1616,4048
1643,4072
1669,4095
1694,4118
1718,4140
1744,4162
1769,4184
1792,4207
1818,4229
1843,4252
1868,4273
1895,4295
1922,4317
1948,4338
1973,4360
1998,4381
2025,4403
2050,4425
2074,4446
2097,4468
2123,4489
2146,4509
2170,4530
2195,4551
2219,4571
2242,4592
2266,4612
2291,4631
2315,4652
2340,4672
2365,4694
2391,4715
2417,4735
2443,4756
2469,4777
2493,4796
2517,4817
2541,4837
2566,4857
2592,4877
2616,4899
2640,4919
2666,4940
2690,4960
2716,4980
2739,5002
2765,5022
2792,5043
2819,5064
2845,5085
2871,5106
2896,5127
2923,5147
2950,5168
2975,5189
3001,5210
3025,5230
3052,5251
3076,5273
3102,5294
3127,5315
3153,5336
3179,5358
3206,5380
3232,5401
3259,5421
3285,5442
3312,5462
3339,5483
3366,5504
3392,5525
3419,5548
3446,5568
3472,5589
3498,5611
3526,5631
3552,5653
3578,5675
3604,5696
3629,5718
3655,5739
3681,5759
3708,5782
3736,5804
3763,5827
3790,5848
3817,5870
3842,5890
3867,5911
3892,5931
3916,5952
3942,5973
3966,5995
3990,6016
4014,6036
4037,6056
4061,6077
4084,6096
4106,6117
4129,6136
4152,6154
4175,6174
4198,6193
4222,6212
4244,6231
4268,6249
4291,6268
4313,6287
4336,6306
4359,6325
4382,6344
4405,6362
4426,6380
4447,6398
4468,6416
4488,6435
4510,6453
4531,6472
4552,6489
4573,6508
4594,6527
4616,6544
4637,6563
4659,6581
4682,6600
4704,6618
4726,6637
4748,6655
4770,6675
4792,6694
4816,6714
4838,6734
4859,6755
4881,6775
4904,6795
4925,6814
4947,6835
4969,6856
4990,6875
5011,6896
5033,6916
5056,6938
5079,6959
5102,6979
5124,7001
5147,7020
5169,7040
5192,7062
5214,7082
5236,7104
5259,7126
5281,7145
5303,7167
5325,7188
5346,7211
5368,7232
5389,7253
5411,7273
5433,7295
5455,7317
5477,7339
5500,7362
5524,7384
5546,7406
5569,7429
5592,7452
5614,7474
5635,7497
5657,7520
5680,7542
5702,7564
5722,7587
5745,7610
5767,7633
5789,7656
5811,7678
5834,7701
5855,7724
5876,7747
5899,7769
5921,7791
5943,7814
5965,7837
5987,7859
6010,7882
6032,7905
6055,7927
6076,7949
6097,7972
6118,7995
6138,8017
6159,8039
6179,8060
6199,8081
6219,8105
6241,8128
6261,8149
6282,8171
6303,8192
6323,8214
6343,8236
6363,8257
6384,8279
6405,8301
6426,8324
6446,8346
6467,8367
6488,8389
6508,8411
6528,8433
6548,8455
6568,8478
6588,8500
6607,8523
6627,8546
6646,8567
6666,8590
6686,8612
6707,8636
6727,8658
6749,8681
6770,8704
6791,8728
6812,8752
6833,8776
6854,8798
6876,8820
6897,8844
6918,8868
6940,8892
6960,8916
6982,8939
7002,8964
7025,8989
7046,9012
7066,9036
7088,9061
7110,9085
7133,9111
7155,9135
7177,9161
7199,9187
7222,9212
7245,9237
7268,9263
7291,9288
7313,9313
7336,9339
7359,9366
7382,9393
7405,9419
7429,9445
7451,9473
7476,9499
7499,9526
7522,9552
7547,9579
7570,9607
7595,9634
7621,9660
7646,9688
7671,9716
7695,9742
7720,9767
7745,9795
7769,9824
7794,9851
7817,9880
7843,9906
7868,9934
7892,9961
7917,9988
7942,10016
7965,10042
7988,10070
8012,10097
8037,10123
8060,10149
8085,10176
8110,10202
8133,10228
8157,10255
8182,10280
8205,10306
8229,10330
8251,10355
8275,10381
8297,10406
8318,10432
8340,10456
8362,10479
8385,10503
8408,10527
8431,10551
8453,10574
8476,10597
8500,10621
8523,10645
8546,10668
8570,10691
8592,10715
8615,10738
8637,10760
8659,10784
8683,10806
8704,10829
8726,10851
8747,10874
8768,10897
8789,10920
8811,10943
8834,10965
8858,10988
8882,11014
8907,11038
8931,11061
8956,11087
8981,11111
9006,11137
9031,11162
9056,11186
9080,11209
9105,11235
9130,11260
9154,11284
9181,11309
9205,11334
9230,11359
9256,11384
9282,11408
9306,11434
9333,11459
9358,11483
9384,11507
9409,11533
9438,11558
9464,11583
9491,11608
9517,11633
9541,11658
9568,11683
9593,11706
9619,11731
9644,11757
9670,11782
9696,11807
9721,11831
9748,11856
9773,11880
9799,11905
9826,11929
9853,11953
9878,11977
9906,12001
9934,12026
9962,12051
9988,12074
10015,12098
10042,12123
10069,12145
10096,12168
10124,12193
10149,12215
10176,12239
10202,12265
10228,12288
10254,12312
10279,12335
10305,12358
10332,12382
10358,12405
10384,12429
10411,12452
10437,12474
10464,12497
10492,12519
10517,12542
10543,12566
10569,12588
10594,12610
10619,12634
10642,12655
10665,12676
10690,12697
10713,12717
10739,12738
10764,12759
10789,12779
10813,12799
10839,12819
10863,12841
10888,12861
10913,12882
10936,12902
10960,12923
10986,12943
11009,12964
11033,12984
11056,13005
11079,13025
11101,13046
11124,13066
11147,13086
11169,13107
11192,13127
11216,13146
11239,13165
11263,13185
11288,13204
11312,13224
11336,13244
11362,13264
11387,13285
11412,13304
11438,13324
11461,13345
11485,13366
11508,13386
11532,13405
11555,13427
11579,13447
11604,13467
11627,13488
11652,13508
11675,13528
11701,13550
11725,13569
11751,13591
11777,13613
11801,13633
11827,13654
11853,13675
11878,13695
11903,13717
11927,13738
11952,13758
11976,13778
11999,13799
12024,13820
12049,13841
12073,13862
12098,13884
12122,13905
12145,13926
12169,13949
12193,13969
12218,13990
12243,14011
12268,14034
12293,14055
12319,14076
12345,14096
12372,14118
12396,14140
12421,14160
12445,14182
12469,14203
12494,14225
12518,14247
12543,14269
12567,14292
12591,14312
12615,14334
12640,14354
12664,14375
12689,14395
12713,14415
12737,14437
12759,14457
12783,14476
12806,14495
12829,14514
12852,14533
12873,14553
12895,14572
12916,14592
12937,14610
12958,14629
12980,14649
13000,14668
13022,14687
13043,14705
13065,14725
13085,14743
13107,14762
13127,14782
13148,14801
13169,14819
13190,14839
13211,14857
13232,14875
13253,14894
13273,14913
13293,14931
13314,14950
13332,14969
13352,14987
13371,15006
13392,15026
13411,15045
13432,15064
13453,15085
13474,15105
13495,15125
13516,15144
13538,15164
13559,15185
13580,15204
13602,15226
13623,15247
13644,15267
13664,15287
13687,15309
13708,15330
13730,15351
13751,15372
13772,15394
13794,15416
13816,15438
13838,15461
13861,15483
13883,15503
13904,15526
13925,15549
13946,15570
13967,15592
13989,15614
14010,15634
14031,15655
14053,15677
14075,15700
14096,15721
14118,15745
14140,15767
14162,15790
14183,15813
14205,15837
14227,15860
14248,15883
14269,15907
14291,15930
14311,15953
14333,15976
14354,15999
14377,16023
14399,16047
14421,16070
14444,16093
14466,16116
14487,16139
14508,16163
14530,16186
14553,16208
14577,16231
14598,16255
14620,16277
14641,16300
14662,16325
14684,16347
14706,16370
14726,11
14747,34
14768,56
14789,81
14811,105
14832,126
14852,150
14874,172
14895,197
14915,220
14936,242
14957,266
14979,288
14999,311
15019,334
15040,357
15059,380
15078,402
15098,425
15118,447
15138,470
15158,493
15178,514
15197,537
15219,560
15239,583
15260,605
15280,628
15300,652
15321,674
15340,697
15360,721
15380,743
15400,766
15421,789
15442,811
15463,836
15482,859
15502,883
15523,907
15545,930
15565,954
15587,978
15609,1003
15631,1029
15653,1053
15675,1077
15697,1100
15720,1125
15742,1150
15765,1175
15786,1201
15808,1226
15830,1253
15852,1278
15874,1304
15897,1330
15919,1356
15942,1382
15966,1408
15991,1433
16015,1461
16040,1486
16063,1515
16088,1541
16112,1567
16136,1592
16161,1619
16185,1646
16208,1672
16231,1700
16254,1729
16278,1755
16301,1782
16326,1809
16352,1837
16375,1864
16,1891
41,1918
66,1946
91,1974
117,2001
141,2028
167,2053
194,2080
220,2108
245,2136
273,2162
298,2189
323,2215
347,2242
373,2269
397,2295
421,2322
445,2349
469,2376
494,2403
518,2428
542,2451
567,2478
591,2502
616,2526
641,2551
665,2576
689,2600
713,2623
736,2646
760,2669
782,2695
806,2718
829,2741
851,2766
873,2789
896,2811
918,2833
942,2857
965,2879
987,2902
1011,2924
1034,2948
1059,2970
1083,2991
1107,3013
1131,3037
1153,3060
1178,3083
1201,3104
1225,3128
1249,3152
1272,3176
1294,3200
1319,3222
1342,3247
1367,3270
1391,3295
1416,3319
1441,3345
1468,3369
1493,3393
1520,3417
1546,3440
1574,3465
1601,3489
1627,3514
1653,3540
1679,3565
1705,3590
1731,3615
1757,3639
1783,3663
1808,3686
1833,3709
1858,3732
1884,3757
1910,3781
1936,3804
1962,3827
1989,3850
2014,3873
2041,3895
2066,3918
2093,3939
2119,3962
2146,3985
2171,4010
2198,4033
2225,4057
2251,4082
2278,4106
2303,4129
2330,4151
2357,4177
2382,4200
2408,4223
2435,4246
2462,4268
2488,4291
2517,4315
2546,4337
2573,4361
2600,4383
2627,4407
2652,4429
2678,4452
2704,4475
2729,4497
2754,4519
2779,4541
2805,4563
2829,4584
2855,4607
2880,4629
2904,4650
2930,4671
2956,4694
2982,4714
3007,4735
3032,4755
3056,4776
3080,4797
3105,4817
3129,4837
3153,4857
3176,4876
3199,4896
3223,4917
3247,4937
3270,4956
3293,4975
3316,4995
3338,5014
3362,5033
3385,5052
3408,5071
3432,5090
3455,5109
3478,5128
3502,5147
3524,5167
3546,5185
3568,5204
3591,5223
3614,5242
3637,5261
3660,5281
3681,5299
3704,5318
3728,5337
3749,5357
3772,5376
3795,5395
3819,5414
3842,5433
3865,5452
3888,5471
3911,5490
3934,5509
3957,5528
3979,5547
4003,5567
4027,5589
4052,5610
4074,5630
4097,5650
4119,5670
4143,5690
4167,5711
4191,5731
4215,5751
4239,5771
4265,5792
4289,5813
4314,5833
4340,5853
4365,5874
4391,5895
4415,5915
4439,5935
4462,5955
4487,5975
4511,5996
4534,6016
4558,6036
4582,6057
4606,6077
4631,6099
4655,6121
4678,6142
4703,6163
4728,6185
4752,6206
4778,6226
4804,6248
4829,6270
4853,6290
4876,6311
4902,6332
4925,6352
4949,6374
4973,6395
4995,6415
5019,6436
5041,6456
5064,6476
5086,6497
5110,6516
5131,6536
5153,6555
5176,6574
5197,6593
5219,6612
5242,6632
5263,6652
5285,6672
5306,6689
5327,6708
5349,6727
5369,6746
5390,6765
5410,6784
5430,6803
5450,6822
5469,6841
5490,6859
5510,6878
5529,6898
5549,6917
5569,6935
5588,6954
5608,6972
5629,6991
5649,7010
5669,7028
5688,7047
5709,7065
5730,7085
5750,7105
5771,7123
5791,7141
5811,7162
5831,7182
5851,7203
5872,7223
5893,7244
5915,7265
5936,7287
5958,7308
5980,7330
6002,7352
6025,7373
6047,7395
6068,7416
6092,7438
6112,7460
6135,7481
6156,7501
6177,7524
6198,7545
6217,7567
6238,7591
6260,7612
6281,7634
6302,7656
6324,7677
6345,7699
6368,7723
6391,7746
6412,7768
6433,7790
6456,7812
6478,7835
6501,7859
6523,7882
6545,7904
6566,7928
6589,7952
6611,7976
6634,7999
6656,8023
6678,8045
6700,8069
6721,8093
6743,8117
6766,8142
6789,8165
6812,8189
6834,8213
6856,8237
6879,8260
6902,8285
6924,8309
6946,8332
6968,8355
6992,8379
7014,8403
7036,8426
7056,8451
7078,8475
7099,8498
7121,8521
7143,8544
7165,8567
7186,8590
7208,8613
7229,8635
7250,8660
7272,8683
7293,8706
7313,8728
7336,8751
7357,8774
7379,8797
7400,8820
7421,8843
7441,8865
7461,8888
7481,8909
7502,8932
7523,8955
7543,8980
7564,9003
7584,9025
7605,9047
7625,9068
7646,9091
7666,9113
7688,9136
7709,9158
7731,9180
7752,9204
7773,9228
7796,9251
7817,9275
7838,9299
7860,9323
7881,9347
7904,9372
7925,9396
7946,9419
7968,9443
7991,9467
8012,9491
8035,9514
8059,9539
8082,9565
8105,9592
8129,9618
8154,9642
8177,9667
8201,9695
8225,9721
8249,9747
8273,9773
8298,9800
8322,9827
8347,9853
8371,9879
8396,9906
8420,9932
8445,9960
8471,9987
8496,10015
8522,10042
8549,10070
8575,10096
8602,10123
8628,10150
8655,10178
8682,10205
8708,10234
8734,10260
8760,10288
8787,10315
8813,10342
8838,10370
8864,10399
8889,10428
8916,10455
8943,10483
8972,10512
9000,10539
9028,10567
9056,10594
9083,10621
9110,10649
9139,10675
9165,10703
9193,10730
9219,10755
9246,10781
9272,10808
9298,10833
9323,10859
9348,10883
9372,10910
9398,10934
9423,10959
9448,10983
9472,11008
9496,11032
9521,11056
9548,11080
9574,11103
9599,11126
9623,11150
9648,11174
9672,11198
9696,11220
9720,11246
9744,11268
9765,11292
9789,11315
9814,11337
9837,11360
9860,11384
9884,11405
9907,11429
9931,11453
9956,11475
9982,11498
10007,11521
10032,11544
10058,11567
10083,11590
10108,11615
10134,11640
10161,11665
10186,11691
10212,11716
10238,11741
10265,11766
10290,11790
10316,11815
10343,11839
10369,11864
10393,11889
10420,11914
10447,11938
10476,11962
10504,11987
10533,12012
10559,12037
10585,12060
10611,12083
10638,12107
10664,12129
10689,12152
10714,12176
10739,12200
10766,12223
10792,12246
10817,12270
10843,12294
10870,12318
10897,12340
10924,12364
10952,12389
10981,12414
11007,12437
11036,12461
11061,12485
11089,12509
11116,12533
11143,12557
11170,12582
11195,12606
11221,12629
11246,12652
11272,12677
11298,12702
11325,12726
11351,12749
11378,12773
11405,12795
11432,12818
11459,12842
11487,12864
11514,12886
11540,12908
11565,12931
11591,12955
11617,12977
11641,12999
11665,13020
11690,13042
11714,13063
11738,13087
11761,13107
11785,13129
11809,13149
11832,13170
11857,13191
11881,13211
11905,13232
11929,13251
11953,13271
11975,13290
11999,13310
12020,13329
12043,13349
12065,13369
12088,13390
12109,13411
12130,13431
12152,13450
12172,13470
12193,13489
12214,13508
12235,13528
12258,13546
12282,13566
12304,13585
12326,13603
12349,13621
12372,13642
12393,13660
12414,13679
12437,13697
12460,13716
12481,13736
12503,13756
12525,13776
12548,13795
12570,13814
12592,13835
12613,13855
12637,13875
12659,13896
12682,13915
12705,13935
12729,13955
12752,13975
12776,13995
12801,14015
12826,14037
12850,14058
12873,14080
12897,14100
12919,14122
12944,14142
12967,14163
12991,14184
13013,14205
13036,14227
13059,14247
13083,14267
13106,14289
13130,14309
13154,14331
13177,14353
13201,14374
13225,14394
13250,14415
13273,14438
13298,14459
13323,14481
13347,14503
13371,14526
13394,14546
13418,14568
13441,14588
13464,14610
13487,14632
13511,14654
13534,14677
13557,14699
13582,14721
13606,14744
13629,14766
13652,14789
13677,14810
13699,14832
13723,14854
13745,14876
13767,14896
13790,14917
13812,14938
13833,14957
13855,14978
13876,14998
13896,15018
13916,15038
13936,15058
13957,15079
13977,15098
13998,15120
14017,15140
14038,15159
14058,15179
14079,15199
14098,15219
14118,15237
14139,15257
14159,15276
14179,15296
14199,15315
14218,15334
14237,15353
14256,15371
14275,15392
14295,15413
14315,15432
14334,15452
14353,15472
14373,15491
14392,15511
14411,15530
14432,15551
14452,15571
14473,15592
14495,15613
14517,15636
14538,15659
14559,15682
14580,15704
14602,15726
14623,15748
14646,15770
14666,15793
14688,15817
14709,15839
14730,15862
14750,15885
14771,15907
14792,15930
14815,15952
14837,15975
14859,15997
14881,16020
14902,16044
14923,16066
14944,16089
14964,16110
14987,16133
15009,16157
15029,16179
15051,16202
15073,16223
15094,16247
15115,16270
15137,16294
15158,16318
15181,16343
15203,16367
15225,7
15247,31
15270,54
15293,78
15315,103
15337,127
15360,152
15383,177
15407,202
15430,226
15452,252
15474,277
15496,301
15518,325
15541,350
15564,374
15586,399
15608,425
15631,451
15653,475
15675,499
15698,524
15719,547
15742,572
15764,596
15787,621
15809,646
15831,669
15852,693
15874,717
15896,740
15917,765
15939,787
15959,811
15980,834
16001,857
16021,880
16043,903
16063,927
16085,950
16106,973
16127,995
16149,1018
16170,1041
16191,1063
16211,1087
16232,1111
16253,1133
16273,1155
16294,1178
16315,1202
16334,1225
16354,1248
16376,1271
11,1294
32,1317
52,1341
72,1364
93,1387
116,1412
138,1435
160,1459
182,1481
205,1506
230,1530
253,1552
276,1578
299,1602
321,1627
346,1652
369,1677
390,1701
413,1727
436,1752
459,1776
483,1802
507,1827
533,1854
557,1878
582,1906
609,1932
635,1959
661,1985
687,2011
712,2038
738,2063
765,2089
791,2116
816,2143
841,2169
866,2196
891,2223
917,2251
943,2278
969,2305
997,2332
1024,2360
1051,2386
1077,2413
1106,2440
1133,2466
1163,2495
1192,2523
1220,2550
1247,2576
1275,2604
1302,2632
1330,2659
1357,2688
1385,2715
1412,2742
1439,2769
1467,2798
1494,2824
1521,2851
1548,2877
1575,2904
1602,2929
1629,2954
1657,2980
1684,3006
1711,3031
1737,3055
1763,3080
1788,3103
1814,3128
1839,3152
1865,3177
1888,3202
1911,3226
1935,3249
1959,3272
1983,3295
2007,3318
2033,3341
2059,3362
2085,3385
2110,3408
2136,3430
2161,3452
2186,3475
2211,3498
2235,3521
2259,3543
2283,3566
2306,3587
2331,3611
2353,3634
2377,3656
2402,3679
2427,3702
2450,3725
2475,3749
2501,3770
2528,3794
2555,3819
2582,3843
2609,3867
2635,3891
2662,3913
2689,3934
2715,3958
2741,3982
2768,4005
2794,4028
2817,4051
2843,4073
2868,4096
2894,4119
2918,4142
2944,4164
2969,4187
2995,4211
3022,4236
3049,4258
3075,4282
3102,4304
3129,4327
3155,4350
3181,4374
3204,4397
3229,4418
3255,4440
3277,4464
3303,4487
3327,4509
3354,4531
3379,4553
3406,4576
3431,4599
3457,4622
3484,4645
3511,4668
3537,4691
3562,4714
3589,4737
3615,4759
3640,4782
3666,4802
3691,4824
3717,4847
3742,4870
3765,4891
3790,4913
3815,4934
3839,4955
3862,4976
3886,4997
3909,5018
3933,5040
3957,5060
3980,5080
4004,5100
4026,5120
4049,5142
4071,5163
4094,5182
4117,5201
4139,5221
4161,5241
4182,5260
4205,5278
4226,5297
4248,5315
4270,5334
4292,5354
4314,5373
4335,5392
4356,5410
4379,5429
4401,5448
4423,5467
4446,5485
4467,5503
4488,5521
4510,5540
4531,5558
4551,5576
4571,5594
4592,5611
4611,5628
4630,5646
4650,5664
4671,5682
4692,5699
4714,5719
4735,5737
4757,5756
4778,5774
4799,5792
4821,5811
4842,5829
4864,5848
4885,5866
4907,5884
4928,5902
4951,5921
4971,5941
4993,5959
5016,5978
5037,5996
5060,6015
5081,6035
5103,6054
5125,6075
5147,6095
5171,6115
5192,6136
5215,6155
5237,6174
5259,6195
5282,6215
5305,6235
5327,6255
5351,6275
5374,6295
5397,6316
5420,6337
5441,6357
5464,6378
5486,6399
5510,6420
5532,6441
5555,6461
5577,6482
5600,6504
5622,6524
5646,6545
5669,6566
5690,6586
5714,6607
5737,6628
5760,6649
5784,6669
5807,6692
5830,6713
5853,6735
5876,6757
5898,6779
5919,6800
5941,6822
5963,6842
5985,6863
6006,6883
6029,6904
6050,6925
6071,6945
6092,6966
6114,6985
6135,7005
6155,7025
6176,7044
6198,7064
6219,7084
6238,7104
6259,7125
6278,7143
6297,7163
6317,7184
6337,7203
6356,7221
6376,7241
6394,7260
6414,7280
6434,7300
6453,7319
6474,7338
6493,7357
6513,7375
6532,7394
6552,7413
6570,7433
6590,7453
6610,7472
6631,7491
6651,7512
6670,7531
6689,7551
6709,7573
6730,7595
6750,7616
6770,7636
6792,7658
6813,7680
6835,7701
6855,7724
6876,7746
6898,7767
6920,7790
6941,7812
6963,7834
6986,7856
7009,7878
7031,7902
7053,7926
7076,7948
7097,7971
7118,7992
7140,8014
7161,8037
7183,8060
7204,8082
7226,8106
7248,8128
7270,8150
7291,8173
7314,8196
7337,8219
7361,8243
7384,8265
7407,8289
7430,8312
7453,8336
7475,8361
7497,8385
7521,8409
7542,8434
7565,8458
7589,8483
7611,8508
7635,8533
7659,8559
7681,8583
7705,8607
7728,8632
7751,8656
7774,8682
7798,8706
7823,8732
7846,8757
7871,8782
7896,8808
7919,8833
7943,8858
7964,8882
7987,8906
8008,8929
8031,8955
8052,8980
8075,9005
8097,9029
8119,9053
8140,9076
8162,9099
8186,9124
8209,9150
8231,9173
8254,9196
8278,9219
8301,9242
8323,9265
8346,9288
8368,9312
8391,9335
8412,9359
8431,9382
8454,9405
8475,9429
8498,9451
8519,9475
8542,9498
8564,9521
8587,9544
8610,9566
8634,9589
8655,9612
8678,9637
8701,9659
8725,9682
8747,9704
8769,9727
8790,9751
8814,9773
8836,9797
8858,9820
8881,9843
8903,9866
8925,9889
8948,9914
8971,9937
8994,9963
9019,9988
9043,10013
9068,10038
9094,10063
9120,10087
9145,10111
9171,10136
9196,10162
9221,10188
9247,10213
9274,10239
9299,10266
9326,10292
9351,10319
9378,10346
9404,10372
9429,10397
9455,10422
9482,10449
9509,10476
9536,10502
9563,10529
9590,10557
9617,10582
9646,10609
9673,10637
9702,10662
9728,10688
9756,10715
9782,10742
9809,10769
9836,10796
9863,10823
9890,10848
9916,10875
9943,10904
9970,10930
9996,10956
10025,10982
10053,11010
10082,11037
10112,11064
10141,11091
10171,11117
10198,11144
10226,11172
10254,11199
10282,11226
10309,11251
10335,11277
10362,11304
10388,11329
10413,11355
10438,11380
10463,11404
10488,11429
10514,11453
10540,11477
10566,11500
10591,11523
10617,11546
10642,11569
10666,11593
10691,11615
10716,11639
10741,11661
10766,11683
10790,11705
10812,11728
10835,11751
10857,11773
10880,11794
10903,11816
10926,11838
10949,11861
10973,11882
10996,11904
11020,11926
11045,11949
11070,11971
11096,11991
11119,12013
11142,12034
11168,12058
11192,12079
11216,12100
11240,12121
11263,12144
11288,12167
11311,12190
11336,12212
11360,12234
11384,12257
11410,12280
11435,12302
11460,12324
11486,12347
11511,12370
11535,12394
11562,12417
11587,12440
11612,12463
11637,12486
11661,12509
11685,12532
11710,12555
11735,12578
11759,12600
11783,12624
11808,12646
11831,12668
11856,12690
11880,12713
11905,12735
11930,12758
11954,12780
11979,12802
12003,12826
12027,12849
12052,12871
12077,12893
12101,12915
12124,12938
12147,12960
12170,12982
12194,13005
12216,13027
12240,13049
12264,13070
12287,13094
12311,13115
12335,13137
12359,13159
12382,13181
12405,13202
12430,13225
12455,13246
12481,13267
12504,13289
12530,13309
12554,13330
12578,13352
12601,13372
12623,13395
12645,13415
12666,13436
12688,13456
12710,13476
12732,13498
12754,13517
12777,13536
12799,13555
12822,13575
12844,13595
12866,13615
12887,13634
12909,13653
12931,13671
12953,13691
12974,13711
12995,13729
13016,13749
13036,13767
13058,13785
13077,13804
13096,13821
13116,13840
13136,13858
13157,13877
13177,13895
13197,13912
13217,13931
13237,13949
13258,13967
13279,13986
13300,14003
13321,14022
13341,14038
13360,14057
13380,14074
13401,14093
13422,14111
13441,14130
13460,14148
13481,14168
13501,14185
13521,14205
13542,14225
13563,14243
13584,14263
13605,14282
13626,14303
13648,14322
13671,14342
13693,14362
13715,14382
13737,14403
13758,14423
13780,14444
13802,14463
13824,14484
13846,14505
13869,14525
13891,14546
13912,14566
13933,14588
13956,14609
13977,14629
14000,14650
14020,14670
14044,14692
14067,14713
14091,14735
14112,14757
14134,14778
14156,14800
14179,14820
14201,14842
14225,14864
14248,14885
14269,14906
14292,14928
14314,14950
14336,14973
14359,14995
14381,15016
14403,15037
14426,15058
14448,15081
14470,15104
14493,15125
14515,15148
14537,15170
14560,15192
14583,15215
14606,15238
14628,15260
14650,15282
14673,15303
14695,15325
14717,15348
14738,15368
14758,15389
14778,15410
14798,15430
14818,15452
14839,15472
14858,15492
14879,15512
14900,15532
14921,15553
14941,15574
14961,15594
14982,15614
15002,15635
15022,15656
15043,15676
15062,15696
15082,15716
15101,15735
15120,15756
15139,15776
15159,15794
15177,15814
15197,15836
15217,15857
15237,15877
15256,15898
15276,15918
15297,15939
15318,15962
15338,15982
15358,16003
15377,16025
15399,16046
15420,16067
15441,16089
15463,16111
15485,16133
15505,16156
15527,16179
15550,16201
15571,16224
15593,16245
15614,16269
15635,16292
15658,16314
15681,16338
15704,16363
15726,2
15748,25
15771,49
15792,72
15815,95
15838,118
15861,142
15882,165
15904,190
15926,213
15949,238
15971,263
15993,287
16014,311
16037,334
16059,359
16082,383
16105,407
16128,431
16151,455
16174,480
16196,506
16219,532
16242,556
16264,583
16289,609
16314,635
16338,661
16363,686
3,712
27,737
51,764
74,789
97,814
120,840
144,864
167,888
191,915
215,941
240,966
265,991
289,1015
313,1040
338,1066
362,1092
387,1118
411,1141
435,1166
458,1191
481,1217
504,1241
526,1264
548,1288
571,1312
594,1337
618,1359
642,1384
664,1407
687,1430
711,1455
735,1478
759,1502
782,1526
806,1550
829,1574
852,1597
876,1621
898,1645
921,1668
942,1692
964,1714
986,1737
1009,1760
1031,1781
1053,1803
1076,1826
1099,1849
1124,1874
1148,1900
1173,1923
1198,1946
1222,1970
1245,1993
1268,2016
1293,2039
1317,2065
1341,2090
1365,2114
1389,2139
1416,2164
1442,2190
1467,2215
1492,2241
1517,2267
1545,2293
1572,2319
1600,2345
1628,2372
1654,2398
1681,2424
1708,2450
1736,2475
1763,2502
1791,2529
1818,2556
1846,2582
1872,2610
1898,2637
1924,2663
1951,2689
1978,2716
2006,2742
2032,2769
2059,2796
2087,2823
2116,2848
2145,2875
2172,2902
2200,2929
2229,2956
2256,2982
2285,3008
2313,3035
2341,3061
2367,3088
2394,3115
2422,3141
2447,3168
2474,3194
2501,3220
2528,3247
2557,3273
2586,3299
2614,3325
2642,3351
2669,3376
2698,3401
2725,3428
2752,3453
2781,3479
2808,3503
2833,3527
2859,3551
2884,3575
2910,3600
2934,3624
2959,3648
2982,3670
3007,3695
3031,3718
3055,3739
3077,3760
3102,3782
3127,3804
3151,3827
3174,3849
3199,3871
3223,3893
3245,3914
3269,3935
3292,3955
3316,3976
3339,3996
3361,4017
3384,4037
3406,4058
3428,4078
3451,4101
3475,4123
3500,4145
3525,4168
3549,4188
3574,4210
3599,4232
3623,4254
3646,4275
3670,4298
3694,4322
3719,4344
3744,4369
3768,4392
3792,4414
3816,4435
3839,4457
3863,4481
3886,4503
3910,4526
3935,4549
3959,4572
3982,4595
4006,4617
4031,4639
4055,4660
4078,4682
4102,4703
4126,4726
4149,4747
4173,4769
4197,4792
4220,4813
4243,4834
4266,4855
4289,4876
4313,4897
4337,4918
4361,4941
4384,4962
4407,4985
4432,5006
4456,5028
4481,5049
4507,5071
4532,5094
4555,5116
4579,5138
4603,5159
4626,5181
4651,5202
4672,5225
4695,5244
4719,5265
4741,5287
4764,5308
4787,5329
4809,5349
4833,5370
4855,5391
4880,5410
4904,5431
4927,5451
4950,5472
4973,5491
4995,5511
5017,5531
5039,5550
5061,5569
5082,5589
5103,5609
5125,5628
5147,5646
5167,5665
5187,5683
5209,5702
5231,5721
5250,5739
5271,5758
5292,5778
5313,5796
5334,5813
5353,5831
5373,5849
5393,5867
5413,5886
5434,5904
5454,5921
5474,5938
5493,5957
5513,5974
5534,5992
5554,6010
5573,6028
5592,6045
5613,6063
5632,6081
5653,6099
5672,6118
5692,6135
5712,6153
5731,6171
5751,6189
5772,6207
5792,6225
5814,6242
5834,6261
5855,6280
5875,6299
5896,6318
5917,6338
5938,6357
5960,6378
5980,6398
6001,6419
6024,6439
6047,6459
6068,6480
6091,6501
6113,6522
6136,6542
6157,6562
6179,6583
6202,6603
6224,6623
6247,6644
6269,6665
6291,6686
6313,6708
6335,6728
6358,6750
6380,6772
6404,6794
6427,6815
6450,6836
6472,6859
6495,6881
6518,6902
6541,6924
6564,6946
6587,6967
6610,6989
6633,7012
6656,7034
6679,7056
6702,7078
6725,7101
6749,7123
6772,7146
6795,7167
6819,7192
6842,7215
6865,7238
6887,7260
6910,7282
6933,7305
6956,7328
6979,7351
7001,7372
7024,7394
7046,7416
7067,7438
7090,7460
7110,7481
7132,7500
7153,7521
7175,7542
7195,7564
7215,7584
7235,7605
7256,7626
7277,7646
7297,7665
7318,7686
7338,7706
7358,7726
7379,7747
7400,7768
7421,7789
7442,7810
7463,7829
7484,7850
7504,7871
7526,7892
7546,7912
7567,7933
7587,7954
7608,7974
7630,7994
7650,8015
7670,8035
7692,8057
7713,8079
7735,8099
7759,8122
7781,8144
7804,8166
7828,8188
7852,8213
7874,8236
7899,8261
7922,8285
7946,8309
7969,8333
7992,8357
8016,8380
8036,8404
8057,8428
8079,8451
8102,8476
8125,8500
8147,8524
8171,8548
8194,8571
8218,8594
8242,8618
8266,8642
8289,8666
8312,8690
8337,8715
8361,8740
8385,8764
8410,8789
8434,8814
8458,8838
8482,8864
8506,8891
8531,8916
8554,8941
8579,8966
8604,8993
8629,9020
8654,9045
8680,9070
8705,9096
8732,9121
8758,9148
8785,9175
8810,9200
8836,9226
8862,9252
8888,9279
8913,9304
8937,9330
8962,9355
8987,9381
9011,9406
9035,9430
9061,9454
9085,9479
9111,9503
9137,9528
9162,9554
9187,9579
9213,9604
9239,9629
9264,9652
9289,9676
9314,9700
9338,9725
9361,9749
9385,9773
9408,9798
9432,9821
9454,9845
9477,9868
9500,9892
9525,9915
9549,9938
9572,9961
9596,9984
9621,10009
9645,10032
9670,10054
9695,10078
9721,10102
9746,10124
9770,10145
9794,10169
9817,10193
9839,10216
9862,10239
9886,10263
9910,10287
9933,10311
9957,10334
9981,10357
10006,10381
10031,10405
10058,10429
10084,10455
10109,10480
10135,10505
10162,10530
10189,10555
10215,10580
10242,10606
10269,10631
10294,10657
10320,10683
10345,10709
10371,10735
10398,10761
10424,10786
10451,10812
10479,10838
10506,10865
10535,10893
10564,10920
10593,10947
10623,10976
10651,11004
10678,11030
10705,11056
10733,11083
10759,11110
10786,11137
10812,11164
10839,11191
10865,11216
10893,11243
10919,11270
10948,11295
10974,11323
11001,11350
11030,11377
11058,11403
11087,11430
11114,11456
11143,11483
11171,11509
11199,11535
11225,11561
11251,11586
11279,11613
11305,11639
11332,11665
11359,11692
11384,11718
11411,11745
11438,11771
11464,11795
11489,11820
11514,11845
11540,11870
11566,11893
11592,11917
11617,11940
11643,11963
11668,11987
11691,12011
11714,12033
11737,12055
11761,12076
11782,12098
11805,12118
11827,12139
11848,12160
11871,12182
11893,12202
11915,12222
11935,12243
11959,12264
11980,12286
12002,12306
12024,12327
12046,12348
12068,12369
12090,12391
12112,12411
12134,12432
12156,12452
12177,12474
12199,12495
12219,12516
12240,12537
12261,12559
12282,12580
12304,12603
12327,12624
12351,12646
12372,12668
12396,12690
12419,12712
12444,12734
12468,12757
12492,12779
12517,12802
12540,12825
12565,12846
12587,12869
12609,12891
12633,12913
12655,12934
12678,12958
12700,12979
12721,13000
12743,13022
12764,13043
12786,13064
12809,13085
12832,13105
12855,13127
12878,13148
12900,13169
12924,13190
12947,13210
12969,13232
12991,13254
13012,13274
13035,13295
13056,13316
13079,13337
13101,13359
13124,13380
13146,13401
13169,13424
13193,13445
13216,13467
13239,13488
13262,13509
13284,13530
13306,13550
13329,13571
13352,13592
13374,13613
13397,13634
13419,13654
13441,13673
13464,13693
13484,13713
13505,13734
13527,13755
13549,13775
13570,13795
13591,13814
13612,13834
13632,13854
13653,13873
13674,13893
13694,13912
13715,13931
13737,13952
13759,13969
13779,13987
13799,14006
13820,14025
13840,14043
13861,14063
13881,14081
13901,14099
13921,14117
13941,14135
13959,14153
13979,14171
13998,14190
14016,14208
14036,14226
14054,14244
14074,14262
14094,14281
14113,14299
14133,14318
14153,14336
14172,14354
14190,14372
14209,14390
14228,14408
14249,14426
14269,14444
14289,14462
14308,14480
14328,14499
14348,14517
14367,14535
14386,14553
14405,14572
14424,14590
14446,14608
14467,14628
14487,14648
14508,14668
14529,14687
14551,14707
14573,14727
14595,14748
14617,14769
14638,14790
14660,14809
14683,14831
14705,14851
14726,14872
14749,14895
14772,14914
14792,14935
14814,14957
14837,14978
14859,15001
14882,15024
14904,15047
14926,15068
14948,15091
14971,15113
14995,15134
15017,15156
15039,15178
15062,15200
15085,15222
15108,15244
15131,15266
15154,15288
15177,15311
15199,15334
15222,15357
15245,15379
15269,15401
15292,15425
15316,15448
15338,15470
15362,15494
15384,15516
15408,15540
15432,15561
15457,15587
15480,15611
15503,15633
15526,15657
15549,15679
15572,15702
15595,15726
15617,15749
15639,15771
15661,15793
15684,15817
15707,15838
15729,15861
15750,15883
15772,15904
15793,15925
15815,15946
15837,15967
15857,15989
15879,16009
15901,16029
15923,16051
15943,16072
15964,16093
15983,16113
16004,16135
16025,16156
16045,16177
16065,16197
16085,16217
16106,16238
16127,16259
16149,16280
16171,16301
16192,16323
16213,16344
16235,16366
16256,3
16278,25
16300,47
16322,68
16343,91
16366,114
4,136
27,160
50,184
72,208
94,234
117,259
141,282
167,307
190,331
215,357
239,382
263,407
289,432
313,456
337,481
360,506
386,530
410,553
434,579
458,604
483,630
507,655
530,680
554,705
578,730
603,755
627,779
653,804
677,830
703,855
728,879
754,903
779,928
806,953
831,980
857,1006
884,1033
909,1058
936,1084
962,1110
989,1137
1013,1164
1038,1191
1063,1217
1089,1243
1114,1269
1141,1296
1168,1321
1194,1346
1222,1373
1249,1398
1275,1423
1300,1449
1326,1473
1352,1499
1378,1525
1404,1550
1429,1575
1454,1600
1479,1624
1504,1650
1528,1675
1553,1700
1579,1724
1602,1748
1627,1773
1654,1798
1679,1822
1704,1847
1729,1870
1754,1895
1780,1919
1804,1943
1829,1968
1853,1991
1877,2015
1901,2038
1923,2062
1947,2086
1971,2109
1994,2132
2018,2155
2042,2178
2065,2203
2089,2226
2113,2249
2137,2272
2162,2295
2186,2318
2211,2343
2235,2367
2259,2389
2283,2411
2309,2435
2333,2459
2356,2482
2380,2505
2404,2529
2427,2551
2451,2575
2477,2599
2502,2624
2526,2648
2552,2673
2578,2699
2604,2724
2632,2751
2658,2777
2684,2803
2711,2829
2739,2854
2765,2880
2793,2905
2820,2931
2847,2957
2872,2984
2895,3011
2921,3037
2948,3062
2974,3087
2999,3113
3025,3139
3052,3166
3080,3192
3107,3219
3135,3245
3162,3271
3189,3295
3215,3321
3242,3346
3269,3372
3295,3398
3321,3425
3347,3450
3374,3477
3401,3502
3427,3527
3451,3552
3476,3579
3502,3607
3528,3632
3554,3658
3581,3683
3608,3708
3634,3735
3661,3761
3689,3785
3716,3812
3742,3837
3768,3860
3793,3884
3818,3907
3843,3930
3866,3954
3889,3977
3912,4001
3934,4022
3956,4043
3981,4065
4002,4087
4025,4110
4047,4132
4070,4153
4092,4175
4115,4197
4137,4219
4159,4239
4180,4260
4201,4280
4222,4301
4244,4321
4266,4341
4287,4363
4307,4384
4328,4405
4349,4425
4371,4446
4392,4466
4413,4485
4435,4507
4458,4528
4479,4548
4502,4569
4524,4589
4546,4609
4569,4630
4591,4651
4614,4673
4637,4696
4660,4718
4682,4740
4704,4761
4727,4784
4750,4805
4773,4826
4795,4848
4818,4871
4840,4893
4864,4915
4887,4937
4910,4959
4932,4980
4954,5001
4976,5021
5000,5041
5024,5062
5047,5084
5069,5105
5091,5125
5114,5146
5137,5166
5158,5186
5181,5207
5203,5227
5224,5248
5246,5269
5268,5290
5289,5311
5312,5331
5333,5352
5356,5372
5378,5392
5401,5413
5424,5435
5447,5455
5470,5476
5492,5498
5514,5519
5536,5539
5558,5560
5581,5580
5602,5600
5624,5621
5646,5642
5668,5663
5691,5683
5714,5703
5735,5723
5757,5742
5778,5762
5799,5781
5820,5801
5842,5820
5864,5839
5885,5857
5907,5878
5928,5897
5949,5917
5970,5935
5990,5955
6010,5974
6029,5993
6049,6012
6069,6030
6090,6048
6111,6066
6130,6085
6151,6102
6172,6121
6192,6139
6213,6157
6232,6177
6252,6196
6273,6214
6292,6231
6312,6249
6333,6267
6352,6286
6371,6304
6390,6323
6410,6341
6430,6359
6450,6378
6470,6395
6490,6412
6510,6430
6530,6449
6551,6467
6571,6485
6591,6502
6609,6520
6629,6539
6649,6557
6669,6575
6690,6594
6712,6612
6734,6632
6755,6652
6776,6671
6797,6692
6819,6712
6841,6731
6863,6753
6885,6772
6906,6792
6928,6812
6950,6833
6971,6855
6994,6876
7017,6898
7041,6920
7064,6942
7088,6963
7113,6985
7136,7007
7159,7029
7183,7051
7207,7073
7229,7095
7252,7116
7275,7138
7297,7160
7319,7182
7344,7205
7368,7227
7390,7249
7414,7272
7437,7295
7461,7319
7486,7341
7511,7364
7534,7387
7559,7410
7583,7433
7606,7456
7630,7480
7654,7503
7678,7525
7702,7549
7726,7574
7750,7598
7775,7622
7800,7647
7824,7670
7850,7693
7874,7716
7897,7739
7922,7763
7946,7786
7970,7808
7992,7831
8015,7852
8038,7873
8060,7895
8082,7917
8104,7939
8125,7961
8147,7982
8168,8002
8189,8023
8211,8045
8233,8066
8254,8086
8276,8106
8298,8126
8320,8147
8342,8168
8365,8189
8387,8211
8411,8232
8434,8253
8456,8275
8479,8296
8501,8318
8523,8340
8547,8362
8569,8384
8589,8406
8611,8429
8634,8452
8659,8475
8683,8498
8707,8522
8733,8545
8758,8569
8784,8594
8810,8619
8836,8643
8862,8667
8888,8693
8913,8717
8937,8742
8961,8767
8986,8790
9010,8815
9035,8840
9060,8864
9087,8887
9113,8913
9139,8938
9165,8963
9190,8987
9216,9012
9242,9037
9267,9063
9293,9088
9319,9112
9345,9137
9371,9161
9396,9187
9422,9212
9447,9236
9470,9262
9494,9287
9519,9312
9545,9338
9573,9363
9600,9390
9628,9415
9654,9441
9681,9467
9709,9495
9738,9520
9765,9547
9793,9572
9821,9598
9849,9625
9875,9650
9901,9675
9926,9702
9951,9728
9976,9754
10002,9780
10028,9806
10056,9831
10082,9858
10108,9884
10134,9909
10158,9934
10186,9958
10213,9981
10240,10006
10266,10031
10292,10055
10319,10080
10345,10105
10368,10131
10392,10154
10415,10177
10438,10201
10462,10224
10487,10249
10511,10273
10535,10297
10559,10321
10585,10344
10611,10367
10636,10392
10659,10415
10684,10440
10710,10462
10735,10486
10757,10508
10782,10530
10807,10555
10829,10579
10854,10602
10877,10627
10901,10650
10924,10673
10947,10697
10972,10718
10995,10742
11019,10767
11044,10790
11068,10813
11093,10837
11118,10861
11145,10885
11170,10909
11196,10934
11221,10959
11244,10985
11269,11010
11295,11035
11320,11062
11344,11086
11369,11112
11394,11138
11420,11164
11444,11189
11471,11213
11497,11240
11524,11267
11551,11293
11577,11318
11604,11344
11632,11371
11660,11398
11686,11425
11713,11451
11739,11478
11766,11505
11792,11531
11817,11558
11842,11584
11866,11611
11892,11637
11917,11662
11941,11688
11966,11714
11991,11740
12017,11766
12043,11792
12068,11817
12093,11842
12118,11867
12142,11893
12167,11919
12191,11945
12216,11972
12240,11995
12266,12021
12290,12046
12314,12071
12339,12095
12362,12119
12386,12143
12410,12169
12436,12194
12460,12218
12486,12243
12511,12267
12535,12291
12559,12314
12582,12338
12605,12359
12627,12383
12649,12404
12673,12428
12695,12450
12717,12473
12739,12496
12760,12517
12782,12537
12802,12558
12823,12579
12845,12600
12865,12621
12887,12643
12909,12663
12930,12683
12951,12702
12973,12723
12994,12744
13014,12763
13034,12784
13055,12804
13076,12826
13097,12847
13118,12869
13138,12890
13158,12911
13179,12930
13200,12952
13221,12974
13242,12994
13264,13016
13285,13037
13308,13057
13329,13078
13351,13101
13374,13122
13396,13141
13418,13163
13440,13185
13462,13206
13483,13227
13504,13249
13525,13271
13546,13292
13569,13313
13590,13333
13611,13354
13632,13375
13653,13396
13676,13417
13697,13438
13717,13459
13740,13481
13761,13501
13784,13520
13805,13540
13828,13561
13849,13580
13870,13599
13891,13620
13913,13641
13935,13663
13956,13683
13977,13704
13997,13726
14019,13746
14041,13767
14063,13790
14086,13810
14108,13830
14130,13851
14152,13873
14174,13894
14196,13914
14218,13935
14239,13957
14262,13977
14284,13997
14306,14017
14327,14037
14348,14057
14370,14077
14392,14098
14414,14118
14434,14138
14455,14159
14475,14179
14496,14199
14518,14218
14539,14238
14560,14258
14581,14278
14602,14297
14623,14316
14644,14336
14665,14354
14685,14373
14705,14391
14726,14411
14747,14430
14767,14449
14787,14468
14807,14486
14826,14505
14846,14524
14866,14542
14886,14561
14905,14580
14926,14598
14948,14616
14968,14635
14987,14653
15007,14671
15027,14690
15046,14709
15067,14727
15087,14745
15106,14763
15127,14782
15148,14801
15168,14819
15187,14838
15206,14856
15226,14875
15246,14894
15266,14912
15285,14931
15305,14950
15326,14970
15347,14990
15368,15010
15390,15030
15411,15049
15432,15069
15454,15089
15475,15110
15497,15131
15520,15152
15543,15173
15566,15195
15589,15216
15610,15238
15634,15260
15657,15284
15679,15305
15702,15328
15726,15351
15749,15373
15772,15396
15796,15418
15820,15441
15845,15464
15869,15487
15892,15509
15916,15532
15941,15554
15965,15578
15989,15601
16012,15623
16036,15645
16060,15668
16084,15691
16107,15715
16132,15739
16154,15763
16178,15787
16202,15809
16225,15833
16249,15856
16274,15881
16298,15905
16322,15929
16348,15954
16373,15978
14,16001
38,16025
63,16050
88,16074
114,16097
136,16121
159,16144
183,16168
206,16191
230,16216
256,16240
282,16263
305,16286
329,16307
352,16330
378,16351
402,16373
426,11
449,34
473,56
495,78
517,99
539,120
562,143
582,164
604,187
627,210
650,233
672,254
695,277
717,299
742,323
765,346
789,369
815,392
840,416
864,439
889,461
913,484
937,506
961,530
986,555
1010,579
1035,604
1059,627
1084,653
1109,678
1135,705
1161,729
1186,754
1212,779
1238,804
1265,830
1292,855
1319,880
1345,907
1371,934
1398,960
1424,986
1451,1010
1477,1036
1503,1061
1529,1087
1555,1112
1580,1138
1605,1163
1629,1189
1656,1215
1684,1241
1710,1267
1736,1293
1765,1318
1792,1344
1819,1369
1846,1396
1873,1423
1899,1449
1925,1476
1950,1501
1976,1528
2003,1554
2029,1580
2055,1607
2083,1634
2108,1660
2136,1687
2164,1713
2191,1738
2219,1765
2247,1790
2274,1816
2301,1844
2329,1868
2357,1894
2384,1921
2411,1946
2436,1971
2463,1996
2487,2024
2512,2051
2538,2077
2564,2102
2591,2128
2616,2152
2641,2176
2666,2201
2693,2227
2720,2252
2745,2277
2771,2302
2797,2327
2822,2350
2847,2374
2870,2399
2895,2421
2920,2446
2943,2470
2965,2494
2989,2517
3011,2542
3035,2566
3059,2589
3082,2612
3106,2636
3130,2659
3154,2683
3179,2707
3202,2730
3227,2753
3250,2776
3273,2800
3296,2824
3320,2845
3343,2870
3366,2894
3388,2917
3411,2940
3433,2963
3456,2987
3481,3011
3504,3035
3527,3057
3552,3083
3576,3105
3601,3130
3627,3154
3650,3177
3676,3204
3701,3230
3727,3256
3751,3281
3776,3306
3800,3332
3825,3357
3849,3382
3872,3407
3896,3434
3921,3459
3944,3484
3967,3510
3992,3536
4017,3562
4041,3586
4067,3612
4092,3637
4117,3662
4143,3688
4167,3713
4193,3738
4218,3764
4241,3789
4266,3814
4290,3839
4314,3862
4337,3887
4361,3909
4384,3933
4408,3957
4431,3981
4454,4004
4478,4028
4503,4050
4527,4074
4551,4098
4575,4122
4599,4145
4623,4169
4648,4194
4671,4218
4695,4242
4717,4264
4740,4286
4763,4309
4785,4334
4808,4356
4830,4380
4852,4402
4874,4424
4895,4446
4918,4467
4942,4488
4963,4509
4985,4530
5007,4550
5028,4570
5048,4591
5068,4612
5088,4632
5109,4652
5128,4671
5147,4692
5168,4711
5188,4731
5206,4749
5225,4768
5244,4787
5264,4807
5285,4827
5305,4847
5325,4866
5346,4885
5367,4905
5387,4925
5407,4945
5427,4964
5448,4982
5469,5002
5489,5022
5510,5042
5531,5062
5552,5082
5571,5102
5593,5122
5613,5142
5633,5162
5653,5182
5674,5201
5695,5223
5717,5242
5739,5263
5761,5283
5783,5303
5804,5323
5827,5343
5850,5363
5871,5383
5892,5402
5912,5422
5933,5442
5953,5461
5974,5481
5995,5500
6015,5519
6035,5540
6056,5559
6077,5578
6098,5598
6118,5617
6140,5636
6161,5655
6183,5674
6203,5694
6225,5714
6245,5734
6267,5754
6290,5774
6311,5794
6332,5814
6355,5833
6377,5853
6399,5873
6421,5893
6443,5913
6464,5933
6484,5952
6506,5972
6529,5992
6550,6011
6572,6031
6595,6050
6617,6072
6638,6091
6661,6110
6682,6130
6702,6149
6723,6170
6744,6189
6766,6209
6786,6229
6808,6248
6830,6267
6852,6286
6871,6305
6892,6322
6912,6342
6933,6362
6954,6380
6976,6400
6997,6418
7016,6435
7037,6453
7058,6471
7079,6490
7101,6508
7122,6527
7142,6545
7163,6562
7184,6580
7205,6598
7224,6617
7244,6634
7263,6652
7282,6670
7303,6689
7324,6708
7344,6727
7364,6746
7384,6764
7407,6782
7427,6801
7449,6820
7471,6839
7492,6858
7513,6876
7534,6895
7554,6913
7575,6934
7597,6953
7619,6972
7640,6992
7662,7011
7685,7032
7706,7052
7728,7073
7750,7093
7774,7114
7796,7135
7819,7156
7842,7177
7866,7197
7890,7217
7915,7239
7941,7261
7965,7284
7989,7307
8012,7329
8037,7351
8060,7374
8084,7397
8108,7419
8131,7441
8155,7464
8180,7488
8204,7511
8229,7533
8254,7557
8279,7581
8305,7604
8332,7628
8358,7653
8385,7677
8411,7701
8436,7724
8462,7747
8489,7770
8513,7794
8537,7817
8562,7842
8586,7865
8610,7889
8636,7913
8660,7936
8685,7960
8711,7984
8738,8007
8764,8030
8791,8054
8818,8078
8845,8101
8872,8127
8900,8149
8928,8173
8955,8196
8979,8219
9004,8242
9028,8265
9051,8289
9074,8312
9097,8334
9121,8357
9146,8380
9169,8402
9193,8423
9217,8446
9241,8467
9267,8489
9291,8511
9315,8534
9340,8556
9363,8578
9387,8599
9411,8621
9435,8643
9460,8665
9484,8689
9505,8712
9529,8735
9553,8759
9577,8783
9601,8806
9625,8828
9650,8851
9677,8874
9702,8899
9729,8922
9755,8946
9781,8970
9806,8993
9832,9018
9858,9042
9884,9066
9909,9091
9933,9116
9960,9140
9985,9165
10012,9190
10038,9217
10063,9242
10090,9268
10117,9293
10143,9317
10170,9343
10197,9369
10225,9394
10252,9419
10278,9444
10305,9470
10331,9496
10356,9520
10382,9545
10408,9571
10434,9595
10458,9620
10482,9644
10506,9668
10532,9693
10558,9720
10584,9745
10609,9770
10636,9795
10663,9822
10689,9847
10717,9873
10744,9898
10769,9924
10797,9949
10824,9976
10849,10001
10877,10026
10902,10054
10928,10078
10954,10104
10981,10130
11005,10157
11031,10183
11056,10208
11083,10235
11108,10261
11133,10286
11159,10312
11186,10337
11211,10362
11237,10387
11263,10410
11287,10434
11312,10459
11336,10483
11360,10508
11386,10532
11409,10558
11432,10582
11456,10606
11479,10631
11505,10655
11528,10679
11552,10703
11575,10725
11598,10751
11622,10773
11645,10796
11670,10820
11693,10844
11716,10868
11739,10891
11762,10914
11785,10938
11807,10960
11829,10984
11851,11007
11871,11030
11893,11053
11916,11076
11937,11100
11959,11123
11981,11146
12005,11168
12029,11191
12053,11215
12075,11238
12097,11261
12118,11285
12140,11308
12162,11332
12183,11356
12204,11378
12226,11402
12248,11426
12269,11450
12291,11473
12314,11498
12337,11522
12359,11547
12383,11573
12407,11597
12431,11623
12456,11647
12479,11671
12502,11695
12526,11721
12551,11747
12575,11771
12599,11796
12623,11821
12647,11846
12669,11873
12693,11898
12717,11923
12740,11949
12764,11974
12788,12000
12813,12024
12836,12049
12859,12072
12882,12096
12906,12122
12930,12145
12955,12169
12979,12193
13002,12218
13024,12241
13049,12264
13072,12288
13094,12313
13117,12336
13139,12361
13162,12385
13184,12408
13208,12434
13229,12458
13252,12480
13274,12504
13298,12528
13320,12552
13343,12575
13365,12598
13390,12623
13413,12646
13436,12669
13459,12691
13483,12715
13506,12737
13526,12759
13548,12782
13568,12804
13589,12826
13611,12846
13630,12867
13651,12889
13672,12910
13691,12929
13711,12950
13731,12970
13751,12990
13771,13010
13790,13029
13811,13049
13831,13069
13850,13088
13871,13107
13891,13127
13911,13148
13931,13168
13951,13187
13971,13207
13991,13226
14011,13245
14031,13266
14051,13285
14071,13306
14091,13328
14113,13348
14133,13370
14154,13389
14175,13408
14195,13428
14216,13448
14237,13468
14258,13489
14280,13509
14303,13530
14325,13551
14346,13572
14366,13592
14387,13613
14408,13634
14430,13655
14452,13677
14473,13697
14495,13718
14516,13739
14537,13759
14558,13779
14580,13799
14602,13820
14624,13839
14646,13859
14668,13879
14687,13900
14708,13919
14729,13938
14750,13958
14770,13978
14791,13999
14813,14019
14833,14039
14854,14059
14876,14079
14897,14098
14917,14117
14940,14138
14962,14157
14985,14177
15006,14197
15030,14218
15052,14238
15073,14257
15096,14277
15119,14298
15140,14319
15162,14339
15183,14359
15204,14379
15226,14398
15249,14417
15269,14438
15291,14458
15312,14477
15334,14496
15356,14517
15377,14536
15397,14555
15420,14575
15441,14593
15463,14613
15484,14631
15505,14652
15527,14672
15550,14690
15570,14709
15593,14729
15614,14749
15635,14767
15656,14786
15677,14804
15696,14822
15716,14841
15736,14859
15757,14879
15776,14897
15796,14916
15816,14934
15837,14955
15859,14974
15880,14993
15901,15012
15923,15030
15945,15048
15966,15068
15986,15087
16007,15106
16028,15126
16049,15145
16070,15164
16091,15184
16112,15203
16133,15223
16154,15243
16175,15262
16195,15282
16217,15302
16239,15321
16260,15341
16281,15361
16304,15381
16327,15401
16350,15422
16373,15443
11,15465
34,15486
58,15508
81,15529
104,15552
128,15573
151,15595
174,15619
198,15642
222,15666
248,15688
274,15710
299,15732
325,15755
348,15778
374,15801
401,15824
426,15849
452,15875
478,15898
504,15921
529,15945
555,15969
581,15993
605,16016
631,16041
655,16065
680,16090
707,16114
733,16137
759,16161
785,16184
812,16208
839,16232
865,16256
892,16279
919,16302
945,16326
970,16351
995,16376
1021,16
1047,40
1074,65
1100,90
1126,115
1152,139
1179,163
1205,188
1231,212
1258,237
1284,262
1311,287
1337,312
1364,335
1390,359
1415,384
1440,408
1465,432
1489,454
1515,476
1537,498
1561,519
1584,541
1607,563
1630,587
1654,608
1677,632
1701,656
1725,677
1751,700
1777,723
1802,747
1828,771
1853,793
1877,817
1902,840
1927,864
1952,888
1976,913
1999,938
2023,964
2048,988
2073,1012
2099,1035
2122,1060
2148,1085
2175,1111
2201,1136
2229,1162
2258,1188
2285,1213
2311,1239
2339,1265
2365,1290
2391,1317
2416,1341
2442,1366
2468,1394
2494,1420
2520,1446
2546,1472
2572,1498
2596,1523
2621,1548
2648,1573
2673,1597
2700,1623
2725,1646
2752,1672
2777,1695
2803,1721
2829,1746
2855,1772
2880,1799
2905,1823
2928,1846
2953,1872
2978,1897
3003,1923
3027,1949
3051,1974
3076,1999
3102,2025
3129,2051
3155,2078
3182,2103
3209,2130
3236,2155
3262,2182
3288,2207
3313,2234
3339,2260
3364,2286
3389,2311
3414,2335
3437,2360
3462,2386
3485,2410
3508,2436
3532,2462
3557,2488
3581,2513
3606,2536
3630,2562
3654,2585
3680,2608
3704,2633
3727,2657
3752,2683
3775,2707
3799,2730
3822,2754
3845,2779
3866,2803
3887,2827
3908,2851
3929,2874
3951,2898
3970,2921
3991,2944
4013,2967
4033,2990
4055,3012
4078,3036
4100,3060
4122,3083
4144,3105
4166,3127
4187,3150
4209,3173
4231,3196
4253,3219
4275,3243
4297,3266
4319,3288
4340,3312
4362,3335
4383,3359
4404,3382
4425,3405
4447,3427
4470,3450
4492,3473
4514,3497
4538,3521
4560,3544
4582,3569
4605,3592
4627,3616
4650,3638
4672,3662
4695,3687
4718,3710
4740,3736
4764,3761
4787,3787
4810,3811
4834,3836
4858,3860
4881,3884
4903,3907
4927,3931
4951,3954
4975,3980
4999,4004
5022,4028
5046,4053
5069,4077
5093,4102
5116,4125
5140,4149
5162,4173
5185,4197
5208,4221
5229,4246
5251,4268
5274,4292
5296,4315
5318,4340
5341,4363
5364,4386
5386,4410
5409,4435
5431,4458
5453,4480
5475,4502
5498,4525
5520,4549
5543,4571
5566,4593
5588,4616
5611,4639
5633,4661
5656,4683
5678,4707
5699,4730
5720,4753
5742,4775
5763,4796
5784,4818
5805,4838
5827,4859
5846,4879
5868,4900
5889,4920
5909,4939
5929,4958
5950,4978
5970,4997
5990,5016
6009,5035
6027,5054
6046,5072
6066,5092
6085,5110
6105,5130
6125,5149
6145,5169
6165,5188
6185,5207
6206,5226
6226,5244
6245,5264
6265,5283
6285,5303
6305,5322
6325,5340
6346,5359
6366,5378
6387,5397
6407,5417
6429,5436
6450,5454
6472,5475
6494,5496
6514,5517
6535,5537
6557,5556
6579,5576
6600,5596
6622,5616
6645,5635
6666,5655
6689,5677
6712,5698
6734,5718
6757,5737
6778,5757
6800,5777
6821,5795
6843,5815
6865,5833
6887,5852
6907,5871
6927,5891
6947,5910
6968,5929
6990,5947
7012,5967
7033,5986
7054,6006
7076,6024
7097,6043
7120,6062
7142,6082
7164,6103
7187,6123
7208,6143
7230,6163
7253,6182
7275,6203
7296,6221
7319,6240
7341,6260
7365,6280
7386,6300
7410,6320
7433,6340
7455,6360
7478,6380
7499,6400
7523,6420
7546,6439
7570,6458
7593,6477
7614,6496
7636,6515
7658,6535
7680,6555
7702,6573
7724,6593
7746,6613
7768,6632
7790,6652
7812,6671
7834,6690
7856,6710
7877,6730
7900,6748
7922,6766
7944,6785
7966,6804
7987,6823
8010,6841
8032,6861
8053,6881
8074,6899
8095,6916
8116,6935
8137,6954
8158,6973
8178,6992
8199,7011
8220,7030
8242,7049
8264,7067
8287,7086
8310,7105
8333,7125
8356,7144
8378,7164
8402,7182
8424,7202
8446,7221
8468,7241
8491,7262
8513,7281
8535,7301
8556,7322
8578,7343
8600,7363
8623,7383
8647,7402
8671,7423
8695,7444
8720,7465
8745,7486
8771,7508
8797,7530
8824,7552
8850,7575
8874,7597
8899,7619
8925,7642
8950,7665
8977,7689
9003,7712
9028,7734
9054,7758
9078,7780
9105,7803
9131,7827
9156,7850
9183,7872
9212,7896
9238,7920
9264,7944
9292,7967
9321,7990
9348,8013
9374,8036
9401,8058
9428,8082
9454,8106
9480,8128
9505,8154
9529,8177
9555,8201
9582,8224
9608,8248
9634,8272
9660,8295
9685,8319
9714,8344
9743,8368
9770,8391
9799,8416
9827,8441
9854,8466
9881,8490
9909,8515
9935,8540
9962,8563
9988,8587
10014,8611
10040,8637
10066,8662
10091,8685
10116,8708
10140,8732
10165,8755
10191,8778
10215,8800
10241,8823
10267,8846
10291,8868
10316,8890
10341,8912
10364,8936
10389,8957
10412,8981
10434,9002
10458,9025
10481,9048
10505,9071
10530,9095
10553,9118
10578,9140
10603,9163
10627,9187
10653,9211
10678,9236
10703,9260
10727,9284
10754,9307
10779,9330
10806,9355
10832,9380
10857,9404
10881,9428
10907,9454
10932,9478
10957,9504
10982,9530
11007,9557
11033,9582
11058,9608
11085,9632
11111,9658
11137,9685
11164,9709
11190,9733
11217,9758
11244,9783
11269,9809
11295,9833
11320,9860
11344,9884
11369,9909
11393,9934
11416,9958
11440,9983
11462,10008
11487,10032
11511,10057
11536,10081
11560,10106
11583,10132
11608,10156
11632,10181
11657,10206
11682,10232
11706,10257
11731,10283
11757,10308
11782,10334
11806,10360
11831,10384
11854,10409
11877,10436
11901,10461
11924,10486
11947,10511
11972,10537
11995,10562
12020,10588
12044,10613
12068,10639
12092,10662
12115,10688
12139,10712
12163,10738
12186,10764
12209,10788
12232,10813
12254,10838
12275,10864
12298,10890
12321,10914
12342,10938
12364,10962
12385,10986
12408,11012
12430,11037
12453,11061
12474,11084
12497,11108
12520,11130
12542,11154
12564,11176
12587,11201
12609,11224
12630,11247
12652,11270
12673,11294
12694,11318
12715,11341
12736,11363
12756,11385
12777,11409
12797,11432
12817,11455
12838,11478
12858,11501
12881,11525
12903,11547
12924,11570
12947,11594
12968,11617
12989,11641
13010,11664
13031,11688
13053,11712
13074,11737
13095,11760
13117,11784
13139,11807
13159,11830
13180,11853
13202,11876
13224,11901
13246,11924
13267,11948
13290,11972
13313,11997
13335,12022
13357,12047
13379,12069
13402,12093
13425,12117
13448,12139
13472,12163
13495,12187
13518,12213
13540,12237
13562,12261
13586,12286
13609,12309
13630,12335
13651,12359
13674,12383
13696,12407
13720,12432
13742,12457
13765,12481
13787,12504
13810,12528
13832,12551
13852,12576
13873,12599
13895,12623
13918,12645
13941,12669
13963,12692
13984,12716
14006,12741
14028,12764
14049,12786
14072,12809
14091,12834
14113,12855
14136,12877
14160,12900
14181,12922
14203,12944
14224,12966
14247,12988
14269,13011
14291,13034
14314,13057
14335,13080
14358,13102
14379,13123
14400,13145
14421,13166
14441,13186
14461,13206
14481,13226
14500,13246
14521,13266
14541,13285
14561,13304
14581,13323
14600,13342
14618,13362
14638,13381
14658,13401
14677,13420
14696,13440
14717,13458
14736,13477
14756,13497
14776,13516
14796,13535
14815,13553
14835,13572
14855,13592
14876,13611
14896,13631
14917,13650
14937,13669
14958,13689
14979,13709
15001,13729
15022,13749
15043,13768
15065,13788
15087,13808
15109,13829
15131,13850
15154,13870
15175,13891
15196,13912
15219,13933
15240,13951
15262,13972
15284,13992
15306,14012
15328,14033
15351,14054
15373,14074
15394,14094
15416,14113
15439,14133
15461,14152
15483,14172
15506,14191
15528,14210
15550,14230
15574,14250
15596,14270
15617,14288
15639,14306
15661,14325
15682,14346
15702,14365
15723,14385
15744,14406
15767,14424
15789,14444
15813,14464
15837,14484
15860,14504
15884,14524
15906,14545
15928,14566
15952,14586
15975,14606
15998,14626
16021,14647
16044,14667
16066,14686
16089,14706
16112,14726
16133,14747
16155,14766
16179,14787
16201,14807
16224,14827
16245,14847
16268,14866
16291,14886
16316,14907
16340,14927
16362,14948
1,14968
24,14988
48,15008
71,15028
93,15048
116,15069
139,15088
161,15108
183,15126
206,15147
228,15167
251,15187
273,15207
295,15227
317,15246
338,15266
362,15287
385,15306
409,15325
432,15343
456,15364
479,15383
502,15403
526,15423
549,15443
571,15462
592,15482
613,15504
636,15524
658,15546
681,15567
705,15587
729,15608
753,15629
778,15650
802,15671
827,15691
853,15711
878,15733
902,15754
927,15776
951,15799
974,15821
1000,15843
1025,15864
1049,15886
1074,15909
1100,15931
1125,15955
1151,15980
1177,16003
1203,16027
1230,16051
1257,16076
1286,16099
1314,16122
1341,16147
1369,16170
1395,16195
1423,16219
1451,16242
1477,16266
1503,16290
1530,16314
1557,16338
1582,16363
1608,4
1633,26
1660,50
1688,75
1714,100
1742,125
1770,149
1798,173
1824,198
1851,223
1878,246
1905,270
1933,294
1960,318
1985,344
2012,368
2039,392
2064,416
2089,442
2115,468
2141,494
2168,520
2194,545
2221,572
2248,597
2277,622
2303,647
2332,670
2361,696
2387,720
2414,744
2438,769
2464,793
2490,818
2513,841
2535,865
2558,889
2583,913
2606,936
2629,957
2653,980
2676,1002
2700,1025
2722,1048
2747,1072
2773,1095
2799,1118
2824,1142
2849,1166
2873,1189
2898,1214
2921,1236
2944,1260
2968,1285
2991,1309
3015,1334
3039,1357
3064,1383
3089,1407
3113,1432
3137,1458
3162,1482
3188,1506
3213,1533
3239,1559
3265,1585
3289,1611
3315,1637
3339,1664
3365,1690
3390,1715
3414,1741
3439,1766
3463,1791
3486,1815
3511,1842
3536,1869
3561,1896
3584,1921
3609,1946
3633,1972
3657,1997
3682,2021
3708,2046
3733,2071
3757,2096
3783,2121
3806,2145
3828,2171
3851,2194
3873,2219
3896,2245
3918,2270
3940,2296
3961,2321
3985,2345
4006,2371
4030,2396
4053,2422
4076,2448
4101,2473
4125,2497
4150,2523
4173,2550
4198,2575
4223,2601
4246,2627
4270,2652
4293,2679
4315,2705
4338,2730
4361,2755
4385,2778
4406,2804
4429,2831
4451,2855
4474,2881
4496,2905
4519,2931
4543,2955
4565,2980
4588,3006
4611,3030
4634,3053
4657,3077
4680,3101
4701,3125
4722,3149
4743,3173
4764,3195
4785,3219
4806,3242
4827,3267
4849,3290
4870,3314
4892,3337
4912,3361
4933,3382
4954,3405
4973,3429
4995,3451
5016,3473
5036,3496
5057,3519
5078,3541
5099,3564
5120,3588
5140,3610
5161,3633
5181,3655
5201,3678
5222,3701
5243,3723
5263,3745
5284,3769
5304,3791
5326,3813
5346,3836
5368,3859
5390,3883
5412,3904
5434,3926
5456,3948
5478,3972
5500,3994
5520,4016
5541,4040
5562,4064
5584,4086
5607,4109
5627,4131
5648,4155
5670,4179
5693,4202
5714,4226
5737,4248
5759,4272
5781,4297
5804,4321
5826,4346
5849,4370
5871,4392
5892,4415
5913,4438
5936,4460
5958,4484
5980,4507
6002,4530
6024,4553
6047,4577
6067,4599
6089,4622
6111,4644
6132,4667
6155,4690
6176,4713
6198,4736
6220,4758
6241,4778
6262,4800
6283,4822
6305,4843
6328,4865
6349,4887
6371,4909
6394,4929
6416,4951
6438,4970
6461,4992
6481,5014
6503,5035
6524,5058
6546,5079
6568,5101
6589,5122
6611,5142
6632,5163
6653,5183
6674,5204
6695,5223
6716,5242
6736,5261
6757,5281
6777,5300
6798,5319
6817,5338
6839,5356
6858,5375
6878,5393
6899,5411
6919,5428
6937,5446
6957,5464
6977,5483
6995,5502
7016,5521
7036,5539
7057,5557
7078,5576
7099,5594
7121,5613
7142,5632
7163,5651
7183,5669
7204,5688
7226,5706
7247,5725
7269,5744
7291,5764
7313,5782
7336,5802
7358,5821
7380,5842
7401,5862
7424,5881
7448,5900
7470,5919
7492,5940
7515,5960
7540,5980
7563,5999
7587,6019
7609,6039
7631,6059
7655,6079
7678,6098
7701,6118
7723,6138
7745,6157
7767,6176
7789,6196
7811,6215
7833,6234
7857,6253
7879,6272
7902,6291
7926,6310
7950,6330
7973,6349
7996,6368
8017,6387
8040,6407
8062,6427
8086,6446
8109,6466
8132,6486
8155,6507
8178,6528
8201,6548
8224,6568
8248,6588
8271,6607
8295,6628
8319,6647
8343,6668
8369,6688
8394,6706
8418,6727
8443,6747
8468,6769
8492,6790
8516,6810
8539,6829
8563,6848
8586,6867
8609,6887
8633,6907
8655,6927
8678,6947
8702,6968
8726,6988
8750,7007
8774,7027
8799,7045
8824,7066
8849,7087
8874,7106
8897,7125
8921,7145
8946,7165
8968,7184
8992,7204
9016,7223
9038,7243
9061,7261
9084,7281
9106,7299
9128,7319
9151,7340
9174,7359
9196,7380
9220,7400
9245,7419
9269,7439
9294,7458
9319,7479
9343,7499
9367,7519
9392,7540
9416,7560
9441,7582
9465,7601
9488,7623
9512,7644
9534,7664
9559,7686
9584,7709
9609,7730
9634,7751
9660,7772
9685,7793
9712,7814
9739,7836
9766,7860
9792,7882
9818,7904
9844,7927
9870,7948
9897,7973
9924,7996
9950,8020
9976,8043
10001,8066
10027,8088
10055,8111
10082,8135
10109,8158
10136,8181
10163,8206
10191,8232
10219,8256
10248,8280
10275,8304
10302,8328
10328,8352
10354,8375
10381,8398
10405,8422
10431,8445
10458,8469
10484,8494
10510,8519
10535,8543
10561,8567
10587,8591
10612,8615
10638,8638
10665,8663
10693,8687
10718,8711
10745,8735
10771,8759
10798,8785
10826,8811
10852,8835
10878,8861
10904,8885
10931,8910
10956,8936
10983,8962
11010,8988
11036,9013
11061,9039
11086,9064
11112,9089
11137,9115
11163,9139
11189,9164
11214,9187
11239,9210
11264,9233
11289,9256
11314,9279
11337,9302
11360,9324
11383,9348
11405,9371
11429,9395
11452,9419
11475,9441
11498,9464
11520,9488
11543,9510
11567,9535
11590,9559
11615,9582
11639,9607
11663,9630
11688,9656
11711,9679
11735,9703
11760,9728
11785,9752
11810,9776
11832,9800
11855,9825
11878,9851
11902,9876
11926,9901
11950,9927
11973,9952
11998,9977
12022,10002
12046,10028
12069,10054
12094,10081
12118,10108
12142,10133
12164,10159
12189,10185
12213,10211
12237,10238
12262,10263
12284,10289
12307,10314
12329,10340
12353,10364
12376,10390
12399,10415
12421,10440
12444,10466
12466,10491
12489,10516
12512,10540
12535,10565
12558,10590
12582,10615
12605,10641
12628,10665
12650,10690
12672,10716
12695,10740
12718,10765
12740,10791
12763,10816
12785,10840
12808,10864
12830,10890
12853,10916
12874,10941
12897,10968
12919,10993
12941,11019
12964,11045
12988,11070
13010,11096
13033,11121
13055,11147
13078,11173
13101,11198
13123,11223
13144,11248
13167,11274
13187,11298
13208,11322
13229,11347
13252,11370
13274,11393
13295,11418
13317,11443
13338,11467
13360,11490
13382,11515
13404,11538
13425,11562
13446,11586
13467,11609
13488,11631
13508,11655
13528,11677
13549,11700
13568,11722
13588,11744
13609,11766
13628,11790
13648,11813
13667,11835
13687,11859
13707,11881
13726,11903
13747,11925
13767,11948
13786,11969
13806,11991
13826,12015
13847,12038
13867,12060
13889,12082
13909,12104
13929,12126
13950,12148
13970,12171
13990,12193
14011,12214
14032,12237
14052,12258
14073,12282
14094,12304
14114,12325
14135,12348
14156,12371
14176,12396
14198,12419
14220,12443
14240,12466
14262,12490
14284,12512
14307,12534
14329,12558
14350,12582
14373,12605
14393,12628
14415,12650
14436,12674
14458,12697
14481,12721
14502,12745
14524,12768
14546,12791
14567,12815
14589,12837
14612,12859
14633,12881
14656,12904
14678,12927
14699,12947
14720,12969
14741,12992
14764,13013
14784,13035
14805,13057
14825,13077
14847,13100
14867,13121
14888,13141
14909,13162
14930,13183
14952,13203
14973,13224
14993,13246
15014,13268
15037,13289
15059,13309
15082,13331
15105,13352
15126,13374
15149,13395
15170,13417
15192,13438
15213,13458
15234,13478
15257,13498
15279,13519
15299,13540
15320,13560
15341,13579
15362,13597
15381,13616
15401,13635
15422,13654
15442,13672
15463,13691
15484,13709
15504,13727
15526,13745
15546,13764
15568,13781
15587,13799
15608,13817
15629,13836
15648,13854
15669,13872
15691,13890
15710,13908
15730,13928
15751,13947
15772,13967
15793,13986
15814,14005
15836,14024
15859,14043
15883,14062
15904,14082
15928,14101
15950,14121
15972,14140
15995,14159
16017,14179
16039,14199
16063,14219
16086,14240
16109,14260
16131,14279
16153,14299
16177,14320
16199,14340
16221,14359
16244,14379
16267,14399
16290,14418
16313,14438
16337,14458
16361,14478
2,14498
25,14517
48,14538
70,14557
93,14576
116,14595
139,14614
162,14633
183,14653
207,14672
231,14692
255,14711
278,14732
300,14751
325,14772
350,14791
374,14811
398,14831
423,14851
447,14870
472,14891
498,14912
521,14933
547,14953
571,14974
595,14995
619,15016
643,15037
666,15058
691,15079
716,15099
741,15120
767,15141
792,15161
817,15182
843,15203
870,15223
896,15243
921,15265
947,15285
972,15306
996,15326
1020,15347
1046,15367
1069,15388
1093,15409
1118,15429
1142,15451
1165,15472
1189,15491
1213,15512
1237,15532
1262,15552
1287,15573
1312,15595
1338,15615
1362,15636
1386,15657
1410,15678
1433,15698
1458,15719
1483,15740
1506,15760
1532,15782
1555,15803
1579,15823
1603,15844
1628,15865
1653,15887
1679,15908
1703,15931
1727,15952
1753,15974
1779,15996
1807,16018
1833,16040
1859,16063
1885,16086
1911,16109
1938,16131
1963,16154
1988,16177
2012,16199
2037,16223
2061,16246
2087,16269
2113,16292
2140,16316
2167,16338
2194,16362
2222,1
2250,26
2278,50
2306,75
2333,99
2362,124
2390,151
2416,176
2444,202
2471,226
2497,252
2523,277
2548,300
2576,326
2602,352
2629,377
2656,404
2682,428
2708,452
2735,477
2763,501
2789,527
2816,551
2841,577
2867,601
2891,626
2916,650
2943,675
2968,699
2992,724
3016,748
3042,772
3067,797
3093,824
3119,848
3145,874
3170,898
3195,924
3222,949
3249,976
3275,1001
3301,1026
3326,1052
3352,1078
3379,1103
3403,1128
3427,1153
3451,1178
3474,1203
3497,1229
3522,1253
3544,1276
3567,1299
3588,1322
3612,1346
3635,1370
3658,1394
3681,1417
3704,1441
3727,1464
3749,1488
3771,1512
3795,1535
3817,1559
3840,1582
3861,1605
3883,1630
3905,1653
3926,1677
3947,1701
3969,1727
3991,1752
4014,1774
4037,1799
4060,1824
4083,1851
4105,1876
4128,1900
4152,1927
4177,1953
4199,1979
4222,2006
4245,2031
4269,2056
4292,2081
4315,2107
4338,2131
4362,2156
4385,2182
4409,2210
4433,2236
4455,2262
4479,2287
4502,2313
4525,2338
4548,2363
4573,2387
4595,2414
4618,2439
4640,2463
4662,2489
4684,2514
4707,2537
4728,2564
4748,2588
4769,2611
4791,2637
4812,2662
4833,2686
4855,2710
4876,2735
4899,2761
4920,2786
4942,2809
4965,2835
4988,2859
5010,2885
5032,2910
5055,2934
5078,2960
5100,2985
5122,3012
5144,3036
5166,3060
5187,3084
5209,3110
5231,3136
5253,3161
5275,3186
5295,3211
5317,3236
5340,3262
5361,3285
5381,3307
5402,3333
5424,3358
5445,3383
5468,3407
5489,3429
5509,3453
5531,3477
5552,3502
5572,3526
5593,3550
5615,3573
5636,3596
5657,3620
5676,3643
5696,3665
5717,3687
5736,3710
5757,3733
5777,3755
5796,3778
5816,3800
5837,3823
5857,3845
5877,3867
5897,3888
5918,3909
5938,3930
5959,3952
5980,3974
6001,3996
6019,4017
6039,4040
6060,4062
6080,4083
6100,4105
6120,4127
6140,4150
6161,4172
6182,4196
6204,4218
6225,4241
6247,4263
6269,4285
6290,4308
6311,4329
6332,4351
6353,4375
6374,4396
6395,4420
6418,4442
6438,4463
6459,4486
6479,4509
6502,4532
6523,4554
6545,4577
6568,4601
6590,4625
6613,4648
6635,4671
6658,4693
6680,4716
6704,4740
6728,4762
6750,4785
6772,4808
6793,4830
6815,4853
6837,4875
6859,4896
6879,4919
6902,4941
6925,4963
6946,4984
6968,5005
6990,5026
7012,5048
7033,5068
7055,5090
7077,5111
7099,5131
7121,5151
7144,5172
7166,5192
7188,5213
7211,5233
7233,5254
7255,5274
7278,5295
7300,5315
7323,5336
7345,5356
7366,5376
7388,5396
7410,5418
7432,5439
7455,5459
7478,5478
7502,5498
7525,5518
7548,5537
7572,5558
7594,5577
7617,5595
7639,5614
7661,5633
7681,5651
7701,5671
7722,5689
7743,5708
7765,5726
7785,5744
7805,5761
7827,5779
7847,5797
7869,5816
7892,5834
7914,5853
7937,5870
7959,5889
7981,5908
8004,5926
8027,5945
8049,5964
8072,5983
8095,6002
8117,6021
8140,6040
8162,6061
8185,6080
8209,6100
8233,6120
8256,6139
8281,6159
8305,6180
8330,6200
8356,6220
8382,6240
8406,6261
8432,6281
8457,6300
8482,6320
8508,6340
8533,6361
8557,6381
8581,6401
8604,6420
8629,6440
8652,6461
8676,6480
8699,6500
8724,6520
8748,6539
8772,6558
8797,6578
8822,6597
8847,6616
8872,6636
8896,6656
8922,6675
8946,6696
8971,6716
8996,6736
9022,6756
9047,6775
9072,6795
9095,6816
9120,6838
9146,6858
9172,6879
9199,6899
9225,6921
9252,6941
9278,6962
9307,6982
9334,7004
9361,7026
9387,7045
9413,7066
9439,7087
9465,7107
9490,7129
9515,7150
9539,7171
9564,7192
9590,7212
9615,7234
9640,7254
9666,7275
9692,7295
9717,7315
9743,7337
9770,7358
9797,7380
9823,7400
9848,7420
9875,7440
9900,7460
9925,7482
9949,7503
9973,7524
9997,7544
10021,7565
10046,7586
10071,7608
10095,7629
10120,7649
10144,7669
10169,7690
10196,7710
10221,7731
10247,7751
10273,7773
10298,7794
10324,7814
10348,7836
10373,7857
10399,7879
10424,7901
10449,7921
10473,7944
10498,7966
10522,7989
10548,8010
10575,8032
10600,8055
10624,8077
10652,8099
10679,8122
10707,8145
10735,8168
10760,8191
10787,8215
10814,8238
10841,8262
10867,8286
10893,8310
10919,8335
10945,8359
10969,8382
10994,8406
11022,8431
11048,8455
11077,8480
11103,8506
11131,8532
11159,8557
11185,8584
11212,8609
11240,8635
11267,8661
11295,8686
11322,8711
11349,8737
11376,8761
11401,8786
11426,8812
11452,8838
11477,8862
11502,8887
11526,8913
11550,8937
11575,8963
11601,8988
11625,9012
11649,9036
11675,9060
11701,9084
11725,9108
11750,9133
11776,9158
11800,9182
11825,9207
11850,9231
11874,9258
11898,9283
11922,9308
11946,9332
11971,9359
11995,9387
12020,9413
12043,9438
12068,9464
12091,9489
12115,9513
12138,9539
12162,9563
12184,9587
12208,9611
12230,9633
12251,9657
12272,9681
12295,9704
12316,9727
12337,9750
12359,9774
12379,9798
12401,9822
12424,9847
12445,9869
12468,9893
12490,9917
12513,9942
12535,9964
12558,9988
12580,10012
12604,10039
12626,10063
12649,10087
12671,10112
12694,10136
12716,10163
12737,10187
12758,10213
12781,10238
12803,10264
12825,10287
12847,10313
12870,10337
12893,10364
12916,10388
12939,10414
12961,10440
12983,10466
13007,10492
13030,10517
13052,10543
13077,10569
13099,10595
13121,10622
13143,10648
13165,10673
13186,10697
13207,10723
13228,10748
13249,10772
13268,10796
13289,10819
13310,10844
13330,10868
13351,10892
13373,10916
13396,10941
13417,10966
13439,10990
13460,11014
13481,11038
13502,11062
13522,11088
13543,11112
13563,11137
13585,11161
13606,11186
13627,11211
13648,11237
13670,11262
13691,11287
13712,11312
13734,11337
13756,11362
13777,11388
13799,11412
13821,11438
13842,11464
13863,11488
13885,11512
13905,11536
13927,11561
13948,11586
13969,11610
13990,11634
14010,11659
14032,11683
14052,11706
14072,11730
14093,11754
14113,11778
14134,11802
14154,11825
14174,11848
14195,11872
14216,11895
14236,11919
14257,11940
14276,11963
14295,11985
14316,12008
14335,12031
14356,12053
14376,12075
14396,12095
14416,12117
14436,12139
14454,12159
14475,12181
14495,12203
14515,12225
14535,12247
14554,12268
14573,12290
14594,12312
14615,12334
14635,12357
14656,12378
14676,12400
14697,12422
14718,12444
14739,12466
14761,12489
14782,12513
14803,12535
14824,12559
14843,12581
14864,12603
14884,12626
14905,12647
14927,12669
14948,12692
14970,12715
14990,12738
15011,12761
15034,12782
15056,12804
15078,12827
15101,12849
15124,12872
15148,12896
15169,12918
15191,12939
15214,12963
15237,12986
15259,13009
15283,13033
15306,13056
15330,13079
15353,13102
15375,13125
15398,13148
15422,13170
15443,13191
15466,13214
15489,13237
15513,13259
15537,13281
15559,13303
15582,13323
15604,13345
15626,13365
15647,13386
15669,13407
15692,13428
15713,13448
15736,13469
15758,13489
15778,13509
15800,13529
15823,13549
15845,13570
15867,13590
15889,13611
15912,13631
15935,13651
15958,13671
15983,13693
16005,13713
16028,13733
16052,13754
16076,13774
16098,13794
16121,13814
16143,13833
16165,13853
16187,13874
16209,13893
16230,13912
16252,13931
16274,13950
16297,13969
16319,13988
16341,14006
16364,14025
1,14043
23,14060
44,14079
66,14098
89,14117
112,14137
134,14155
157,14174
180,14193
202,14211
224,14230
247,14250
271,14270
294,14288
318,14307
343,14327
367,14347
392,14365
417,14386
441,14405
466,14424
491,14445
514,14465
538,14486
563,14505
587,14525
613,14545
637,14565
661,14586
686,14607
712,14628
737,14649
763,14670
790,14691
815,14711
842,14733
868,14752
894,14772
919,14793
946,14812
970,14833
995,14852
1020,14871
1045,14892
1069,14911
1094,14930
1118,14950
1142,14970
1168,14989
1193,15009
1219,15030
1244,15049
1268,15070
1294,15091
1320,15111
1347,15132
1374,15152
1401,15173
1428,15194
1455,15216
1481,15237
1507,15260
1532,15283
1558,15305
1583,15327
1609,15348
1635,15369
1660,15391
1688,15413
1715,15434
1742,15454
1769,15476
1797,15497
1824,15519
1851,15542
1877,15563
1904,15585
1930,15606
1957,15629
1984,15651
2010,15672
2035,15693
2058,15715
2083,15736
2107,15757
2131,15779
2156,15800
2179,15820
2204,15842
2230,15865
2256,15887
2283,15909
2309,15931
2334,15952
2360,15973
2384,15994
2409,16017
2433,16038
2458,16059
2483,16080
2505,16102
2530,16123
2554,16145
2577,16168
2602,16190
2627,16211
2653,16231
2678,16253
2704,16275
2730,16297
2755,16320
2782,16343
2808,16364
2833,3
2860,26
2885,49
2911,73
2936,96
2960,119
2984,142
3009,165
3032,188
3057,212
3081,236
3107,260
3133,284
3158,309
3184,333
3210,359
3237,383
3263,408
3289,433
3315,459
3341,485
3367,511
3394,536
3420,561
3445,587
3470,614
3496,641
3521,666
3547,692
3572,719
3598,744
3624,769
3649,795
3675,821
3700,847
3725,871
3750,897
3774,921
3799,946
3824,972
3847,998
3871,1022
3893,1046
3915,1070
3937,1094
3958,1120
3980,1145
4002,1168
4024,1193
4047,1218
4070,1243
4093,1266
4116,1291
4141,1316
4165,1340
4188,1365
4211,1391
4235,1417
4258,1442
4281,1466
4304,1493
4327,1517
4350,1542
4372,1567
4395,1593
4417,1618
4440,1643
4461,1669
4483,1692
4504,1717
4525,1740
4547,1763
4569,1787
4591,1812
4612,1835
4633,1860
4654,1883
4675,1905
4697,1929
4718,1954
4739,1978
4760,2003
4781,2027
4803,2051
4824,2075
4845,2100
4866,2125
4887,2149
4910,2173
4932,2197
4952,2222
4973,2247
4994,2272
5016,2297
5038,2323
5059,2348
5083,2374
5105,2398
5128,2423
5152,2449
5174,2475
5194,2500
5215,2527
5237,2553
5260,2580
5281,2608
5303,2634
5326,2659
5347,2684
5369,2709
5391,2734
5411,2758
5434,2782
5455,2809
5477,2835
5499,2859
5520,2884
5542,2909
5561,2934
5583,2958
5603,2983
5625,3007
5646,3031
5666,3054
5687,3078
5707,3102
5727,3127
5749,3150
5769,3176
5789,3200
5810,3224
5832,3249
5853,3275
5876,3301
5897,3327
5918,3353
5941,3378
5962,3403
5983,3428
6005,3452
6027,3476
6047,3501
6069,3525
6090,3549
6112,3574
6134,3600
6154,3624
6176,3648
6198,3672
6219,3697
6240,3720
6261,3744
6283,3767
6303,3791
6324,3815
6345,3837
6367,3861
6387,3883
6407,3905
6428,3929
6448,3951
6470,3972
6490,3994
6510,4016
6529,4037
6549,4059
6570,4082
6591,4103
6611,4125
6631,4145
6651,4168
6672,4190
6693,4211
6713,4231
6733,4252
6754,4275
6774,4297
6794,4318
6815,4340
6835,4362
6857,4385
6878,4408
6899,4430
6920,4452
6941,4473
6961,4495
6981,4516
7002,4537
7024,4559
7044,4580
7066,4601
7088,4624
7111,4645
7133,4665
7155,4686
7176,4708
7198,4730
7218,4751
7240,4772
7263,4793
7285,4814
7306,4835
7327,4857
7349,4879
7372,4899
7395,4922
7418,4944
7441,4966
7464,4988
7488,5010
7513,5031
7537,5053
7561,5074
7585,5097
7609,5120
7631,5141
7656,5164
7680,5185
7703,5206
7726,5227
7748,5247
7771,5269
7794,5291
7817,5311
7840,5331
7861,5352
7885,5372
7908,5393
7931,5412
7954,5432
7978,5452
8000,5473
8023,5493
8046,5512
8068,5531
8091,5550
8113,5570
8135,5589
8158,5609
8182,5629
8205,5648
8227,5668
8249,5689
8272,5708
8295,5727
8319,5746
8343,5766
8368,5784
8393,5803
8418,5823
8443,5842
8467,5861
8491,5880
8514,5898
8538,5918
8561,5937
8584,5956
8606,5975
8628,5993
8652,6011
8675,6030
8698,6048
8721,6066
8743,6083
8766,6101
8789,6120
8814,6139
8838,6156
8863,6175
8888,6194
8913,6212
8938,6230
8962,6249
8988,6267
9011,6286
9034,6305
9056,6324
9081,6343
9106,6363
9130,6381
9155,6401
9179,6420
9204,6440
9232,6459
9258,6480
9285,6500
9311,6519
9338,6539
9366,6560
9393,6580
9420,6601
9447,6621
9472,6640
9498,6660
9522,6680
9547,6700
9573,6721
9600,6741
9626,6761
9652,6782
9679,6802
9705,6823
9732,6842
9758,6863
9783,6883
9811,6903
9837,6923
9861,6944
9886,6964
9911,6983
9937,7003
9962,7022
9988,7042
10013,7062
10037,7082
10062,7102
10088,7123
10114,7144
10140,7164
10166,7186
10193,7208
10221,7230
10249,7251
10276,7273
10305,7295
10332,7316
10359,7337
10386,7358
10413,7380
10439,7402
10464,7424
10490,7447
10516,7469
10541,7491
10566,7511
10592,7533
10619,7554
10646,7576
10672,7598
10698,7620
10724,7642
10750,7664
10775,7685
10803,7708
10826,7730
10851,7751
10879,7773
10904,7796
10929,7816
10954,7837
10977,7858
11001,7880
11025,7901
11048,7923
11072,7944
11096,7965
11120,7987
11145,8007
11170,8027
11194,8047
11220,8068
11245,8089
11269,8110
11294,8132
11319,8154
11343,8176
11366,8197
11389,8220
11413,8242
11436,8264
11460,8287
11483,8310
11505,8332
11529,8355
11554,8378
11579,8400
11605,8424
11630,8446
11655,8470
11680,8495
11705,8518
11729,8541
11755,8565
11780,8588
11805,8613
11830,8637
11854,8661
11878,8685
11901,8709
11924,8734
11949,8759
11973,8784
11997,8810
12023,8836
12047,8861
12071,8888
12098,8914
12124,8940
12149,8967
12174,8994
12200,9022
12225,9050
12250,9075
12274,9101
12299,9126
12322,9153
12346,9178
12369,9203
12393,9230
12417,9256
12441,9282
12464,9308
12490,9335
12514,9361
12537,9386
12560,9411
12584,9436
12607,9460
12629,9486
12652,9511
12675,9536
12696,9562
12719,9586
12742,9610
12765,9636
12787,9660
12808,9685
12831,9710
12854,9735
12878,9761
12900,9789
12924,9813
12946,9839
12969,9864
12992,9890
13015,9915
13038,9940
13060,9965
13082,9991
13105,10015
13127,10040
13148,10065
13169,10089
13189,10113
13209,10137
13229,10161
13249,10184
13271,10209
13291,10233
13312,10257
13333,10282
13354,10306
13377,10330
13399,10356
13420,10382
13441,10406
13463,10430
13485,10455
13506,10479
13527,10504
13549,10530
13569,10556
13590,10581
13611,10607
13633,10632
13654,10657
13675,10681
13696,10707
13718,10732
13739,10759
13762,10784
13785,10809
13808,10836
13831,10864
13853,10892
13875,10919
13896,10946
13919,10973
13941,10998
13962,11024
13985,11049
14007,11076
14029,11101
14051,11127
14073,11154
14094,11178
14114,11203
14135,11228
14156,11251
14176,11277
14198,11302
14218,11327
14239,11352
14260,11376
14280,11401
14300,11426
14320,11450
14341,11473
14361,11497
14381,11522
14402,11546
14423,11571
14444,11596
14465,11621
14486,11644
14508,11669
14529,11695
14552,11720
14573,11746
14595,11769
14617,11793
14639,11818
14662,11842
14682,11866
14704,11891
14727,11916
14748,11941
14771,11966
14793,11990
14815,12015
14835,12041
14856,12065
14877,12088
14898,12110
14919,12131
14939,12154
14961,12177
14981,12200
15002,12221
15023,12243
15045,12266
15066,12289
15089,12311
15109,12333
15130,12355
15151,12378
15172,12400
15193,12421
15213,12443
15234,12465
15255,12487
15276,12508
15297,12530
15317,12552
15337,12574
15358,12595
15379,12617
15399,12638
15421,12660
15441,12680
15463,12702
15484,12724
15505,12745
15527,12767
15549,12788
15571,12809
15593,12832
15615,12854
15636,12875
15657,12896
15680,12919
15702,12940
15723,12960
15745,12982
15767,13003
15788,13024
15811,13045
15833,13066
15855,13088
15879,13110
15902,13131
15926,13152
15949,13173
15973,13195
15995,13216
16019,13239
16041,13261
16066,13282
16089,13303
16113,13326
16136,13347
16161,13369
16184,13392
16208,13414
16232,13437
16257,13460
16282,13482
16305,13504
16330,13527
16356,13547
16380,13568
21,13589
47,13612
72,13633
96,13654
120,13675
143,13696
167,13715
192,13736
216,13756
240,13776
263,13796
287,13816
311,13836
334,13856
355,13876
380,13896
404,13916
430,13935
455,13954
479,13974
503,13994
529,14014
554,14034
579,14054
604,14074
628,14094
652,14114
677,14135
701,14153
725,14173
750,14192
774,14211
800,14231
825,14250
850,14269
875,14288
899,14307
923,14326
947,14344
972,14363
996,14382
1020,14401
1045,14419
1069,14438
1092,14457
1116,14475
1141,14495
1167,14515
1190,14534
1215,14553
1240,14573
1265,14594
1292,14613
1318,14632
1345,14651
1370,14671
1397,14690
1423,14711
1448,14731
1474,14752
1500,14772
1527,14793
1553,14813
1578,14834
1605,14854
1631,14876
1658,14896
1684,14917
1711,14940
1739,14960
1766,14981
1794,15002
1821,15025
1850,15046
1878,15067
1905,15090
1933,15111
1961,15132
1986,15154
2012,15174
2038,15195
2063,15217
2088,15238
2112,15259
2138,15280
2164,15301
2189,15322
2213,15342
2240,15363
2265,15383
2292,15403
2319,15423
2346,15445
2372,15466
2399,15487
2424,15508
2450,15530
2476,15552
2502,15574
2527,15596
2552,15618
2577,15641
2603,15664
2628,15687
2656,15709
2683,15733
2708,15756
2735,15778
2762,15802
2789,15825
2816,15848
2843,15871
2870,15895
2896,15919
2924,15941
2949,15964
2974,15987
2999,16008
3024,16030
3050,16053
3073,16076
3098,16098
3122,16120
3148,16143
3173,16166
3198,16189
3224,16211
3250,16232
3275,16254
3300,16277
3325,16301
3349,16323
3373,16344
3397,16367
3421,5
3444,26
3466,51
3489,73
3513,95
3535,118
3558,140
3581,162
3605,186
3629,209
3653,234
3677,257
3701,280
3725,303
3749,327
3772,350
3796,375
3821,400
3845,423
3868,447
3890,471
3912,495
3934,521
3958,546
3979,571
4002,595
4026,620
4048,644
4073,669
4096,693
4120,718
4144,742
4168,768
4192,794
4215,819
4239,844
4262,870
4285,896
4310,922
4335,948
4358,976
4381,1002
4405,1029
4429,1055
4453,1083
4478,1109
4502,1135
4526,1162
4550,1188
4574,1215
4597,1242
4621,1267
4646,1293
4668,1319
4692,1346
4714,1374
4737,1401
4759,1426
4781,1450
4804,1476
4826,1500
4848,1525
4869,1550
4890,1574
4911,1598
4933,1623
4954,1647
4977,1672
4998,1696
5021,1722
5042,1747
5063,1772
5083,1798
5106,1823
5127,1847
5148,1872
5170,1896
5191,1921
5212,1948
5234,1973
5255,1998
5277,2022
5298,2047
5318,2072
5340,2097
5360,2121
5382,2148
5402,2170
5422,2194
5442,2218
5465,2241
5485,2265
5504,2290
5524,2314
5544,2338
5566,2363
5586,2387
5605,2410
5626,2435
5646,2459
5665,2483
5687,2507
5707,2532
5727,2556
5747,2580
5768,2604
5788,2628
5809,2653
5830,2679
5851,2703
5872,2727
5893,2751
5914,2776
5935,2801
5957,2826
5978,2853
5999,2878
6020,2905
6042,2931
6064,2955
6084,2980
6105,3005
6127,3030
6148,3057
6169,3082
6190,3106
6211,3131
6232,3155
6254,3180
6276,3205
6299,3230
6319,3254
6340,3279
6361,3303
6382,3327
6402,3351
6422,3376
6444,3400
6463,3423
6483,3446
6502,3469
6524,3491
6544,3515
6564,3537
6584,3559
6604,3582
6624,3604
6644,3629
6665,3653
6686,3676
6707,3700
6730,3723
6750,3747
6772,3771
6793,3795
6815,3818
6837,3842
6859,3866
6880,3889
6901,3911
6922,3932
6944,3954
6965,3977
6986,3999
7007,4023
7028,4046
7050,4067
7072,4089
7095,4113
7117,4135
7139,4158
7160,4181
7181,4203
7204,4224
7225,4245
7246,4266
7268,4289
7289,4312
7309,4334
7330,4355
7350,4375
7372,4396
7393,4418
7413,4439
7434,4459
7455,4479
7476,4500
7498,4521
7519,4543
7540,4565
7561,4584
7583,4604
7604,4625
7626,4645
7646,4665
7667,4685
7687,4706
7708,4725
7730,4745
7751,4765
7773,4785
7794,4805
7816,4826
7837,4846
7858,4866
7879,4886
7900,4906
7922,4925
7945,4946
7968,4966
7991,4986
8013,5006
8036,5027
8058,5047
8080,5068
8102,5088
8125,5108
8148,5128
8169,5149
8192,5169
8215,5189
8237,5209
8260,5230
8284,5250
8307,5270
8332,5290
8356,5309
8381,5329
8408,5350
8433,5370
8458,5392
8485,5412
8510,5432
8534,5453
8558,5474
8584,5494
8608,5516
8633,5537
8657,5557
8682,5578
8707,5598
8733,5617
8758,5637
8782,5659
8809,5678
8833,5699
8859,5719
8883,5739
8909,5757
8934,5776
8959,5795
8983,5814
9008,5833
9032,5853
9056,5872
9080,5891
9104,5909
9128,5927
9153,5946
9177,5966
9202,5985
9228,6004
9254,6022
9279,6041
9305,6060
9330,6079
9356,6098
9382,6116
9407,6135
9432,6154
9456,6174
9482,6193
9507,6211
9533,6230
9556,6249
9580,6268
9604,6287
9629,6305
9652,6322
9675,6339
9702,6357
9727,6375
9753,6394
9778,6412
9804,6430
9829,6449
9855,6468
9881,6486
9906,6506
9931,6524
9955,6543
9979,6562
10005,6581
10029,6599
10052,6618
10077,6638
10102,6656
10128,6675
10153,6694
10180,6714
10208,6734
10235,6754
10262,6774
10289,6794
10317,6815
10344,6836
10370,6856
10396,6878
10423,6899
10451,6919
10477,6941
10504,6963
10530,6984
10556,7005
10583,7025
10609,7047
10635,7068
10661,7089
10687,7110
10714,7131
10743,7151
10771,7172
10797,7193
10823,7214
10848,7235
10873,7256
10897,7275
10921,7296
10946,7317
10972,7336
10996,7356
11017,7376
11042,7397
11068,7418
11092,7438
11117,7459
11142,7480
11168,7501
11193,7523
11220,7545
11247,7566
11273,7589
11299,7611
11325,7632
11351,7655
11376,7678
11401,7700
11426,7723
11450,7745
11475,7767
11500,7790
11523,7813
11549,7836
11572,7859
11597,7882
11621,7905
11646,7927
11673,7949
11698,7971
11723,7993
11748,8014
11773,8035
11798,8056
11822,8079
11845,8100
11868,8122
11891,8144
11913,8166
11937,8188
11958,8209
11981,8232
12004,8253
12028,8276
12050,8299
12072,8320
12093,8342
12114,8364
12138,8386
12161,8408
12184,8430
12205,8452
12226,8474
12248,8496
12271,8518
12294,8541
12316,8564
12336,8586
12357,8608
12379,8631
12400,8655
12422,8678
12444,8701
12467,8724
12489,8748
12512,8771
12535,8795
12558,8820
12582,8845
12604,8868
12628,8893
12651,8916
12673,8939
12695,8962
12717,8988
12739,9012
12761,9039
12783,9062
12805,9087
12827,9112
12849,9137
12872,9162
12894,9187
12917,9212
12940,9239
12964,9265
12987,9291
13010,9316
13034,9342
13057,9368
13080,9395
13104,9423
13128,9449
13152,9477
13175,9503
13199,9529
13221,9555
13245,9582
13266,9609
13288,9635
13311,9662
13333,9688
13355,9713
13378,9740
13401,9766
13423,9791
13445,9816
13466,9840
13488,9865
13509,9890
13530,9915
13552,9940
13574,9965
13594,9989
13615,10014
13635,10038
13655,10064
13675,10087
13697,10113
13718,10138
13740,10163
13761,10190
13782,10216
13803,10241
13825,10266
13846,10290
13867,10314
13887,10337
13908,10361
13929,10386
13951,10410
13971,10436
13991,10462
14012,10488
14031,10511
14052,10535
14072,10558
14092,10584
14111,10609
14132,10634
14152,10658
14173,10682
14194,10707
14214,10730
14235,10754
14255,10776
14276,10801
14296,10826
14317,10851
14338,10876
14358,10901
14378,10925
14398,10950
14419,10976
14440,11001
14461,11026
14482,11052
14504,11077
14524,11101
14546,11127
14568,11152
14588,11177
14609,11205
14631,11229
14653,11254
14675,11281
14697,11307
14720,11333
14742,11359
14764,11385
14786,11410
14807,11436
14829,11463
14851,11488
14873,11513
14895,11539
14914,11563
14935,11588
14957,11613
14980,11638
15001,11662
15022,11688
15043,11711
15065,11735
15085,11758
15106,11781
15128,11805
15148,11828
15169,11853
15189,11876
15211,11898
15231,11919
15253,11941
15272,11965
15292,11988
15313,12011
15335,12033
15356,12057
15375,12080
15398,12103
15420,12125
15443,12149
15466,12173
15488,12197
15512,12220
15535,12242
15558,12265
15580,12289
15603,12313
15624,12336
15645,12359
15668,12382
15690,12406
15711,12427
15733,12450
15755,12472
15778,12495
15799,12517
15821,12539
15844,12561
15865,12584
15886,12605
15909,12628
15932,12649
15953,12671
15976,12692
15998,12713
16020,12736
16042,12757
16063,12777
16084,12799
16105,12819
16126,12839
16148,12860
16168,12880
16189,12900
16208,12921
16230,12942
16251,12962
16274,12983
16297,13003
16319,13024
16342,13044
16364,13063
1,13084
24,13104
47,13125
68,13146
90,13166
112,13186
135,13206
157,13227
180,13248
202,13267
225,13288
247,13309
269,13329
294,13349
318,13370
341,13389
364,13409
389,13429
413,13450
437,13470
464,13491
488,13511
512,13531
537,13551
562,13571
586,13591
610,13611
633,13631
659,13651
682,13672
707,13693
733,13715
758,13736
785,13756
812,13777
839,13798
866,13818
894,13840
922,13862
950,13883
977,13905
1004,13927
1031,13947
1056,13967
1082,13987
1107,14008
1131,14028
1156,14048
1181,14067
1208,14087
1233,14107
1258,14127
1282,14147
1308,14166
1333,14187
1359,14205
1385,14224
1412,14244
1438,14262
1464,14281
1490,14301
1514,14320
1540,14339
1565,14359
1590,14378
1614,14396
1638,14414
1664,14434
1689,14453
1715,14473
1740,14492
1767,14511
1792,14531
1819,14550
1844,14569
1871,14588
1897,14607
1923,14626
1948,14646
1973,14665
1997,14684
2021,14705
2046,14723
2070,14742
2095,14761
2119,14780
2144,14799
2169,14817
2193,14836
2219,14855
2245,14875
2271,14894
2297,14914
2322,14935
2348,14954
2376,14974
2403,14994
2428,15013
2454,15034
2478,15053
2504,15075
2529,15096
2553,15116
2579,15137
2604,15159
2631,15180
2657,15200
2684,15222
2711,15244
2738,15264
2764,15287
2791,15309
2818,15330
2845,15352
2872,15373
2899,15395
2925,15418
2951,15440
2978,15463
3004,15486
3029,15508
3053,15529
3079,15550
3103,15571
3128,15594
3152,15616
3177,15638
3201,15659
3226,15679
3250,15701
3276,15722
3301,15743
3326,15763
3350,15784
3373,15807
3397,15828
3422,15849
3445,15871
3467,15893
3490,15916
3514,15937
3537,15961
3562,15983
3587,16006
3611,16028
3637,16051
3663,16075
3689,16100
3714,16123
3739,16146
3764,16169
3789,16190
3814,16213
3839,16237
3862,16260
3886,16282
3907,16306
3930,16328
3953,16351
3976,16375
3998,14
4020,38
4042,61
4065,84
4088,106
4111,131
4133,154
4158,178
4181,200
4202,223
4225,246
4248,269
4269,293
4293,316
4315,338
4337,361
4359,386
4382,409
4404,433
4426,457
4447,480
4468,502
4490,524
4511,547
4533,571
4554,593
4576,617
4599,641
4621,665
4642,689
4664,712
4686,735
4708,759
4730,784
4751,810
4771,833
4792,857
4813,882
4835,907
4857,932
4877,956
4900,980
4922,1004
4945,1030
4967,1055
4988,1081
5009,1105
5033,1130
5055,1156
5077,1181
5100,1207
5121,1233
5142,1259
5165,1285
5188,1311
5210,1337
5232,1362
5252,1389
5275,1415
5297,1439
5319,1466
5342,1494
5365,1520
5388,1547
5412,1574
5435,1602
5459,1630
5481,1656
5504,1683
5526,1709
5548,1735
5570,1763
5591,1789
5614,1816
5636,1841
5658,1868
5680,1893
5700,1918
5720,1943
5742,1970
5764,1994
5784,2021
5804,2047
5824,2071
5846,2095
5867,2122
5888,2146
5909,2171
5930,2195
5951,2220
5973,2245
5994,2269
6015,2293
6035,2319
6055,2345
6075,2370
6095,2394
6116,2419
6137,2443
6158,2467
6179,2492
6199,2517
6220,2542
6241,2567
6261,2591
6281,2616
6301,2640
6321,2664
6342,2687
6363,2712
6384,2737
6404,2761
6424,2785
6444,2810
6464,2832
6484,2857
6505,2882
6524,2906
6545,2927
6566,2952
6586,2976
6606,3000
6627,3023
6648,3048
6669,3071
6690,3095
6712,3120
6731,3144
6753,3168
6774,3192
6796,3217
6817,3243
6838,3267
6859,3292
6882,3319
6903,3344
6924,3368
6945,3393
6967,3419
6989,3444
7012,3468
7034,3492
7056,3517
7080,3542
7103,3567
7126,3592
7149,3617
7171,3643
7193,3668
7215,3692
7236,3716
7258,3741
7278,3762
7299,3785
7320,3808
7343,3831
7363,3854
7384,3876
7404,3897
7426,3918
7448,3940
7468,3960
7490,3981
7511,4002
7532,4024
7554,4046
7576,4069
7599,4091
7621,4114
7642,4136
7665,4159
7686,4181
7710,4203
7732,4227
7754,4251
7777,4274
7799,4295
7821,4318
7844,4339
7866,4363
7890,4386
7915,4409
7937,4430
7962,4453
7985,4476
8008,4498
8031,4520
8054,4542
8076,4564
8098,4586
8120,4607
8143,4627
8165,4648
8187,4669
8208,4690
8230,4712
8252,4733
8275,4753
8297,4773
8320,4794
8342,4814
8365,4835
8388,4854
8412,4874
8436,4893
8460,4914
8484,4934
8506,4953
8529,4972
8551,4993
8573,5012
8594,5032
8618,5053
8640,5072
8663,5091
8685,5111
8710,5131
8733,5150
8758,5170
8782,5188
8807,5208
8832,5227
8857,5247
8881,5267
8905,5288
8930,5308
8953,5327
8978,5346
9002,5365
9025,5385
9050,5405
9074,5425
9099,5445
9125,5464
9149,5485
9174,5505
9198,5523
9225,5543
9251,5564
9278,5584
9304,5605
9329,5624
9356,5644
9384,5665
9410,5685
9438,5706
9465,5725
9492,5745
9520,5765
9545,5786
9570,5807
9597,5828
9624,5848
9651,5869
9679,5889
9707,5911
9735,5932
9763,5953
9791,5973
9820,5992
9848,6013
9874,6033
9901,6054
9929,6074
9955,6094
9979,6114
10006,6133
10032,6152
10058,6171
10084,6190
10109,6209
10134,6229
10159,6248
10184,6268
10210,6287
10236,6304
10263,6324
10289,6342
10316,6362
10341,6380
10367,6399
10392,6417
10420,6436
10445,6455
10471,6475
10496,6494
10521,6513
10546,6533
10571,6553
10595,6572
10623,6592
10648,6610
10673,6629
10699,6647
10724,6666
10748,6684
10775,6704
10801,6722
10826,6740
10851,6760
10876,6780
10902,6799
10927,6818
10950,6837
10975,6856
10999,6876
11024,6896
11048,6915
11072,6935
11096,6955
11123,6976
11149,6996
11176,7015
11200,7034
11227,7055
11253,7076
11280,7097
11306,7117
11330,7138
11357,7159
11383,7181
11409,7202
11434,7223
11459,7244
11483,7266
11509,7289
11535,7311
11560,7334
11586,7357
11612,7380
11637,7403
11664,7425
11691,7447
11718,7469
11744,7492
11770,7514
11795,7536
11819,7559
11844,7581
11866,7602
11891,7625
11914,7647
11937,7668
11960,7691
11983,7712
12007,7734
12030,7755
12053,7776
12074,7797
12098,7820
12120,7841
12144,7864
12167,7887
12190,7909
12214,7931
12238,7953
12262,7976
12285,7998
12309,8021
12332,8044
12356,8067
12379,8090
12403,8113
12427,8136
12449,8161
12473,8185
12497,8208
12520,8232
12544,8255
12567,8278
12591,8301
12615,8325
12638,8348
12661,8372
12684,8396
12707,8419
12729,8442
12752,8467
12774,8491
12796,8514
12819,8537
12840,8561
12863,8584
12885,8609
12907,8632
12929,8655
12950,8679
12972,8702
12995,8724
13016,8748
13038,8771
13059,8795
13081,8819
13102,8842
13124,8865
13145,8888
13166,8913
13187,8937
13208,8959
13228,8983
13248,9007
13268,9031
13290,9054
13311,9078
13334,9102
13355,9127
13377,9151
13399,9174
13422,9197
13443,9223
13464,9247
13486,9272
13507,9298
13529,9323
13550,9348
13570,9375
13591,9400
13613,9425
13633,9449
13654,9474
13675,9501
13696,9526
13716,9550
13739,9573
13760,9599
13783,9624
13804,9649
13826,9675
13848,9699
13870,9724
13891,9751
13914,9778
13936,9804
13958,9831
13980,9857
14002,9886
14025,9915
14048,9942
14070,9969
14093,9996
14115,10022
14137,10050
14158,10077
14180,10102
14202,10128
14222,10155
14243,10181
14265,10207
14287,10233
14310,10258
14331,10284
14352,10311
14373,10336
14393,10361
14414,10385
14435,10411
14457,10435
14477,10459
14498,10486
14519,10509
14539,10535
14560,10560
14580,10584
14602,10608
14622,10634
14645,10658
14664,10683
14685,10707
14705,10733
14725,10757
14746,10781
14768,10807
14789,10832
14809,10856
14830,10879
14850,10904
14870,10931
14891,10954
14911,10978
14931,11001
14952,11025
14973,11050
14992,11074
15013,11098
15034,11121
15055,11144
15075,11168
15096,11191
15117,11215
15138,11239
15159,11264
15179,11287
15201,11311
15221,11335
15242,11358
15262,11384
15284,11409
15305,11433
15327,11458
15348,11483
15369,11508
15391,11533
15413,11558
15435,11581
15458,11606
15481,11632
15502,11656
15526,11681
15549,11706
15572,11731
15595,11756
15618,11782
15641,11808
15665,11834
15687,11859
15710,11885
15733,11911
15755,11935
15779,11960
15801,11985
15824,12010
15847,12034
15870,12059
15893,12082
15916,12104
15940,12127
15962,12149
15985,12172
16007,12195
16029,12218
16051,12240
16073,12262
16095,12285
16118,12307
16139,12329
16159,12353
16181,12375
16202,12396
16225,12418
16247,12439
16269,12462
16292,12484
16314,12506
16339,12531
16363,12555
3,12578
28,12602
53,12624
78,12648
102,12671
126,12693
150,12716
173,12738
196,12762
220,12786
243,12809
267,12831
290,12852
314,12875
339,12896
364,12917
387,12939
411,12960
437,12982
461,13005
487,13025
510,13046
533,13068
558,13088
582,13108
606,13128
629,13149
651,13169
675,13190
699,13210
722,13231
746,13251
771,13271
795,13291
818,13311
842,13330
865,13349
889,13369
915,13388
939,13409
962,13429
987,13449
1011,13468
1036,13486
1059,13506
1082,13524
1106,13543
1128,13563
1152,13583
1178,13602
1203,13622
1228,13642
1253,13663
1280,13683
1306,13702
1333,13722
1359,13741
1386,13761
1413,13781
1438,13802
1464,13822
1490,13842
1516,13863
1541,13883
1566,13903
1592,13922
1618,13942
1644,13963
1670,13983
1695,14004
1722,14024
1749,14046
1777,14066
1806,14087
1834,14108
1862,14129
1892,14150
1921,14171
1949,14193
1978,14213
2005,14234
2033,14256
2061,14278
2088,14299
2115,14319
2141,14340
2167,14360
2195,14381
2222,14400
2248,14421
2276,14441
2303,14462
2330,14482
2357,14501
2384,14520
2409,14540
2436,14560
2463,14580
2489,14600
2515,14619
2539,14639
2564,14659
2587,14679
2612,14699
2637,14718
2664,14737
2689,14755
2713,14775
2740,14794
2766,14813
2792,14833
2820,14854
2846,14874
2873,14894
2899,14914
2925,14934
2950,14954
2975,14974
2999,14994
3025,15014
3050,15035
3072,15056
3095,15075
3119,15096
3145,15115
3170,15135
3196,15155
3220,15175
3244,15194
3270,15214
3296,15235
3319,15256
3345,15277
3371,15297
3395,15319
3419,15340
3443,15359
3467,15382
3491,15402
3515,15424
3539,15444
3563,15467
3589,15490
3614,15512
3641,15534
3665,15558
3690,15579
3716,15601
3742,15624
3767,15647
3794,15670
3819,15693
3845,15717
3869,15741
3892,15764
3916,15787
3940,15810
3963,15834
3986,15858
4009,15881
4034,15904
4058,15927
4082,15950
4106,15974
4130,15996
4152,16019
4176,16041
4200,16064
4223,16086
4246,16107
4270,16129
4293,16149
4315,16172
4336,16193
4357,16215
4379,16238
4401,16259
4423,16281
4446,16304
4468,16326
4490,16349
4512,16372
4535,10
4559,34
4582,58
4606,82
4631,107
4655,131
4678,156
4701,180
4724,205
4747,230
4770,257
4792,281
4815,306
4837,330
4859,355
4882,380
4904,404
4926,429
4948,455
4970,480
4992,505
5015,530
5038,553
5061,578
5081,602
5104,626
5126,650
5149,674
5169,699
5190,725
5211,748
5232,772
5254,796
5274,820
5295,845
5316,868
5336,891
5357,916
5378,940
5400,965
5420,988
5442,1012
5461,1036
5483,1061
5504,1084
5525,1108
5546,1134
5566,1159
5587,1184
5608,1208
5629,1234
5651,1258
5671,1283
5692,1308
5713,1334
5733,1360
5753,1385
5775,1411
5797,1437
5818,1462
5840,1487
5861,1513
5884,1538
5905,1565
5926,1590
5948,1617
5970,1643
5992,1668
6013,1693
6035,1718
6056,1744
6078,1770
6101,1798
6121,1826
6144,1853
6166,1880
6189,1908
6210,1935
6231,1961
6254,1988
6277,2016
6301,2043
6323,2071
6346,2099
6367,2126
6391,2153
6415,2181
6437,2208
6458,2235
6480,2262
6502,2288
6523,2315
6545,2340
6567,2367
6588,2393
6610,2420
6631,2444
6652,2471
6674,2497
6696,2522
6716,2546
6737,2571
6760,2596
6781,2619
6802,2643
6825,2668
6844,2694
6865,2719
6886,2744
6907,2769
6928,2793
6949,2818
6970,2843
6990,2869
7012,2893
7034,2918
7056,2942
7077,2964
7098,2988
7119,3012
7141,3036
7162,3062
7184,3087
7205,3110
7226,3135
7246,3158
7267,3180
7287,3205
7308,3230
7329,3253
7350,3277
7371,3301
7392,3324
7414,3347
7436,3371
7458,3396
7480,3419
7502,3443
7524,3468
7546,3492
7569,3516
7592,3541
7615,3565
7638,3590
7661,3614
7684,3638
7708,3661
7731,3686
7754,3710
7776,3734
7799,3761
7820,3785
7843,3810
7866,3833
7889,3857
7913,3882
7937,3905
7960,3928
7985,3952
8009,3976
8033,4000
8057,4022
8080,4047
8103,4071
8125,4094
8148,4118
8171,4141
8194,4164
8216,4185
8238,4208
8261,4230
8284,4253
8307,4275
8329,4296
8352,4318
8375,4339
8398,4360
8421,4380
8445,4404
8469,4425
8492,4446
8515,4468
8539,4488
8562,4510
8585,4531
8609,4552
8631,4574
8653,4596
8677,4618
8703,4642
8728,4664
8754,4687
8781,4709
8805,4731
8832,4751
8857,4772
8884,4795
8910,4817
8934,4838
8959,4860
8984,4882
9008,4902
9033,4923
9058,4944
9081,4965
9107,4986
9131,5006
9155,5027
9181,5048
9204,5068
9229,5087
9254,5106
9280,5126
9305,5145
9330,5166
9355,5185
9381,5205
9406,5223
9431,5243
9455,5262
9478,5281
9502,5301
9526,5320
9550,5338
9574,5358
9597,5376
9619,5395
9642,5413
9665,5432
9689,5451
9715,5468
9739,5487
9766,5505
9792,5525
9818,5545
9844,5563
9869,5582
9895,5601
9920,5620
9945,5639
9970,5658
9994,5678
10020,5697
10045,5715
10069,5736
10092,5755
10117,5774
10143,5793
10169,5811
10195,5830
10222,5848
10248,5867
10275,5887
10302,5906
10328,5926
10354,5946
10381,5965
10409,5984
10435,6004
10461,6025
10487,6044
10513,6065
10539,6084
10565,6104
10592,6124
10619,6144
10646,6163
10673,6183
10701,6204
10729,6225
10756,6246
10784,6267
10813,6287
10841,6308
10869,6329
10897,6351
10923,6371
10949,6391
10975,6410
11001,6429
11026,6448
11051,6469
11075,6488
11101,6507
11126,6527
11152,6547
11176,6566
11202,6585
11229,6604
11254,6625
11279,6644
11306,6663
11331,6682
11356,6700
11378,6719
11403,6739
11429,6759
11453,6779
11477,6799
11501,6818
11524,6837
11547,6856
11571,6877
11595,6897
11619,6915
11644,6934
11669,6953
11694,6973
11717,6992
11743,7012
11767,7032
11791,7051
11814,7070
11838,7090
11861,7109
11885,7129
11909,7149
11932,7170
11955,7190
11978,7209
11999,7229
12023,7250
12046,7270
12070,7290
12093,7310
12115,7331
12139,7352
12163,7374
12187,7395
12210,7417
12234,7438
12257,7460
12282,7481
12306,7504
12329,7526
12352,7548
12375,7570
12399,7592
12422,7615
12445,7637
12468,7659
12492,7682
12516,7705
12540,7728
12565,7751
12589,7774
12613,7799
12638,7822
12661,7846
12684,7870
12708,7893
12732,7916
12755,7939
12777,7961
12800,7984
12822,8006
12845,8028
12867,8050
12888,8071
12909,8092
12930,8115
12953,8138
12975,8160
12996,8181
13018,8203
13040,8224
13062,8246
13083,8269
13105,8291
13126,8314
13148,8337
13170,8360
13190,8383
13211,8407
13233,8431
13254,8455
13277,8478
13299,8503
13322,8526
13343,8549
13366,8573
13388,8599
13410,8623
13433,8647
13456,8672
13478,8696
13500,8719
13522,8743
13544,8768
13566,8793
13587,8818
13610,8842
13631,8866
13652,8892
13674,8917
13694,8941
13715,8966
13737,8989
13757,9014
13778,9038
13799,9062
13819,9086
13840,9109
13862,9132
13883,9158
13903,9182
13924,9206
13945,9231
13966,9254
13987,9276
14006,9300
14026,9323
14047,9347
14068,9371
14088,9396
14107,9419
14127,9443
14148,9469
14167,9493
14188,9517
14208,9540
14229,9566
14248,9593
14269,9618
14291,9642
14313,9667
14334,9692
14356,9717
14378,9741
14399,9767
14419,9793
14438,9818
14459,9843
14480,9868
14500,9892
14521,9917
14541,9941
14563,9966
14585,9990
14606,10016
14627,10042
14648,10068
14670,10093
14691,10120
14714,10146
14735,10171
14756,10198
14777,10226
14799,10253
14821,10279
14843,10306
14865,10331
14888,10358
14910,10385
14932,10411
14954,10439
14976,10465
14999,10493
15023,10520
15045,10547
15066,10574
15088,10599
15111,10624
15133,10652
15155,10678
15177,10704
15198,10729
15220,10754
15242,10778
15263,10803
15285,10828
15305,10853
15326,10879
15348,10904
15370,10929
15390,10953
15411,10977
15430,11001
15452,11026
15474,11050
15496,11075
15520,11099
15540,11123
15562,11146
15584,11169
15605,11194
15627,11220
15649,11243
15671,11267
15692,11293
15712,11315
15734,11340
15755,11363
15776,11387
15798,11412
15820,11437
15841,11460
15862,11483
15884,11506
15904,11530
15927,11554
15949,11577
15971,11599
15993,11622
16015,11647
16037,11671
16059,11695
16080,11718
16102,11741
16124,11765
16146,11789
16168,11813
16189,11836
16211,11860
16234,11884
16257,11908
16280,11932
16303,11957
16326,11982
16349,12007
16374,12030
15,12054
40,12079
65,12102
89,12125
113,12148
137,12171
161,12195
185,12220
208,12244
232,12268
257,12293
281,12316
305,12341
330,12365
356,12389
381,12413
406,12438
432,12461
458,12483
482,12507
507,12531
532,12553
556,12575
580,12597
604,12619
626,12640
648,12662
671,12682
695,12705
718,12726
742,12747
765,12768
788,12789
812,12811
837,12832
862,12853
887,12875
913,12896
941,12917
966,12940
991,12962
1017,12984
1041,13007
1068,13028
1094,13051
1120,13072
1146,13094
1172,13117
1195,13138
1220,13159
1247,13181
1273,13203
1298,13224
1325,13245
1352,13266
1379,13288
1406,13309
1433,13330
1460,13352
1486,13373
1510,13394
1536,13414
1561,13434
1586,13455
1609,13476
1634,13495
1659,13515
1686,13535
1711,13555
1736,13575
1762,13594
1788,13614
1812,13633
1838,13652
1864,13671
1889,13690
1915,13709
1939,13729
1964,13748
1991,13767
2016,13786
2040,13805
2066,13825
2091,13844
2115,13863
2140,13884
2165,13902
2189,13922
2215,13941
2241,13960
2267,13981
2294,14001
2321,14020
2348,14040
2375,14060
2402,14080
2429,14099
2455,14118
2479,14138
2505,14157
2530,14176
2555,14197
2581,14216
2606,14235
2631,14256
2655,14275
2682,14295
2709,14315
2735,14336
2762,14357
2788,14377
2815,14397
2842,14417
2868,14436
2895,14456
2922,14476
2949,14496
2976,14518
3003,14538
3029,14559
3055,14582
3080,14602
3107,14622
3134,14644
3160,14666
3186,14687
3212,14707
3238,14728
3264,14748
3290,14768
3315,14787
3342,14809
3368,14828
3393,14849
3418,14868
3443,14889
3467,14909
3491,14929
3515,14949
3538,14969
3562,14989
3585,15009
3609,15029
3632,15048
3656,15068
3679,15088
3703,15108
3725,15128
3749,15147
3774,15166
3798,15187
3823,15207
3847,15227
3870,15247
3893,15267
3914,15287
3936,15308
3957,15328
3978,15347
3999,15367
4021,15387
4043,15407
4067,15427
4089,15447
4112,15468
4134,15488
4156,15510
4179,15530
4202,15550
4224,15570
4247,15592
4268,15614
4291,15635
4314,15656
4337,15677
4359,15698
4381,15719
4404,15740
4426,15763
4448,15784
4471,15806
4493,15829
4518,15852
4541,15874
4565,15898
4588,15922
4611,15944
4635,15969
4659,15992
4682,16015
4703,16037
4727,16060
4751,16085
4774,16108
4797,16133
4820,16156
4842,16180
4864,16204
4888,16228
4911,16251
4934,16275
4958,16299
4980,16322
5003,16345
5026,16369
5049,8
5071,32
5092,55
5115,80
5138,104
5161,126
5183,149
5205,173
5225,196
5246,220
5266,243
5286,267
5306,289
5327,311
5348,334
5370,357
5390,381
5411,404
5434,428
5455,452
5477,477
5499,500
5520,523
5543,549
5564,574
5587,599
5608,625
5630,650
5651,675
5673,701
5695,726
5716,751
5737,777
5760,803
5782,828
5802,852
5823,878
5844,903
5865,928
5887,952
5908,977
5929,1003
5949,1027
5970,1051
5992,1076
6013,1101
6034,1126
6054,1151
6075,1176
6095,1199
6116,1224
6136,1248
6155,1271
6174,1295
6195,1319
6215,1342
6235,1367
6254,1390
6275,1415
6293,1439
6314,1462
6335,1486
6356,1511
6375,1536
6396,1561
6417,1584
6438,1609
6460,1633
6479,1658
6499,1684
6520,1708
6540,1734
6559,1758
6579,1783
6599,1809
6621,1834
6641,1860
6661,1884
6682,1908
6703,1933
6724,1958
6746,1982
6766,2008
6788,2033
6811,2059
6833,2085
6854,2111
6875,2135
6896,2160
6919,2187
6940,2213
6961,2238
6983,2264
7005,2289
7027,2316
7048,2343
7071,2370
7093,2395
7116,2422
7140,2449
7162,2475
7185,2501
7209,2526
7232,2553
7255,2580
7279,2607
7301,2634
7324,2660
7346,2686
7369,2712
7393,2739
7415,2765
7437,2791
7459,2816
7481,2842
7503,2868
7526,2893
7548,2919
7570,2943
7593,2968
7616,2993
7639,3015
7660,3040
7683,3064
7704,3088
7726,3111
7748,3135
7769,3161
7791,3185
7812,3208
7833,3230
7854,3255
7875,3278
7897,3301
7919,3324
7940,3348
7963,3371
7985,3396
8007,3418
8030,3442
8052,3465
8074,3489
8096,3512
8119,3536
8141,3558
8163,3581
8184,3604
8205,3627
8226,3651
8247,3673
8268,3695
8290,3718
8313,3741
8336,3764
8358,3786
8383,3808
8405,3831
8429,3854
8452,3876
8477,3899
8501,3922
8524,3944
8549,3966
8572,3989
8595,4013
8619,4034
8643,4057
8666,4081
8690,4104
8714,4126
8739,4149
8764,4171
8788,4193
8814,4217
8839,4241
8866,4264
8891,4285
8918,4309
8944,4333
8969,4356
8994,4379
9019,4403
9045,4427
9070,4450
9095,4473
9119,4496
9144,4517
9168,4539
9191,4561
9218,4584
9243,4606
9269,4627
9294,4649
9319,4671
9345,4692
9369,4713
9394,4733
9418,4753
9444,4774
9469,4793
9494,4813
9519,4833
9542,4854
9566,4874
9591,4894
9615,4914
9639,4935
9664,4956
9688,4977
9714,4997
9740,5018
9766,5038
9792,5058
9820,5079
9847,5101
9875,5123
9903,5143
9929,5164
9955,5185
9981,5206
10008,5226
10035,5247
10060,5267
10085,5288
10111,5307
10135,5328
10160,5347
10187,5367
10211,5387
10238,5407
10264,5427
10291,5447
10317,5467
10343,5486
10369,5506
10396,5525
10421,5544
10445,5562
10469,5581
10493,5599
10516,5618
10541,5637
10566,5656
10590,5675
10614,5694
10639,5713
10664,5732
10689,5750
10713,5768
10738,5785
10764,5803
10789,5821
10815,5839
10841,5859
10868,5878
10893,5897
10919,5915
10944,5935
10968,5954
10993,5973
11016,5991
11042,6011
11066,6030
11090,6049
11115,6069
11139,6088
11165,6107
11191,6127
11217,6145
11244,6165
11271,6184
11296,6204
11322,6223
11347,6242
11374,6261
11399,6280
11425,6301
11450,6320
11475,6341
11499,6361
11522,6382
11546,6401
11572,6422
11596,6442
11622,6462
11648,6482
11674,6504
11701,6524
11728,6545
11755,6566
11783,6587
11808,6607
11834,6629
11860,6649
11885,6670
11911,6691
11937,6713
11961,6733
11986,6754
12010,6775
12034,6796
12058,6816
12082,6838
12105,6858
12130,6880
12152,6900
12176,6919
12199,6939
12222,6959
12246,6979
12269,6999
12294,7019
12317,7039
12340,7060
12362,7080
12385,7100
12407,7120
12428,7141
12449,7162
12472,7182
12494,7202
12517,7222
12539,7241
12562,7262
12585,7282
12608,7301
12631,7320
12654,7341
12678,7362
12700,7381
12723,7402
12745,7423
12766,7443
12787,7463
12807,7485
12828,7506
12850,7526
12872,7547
12894,7567
12916,7588
12937,7608
12958,7629
12980,7649
13001,7670
13024,7691
13047,7714
13070,7737
13094,7759
13117,7780
13139,7803
13161,7826
13183,7850
13205,7872
13227,7895
13248,7917
13271,7941
13294,7962
13316,7985
13337,8009
13360,8031
13382,8053
13404,8077
13426,8100
13450,8124
13472,8149
13496,8173
13520,8198
13542,8223
13565,8248
13588,8273
13610,8297
13632,8322
13654,8346
13676,8371
13698,8395
13719,8418
13742,8441
13762,8465
13784,8489
13805,8513
13827,8537
13848,8561
13868,8584
13889,8607
13910,8630
13931,8653
13953,8677
13974,8700
13994,8723
14014,8747
14036,8770
14056,8795
14076,8819
14097,8843
14117,8866
14138,8890
14159,8914
14180,8939
14201,8965
14223,8990
14245,9016
14265,9042
14287,9067
14309,9091
14331,9118
14352,9142
14374,9168
14395,9192
14416,9218
14439,9244
14461,9272
14481,9297
14502,9322
14524,9347
14546,9372
14566,9396
14588,9419
14609,9443
14629,9469
14650,9494
14670,9519
14693,9544
14715,9567
14735,9592
14756,9617
14776,9641
14797,9664
14818,9688
14839,9712
14859,9736
14880,9760
14899,9786
14918,9812
14939,9835
14959,9858
14979,9881
15000,9906
15021,9930
15041,9954
15063,9981
15084,10006
15105,10031
15127,10055
15149,10080
15170,10105
15191,10130
15213,10155
15234,10180
15256,10206
15276,10230
15297,10256
15319,10281
15341,10306
15362,10331
15384,10357
15406,10381
15427,10407
15449,10433
15471,10459
15493,10485
15515,10512
15538,10536
15561,10563
15584,10589
15607,10617
15629,10643
15651,10668
15672,10693
15696,10720
15720,10746
15742,10772
15766,10798
15789,10824
15811,10851
15834,10878
15858,10905
15881,10933
15905,10959
15929,10986
15953,11012
15978,11039
16002,11065
16025,11091
16050,11115
16075,11141
16099,11167
16120,11194
16144,11220
16167,11246
16189,11271
16212,11295
16233,11319
16255,11346
16278,11368
16300,11393
16323,11417
16346,11442
16369,11466
8,11491
29,11514
52,11537
75,11562
99,11587
122,11611
145,11633
167,11657
188,11681
210,11704
232,11727
256,11751
277,11775
300,11799
323,11822
348,11846
370,11868
394,11890
419,11913
442,11936
465,11959
489,11981
513,12003
537,12025
559,12046
582,12069
605,12090
629,12113
654,12135
677,12156
700,12179
724,12202
749,12226
773,12248
799,12270
822,12293
847,12315
871,12339
898,12362
925,12386
951,12409
978,12432
1005,12455
1031,12478
1056,12501
1081,12525
1107,12549
1133,12572
1159,12596
1183,12619
1209,12642
1235,12665
1261,12689
1288,12711
1315,12736
1342,12759
1369,12783
1397,12808
1425,12831
1452,12854
1479,12877
1506,12901
1532,12922
1558,12944
1585,12965
1609,12986
1634,13008
1659,13029
1684,13050
1709,13072
1733,13092
1758,13112
1783,13132
1808,13152
1835,13176
1862,13195
1888,13216
1914,13237
1940,13258
1966,13278
1992,13298
2018,13319
2044,13338
2069,13358
2095,13378
2121,13399
2146,13421
2173,13442
2199,13464
2226,13486
2253,13507
2279,13528
2306,13549
2332,13571
2359,13591
2386,13611
2414,13630
2440,13651
2467,13671
2493,13692
2518,13712
2542,13733
2568,13752
2593,13772
2617,13791
2641,13811
2666,13831
2690,13850
2716,13869
2743,13889
2769,13908
2794,13927
2819,13946
2845,13965
2871,13983
2895,14002
2921,14021
2946,14039
2970,14057
2992,14077
3016,14094
3039,14114
3062,14133
3086,14151
3111,14169
3134,14189
3158,14208
3181,14227
3205,14246
3229,14265
3254,14284
3279,14303
3304,14323
3329,14341
3354,14359
3379,14378
3404,14396
3430,14415
3454,14436
3478,14456
3502,14476
3526,14495
3549,14515
3574,14535
3597,14555
3621,14576
3645,14596
3668,14616
3693,14637
3717,14657
3742,14677
3767,14696
3794,14717
3818,14737
3843,14756
3865,14776
3889,14797
3913,14819
3936,14840
3959,14861
3982,14882
4005,14902
4028,14924
4052,14946
4076,14968
4101,14990
4125,15012
4150,15033
4176,15054
4202,15076
4227,15098
4251,15118
4276,15139
4300,15162
4323,15182
4346,15204
4372,15225
4396,15247
4419,15269
4441,15290
4464,15312
4486,15332
4509,15353
4531,15375
4553,15396
4577,15417
4598,15438
4621,15458
4642,15477
4666,15498
4687,15520
4710,15540
4733,15561
4754,15581
4776,15603
4797,15624
4819,15645
4840,15666
4861,15687
4881,15708
4903,15729
4925,15750
4946,15773
4968,15795
4989,15815
5011,15837
5033,15858
5056,15880
5077,15901
5099,15922
5121,15944
5143,15967
5164,15989
5185,16011
5206,16032
5227,16055
5250,16077
5271,16100
5293,16124
5313,16146
5334,16168
5355,16190
5376,16214
5397,16236
5420,16258
5441,16281
5464,16304
5485,16328
5507,16352
5528,16376
5551,17
5573,40
5594,64
5617,88
5639,113
5661,137
5682,163
5705,189
5728,212
5750,237
5772,262
5792,287
5814,313
5836,337
5858,362
5880,387
5902,413
5925,437
5946,462
5966,485
5986,510
6008,535
6029,560
6049,584
6071,608
6092,633
6113,656
6133,679
6154,703
6174,726
6194,750
6215,774
6234,798
6255,822
6276,846
6296,871
6317,895
6338,919
6358,943
6378,968
6400,993
6421,1019
6443,1045
6464,1070
6486,1095
6508,1121
6530,1148
6552,1175
6573,1201
6594,1227
6616,1252
6636,1277
6658,1303
6680,1329
6701,1355
6723,1380
6745,1406
6767,1432
6789,1458
6811,1484
6833,1509
6854,1535
6875,1560
6896,1585
6917,1608
6939,1633
6960,1657
6981,1683
7002,1708
7023,1733
7044,1759
7064,1784
7084,1809
7105,1834
7126,1859
7148,1882
7169,1906
7190,1929
7212,1954
7233,1979
7255,2005
7275,2030
7297,2056
7319,2079
7340,2104
7361,2127
7383,2152
7405,2176
7426,2202
7445,2227
7468,2252
7490,2277
7513,2303
7536,2329
7557,2353
7580,2379
7604,2405
7626,2430
7649,2455
7671,2480
7694,2505
7716,2532
7738,2559
7761,2584
7784,2609
7807,2634
7829,2660
7851,2684
7874,2711
7896,2736
7919,2761
7943,2786
7965,2812
7988,2838
8012,2864
8035,2890
8059,2916
8083,2941
8105,2967
8129,2991
8152,3019
8177,3044
8199,3070
8222,3096
8248,3123
8273,3149
8296,3175
8319,3201
8342,3226
8366,3252
8391,3277
8415,3302
8440,3326
8466,3352
8491,3376
8514,3401
8540,3426
8564,3450
8588,3474
8612,3498
8634,3521
8658,3545
8681,3569
8704,3592
8728,3616
8751,3638
8774,3661
8798,3683
8821,3706
8845,3729
8869,3752
8893,3775
8918,3798
8942,3820
8966,3843
8993,3866
9016,3888
9040,3911
9064,3931
9088,3952
9112,3974
9135,3995
9159,4016
9183,4038
9206,4060
9231,4082
9255,4104
9279,4125
9304,4147
9329,4170
9354,4192
9382,4214
9408,4237
9433,4259
9459,4281
9483,4304
9509,4326
9534,4348
9559,4370
9584,4393
9609,4415
9634,4437
9658,4460
9685,4484
9710,4504
9737,4526
9763,4549
9789,4570
9817,4593
9845,4617
9874,4639
9901,4661
9928,4684
9955,4706
9982,4729
10010,4752
10036,4774
10061,4797
10088,4819
10115,4841
10142,4863
10169,4884
10195,4906
10221,4928
10248,4950
10273,4973
10301,4994
10328,5014
10356,5035
10384,5057
10411,5078
10436,5099
10461,5119
10487,5139
10512,5159
10537,5179
10562,5199
10586,5220
10611,5239
10636,5259
10661,5278
10686,5298
10710,5317
10735,5337
10761,5357
10787,5377
10814,5396
10841,5415
10869,5436
10897,5457
10923,5478
10950,5498
10975,5518
11002,5539
11027,5559
11053,5580
11078,5601
11104,5621
11130,5641
11156,5661
11182,5682
11207,5701
11232,5721
11257,5741
11283,5762
11311,5780
11338,5800
11363,5819
11389,5838
11415,5856
11439,5875
11465,5895
11489,5914
11513,5933
11537,5951
11561,5970
11583,5989
11609,6008
11633,6027
11657,6046
11680,6065
11704,6084
11728,6102
11753,6121
11777,6139
11803,6158
11827,6177
11851,6196
11876,6215
11900,6234
11923,6252
11946,6271
11969,6292
11992,6310
12015,6330
12038,6349
12061,6369
12085,6388
12108,6407
12130,6427
12153,6447
12178,6467
12203,6487
12227,6507
12250,6528
12275,6547
12298,6567
12323,6586
12346,6606
12368,6626
12390,6647
12412,6666
12437,6687
12460,6709
12485,6730
12508,6749
12531,6770
12556,6791
12579,6811
12603,6831
12627,6853
12650,6874
12675,6895
12699,6916
12723,6937
12748,6958
12770,6980
12794,7001
12818,7022
12842,7045
12866,7066
12889,7088
12914,7109
12936,7131
12960,7153
12985,7175
13008,7198
13030,7219
13053,7241
13076,7263
13099,7285
13121,7306
13143,7326
13165,7348
13188,7370
13210,7392
13232,7413
13254,7433
13275,7453
13296,7474
13317,7496
13338,7517
13359,7538
13380,7558
13402,7578
13423,7598
13444,7618
13466,7641
13487,7662
13508,7683
13528,7705
13548,7726
13570,7746
13591,7767
13612,7788
13632,7808
13653,7829
13673,7850
13694,7871
13716,7893
13736,7915
13755,7936
13775,7957
13796,7977
13818,7998
13839,8019
13859,8041
13881,8062
13902,8084
13922,8107
13943,8129
13963,8151
13984,8173
14006,8197
14026,8219
14049,8241
14069,8265
14091,8288
14112,8314
14133,8338
14154,8361
14176,8385
14197,8409
14218,8434
14239,8458
14262,8485
14284,8510
14308,8534
14330,8560
14352,8585
14373,8611
14396,8636
14418,8660
14441,8686
14463,8712
14485,8737
14506,8761
14528,8789
14550,8814
14572,8839
14593,8864
14615,8888
14635,8913
14657,8938
14678,8964
14700,8987
14720,9011
14742,9035
14763,9059
14784,9082
14804,9107
14825,9130
14846,9155
14867,9180
14889,9204
14910,9228
14929,9253
14951,9278
14971,9302
14992,9326
15013,9352
15034,9377
15056,9402
15078,9427
15099,9452
15121,9477
15143,9503
15164,9530
15186,9554
15210,9579
15231,9605
15252,9632
15275,9658
15298,9683
15320,9708
15342,9734
15364,9761
15385,9786
15408,9811
15429,9836
15452,9862
15474,9886
15495,9910
15517,9936
15540,9962
15563,9988
15584,10013
15606,10038
15627,10061
15649,10087
15671,10111
15693,10135
15715,10160
15736,10185
15757,10209
15778,10232
15800,10258
15821,10283
15844,10308
15865,10333
15887,10356
15908,10381
15930,10405
15953,10430
15976,10455
15998,10480
16021,10505
16044,10531
16067,10557
16091,10582
16113,10607
16135,10631
16158,10655
16179,10681
16202,10706
16225,10732
16247,10758
16269,10784
16291,10809
16315,10835
16338,10860
16363,10886
2,10913
27,10939
51,10964
74,10990
99,11017
123,11042
147,11067
170,11092
194,11119
218,11146
241,11171
265,11195
289,11221
313,11246
337,11272
362,11299
387,11325
412,11351
436,11376
462,11402
489,11428
515,11455
542,11481
569,11507
595,11532
620,11557
646,11583
672,11608
697,11634
722,11659
747,11685
771,11710
796,11736
820,11760
846,11785
870,11809
896,11834
923,11857
947,11880
973,11902
999,11925
1025,11949
1051,11973
1075,11996
1099,12018
1124,12041
1147,12065
1171,12088
1197,12110
1221,12132
1245,12153
1267,12174
1291,12196
1316,12218
1340,12238
1366,12260
1390,12282
1416,12303
1443,12325
1468,12348
1492,12371
1517,12394
1543,12416
1568,12437
1591,12459
1615,12480
1640,12502
1664,12523
1690,12546
1714,12569
1740,12590
1765,12614
1790,12635
1815,12656
1842,12677
1867,12700
1893,12722
1920,12743
1947,12766
1975,12787
2002,12810
2028,12833
2054,12855
2080,12877
2106,12900
2131,12924
2158,12946
2184,12968
2210,12991
2237,13012
2266,13035
2291,13059
2318,13081
2345,13103
2375,13126
2403,13147
2430,13170
2459,13191
2487,13213
2513,13235
2539,13259
2566,13281
2592,13303
2619,13325
2644,13347
2669,13369
2694,13389
2721,13409
2747,13429
2772,13449
2798,13470
2824,13490
2850,13512
2876,13531
2902,13551
2928,13572
2953,13591
2978,13610
3004,13630
3027,13650
3051,13669
3075,13690
3098,13709
3122,13728
3145,13747
3170,13768
3195,13787
3222,13807
3247,13828
3274,13848
3301,13869
3327,13889
3353,13910
3379,13931
3405,13951
3431,13972
3457,13992
3482,14012
3507,14031
3531,14051
3556,14071
3580,14091
3603,14111
3627,14130
3650,14149
3674,14168
3697,14187
3721,14207
3745,14226
3769,14247
3794,14265
3818,14285
3842,14304
3865,14325
3889,14343
3912,14361
3933,14381
3956,14399
3978,14418
4000,14437
4022,14456
4043,14475
4064,14495
4086,14513
4109,14532
4132,14553
4154,14571
4177,14591
4201,14610
4223,14630
4247,14649
4270,14668
4294,14688
4318,14709
4339,14728
4362,14748
4385,14768
4408,14788
4429,14808
4453,14828
4474,14848
4496,14868
4520,14888
4541,14908
4563,14928
4586,14948
4607,14969
4630,14990
4653,15010
4676,15030
4700,15049
4723,15071
4744,15092
4767,15111
4789,15131
4813,15153
4836,15174
4859,15195
4879,15216
4902,15239
4925,15260
4947,15281
4969,15302
4990,15324
5012,15345
5034,15366
5057,15388
5080,15410
5103,15434
5126,15456
5150,15479
5173,15501
5196,15523
5219,15546
5241,15567
5265,15591
5287,15614
5310,15637
5331,15659
5352,15680
5373,15702
5394,15723
5414,15745
5436,15766
5457,15789
5478,15811
5500,15832
5521,15854
5541,15875
5562,15897
5583,15920
5604,15941
5624,15963
5644,15982
5666,16004
5687,16026
5707,16048
5727,16068
5749,16090
5767,16111
5787,16133
5807,16153
5826,16175
5848,16197
5868,16217
5888,16238
5908,16259
5928,16281
5948,16302
5969,16324
5989,16346
6009,16369
6029,7
6049,29
6071,51
6091,74
6111,97
6132,120
6153,144
6173,168
6193,191
6213,214
6234,238
6255,260
6275,284
6297,307
6317,332
6338,356
6360,381
6382,405
6402,429
6425,455
6447,480
6469,505
6491,530
6512,555
6534,581
6555,605
6576,630
6597,657
6619,682
6642,708
6663,732
6684,758
6707,784
6727,811
6748,837
6771,861
6794,888
6816,913
6838,940
6860,966
6883,994
6905,1019
6926,1044
6948,1068
6968,1095
6989,1118
7010,1143
7031,1167
7051,1192
7073,1215
7092,1239
7114,1263
7134,1287
7156,1309
7177,1334
7199,1357
7220,1382
7242,1408
7263,1433
7285,1458
7306,1482
7327,1507
7349,1532
7371,1557
7393,1582
7416,1607
7437,1632
7459,1657
7481,1683
7504,1708
7527,1734
7549,1761
7571,1788
7595,1813
7618,1838
7641,1863
7663,1889
7686,1914
7709,1939
7730,1964
7753,1989
7776,2014
7797,2039
7819,2064
7839,2089
7861,2114
7883,2137
7905,2161
7927,2184
7949,2209
7972,2234
7993,2260
8015,2285
8037,2310
8060,2334
8083,2359
8105,2385
8127,2410
8149,2434
8171,2459
8193,2483
8216,2508
8239,2533
8262,2557
8284,2581
8307,2605
8330,2630
8352,2655
8376,2678
8399,2703
8422,2729
8446,2754
8470,2779
8494,2805
8518,2831
8543,2855
8567,2880
8591,2905
8616,2930
8640,2955
8664,2979
8689,3004
8712,3029
8736,3054
8759,3079
8784,3103
8809,3129
8833,3154
8857,3179
8882,3204
8909,3230
8936,3255
8962,3280
8988,3305
9014,3330
9040,3356
9066,3381
9091,3406
9117,3430
9142,3457
9169,3483
9194,3509
9221,3534
9247,3560
9273,3585
9299,3612
9326,3638
9353,3663
9379,3688
9407,3713
9435,3739
9463,3764
9489,3788
9516,3813
9543,3838
9568,3862
9594,3885
9620,3907
9646,3930
9671,3953
9696,3975
9720,3997
9746,4019
9772,4041
9797,4064
9822,4087
9849,4108
9873,4130
9900,4152
9926,4174
9952,4195
9979,4217
10005,4239
10029,4261
10052,4282
10077,4305
10102,4326
10127,4348
10150,4370
10174,4391
10197,4412
10222,4432
10247,4454
10274,4476
10300,4497
10326,4520
10352,4541
10377,4561
10403,4582
10428,4603
10455,4625
10480,4646
10505,4667
10532,4688
10556,4709
10584,4730
10608,4750
10631,4771
10657,4793
10682,4813
10708,4835
10734,4856
10761,4877
10788,4901
10814,4923
10842,4945
10869,4966
10896,4988
10924,5010
10951,5033
10978,5054
11006,5076
11033,5099
11058,5120
11083,5141
11109,5163
11135,5185
11161,5206
11186,5227
11212,5248
11238,5270
11266,5291
11293,5312
11319,5333
11347,5355
11373,5376
11401,5398
11426,5419
11451,5439
11478,5459
11503,5480
11526,5500
11551,5520
11575,5541
11599,5560
11622,5578
11644,5596
11668,5616
11692,5635
11716,5654
11741,5673
11764,5692
11789,5711
11814,5730
11838,5749
11864,5769
11888,5787
11913,5807
11938,5826
11962,5845
11985,5866
12010,5885
12033,5904
12057,5924
12080,5945
12104,5966
12126,5984
12150,6004
12173,6025
12197,6045
12220,6065
12245,6084
12268,6104
12291,6124
12316,6143
12340,6161
12363,6181
12386,6200
12409,6218
12431,6237
12454,6255
12477,6274
12499,6292
12521,6312
12544,6331
12565,6351
12587,6371
12609,6390
12631,6409
12655,6428
12677,6448
12702,6467
12726,6485
12748,6505
12771,6524
12794,6543
12816,6562
12838,6582
12860,6601
12881,6619
12904,6638
12925,6659
12947,6679
12968,6699
12991,6719
13012,6738
13035,6758
13057,6777
13079,6798
13101,6818
13123,6839
13146,6860
13167,6881
13190,6901
13212,6921
13234,6942
13256,6963
13278,6984
13300,7003
13322,7025
13342,7045
13364,7067
13385,7087
13406,7108
13428,7129
13451,7151
13472,7171
13494,7191
13517,7213
13540,7235
13563,7255
13585,7276
13607,7299
13629,7321
13651,7343
13674,7365
13696,7387
13718,7410
13743,7433
13764,7455
13787,7478
13809,7500
13831,7523
13854,7545
13877,7569
13899,7592
13922,7615
13944,7638
13966,7660
13988,7684
14009,7706
14031,7728
14052,7749
14074,7771
14094,7793
14114,7815
14136,7838
14155,7859
14176,7882
14196,7903
14216,7923
14236,7945
14256,7966
14277,7987
14297,8007
14318,8028
14338,8051
14359,8071
14380,8092
14401,8114
14420,8134
14439,8155
14459,8176
14479,8198
14500,8220
14521,8243
14541,8266
14561,8287
14582,8308
14602,8330
14622,8350
14642,8372
14662,8395
14682,8416
14702,8438
14722,8461
14742,8484
14762,8508
14782,8530
14804,8553
14825,8575
14847,8598
14867,8621
14888,8645
14909,8669
14930,8693
14952,8718
14972,8741
14993,8766
15013,8790
15034,8813
15056,8838
15076,8861
15099,8885
15120,8910
15143,8936
15165,8962
15187,8987
15210,9012
15233,9037
15256,9062
15277,9088
15300,9114
15322,9139
15345,9165
15367,9190
15389,9216
15411,9242
15432,9269
15454,9293
15475,9317
15496,9344
15519,9369
15541,9394
15564,9419
15587,9444
15609,9468
15631,9493
15652,9516
15673,9539
15694,9563
15717,9587
15738,9611
15759,9636
15780,9661
15801,9685
15822,9708
15843,9732
15864,9757
15885,9781
15907,9805
15929,9829
15950,9854
15974,9878
15996,9902
16019,9926
16041,9952
16064,9977
16088,10003
16112,10027
16133,10053
16156,10078
16179,10104
16201,10129
16222,10155
16244,10179
16266,10204
16288,10230
16311,10256
16333,10281
16356,10305
16379,10329
18,10354
41,10378
64,10402
87,10426
111,10453
135,10477
159,10502
182,10527
205,10551
228,10575
252,10600
274,10625
296,10650
319,10674
341,10697
363,10721
387,10747
412,10772
436,10798
459,10823
482,10847
506,10871
530,10894
554,10917
579,10942
604,10968
629,10993
653,11017
678,11042
703,11067
726,11092
750,11118
774,11142
798,11166
822,11192
847,11218
871,11243
896,11268
921,11293
947,11319
973,11344
1000,11369
1026,11394
1054,11418
1079,11444
1104,11468
1130,11493
1156,11519
1182,11544
1207,11569
1232,11595
1257,11618
1283,11644
1308,11670
1334,11694
1358,11719
1384,11744
1410,11769
1436,11795
1464,11820
1492,11845
1520,11869
1548,11893
1575,11919
1602,11945
1629,11970
1655,11995
1683,12020
1709,12044
1735,12069
1761,12093
1788,12117
1814,12141
1841,12164
1867,12188
1894,12212
1921,12235
1948,12258
1975,12280
2001,12303
2029,12325
2055,12348
2081,12372
2107,12395
2133,12417
2158,12438
2183,12461
2208,12484
2232,12506
2257,12528
2282,12551
2308,12573
2332,12594
2358,12617
2383,12639
2409,12659
2434,12681
2459,12701
2484,12723
2510,12745
2536,12765
2561,12788
2586,12810
2611,12830
2636,12852
2660,12872
2683,12894
2707,12916
2732,12937
2758,12959
2784,12980
2809,13002
2835,13022
2861,13043
2886,13066
2914,13088
2940,13110
2966,13130
2993,13153
3017,13174
3043,13195
3069,13217
3094,13240
3119,13260
3143,13280
3169,13301
3193,13321
3219,13343
3244,13364
3270,13386
3296,13407
3322,13429
3347,13451
3374,13473
3400,13496
3427,13518
3454,13541
3480,13562
3506,13583
3532,13604
3557,13626
3582,13647
3607,13668
3631,13690
3655,13710
3680,13731
3705,13752
3729,13775
3754,13796
3779,13815
3803,13835
3828,13854
3852,13875
3876,13894
3900,13915
3922,13935
3945,13954
3970,13974
3993,13994
4014,14013
4036,14032
4059,14052
4081,14071
4104,14092
4127,14111
4149,14130
4173,14150
4196,14169
4219,14188
4242,14208
4267,14228
4291,14248
4315,14268
4339,14290
4362,14311
4387,14329
4410,14350
4433,14370
4457,14391
4479,14410
4502,14430
4524,14450
4547,14471
4570,14490
4592,14510
4615,14530
4637,14550
4660,14570
4683,14589
4705,14609
4728,14628
4751,14648
4775,14668
4796,14689
4819,14710
4842,14730
4864,14749
4886,14769
4908,14788
4930,14808
4950,14827
4970,14848
4992,14868
5012,14887
5034,14907
5055,14925
5077,14945
5100,14966
5121,14986
5144,15007
5166,15028
5188,15049
5208,15070
5230,15088
5251,15109
5273,15128
5295,15149
5316,15169
5337,15190
5359,15211
5379,15232
5400,15252
5422,15274
5444,15295
5465,15316
5487,15337
5508,15359
5529,15379
5551,15401
5572,15423
5594,15443
5616,15466
5637,15488
5658,15509
5680,15530
5701,15553
5722,15574
5744,15596
5765,15618
5785,15640
5807,15662
5828,15683
5850,15704
5871,15727
5891,15749
5912,15772
5933,15796
5955,15818
5978,15841
5999,15864
6022,15887
6044,15911
6065,15934
6087,15958
6109,15982
6130,16004
6153,16027
6175,16050
6197,16074
6218,16098
6239,16121
6261,16145
6280,16168
6301,16190
6322,16212
6343,16234
6364,16257
6385,16279
6406,16301
6428,16324
6448,16345
6468,16369
6490,7
6511,30
6532,52
6553,75
6573,97
6593,120
6613,143
6632,163
6652,184
6672,206
6691,229
6712,251
6732,274
6753,296
6773,318
6793,341
6813,364
6834,387
6856,411
6876,435
6897,459
6917,483
6937,505
6957,528
6979,551
6999,575
7020,599
7040,622
7061,646
7082,671
7102,695
7123,719
7145,742
7166,765
7188,791
7210,816
7232,841
7253,865
7275,890
7296,916
7319,939
7342,966
7364,991
7386,1017
7408,1043
7429,1069
7451,1094
7474,1119
7497,1146
7519,1172
7541,1197
7564,1224
7586,1250
7609,1276
7633,1301
7657,1328
7680,1353
7704,1380
7728,1406
7750,1431
7773,1458
7796,1483
7819,1509
7842,1534
7864,1561
7887,1587
7908,1612
7930,1637
7951,1661
7974,1687
7996,1712
8019,1737
8041,1764
8063,1789
8086,1814
8109,1837
8132,1861
8156,1886
8179,1911
8202,1936
8224,1962
8246,1988
8270,2012
8291,2037
8314,2063
8336,2088
8360,2112
8382,2138
8406,2164
8430,2190
8453,2215
8478,2240
8503,2266
8529,2292
8554,2318
8580,2344
8604,2371
8628,2395
8652,2420
8676,2447
8700,2470
8724,2496
8747,2521
8772,2545
8796,2571
8820,2596
8844,2621
8867,2646
8891,2670
8916,2695
8941,2718
8965,2743
8989,2770
9015,2794
9041,2819
9066,2843
9092,2868
9116,2892
9140,2916
9163,2939
9188,2963
9212,2987
9237,3012
9260,3036
9285,3061
9309,3085
9335,3109
9359,3132
9383,3155
9408,3181
9433,3205
9458,3229
9485,3253
9511,3279
9537,3304
9563,3328
9590,3351
9615,3376
9641,3402
9667,3427
9692,3451
9716,3476
9741,3498
9767,3522
9793,3546
9818,3570
9844,3595
9869,3619
9895,3644
9922,3668
9949,3691
9977,3715
10003,3740
10030,3765
10057,3789
10083,3812
10108,3836
10135,3860
10162,3884
10187,3907
10211,3929
10237,3951
10263,3975
10290,3999
10315,4022
10342,4045
10367,4067
10395,4090
10423,4114
10450,4138
10480,4162
10507,4188
10534,4211
10562,4235
10589,4258
10615,4281
10640,4304
10666,4326
10691,4349
10717,4373
10743,4395
10767,4418
10792,4440
10817,4460
10843,4482
10868,4504
10894,4525
10922,4546
10946,4567
10971,4589
10998,4610
11023,4631
11048,4654
11074,4675
11098,4695
11122,4715
11145,4736
11170,4756
11193,4776
11215,4796
11240,4817
11264,4837
11287,4856
11312,4876
11336,4895
11362,4916
11388,4937
11415,4957
11438,4977
11463,4998
11487,5017
11512,5037
11538,5057
11562,5077
11586,5096
11610,5118
11632,5138
11656,5159
11680,5180
11705,5201
11729,5221
11754,5241
11778,5262
11803,5281
11829,5302
11853,5322
11878,5343
11903,5364
11929,5384
11953,5406
11978,5426
12002,5449
12027,5469
12051,5489
12076,5510
12100,5531
12123,5553
12146,5574
12168,5595
12193,5615
12217,5635
12242,5655
12267,5675
12290,5696
12315,5716
12340,5736
12365,5757
12389,5777
12413,5797
12436,5817
12459,5838
12484,5858
12507,5879
12530,5898
12552,5918
12576,5937
12597,5956
12621,5976
12644,5995
12665,6015
12688,6034
12712,6053
12734,6072
12756,6092
12780,6111
12802,6130
12826,6148
12848,6168
12869,6187
12892,6206
12914,6225
12936,6245
12957,6265
12979,6284
13002,6302
13024,6322
13046,6342
13069,6362
13093,6383
13116,6404
13139,6424
13163,6445
13186,6465
13209,6485
13232,6505
13255,6525
13277,6544
13299,6564
13320,6583
13340,6603
13362,6624
13384,6643
13406,6663
13429,6683
13451,6702
13473,6722
13495,6741
13516,6760
13536,6780
13558,6800
13579,6820
13601,6840
13623,6860
13645,6880
13665,6901
13688,6920
13709,6941
13730,6961
13752,6981
13774,7001
13794,7021
13814,7042
13835,7061
13855,7081
13877,7102
13898,7123
13920,7143
13941,7165
13963,7186
13985,7208
14007,7229
14026,7250
14048,7271
14072,7293
14093,7315
14114,7336
14136,7359
14157,7381
14180,7404
14201,7425
14222,7447
14244,7469
14264,7491
14286,7514
14308,7536
14329,7558
14349,7580
14371,7601
14393,7623
14414,7646
14437,7670
14459,7693
14481,7715
14503,7737
14524,7761
14546,7785
14567,7808
14589,7831
14611,7854
14634,7877
14655,7901
14677,7925
14698,7948
14719,7970
14741,7993
14765,8016
14787,8041
14809,8065
14832,8088
14856,8111
14878,8135
14900,8160
14921,8183
14943,8206
14966,8229
14987,8253
15008,8276
15029,8299
15051,8322
15072,8345
15093,8368
15115,8392
15135,8416
15156,8438
15177,8461
15199,8483
15219,8506
15240,8528
15261,8551
15281,8572
15301,8595
15323,8617
15345,8641
15366,8664
15386,8685
15407,8709
15426,8731
15447,8753
15468,8776
15489,8799
15511,8823
15530,8845
15550,8868
15571,8892
15593,8914
15614,8938
15637,8961
15660,8985
15682,9011
15705,9036
15728,9059
15750,9082
15773,9107
15795,9132
15816,9156
15838,9180
15861,9205
15883,9230
15906,9255
15928,9279
15950,9303
15973,9329
15996,9353
16018,9378
16042,9403
16065,9429
16088,9456
16114,9482
16137,9510
16161,9536
16186,9561
16209,9590
16233,9618
16256,9644
16280,9671
16304,9696
16326,9722
16349,9747
16373,9773
12,9800
36,9826
58,9852
83,9877
107,9903
131,9929
156,9953
181,9980
204,10006
230,10033
255,10059
279,10086
303,10111
326,10136
349,10159
372,10184
394,10209
418,10234
440,10257
464,10281
488,10304
512,10329
535,10354
559,10378
584,10403
607,10427
632,10452
657,10476
681,10500
707,10526
732,10549
755,10575
781,10601
804,10626
829,10652
853,10678
878,10702
902,10726
928,10752
952,10779
976,10805
1002,10830
1028,10855
1054,10879
1079,10904
1105,10929
1130,10954
1156,10978
1182,11002
1208,11025
1232,11050
1257,11074
1281,11098
1306,11122
1329,11147
1353,11172
1378,11196
1402,11220
1426,11244
1451,11267
1475,11291
1501,11314
1528,11339
1553,11362
1580,11386
1606,11409
1631,11433
1657,11457
1681,11483
1705,11508
1730,11533
1755,11556
1781,11578
1803,11603
1829,11628
1853,11651
1878,11675
1903,11700
1929,11723
1955,11746
1981,11770
2008,11795
2035,11819
2062,11843
2089,11867
2114,11891
2141,11914
2167,11937
2194,11963
2219,11986
2243,12010
2269,12034
2296,12057
2321,12080
2346,12104
2372,12127
2398,12150
2423,12173
2450,12197
2478,12219
2504,12241
2531,12265
2556,12289
2582,12311
2609,12334
2635,12360
2663,12383
2688,12405
2715,12430
2741,12454
2767,12477
2793,12500
2819,12525
2845,12549
2870,12572
2897,12594
2924,12618
2950,12641
2977,12665
3004,12689
3032,12712
3060,12735
3086,12758
3112,12781
3138,12802
3163,12825
3188,12848
3211,12869
3236,12889
3260,12910
3284,12933
3307,12955
3331,12976
3355,12995
3378,13015
3402,13036
3426,13056
3448,13077
3472,13096
3496,13117
3520,13136
3546,13156
3569,13176
3591,13195
3615,13215
3637,13236
3660,13255
3682,13275
3704,13295
3727,13313
3749,13334
3772,13354
3795,13374
3818,13394
3842,13414
3865,13435
3888,13454
3913,13474
3935,13495
3958,13515
3981,13535
4003,13555
4026,13574
4049,13594
4071,13614
4093,13635
4116,13654
4139,13673
4160,13694
4184,13715
4207,13735
4229,13755
4253,13775
4276,13795
4299,13815
4324,13837
4348,13857
4372,13878
4397,13898
4421,13919
4444,13941
4467,13961
4491,13982
4514,14003
4537,14023
4561,14043
4582,14064
4605,14084
4627,14104
4651,14125
4674,14145
4698,14166
4720,14187
4743,14207
4766,14227
4790,14247
4813,14266
4836,14286
4858,14305
4881,14326
4904,14344
4925,14363
4946,14383
4968,14405
4990,14424
5011,14443
5034,14462
5054,14481
5076,14501
5096,14520
5117,14539
5138,14559
5160,14578
5181,14597
5202,14616
5225,14635
5247,14655
5269,14675
5290,14694
5312,14714
5333,14734
5353,14755
5375,14775
5397,14795
5419,14816
5440,14836
5462,14854
5484,14874
5506,14896
5527,14916
5549,14938
5571,14957
5591,14977
5612,14998
5633,15019
5655,15039
5677,15060
5698,15080
5719,15101
5740,15121
5761,15141
5781,15162
5803,15183
5825,15204
5845,15223
5868,15243
5887,15263
5907,15284
5928,15305
5950,15326
5971,15346
5992,15367
6012,15387
6033,15408
6055,15431
6078,15451
6099,15472
6119,15493
6139,15515
6161,15537
6181,15559
6202,15580
6225,15603
6246,15625
6267,15646
6288,15668
6309,15691
6330,15712
6352,15734
6372,15757
6394,15778
6415,15800
6437,15824
6458,15847
6479,15870
6501,15893
6522,15917
6545,15940
6566,15962
6589,15985
6613,16009
6634,16032
6656,16056
6677,16079
6699,16102
6720,16126
6742,16149
6765,16173
6787,16195
6808,16219
6831,16242
6852,16265
6874,16288
6896,16313
6919,16337
6942,16362
6965,2
6988,28
7012,52
7035,76
7058,102
7081,127
7104,152
7126,176
7150,201
7172,226
7195,252
7217,276
7239,301
7263,326
7284,351
7306,374
7330,398
7353,424
7375,449
7397,473
7420,497
7443,521
7465,545
7486,570
7507,593
7528,616
7549,639
7570,662
7591,685
7613,707
7634,732
7656,756
7678,779
7700,802
7721,825
7741,850
7764,872
7786,896
7810,920
7832,947
7853,970
7876,995
7897,1020
7919,1044
7941,1067
7963,1092
7985,1117
8007,1140
8029,1165
8050,1189
8073,1214
8095,1239
8118,1264
8141,1288
8163,1312
8189,1338
8213,1364
8237,1390
8260,1417
8284,1444
8308,1470
8331,1496
8355,1522
8380,1549
8405,1575
8429,1601
8454,1627
8478,1653
8504,1681
8529,1707
8554,1734
8578,1760
8604,1786
8631,1813
8657,1839
8683,1866
8709,1893
8734,1921
8760,1946
8786,1972
8810,1998
8835,2025
8860,2051
8884,2076
8909,2101
8934,2128
8958,2154
8984,2179
9009,2205
9034,2229
9059,2256
9083,2281
9109,2306
9134,2332
9160,2356
9184,2382
9209,2407
9235,2433
9260,2457
9285,2482
9309,2507
9334,2531
9358,2556
9382,2579
9407,2605
9433,2629
9458,2653
9482,2678
9509,2704
9535,2731
9563,2756
9590,2782
9616,2807
9643,2833
9670,2859
9697,2885
9724,2910
9750,2935
9776,2962
9801,2987
9825,3013
9850,3038
9874,3062
9900,3087
9925,3111
9950,3138
9976,3162
10003,3185
10029,3209
10054,3233
10081,3256
10106,3280
10132,3305
10158,3329
10185,3353
10212,3378
10237,3401
10263,3426
10287,3449
10312,3473
10337,3498
10361,3523
10387,3544
10413,3568
10438,3592
10464,3615
10489,3638
10515,3662
10541,3685
10569,3709
10595,3733
10623,3757
10649,3781
10674,3805
10700,3828
10725,3850
10749,3873
10775,3896
10799,3919
10824,3943
10848,3966
10874,3988
10899,4012
10925,4035
10951,4057
10977,4080
11004,4104
11031,4127
11057,4151
11084,4174
11110,4197
11136,4220
11162,4243
11189,4265
11214,4288
11239,4311
11264,4334
11289,4357
11314,4379
11339,4402
11363,4425
11388,4448
11414,4470
11440,4492
11467,4515
11493,4539
11520,4562
11547,4586
11573,4610
11599,4632
11624,4656
11649,4680
11674,4702
11699,4725
11725,4747
11750,4769
11772,4791
11797,4812
11823,4833
11847,4857
11871,4879
11898,4900
11922,4921
11947,4941
11972,4962
11996,4983
12020,5002
12043,5022
12067,5042
12089,5063
12111,5084
12135,5104
12156,5123
12177,5143
12199,5162
12220,5182
12242,5202
12264,5221
12286,5239
12308,5259
12331,5278
12352,5296
12373,5316
12395,5334
12418,5353
12441,5372
12465,5392
12486,5411
12508,5431
12530,5450
12553,5469
12575,5487
12597,5507
12620,5527
12643,5547
12664,5566
12686,5586
12709,5605
12732,5625
12754,5643
12777,5663
12800,5684
12823,5703
12847,5723
12871,5744
12894,5765
12917,5784
12940,5805
12962,5824
12985,5845
13006,5864
13030,5884
13053,5904
13077,5924
13100,5945
13123,5966
13146,5987
13169,6008
13191,6028
13213,6049
13235,6070
13258,6090
13282,6110
13305,6129
13330,6150
13352,6169
13374,6190
13397,6210
13419,6230
13440,6250
13463,6269
13486,6290
13507,6310
13530,6331
13552,6350
13572,6371
13594,6390
13615,6409
13638,6430
13658,6450
13681,6468
13701,6487
13723,6507
13745,6527
13766,6546
13787,6566
13808,6584
13829,6603
13850,6622
13871,6642
13893,6660
13912,6679
13933,6700
13953,6720
13974,6741
13996,6762
14017,6781
14040,6803
14060,6823
14082,6844
14103,6865
14125,6886
14148,6906
14169,6926
14191,6947
14211,6967
14232,6987
14254,7007
14274,7027
14295,7047
14316,7066
14336,7085
14357,7105
14378,7125
14399,7146
14421,7167
14441,7187
14462,7208
14483,7229
14504,7249
14525,7270
14547,7291
14569,7312
14590,7333
14612,7355
14635,7376
14655,7397
14676,7417
14696,7439
14716,7460
14737,7482
14758,7503
14778,7524
14798,7545
14818,7568
14839,7590
14860,7610
14881,7632
14903,7652
14923,7674
14946,7696
14967,7718
14988,7740
15010,7762
15031,7786
15054,7808
15075,7830
15097,7853
15118,7875
15139,7898
15161,7921
15183,7944
15206,7966
15227,7988
15249,8011
15271,8034
15294,8056
15314,8080
15336,8102
15359,8125
15382,8148
15404,8170
15426,8191
15449,8215
15472,8240
15494,8264
15517,8287
15538,8311
15560,8334
15583,8359
15604,8383
15627,8407
15650,8431
15673,8457
15696,8480
15719,8505
15742,8529
15765,8554
15789,8581
15813,8605
15837,8630
15861,8656
15884,8681
15908,8706
15931,8732
15953,8757
15975,8780
15999,8804
16020,8828
16041,8852
16063,8875
16086,8899
16108,8922
16131,8947
16154,8970
16177,8993
16197,9015
16220,9039
16242,9062
16265,9085
16287,9109
16309,9132
16331,9154
16353,9177
16374,9200
11,9224
33,9249
54,9272
76,9295
99,9318
120,9343
142,9367
165,9390
189,9414
211,9438
235,9461
258,9485
282,9509
307,9533
332,9558
355,9583
380,9607
403,9632
427,9656
448,9681
471,9706
494,9729
519,9754
542,9780
567,9804
592,9829
617,9855
643,9880
667,9906
692,9932
717,9957
743,9981
770,10007
797,10034
823,10060
847,10085
871,10110
897,10136
923,10163
947,10189
972,10217
998,10242
1023,10267
1048,10293
1073,10320
1099,10345
1125,10372
1151,10398
1178,10423
1205,10447
1231,10473
1257,10498
1282,10526
1308,10551
1334,10576
1360,10601
1385,10625
1410,10649
1434,10673
1458,10697
1484,10723
1507,10747
1532,10772
1559,10797
1583,10821
1608,10846
1634,10870
1658,10894
1684,10918
1710,10942
1736,10967
1761,10991
1786,11016
1812,11041
1837,11064
1862,11089
1887,11114
1912,11137
1937,11162
1961,11186
1986,11211
2012,11236
2037,11261
2062,11285
2089,11309
2117,11334
2144,11360
2172,11384
2199,11408
2226,11433
2250,11457
2275,11481
2301,11505
2326,11529
2351,11553
2376,11576
2400,11600
2424,11623
2448,11647
2473,11670
2499,11693
2523,11717
2548,11741
2575,11765
2600,11789
2625,11812
2652,11836
2677,11861
2704,11885
2731,11907
2756,11930
2781,11954
2806,11977
2830,12000
2855,12024
2879,12048
2903,12071
2928,12094
2952,12116
2976,12138
3000,12159
3025,12181
3050,12204
3076,12227
3102,12250
3128,12273
3154,12296
3181,12320
3205,12342
3232,12364
3258,12388
3282,12412
3308,12435
3332,12459
3356,12482
3380,12505
3405,12529
3430,12553
3454,12576
3480,12599
3505,12620
3530,12643
3554,12667
3580,12690
3605,12711
3630,12734
3655,12756
3681,12779
3707,12802
3731,12824
3756,12847
3779,12870
3802,12893
3827,12916
3850,12939
3875,12960
3898,12983
3921,13006
3944,13028
3968,13051
3994,13074
4019,13096
4044,13119
4069,13141
4094,13163
4118,13186
4143,13207
4166,13228
4189,13249
4212,13272
4235,13292
4256,13313
4278,13333
4301,13354
4324,13376
4347,13397
4370,13416
4393,13436
4415,13455
4438,13475
4461,13495
4484,13516
4505,13536
4528,13555
4549,13574
4571,13593
4593,13613
4614,13632
4635,13651
4657,13670
4677,13689
4698,13708
4718,13728
4740,13746
4762,13765
4784,13784
4805,13804
4828,13822
4849,13842
4870,13861
4892,13879
4915,13899
4936,13918
4958,13937
4980,13957
5003,13977
5025,13997
5047,14016
5067,14035
5089,14055
5111,14074
5133,14092
5155,14113
5177,14133
5197,14153
5219,14174
5240,14194
5263,14213
5284,14233
5306,14254
5328,14274
5350,14295
5373,14316
5395,14337
5416,14358
5438,14379
5460,14398
5482,14419
5504,14439
5525,14461
5547,14482
5569,14501
5591,14521
5613,14542
5635,14562
5656,14582
5678,14604
5700,14625
5721,14645
5741,14665
5764,14686
5785,14705
5807,14726
5828,14745
5850,14765
5871,14785
5893,14806
5913,14826
5935,14846
5955,14866
5976,14886
5997,14906
6018,14926
6039,14946
6060,14967
6081,14986
6102,15007
6122,15028
6142,15049
6163,15069
6184,15089
6206,15109
6228,15129
6247,15150
6269,15170
6290,15191
6311,15211
6333,15232
6354,15254
6375,15276
6396,15296
6417,15317
6439,15337
6459,15359
6481,15380
6502,15401
6523,15423
6544,15445
6567,15468
6587,15489
6608,15510
6630,15531
6652,15552
6673,15574
6693,15594
6714,15617
6735,15638
6756,15659
6777,15682
6798,15704
6820,15726
6841,15748
6862,15770
6883,15791
6905,15814
6926,15836
6947,15858
6969,15881
6991,15903
7012,15925
7035,15947
7057,15969
7079,15991
7100,16012
7122,16035
7143,16057
7165,16081
7186,16104
7208,16128
7230,16151
7252,16173
7274,16196
7296,16219
7318,16241
7339,16265
7362,16289
7384,16313
7407,16336
7431,16360
7453,0
7477,23
7499,48
7522,72
7545,95
7567,119
7590,145
7612,168
7635,193
7657,218
7679,242
7703,266
7727,291
7750,317
7774,342
7796,367
7820,391
7843,417
7867,442
7891,468
7916,494
7940,520
7965,545
7988,570
8011,596
8035,621
8058,648
8081,674
8104,701
8126,727
8149,753
8172,778
8197,804
8223,831
8247,857
8270,881
8295,906
8320,932
8345,958
8370,984
8394,1008
8419,1033
8443,1059
8467,1084
8489,1107
8511,1132
8535,1156
8556,1180
8578,1205
8601,1229
8625,1254
8648,1277
8672,1300
8695,1325
8720,1348
8743,1373
8768,1397
8791,1421
8816,1445
8838,1469
8863,1493
8887,1517
8910,1540
8934,1564
8957,1587
8982,1613
9005,1635
9029,1662
9054,1687
9078,1712
9103,1738
9128,1764
9153,1788
9178,1814
9205,1841
9232,1867
9257,1894
9283,1919
9309,1942
9335,1967
9360,1993
9385,2018
9410,2044
9434,2071
9459,2096
9484,2122
9510,2149
9535,2174
9562,2201
9588,2227
9615,2253
9643,2280
9670,2305
9699,2332
9727,2358
9755,2386
9783,2412
9810,2439
9836,2464
9863,2489
9888,2516
9913,2542
9939,2570
9964,2595
9990,2622
10016,2648
10042,2674
10067,2699
10094,2724
10122,2749
10148,2774
10175,2800
10204,2825
10230,2848
10258,2875
10283,2900
10310,2926
10336,2950
10361,2975
10386,3001
10412,3024
10437,3047
10462,3072
10487,3096
10513,3122
10538,3146
10564,3170
10591,3196
10617,3220
10643,3244
10670,3267
10696,3293
10722,3318
10748,3341
10774,3365
10800,3389
10826,3413
10852,3438
10878,3463
10902,3487
10928,3512
10952,3537
10979,3561
11005,3584
11030,3607
11057,3631
11081,3655
11107,3679
11134,3703
11160,3727
11187,3750
11212,3774
11237,3796
11262,3819
11286,3844
11312,3868
11336,3892
11361,3913
11385,3935
11410,3958
11434,3980
11459,4002
11484,4026
11508,4048
11534,4070
11559,4092
11584,4114
11609,4137
11633,4159
11658,4181
11683,4203
11706,4226
11730,4249
11755,4271
11778,4293
11801,4317
11824,4339
11847,4361
11872,4384
11895,4407
11918,4428
11942,4451
11967,4472
11993,4495
12018,4517
12043,4541
12066,4563
12090,4586
12113,4607
12137,4629
12159,4652
12183,4674
12207,4696
12231,4718
12253,4739
12276,4761
12299,4783
12323,4805
12347,4827
12368,4850
12391,4874
12415,4895
12439,4917
12464,4938
12488,4961
12512,4981
12535,5003
12559,5024
12585,5045
12609,5067
12633,5088
12657,5110
12679,5132
12702,5154
12724,5176
12747,5197
12770,5218
12793,5239
12816,5260
12839,5280
12863,5301
12886,5322
12910,5342
12933,5362
12955,5383
12980,5403
13002,5423
13024,5442
13046,5462
13068,5481
13090,5499
13111,5518
13132,5538
13153,5558
13174,5578
13196,5597
13216,5617
13237,5636
13257,5654
13278,5673
13299,5691
13321,5709
13341,5728
13362,5747
13384,5766
13404,5785
13424,5802
13445,5821
13466,5839
13487,5857
13508,5876
13529,5896
13550,5914
13570,5933
13592,5952
13613,5972
13634,5990
13656,6010
13678,6028
13700,6048
13722,6068
13744,6087
13766,6106
13788,6125
13810,6145
13831,6165
13852,6185
13874,6205
13895,6223
13916,6242
13938,6263
13959,6282
13980,6302
14002,6322
14023,6343
14045,6364
14066,6385
14088,6405
14110,6426
14132,6446
14154,6468
14175,6488
14198,6508
14220,6529
14240,6550
14263,6569
14285,6589
14306,6609
14328,6630
14349,6650
14370,6670
14392,6689
14413,6711
14435,6732
14456,6754
14478,6775
14500,6795
14521,6815
14542,6835
14564,6858
14585,6878
14607,6898
14629,6919
14649,6939
14670,6960
14691,6979
14711,6999
14732,7019
14753,7040
14774,7060
14794,7081
14816,7101
14837,7121
14858,7142
14878,7161
14900,7181
14921,7203
14941,7224
14961,7245
14982,7266
15002,7285
15024,7306
15046,7327
15069,7348
15090,7369
15111,7390
15133,7412
15155,7433
15176,7455
15198,7476
15220,7498
15240,7518
15260,7539
15282,7561
15303,7582
15324,7603
15346,7625
15367,7646
15389,7668
15411,7690
15432,7710
15454,7732
15477,7755
15499,7775
15520,7796
15542,7818
15565,7841
15585,7864
15607,7886
15628,7908
15648,7929
15670,7951
15691,7974
15713,7995
15735,8016
15757,8037
15778,8060
15800,8082
15823,8106
15847,8128
15868,8151
15892,8173
15916,8196
15939,8219
15962,8243
15985,8267
16007,8289
16029,8312
16052,8335
16074,8359
16097,8383
16119,8407
16141,8431
16164,8455
16187,8479
16209,8503
16231,8527
16254,8552
16278,8576
16300,8600
16323,8624
16348,8648
16371,8672
11,8696
35,8721
59,8746
82,8770
106,8795
129,8818
152,8845
174,8870
199,8896
223,8921
247,8946
270,8971
295,8996
319,9021
346,9045
372,9071
398,9097
424,9123
450,9148
475,9174
500,9202
525,9227
551,9251
575,9277
598,9303
623,9329
648,9355
673,9381
698,9406
721,9432
747,9458
772,9483
797,9508
822,9531
848,9554
873,9581
898,9606
924,9630
948,9653
973,9677
997,9701
1020,9723
1044,9747
1068,9770
1091,9794
1115,9818
1139,9841
1164,9866
1187,9890
1212,9914
1236,9937
1261,9961
1287,9984
1312,10008
1337,10032
1363,10057
1387,10082
1414,10106
1439,10131
1464,10155
1489,10181
1515,10205
1539,10230
1564,10253
1590,10279
1615,10303
1641,10328
1666,10355
1693,10380
1719,10406
1746,10431
1773,10456
1799,10482
1826,10507
1854,10533
1883,10560
1908,10585
1933,10611
1960,10637
1987,10661
2013,10687
2040,10714
2065,10738
2091,10764
2117,10789
2143,10815
2169,10841
2198,10867
2227,10894
2253,10920
2281,10946
2308,10972
2336,11000
2362,11025
2389,11052
2414,11077
2440,11102
2465,11128
2491,11153
2516,11179
2542,11204
2568,11230
2595,11256
2620,11282
2646,11308
2671,11332
2697,11356
2725,11380
2752,11404
2779,11429
2806,11453
2831,11477
2856,11501
2880,11526
2906,11551
2932,11573
2956,11597
2980,11622
3004,11646
3029,11669
3054,11693
3079,11719
3103,11742
3128,11767
3152,11789
3177,11813
3202,11837
3229,11861
3255,11886
3281,11910
3306,11934
3332,11958
3357,11982
3383,12006
3407,12030
3432,12052
3454,12075
3477,12098
3502,12121
3527,12144
3551,12167
3575,12190
3599,12211
3624,12233
3650,12257
3674,12280
3699,12302
3724,12325
3748,12348
3773,12370
3798,12394
3822,12417
3846,12439
3867,12463
3891,12487
3914,12510
3937,12532
3960,12554
3983,12576
4007,12599
4029,12622
4052,12643
4074,12666
4099,12688
4123,12711
4147,12734
4169,12757
4194,12781
4219,12803
4243,12824
4267,12847
4290,12870
4314,12892
4336,12916
4359,12938
4382,12960
4406,12981
4428,13003
4451,13025
4475,13048
4497,13071
4521,13094
4545,13116
4569,13139
4592,13161
4615,13184
4638,13204
4661,13225
4686,13247
4710,13267
4732,13289
4756,13312
4779,13334
4801,13357
4824,13378
4847,13399
4869,13421
4891,13442
4915,13465
4937,13486
4962,13507
4984,13528
5009,13549
5033,13571
5056,13591
5080,13614
5102,13636
5125,13658
5148,13679
5171,13700
5193,13721
5215,13742
5238,13763
5261,13782
5283,13803
5305,13823
5327,13844
5348,13863
5369,13884
5390,13904
5412,13923
5434,13943
5454,13962
5474,13981
5495,14000
5517,14020
5538,14038
5558,14057
5579,14075
5599,14095
5620,14114
5641,14133
5661,14154
5683,14172
5704,14190
5723,14210
5744,14228
5764,14247
5785,14267
5807,14286
5829,14305
5850,14325
5871,14345
5891,14364
5912,14384
5935,14404
5956,14424
5978,14443
5999,14464
6020,14484
6041,14505
6063,14525
6084,14545
6105,14566
6127,14586
6148,14606
6169,14627
6191,14646
6213,14667
6235,14688
6257,14708
6278,14730
6301,14751
6324,14772
6346,14793
6368,14816
6389,14837
6410,14859
6433,14879
6456,14901
6476,14922
6498,14943
6522,14965
6545,14986
6567,15007
6589,15028
6611,15051
6633,15072
6654,15094
6678,15115
6700,15137
6721,15159
6742,15181
6764,15201
6786,15221
6808,15244
6831,15266
6854,15288
6876,15310
6898,15332
6921,15354
6943,15376
6963,15398
6984,15420
7005,15441
7027,15462
7048,15484
7070,15506
7092,15528
7114,15550
7137,15571
7158,15593
7180,15614
7202,15636
7224,15656
7246,15677
7267,15698
7288,15720
7310,15742
7332,15765
7354,15787
7377,15810
7399,15832
7420,15856
7443,15878
7465,15901
7487,15924
7509,15947
7532,15969
7555,15992
7577,16015
7601,16037
7625,16062
7647,16085
7669,16109
7691,16130
7713,16153
7736,16176
7759,16197
7782,16220
7804,16242
7825,16264
7849,16286
7871,16309
7893,16333
7917,16356
7941,16380
7965,19
7989,41
8011,65
8035,89
8057,114
8079,139
8104,161
8127,185
8149,208
8171,232
8193,258
8216,282
8240,306
8263,331
8286,356
8310,381
8334,405
8357,431
8382,456
8407,482
8432,508
8457,533
8482,559
8505,583
8530,607
8554,633
8579,658
8603,683
8627,707
8650,732
8673,757
8698,783
8723,809
8748,836
8773,859
8798,885
8825,910
8851,936
8876,962
8903,987
8929,1013
8955,1040
8980,1068
9005,1093
9030,1119
9056,1146
9082,1172
9106,1198
9132,1224
9158,1250
9184,1275
9209,1301
9234,1328
9260,1354
9287,1380
9314,1407
9340,1434
9367,1460
9396,1488
9424,1512
9451,1537
9476,1563
9502,1588
9527,1614
9552,1638
9575,1663
9598,1689
9622,1715
9646,1739
9671,1763
9697,1787
9723,1811
9747,1835
9771,1858
9797,1882
9822,1906
9847,1929
9873,1953
9897,1978
9921,2000
9948,2024
9972,2047
9997,2072
10021,2096
10045,2121
10068,2146
10094,2170
10120,2193
10145,2216
10170,2242
10196,2266
10222,2292
10248,2317
10274,2342
10300,2369
10328,2394
10353,2419
10379,2444
10406,2469
10431,2493
10457,2519
10481,2544
10507,2568
10532,2594
10560,2619
10585,2643
10610,2668
10636,2694
10662,2720
10688,2747
10715,2772
10743,2797
10771,2824
10800,2850
10827,2875
10853,2901
10879,2926
10905,2952
10931,2977
10957,3003
10982,3029
11008,3055
11033,3082
11059,3106
11086,3131
11112,3157
11138,3181
11164,3207
11191,3232
11217,3258
11243,3284
11270,3309
11297,3334
11322,3360
11347,3384
11372,3409
11397,3434
11422,3458
11447,3482
11471,3507
11495,3531
11520,3555
11543,3579
11567,3603
11593,3625
11615,3649
11640,3672
11665,3696
11689,3719
11712,3742
11738,3765
11761,3787
11784,3809
11808,3831
11832,3854
11856,3877
11880,3898
11904,3920
11926,3943
11949,3965
11973,3989
11996,4011
12020,4034
12044,4055
12067,4077
12091,4099
12113,4123
12137,4147
12161,4170
12184,4193
12207,4216
12230,4239
12254,4261
12277,4282
12300,4305
12323,4327
12345,4348
12366,4370
12389,4393
12410,4415
12434,4437
12457,4458
12479,4480
12503,4502
12525,4523
12548,4544
12572,4566
12595,4587
12618,4609
12639,4630
12662,4651
12685,4673
12708,4695
12729,4716
12751,4737
12772,4759
12794,4780
12816,4801
12837,4822
12861,4843
12883,4864
12905,4885
12928,4906
12950,4927
12972,4948
12994,4968
13017,4989
13039,5009
13062,5030
13085,5050
13107,5072
13127,5091
13149,5113
13171,5134
13192,5155
13213,5175
13234,5195
13255,5216
13278,5238
13300,5259
13321,5280
13343,5299
13366,5320
13388,5341
13410,5363
13433,5383
13455,5403
13477,5422
13499,5444
13521,5463
13543,5483
13564,5503
13586,5523
13609,5543
13630,5564
13652,5583
13674,5604
13695,5624
13716,5643
13738,5662
13760,5683
13782,5702
13803,5722
13825,5743
13848,5762
13871,5783
13892,5802
13915,5822
13935,5841
13955,5861
13975,5881
13996,5900
14018,5918
14037,5938
14058,5956
14079,5976
14099,5995
14119,6013
14139,6031
14159,6049
14179,6068
14199,6086
14219,6104
14240,6123
14261,6141
14281,6160
14301,6178
14322,6196
14343,6213
14364,6233
14385,6251
14403,6270
14423,6289
14443,6307
14462,6325
14483,6343
14504,6362
14523,6380
14545,6399
14565,6417
14586,6436
14607,6456
14628,6476
14650,6496
14671,6517
14692,6535
14714,6555
14736,6575
14757,6594
14779,6615
14802,6635
14823,6655
14844,6675
14865,6695
14888,6715
14910,6736
14930,6758
14952,6778
14973,6799
14995,6820
15017,6841
15038,6862
15061,6882
15084,6904
15108,6925
15131,6947
15154,6968
15175,6989
15197,7011
15220,7034
15242,7054
15265,7075
15288,7097
15311,7117
15333,7139
15355,7162
15376,7182
15397,7202
15419,7224
15441,7247
15463,7269
15486,7290
15510,7313
15533,7335
15556,7356
15578,7377
15602,7398
15623,7419
15645,7440
15667,7462
15689,7483
15712,7505
15733,7526
15754,7547
15776,7568
15798,7589
15820,7612
15842,7634
15863,7656
15884,7678
15906,7700
15929,7721
15952,7744
15974,7764
15997,7787
16020,7808
16044,7831
16068,7853
16091,7874
16114,7897
16137,7921
16160,7945
16182,7967
16204,7989
16226,8011
16247,8032
16268,8054
16292,8077
16315,8099
16337,8121
16361,8144
16383,8167
23,8191
46,8213
70,8236
94,8258
118,8281
140,8303
164,8326
187,8348
210,8371
234,8395
257,8418
281,8443
304,8466
328,8489
352,8512
375,8536
398,8559
422,8583
446,8606
470,8630
495,8654
519,8679
545,8702
569,8726
593,8751
619,8774
642,8798
665,8822
690,8846
713,8871
738,8895
762,8920
787,8945
813,8969
837,8993
860,9016
884,9042
909,9066
934,9089
961,9115
987,9140
1013,9166
1038,9192
1064,9216
1089,9241
1115,9265
1140,9290
1165,9314
1189,9338
1214,9364
1237,9390
1262,9416
1288,9440
1313,9466
1339,9490
1365,9515
1391,9541
1418,9566
1446,9590
1472,9616
1499,9642
1525,9667
1551,9692
1579,9718
1605,9744
1630,9770
1655,9795
1680,9820
1706,9846
1732,9871
1758,9897
1784,9921
1810,9945
1837,9970
1862,9996
1888,10021
1914,10047
1939,10071
1965,10095
1990,10119
2015,10144
2041,10167
2066,10192
2091,10216
2114,10238
2139,10263
2163,10286
2187,10311
2211,10333
2236,10357
2261,10380
2286,10402
2310,10427
2336,10450
2362,10474
2386,10498
2411,10522
2436,10545
2460,10569
2484,10593
2508,10615
2532,10639
2557,10663
2581,10687
2607,10711
2630,10734
2655,10758
2680,10783
2704,10806
2730,10830
2755,10855
2781,10881
2807,10907
2832,10931
2858,10956
2885,10982
2910,11007
2937,11031
2962,11057
2989,11082
3015,11108
3042,11134
3067,11159
3091,11183
3115,11207
3140,11232
3165,11257
3190,11282
3215,11309
3241,11334
3265,11358
3291,11384
3317,11409
3342,11435
3369,11460
3396,11486
3422,11512
3448,11537
3473,11561
3497,11586
3522,11612
3547,11637
3572,11662
3596,11686
3620,11712
3645,11736
3669,11761
3694,11786
3719,11810
3743,11835
3768,11860
3793,11884
3818,11908
3842,11931
3866,11955
3889,11979
3912,12002
3934,12026
3957,12049
3978,12072
4000,12094
4023,12118
4046,12139
4067,12162
4090,12186
4113,12208
4136,12231
4159,12252
4183,12274
4206,12296
4229,12319
4253,12342
4276,12365
4300,12388
4324,12411
4347,12435
4371,12459
4394,12481
4417,12504
4439,12527
4461,12548
4484,12570
4507,12593
4529,12616
4551,12638
4571,12659
4594,12681
4617,12702
4641,12725
4663,12747
4684,12769
4708,12790
4730,12811
4752,12832
4776,12854
4797,12877
4820,12899
4841,12921
4865,12944
4887,12966
4910,12987
4932,13010
4954,13033
4974,13053
4997,13074
5017,13095
5039,13116
5062,13137
5083,13159
5105,13179
5127,13201
5151,13224
5173,13245
5196,13266
5218,13289
5239,13309
5261,13329
5284,13351
5306,13372
5327,13392
5350,13412
5370,13433
5391,13454
5413,13476
5434,13496
5456,13518
5479,13539
5501,13559
5524,13580
5546,13601
5567,13622
5589,13643
5611,13663
5633,13684
5656,13704
5678,13725
5699,13747
5720,13767
5741,13787
5762,13809
5782,13830
5805,13851
5826,13872
5849,13894
5872,13916
5894,13937
5917,13957
5940,13977
5961,13998
5983,14018
6005,14040
6026,14059
6048,14079
6070,14100
6092,14121
6116,14143
6137,14163
6158,14182
6180,14203
6202,14223
6222,14242
6244,14263
6265,14283
6286,14303
6307,14323
6327,14344
6348,14364
6371,14383
6393,14403
6414,14421
6435,14440
6456,14460
6476,14480
6498,14500
6518,14520
6539,14540
6560,14559
6580,14579
6600,14598
6621,14617
6641,14635
6663,14655
6683,14674
6704,14693
6725,14713
6745,14732
6766,14750
6787,14769
6808,14789
6830,14807
6850,14827
6871,14847
6893,14869
6915,14889
6937,14909
6958,14929
6981,14950
7002,14971
7023,14992
7045,15013
7067,15034
7088,15055
7111,15078
7132,15098
7155,15119
7177,15140
7198,15162
7221,15184
7243,15205
7267,15227
7289,15249
7312,15271
7336,15293
7357,15314
7379,15336
7402,15358
7425,15379
7447,15400
7468,15422
7490,15445
7514,15468
7536,15491
7560,15513
7583,15536
7606,15560
7629,15582
7653,15606
7677,15629
7700,15651
7723,15672
7746,15694
7769,15716
7791,15738
7812,15760
7836,15783
7858,15806
7880,15828
7903,15851
7925,15873
7947,15895
7969,15918
7991,15941
8014,15963
8036,15986
8057,16008
8080,16030
8104,16053
8126,16074
8149,16096
8171,16120
8193,16141
8216,16163
8239,16186
8260,16208
8281,16230
8304,16252
8327,16274
8349,16297
8372,16320
8396,16342
8418,16366
8442,6
8467,29
8491,53
8515,76
8539,100
8564,123
8589,147
8612,171
8635,194
8660,219
8684,244
8707,266
8730,290
8754,313
8777,337
8802,361
8825,384
8849,408
8872,432
8896,456
8921,482
8945,505
8971,529
8995,553
9021,578
9046,601
9071,625
9095,649
9121,674
9146,698
9170,722
9194,749
9218,773
9243,797
9267,821
9292,847
9317,872
9340,896
9366,920
9392,946
9418,971
9445,997
9471,1022
9497,1047
9523,1073
9549,1099
9575,1125
9599,1149
9626,1174
9651,1201
9677,1226
9702,1251
9726,1277
9752,1301
9777,1326
9802,1352
9828,1378
9854,1404
9881,1428
9908,1454
9935,1480
9962,1506
9988,1532
10014,1558
10040,1584
10067,1611
10094,1637
10121,1663
10148,1689
10173,1715
10199,1741
10224,1766
10250,1790
10277,1818
10303,1844
10330,1870
10356,1896
10382,1921
10409,1948
10437,1973
10465,1998
10492,2025
10519,2053
10545,2078
10572,2103
10598,2128
10623,2153
10648,2177
10673,2202
10696,2226
10720,2251
10745,2275
10770,2300
10795,2323
10820,2348
10845,2372
10871,2396
10896,2419
10921,2442
10947,2466
10974,2492
10999,2516
11024,2539
11046,2561
11070,2585
11092,2610
11115,2633
11138,2655
11162,2678
11185,2702
11209,2726
11234,2750
11258,2772
11282,2797
11306,2821
11330,2844
11356,2868
11380,2892
11405,2916
11430,2938
11454,2962
11480,2986
11505,3010
11528,3033
11551,3056
11575,3081
11600,3107
11623,3132
11649,3158
11673,3184
11698,3209
11722,3233
11746,3258
11773,3282
11796,3307
11823,3332
11848,3356
11873,3380
11896,3404
11919,3429
11943,3454
11968,3477
11992,3501
12015,3526
12039,3552
12064,3576
12087,3601
12110,3624
12133,3648
12157,3673
12181,3699
12205,3724
12229,3748
12253,3773
12278,3796
12302,3820
12325,3843
12347,3867
12370,3889
12395,3912
12418,3935
12441,3957
12464,3979
12486,4002
12507,4024
12530,4047
12553,4070
12576,4092
12600,4114
12622,4137
12645,4160
12667,4183
12690,4204
12713,4227
12737,4249
12760,4271
12783,4293
12806,4315
12827,4337
12850,4359
12872,4381
12893,4403
12916,4425
12937,4447
12959,4468
12980,4490
13001,4511
13024,4533
13045,4556
13069,4577
13092,4599
13114,4620
13135,4642
13158,4663
13179,4685
13201,4708
13224,4729
13247,4750
13269,4773
13292,4794
13314,4814
13336,4835
13357,4856
13377,4877
13398,4898
13420,4919
13442,4940
13464,4961
13487,4983
13508,5004
13531,5024
13554,5045
13576,5066
13597,5087
13619,5109
13640,5128
13663,5149
13685,5171
13705,5190
13726,5212
13748,5233
13769,5253
13790,5274
13811,5293
13832,5314
13854,5336
13876,5356
13897,5377
13919,5396
13941,5416
13962,5436
13984,5457
14006,5477
14028,5498
14049,5518
14071,5539
14092,5558
14114,5578
14136,5598
14157,5619
14178,5639
14199,5660
14221,5679
14243,5699
14266,5719
14288,5740
14309,5759
14331,5779
14352,5800
14374,5820
14396,5842
14417,5861
14439,5881
14461,5901
14482,5920
14504,5940
14525,5961
14546,5982
14569,6002
14591,6022
14613,6043
14635,6063
14656,6082
14678,6103
14699,6123
14721,6143
14743,6164
14764,6183
14787,6203
14809,6222
14832,6242
14853,6262
14876,6283
14898,6304
14919,6322
14941,6344
14962,6363
14984,6383
15005,6403
15026,6420
15047,6439
15067,6459
15088,6478
15109,6497
15130,6516
15150,6534
15170,6554
15191,6572
15212,6592
15233,6611
15255,6630
15277,6650
15298,6669
15320,6687
15342,6706
15362,6724
15384,6743
15406,6764
15427,6782
15448,6802
15468,6822
15489,6842
15509,6861
15530,6879
15551,6898
15572,6918
15593,6938
15615,6958
15637,6978
15659,6999
15683,7019
15706,7040
15729,7061
15751,7083
15776,7103
15800,7124
15823,7146
15846,7167
15867,7189
15889,7211
15912,7233
15934,7255
15956,7276
15978,7297
16002,7319
16024,7340
16047,7362
16071,7384
16094,7406
16117,7427
16142,7451
16166,7473
16189,7496
16213,7517
16236,7540
16259,7563
16282,7584
16305,7607
16328,7629
16351,7653
16374,7676
14,7700
36,7722
60,7745
83,7767
107,7789
132,7813
156,7836
179,7859
204,7883
229,7906
254,7927
278,7948
301,7970
325,7993
347,8015
371,8038
392,8060
414,8082
438,8105
462,8127
486,8149
509,8171
533,8193
556,8216
581,8238
607,8259
631,8282
656,8305
681,8326
705,8349
729,8373
754,8395
777,8419
801,8442
825,8465
849,8487
873,8510
897,8534
921,8557
945,8580
969,8604
994,8628
1020,8653
1045,8676
1070,8701
1096,8726
1122,8749
1148,8773
1173,8797
1199,8821
1222,8844
1247,8866
1272,8891
1295,8914
1319,8938
1343,8960
1367,8985
1392,9009
1418,9034
1444,9058
1469,9081
1495,9106
1520,9129
1546,9154
1572,9178
1599,9203
1625,9227
1650,9253
1676,9278
1701,9302
1727,9326
1753,9349
1778,9375
1804,9401
1829,9426
1855,9450
1881,9474
1905,9498
1930,9522
1956,9548
1981,9573
2009,9598
2035,9625
2060,9650
2088,9677
2115,9701
2141,9726
2167,9751
2194,9777
2219,9802
2246,9827
2271,9852
2296,9878
2322,9904
2347,9928
2373,9954
2399,9979
2426,10004
2452,10029
2479,10054
2507,10080
2534,10105
2561,10130
2587,10157
2612,10183
2639,10210
2665,10237
2692,10263
2719,10288
2745,10312
2770,10337
2795,10363
2821,10388
2846,10414
2871,10439
2897,10465
2924,10489
2949,10515
2975,10539
3000,10565
3027,10590
3053,10617
3079,10641
3104,10664
3129,10689
3154,10714
3179,10737
3202,10761
3226,10785
3249,10808
3272,10832
3296,10857
3320,10881
3342,10904
3367,10927
3392,10950
3416,10974
3440,10998
3463,11023
3487,11046
3511,11070
3534,11094
3558,11117
3581,11139
3606,11161
3628,11184
3651,11208
3673,11230
3697,11253
3720,11277
3742,11300
3765,11325
3788,11349
3811,11373
3834,11397
3859,11422
3883,11447
3908,11471
3932,11497
3955,11522
3978,11545
4003,11570
4027,11595
4051,11620
4074,11645
4099,11669
4123,11695
4145,11720
4168,11744
4191,11769
4214,11793
4236,11818
4260,11841
4284,11866
4306,11891
4329,11916
4354,11940
4379,11965
4403,11990
4428,12013
4452,12038
4475,12063
4498,12086
4521,12109
4545,12133
4567,12156
4590,12180
4613,12204
4636,12228
4659,12251
4682,12275
4705,12297
4729,12320
4752,12342
4775,12367
4799,12392
4821,12416
4843,12439
4866,12462
4889,12484
4910,12507
4932,12529
4955,12552
4978,12574
4998,12596
5019,12619
5041,12642
5062,12664
5085,12686
5106,12707
5127,12728
5149,12750
5170,12772
5193,12794
5214,12816
5236,12839
5257,12860
5279,12880
5301,12902
5322,12924
5343,12946
5363,12968
5385,12989
5405,13011
5427,13032
5449,13055
5471,13076
5493,13098
5514,13119
5536,13140
5558,13162
5581,13184
5603,13205
5626,13227
5648,13247
5668,13267
5690,13289
5712,13309
5733,13331
5754,13352
5775,13373
5798,13393
5818,13414
5838,13434
5860,13455
5880,13475
5900,13496
5922,13517
5943,13537
5964,13557
5986,13577
6007,13598
6029,13619
6050,13639
6071,13659
6092,13680
6115,13700
6137,13721
6159,13742
6180,13762
6202,13782
6223,13804
6244,13826
6265,13846
6286,13867
6307,13889
6329,13909
6350,13929
6372,13950
6393,13971
6415,13992
6438,14012
6460,14032
6483,14051
6505,14071
6527,14091
6549,14111
6571,14132
6592,14152
6615,14175
6636,14196
6658,14216
6680,14236
6702,14256
6723,14277
6745,14298
6768,14319
6790,14340
6812,14360
6836,14381
6859,14403
6881,14423
6902,14443
6924,14465
6947,14486
6969,14506
6992,14527
7016,14548
7037,14570
7060,14590
7082,14610
7105,14630
7127,14652
7149,14672
7170,14692
7192,14712
7214,14733
7236,14753
7257,14775
7279,14794
7302,14814
7324,14835
7346,14855
7369,14875
7392,14895
7414,14915
7436,14935
7458,14955
7479,14976
7500,14995
7522,15015
7543,15035
7563,15054
7584,15075
7605,15095
7626,15114
7648,15134
7669,15154
7692,15174
7715,15194
7736,15213
7758,15233
7779,15253
7802,15273
7822,15292
7844,15312
7868,15334
7890,15354
7912,15374
7934,15395
7955,15416
7977,15437
8000,15459
8022,15480
8043,15503
8066,15526
8089,15549
8112,15570
8135,15592
8159,15615
8183,15637
8208,15660
8233,15683
8258,15706
8283,15730
8307,15751
8332,15774
8356,15799
8380,15821
8404,15845
8428,15867
8451,15890
8473,15913
8498,15937
8524,15961
8549,15986
8573,16010
8598,16033
8622,16056
8649,16081
8674,16103
8701,16128
8726,16151
8751,16175
8777,16199
8803,16222
8827,16247
8852,16269
8876,16294
8901,16317
8925,16342
8950,16365
8975,4
8999,27
9025,52
9049,74
9075,99
9100,123
9126,147
9152,172
9179,195
9205,218
9230,242
9255,265
9280,288
9306,312
9330,337
9355,360
9380,384
9403,407
9428,430
9452,454
9475,478
9499,503
9525,527
9551,550
9575,574
9601,598
9627,623
9654,646
9681,671
9706,696
9732,721
9759,747
9786,773
9812,798
9838,825
9864,851
9889,875
9914,899
9940,925
9965,949
9991,973
10016,999
10043,1025
10070,1050
10097,1074
10124,1098
10149,1123
10175,1147
10201,1171
10227,1197
10253,1224
10278,1249
10303,1273
10327,1298
10352,1323
10378,1349
10405,1375
10430,1400
10456,1425
10483,1452
10510,1478
10538,1503
10563,1527
10591,1553
10618,1579
10644,1605
10670,1630
10696,1656
10723,1680
10748,1707
10775,1733
10800,1760
10824,1786
10850,1810
10874,1836
10900,1861
10927,1886
10953,1912
10979,1939
11006,1965
11033,1990
11060,2017
11087,2044
11114,2070
11140,2095
11165,2121
11191,2147
11217,2172
11242,2198
11267,2223
11292,2248
11318,2274
11343,2300
11367,2326
11393,2353
11418,2379
11445,2404
11471,2429
11496,2456
11523,2482
11549,2508
11574,2534
11600,2561
11626,2586
11651,2613
11676,2639
11702,2664
11726,2689
11750,2714
11773,2738
11797,2764
11821,2789
11845,2813
11869,2838
11892,2862
11916,2887
11939,2912
11963,2935
11988,2959
12010,2983
12034,3007
12058,3032
12081,3056
12104,3079
12125,3102
12147,3125
12169,3148
12190,3172
12212,3195
12232,3218
12254,3241
12276,3265
12299,3288
12321,3310
12343,3333
12365,3356
12387,3378
12411,3402
12433,3425
12455,3448
12478,3471
12500,3493
12523,3516
12546,3541
12569,3564
12592,3589
12615,3612
12636,3636
12659,3659
12682,3683
12705,3706
12727,3731
12750,3755
12774,3778
12796,3802
12820,3826
12845,3850
12868,3874
12892,3898
12913,3921
12935,3944
12957,3966
12981,3990
13003,4013
13025,4037
13047,4061
13069,4083
13091,4108
13113,4131
13135,4155
13158,4177
13181,4201
13203,4223
13226,4247
13249,4270
13273,4295
13296,4318
13319,4341
13341,4365
13364,4388
13385,4412
13408,4435
13430,4457
13452,4480
13474,4502
13495,4524
13516,4545
13537,4568
13558,4590
13579,4612
13602,4635
13624,4656
13645,4680
13667,4702
13688,4723
13708,4743
13730,4763
13752,4785
13773,4807
13794,4826
13814,4846
13836,4865
13857,4886
13878,4907
13898,4926
13919,4946
13939,4966
13958,4987
13979,5009
14001,5031
14020,5051
14041,5073
14062,5095
14084,5115
14105,5136
14128,5157
14148,5178
14170,5199
14192,5220
14213,5240
14233,5260
14255,5280
14277,5301
14299,5321
14320,5342
14342,5363
14362,5382
14383,5403
14403,5422
14424,5443
14444,5462
14466,5481
14487,5501
14507,5519
14529,5541
14549,5560
14571,5579
14592,5599
14613,5619
14635,5639
14657,5659
14678,5679
14699,5697
14720,5717
14740,5737
14761,5758
14783,5777
14805,5798
14826,5818
14848,5839
14870,5859
14891,5880
14912,5900
14934,5919
14956,5938
14979,5957
15001,5977
15023,5996
15045,6018
15067,6037
15088,6057
15110,6076
15131,6097
15153,6117
15175,6136
15197,6156
15219,6177
15240,6197
15263,6217
15285,6237
15307,6258
15330,6277
15353,6297
15375,6317
15399,6338
15420,6358
15442,6378
15465,6398
15488,6418
15510,6440
15532,6460
15555,6481
15576,6501
15599,6521
15620,6542
15642,6562
15665,6583
15688,6603
15712,6622
15734,6643
15757,6663
15779,6684
15802,6705
15827,6725
15850,6745
15873,6766
15896,6786
15920,6807
15942,6828
15965,6848
15987,6869
16008,6890
16033,6911
16054,6930
16075,6951
16096,6971
16119,6991
16141,7010
16163,7030
16185,7049
16207,7069
16229,7089
16249,7109
16271,7129
16295,7151
16317,7170
16340,7190
16362,7210
16383,7229
22,7250
44,7269
66,7290
87,7310
109,7330
131,7350
153,7371
177,7392
200,7414
224,7435
247,7455
271,7476
295,7497
319,7518
343,7540
368,7561
392,7583
415,7605
440,7627
465,7648
490,7672
513,7695
537,7717
562,7740
586,7764
612,7786
637,7809
662,7832
687,7854
713,7878
739,7901
765,7923
791,7945
817,7968
841,7991
867,8014
891,8036
917,8058
941,8081
965,8105
992,8129
1015,8153
1039,8177
1065,8200
1089,8224
1116,8247
1141,8270
1169,8293
1194,8317
1220,8339
1246,8363
1273,8388
1299,8412
1324,8435
1349,8458
1375,8481
1401,8505
1427,8529
1452,8553
1475,8576
1500,8599
1524,8621
1548,8645
1574,8669
1600,8692
1626,8716
1650,8740
1675,8762
1700,8785
1725,8809
1750,8832
1775,8857
1800,8880
1825,8904
1850,8926
1875,8949
1900,8972
1924,8996
1950,9020
1973,9043
1999,9066
2025,9090
2050,9114
2075,9138
2101,9163
2127,9188
2154,9213
2181,9239
2207,9262
2233,9287
2261,9313
2287,9338
2313,9363
2339,9387
2365,9410
2391,9435
2416,9459
2439,9484
2464,9508
2488,9532
2512,9556
2535,9580
2562,9605
2587,9629
2612,9655
2638,9679
2663,9704
2690,9728
2716,9753
2743,9778
2770,9801
2794,9826
2820,9850
2846,9875
2871,9900
2896,9924
2921,9949
2946,9974
2971,9999
2996,10024
3021,10049
3046,10074
3072,10100
3097,10125
3122,10152
3150,10177
3175,10203
3200,10228
3226,10253
3251,10278
3277,10302
3303,10328
3327,10354
3352,10380
3376,10407
3400,10431
3427,10457
3452,10481
3477,10506
3505,10532
3529,10558
3554,10584
3579,10608
3605,10634
3630,10660
3655,10686
3680,10713
3705,10739
3730,10763
3754,10788
3778,10814
3804,10840
3828,10865
3851,10891
3874,10916
3898,10942
3921,10967
3944,10992
3965,11018
3988,11042
4012,11068
4036,11094
4060,11119
4084,11145
4108,11170
4133,11194
4156,11219
4181,11244
4204,11269
4227,11294
4250,11319
4272,11342
4294,11365
4316,11389
4339,11412
4362,11436
4385,11460
4407,11483
4429,11508
4450,11532
4472,11553
4494,11576
4516,11600
4540,11623
4562,11647
4585,11670
4607,11694
4631,11716
4653,11740
4673,11764
4694,11787
4715,11809
4736,11831
4758,11854
4779,11877
4801,11901
4822,11923
4844,11945
4866,11968
4888,11991
4909,12015
4932,12039
4955,12062
4979,12085
5000,12109
5024,12131
5046,12155
5067,12177
5090,12201
5113,12225
5135,12249
5157,12273
5179,12298
5201,12320
5224,12344
5247,12367
5270,12391
5293,12414
5313,12438
5335,12462
5358,12485
5380,12509
5403,12532
5425,12556
5447,12579
5469,12602
5491,12625
5513,12649
5534,12672
5556,12694
5578,12716
5601,12739
5624,12762
5645,12784
5667,12806
5688,12828
5710,12853
5733,12877
5756,12899
5778,12923
5799,12946
5822,12968
5843,12991
5865,13013
5886,13036
5908,13058
5930,13079
5950,13100
5971,13121
5992,13141
6013,13161
6033,13182
6053,13203
6074,13224
6094,13245
6115,13265
6135,13286
6156,13307
6178,13328
6199,13348
6218,13369
6239,13388
6259,13408
6279,13428
6300,13447
6322,13467
6343,13487
6366,13508
6386,13529
6408,13550
6429,13571
6449,13592
6470,13613
6491,13634
6513,13655
6535,13676
6557,13697
6578,13716
6599,13737
6621,13758
6642,13777
6663,13797
6685,13817
6706,13837
6726,13856
6747,13876
6768,13895
6790,13916
6810,13935
6831,13954
6852,13975
6873,13993
6894,14012
6915,14032
6936,14051
6958,14071
6979,14091
7001,14112
7022,14132
7046,14151
7067,14171
7089,14192
7110,14213
7131,14233
7154,14252
7176,14273
7198,14292
7221,14313
7243,14333
7264,14353
7286,14373
7307,14394
7328,14413
7350,14433
7373,14454
7395,14473
7417,14494
7440,14515
7463,14535
7486,14556
7509,14575
7534,14596
7556,14616
7579,14638
7603,14658
7626,14679
7648,14701
7672,14723
7694,14743
7716,14763
7738,14784
7760,14805
7783,14824
7805,14845
7829,14865
7853,14887
7875,14907
7898,14929
7921,14950
7945,14970
7969,14991
7991,15013
8014,15033
8037,15054
8059,15077
8081,15097
8103,15118
8127,15138
8150,15160
8172,15179
8195,15200
8218,15222
8241,15242
8264,15264
8287,15284
8310,15306
8333,15327
8358,15349
8382,15369
8405,15391
8429,15412
8452,15433
8476,15454
8498,15476
8521,15497
8544,15517
8568,15538
8589,15557
8612,15578
8634,15599
8656,15620
8679,15641
8702,15661
8726,15683
8750,15704
8773,15725
8799,15746
8823,15768
8846,15789
8870,15810
8894,15831
8918,15853
8942,15874
8964,15895
8987,15917
9010,15938
9033,15961
9057,15983
9080,16005
9105,16027
9129,16050
9154,16072
9178,16096
9205,16118
9232,16142
9260,16167
9289,16189
9315,16211
9341,16235
9368,16259
9392,16283
9418,16307
9445,16331
9470,16355
9495,16379
9519,18
9544,42
9569,67
9597,91
9623,116
9650,141
9675,165
9701,188
9728,213
9755,238
9783,262
9810,287
9837,311
9864,336
9890,361
9917,387
9943,412
9969,438
9995,463
10020,488
10044,512
10070,536
10096,560
10122,585
10149,610
10175,635
10201,660
10229,685
10255,709
10281,735
10307,758
10333,784
10359,808
10385,833
10410,858
10435,881
10459,905
10482,927
10505,951
10529,975
10552,999
10578,1022
10603,1047
10629,1071
10654,1095
10679,1119
10706,1144
10732,1169
10758,1195
10785,1221
10811,1244
10837,1269
10862,1295
10886,1319
10911,1344
10936,1367
10962,1393
10987,1418
11012,1444
11036,1468
11061,1493
11086,1519
11112,1543
11138,1569
11164,1594
11189,1618
11215,1642
11240,1668
11265,1692
11290,1715
11315,1741
11340,1766
11364,1790
11387,1815
11411,1840
11435,1865
11459,1888
11482,1913
11506,1938
11530,1963
11554,1988
11578,2014
11602,2038
11628,2063
11653,2089
11680,2113
11704,2139
11730,2164
11755,2189
11781,2214
11806,2241
11829,2266
11853,2291
11876,2315
11899,2340
11923,2367
11945,2391
11969,2417
11993,2442
12017,2467
12042,2493
12066,2519
12091,2544
12115,2569
12138,2596
12162,2621
12184,2646
12209,2672
12232,2697
12256,2722
12279,2747
12301,2772
12325,2798
12349,2823
12372,2848
12395,2874
12417,2901
12440,2927
12463,2952
12486,2976
12512,3000
12536,3026
12561,3051
12585,3076
12607,3100
12631,3126
12654,3150
12678,3175
12700,3201
12725,3225
12746,3248
12768,3274
12791,3297
12813,3322
12836,3346
12857,3370
12881,3396
12904,3420
12927,3445
12949,3469
12972,3492
12994,3517
13016,3540
13039,3564
13061,3588
13082,3611
13103,3634
13124,3657
13146,3680
13167,3701
13188,3724
13208,3748
13230,3770
13250,3792
13272,3815
13293,3837
13313,3859
13335,3880
13356,3902
13377,3924
13398,3946
13419,3966
13441,3987
13462,4009
13483,4031
13504,4054
13525,4075
13545,4096
13565,4119
13586,4142
13606,4164
13627,4187
13647,4209
13670,4232
13691,4255
13712,4276
13734,4300
13756,4322
13778,4345
13801,4367
13823,4391
13846,4414
13867,4439
13890,4462
13913,4485
13936,4508
13957,4530
13980,4553
14001,4576
14022,4598
14045,4621
14066,4643
14087,4667
14108,4689
14130,4711
14152,4733
14174,4756
14196,4778
14217,4800
14240,4824
14262,4846
14285,4868
14307,4891
14330,4912
14351,4935
14373,4957
14395,4979
14415,5002
14437,5023
14459,5045
14481,5066
14502,5087
14523,5108
14544,5128
14566,5150
14587,5171
14609,5191
14629,5212
14651,5233
14672,5253
14692,5273
14714,5293
14734,5313
14755,5335
14777,5353
14798,5373
14818,5393
14839,5413
14859,5432
14882,5451
14902,5471
14923,5491
14943,5511
14965,5531
14986,5552
15008,5572
15030,5591
15052,5611
15073,5631
15095,5651
15117,5672
15137,5692
15158,5711
15181,5732
15204,5752
15225,5771
15247,5790
15270,5811
15292,5832
15314,5850
15336,5871
15357,5891
15379,5911
15400,5930
15421,5950
15442,5969
15464,5988
15487,6007
15509,6026
15531,6045
15554,6065
15577,6084
15598,6103
15620,6124
15643,6144
15665,6162
15686,6182
15707,6202
15730,6221
15752,6240
15773,6258
15795,6279
15817,6298
15840,6317
15864,6337
15886,6357
15908,6378
15930,6398
15954,6419
15977,6440
16001,6460
16025,6480
16049,6500
16071,6519
16095,6539
16117,6559
16139,6578
16162,6598
16184,6619
16206,6640
16229,6660
16251,6680
16274,6700
16298,6721
16320,6742
16343,6762
16367,6782
6,6803
31,6824
55,6845
79,6867
104,6888
128,6909
153,6930
176,6950
199,6972
222,6993
246,7015
270,7035
294,7056
317,7076
341,7098
365,7119
389,7141
413,7161
438,7183
463,7205
489,7226
514,7247
539,7269
564,7291
589,7312
614,7333
639,7353
664,7376
688,7396
712,7417
735,7438
759,7460
784,7482
808,7503
832,7525
856,7546
881,7567
907,7587
931,7609
956,7630
982,7651
1006,7672
1031,7693
1054,7713
1079,7735
1102,7756
1126,7777
1150,7799
1174,7820
1198,7841
1221,7862
1245,7884
1270,7905
1294,7926
1318,7948
1344,7971
1370,7993
1395,8014
1421,8036
1448,8058
1473,8080
1499,8102
1525,8123
1551,8146
1575,8168
1600,8192
1624,8215
1649,8238
1674,8261
1701,8285
1727,8310
1755,8333
1782,8356
1810,8382
1838,8407
1865,8432
1893,8458
1921,8483
1949,8507
1975,8531
2003,8556
2029,8579
2056,8604
2080,8628
2106,8652
2131,8677
2156,8703
2183,8728
2209,8753
2235,8778
2261,8802
2288,8827
2315,8851
2343,8875
2370,8900
2398,8924
2426,8949
2453,8974
2479,9000
2506,9024
2531,9050
2557,9075
2582,9100
2605,9123
2629,9146
2653,9170
2677,9193
2702,9218
2727,9243
2752,9266
2778,9288
2804,9312
2829,9336
2854,9360
2879,9383
2905,9406
2930,9431
2954,9454
2978,9480
3002,9502
3027,9527
3050,9553
3075,9576
3097,9599
3121,9624
3146,9647
3170,9672
3194,9696
3219,9720
3245,9745
3269,9770
3294,9794
3319,9818
3344,9842
3370,9867
3395,9892
3419,9917
3444,9943
3467,9967
3490,9992
3514,10017
3539,10040
3563,10064
3586,10090
3611,10115
3634,10139
3658,10163
3682,10188
3705,10212
3729,10237
3752,10261
3777,10284
3801,10310
3825,10334
3849,10358
3872,10384
3895,10408
3918,10432
3941,10457
3962,10483
3985,10508
4008,10532
4030,10558
4054,10582
4077,10607
4100,10631
4123,10655
4146,10681
4170,10706
4194,10731
4217,10756
4240,10780
4265,10805
4288,10830
4311,10855
4335,10881
4360,10907
4383,10933
4406,10958
4429,10984
4452,11009
4474,11035
4498,11061
4521,11086
4543,11111
4568,11137
4592,11163
4615,11188
4638,11214
4661,11239
4684,11265
4708,11289
4731,11314
4754,11339
4777,11364
4800,11389
4822,11414
4844,11440
4866,11464
4888,11488
4910,11512
4933,11537
4955,11562
4978,11587
5000,11611
5023,11637
5046,11663
5069,11688
5092,11713
5115,11737
5138,11762
5161,11786
5183,11810
5206,11835
5227,11859
5249,11884
5270,11907
5292,11931
5314,11954
5335,11978
5357,12003
5379,12026
5399,12049
5421,12072
5442,12093
5463,12116
5485,12138
5505,12160
5526,12183
5546,12204
5568,12226
5588,12249
5610,12271
5632,12293
5653,12315
5674,12337
5696,12358
5717,12382
5736,12403
5756,12424
5776,12445
5798,12466
5818,12489
5838,12510
5859,12533
5879,12555
5900,12577
5921,12600
5943,12623
5964,12645
5986,12668
6007,12691
6028,12714
6050,12736
6072,12758
6094,12780
6115,12805
6138,12828
6160,12852
6181,12876
6203,12899
6225,12921
6248,12945
6271,12968
6293,12990
6315,13014
6338,13036
6360,13058
6383,13081
6404,13104
6427,13126
6450,13148
6472,13170
6495,13193
6517,13214
6539,13237
6561,13258
6582,13281
6604,13304
6626,13327
6648,13349
6669,13371
6690,13391
6712,13414
6735,13436
6757,13457
6779,13479
6801,13500
6824,13522
6846,13542
6868,13564
6890,13586
6911,13605
6932,13626
6954,13645
6975,13665
6996,13684
7017,13705
7037,13725
7060,13744
7081,13764
7102,13784
7122,13804
7144,13824
7165,13843
7186,13863
7208,13883
7230,13903
7251,13924
7274,13944
7297,13964
7318,13984
7339,14003
7361,14023
7383,14043
7405,14063
7427,14082
7447,14102
7468,14121
7490,14140
7511,14160
7534,14180
7557,14200
7579,14220
7602,14242
7625,14262
7648,14283
7671,14303
7695,14323
7718,14342
7741,14361
7763,14380
7785,14399
7806,14419
7828,14438
7850,14458
7871,14479
7893,14498
7915,14517
7937,14536
7960,14556
7981,14576
8002,14597
8026,14616
8048,14635
8071,14656
8093,14676
8117,14697
8140,14717
8163,14738
8186,14757
8208,14778
8230,14798
8253,14819
8277,14840
8300,14861
8322,14882
8346,14902
8370,14922
8393,14944
8417,14964
8440,14985
8465,15007
8490,15027
8515,15049
8540,15071
8565,15092
8591,15114
8615,15135
8639,15156
8664,15177
8688,15197
8712,15220
8737,15241
8760,15261
8783,15284
8808,15306
8833,15327
8858,15348
8882,15371
8906,15391
8932,15414
8957,15436
8983,15458
9008,15480
9033,15503
9059,15525
9084,15545
9109,15567
9134,15590
9159,15612
9184,15634
9209,15657
9232,15678
9258,15701
9282,15721
9307,15744
9331,15768
9357,15790
9383,15812
9409,15834
9433,15857
9460,15880
9486,15904
9512,15926
9538,15949
9563,15972
9588,15994
9612,16017
9637,16039
9662,16061
9686,16083
9710,16104
9734,16126
9757,16148
9781,16170
9806,16191
9831,16213
9857,16233
9881,16255
9907,16276
9931,16297
9957,16319
9982,16340
10007,16363
10031,1
10055,23
10081,44
10105,67
10129,87
10152,110
10177,132
10202,155
10225,178
10249,201
10274,224
10299,248
10325,274
10351,296
10377,320
10404,346
10431,371
10459,394
10485,419
10512,443
10538,469
10565,493
10591,519
10617,545
10643,571
10669,597
10694,622
10721,649
10748,674
10774,699
10801,725
10826,750
10854,775
10882,801
10908,828
10936,854
10963,880
10990,906
11016,931
11042,956
11068,982
11094,1007
11119,1033
11144,1059
11168,1085
11193,1111
11218,1137
11244,1162
11269,1186
11294,1210
11319,1237
11345,1263
11371,1288
11397,1312
11423,1339
11447,1364
11472,1390
11497,1415
11522,1440
11545,1466
11569,1490
11593,1514
11617,1540
11641,1563
11665,1587
11689,1611
11712,1636
11736,1660
11759,1684
11783,1709
11807,1732
11832,1756
11858,1781
11882,1805
11905,1829
11929,1853
11954,1877
11976,1904
11999,1929
12023,1953
12046,1979
12068,2003
12091,2027
12113,2053
12135,2078
12158,2104
12180,2128
12204,2154
12228,2179
12253,2205
12276,2230
12301,2256
12325,2281
12349,2306
12372,2330
12395,2355
12417,2380
12440,2404
12462,2428
12484,2452
12507,2475
12529,2500
12550,2524
12573,2547
12595,2571
12618,2595
12641,2620
12665,2645
12687,2670
12711,2695
12733,2719
12757,2745
12781,2770
12804,2794
12827,2820
12848,2846
12871,2870
12893,2895
12915,2920
12938,2945
12960,2970
12982,2995
13006,3021
13029,3044
13051,3069
13073,3095
13097,3120
13119,3147
13143,3172
13165,3197
13187,3221
13209,3247
13232,3272
13255,3299
13278,3323
13300,3347
13322,3371
13344,3395
13367,3419
13389,3445
13411,3469
13433,3493
13455,3517
13477,3542
13500,3567
13522,3590
13544,3614
13566,3640
13588,3663
13610,3686
13632,3711
13654,3734
13675,3758
13696,3783
13719,3806
13741,3830
13761,3853
13784,3876
13805,3899
13826,3921
13848,3944
13869,3966
13889,3989
13911,4011
13934,4036
13956,4058
13977,4081
14000,4103
14020,4125
14042,4148
14063,4170
14083,4193
14104,4215
14127,4237
14147,4259
14167,4282
14187,4303
14208,4325
14228,4346
14248,4368
14269,4390
14289,4412
14310,4433
14331,4454
14351,4476
14372,4496
14392,4518
14412,4539
14433,4560
14454,4581
14474,4601
14494,4622
14514,4642
14535,4664
14556,4683
14579,4705
14600,4726
14619,4747
14641,4769
14660,4792
14682,4813
14704,4834
14724,4855
14745,4878
14766,4898
14788,4919
14810,4941
14833,4962
14855,4983
14878,5004
14901,5026
14924,5048
14946,5070
14968,5092
14991,5114
15013,5136
15036,5157
15058,5180
15080,5202
15102,5223
15123,5244
15145,5265
15168,5286
15190,5307
15213,5327
15236,5349
15258,5370
15280,5390
15302,5411
15326,5431
15349,5452
15370,5474
15394,5494
15417,5516
15439,5536
15462,5557
15484,5577
15506,5597
15528,5617
15549,5639
15569,5658
15591,5678
15613,5697
15635,5717
15658,5737
15681,5756
15703,5776
15727,5796
15748,5814
15770,5834
15792,5854
15815,5873
15836,5892
15857,5911
15879,5931
15901,5950
15922,5967
15944,5985
15965,6004
15987,6023
16009,6042
16030,6061
16052,6081
16074,6100
16098,6119
16121,6139
16144,6158
16167,6177
16191,6196
16212,6215
16236,6235
16258,6255
16281,6277
16303,6298
16327,6317
16350,6338
16372,6357
11,6377
34,6397
57,6416
79,6436
103,6457
126,6477
151,6497
174,6516
198,6536
222,6555
245,6575
268,6594
294,6614
316,6635
340,6655
364,6674
387,6694
410,6713
432,6733
456,6754
479,6775
504,6794
529,6814
554,6835
578,6855
604,6876
630,6898
655,6918
680,6937
706,6957
731,6979
758,7000
782,7021
808,7043
833,7064
856,7085
881,7107
906,7128
931,7150
956,7172
981,7193
1006,7214
1031,7236
1058,7258
1086,7279
1112,7301
1137,7322
1164,7345
1190,7367
1217,7389
1243,7410
1268,7432
1293,7453
1318,7476
1341,7498
1365,7520
1392,7542
1418,7564
1443,7585
1470,7608
1496,7629
1522,7652
1548,7674
1575,7696
1602,7719
1629,7741
1655,7763
1682,7786
1707,7807
1732,7830
1758,7852
1783,7875
1809,7897
1833,7921
1859,7944
1883,7965
1909,7989
1935,8010
1960,8032
1987,8055
2012,8077
2038,8099
2065,8123
2092,8145
2118,8166
2144,8189
2169,8212
2194,8233
2218,8255
2245,8277
2269,8299
2293,8323
2317,8344
2340,8366
2365,8387
2390,8410
2415,8433
2439,8456
2464,8478
2489,8500
2514,8523
2541,8546
2566,8570
2591,8593
2616,8616
2641,8640
2666,8662
2692,8685
2716,8709
2741,8733
2766,8757
2791,8781
2815,8804
2840,8828
2866,8852
2892,8877
2917,8903
2942,8927
2968,8951
2996,8975
3025,9001
3052,9028
3080,9053
3106,9078
3132,9103
3159,9129
3184,9156
3210,9181
3236,9207
3262,9234
3286,9258
3312,9284
3338,9310
3364,9336
3388,9362
3413,9387
3438,9412
3463,9439
3490,9466
3517,9492
3542,9516
3568,9541
3592,9565
3617,9591
3642,9616
3667,9642
3691,9668
3715,9693
3740,9719
3763,9743
3788,9769
3811,9793
3834,9818
3857,9842
3880,9868
3904,9892
3928,9917
3950,9942
3973,9968
3996,9991
4018,10015
4041,10039
4064,10063
4087,10086
4111,10110
4133,10133
4156,10156
4180,10181
4201,10205
4224,10230
4247,10255
4270,10279
4292,10302
4315,10326
4337,10352
4360,10376
4384,10402
4408,10427
4431,10451
4454,10477
4478,10502
4503,10526
4525,10552
4548,10578
4570,10603
4593,10629
4616,10654
4640,10680
4662,10704
4685,10730
4707,10754
4729,10777
4751,10802
4774,10826
4795,10850
4818,10876
4840,10901
4863,10926
4885,10949
4906,10974
4928,10998
4950,11021
4972,11047
4994,11071
5017,11095
5038,11119
5060,11144
5082,11169
5104,11194
5127,11218
5150,11243
5172,11268
5194,11293
5216,11317
5238,11341
5260,11366
5283,11390
5305,11415
5328,11439
5350,11463
5373,11488
5395,11514
5417,11540
5439,11564
5462,11591
5484,11616
5505,11639
5526,11664
5549,11689
5570,11713
5591,11738
5614,11763
5637,11787
5660,11811
5682,11835
5703,11859
5726,11884
5748,11908
5770,11932
5790,11956
5812,11983
5835,12007
5856,12030
5877,12054
5898,12077
5920,12100
5942,12122
5962,12145
5983,12169
6003,12191
6025,12215
6047,12237
6068,12260
6089,12283
6112,12305
6134,12327
6155,12351
6178,12374
6199,12396
6221,12419
6241,12441
6262,12466
6283,12489
6306,12512
6327,12535
6348,12556
6370,12579
6391,12600
6412,12623
6434,12646
6455,12669
6475,12691
6497,12713
6517,12734
6537,12756
6558,12777
6580,12798
6600,12819
6621,12841
6642,12863
6662,12884
6682,12905
6704,12924
6725,12944
6744,12966
6766,12985
6786,13006
6805,13027
6826,13049
6846,13069
6866,13089
6889,13111
6910,13131
6931,13152
6952,13174
6973,13194
6994,13214
7016,13235
7038,13256
7059,13277
7081,13297
7104,13319
7126,13341
7150,13362
7172,13385
7194,13406
7216,13427
7238,13447
7260,13470
7283,13491
7305,13512
7328,13533
7352,13556
7375,13578
7398,13600
7421,13620
7446,13642
7470,13664
7493,13686
7516,13706
7539,13728
7562,13749
7585,13769
7609,13792
7631,13811
7654,13832
7676,13853
7699,13875
7723,13896
7746,13917
7770,13938
7793,13959
7816,13979
7840,14001
7863,14021
7886,14042
7909,14062
7932,14083
7955,14103
7980,14123
8001,14142
8023,14162
8044,14182
8065,14202
8087,14222
8109,14240
8132,14261
8154,14280
8176,14300
8199,14319
8222,14339
8244,14357
8267,14377
8289,14396
8312,14415
8335,14435
8359,14455
8382,14474
8406,14494
8429,14514
8452,14535
8474,14555
8497,14575
8519,14596
8543,14615
8566,14636
8589,14655
8615,14676
8639,14698
8664,14718
8689,14738
8715,14759
8741,14780
8766,14801
8790,14822
8815,14842
8840,14863
8864,14884
8888,14903
8912,14923
8935,14944
8959,14964
8983,14984
9007,15005
9031,15025
9056,15046
9079,15066
9105,15086
9130,15107
9155,15127
9180,15148
9205,15170
9232,15191
9258,15212
9284,15234
9311,15256
9336,15277
9361,15299
9386,15320
9411,15343
9435,15366
9460,15388
9485,15410
9510,15432
9535,15455
9561,15476
9588,15498
9615,15520
9641,15542
9669,15566
9695,15588
9721,15610
9749,15632
9776,15656
9802,15680
9828,15702
9854,15726
9879,15749
9905,15773
9931,15796
9957,15819
9983,15842
10010,15864
10035,15887
10063,15911
10089,15935
10115,15958
10143,15981
10170,16005
10196,16029
10222,16052
10247,16075
10274,16098
10300,16122
10325,16143
10351,16166
10376,16189
10402,16213
10427,16236
10453,16260
10479,16283
10505,16307
10531,16331
10557,16353
10585,16377
10611,16
10638,41
10666,65
10693,90
10720,113
10746,137
10771,161
10797,184
10822,209
10848,233
10873,258
10899,282
10922,306
10948,330
10973,353
10998,378
11023,401
11048,425
11072,448
11097,472
11121,496
11147,520
11170,543
11196,566
11220,590
11246,614
11269,637
11292,660
11316,683
11339,708
11362,732
11387,756
11412,780
11436,805
11461,830
11486,855
11512,879
11537,903
11562,927
11588,951
11611,977
11637,1003
11662,1027
11686,1053
11710,1079
11734,1104
11759,1132
11783,1158
11809,1184
11833,1211
11858,1236
11883,1263
11909,1289
11935,1317
11961,1343
11987,1369
12012,1395
12039,1422
12065,1448
12089,1474
12114,1502
12139,1529
12162,1556
12184,1583
12207,1607
12231,1634
12255,1660
12279,1686
12304,1714
12327,1740
12349,1765
12373,1793
12397,1818
12421,1845
12446,1871
12471,1898
12495,1924
12520,1948
12543,1974
12566,1998
12591,2022
12613,2048
12635,2074
12658,2098
12680,2122
12703,2146
12726,2171
12747,2196
12768,2220
12789,2243
12812,2269
12834,2295
12857,2318
12879,2342
12901,2366
12923,2391
12945,2415
12967,2437
12990,2462
13012,2484
13034,2510
13056,2534
13079,2559
13101,2584
13122,2607
13144,2632
13168,2657
13190,2684
13211,2710
13233,2734
13255,2759
13277,2783
13299,2808
13321,2833
13342,2857
13364,2882
13386,2906
13408,2931
13429,2955
13451,2979
13473,3004
13495,3028
13515,3051
13536,3076
13557,3098
13578,3122
13600,3146
13621,3171
13641,3195
13663,3219
13684,3242
13704,3266
13726,3291
13749,3314
13770,3337
13792,3362
13813,3385
13836,3410
13858,3435
13880,3459
13901,3484
13922,3506
13943,3530
13965,3555
13986,3578
14007,3601
14029,3626
14050,3651
14072,3675
14094,3700
14116,3724
14137,3747
14158,3771
14180,3795
14202,3818
14224,3841
14246,3865
14267,3889
14290,3911
14311,3934
14333,3955
14354,3978
14376,4003
14398,4026
14419,4049
14440,4072
14462,4094
14483,4116
14505,4139
14527,4162
14549,4184
14570,4208
14590,4231
14612,4254
14634,4275
14654,4298
14675,4319
14697,4342
14718,4364
14739,4387
14759,4409
14782,4432
14803,4454
14824,4476
14845,4499
14866,4520
14888,4541
14910,4563
14931,4586
14953,4608
14974,4630
14997,4654
15019,4675
15042,4697
15063,4720
15085,4742
15107,4764
15129,4786
15151,4806
15172,4827
15194,4848
15216,4869
15236,4888
15258,4909
15279,4929
15299,4949
15319,4970
15341,4990
15362,5010
15383,5030
15404,5050
15425,5071
15447,5091
15469,5110
15490,5130
15511,5151
15532,5170
15554,5189
15576,5209
15598,5230
15619,5250
15639,5268
15661,5288
15683,5308
15705,5328
15726,5349
15748,5369
15770,5389
15792,5409
15815,5429
15838,5449
15862,5470
15886,5490
15910,5510
15934,5530
15957,5551
15980,5571
16003,5591
16026,5611
16048,5632
16073,5652
16098,5674
16121,5695
16144,5715
16167,5737
16190,5758
16214,5780
16238,5800
16262,5822
16286,5843
16309,5864
16333,5884
16358,5904
16383,5925
24,5946
49,5966
73,5986
96,6006
119,6026
143,6047
167,6068
190,6089
213,6111
237,6130
261,6150
286,6168
311,6190
336,6210
359,6229
384,6249
408,6268
432,6287
455,6308
479,6328
502,6348
526,6366
550,6385
573,6403
596,6421
619,6440
643,6459
665,6478
688,6498
712,6517
737,6535
761,6554
785,6574
810,6594
833,6613
859,6632
883,6652
909,6672
935,6692
960,6713
983,6732
1008,6752
1034,6773
1059,6793
1084,6813
1108,6833
1134,6853
1157,6874
1181,6894
1206,6914
1231,6934
1256,6955
1281,6974
1306,6995
1332,7016
1358,7036
1384,7057
1410,7077
1434,7098
1460,7118
1485,7138
1511,7159
1534,7179
1559,7199
1583,7220
1608,7242
1633,7262
1658,7283
1682,7305
1707,7325
1733,7346
1759,7367
1786,7389
1813,7411
1840,7434
1866,7455
1891,7477
1916,7499
1942,7519
1969,7541
1994,7563
2021,7586
2047,7609
2072,7631
2098,7653
2124,7675
2150,7698
2175,7720
2200,7743
2226,7765
2254,7787
2281,7810
2308,7833
2335,7855
2360,7877
2387,7902
2414,7924
2440,7947
2466,7969
2490,7991
2515,8014
2540,8036
2566,8059
2590,8081
2616,8103
2641,8125
2667,8149
2692,8171
2717,8193
2743,8215
2768,8240
2795,8264
2821,8286
2847,8309
2871,8332
2897,8354
2922,8378
2946,8402
2972,8425
2995,8449
3018,8471
3043,8495
3070,8519
3094,8542
3119,8564
3143,8589
3169,8612
3193,8637
3220,8662
3245,8686
3272,8710
3297,8733
3323,8757
3347,8780
3371,8805
3395,8829
3419,8852
3442,8875
3466,8898
3489,8921
3512,8943
3535,8967
3558,8989
3580,9013
3603,9037
3627,9059
3651,9083
3676,9108
3700,9130
3723,9153
3748,9177
3771,9202
3795,9227
3818,9251
3840,9275
3863,9299
3886,9323
3907,9347
3928,9369
3950,9394
3973,9419
3995,9444
4019,9468
4042,9493
4066,9519
4090,9544
4114,9568
4139,9592
4162,9618
4186,9644
4211,9669
4235,9694
4260,9719
4283,9745
4305,9770
4328,9797
4353,9824
4378,9849
4401,9875
4426,9903
4451,9931
4475,9957
4501,9984
4523,10010
4547,10036
4571,10061
4595,10086
4619,10113
4644,10139
4667,10165
4692,10191
4717,10218
4740,10244
4763,10270
4786,10296
4808,10320
4831,10348
4853,10374
4875,10400
4898,10425
4921,10449
4943,10475
4966,10498
4990,10524
5012,10549
5034,10571
5057,10596
5078,10623
5100,10647
5121,10671
5143,10694
5164,10718
5184,10742
5205,10765
5228,10789
5249,10812
5270,10836
5292,10860
5312,10885
5333,10909
5355,10934
5376,10958
5398,10983
5420,11008
5442,11034
5464,11059
5486,11083
5508,11108
5530,11133
5553,11158
5574,11183
5595,11208
5617,11232
5638,11257
5659,11281
5681,11306
5702,11331
5724,11355
5745,11379
5766,11402
5788,11427
5811,11451
5833,11476
5853,11502
5875,11526
5896,11549
5919,11574
5940,11598
5960,11622
5982,11645
6003,11670
6024,11694
6045,11719
6068,11742
6089,11766
6110,11790
6132,11813
6153,11838
6173,11862
6195,11885
6216,11908
6238,11932
6260,11955
6282,11980
6304,12003
6326,12026
6347,12050
6370,12074
6393,12099
6414,12120
6436,12143
6458,12166
6480,12191
6502,12215
6524,12238
6546,12262
6568,12286
6590,12309
6610,12332
6632,12356
6653,12379
6675,12403
6697,12426
6719,12449
6741,12472
6764,12496
6786,12520
6808,12543
6830,12567
6852,12590
6875,12612
6897,12635
6919,12657
6941,12679
6963,12702
6984,12725
7007,12747
7029,12770
7050,12793
7071,12816
7094,12838
7117,12860
7140,12882
7162,12904
7184,12927
7207,12949
7230,12970
7253,12992
7276,13014
7298,13036
7319,13059
7341,13080
7363,13103
7385,13125
7407,13145
7428,13168
7450,13189
7472,13210
7493,13233
7516,13254
7539,13275
7563,13295
7586,13317
7611,13338
7633,13358
7655,13379
7677,13399
7699,13420
7720,13440
7740,13459
7762,13478
7784,13498
7805,13517
7827,13537
7850,13557
7871,13577
7893,13597
7915,13617
7938,13638
7961,13658
7984,13679
8006,13699
8028,13719
8050,13739
8072,13758
8094,13776
8116,13795
8138,13815
8160,13835
8183,13856
8207,13877
8229,13898
8252,13918
8275,13939
8299,13960
8323,13981
8347,14002
8372,14021
8395,14043
8420,14064
8444,14083
8470,14103
8496,14125
8521,14146
8547,14167
8573,14189
8599,14210
8623,14230
8648,14252
8673,14273
8697,14295
8721,14315
8745,14336
8770,14357
8795,14378
8819,14397
8845,14418
8871,14437
8896,14458
8922,14479
8948,14500
8974,14521
8998,14540
9022,14560
9047,14579
9073,14599
9097,14620
9121,14640
9147,14659
9170,14679
9194,14700
9217,14719
9240,14739
9265,14759
9289,14779
9313,14799
9338,14818
9362,14836
9388,14855
9413,14875
9438,14895
9463,14915
9487,14935
9512,14955
9536,14975
9561,14994
9585,15014
9608,15035
9633,15055
9658,15077
9682,15097
9707,15118
9732,15140
9756,15160
9781,15180
9808,15201
9835,15221
9861,15243
9887,15263
9913,15284
9939,15304
9964,15326
9989,15347
10015,15369
10039,15390
10064,15412
10089,15434
10114,15455
10138,15476
10163,15497
10188,15518
10213,15540
10239,15562
10265,15584
10291,15608
10317,15628
10343,15648
10369,15669
10396,15691
10422,15713
10448,15735
10474,15758
10499,15780
10524,15803
10551,15827
10575,15849
10600,15870
10625,15893
10650,15915
10675,15938
10701,15961
10725,15982
10751,16006
10776,16029
10803,16053
10830,16077
10856,16101
10882,16125
10909,16148
10936,16171
10964,16195
10990,16217
11015,16239
11040,16263
11064,16286
11090,16311
11115,16335
11141,16359
11167,16381
11191,20
11217,45
11243,69
11269,93
11296,119
11321,142
11347,166
11373,190
11399,215
11425,239
11450,263
11475,288
11498,312
11523,335
11546,360
11570,383
11594,407
11618,431
11642,454
11668,479
11692,503
11716,528
11742,553
11767,578
11792,601
11816,625
11841,649
11864,673
11888,700
11913,726
11937,752
11961,777
11986,802
12010,825
12033,851
12056,875
12079,899
12102,925
12125,951
12147,977
12171,1000
12193,1025
12218,1050
12242,1075
12265,1098
12287,1122
12310,1145
12332,1170
12354,1194
12375,1217
12397,1241
12419,1264
12440,1289
12462,1313
12485,1337
12507,1362
12529,1385
12551,1409
12575,1433
12598,1458
12620,1481
12644,1507
12667,1533
12690,1558
12712,1583
12734,1608
12757,1633
12779,1657
12801,1682
12823,1707
12846,1732
12869,1757
12892,1782
12915,1809
12937,1836
12962,1863
12985,1889
13008,1915
13032,1941
13056,1967
13080,1993
13103,2019
13126,2045
13151,2071
13174,2098
13197,2126
13221,2151
13243,2177
13264,2203
13288,2230
13311,2257
13333,2282
13355,2308
13377,2334
13400,2361
13424,2386
13446,2411
13470,2436
13492,2462
13515,2488
13536,2512
13557,2538
13579,2564
13602,2589
13623,2614
13645,2638
13666,2663
13687,2688
13708,2713
13729,2738
13750,2762
13771,2786
13793,2810
13814,2835
13834,2859
13855,2882
13876,2906
13897,2928
13917,2953
13937,2977
13959,2999
13980,3023
14000,3046
14022,3070
14042,3094
14063,3120
14083,3143
14105,3167
14126,3190
14146,3214
14167,3238
14187,3260
14207,3285
14228,3310
14249,3333
14271,3356
14292,3380
14313,3404
14334,3429
14356,3454
14378,3478
14401,3503
14422,3528
14443,3552
14464,3576
14485,3600
14507,3623
14528,3646
14548,3671
14570,3695
14591,3718
14611,3741
14634,3765
14655,3790
14675,3814
14697,3836
14719,3857
14740,3880
14760,3904
14782,3927
14804,3948
14825,3970
14845,3994
14867,4016
14888,4039
14911,4062
14932,4085
14954,4107
14977,4130
14999,4153
15020,4177
15042,4200
15064,4223
15087,4247
15108,4270
15130,4294
15152,4318
15174,4341
15198,4364
15221,4387
15243,4410
15266,4432
15288,4456
15311,4478
15333,4502
15356,4524
15378,4547
15401,4570
15423,4593
15444,4616
15468,4640
15489,4662
15512,4685
15534,4707
15556,4729
15579,4750
15602,4773
15625,4794
15650,4816
15672,4838
15694,4860
15716,4881
15738,4902
15761,4924
15783,4945
15805,4966
15829,4988
15851,5009
15873,5029
15895,5051
15917,5071
15940,5092
15961,5112
15985,5134
16007,5156
16029,5177
16053,5199
16076,5220
16099,5241
16124,5262
16147,5283
16172,5304
16194,5325
16216,5344
16240,5364
16263,5384
16286,5403
16307,5423
16329,5443
16351,5464
16374,5484
12,5504
35,5524
58,5543
81,5561
105,5581
129,5599
151,5618
174,5637
196,5656
219,5677
242,5696
263,5714
288,5734
311,5753
333,5772
355,5792
378,5810
402,5829
427,5849
450,5869
474,5889
498,5909
523,5928
549,5948
572,5967
598,5987
623,6007
649,6026
674,6046
700,6067
725,6088
750,6108
775,6127
799,6148
825,6169
850,6190
876,6210
903,6231
929,6252
956,6273
984,6294
1011,6315
1038,6335
1066,6355
1094,6377
1121,6398
1146,6419
1171,6441
1198,6461
1224,6483
1251,6502
1277,6524
1304,6545
1329,6566
1354,6585
1380,6606
1406,6626
1433,6647
1460,6668
1486,6688
1512,6709
1538,6730
1565,6749
1592,6769
1618,6789
1642,6809
1668,6829
1692,6849
1716,6870
1741,6891
1765,6910
1789,6931
1813,6952
1839,6971
1865,6990
1890,7011
1916,7030
1942,7051
1968,7072
1995,7093
2022,7113
2046,7133
2072,7153
2097,7173
2123,7193
2148,7214
2174,7235
2200,7257
2225,7279
2251,7299
2276,7321
2301,7341
2328,7362
2353,7384
2379,7406
2404,7428
2430,7451
2458,7472
2486,7494
2514,7516
2540,7538
2567,7561
2593,7583
2618,7607
2645,7628
2671,7651
2696,7673
2722,7694
2746,7715
2771,7738
2797,7761
2822,7783
2846,7806
2870,7828
2897,7850
2923,7872
2948,7894
2974,7916
3001,7939
3024,7962
3051,7984
3078,8007
3103,8030
3129,8052
3155,8076
3180,8099
3205,8123
3230,8145
3256,8170
3282,8194
3308,8218
3333,8241
3357,8265
3383,8289
3410,8315
3437,8338
3463,8361
3489,8386
3515,8410
3541,8433
3565,8458
3589,8481
3615,8505
3639,8530
3663,8554
3687,8579
3711,8603
3734,8627
3759,8651
3783,8676
3807,8701
3831,8725
3855,8748
3880,8774
3903,8798
3927,8822
3950,8845
3973,8870
3996,8893
4019,8917
4043,8942
4065,8966
4087,8989
4110,9013
4134,9038
4157,9062
4180,9087
4203,9110
4226,9134
4249,9158
4273,9183
4296,9207
4319,9230
4342,9256
4366,9280
4390,9305
4414,9330
4437,9355
4462,9380
4483,9405
4508,9430
4530,9454
4553,9480
4574,9504
4596,9528
4618,9552
4639,9577
4661,9601
4683,9625
4705,9648
4727,9672
4749,9695
4772,9717
4793,9741
4815,9765
4836,9788
4857,9811
4879,9834
4901,9858
4922,9883
4943,9907
4963,9930
4984,9954
5006,9978
5027,10002
5048,10025
5069,10050
5090,10075
5113,10100
5134,10124
5157,10150
5179,10175
5202,10201
5224,10226
5246,10250
5269,10273
5291,10299
5313,10325
5335,10352
5357,10377
5379,10401
5400,10427
5422,10452
5445,10478
5468,10504
5492,10530
5514,10556
5537,10582
5559,10609
5583,10635
5606,10662
5629,10687
5651,10713
5674,10739
5696,10763
5718,10789
5739,10815
5762,10841
5784,10868
5807,10893
5828,10919
5851,10944
5872,10969
5894,10994
5915,11020
5935,11045
5957,11071
5980,11095
6002,11120
6023,11146
6046,11170
6067,11193
6088,11217
6109,11242
6129,11267
6150,11291
6172,11315
6192,11340
6213,11364
6233,11388
6254,11411
6274,11434
6295,11457
6315,11480
6335,11505
6356,11529
6376,11553
6397,11577
6418,11600
6439,11621
6460,11644
6482,11668
6503,11693
6525,11716
6546,11741
6567,11766
6587,11789
6609,11813
6631,11837
6652,11862
6674,11885
6694,11909
6716,11933
6738,11958
6758,11983
6780,12008
6802,12031
6826,12053
6847,12076
6869,12099
6890,12121
6913,12145
6935,12168
6956,12191
6978,12214
7000,12237
7022,12259
7044,12281
7067,12304
7088,12326
7109,12350
7131,12374
7152,12396
7174,12420
7195,12442
7217,12465
7239,12487
7261,12511
7283,12535
7307,12558
7330,12580
7355,12603
7377,12625
7401,12649
7423,12671
7445,12693
7467,12716
7488,12739
7512,12761
7535,12785
7558,12808
7580,12832
7601,12854
7624,12876
7646,12899
7670,12922
7693,12945
7716,12967
7738,12989
7762,13012
7786,13034
7809,13057
7832,13080
7856,13102
7879,13123
7901,13145
7924,13167
7945,13188
7968,13208
7990,13229
8012,13251
8034,13271
8056,13292
8078,13313
8100,13335
8122,13356
8146,13376
8168,13397
8192,13418
8216,13438
8240,13459
8264,13479
8286,13500
8309,13521
8333,13542
8357,13562
8380,13583
8403,13604
8426,13625
8448,13644
8472,13664
8495,13685
8518,13706
8542,13726
8566,13747
8590,13767
8615,13787
8639,13806
8665,13827
8690,13848
8714,13868
8739,13888
8763,13907
8787,13928
8811,13948
8833,13967
8856,13986
8879,14005
8903,14024
8926,14042
8949,14062
8972,14082
8996,14101
9020,14120
9045,14139
9069,14158
9093,14177
9118,14197
9143,14217
9169,14237
9193,14257
9217,14276
9242,14296
9265,14315
9289,14334
9314,14354
9339,14374
9362,14393
9388,14412
9413,14432
9437,14452
9463,14472
9489,14493
9516,14514
9543,14535
9570,14556
9597,14577
9623,14598
9649,14619
9677,14639
9703,14661
9730,14682
9755,14703
9782,14725
9809,14747
9835,14769
9861,14791
9887,14812
9914,14834
9941,14855
9969,14876
9996,14897
10024,14919
10051,14940
10079,14962
10106,14983
10133,15005
10160,15027
10188,15049
10214,15070
10241,15091
10266,15112
10291,15133
10315,15154
10340,15175
10364,15195
10390,15216
10415,15237
10441,15258
10467,15280
10492,15301
10518,15321
10546,15342
10572,15362
10598,15384
10623,15403
10648,15424
10674,15446
10698,15468
10723,15488
10748,15509
10772,15531
10796,15552
10819,15572
10842,15594
10866,15616
10890,15638
10914,15659
10938,15681
10964,15701
10990,15723
11018,15743
11042,15765
11069,15785
11095,15808
11121,15829
11145,15852
11170,15876
11195,15898
11219,15920
11244,15943
11268,15966
11293,15989
11318,16011
11343,16035
11368,16059
11393,16083
11419,16104
11444,16127
11468,16151
11494,16173
11519,16195
11546,16217
11570,16239
11595,16262
11619,16284
11644,16307
11667,16330
11690,16353
11713,16375
11736,14
11761,37
11784,60
11808,84
11831,108
11854,131
11881,155
11906,180
11931,204
11956,229
11981,253
12005,276
12029,301
12053,326
12078,351
12100,377
12122,401
12145,424
12167,449
12190,475
12213,499
12236,524
12261,549
12284,573
12307,598
12330,624
12354,649
12378,672
12402,697
12426,722
12450,748
12474,772
12498,797
12521,822
12545,847
12567,871
12589,897
12612,921
12634,946
12657,970
12679,994
12701,1020
12722,1044
12745,1067
12767,1092
12789,1116
12812,1141
12836,1167
12859,1191
12881,1215
12904,1240
12927,1264
12949,1288
12970,1312
12992,1337
13014,1362
13037,1387
13060,1414
13081,1439
13103,1465
13125,1490
13148,1513
13170,1538
13191,1564
13214,1590
13236,1615
13261,1638
13282,1664
13303,1690
13325,1714
13347,1739
13367,1762
13389,1787
13410,1809
13432,1833
13452,1857
13473,1882
13494,1906
13514,1929
13535,1952
13556,1977
13577,2001
13599,2026
13619,2052
13641,2076
13662,2100
13683,2125
13705,2150
13727,2174
13747,2198
13767,2223
13789,2248
13810,2272
13831,2296
13852,2321
13873,2345
13894,2372
13915,2397
13936,2422
13956,2447
13978,2472
14000,2499
14021,2525
14044,2551
14065,2578
14088,2602
14111,2626
14133,2652
14155,2677
14177,2704
14199,2730
14222,2755
14245,2782
14268,2809
14291,2835
14313,2860
14335,2887
14357,2911
14380,2938
14402,2965
14424,2992
14446,3019
14468,3046
14490,3073
14511,3097
14534,3122
14556,3146
14578,3171
14600,3197
14622,3221
14645,3247
14666,3273
14687,3299
14708,3324
14729,3348
14750,3372
14771,3396
14792,3419
14814,3442
14835,3465
14857,3489
14877,3513
14899,3536
14921,3560
14942,3583
14963,3607
14984,3630
15006,3653
15027,3675
15048,3699
15069,3723
15089,3745
15109,3768
15130,3791
15150,3814
15169,3835
15190,3858
15212,3879
15232,3902
15253,3924
15276,3946
15297,3970
15319,3993
15341,4015
15363,4038
15386,4061
15409,4084
15432,4107
15455,4129
15478,4153
15501,4176
15522,4199
15543,4221
15565,4243
15587,4266
15609,4289
15630,4311
15652,4333
15673,4356
15695,4379
15717,4401
15739,4423
15761,4446
15783,4467
15806,4490
15828,4511
15851,4534
15872,4556
15895,4577
15917,4600
15940,4621
15963,4643
15985,4664
16006,4686
16030,4708
16051,4730
16074,4753
16097,4774
16120,4797
16144,4818
16168,4841
16190,4863
16213,4885
16235,4907
16259,4928
16282,4950
16306,4971
16329,4992
16353,5013
16376,5034
16,5056
39,5076
61,5097
85,5119
107,5141
130,5163
154,5183
176,5206
201,5227
225,5246
249,5265
272,5286
296,5307
320,5327
344,5347
369,5368
393,5387
415,5408
438,5428
462,5449
486,5468
509,5488
532,5507
555,5526
578,5546
602,5567
626,5586
650,5606
674,5625
698,5644
723,5664
748,5683
775,5703
801,5723
825,5743
849,5762
873,5781
898,5802
922,5822
946,5842
971,5861
995,5881
1020,5902
1044,5920
1067,5939
1092,5958
1117,5976
1140,5995
1167,6014
1192,6033
1218,6053
1242,6071
1268,6090
1291,6109
1316,6129
1341,6147
1365,6166
1389,6184
1414,6203
1438,6221
1462,6241
1486,6260
1511,6279
1536,6297
1560,6316
1584,6335
1609,6354
1635,6373
1661,6392
1687,6411
1713,6430
1739,6449
1765,6468
1791,6488
1816,6508
1840,6528
1865,6546
1890,6566
1916,6586
1941,6606
1967,6626
1994,6646
2020,6666
2045,6687
2072,6709
2097,6730
2124,6751
2152,6772
2180,6794
2207,6816
2235,6838
2263,6859
2291,6880
2319,6902
2347,6924
2374,6946
2400,6968
2426,6990
2453,7012
2479,7034
2506,7056
2533,7078
2560,7100
2586,7122
2612,7144
2639,7165
2666,7186
2695,7208
2722,7228
2747,7249
2772,7271
2799,7293
2824,7313
2850,7335
2875,7356
2899,7378
2923,7399
2947,7420
2971,7442
2995,7463
3020,7483
3045,7504
3071,7527
3095,7547
3121,7568
3146,7588
3172,7611
3197,7632
3222,7654
3246,7676
3270,7696
3294,7719
3319,7739
3342,7760
3365,7782
3390,7803
3414,7826
3439,7848
3463,7871
3487,7894
3512,7917
3538,7940
3564,7962
3589,7985
3614,8006
3639,8028
3664,8050
3688,8073
3714,8094
3738,8118
3762,8141
3787,8164
3810,8188
3834,8211
3856,8234
3878,8257
3901,8279
3924,8300
3947,8325
3971,8348
3994,8371
4017,8395
4042,8420
4065,8444
4089,8468
4113,8491
4136,8515
4160,8540
4183,8563
4207,8587
4230,8611
4253,8633
4275,8658
4297,8684
4320,8708
4344,8733
4367,8757
4390,8781
4414,8805
4438,8830
4463,8855
4488,8881
4512,8906
4536,8931
4559,8956
4584,8981
4608,9006
4630,9030
4654,9055
4678,9080
4702,9105
4725,9130
4746,9155
4769,9181
4791,9204
4813,9229
4836,9255
4859,9281
4883,9306
4907,9331
4930,9356
4951,9382
4974,9405
4995,9431
5017,9455
5040,9478
5061,9502
5083,9527
5105,9551
5126,9575
5149,9598
5170,9623
5191,9648
5213,9674
5236,9698
5257,9723
5280,9748
5303,9772
5325,9796
5347,9820
5368,9844
5391,9870
5413,9895
5434,9920
5456,9946
5478,9971
5500,9995
5522,10019
5542,10043
5563,10069
5584,10094
5605,10119
5628,10145
5649,10171
5669,10196
5692,10219
5714,10243
5735,10267
5755,10291
5776,10315
5797,10340
5817,10363
5838,10386
5860,10411
5881,10434
5900,10459
5923,10483
5943,10508
5964,10533
5984,10558
6004,10583
6024,10607
6045,10631
6066,10654
6086,10677
6106,10702
6127,10728
6149,10753
6169,10776
6190,10800
6212,10825
6234,10850
6256,10877
6278,10903
6299,10930
6322,10955
6345,10979
6367,11004
6389,11030
6411,11056
6434,11083
6456,11110
6479,11135
6502,11161
6524,11187
6547,11215
6570,11242
6592,11269
6616,11296
6641,11323
6663,11351
6686,11378
6709,11403
6733,11428
6756,11454
6779,11481
6802,11506
6823,11531
6845,11558
6868,11582
6890,11608
6911,11633
6934,11657
6957,11682
6977,11709
6999,11733
7022,11757
7045,11781
7068,11805
7090,11829
7112,11853
7134,11877
7155,11901
7177,11926
7199,11950
7220,11974
7242,11997
7263,12019
7282,12041
7304,12064
7325,12087
7347,12110
7369,12132
7390,12153
7412,12174
7433,12196
7455,12219
7477,12242
7499,12264
7520,12286
7542,12309
7564,12331
7587,12354
7610,12377
7632,12399
7654,12422
7676,12445
7699,12467
7720,12489
7742,12513
7764,12535
7786,12560
7808,12583
7830,12604
7853,12625
7877,12649
7901,12671
7923,12695
7946,12717
7969,12739
7993,12762
8015,12784
8037,12806
8060,12829
8081,12851
8104,12873
8126,12895
8148,12917
8171,12939
8193,12960
8216,12981
8239,13003
8261,13025
8285,13047
8309,13067
8333,13089
8357,13111
8382,13132
8406,13155
8431,13176
8455,13198
8478,13219
8502,13240
8525,13261
8548,13283
8573,13304
8597,13326
8620,13348
8645,13369
8668,13390
8693,13412
8717,13434
8742,13455
8767,13478
8793,13499
8818,13520
8844,13541
8869,13562
8893,13584
8919,13604
8944,13625
8968,13645
8992,13666
9017,13686
9042,13706
9065,13728
9089,13749
9114,13770
9138,13789
9162,13808
9187,13828
9213,13849
9240,13870
9265,13888
9290,13907
9315,13927
9341,13946
9367,13966
9390,13985
9415,14006
9440,14024
9463,14042
9489,14062
9513,14083
9539,14104
9563,14123
9588,14144
9614,14163
9640,14183
9667,14204
9693,14224
9718,14243
9745,14263
9771,14283
9799,14305
9825,14325
9849,14345
9875,14365
9900,14385
9927,14405
9952,14426
9977,14445
10003,14466
10027,14486
10052,14506
10078,14525
10102,14545
10128,14564
10153,14584
10178,14603
10204,14622
10231,14641
10258,14661
10282,14680
10308,14700
10333,14719
10358,14739
10384,14760
10409,14779
10432,14798
10456,14817
10480,14837
10504,14857
10529,14877
10554,14897
10579,14917
10605,14937
10631,14959
10657,14980
10684,15002
10712,15024
10739,15045
10767,15067
10794,15089
10822,15111
10849,15133
10876,15156
10901,15179
10927,15201
10953,15222
10980,15244
11006,15266
11032,15288
11059,15312
11084,15335
11110,15357
11138,15380
11165,15402
11193,15426
11221,15449
11249,15473
11276,15495
11300,15518
11327,15540
11353,15562
11378,15584
11404,15606
11430,15629
11454,15651
11479,15674
11504,15697
11530,15718
11553,15741
11577,15762
11601,15785
11627,15807
11652,15829
11678,15851
11703,15875
11727,15896
11751,15917
11776,15940
11800,15963
11823,15985
11848,16007
11872,16029
11896,16051
11918,16074
11941,16097
11964,16119
11988,16142
12011,16164
12034,16186
12056,16208
12079,16231
12101,16254
12126,16275
12148,16297
12171,16318
12194,16341
12218,16363
12241,3
12264,27
12287,50
12310,73
12333,97
12355,120
12378,143
12401,167
12424,191
12447,216
12471,240
12493,264
12517,287
12542,312
12565,338
12589,362
12612,386
12637,412
12661,437
12684,463
12706,486
12730,511
12752,536
12775,561
12799,585
12821,609
12844,636
12866,661
12887,686
12911,711
12934,737
12956,762
12980,787
13003,812
13026,838
13050,863
13073,889
13095,913
13119,937
13141,963
13164,990
13186,1014
13209,1040
13231,1066
13254,1094
13276,1121
13299,1147
13321,1175
13345,1200
13366,1226
13390,1253
13414,1279
13438,1305
13460,1331
13481,1356
13503,1382
13525,1408
13548,1434
13570,1459
13591,1483
13612,1508
13633,1533
13654,1557
13674,1583
13697,1606
13719,1632
13740,1656
13762,1681
13784,1704
13806,1730
13826,1756
13847,1781
13869,1807
13890,1831
13912,1856
13933,1880
13954,1905
13975,1930
13995,1954
14017,1979
14038,2004
14058,2031
14079,2055
14100,2081
14121,2108
14143,2133
14163,2158
14184,2182
14206,2208
14228,2233
14249,2257
14269,2283
14291,2307
14314,2332
14335,2356
14357,2381
14378,2405
14399,2429
14420,2454
14442,2479
14463,2504
14483,2529
14505,2552
14524,2575
14544,2599
14564,2624
14585,2650
14607,2675
14629,2699
14649,2722
14670,2747
14691,2771
14711,2796
14732,2821
14752,2845
14773,2869
14794,2894
14815,2917
14835,2943
14857,2967
14878,2991
14901,3015
14920,3040
14943,3065
14963,3090
14986,3115
15009,3140
15030,3166
15052,3191
15074,3217
15097,3242
15121,3268
15144,3295
15166,3321
15189,3346
15211,3372
15234,3396
15258,3422
15281,3447
15304,3473
15326,3499
15349,3524
15372,3550
15394,3576
15417,3603
15439,3629
15462,3653
15486,3678
15510,3703
15534,3728
15558,3753
15582,3778
15604,3802
15628,3826
15650,3851
15672,3875
15694,3898
15717,3921
15738,3942
15761,3964
15783,3987
15804,4010
15825,4032
15848,4056
15870,4078
15892,4100
15914,4123
15936,4146
15959,4168
15980,4191
16003,4214
16026,4234
16048,4256
16070,4277
16092,4299
16114,4321
16137,4342
16159,4364
16180,4386
16200,4408
16221,4430
16243,4452
16265,4473
16287,4494
16309,4515
16331,4537
16352,4557
16375,4579
14,4599
38,4622
61,4643
85,4664
108,4685
131,4707
154,4728
176,4749
198,4771
222,4792
246,4814
270,4834
294,4857
317,4879
340,4901
364,4922
388,4944
411,4964
436,4985
460,5005
484,5026
509,5048
533,5069
558,5089
583,5110
606,5130
629,5150
652,5169
675,5189
699,5211
723,5231
747,5252
773,5272
797,5292
820,5313
846,5333
872,5352
896,5373
922,5393
949,5414
975,5434
1001,5454
1027,5476
1053,5496
1079,5516
1104,5537
1129,5557
1154,5579
1178,5600
1205,5619
1230,5640
1256,5660
1281,5679
1308,5700
1332,5719
1358,5739
1386,5759
1412,5779
1437,5798
1464,5818
1488,5837
1514,5856
1539,5876
1564,5895
1588,5914
1611,5934
1635,5953
1660,5971
1684,5990
1708,6009
1733,6028
1756,6046
1782,6065
1807,6084
1833,6102
1861,6122
1888,6141
1914,6159
1940,6179
1965,6198
1990,6217
2016,6236
2041,6256
2067,6275
2091,6294
2116,6312
2140,6332
2164,6350
2189,6370
2215,6390
2241,6410
2266,6429
2293,6448
2319,6468
2344,6486
2370,6505
2395,6525
2421,6544
2446,6563
2472,6583
2498,6602
2522,6620
2547,6640
2571,6659
2596,6679
2622,6699
2648,6719
2672,6738
2697,6757
2721,6777
2744,6796
2768,6815
2794,6834
2820,6853
2846,6872
2871,6892
2896,6912
2920,6932
2945,6952
2970,6973
2996,6993
3020,7015
3046,7035
3069,7055
3094,7075
3121,7098
3146,7118
3171,7139
3197,7160
3224,7182
3251,7204
3277,7226
3303,7249
3330,7271
3356,7293
3382,7315
3408,7338
3436,7361
3460,7384
3486,7407
3512,7431
3537,7454
3561,7476
3586,7498
3612,7521
3639,7544
3664,7569
3690,7592
3716,7615
3741,7638
3767,7661
3792,7684
3818,7708
3842,7730
3868,7754
3892,7774
3916,7797
3939,7819
3960,7841
3983,7863
4005,7885
4030,7908
4053,7931
4076,7953
4098,7975
4121,7998
4144,8020
4166,8042
4190,8065
4214,8086
4239,8107
4262,8130
4285,8151
4307,8174
4330,8197
4352,8219
4374,8240
4396,8263
4419,8284
4440,8305
4463,8327
4484,8350
4506,8374
4528,8395
4549,8417
4572,8439
4594,8462
4617,8485
4640,8510
4662,8532
4684,8555
4708,8578
4731,8603
4753,8628
4776,8650
4798,8674
4821,8698
4844,8722
4866,8747
4889,8772
4911,8797
4935,8822
4958,8846
4979,8870
5001,8896
5024,8920
5045,8945
5069,8968
5092,8993
5114,9017
5135,9041
5159,9065
5181,9089
5202,9113
5223,9137
5244,9163
5265,9188
5286,9212
5308,9237
5330,9260
5352,9285
5373,9310
5396,9334
5418,9359
5441,9385
5463,9410
5485,9436
5508,9462
5531,9488
5553,9514
5575,9539
5598,9564
5620,9590
5642,9615
5665,9640
5687,9665
5710,9691
5732,9715
5754,9740
5776,9767
5796,9793
5818,9819
5839,9843
5861,9869
5882,9894
5904,9919
5926,9944
5947,9970
5969,9996
5991,10020
6013,10045
6034,10069
6055,10093
6077,10118
6098,10143
6119,10166
6139,10190
6160,10215
6180,10239
6200,10263
6220,10288
6242,10312
6262,10337
6284,10361
6306,10386
6328,10413
6350,10437
6370,10463
6391,10487
6413,10513
6434,10538
6456,10563
6478,10588
6499,10612
6521,10636
6542,10661
6564,10686
6584,10710
6605,10734
6627,10759
6647,10783
6668,10809
6689,10833
6711,10858
6732,10883
6755,10908
6776,10933
6797,10957
6819,10983
6840,11008
6862,11031
6883,11055
6904,11080
6925,11103
6946,11129
6968,11151
6988,11176
7010,11201
7031,11226
7051,11249
7072,11273
7092,11296
7114,11319
7135,11341
7157,11366
7180,11391
7201,11415
7223,11441
7248,11465
7271,11491
7292,11516
7315,11541
7339,11567
7361,11593
7384,11618
7407,11643
7429,11668
7452,11694
7474,11719
7497,11745
7519,11769
7542,11794
7565,11818
7589,11842
7612,11867
7635,11892
7658,11918
7683,11943
7708,11969
7732,11995
7756,12021
7781,12045
7805,12070
7828,12094
7851,12119
7874,12143
7897,12167
7922,12191
7944,12213
7967,12237
7989,12259
8011,12282
8034,12305
8058,12328
8081,12352
8104,12375
8127,12398
8150,12422
8173,12444
8197,12466
8220,12488
8243,12511
8265,12533
8287,12556
8311,12579
8333,12600
8355,12623
8377,12645
8399,12667
8422,12690
8445,12711
8468,12733
8491,12755
8515,12777
8539,12798
8563,12818
8585,12839
8609,12861
8632,12881
8655,12901
8678,12922
8701,12943
8723,12963
8746,12984
8768,13005
8791,13026
8813,13047
8837,13069
8861,13090
8885,13111
8910,13132
8935,13153
8959,13175
8986,13197
9012,13219
9038,13241
9063,13262
9089,13283
9115,13304
9140,13326
9165,13347
9189,13368
9212,13390
9236,13412
9261,13432
9284,13452
9309,13472
9334,13493
9359,13514
9386,13535
9410,13555
9435,13575
9462,13595
9488,13616
9514,13636
9540,13656
9566,13677
9591,13697
9616,13716
9642,13737
9667,13758
9692,13780
9719,13800
9744,13822
9769,13842
9795,13863
9821,13883
9847,13904
9874,13925
9900,13945
9928,13966
9956,13987
9982,14008
10010,14029
10037,14050
10063,14071
10089,14091
10115,14111
10140,14132
10166,14151
10192,14171
10216,14192
10241,14212
10268,14232
10292,14251
10317,14271
10344,14290
10370,14310
10396,14330
10423,14351
10450,14371
10476,14390
10502,14410
10527,14429
10552,14447
10577,14466
10602,14486
10628,14505
10651,14524
10676,14544
10700,14563
10725,14583
10749,14604
10773,14624
10799,14644
10825,14664
10852,14686
10878,14705
10905,14725
10932,14745
10957,14765
10981,14785
11006,14804
11030,14825
11055,14846
11081,14864
11106,14884
11129,14904
11154,14924
11178,14944
11203,14963
11228,14984
11252,15003
11276,15025
11301,15045
11327,15064
11351,15085
11377,15105
11402,15125
11426,15146
11450,15166
11474,15185
11497,15206
11520,15226
11543,15247
11566,15267
11588,15287
11611,15307
11634,15327
11659,15347
11683,15369
11706,15390
11730,15411
11755,15432
11780,15453
11804,15475
11829,15497
11854,15519
11878,15542
11902,15563
11926,15585
11951,15607
11974,15631
11998,15654
12023,15677
12047,15699
12071,15723
12095,15746
12118,15768
12141,15791
12164,15814
12188,15836
12212,15860
12237,15884
12262,15909
12288,15932
12313,15958
12338,15980
12362,16003
12387,16028
12413,16052
12437,16077
12462,16102
12486,16126
12510,16150
12534,16174
12556,16196
12580,16219
12603,16243
12627,16267
12650,16290
12673,16315
12696,16338
12719,16363
12743,2
12765,24
12788,47
12810,69
12834,92
12857,115
12879,139
12901,163
12922,187
12943,209
12965,234
12987,257
13010,279
13032,304
13053,328
13074,352
13097,375
13119,398
13141,423
13163,446
13184,470
13204,492
13226,514
13247,536
13268,560
13290,583
13311,607
13332,630
13354,654
13374,678
13395,702
13416,726
13437,751
13459,776
13482,801
13505,827
13527,852
13549,876
13570,901
13591,927
13614,953
13636,977
13659,1003
13681,1028
13701,1053
13723,1079
13744,1103
13765,1129
13786,1153
13807,1178
13827,1203
13849,1228
13870,1253
13892,1277
13913,1302
13934,1326
13955,1350
13976,1374
13998,1399
14019,1424
14042,1449
14064,1475
14087,1502
14108,1529
14130,1554
14151,1580
14173,1605
14194,1630
14214,1656
14235,1682
14256,1708
14278,1734
14300,1760
14321,1787
14342,1814
14364,1840
14386,1865
14407,1890
14430,1915
14450,1941
14472,1968
14494,1993
14516,2019
14538,2045
14559,2069
14581,2094
14602,2119
14622,2144
14642,2169
14662,2194
14684,2219
14706,2243
14726,2268
14748,2293
14769,2318
14789,2341
14809,2365
14829,2389
14850,2413
14872,2438
14894,2464
14915,2487
14936,2511
14957,2535
14977,2558
14998,2582
15018,2607
15039,2633
15060,2657
15080,2682
15101,2705
15124,2731
15145,2754
15166,2778
15187,2803
15207,2826
15229,2852
15250,2878
15273,2903
15294,2927
15316,2950
15338,2974
15360,2999
15381,3022
15402,3047
15425,3070
15446,3093
15468,3117
15488,3140
15509,3164
15529,3188
15550,3211
15570,3235
15592,3258
15614,3282
15636,3305
15658,3329
15680,3353
15701,3377
15723,3400
15744,3423
15765,3446
15787,3469
15808,3493
15831,3517
15852,3540
15874,3563
15897,3589
15920,3614
15942,3637
15964,3662
15986,3686
16010,3710
16033,3734
16055,3757
16079,3781
16102,3805
16125,3829
16149,3854
16173,3879
16195,3901
16219,3925
16243,3948
16266,3972
16289,3995
16312,4020
16335,4044
16359,4068
16383,4093
23,4117
46,4141
71,4167
96,4190
120,4214
146,4238
171,4261
196,4285
223,4308
248,4331
273,4355
299,4378
324,4402
349,4425
373,4448
396,4471
421,4493
444,4516
468,4539
492,4560
516,4582
540,4604
564,4625
589,4648
613,4668
637,4691
661,4711
686,4734
710,4753
734,4775
759,4795
783,4817
807,4838
830,4859
854,4880
878,4900
901,4921
923,4941
946,4960
969,4980
994,5001
1017,5022
1041,5042
1066,5061
1091,5081
1117,5101
1141,5121
1166,5140
1191,5161
1216,5181
1242,5201
1269,5222
1295,5242
1320,5263
1344,5284
1370,5306
1396,5326
1422,5348
1448,5368
1474,5388
1499,5408
1525,5428
1551,5448
1578,5467
1604,5485
1630,5505
1654,5524
1681,5546
1707,5566
1732,5586
1758,5606
1784,5626
1808,5646
1833,5665
1859,5684
1884,5705
1911,5725
1938,5745
1964,5765
1990,5785
2017,5805
2043,5824
2070,5843
2097,5864
2124,5885
2150,5905
2177,5926
2204,5946
2229,5966
2256,5987
2283,6008
2309,6027
2335,6046
2362,6066
2388,6086
2414,6106
2441,6126
2468,6146
2495,6166
2522,6186
2550,6207
2576,6226
2602,6246
2629,6266
2654,6286
2680,6307
2707,6326
2733,6346
2758,6367
2782,6386
2807,6405
2832,6425
2857,6445
2882,6464
2907,6483
2931,6502
2957,6521
2983,6539
3008,6558
3033,6578
3058,6598
3083,6617
3108,6637
3133,6656
3158,6676
3183,6696
3208,6715
3233,6735
3256,6754
3280,6773
3303,6794
3328,6814
3353,6834
3378,6854
3403,6874
3428,6894
3453,6914
3479,6934
3504,6955
3529,6975
3553,6995
3577,7015
3602,7035
3624,7056
3648,7077
3672,7097
3694,7117
3717,7137
3740,7157
3764,7177
3788,7197
3811,7217
3834,7237
3856,7256
3881,7276
3903,7297
3926,7317
3948,7339
3970,7358
3993,7379
4016,7400
4038,7421
4060,7440
4081,7461
4103,7481
4127,7503
4150,7524
4172,7546
4195,7567
4218,7589
4242,7611
4265,7632
4289,7655
4313,7679
4336,7701
4360,7725
4384,7747
4407,7770
4430,7792
4453,7815
4477,7838
4501,7860
4524,7882
4548,7906
4571,7930
4594,7954
4618,7977
4641,8000
4665,8023
4689,8047
4714,8072
4738,8095
4761,8119
4785,8144
4809,8168
4834,8191
4858,8215
4881,8239
4904,8261
4927,8285
4950,8309
4972,8333
4992,8356
5015,8380
5037,8403
5058,8426
5080,8450
5102,8474
5123,8497
5145,8519
5167,8543
5188,8567
5210,8590
5232,8613
5253,8637
5275,8659
5297,8683
5318,8707
5340,8730
5361,8753
5383,8777
5404,8801
5425,8825
5445,8845
5466,8868
5486,8890
5507,8912
5526,8935
5546,8958
5567,8980
5587,9003
5606,9025
5629,9049
5650,9073
5670,9097
5691,9121
5713,9144
5733,9170
5753,9195
5775,9219
5796,9243
5817,9267
5838,9294
5860,9318
5882,9342
5903,9366
5924,9392
5945,9417
5966,9442
5988,9467
6009,9492
6030,9516
6052,9541
6073,9564
6094,9589
6115,9614
6136,9639
6158,9665
6178,9690
6199,9715
6220,9740
6242,9765
6264,9790
6285,9815
6305,9839
6327,9864
6350,9889
6371,9916
6393,9940
6415,9965
6436,9991
6457,10016
6478,10040
6500,10066
6522,10092
6543,10118
6566,10143
6587,10169
6610,10195
6633,10220
6655,10247
6677,10273
6699,10299
6721,10325
6743,10351
6765,10376
6787,10402
6809,10428
6831,10454
6854,10479
6874,10504
6896,10529
6918,10552
6940,10578
6963,10602
6985,10628
7008,10654
7030,10680
7052,10706
7073,10730
7096,10754
7117,10779
7138,10804
7158,10827
7178,10851
7200,10875
7220,10899
7241,10923
7262,10946
7283,10971
7304,10996
7326,11020
7349,11045
7371,11068
7395,11092
7418,11117
7438,11142
7460,11167
7482,11192
7502,11216
7524,11240
7546,11265
7568,11289
7590,11314
7610,11338
7632,11361
7654,11386
7677,11410
7699,11435
7722,11460
7745,11484
7768,11508
7791,11532
7813,11556
7835,11579
7858,11602
7880,11625
7901,11649
7923,11672
7944,11696
7966,11719
7987,11741
8007,11766
8028,11789
8050,11813
8072,11835
8093,11859
8116,11882
8137,11906
8159,11929
8183,11951
8207,11975
8231,11998
8255,12022
8278,12045
8300,12068
8323,12090
8346,12114
8370,12137
8394,12159
8417,12183
8440,12206
8463,12229
8487,12253
8511,12276
8537,12301
8562,12325
8586,12350
8611,12374
8637,12397
8664,12421
8689,12444
8716,12468
8742,12492
8767,12516
8793,12539
8817,12562
8842,12588
8869,12611
8895,12636
8920,12662
8945,12687
8971,12711
8998,12734
9022,12759
9048,12781
9074,12805
9101,12828
9127,12850
9153,12872
9180,12895
9205,12917
9231,12938
9256,12960
9282,12983
9307,13005
9332,13026
9356,13047
9381,13069
9406,13090
9430,13111
9455,13133
9480,13154
9506,13175
9530,13196
9556,13217
9581,13238
9606,13259
9632,13280
9658,13298
9682,13319
9707,13339
9733,13360
9756,13379
9780,13400
9804,13419
9828,13439
9851,13458
9874,13478
9899,13498
9924,13518
9948,13537
9972,13558
10000,13578
10025,13597
10052,13619
10079,13639
10105,13659
10133,13679
10157,13699
10183,13719
10207,13739
10232,13759
10257,13778
10282,13799
10307,13818
10333,13838
10358,13858
10384,13879
10409,13899
10435,13918
10462,13937
10488,13958
10515,13979
10542,14000
10569,14020
10596,14040
10621,14060
10647,14081
10674,14102
10700,14121
10726,14141
10752,14161
10778,14181
10803,14201
10828,14220
10853,14241
10877,14261
10900,14281
10925,14301
10950,14322
10977,14342
11005,14363
11031,14385
11059,14405
11085,14425
11112,14446
11140,14466
11166,14486
11192,14506
11217,14527
11242,14549
11267,14570
11291,14591
11317,14612
11343,14632
11368,14652
11394,14673
11420,14694
11446,14714
11471,14734
11498,14756
11523,14776
11548,14796
11573,14816
11599,14835
11623,14855
11647,14875
11671,14894
11696,14915
11721,14937
11743,14956
11766,14976
11789,14995
11812,15016
11836,15036
11861,15056
11885,15077
11909,15096
11935,15116
11958,15138
11982,15159
12007,15179
12031,15200
12053,15221
12076,15241
12099,15262
12121,15283
12145,15305
12167,15327
12190,15348
12213,15368
12234,15391
12256,15412
12281,15433
12304,15453
12328,15474
12350,15495
12374,15516
12396,15538
12420,15559
12444,15582
12468,15603
12491,15625
12513,15645
12536,15667
12558,15689
12581,15710
12603,15730
12624,15754
12645,15776
12668,15797
12689,15818
12712,15839
12734,15860
12757,15883
12780,15905
12801,15927
12824,15949
12847,15973
12869,15996
12892,16019
12914,16043
12937,16067
12961,16090
12983,16114
13005,16137
13027,16161
13051,16183
13073,16207
13097,16231
13120,16255
13144,16280
13168,16304
13192,16329
13217,16354
13241,16379
13264,20
13288,45
13312,69
13336,94
13359,120
13383,145
13406,171
13430,197
13453,222
13476,247
13499,274
13522,301
13546,327
13570,354
13593,378
13615,403
13636,430
13658,455
13682,479
13704,506
13727,531
13750,557
13772,583
13793,609
13817,633
13838,657
13858,680
13881,705
13901,730
13923,755
13944,780
13966,805
13988,830
14008,855
14029,878
14051,903
14072,927
14092,952
14112,976
14134,1000
14154,1025
14175,1048
14197,1072
14218,1097
14238,1121
14259,1146
14278,1170
14299,1194
14320,1217
14340,1241
14361,1266
14382,1291
14402,1315
14421,1339
14442,1363
14462,1390
14484,1415
14506,1439
14527,1466
14548,1490
14570,1516
14592,1541
14614,1567
14637,1591
14659,1617
14681,1642
14703,1668
14724,1695
14746,1722
14768,1749
14791,1774
14812,1800
14833,1826
14855,1850
14877,1876
14899,1901
14920,1926
14942,1951
14962,1977
14983,2003
15006,2030
15027,2056
15051,2081
15074,2106
15097,2133
15118,2158
15140,2183
15161,2208
15183,2235
15205,2261
15227,2288
15249,2313
15271,2339
15293,2365
15315,2390
15338,2415
15361,2442
15384,2467
15406,2492
15429,2517
15452,2542
15475,2569
15498,2595
15520,2621
15543,2648
15565,2673
15588,2698
15609,2723
15632,2748
15653,2774
15675,2799
15698,2825
15720,2850
15744,2876
15766,2901
15789,2925
15811,2949
15833,2972
15855,2996
15877,3021
15900,3045
15922,3069
15944,3093
15968,3118
15990,3142
16011,3167
16033,3191
16055,3216
16077,3240
16098,3265
16121,3289
16143,3312
16165,3337
16188,3361
16210,3385
16233,3410
16256,3433
16279,3456
16301,3481
16324,3505
16346,3530
16369,3553
7,3576
30,3600
53,3624
76,3648
98,3671
122,3695
144,3719
168,3742
191,3765
214,3790
236,3813
261,3834
285,3856
309,3879
333,3901
357,3922
379,3943
403,3966
426,3987
450,4009
473,4032
495,4052
518,4075
541,4097
564,4119
588,4142
611,4165
635,4188
660,4211
685,4234
710,4256
737,4278
761,4302
786,4324
813,4347
838,4371
863,4394
888,4417
914,4440
940,4462
965,4486
991,4510
1015,4533
1041,4555
1067,4579
1092,4601
1118,4625
1145,4647
1173,4670
1200,4693
1229,4716
1255,4738
1283,4761
1308,4783
1335,4806
1363,4828
1389,4850
1416,4872
1443,4895
1468,4917
1495,4940
1520,4962
1546,4983
1572,5004
1597,5026
1623,5047
1648,5068
1673,5090
1700,5110
1727,5131
1755,5151
1780,5172
1806,5192
1830,5212
1857,5232
1883,5252
1909,5271
1934,5292
1958,5312
1983,5332
2007,5351
2031,5371
2056,5390
2080,5409
2104,5429
2130,5448
2154,5466
2180,5485
2205,5506
2230,5524
2255,5542
2281,5561
2305,5580
2330,5600
2355,5618
2379,5637
2403,5656
2428,5676
2451,5694
2474,5713
2499,5732
2525,5751
2549,5770
2577,5790
2602,5809
2628,5829
2655,5848
2682,5868
2709,5889
2737,5908
2762,5927
2788,5947
2815,5966
2840,5986
2865,6005
2890,6025
2917,6046
2941,6066
2967,6085
2990,6105
3014,6125
3039,6145
3065,6165
3092,6185
3118,6205
3144,6223
3170,6243
3194,6263
3220,6281
3246,6301
3271,6321
3298,6341
3324,6361
3349,6381
3375,6403
3398,6422
3424,6442
3450,6463
3475,6484
3501,6504
3527,6524
3553,6544
3579,6565
3604,6586
3630,6607
3655,6627
3680,6648
3704,6668
3730,6689
3755,6710
3779,6730
3804,6750
3827,6770
3851,6790
3876,6811
3898,6832
3922,6853
3946,6874
3967,6895
3991,6915
4014,6935
4038,6956
4061,6976
4085,6995
4108,7014
4132,7035
4155,7056
4178,7076
4201,7096
4224,7116
4245,7137
4268,7157
4290,7177
4312,7198
4336,7219
4358,7240
4382,7260
4404,7280
4427,7300
4450,7320
4473,7342
4496,7363
4519,7384
4542,7405
4564,7426
4587,7446
4611,7468
4633,7489
4655,7510
4676,7531
4699,7551
4720,7574
4743,7596
4765,7618
4788,7640
4809,7662
4831,7684
4853,7704
4876,7726
4899,7747
4921,7768
4944,7790
4965,7811
4987,7834
5008,7855
5030,7877
5051,7899
5072,7919
5094,7941
5113,7962
5135,7984
5156,8005
5178,8027
5200,8050
5221,8072
5245,8094
5267,8117
5288,8141
5310,8164
5333,8188
5356,8211
5379,8236
5402,8260
5424,8284
5445,8309
5469,8334
5492,8357
5514,8382
5536,8406
5559,8431
5582,8456
5604,8479
5627,8505
5649,8531
5672,8558
5696,8584
5720,8608
5743,8634
5765,8660
5788,8685
5812,8711
5834,8736
5856,8761
5879,8786
5901,8810
5924,8836
5946,8864
5969,8890
5991,8916
6014,8942
6035,8967
6057,8992
6079,9017
6100,9042
6122,9067
6144,9092
6166,9117
6187,9140
6208,9164
6231,9188
6253,9215
6274,9240
6295,9264
6317,9290
6338,9314
6358,9338
6379,9362
6401,9386
6422,9411
6443,9435
6464,9459
6484,9483
6504,9507
6524,9530
6545,9554
6566,9579
6586,9604
6607,9628
6628,9651
6648,9675
6669,9699
6690,9723
6710,9746
6731,9769
6753,9794
6775,9819
6796,9844
6817,9868
6838,9891
6860,9916
6881,9942
6904,9967
6925,9991
6947,10017
6969,10042
6991,10067
7013,10095
7035,10121
7058,10147
7082,10173
7105,10200
7128,10226
7151,10251
7173,10276
7195,10301
7216,10326
7238,10352
7260,10377
7283,10402
7305,10429
7326,10453
7347,10480
7369,10504
7392,10530
7414,10557
7435,10581
7460,10606
7482,10631
7505,10656
7529,10682
7552,10708
7575,10736
7599,10761
7622,10786
7645,10812
7668,10839
7691,10865
7714,10892
7736,10918
7759,10944
7784,10970
7807,10996
7831,11022
7855,11046
7876,11072
7900,11098
7925,11123
7948,11147
7972,11171
7996,11197
8018,11222
8040,11248
8063,11272
8086,11296
8108,11322
8130,11348
8152,11371
8175,11396
8198,11421
8221,11445
8243,11468
8265,11493
8289,11516
8312,11539
8335,11563
8359,11586
8382,11610
8405,11634
8430,11659
8453,11683
8477,11708
8498,11732
8522,11757
8547,11781
8569,11804
8592,11827
8615,11851
8639,11873
8663,11895
8687,11919
8711,11942
8735,11967
8760,11991
8786,12013
8810,12037
8834,12060
8859,12083
8884,12106
8908,12127
8932,12149
8956,12172
8979,12194
9003,12215
9028,12238
9051,12261
9076,12283
9100,12306
9125,12328
9149,12349
9174,12370
9197,12393
9221,12416
9246,12439
9272,12462
9297,12484
9323,12507
9348,12530
9374,12552
9398,12572
9421,12594
9444,12616
9469,12639
9495,12661
9521,12684
9546,12707
9572,12731
9598,12755
9623,12777
9650,12801
9677,12824
9705,12847
9734,12870
9760,12894
9787,12917
9815,12942
9843,12964
9870,12988
9898,13008
9924,13031
9950,13054
9976,13076
10004,13099
10031,13123
10059,13146
10087,13168
10115,13192
10143,13215
10170,13237
10198,13260
10228,13283
10256,13306
10284,13328
10312,13350
10339,13373
10366,13395
10393,13415
10419,13436
10445,13460
10471,13480
10498,13502
10524,13523
10548,13543
10575,13564
10602,13585
10629,13606
10655,13626
10680,13646
10707,13668
10732,13688
10758,13707
10784,13728
10809,13747
10835,13767
10861,13787
10886,13807
10909,13827
10932,13845
10956,13865
10981,13884
11005,13904
11029,13923
11053,13942
11077,13962
11101,13980
11127,13998
11151,14016
11175,14034
11200,14054
11226,14073
11250,14092
11275,14110
11299,14130
11324,14149
11348,14169
11372,14191
11396,14211
11420,14231
11444,14251
11469,14270
11494,14290
11519,14310
11544,14331
11571,14350
11596,14370
11621,14391
11647,14411
11673,14431
11699,14452
11724,14471
11748,14490
11772,14510
11797,14530
11821,14548
11843,14568
11865,14588
11890,14607
11914,14628
11936,14649
11959,14670
11982,14690
12006,14710
12031,14730
12056,14750
12081,14771
12105,14792
12128,14812
12152,14834
12177,14854
12201,14874
12223,14895
12248,14917
12271,14939
12294,14961
12318,14982
12341,15002
12365,15024
12389,15045
12412,15065
12435,15087
12458,15107
12481,15129
12505,15150
12529,15172
12554,15193
12577,15215
12600,15236
12624,15256
12646,15277
12669,15298
12693,15319
12715,15340
12737,15361
12759,15381
12780,15402
12803,15423
12823,15445
12845,15466
12868,15488
12892,15509
12914,15530
12936,15552
12959,15573
12981,15595
13003,15616
13024,15636
13046,15659
13067,15679
13089,15699
13109,15721
13130,15741
13153,15762
13174,15784
13195,15805
13216,15825
13238,15847
13258,15869
13280,15891
13302,15914
13324,15936
13346,15957
13369,15980
13389,16002
13412,16025
13432,16047
13453,16068
13473,16090
13495,16114
13516,16137
13536,16159
13558,16181
13578,16203
13598,16224
13618,16247
13640,16269
13660,16290
13680,16311
13700,16333
13722,16356
13742,16378
13762,17
13783,38
13805,62
13825,84
13847,109
13869,133
13889,155
13910,179
13932,203
13953,226
13974,250
13996,276
14017,301
14038,328
14061,352
14082,378
14104,402
14125,428
14148,454
14170,480
14192,506
14214,530
14237,556
14259,582
14282,609
14304,637
14326,661
14349,685
14371,711
14393,737
14415,764
14436,788
14458,814
14480,839
14503,866
14526,893
14549,919
14571,947
14593,975
14616,1002
14638,1028
14661,1053
14684,1079
14706,1104
14728,1129
14750,1155
14773,1183
14794,1207
14815,1232
14836,1259
14856,1284
14877,1307
14899,1333
14920,1358
14941,1382
14962,1407
14983,1433
15003,1458
15025,1483
15047,1508
15068,1534
15088,1558
15110,1582
15130,1605
15151,1629
15172,1653
15192,1677
15212,1700
15231,1723
15252,1747
15272,1770
15291,1793
15311,1817
15330,1841
15350,1864
15371,1886
15391,1909
15412,1933
15433,1956
15453,1982
15474,2007
15496,2032
15519,2057
15543,2082
15566,2107
15589,2133
15611,2157
15633,2182
15656,2209
15677,2236
15698,2261
15721,2285
15742,2309
15764,2334
15786,2358
15808,2384
15831,2409
15853,2436
15874,2460
15896,2485
15920,2510
15943,2536
15966,2560
15988,2586
16011,2609
16034,2634
16056,2658
16078,2683
16099,2707
16122,2732
16144,2759
16165,2783
16188,2809
16210,2835
16235,2861
16258,2887
16282,2912
16304,2937
16329,2964
16351,2990
16375,3015
14,3038
38,3063
61,3086
84,3111
107,3136
131,3161
155,3187
180,3211
203,3236
225,3261
248,3287
271,3309
295,3334
320,3359
345,3384
369,3409
395,3433
419,3456
443,3481
468,3504
493,3529
516,3553
539,3577
563,3601
587,3623
612,3646
634,3669
657,3693
681,3716
704,3740
728,3763
751,3786
774,3808
799,3831
824,3853
848,3874
874,3896
898,3918
923,3939
947,3960
972,3981
996,4004
1020,4025
1045,4048
1069,4068
1093,4090
1117,4113
1141,4135
1165,4157
1189,4179
1214,4202
1237,4224
1263,4247
1289,4269
1314,4290
1340,4310
1365,4331
1390,4353
1414,4374
1438,4396
1462,4417
1486,4439
1511,4459
1533,4481
1558,4502
1582,4524
1608,4546
1631,4565
1656,4587
1680,4607
1706,4627
1730,4650
1756,4670
1781,4690
1808,4713
1834,4734
1861,4757
1889,4779
1915,4801
1941,4822
1966,4844
1991,4866
2016,4888
2042,4910
2069,4931
2096,4954
2122,4974
2149,4996
2176,5018
2204,5040
2230,5061
2257,5083
2285,5105
2313,5127
2342,5150
2370,5172
2397,5194
2425,5216
2453,5238
2482,5259
2507,5280
2534,5302
2561,5324
2589,5345
2617,5367
2643,5389
2670,5410
2698,5432
2725,5452
2752,5473
2779,5494
2806,5516
2833,5537
2861,5558
2887,5578
2912,5598
2937,5618
2963,5638
2988,5658
3013,5676
3037,5696
3061,5715
3085,5735
3110,5755
3134,5775
3159,5794
3183,5813
3208,5832
3233,5850
3259,5869
3284,5888
3308,5907
3332,5925
3355,5944
3379,5962
3403,5980
3426,5998
3449,6017
3472,6035
3496,6054
3519,6072
3542,6090
3565,6109
3588,6127
3610,6145
3634,6164
3658,6183
3683,6203
3707,6222
3734,6241
3759,6260
3783,6280
3808,6299
3832,6319
3856,6339
3880,6360
3904,6380
3926,6400
3949,6419
3972,6438
3995,6456
4017,6476
4040,6496
4064,6516
4088,6536
4111,6556
4135,6576
4160,6595
4184,6614
4208,6635
4230,6655
4255,6675
4279,6694
4302,6715
4325,6735
4348,6756
4370,6776
4393,6796
4416,6816
4439,6837
4462,6859
4485,6880
4509,6903
4533,6923
4556,6944
4581,6966
4605,6988
4628,7008
4652,7028
4676,7049
4699,7071
4722,7092
4746,7113
4768,7134
4791,7155
4813,7177
4836,7198
4858,7221
4881,7241
4903,7262
4925,7283
4947,7303
4969,7324
4992,7346
5016,7367
5039,7390
5061,7411
5084,7432
5106,7453
5127,7475
5148,7496
5169,7517
5190,7538
5212,7559
5234,7581
5256,7601
5276,7623
5297,7645
5318,7666
5339,7688
5360,7709
5381,7730
5401,7751
5423,7773
5444,7794
5466,7816
5487,7837
5507,7859
5528,7880
5548,7902
5570,7924
5591,7944
5611,7968
5632,7989
5655,8010
5676,8032
5696,8054
5717,8075
5738,8096
5759,8118
5780,8140
5800,8162
5821,8185
5841,8207
5860,8229
5882,8250
5902,8272
5921,8292
5941,8313
5961,8336
5982,8358
6003,8380
6022,8402
6044,8426
6065,8449
6085,8473
6106,8497
6128,8520
6147,8543
6167,8565
6189,8589
6209,8613
6229,8636
6251,8660
6273,8683
6294,8708
6315,8733
6337,8758
6359,8782
6381,8807
6403,8832
6424,8857
6448,8884
6469,8908
6491,8933
6514,8959
6534,8984
6557,9010
6579,9035
6600,9060
6622,9085
6645,9110
6667,9136
6689,9163
6712,9188
6736,9214
6759,9241
6783,9269
6806,9296
6830,9323
6853,9351
6875,9376
6898,9403
6920,9428
6943,9455
6965,9481
6987,9508
7009,9533
7032,9558
7053,9584
7076,9609
7098,9634
7119,9660
7141,9686
7164,9710
7187,9736
7210,9761
7233,9786
7255,9809
7276,9833
7297,9858
7318,9883
7340,9907
7362,9929
7383,9954
7403,9979
7424,10002
7444,10028
7464,10050
7486,10074
7508,10098
7529,10120
7550,10145
7572,10168
7593,10191
7614,10214
7634,10238
7656,10261
7676,10284
7697,10308
7718,10333
7740,10356
7762,10380
7784,10404
7806,10428
7829,10454
7850,10478
7870,10504
7894,10528
7918,10554
7941,10580
7965,10605
7988,10629
8010,10656
8034,10681
8055,10706
8078,10731
8101,10756
8123,10781
8146,10806
8170,10832
8192,10857
8215,10881
8239,10906
8262,10931
8285,10956
8308,10981
8331,11006
8355,11032
8380,11058
8404,11083
8429,11108
8454,11132
8480,11157
8504,11182
8528,11207
8552,11233
8576,11258
8600,11284
8625,11310
8649,11336
8674,11363
8699,11387
8723,11414
8747,11440
8773,11465
8798,11490
8825,11515
8850,11542
8876,11568
8902,11591
8929,11617
8957,11642
8983,11668
9008,11692
9034,11718
9058,11743
9084,11767
9109,11791
9135,11816
9159,11841
9184,11866
9209,11891
9235,11916
9259,11940
9284,11963
9309,11987
9336,12010
9361,12034
9387,12057
9414,12080
9438,12101
9465,12125
9488,12147
9512,12169
9539,12190
9563,12212
9586,12233
9610,12254
9635,12277
9658,12299
9683,12323
9707,12345
9732,12366
9758,12388
9784,12410
9809,12432
9834,12454
9860,12476
9886,12498
9913,12520
9938,12542
9961,12562
9986,12586
10010,12607
10035,12629
10059,12651
10083,12672
10108,12695
10133,12717
10157,12739
10183,12761
10208,12782
10234,12804
10258,12824
10284,12845
10309,12866
10336,12887
10361,12909
10386,12930
10413,12951
10438,12973
10464,12994
10490,13016
10516,13038
10540,13058
10565,13081
10589,13102
10615,13123
10639,13146
10665,13168
10691,13190
10717,13210
10745,13230
10774,13251
10801,13274
10827,13297
10854,13319
10882,13340
10908,13362
10934,13383
10962,13406
10989,13429
11015,13451
11040,13473
11066,13494
11093,13516
11119,13539
11146,13560
11173,13582
11201,13603
11227,13625
11255,13647
11282,13668
11310,13690
11339,13713
11368,13736
11395,13758
11422,13780
11449,13802
11475,13825
11501,13845
11526,13867
11552,13888
11577,13908
11602,13928
11626,13950
11651,13969
11677,13990
11703,14010
11729,14030
11754,14051
11779,14071
11804,14091
11828,14111
11853,14131
11877,14151
11901,14169
11924,14188
11947,14208
11969,14227
11991,14244
12013,14263
12036,14281
12057,14299
12079,14319
12101,14337
12123,14356
12143,14375
12165,14393
12187,14411
12208,14429
12229,14446
12251,14465
12272,14483
12294,14502
12315,14522
12338,14540
12359,14558
12380,14577
12401,14597
12425,14617
12446,14636
12468,14656
12491,14674
12515,14694
12538,14713
12560,14733
12582,14752
12605,14771
12628,14791
12650,14810
12673,14830
12696,14849
12718,14870
12741,14889
12763,14910
12787,14930
12809,14951
12831,14972
12853,14992
12875,15013
12898,15034
12920,15054
12942,15074
12964,15095
12986,15116
13008,15137
13031,15158
13052,15179
13075,15199
13098,15220
13119,15242
13142,15263
13164,15285
13185,15307
13208,15327
13229,15348
13251,15370
13272,15393
13295,15415
13317,15435
13339,15458
13361,15480
13383,15501
13404,15524
13426,15546
13450,15568
13472,15589
13495,15611
13517,15634
13540,15656
13562,15679
13583,15701
13605,15723
13626,15746
13647,15769
13669,15791
13691,15814
13713,15836
13734,15858
13754,15882
13776,15904
13798,15928
13819,15949
13840,15972
13862,15994
13884,16016
13904,16037
13924,16059
13944,16081
13964,16103
13985,16125
14006,16149
14027,16170
14048,16193
14068,16215
14089,16236
14109,16258
14129,16280
14148,16302
14168,16324
14187,16345
14208,16367
14229,5
14250,27
14270,49
14290,72
14311,95
14332,118
14353,142
14373,164
14394,187
14413,210
14434,234
14455,258
14475,280
14496,303
14517,326
14537,351
14557,374
14577,396
14597,419
14617,443
14638,466
14659,490
14680,513
14701,537
14721,562
14742,587
14763,611
14785,636
14805,660
14825,684
14846,709
14868,733
14889,757
14911,782
14933,808
14955,835
14976,861
14999,886
15022,912
15043,938
15065,963
15087,989
15108,1017
15129,1043
15152,1068
15176,1094
15199,1120
15223,1148
15246,1174
15270,1202
15294,1230
15317,1257
15341,1284
15363,1311
15386,1339
15410,1366
15433,1392
15456,1419
15479,1446
15504,1474
15528,1501
15551,1528
15575,1556
15600,1584
15625,1612
15649,1640
15674,1666
15698,1695
15721,1721
15744,1747
15767,1774
15791,1801
15813,1827
15837,1854
15860,1880
15883,1905
15906,1931
15928,1956
15951,1982
15974,2008
15996,2033
16018,2057
16041,2081
16064,2105
16087,2131
16110,2154
16133,2179
16155,2204
16176,2229
16196,2254
16218,2277
16238,2301
16259,2325
16280,2349
16301,2374
16323,2398
16345,2421
16366,2446
4,2469
26,2491
48,2514
70,2537
92,2560
115,2585
139,2610
161,2635
185,2660
208,2684
232,2710
256,2735
280,2760
304,2785
327,2810
349,2835
373,2860
396,2885
422,2910
447,2936
471,2962
497,2987
523,3013
550,3038
575,3063
600,3088
624,3114
649,3139
675,3164
699,3189
723,3214
746,3239
770,3262
794,3286
819,3311
844,3336
870,3360
896,3385
922,3410
948,3434
976,3460
1002,3484
1029,3509
1056,3534
1082,3558
1110,3584
1134,3608
1161,3633
1188,3658
1212,3684
1237,3710
1261,3735
1288,3759
1313,3783
1339,3807
1366,3831
1393,3855
1421,3879
1448,3902
1474,3926
1502,3949
1529,3972
1556,3996
1583,4019
1609,4043
1635,4067
1661,4090
1686,4112
1712,4136
1737,4159
1761,4183
1787,4204
1814,4226
1838,4248
1864,4270
1889,4291
1916,4313
1943,4335
1969,4357
1994,4380
2020,4401
2046,4422
2072,4443
2097,4465
2122,4486
2147,4508
2170,4530
2194,4551
2217,4571
2242,4592
2267,4612
2292,4633
2317,4655
2343,4676
2369,4698
2396,4719
2422,4739
2447,4759
2471,4779
2496,4800
2522,4820
2546,4841
2569,4861
2592,4880
2617,4900
2641,4920
2665,4940
2688,4960
2712,4981
2735,5001
2761,5022
2786,5042
2811,5062
2837,5082
2864,5101
2890,5121
2916,5141
2941,5162
2966,5184
2992,5203
3019,5224
3044,5245
3069,5266
3094,5287
3119,5308
3145,5329
3170,5349
3196,5369
3222,5390
3247,5412
3273,5433
3300,5455
3328,5477
3355,5498
3381,5519
3408,5540
3435,5562
3461,5583
3488,5605
3515,5626
3541,5646
3566,5667
3590,5688
3615,5709
3642,5731
3668,5752
3693,5772
3718,5793
3745,5814
3773,5835
3798,5857
3825,5879
3853,5901
3878,5922
3904,5942
3929,5962
3952,5983
3977,6002
4000,6023
4024,6043
4047,6065
4072,6084
4095,6104
4118,6124
4141,6143
4164,6162
4187,6181
4210,6201
4233,6220
4256,6239
4279,6259
4302,6277
4324,6295
4346,6314
4368,6333
4390,6351
4411,6371
4434,6389
4454,6407
4475,6425
4497,6443
4517,6461
4538,6479
4558,6498
4579,6516
4600,6534
4622,6553
4644,6571
4664,6589
4685,6607
4707,6625
4729,6643
4750,6661
4774,6680
4796,6699
4817,6719
4840,6739
4862,6759
4884,6778
4905,6797
4928,6818
4948,6838
4970,6857
4992,6877
5014,6898
5036,6918
5058,6938
5081,6958
5103,6978
5126,6999
5148,7019
5170,7039
5192,7060
5214,7081
5237,7102
5260,7122
5280,7144
5302,7165
5323,7185
5344,7207
5367,7228
5387,7248
5409,7269
5431,7292
5454,7312
5475,7335
5498,7356
5519,7379
5542,7401
5564,7423
5587,7445
5609,7468
5632,7491
5655,7515
5677,7537
5698,7560
5720,7582
5743,7606
5763,7628
5784,7652
5806,7676
5828,7699
5851,7722
5873,7743
5895,7765
5916,7789
5938,7811
5961,7833
5983,7856
6005,7878
6026,7900
6047,7923
6069,7945
6091,7969
6112,7991
6133,8012
6154,8034
6173,8057
6195,8077
6217,8100
6237,8121
6259,8142
6279,8166
6299,8189
6319,8210
6338,8231
6359,8253
6379,8275
6399,8297
6420,8320
6441,8344
6462,8367
6483,8388
6504,8411
6525,8432
6544,8454
6565,8475
6585,8496
6605,8519
6625,8543
6645,8567
6666,8591
6687,8614
6707,8636
6728,8659
6749,8683
6769,8707
6789,8730
6811,8753
6831,8776
6852,8798
6873,8820
6894,8843
6915,8865
6935,8887
6955,8911
6975,8932
6996,8956
7018,8980
7038,9005
7059,9029
7080,9053
7102,9077
7123,9101
7145,9125
7166,9151
7188,9175
7210,9199
7232,9224
7255,9248
7278,9273
7299,9298
7322,9323
7345,9350
7367,9376
7390,9402
7413,9428
7435,9454
7459,9480
7482,9506
7505,9532
7528,9558
7551,9585
7575,9612
7598,9638
7621,9663
7646,9690
7670,9716
7695,9743
7719,9770
7743,9798
7768,9824
7792,9851
7815,9878
7839,9904
7864,9930
7887,9955
7911,9982
7935,10010
7958,10037
7982,10064
8006,10091
8029,10117
8052,10144
8075,10171
8099,10196
8123,10223
8150,10248
8173,10275
8197,10300
8220,10323
8244,10348
8268,10373
8291,10398
8314,10423
8336,10448
8359,10473
8380,10498
8403,10521
8426,10545
8448,10570
8471,10594
8495,10618
8518,10641
8540,10665
8563,10688
8586,10710
8610,10733
8632,10756
8654,10779
8677,10802
8698,10823
8721,10846
8742,10870
8764,10892
8785,10914
8807,10937
8829,10960
8852,10983
8874,11006
8900,11030
8924,11054
8949,11078
8974,11102
8999,11128
9024,11152
9050,11177
9075,11202
9101,11227
9126,11254
9152,11277
9177,11303
9201,11328
9226,11353
9251,11379
9276,11403
9301,11429
9326,11453
9351,11478
9376,11503
9401,11528
9427,11552
9454,11576
9480,11601
9504,11622
9529,11647
9555,11671
9581,11696
9607,11720
9633,11746
9659,11770
9684,11795
9709,11820
9735,11845
9760,11869
9785,11893
9811,11917
9837,11942
9864,11968
9891,11991
9919,12016
9947,12039
9974,12063
10001,12086
10027,12108
10052,12131
10079,12155
10106,12178
10132,12202
10159,12226
10185,12249
10210,12274
10235,12297
10261,12321
10287,12345
10312,12368
10337,12391
10363,12414
10391,12436
10418,12458
10443,12480
10471,12503
10498,12524
10523,12547
10550,12569
10578,12591
10602,12613
10627,12636
10652,12658
10677,12680
10700,12701
10723,12723
10747,12745
10771,12766
10795,12787
10819,12809
10844,12830
10869,12852
10893,12872
10919,12893
10943,12913
10969,12933
10993,12954
11018,12975
11042,12995
11066,13015
11091,13036
11114,13056
11137,13076
11160,13096
11182,13117
11206,13136
11229,13156
11254,13176
11278,13197
11302,13216
11327,13236
11353,13257
11378,13277
11402,13298
11425,13318
11449,13339
11472,13359
11495,13378
11519,13398
11542,13417
11564,13437
11588,13456
11611,13476
11635,13495
11659,13515
11682,13535
11705,13556
11730,13576
11756,13597
11781,13618
11808,13639
11834,13661
11859,13681
11884,13702
11908,13723
11932,13743
11957,13764
11983,13785
12008,13805
12032,13826
12056,13847
12080,13867
12103,13889
12127,13909
12151,13931
12176,13953
12202,13974
12227,13997
12252,14018
12278,14039
12303,14060
12327,14081
12351,14102
12376,14124
12400,14144
12425,14165
12449,14186
12474,14207
12498,14228
12522,14251
12548,14273
12574,14294
12598,14316
12621,14337
12647,14358
12670,14379
12695,14399
12719,14419
12744,14441
12767,14461
12790,14481
12814,14501
12837,14522
12861,14542
12883,14561
12905,14580
12926,14600
12949,14620
12971,14638
12992,14658
13014,14678
13035,14697
13055,14717
13076,14737
13097,14756
13118,14775
13139,14793
13160,14811
13182,14830
13201,14848
13221,14867
13244,14886
13263,14905
13284,14924
13304,14943
13324,14962
13344,14979
13363,14998
13382,15016
13403,15035
13423,15054
13443,15074
13463,15093
13485,15114
13507,15134
13529,15154
13551,15175
13571,15195
13592,15216
13615,15237
13635,15258
13657,15279
13680,15302
13701,15323
13722,15344
13745,15365
13766,15387
13788,15408
13809,15429
13830,15450
13851,15471
13872,15492
13894,15513
13915,15536
13937,15558
13959,15580
13979,15602
14001,15623
14021,15645
14042,15666
14063,15689
14084,15710
14104,15733
14125,15756
14146,15778
14167,15800
14189,15822
14211,15846
14233,15869
14255,15892
14278,15915
14301,15938
14322,15961
14343,15984
14364,16007
14385,16030
14407,16053
14428,16075
14450,16098
14472,16122
14494,16146
14516,16168
14538,16190
14559,16213
14580,16237
14600,16260
14622,16283
14644,16306
14665,16328
14687,16352
14707,16376
14728,14
14749,38
14771,60
14792,83
14813,106
14834,129
14855,153
14877,175
14898,199
14919,222
14940,245
14960,268
14981,292
15002,316
15022,339
15041,361
15061,385
15082,408
15102,432
15121,454
15142,476
15163,498
15182,521
15202,543
15223,566
15244,589
15265,611
15285,634
15306,657
15327,681
15347,704
15368,728
15390,750
15410,772
15429,796
15448,818
15468,842
15488,867
15508,890
15529,913
15550,935
15571,958
15593,982
15615,1006
15635,1029
15656,1053
15678,1078
15701,1103
15723,1127
15744,1152
15766,1176
15788,1200
15810,1226
15832,1252
15854,1277
15876,1303
15898,1327
15920,1353
15943,1381
15966,1408
15990,1433
16015,1459
16040,1487
16063,1513
16087,1541
16112,1567
16136,1593
16160,1620
16184,1646
16208,1673
16231,1700
16255,1728
16280,1755
16303,1781
16327,1808
16352,1835
16376,1864
17,1891
41,1920
65,1946
92,1973
118,2000
143,2028
169,2055
195,2084
221,2111
247,2139
273,2167
299,2194
325,2222
350,2249
376,2276
401,2303
427,2329
452,2356
477,2385
503,2411
529,2437
555,2463
579,2489
604,2514
630,2539
654,2563
678,2586
702,2610
727,2635
751,2659
776,2684
799,2708
822,2732
844,2757
866,2780
888,2803
911,2826
935,2851
957,2874
982,2897
1005,2920
1028,2943
1053,2965
1077,2988
1100,3009
1123,3031
1147,3054
1171,3077
1195,3099
1218,3122
1242,3146
1264,3169
1287,3193
1310,3218
1335,3241
1360,3264
1384,3289
1410,3312
1436,3338
1464,3364
1492,3390
1519,3415
1547,3441
1574,3465
1600,3488
1627,3512
1653,3536
1678,3561
1704,3585
1730,3610
1755,3634
1779,3658
1805,3682
1830,3704
1856,3729
1881,3752
1905,3777
1932,3801
1958,3824
1985,3848
2012,3871
2040,3894
2065,3917
2093,3940
2120,3964
2146,3988
2172,4012
2199,4035
2225,4058
2252,4082
2278,4106
2304,4131
2331,4156
2358,4179
2385,4203
2411,4225
2438,4247
2465,4270
2494,4293
2522,4317
2546,4340
2573,4363
2600,4385
2627,4408
2654,4431
2680,4454
2706,4476
2732,4498
2758,4520
2782,4544
2805,4565
2831,4588
2857,4611
2882,4634
2909,4656
2935,4678
2961,4698
2986,4718
3011,4740
3036,4761
3063,4783
3087,4804
3113,4824
3137,4845
3160,4865
3184,4884
3208,4905
3231,4924
3254,4944
3277,4964
3300,4984
3323,5003
3347,5023
3371,5041
3395,5061
3419,5081
3442,5101
3467,5120
3491,5141
3515,5159
3539,5177
3561,5196
3583,5215
3607,5234
3630,5254
3650,5272
3673,5291
3695,5310
3717,5329
3740,5348
3761,5367
3784,5386
3806,5405
3830,5424
3853,5443
3876,5463
3899,5482
3922,5501
3944,5520
3966,5539
3989,5558
4012,5577
4035,5598
4058,5617
4080,5636
4103,5657
4127,5677
4150,5696
4173,5715
4197,5734
4221,5754
4245,5774
4270,5794
4294,5814
4319,5834
4343,5855
4367,5876
4392,5896
4416,5917
4439,5937
4463,5958
4487,5978
4511,5999
4534,6019
4558,6040
4583,6061
4606,6081
4631,6103
4655,6123
4679,6143
4704,6164
4729,6185
4755,6206
4780,6228
4804,6249
4829,6269
4853,6289
4878,6310
4903,6330
4927,6351
4950,6372
4973,6393
4996,6414
5020,6436
5043,6456
5066,6476
5089,6497
5110,6517
5133,6538
5156,6559
5179,6578
5202,6598
5222,6617
5244,6637
5266,6656
5288,6674
5309,6694
5331,6712
5351,6731
5371,6750
5391,6769
5411,6787
5432,6805
5452,6825
5473,6845
5492,6863
5512,6882
5531,6901
5551,6918
5571,6937
5591,6955
5610,6973
5630,6991
5649,7009
5668,7028
5689,7047
5710,7065
5729,7085
5749,7105
5769,7125
5789,7144
5809,7164
5830,7184
5851,7203
5873,7225
5895,7245
5917,7267
5938,7288
5960,7308
5982,7329
6003,7350
6023,7372
6045,7394
6066,7415
6087,7437
6108,7458
6131,7480
6152,7501
6173,7522
6194,7543
6215,7566
6236,7587
6257,7609
6278,7630
6300,7653
6321,7676
6342,7698
6365,7719
6385,7740
6406,7761
6429,7784
6450,7806
6471,7828
6493,7851
6515,7874
6537,7897
6559,7921
6582,7945
6604,7968
6626,7991
6649,8015
6671,8038
6692,8061
6715,8085
6737,8108
6759,8131
6781,8155
6802,8180
6825,8204
6848,8227
6870,8251
6893,8275
6916,8299
6938,8322
6959,8346
6982,8369
7005,8392
7026,8416
7048,8440
7071,8463
7093,8487
7115,8511
7137,8534
7158,8558
7179,8582
7200,8606
7221,8630
7242,8652
7264,8675
7287,8699
7308,8722
7329,8746
7351,8769
7373,8792
7395,8816
7416,8839
7437,8861
7458,8883
7479,8906
7500,8930
7521,8953
7543,8976
7563,8999
7583,9022
7604,9046
7625,9068
7646,9091
7666,9113
7686,9136
7708,9160
7729,9183
7752,9206
7773,9228
7795,9252
7816,9275
7838,9299
7860,9323
7881,9346
7903,9369
7924,9393
7944,9416
7966,9439
7987,9463
8008,9487
8030,9510
8052,9534
8074,9558
8096,9582
8120,9607
8143,9631
8166,9656
8189,9682
8212,9706
8236,9733
8260,9759
8285,9784
8308,9810
8331,9835
8355,9861
8378,9886
8401,9912
8424,9940
8449,9966
8474,9992
8499,10018
8525,10045
8550,10071
8575,10098
8602,10125
8627,10152
8654,10179
8679,10205
8705,10232
8732,10258
8758,10288
8783,10315
8809,10342
8837,10369
8864,10397
8889,10425
8915,10452
8942,10480
8969,10507
8996,10535
9022,10563
9050,10590
9078,10616
9106,10644
9134,10671
9161,10698
9189,10725
9215,10750
9242,10776
9268,10803
9294,10828
9320,10854
9344,10878
9370,10904
9394,10931
9418,10957
9443,10983
9469,11007
9495,11032
9520,11058
9544,11084
9570,11107
9594,11129
9620,11153
9645,11176
9671,11199
9695,11222
9719,11246
9743,11269
9767,11292
9790,11314
9812,11337
9835,11360
9858,11382
9881,11405
9903,11427
9926,11451
9952,11473
9976,11497
10002,11519
10028,11543
10055,11567
10080,11592
10106,11616
10133,11642
10159,11665
10184,11689
10212,11714
10237,11739
10262,11765
10288,11789
10314,11813
10341,11838
10365,11862
10392,11887
10419,11911
10446,11936
10473,11959
10502,11984
10530,12008
10556,12033
10583,12057
10609,12080
10635,12103
10661,12126
10687,12148
10711,12170
10737,12194
10762,12218
10787,12242
10813,12265
10839,12290
10864,12313
10891,12337
10917,12361
10945,12385
10972,12408
10999,12431
11025,12454
11053,12477
11080,12502
11108,12525
11135,12548
11160,12573
11186,12596
11211,12620
11238,12644
11264,12669
11289,12694
11316,12717
11341,12740
11367,12762
11393,12783
11420,12807
11448,12829
11474,12853
11500,12876
11527,12898
11552,12921
11578,12943
11603,12965
11628,12987
11653,13009
11678,13031
11702,13053
11726,13074
11749,13096
11773,13117
11798,13137
11821,13159
11845,13178
11868,13200
11891,13221
11916,13242
11941,13262
11965,13283
11988,13302
12011,13323
12033,13342
12056,13363
12078,13382
12099,13401
12122,13421
12143,13441
12163,13458
12184,13478
12206,13498
12227,13519
12247,13538
12269,13558
12292,13577
12315,13596
12337,13616
12360,13634
12381,13653
12403,13671
12425,13690
12448,13710
12470,13728
12491,13747
12514,13767
12536,13786
12557,13806
12579,13824
12601,13843
12623,13861
12645,13882
12667,13901
12690,13921
12713,13942
12737,13962
12760,13982
12784,14001
12806,14021
12830,14042
12856,14063
12879,14084
12903,14105
12927,14125
12950,14146
12973,14167
12995,14189
13018,14210
13040,14229
13062,14251
13085,14272
13109,14293
13132,14313
13156,14334
13179,14356
13204,14378
13228,14399
13253,14421
13278,14442
13302,14464
13326,14486
13350,14508
13374,14529
13397,14550
13422,14573
13444,14595
13467,14617
13491,14640
13515,14661
13538,14683
13561,14705
13585,14728
13609,14750
13633,14771
13657,14792
13679,14813
13701,14835
13724,14856
13747,14878
13770,14900
13793,14920
13816,14940
13837,14961
13858,14981
13880,15002
13901,15023
13922,15044
13943,15063
13963,15084
13984,15105
14005,15125
14027,15146
14048,15166
14068,15185
14088,15205
14109,15223
14128,15243
14149,15263
14169,15283
14188,15301
14207,15320
14226,15340
14246,15360
14265,15380
14285,15399
14304,15419
14323,15440
14343,15461
14363,15482
14382,15501
14403,15521
14423,15542
14444,15564
14465,15585
14485,15606
14506,15628
14527,15651
14550,15673
14571,15695
14593,15716
14615,15738
14637,15761
14658,15784
14679,15805
14700,15828
14720,15850
14742,15875
14765,15898
14786,15921
14806,15944
14828,15966
14849,15989
14870,16013
14891,16035
14914,16057
14935,16081
14957,16104
14978,16128
15000,16150
15021,16173
15043,16195
15065,16218
15088,16240
15110,16264
15131,16287
15153,16311
15175,16337
15198,16362
15221,3
15243,27
15265,51
15289,76
15312,101
15335,127
15358,150
15380,175
15403,201
15426,225
15448,250
15470,275
15492,299
15517,323
15540,347
15562,373
15585,398
15608,424
15630,451
15653,476
15675,501
15698,525
15721,549
15744,575
15767,600
15791,625
15813,650
15836,673
15859,698
15881,722
15903,746
15925,771
15946,796
15968,821
15990,845
16010,870
16034,894
16055,917
16077,940
16097,963
16118,988
16139,1012
16162,1035
16184,1060
16207,1084
16228,1107
16249,1131
16272,1155
16293,1179
16314,1202
16335,1227
16357,1253
16377,1276
14,1300
35,1324
56,1348
79,1370
100,1393
123,1418
145,1440
168,1465
191,1489
214,1513
237,1536
260,1561
285,1585
308,1611
330,1635
355,1661
377,1686
402,1712
424,1738
447,1764
472,1792
497,1818
522,1843
549,1871
573,1896
601,1923
626,1950
650,1977
677,2003
702,2029
728,2055
754,2082
782,2107
808,2134
833,2162
859,2189
884,2216
911,2244
936,2272
961,2300
988,2326
1015,2352
1043,2380
1071,2407
1100,2435
1128,2463
1157,2491
1187,2518
1215,2546
1244,2574
1271,2601
1298,2629
1326,2655
1353,2683
1380,2710
1407,2738
1435,2766
1463,2793
1491,2821
1517,2848
1546,2876
1573,2902
1601,2929
1629,2955
1657,2981
1685,3008
1711,3034
1739,3059
1766,3084
1792,3108
1817,3132
1843,3156
1869,3179
1894,3204
1916,3229
1939,3253
1963,3277
1988,3300
2014,3322
2037,3345
2062,3367
2088,3390
2113,3414
2137,3436
2161,3458
2186,3480
2211,3503
2236,3526
2261,3549
2285,3571
2308,3594
2331,3616
2355,3639
2379,3661
2403,3683
2426,3704
2451,3726
2476,3749
2501,3773
2526,3796
2553,3820
2579,3842
2607,3865
2633,3888
2660,3911
2686,3933
2713,3955
2737,3978
2764,4002
2790,4025
2814,4049
2839,4073
2865,4096
2889,4118
2916,4141
2941,4165
2967,4187
2993,4211
3019,4234
3045,4256
3072,4277
3099,4301
3125,4323
3150,4346
3176,4368
3201,4392
3226,4414
3251,4437
3277,4460
3301,4482
3325,4506
3351,4529
3376,4552
3403,4576
3429,4598
3456,4620
3482,4643
3509,4667
3537,4689
3563,4713
3589,4734
3616,4758
3641,4780
3666,4803
3691,4824
3716,4846
3740,4868
3764,4890
3789,4913
3813,4935
3838,4956
3863,4978
3886,4999
3911,5021
3935,5042
3958,5062
3983,5084
4007,5106
4030,5127
4054,5147
4076,5167
4099,5188
4123,5207
4146,5228
4168,5248
4190,5267
4212,5288
4234,5308
4257,5326
4278,5345
4299,5364
4321,5383
4344,5401
4365,5420
4389,5438
4413,5457
4435,5476
4458,5495
4479,5514
4501,5532
4522,5551
4544,5570
4565,5588
4587,5606
4607,5624
4627,5642
4648,5661
4670,5680
4691,5699
4712,5717
4734,5737
4754,5755
4776,5772
4798,5791
4820,5809
4842,5827
4864,5847
4884,5865
4906,5884
4927,5901
4949,5921
4973,5941
4996,5960
5018,5980
5041,6000
5062,6021
5084,6040
5107,6060
5129,6079
5151,6099
5174,6120
5196,6141
5220,6160
5243,6181
5265,6200
5287,6220
5311,6240
5334,6261
5358,6281
5381,6301
5404,6322
5428,6343
5450,6363
5473,6385
5496,6405
5518,6425
5542,6448
5564,6468
5588,6490
5612,6511
5635,6534
5658,6555
5682,6576
5705,6598
5727,6619
5751,6642
5775,6664
5799,6686
5821,6707
5844,6729
5867,6751
5889,6774
5912,6795
5935,6817
5960,6839
5982,6861
6005,6883
6027,6904
6050,6926
6072,6947
6094,6969
6116,6989
6139,7010
6160,7031
6182,7051
6203,7071
6224,7092
6244,7112
6264,7131
6284,7151
6304,7172
6324,7192
6344,7212
6363,7230
6384,7250
6403,7269
6424,7290
6443,7308
6462,7328
6481,7348
6502,7367
6521,7386
6541,7406
6561,7424
6581,7444
6602,7464
6622,7484
6642,7505
6662,7525
6682,7544
6701,7565
6722,7585
6742,7607
6762,7629
6782,7650
6804,7670
6826,7691
6847,7713
6867,7735
6889,7756
6911,7779
6933,7802
6955,7825
6977,7848
7000,7871
7024,7893
7046,7916
7069,7939
7091,7960
7113,7983
7135,8006
7157,8028
7176,8052
7197,8075
7218,8097
7241,8119
7262,8140
7284,8163
7306,8186
7328,8208
7351,8231
7374,8255
7396,8278
7420,8302
7443,8326
7465,8350
7489,8373
7511,8397
7533,8419
7555,8443
7577,8469
7600,8495
7624,8521
7646,8546
7670,8571
7693,8595
7717,8620
7740,8645
7764,8670
7788,8697
7811,8721
7836,8746
7859,8771
7883,8796
7907,8821
7930,8845
7953,8870
7976,8894
7999,8919
8023,8945
8044,8971
8066,8996
8089,9020
8110,9045
8134,9070
8158,9095
8181,9118
8204,9143
8228,9168
8251,9192
8275,9217
8299,9241
8322,9264
8343,9288
8364,9311
8387,9335
8409,9358
8431,9381
8453,9406
8476,9428
8498,9451
8520,9474
8541,9497
8564,9523
8587,9548
8610,9570
8633,9596
8656,9618
8680,9641
8704,9663
8727,9685
8749,9709
8774,9733
8797,9757
8820,9779
8841,9803
8863,9825
8886,9850
8908,9874
8931,9897
8955,9921
8979,9945
9003,9968
9028,9991
9053,10016
9078,10041
9102,10067
9125,10091
9151,10115
9176,10140
9202,10165
9228,10192
9254,10217
9279,10244
9304,10269
9328,10295
9354,10319
9380,10346
9405,10373
9431,10400
9457,10426
9483,10452
9509,10478
9537,10504
9564,10530
9591,10555
9621,10581
9650,10610
9678,10637
9705,10664
9732,10691
9758,10719
9786,10747
9814,10773
9841,10799
9868,10825
9894,10853
9921,10879
9949,10906
9977,10934
10005,10962
10033,10990
10061,11017
10091,11042
10119,11070
10148,11097
10176,11125
10205,11151
10234,11179
10263,11208
10290,11234
10318,11261
10346,11287
10372,11314
10399,11340
10424,11365
10451,11390
10477,11417
10504,11443
10531,11469
10558,11493
10585,11517
10612,11541
10637,11566
10663,11589
10689,11613
10714,11636
10740,11659
10763,11682
10787,11706
10811,11726
10834,11750
10857,11772
10881,11795
10903,11817
10928,11839
10952,11861
10976,11883
10999,11905
11024,11928
11049,11951
11075,11973
11098,11994
11122,12016
11147,12038
11171,12059
11194,12081
11218,12102
11242,12124
11266,12147
11291,12170
11315,12194
11339,12216
11365,12238
11390,12260
11416,12284
11440,12307
11466,12329
11493,12353
11519,12376
11546,12400
11571,12423
11597,12446
11622,12471
11647,12494
11672,12518
11698,12542
11723,12565
11747,12589
11771,12613
11795,12635
11820,12657
11843,12680
11866,12703
11890,12724
11915,12746
11940,12768
11964,12789
11990,12812
12015,12835
12039,12857
12064,12880
12089,12903
12114,12926
12137,12948
12160,12971
12184,12993
12207,13016
12232,13039
12256,13063
12280,13085
12304,13108
12329,13130
12352,13152
12376,13174
12400,13196
12426,13218
12451,13240
12475,13262
12500,13283
12524,13305
12548,13326
12572,13347
12595,13369
12618,13389
12640,13410
12663,13432
12686,13453
12709,13473
12731,13494
12754,13514
12777,13534
12800,13555
12823,13574
12846,13596
12868,13615
12890,13634
12911,13654
12932,13675
12954,13694
12977,13713
12998,13732
13020,13751
13040,13770
13060,13788
13079,13807
13100,13825
13120,13844
13141,13862
13161,13880
13181,13899
13202,13918
13223,13938
13244,13958
13264,13976
13285,13995
13306,14013
13327,14031
13348,14050
13369,14068
13389,14086
13409,14103
13429,14122
13451,14141
13470,14160
13490,14178
13510,14196
13531,14214
13550,14233
13572,14253
13593,14272
13616,14292
13638,14312
13660,14332
13682,14350
13704,14371
13726,14391
13747,14411
13769,14431
13790,14450
13812,14471
13833,14493
13855,14512
13876,14533
13900,14554
13922,14575
13944,14597
13967,14618
13990,14640
14012,14662
14035,14685
14058,14706
14080,14726
14103,14748
14125,14771
14149,14793
14171,14813
14194,14834
14216,14856
14239,14878
14262,14900
14284,14922
14308,14944
14331,14967
14354,14989
14377,15011
14399,15033
14421,15054
14443,15077
14465,15100
14490,15122
14513,15145
14534,15167
14558,15190
14581,15212
14605,15234
14627,15257
14650,15280
14673,15303
14696,15324
14718,15347
14740,15369
14762,15391
14784,15414
14804,15435
14826,15457
14847,15479
14867,15500
14888,15521
14907,15543
14928,15565
14949,15585
14970,15606
14990,15626
15010,15646
15031,15667
15052,15687
15071,15707
15090,15727
15111,15747
15132,15767
15152,15788
15172,15808
15193,15829
15214,15850
15233,15872
15253,15894
15273,15914
15294,15936
15313,15957
15333,15979
15353,15999
15374,16020
15395,16041
15417,16065
15438,16087
15460,16110
15482,16134
15504,16157
15526,16179
15548,16204
15571,16227
15595,16252
15618,16275
15640,16300
15662,16324
15685,16347
15706,16371
15729,10
15753,33
15776,58
15800,83
15824,105
15846,130
15869,154
15892,177
15915,202
15936,226
15958,251
15982,275
16004,299
16026,323
16049,347
16071,372
16094,398
16118,421
16141,448
16164,473
16188,500
16213,525
16237,550
16262,577
16286,604
16310,629
16332,653
16356,680
16380,707
20,732
46,758
69,784
94,811
116,837
141,863
166,887
189,913
214,939
239,964
263,990
289,1016
314,1044
340,1070
366,1094
389,1120
413,1145
438,1170
462,1196
487,1220
511,1248
535,1273
558,1298
580,1324
604,1350
629,1374
652,1398
676,1421
700,1445
725,1469
749,1493
773,1517
797,1542
821,1566
845,1589
869,1613
892,1637
916,1661
940,1686
962,1712
985,1736
1008,1760
1031,1784
1055,1806
1077,1830
1100,1853
1125,1876
1150,1900
1173,1923
1197,1946
1222,1969
1246,1994
1269,2017
1294,2042
1319,2066
1343,2091
1367,2114
1391,2140
1415,2165
1440,2189
1465,2214
1491,2240
1518,2265
1544,2291
1571,2317
1598,2343
1626,2370
1653,2397
1680,2423
1707,2449
1734,2476
1762,2503
1790,2530
1818,2557
1845,2582
1871,2609
1898,2635
1926,2663
1954,2690
1980,2717
2008,2745
2035,2772
2062,2798
2090,2825
2119,2852
2147,2878
2175,2905
2204,2932
2232,2958
2261,2984
2289,3010
2316,3038
2344,3066
2373,3093
2401,3118
2427,3145
2455,3172
2482,3200
2509,3225
2537,3252
2565,3277
2593,3304
2619,3329
2647,3355
2676,3381
2705,3407
2733,3433
2760,3460
2787,3486
2815,3511
2841,3536
2866,3561
2890,3585
2915,3608
2939,3631
2963,3654
2989,3677
3013,3698
3035,3721
3059,3744
3083,3767
3106,3789
3131,3810
3153,3831
3178,3851
3201,3874
3224,3895
3250,3915
3273,3936
3295,3956
3317,3976
3340,3997
3362,4017
3385,4039
3407,4060
3429,4080
3452,4100
3474,4121
3498,4143
3522,4164
3546,4185
3569,4206
3593,4228
3616,4249
3639,4271
3663,4292
3689,4316
3713,4339
3738,4362
3762,4385
3786,4408
3811,4429
3834,4451
3858,4474
3881,4496
3905,4519
3928,4541
3952,4564
3975,4586
3997,4608
4021,4630
4044,4651
4068,4674
4091,4695
4113,4715
4137,4737
4159,4757
4183,4778
4206,4798
4229,4820
4253,4842
4276,4863
4300,4885
4323,4906
4346,4927
4369,4949
4394,4971
4418,4994
4442,5016
4466,5037
4490,5059
4515,5081
4540,5103
4563,5125
4587,5147
4611,5169
4634,5190
4657,5211
4680,5232
4703,5253
4726,5273
4750,5293
4772,5314
4795,5334
4818,5356
4840,5375
4864,5396
4887,5416
4910,5437
4933,5458
4956,5477
4980,5497
5001,5517
5024,5537
5046,5558
5069,5577
5091,5596
5112,5616
5132,5636
5153,5654
5174,5674
5195,5692
5217,5711
5237,5729
5258,5748
5279,5766
5300,5784
5321,5803
5341,5821
5361,5839
5382,5857
5403,5875
5423,5894
5443,5912
5464,5930
5484,5948
5504,5966
5525,5985
5545,6002
5565,6020
5585,6038
5604,6055
5623,6073
5642,6092
5662,6109
5682,6127
5702,6144
5723,6162
5743,6180
5763,6198
5784,6216
5805,6235
5825,6253
5845,6272
5865,6290
5887,6308
5906,6327
5927,6346
5948,6366
5969,6386
5990,6406
6012,6425
6032,6444
6054,6464
6076,6484
6098,6504
6119,6525
6140,6545
6163,6564
6186,6585
6208,6605
6231,6627
6252,6647
6275,6668
6297,6690
6319,6711
6342,6732
6363,6753
6385,6775
6407,6798
6430,6819
6452,6840
6476,6862
6499,6883
6521,6905
6543,6925
6566,6947
6590,6969
6612,6990
6636,7013
6659,7035
6683,7058
6705,7079
6728,7103
6751,7125
6774,7149
6796,7171
6820,7193
6843,7215
6866,7238
6890,7261
6912,7283
6934,7306
6957,7329
6980,7351
7004,7374
7028,7397
7051,7419
7073,7440
7096,7461
7116,7482
7138,7503
7159,7525
7179,7546
7200,7566
7220,7587
7240,7608
7260,7629
7282,7649
7303,7671
7322,7690
7342,7710
7361,7731
7383,7751
7404,7772
7426,7793
7446,7813
7468,7833
7488,7853
7507,7873
7529,7893
7550,7914
7569,7935
7590,7955
7609,7976
7630,7998
7651,8018
7672,8039
7694,8061
7716,8081
7738,8104
7761,8126
7783,8148
7808,8171
7832,8195
7855,8218
7879,8242
7902,8267
7927,8290
7951,8314
7973,8337
7995,8360
8015,8384
8038,8409
8060,8433
8082,8457
8104,8481
8126,8504
8148,8527
8172,8550
8196,8574
8219,8597
8242,8622
8267,8645
8290,8669
8314,8693
8340,8718
8362,8741
8387,8766
8411,8790
8435,8815
8458,8840
8483,8865
8506,8891
8529,8916
8554,8941
8578,8967
8603,8993
8629,9018
8654,9044
8680,9070
8708,9096
8735,9121
8761,9149
8788,9175
8812,9202
8838,9228
8864,9254
8888,9278
8912,9304
8937,9328
8962,9356
8988,9380
9012,9407
9037,9432
9062,9457
9087,9482
9112,9507
9138,9532
9163,9557
9190,9581
9216,9606
9242,9631
9268,9656
9292,9680
9318,9704
9341,9727
9366,9752
9390,9776
9414,9799
9438,9823
9460,9847
9483,9871
9506,9894
9530,9918
9555,9943
9580,9966
9605,9989
9631,10012
9654,10037
9679,10062
9704,10086
9728,10111
9752,10134
9777,10157
9800,10181
9826,10205
9848,10228
9872,10251
9895,10274
9918,10296
9941,10320
9965,10343
9988,10365
10012,10387
10038,10412
10063,10435
10089,10461
10115,10485
10142,10509
10168,10534
10193,10560
10217,10584
10244,10609
10270,10634
10295,10659
10320,10684
10345,10708
10370,10733
10396,10759
10423,10786
10449,10813
10476,10839
10503,10865
10531,10891
10558,10918
10588,10944
10616,10970
10644,10996
10671,11021
10699,11047
10726,11073
10753,11100
10780,11127
10807,11155
10833,11181
10859,11208
10886,11235
10913,11262
10941,11288
10966,11315
10994,11341
11021,11366
11049,11393
11079,11420
11108,11446
11137,11474
11165,11500
11193,11526
11220,11553
11247,11580
11274,11607
11301,11634
11327,11662
11354,11690
11382,11716
11409,11743
11436,11768
11462,11796
11488,11822
11515,11847
11542,11872
11569,11897
11595,11923
11620,11946
11645,11971
11670,11993
11694,12017
11720,12040
11744,12061
11767,12084
11790,12105
11813,12127
11836,12148
11859,12168
11881,12191
11904,12213
11925,12234
11948,12256
11971,12277
11994,12298
12016,12319
12039,12339
12062,12361
12085,12382
12107,12404
12128,12425
12149,12447
12172,12469
12194,12491
12215,12512
12236,12533
12257,12555
12280,12576
12302,12598
12325,12620
12347,12643
12371,12667
12396,12691
12421,12714
12445,12736
12468,12757
12493,12780
12517,12803
12540,12825
12563,12846
12586,12869
12610,12891
12634,12913
12657,12935
12678,12958
12700,12980
12722,13002
12745,13024
12769,13045
12793,13066
12816,13088
12838,13109
12860,13131
12884,13152
12907,13173
12929,13195
12953,13217
12976,13237
12998,13259
13022,13280
13044,13302
13067,13323
13089,13345
13112,13369
13135,13390
13158,13412
13182,13433
13206,13455
13229,13477
13251,13498
13274,13519
13297,13541
13321,13564
13344,13585
13367,13605
13391,13626
13413,13648
13435,13670
13458,13689
13480,13708
13502,13729
13524,13750
13546,13771
13568,13792
13589,13812
13612,13833
13633,13854
13654,13873
13677,13892
13699,13912
13720,13932
13741,13952
13763,13972
13783,13991
13805,14010
13825,14029
13846,14048
13867,14067
13887,14085
13907,14104
13926,14123
13947,14142
13966,14160
13986,14179
14006,14199
14026,14218
14046,14236
14067,14254
14086,14272
14105,14290
14126,14309
14146,14328
14166,14347
14185,14365
14205,14384
14224,14402
14244,14420
14264,14439
14284,14458
14304,14475
14324,14492
14343,14510
14363,14528
14383,14547
14403,14566
14423,14585
14443,14605
14463,14624
14484,14644
14505,14663
14524,14683
14546,14702
14568,14723
14589,14742
14609,14763
14632,14783
14654,14803
14675,14825
14697,14845
14719,14865
14741,14886
14763,14907
14783,14928
14805,14949
14828,14969
14850,14991
14873,15013
14896,15036
14918,15059
14940,15081
14963,15103
14985,15125
15008,15147
15031,15169
15055,15190
15077,15213
15099,15235
15122,15257
15145,15280
15168,15302
15191,15325
15214,15348
15236,15371
15259,15393
15283,15415
15306,15440
15329,15463
15353,15485
15375,15509
15399,15530
15423,15552
15447,15575
15472,15599
15496,15623
15519,15647
15543,15670
15568,15694
15592,15718
15615,15741
15639,15764
15661,15788
15683,15813
15706,15836
15727,15858
15749,15880
15770,15900
15793,15922
15814,15944
15836,15967
15857,15990
15878,16010
15901,16031
15922,16051
15943,16073
15964,16094
15986,16115
16005,16137
16025,16158
16046,16178
16066,16199
16086,16219
16107,16240
16127,16260
16147,16281
16169,16302
16190,16323
16212,16346
16234,16368
16256,5
16278,27
16300,49
16323,71
16345,95
16368,116
6,138
29,161
51,184
76,210
98,233
120,259
143,283
166,307
189,331
214,357
238,381
263,406
287,431
311,456
336,480
361,504
385,528
409,553
432,578
457,602
480,627
504,652
525,678
550,702
574,727
600,751
626,775
649,799
673,824
698,849
723,874
749,899
776,924
802,950
827,976
853,1001
879,1027
904,1053
931,1078
955,1105
982,1133
1007,1159
1032,1186
1058,1212
1083,1237
1108,1262
1135,1287
1161,1313
1188,1339
1214,1365
1241,1392
1267,1417
1292,1442
1318,1467
1344,1493
1371,1519
1397,1545
1422,1570
1447,1594
1473,1619
1498,1646
1522,1671
1546,1696
1572,1720
1596,1744
1622,1768
1647,1792
1672,1817
1698,1842
1721,1866
1746,1889
1771,1913
1796,1936
1821,1958
1845,1982
1869,2006
1894,2029
1917,2054
1940,2077
1965,2102
1988,2125
2009,2148
2034,2172
2058,2194
2082,2218
2106,2242
2131,2265
2157,2289
2181,2313
2206,2336
2231,2360
2255,2382
2279,2406
2303,2428
2327,2451
2350,2475
2374,2499
2396,2524
2420,2547
2444,2572
2468,2595
2492,2619
2517,2643
2542,2666
2567,2691
2595,2715
2621,2741
2648,2767
2674,2793
2701,2817
2729,2843
2755,2869
2781,2895
2807,2922
2834,2948
2861,2975
2886,3001
2913,3027
2938,3054
2962,3079
2988,3105
3016,3131
3042,3155
3070,3181
3096,3207
3125,3235
3153,3260
3180,3286
3207,3311
3235,3336
3262,3363
3289,3390
3315,3416
3341,3442
3366,3469
3392,3495
3418,3520
3443,3545
3469,3572
3494,3598
3521,3623
3547,3649
3573,3675
3601,3701
3628,3726
3655,3753
3681,3779
3708,3805
3735,3830
3761,3854
3788,3879
3815,3903
3839,3927
3863,3952
3888,3975
3910,4000
3932,4023
3956,4045
3978,4068
4001,4091
4023,4113
4046,4136
4070,4156
4093,4177
4115,4198
4137,4219
4160,4240
4182,4260
4202,4282
4224,4302
4247,4322
4268,4343
4289,4366
4312,4386
4332,4407
4353,4427
4373,4448
4395,4468
4416,4489
4438,4510
4460,4530
4481,4550
4504,4571
4526,4592
4548,4613
4570,4634
4593,4654
4615,4675
4637,4696
4658,4718
4680,4739
4703,4761
4726,4781
4748,4803
4770,4824
4792,4845
4815,4865
4838,4886
4861,4908
4883,4930
4907,4952
4931,4974
4953,4994
4975,5015
4998,5036
5020,5057
5042,5078
5065,5098
5085,5119
5107,5139
5129,5160
5152,5182
5174,5202
5195,5223
5216,5243
5239,5264
5260,5286
5284,5306
5307,5327
5329,5348
5350,5368
5373,5389
5394,5411
5417,5432
5439,5452
5463,5473
5485,5492
5507,5513
5530,5533
5552,5554
5573,5575
5596,5595
5618,5616
5639,5637
5662,5657
5684,5678
5706,5698
5727,5718
5749,5737
5771,5757
5793,5777
5815,5797
5837,5817
5860,5838
5881,5856
5902,5876
5923,5895
5944,5915
5966,5934
5986,5953
6006,5972
6028,5990
6049,6009
6069,6027
6088,6045
6109,6064
6129,6081
6148,6101
6167,6119
6188,6136
6208,6154
6228,6172
6247,6189
6267,6208
6287,6226
6306,6243
6326,6261
6345,6279
6365,6296
6384,6314
6404,6332
6425,6351
6443,6369
6463,6388
6483,6405
6502,6422
6521,6439
6540,6457
6559,6474
6579,6491
6598,6510
6617,6528
6638,6547
6657,6565
6678,6584
6698,6602
6719,6620
6739,6638
6760,6657
6780,6676
6800,6695
6820,6715
6841,6734
6862,6754
6884,6773
6907,6794
6929,6813
6950,6833
6973,6853
6994,6874
7016,6894
7038,6917
7062,6939
7085,6960
7107,6982
7130,7002
7152,7023
7174,7045
7197,7065
7220,7086
7243,7108
7266,7130
7288,7153
7311,7175
7334,7198
7357,7221
7380,7243
7402,7265
7426,7287
7450,7308
7473,7330
7497,7352
7521,7375
7544,7397
7567,7420
7591,7441
7614,7464
7639,7486
7663,7508
7684,7532
7707,7556
7731,7579
7755,7602
7778,7624
7801,7649
7826,7673
7850,7696
7875,7718
7900,7741
7926,7764
7948,7787
7972,7809
7995,7832
8018,7855
8041,7877
8063,7899
8085,7922
8107,7943
8127,7965
8148,7987
8169,8007
8192,8027
8212,8048
8235,8068
8256,8088
8278,8108
8300,8129
8323,8149
8345,8170
8367,8190
8390,8211
8411,8231
8432,8252
8454,8275
8475,8296
8498,8318
8519,8340
8541,8361
8564,8384
8586,8406
8609,8428
8631,8449
8654,8471
8677,8494
8701,8516
8724,8539
8750,8562
8774,8585
8801,8609
8826,8632
8850,8654
8874,8678
8898,8703
8923,8727
8946,8752
8971,8775
8995,8800
9020,8825
9045,8850
9071,8874
9095,8897
9120,8920
9144,8946
9170,8972
9195,8995
9220,9020
9247,9044
9273,9066
9298,9091
9324,9115
9348,9140
9373,9164
9399,9188
9425,9214
9449,9239
9473,9264
9498,9291
9524,9316
9549,9341
9574,9365
9600,9391
9627,9415
9654,9440
9681,9466
9709,9492
9736,9518
9763,9545
9790,9569
9816,9595
9843,9621
9869,9646
9895,9671
9921,9697
9947,9723
9972,9749
9997,9775
10023,9800
10051,9826
10076,9850
10103,9875
10128,9901
10155,9926
10182,9951
10208,9976
10236,10001
10262,10026
10288,10051
10313,10075
10340,10098
10364,10122
10389,10147
10412,10172
10435,10195
10460,10220
10484,10243
10506,10267
10530,10290
10554,10314
10579,10338
10604,10362
10628,10385
10653,10408
10676,10431
10702,10454
10726,10478
10750,10501
10775,10524
10799,10547
10823,10571
10847,10595
10870,10618
10893,10642
10917,10666
10940,10688
10964,10712
10986,10735
11008,10760
11033,10782
11057,10804
11083,10828
11108,10851
11132,10875
11157,10899
11182,10923
11206,10947
11231,10970
11256,10993
11281,11017
11305,11043
11330,11067
11353,11093
11378,11118
11404,11144
11428,11170
11452,11196
11478,11222
11504,11248
11530,11272
11557,11297
11583,11323
11610,11350
11637,11377
11664,11403
11690,11430
11715,11456
11742,11483
11768,11509
11794,11535
11820,11561
11845,11586
11870,11614
11895,11640
11921,11665
11945,11690
11971,11717
11996,11743
12022,11769
12047,11794
12071,11821
12097,11846
12122,11873
12146,11899
12172,11924
12196,11951
12221,11977
12244,12002
12270,12027
12292,12051
12317,12076
12341,12099
12364,12124
12389,12148
12413,12173
12437,12197
12463,12222
12489,12247
12515,12272
12540,12296
12565,12320
12589,12344
12612,12368
12636,12391
12659,12414
12680,12436
12701,12459
12723,12480
12745,12502
12767,12523
12788,12544
12808,12565
12829,12587
12851,12607
12872,12628
12893,12649
12914,12670
12934,12691
12955,12713
12976,12732
12998,12751
13019,12771
13039,12791
13060,12811
13081,12831
13102,12851
13122,12873
13144,12896
13164,12917
13184,12939
13207,12960
13228,12980
13248,13000
13270,13020
13293,13039
13315,13060
13336,13082
13359,13103
13380,13124
13402,13145
13424,13168
13446,13189
13467,13213
13490,13234
13511,13256
13532,13277
13554,13298
13575,13319
13596,13340
13618,13362
13639,13382
13662,13403
13683,13423
13705,13445
13727,13465
13747,13486
13769,13507
13791,13526
13813,13547
13834,13567
13856,13587
13877,13609
13899,13629
13920,13650
13941,13670
13962,13690
13984,13711
14005,13730
14026,13751
14048,13771
14070,13792
14091,13814
14114,13835
14135,13856
14156,13875
14178,13896
14200,13917
14221,13939
14243,13958
14265,13979
14287,14000
14309,14021
14330,14041
14351,14061
14372,14082
14394,14101
14415,14120
14436,14138
14457,14159
14478,14178
14500,14198
14520,14218
14541,14239
14563,14258
14585,14277
14606,14296
14628,14315
14649,14334
14670,14353
14690,14372
14710,14392
14730,14410
14750,14429
14768,14448
14788,14468
14807,14486
14827,14504
14847,14522
14866,14540
14885,14558
14906,14576
14926,14595
14945,14613
14965,14632
14985,14650
15004,14668
15024,14687
15044,14706
15063,14724
15083,14743
15103,14761
15122,14780
15143,14798
15163,14817
15183,14837
15202,14856
15221,14874
15240,14893
15260,14911
15281,14930
15301,14949
15321,14968
15341,14986
15362,15005
15383,15025
15404,15045
15425,15064
15447,15083
15469,15104
15490,15124
15512,15147
15535,15167
15557,15187
15578,15209
15602,15230
15624,15251
15647,15273
15670,15295
15692,15316
15713,15340
15736,15363
15760,15385
15783,15405
15807,15427
15830,15450
15853,15472
15879,15495
15904,15517
15928,15540
15953,15563
15975,15585
15998,15609
16022,15634
16045,15656
16068,15680
16091,15701
16114,15724
16139,15748
16162,15772
16185,15794
16208,15818
16232,15840
16256,15863
16280,15888
16304,15912
16329,15936
16353,15960
16378,15983
18,16008
42,16031
66,16055
90,16078
115,16104
141,16129
165,16152
190,16176
213,16199
238,16222
262,16246
286,16269
312,16292
336,16315
360,16338
384,16361
409,0
434,22
457,43
480,64
501,85
524,107
546,129
568,150
590,173
611,194
633,215
654,239
678,261
701,284
724,306
747,330
771,351
795,374
820,395
844,418
868,440
891,464
915,488
939,509
963,532
986,556
1010,580
1032,605
1057,630
1081,653
1106,677
1131,702
1155,726
1180,751
1206,775
1232,801
1259,827
1285,851
1311,875
1338,901
1365,926
1390,952
1416,976
1442,1002
1466,1028
1492,1053
1517,1077
1542,1103
1567,1128
1593,1152
1618,1177
1643,1202
1669,1226
1695,1251
1721,1276
1747,1301
1774,1326
1800,1352
1827,1377
1854,1403
1880,1428
1907,1453
1933,1479
1958,1505
1983,1531
2008,1557
2034,1584
2060,1611
2086,1637
2112,1664
2140,1689
2168,1715
2194,1740
2222,1766
2251,1791
2278,1817
2305,1843
2330,1869
2357,1895
2383,1922
2409,1946
2435,1973
2460,1998
2484,2023
2510,2047
2536,2072
2560,2097
2586,2123
2613,2149
2637,2173
2663,2198
2688,2223
2714,2248
2740,2273
2766,2296
2791,2321
2817,2347
2842,2371
2866,2394
2890,2418
2913,2440
2936,2463
2958,2487
2981,2510
3005,2535
3027,2556
3050,2579
3074,2603
3098,2628
3122,2653
3146,2675
3170,2698
3195,2722
3218,2746
3242,2770
3267,2793
3290,2816
3314,2839
3337,2862
3358,2884
3381,2908
3403,2930
3425,2954
3448,2978
3469,3001
3492,3025
3516,3048
3540,3072
3564,3097
3590,3121
3615,3146
3640,3170
3663,3194
3689,3220
3714,3245
3738,3269
3763,3294
3788,3319
3813,3344
3836,3372
3860,3397
3884,3422
3908,3447
3932,3473
3956,3498
3980,3525
4004,3550
4030,3575
4054,3600
4079,3626
4105,3651
4130,3676
4155,3701
4179,3728
4205,3754
4229,3778
4253,3804
4276,3829
4300,3854
4324,3879
4348,3901
4373,3924
4396,3948
4421,3972
4446,3996
4470,4021
4495,4045
4521,4069
4545,4092
4570,4115
4594,4141
4618,4165
4642,4188
4666,4212
4690,4238
4716,4263
4739,4288
4763,4312
4786,4335
4809,4359
4833,4382
4856,4405
4878,4428
4900,4449
4922,4471
4945,4493
4967,4515
4989,4537
5010,4558
5031,4578
5054,4599
5075,4621
5096,4640
5117,4660
5137,4679
5157,4700
5178,4719
5198,4739
5217,4758
5237,4779
5257,4798
5276,4817
5296,4836
5315,4856
5336,4876
5358,4896
5378,4915
5399,4935
5419,4955
5440,4975
5460,4993
5482,5013
5503,5034
5523,5055
5543,5076
5563,5095
5583,5114
5604,5135
5627,5157
5649,5177
5672,5196
5694,5218
5716,5238
5737,5257
5757,5277
5778,5297
5801,5318
5822,5339
5845,5360
5866,5381
5888,5401
5909,5421
5930,5442
5952,5462
5973,5481
5993,5501
6016,5521
6036,5540
6057,5560
6076,5580
6098,5600
6120,5618
6142,5636
6163,5655
6185,5675
6206,5693
6227,5712
6248,5732
6270,5753
6292,5773
6314,5793
6335,5813
6355,5833
6377,5853
6400,5873
6421,5893
6443,5913
6465,5932
6487,5952
6507,5974
6529,5994
6550,6013
6571,6032
6592,6053
6614,6072
6636,6091
6657,6110
6679,6129
6701,6150
6722,6169
6744,6188
6765,6209
6788,6227
6808,6245
6830,6265
6851,6283
6873,6303
6895,6324
6916,6343
6935,6361
6956,6380
6976,6398
6996,6417
7017,6435
7039,6454
7059,6472
7079,6490
7099,6508
7120,6527
7141,6545
7162,6562
7181,6580
7202,6598
7222,6617
7243,6634
7262,6652
7282,6670
7302,6688
7321,6707
7342,6724
7363,6743
7383,6761
7404,6780
7425,6798
7445,6818
7466,6836
7487,6853
7508,6871
7528,6889
7550,6908
7571,6926
7593,6944
7614,6963
7635,6982
7655,7001
7676,7021
7697,7041
7717,7060
7739,7080
7761,7100
7783,7120
7806,7142
7831,7163
7854,7183
7878,7205
7901,7226
7925,7247
7949,7268
7973,7290
7995,7312
8018,7334
8041,7355
8062,7377
8086,7401
8110,7422
8132,7446
8156,7468
8181,7491
8205,7513
8231,7535
8253,7558
8277,7581
8300,7603
8325,7625
8351,7648
8376,7669
8401,7693
8427,7716
8452,7738
8477,7761
8501,7785
8525,7809
8548,7831
8574,7854
8598,7877
8623,7901
8647,7925
8673,7948
8697,7970
8723,7993
8749,8016
8774,8038
8801,8062
8827,8085
8854,8109
8881,8134
8907,8158
8934,8182
8959,8205
8985,8228
9010,8252
9035,8275
9059,8298
9084,8320
9107,8343
9130,8364
9153,8386
9176,8409
9200,8430
9224,8451
9247,8474
9272,8495
9296,8516
9321,8538
9345,8559
9369,8580
9392,8601
9415,8623
9437,8645
9460,8668
9482,8690
9504,8712
9529,8735
9552,8758
9576,8781
9601,8803
9624,8827
9649,8850
9675,8873
9701,8897
9728,8920
9753,8943
9779,8967
9803,8991
9828,9015
9854,9039
9880,9063
9907,9088
9934,9113
9959,9139
9984,9164
10011,9189
10037,9214
10063,9242
10089,9268
10116,9293
10143,9318
10170,9343
10197,9367
10225,9392
10251,9416
10279,9442
10303,9468
10330,9493
10357,9518
10383,9542
10407,9567
10432,9591
10457,9616
10481,9641
10506,9666
10530,9691
10556,9717
10581,9742
10608,9767
10635,9793
10662,9819
10690,9844
10717,9869
10744,9896
10771,9922
10800,9950
10827,9977
10853,10003
10879,10030
10905,10057
10931,10085
10957,10111
10983,10137
11008,10163
11033,10188
11058,10214
11084,10239
11111,10265
11137,10290
11164,10315
11190,10341
11216,10367
11243,10393
11270,10417
11296,10442
11321,10467
11346,10493
11370,10517
11394,10542
11420,10566
11444,10591
11467,10616
11492,10642
11516,10666
11539,10691
11562,10716
11585,10739
11609,10763
11632,10785
11657,10809
11682,10832
11705,10855
11728,10878
11751,10901
11774,10923
11797,10948
11820,10972
11842,10995
11864,11018
11886,11041
11908,11064
11929,11087
11949,11110
11971,11135
11994,11158
12017,11181
12039,11205
12062,11227
12084,11249
12107,11273
12129,11296
12150,11318
12170,11342
12193,11365
12215,11388
12236,11411
12258,11436
12280,11458
12302,11481
12325,11505
12347,11529
12371,11554
12393,11579
12416,11604
12439,11630
12463,11656
12486,11681
12510,11707
12534,11732
12559,11758
12583,11783
12607,11809
12632,11833
12656,11858
12679,11883
12702,11908
12726,11932
12750,11958
12773,11983
12797,12007
12819,12031
12841,12056
12864,12080
12888,12105
12913,12128
12936,12151
12960,12176
12984,12200
13007,12224
13030,12246
13053,12270
13076,12294
13099,12318
13122,12342
13144,12366
13167,12390
13189,12413
13212,12438
13235,12462
13258,12485
13281,12510
13304,12533
13326,12555
13348,12579
13371,12602
13394,12625
13417,12648
13440,12670
13462,12694
13485,12716
13506,12741
13529,12763
13551,12786
13572,12808
13593,12831
13615,12852
13634,12874
13655,12895
13676,12915
13697,12936
13717,12956
13736,12976
13756,12995
13776,13014
13795,13034
13815,13053
13834,13073
13854,13092
13874,13112
13893,13132
13913,13151
13932,13171
13951,13189
13971,13209
13990,13228
14009,13247
14029,13266
14049,13285
14069,13305
14090,13325
14110,13345
14130,13366
14151,13387
14171,13406
14191,13426
14210,13447
14231,13466
14252,13486
14274,13507
14295,13526
14317,13547
14339,13568
14360,13589
14382,13609
14403,13630
14422,13650
14443,13670
14464,13690
14484,13710
14506,13731
14527,13751
14548,13770
14568,13789
14589,13810
14609,13829
14631,13848
14651,13868
14671,13887
14692,13907
14713,13926
14734,13945
14755,13964
14775,13983
14796,14004
14817,14023
14839,14042
14859,14062
14881,14081
14902,14101
14923,14121
14945,14141
14966,14162
14988,14181
15010,14202
15032,14222
15054,14242
15076,14263
15098,14283
15121,14304
15143,14323
15165,14344
15185,14363
15208,14383
15230,14403
15250,14422
15271,14442
15293,14460
15315,14480
15336,14500
15357,14520
15378,14541
15400,14560
15422,14579
15444,14599
15466,14618
15488,14638
15509,14657
15532,14675
15552,14695
15574,14715
15595,14735
15616,14753
15637,14772
15658,14791
15678,14810
15700,14829
15720,14848
15741,14866
15761,14886
15782,14904
15802,14923
15823,14941
15844,14959
15865,14978
15887,14997
15909,15017
15930,15036
15950,15056
15972,15075
15993,15094
16014,15114
16036,15133
16057,15152
16079,15171
16100,15191
16121,15210
16141,15230
16161,15250
16182,15269
16205,15289
16227,15309
16249,15329
16271,15351
16293,15370
16316,15391
16339,15411
16361,15433
1,15454
22,15475
46,15497
68,15519
92,15542
115,15564
139,15585
163,15608
186,15631
211,15654
236,15677
261,15700
287,15724
313,15747
341,15771
366,15794
392,15817
419,15842
445,15867
471,15891
496,15915
522,15940
547,15964
573,15987
598,16011
622,16036
648,16060
675,16084
701,16109
727,16133
753,16157
780,16182
806,16205
833,16229
859,16252
887,16275
914,16299
941,16323
968,16347
993,16372
1019,13
1046,38
1071,63
1096,88
1121,112
1148,138
1176,164
1203,188
1229,214
1257,238
1284,262
1310,286
1336,310
1363,333
1389,356
1415,379
1441,403
1466,427
1490,450
1514,473
1538,496
1560,520
1584,544
1607,565
1631,588
1655,609
1679,632
1702,656
1727,678
1751,702
1776,724
1801,747
1827,771
1853,794
1878,817
1903,841
1927,864
1951,889
1975,912
2000,936
2024,961
2049,985
2073,1009
2097,1034
2123,1059
2148,1084
2173,1109
2200,1135
2226,1160
2254,1186
2282,1212
2309,1238
2335,1265
2362,1290
2389,1315
2416,1341
2441,1366
2466,1392
2491,1417
2517,1442
2543,1467
2568,1495
2594,1520
2619,1546
2644,1571
2668,1596
2695,1622
2722,1647
2749,1671
2774,1696
2801,1721
2826,1746
2853,1771
2878,1797
2904,1822
2930,1847
2955,1873
2979,1899
3004,1925
3029,1950
3055,1978
3081,2005
3108,2031
3135,2058
3162,2084
3187,2110
3214,2137
3240,2162
3268,2189
3293,2216
3319,2242
3346,2269
3372,2296
3395,2321
3420,2346
3443,2372
3470,2397
3496,2422
3520,2448
3544,2473
3568,2497
3592,2522
3617,2547
3641,2573
3666,2598
3690,2622
3714,2647
3738,2673
3763,2697
3786,2721
3810,2745
3833,2770
3856,2792
3880,2817
3901,2842
3921,2866
3943,2891
3963,2914
3983,2937
4004,2960
4026,2982
4048,3006
4070,3028
4092,3050
4113,3072
4136,3095
4158,3120
4179,3143
4201,3165
4223,3188
4245,3212
4267,3235
4288,3260
4309,3283
4331,3307
4353,3330
4375,3353
4397,3375
4418,3399
4440,3421
4461,3443
4482,3465
4505,3488
4526,3511
4548,3533
4571,3557
4594,3581
4617,3604
4639,3627
4661,3650
4683,3673
4705,3699
4728,3723
4750,3748
4773,3772
4796,3797
4819,3823
4843,3846
4865,3871
4889,3894
4913,3918
4936,3941
4960,3965
4983,3989
5006,4014
5030,4037
5054,4062
5077,4084
5100,4108
5122,4131
5144,4155
5166,4179
5188,4203
5210,4227
5234,4251
5256,4275
5280,4299
5301,4323
5323,4346
5346,4368
5369,4393
5392,4416
5415,4439
5437,4462
5460,4485
5481,4507
5503,4531
5526,4552
5548,4575
5569,4598
5592,4619
5614,4642
5637,4666
5659,4687
5682,4710
5703,4733
5724,4754
5746,4776
5768,4798
5789,4820
5810,4841
5831,4861
5853,4881
5873,4901
5893,4921
5913,4941
5933,4962
5952,4982
5972,5001
5991,5019
6011,5037
6031,5056
6051,5074
6069,5093
6088,5112
6107,5131
6127,5150
6146,5168
6165,5186
6185,5205
6204,5224
6224,5243
6244,5262
6265,5280
6285,5300
6305,5318
6326,5338
6347,5357
6367,5376
6387,5394
6407,5413
6427,5432
6448,5451
6469,5471
6490,5490
6509,5510
6530,5530
6550,5550
6571,5568
6591,5589
6612,5608
6634,5628
6656,5648
6677,5667
6699,5687
6720,5707
6742,5725
6763,5745
6785,5765
6806,5783
6827,5803
6848,5821
6869,5840
6889,5859
6910,5879
6932,5898
6953,5916
6973,5936
6994,5954
7015,5973
7037,5992
7059,6011
7082,6030
7104,6049
7126,6069
7148,6088
7170,6107
7192,6127
7213,6146
7235,6165
7258,6185
7280,6205
7302,6225
7324,6246
7345,6267
7366,6286
7390,6306
7413,6326
7434,6345
7456,6364
7481,6384
7503,6403
7527,6422
7549,6441
7573,6461
7596,6480
7618,6500
7640,6520
7662,6540
7686,6559
7708,6578
7730,6597
7752,6616
7774,6636
7794,6655
7817,6675
7838,6693
7860,6713
7882,6732
7905,6752
7927,6770
7950,6790
7973,6808
7994,6828
8016,6846
8038,6865
8059,6884
8079,6902
8099,6921
8120,6939
8140,6958
8162,6978
8184,6997
8204,7015
8226,7036
8247,7054
8269,7072
8291,7091
8315,7111
8337,7130
8361,7150
8386,7169
8409,7190
8431,7208
8454,7228
8476,7247
8498,7267
8521,7287
8543,7308
8565,7329
8590,7349
8612,7370
8634,7390
8659,7410
8684,7430
8707,7451
8732,7472
8756,7494
8782,7515
8809,7536
8834,7559
8860,7582
8885,7604
8912,7627
8938,7651
8964,7675
8988,7697
9013,7720
9039,7743
9065,7766
9090,7790
9116,7814
9144,7838
9171,7861
9198,7884
9226,7908
9252,7932
9280,7955
9307,7978
9333,8001
9360,8024
9388,8047
9415,8069
9441,8094
9468,8118
9494,8143
9520,8167
9546,8192
9572,8216
9599,8240
9625,8264
9652,8288
9679,8313
9705,8337
9731,8361
9758,8387
9787,8410
9814,8434
9842,8459
9869,8484
9896,8508
9922,8531
9950,8556
9975,8581
10001,8605
10028,8629
10054,8653
10080,8677
10106,8702
10132,8726
10157,8749
10183,8773
10209,8797
10235,8820
10259,8843
10285,8865
10310,8887
10333,8909
10358,8932
10382,8954
10406,8977
10430,8999
10455,9021
10479,9044
10502,9066
10526,9089
10548,9112
10572,9133
10597,9156
10622,9178
10647,9204
10672,9228
10698,9252
10724,9275
10750,9299
10776,9322
10802,9348
10827,9372
10853,9396
10878,9422
10902,9446
10928,9471
10952,9496
10977,9521
11001,9545
11027,9569
11053,9595
11080,9621
11105,9648
11131,9674
11158,9699
11185,9724
11211,9752
11237,9778
11264,9802
11289,9829
11316,9855
11339,9880
11365,9905
11389,9930
11413,9956
11437,9981
11462,10005
11486,10030
11510,10055
11536,10081
11562,10107
11587,10131
11612,10155
11637,10183
11663,10210
11688,10236
11713,10261
11739,10287
11764,10313
11788,10339
11813,10366
11838,10392
11862,10419
11887,10445
11913,10473
11938,10498
11962,10525
11986,10551
12010,10578
12034,10604
12058,10630
12083,10655
12107,10680
12130,10707
12154,10732
12179,10757
12203,10782
12226,10808
12250,10834
12273,10859
12295,10885
12319,10910
12341,10936
12364,10961
12386,10986
12410,11012
12432,11036
12455,11062
12478,11086
12502,11111
12525,11136
12549,11160
12572,11184
12594,11210
12617,11234
12639,11256
12660,11278
12681,11302
12701,11325
12723,11349
12743,11372
12763,11395
12784,11418
12806,11442
12827,11466
12848,11489
12870,11513
12892,11536
12912,11559
12934,11582
12957,11605
12977,11628
12998,11651
13019,11674
13040,11698
13062,11722
13084,11746
13106,11769
13127,11792
13148,11816
13169,11840
13190,11864
13211,11888
13232,11912
13254,11935
13275,11960
13296,11984
13320,12008
13343,12032
13366,12056
13389,12080
13412,12103
13436,12128
13459,12153
13482,12176
13504,12200
13527,12226
13550,12250
13572,12275
13595,12299
13617,12323
13640,12346
13663,12369
13684,12394
13707,12420
13731,12445
13754,12469
13775,12493
13799,12517
13821,12542
13845,12566
13869,12591
13892,12614
13914,12638
13936,12663
13958,12687
13980,12711
14001,12734
14023,12757
14045,12780
14067,12804
14089,12828
14112,12851
14134,12874
14156,12896
14178,12920
14201,12942
14223,12966
14245,12989
14269,13010
14291,13032
14313,13056
14336,13079
14359,13102
14381,13124
14401,13145
14422,13168
14443,13189
14464,13211
14486,13232
14506,13253
14526,13274
14547,13294
14567,13313
14587,13333
14607,13354
14627,13374
14647,13393
14667,13413
14687,13432
14708,13450
14728,13469
14748,13487
14767,13507
14788,13526
14809,13546
14829,13567
14849,13585
14869,13605
14890,13625
14911,13643
14931,13662
14953,13682
14975,13703
14996,13722
15017,13743
15040,13763
15062,13783
15084,13803
15105,13822
15126,13843
15148,13863
15169,13883
15192,13903
15214,13924
15237,13945
15258,13966
15281,13987
15302,14007
15325,14027
15347,14047
15368,14068
15390,14089
15413,14109
15435,14129
15457,14149
15480,14169
15503,14189
15526,14209
15548,14229
15570,14249
15592,14267
15614,14287
15636,14307
15658,14325
15679,14345
15702,14364
15725,14384
15747,14405
15769,14424
15792,14445
15815,14466
15838,14487
15861,14508
15885,14527
15909,14547
15933,14568
15957,14589
15981,14609
16004,14630
16029,14651
16053,14672
16076,14693
16100,14714
16123,14735
16147,14755
16168,14776
16190,14795
16212,14816
16234,14838
16257,14858
16281,14878
16304,14898
16329,14918
16353,14939
16377,14960
16,14980
40,15002
63,15021
86,15042
110,15063
132,15084
154,15105
177,15125
199,15145
222,15165
245,15185
269,15205
291,15224
315,15243
337,15263
360,15283
383,15302
406,15322
428,15342
451,15361
475,15381
497,15401
518,15420
539,15440
562,15461
585,15481
608,15501
630,15521
654,15541
676,15562
701,15583
725,15604
750,15625
774,15647
798,15668
824,15689
849,15709
874,15731
898,15753
923,15774
950,15796
975,15819
1000,15841
1025,15863
1049,15886
1074,15910
1100,15932
1126,15956
1153,15980
1179,16003
1205,16027
1232,16050
1259,16074
1287,16099
1315,16122
1343,16146
1370,16171
1398,16195
1425,16219
1454,16243
1480,16268
1507,16292
1533,16315
1561,16340
1586,16367
1612,8
1638,33
1664,57
1691,82
1719,106
1748,132
1775,156
1805,181
1833,206
1861,231
1889,255
1915,280
1942,306
1968,331
1995,355
2020,380
2047,406
2074,430
2101,456
2127,482
2153,506
2181,531
2209,556
2236,583
2263,609
2291,635
2319,660
2348,686
2376,711
2403,737
2429,761
2455,786
2481,812
2506,836
2530,860
2555,884
2579,907
2604,931
2628,956
2652,979
2676,1002
2700,1025
2724,1047
2748,1071
2773,1094
2798,1118
2822,1142
2847,1166
2872,1190
2896,1214
2919,1238
2944,1262
2969,1286
2994,1312
3017,1337
3041,1361
3064,1385
3089,1409
3112,1434
3136,1459
3162,1484
3187,1509
3213,1534
3239,1559
3264,1585
3289,1610
3315,1635
3338,1660
3364,1686
3389,1713
3415,1739
3440,1765
3465,1791
3489,1817
3513,1843
3538,1869
3563,1894
3587,1921
3611,1947
3636,1973
3661,1998
3685,2022
3711,2048
3737,2074
3761,2099
3785,2125
3809,2149
3833,2176
3857,2201
3878,2225
3900,2250
3922,2276
3944,2302
3966,2329
3989,2355
4012,2380
4036,2407
4060,2432
4084,2457
4108,2482
4133,2508
4157,2533
4181,2560
4206,2586
4230,2612
4255,2637
4278,2662
4302,2690
4325,2715
4349,2742
4372,2767
4395,2792
4419,2818
4442,2844
4464,2871
4487,2895
4511,2919
4534,2943
4557,2968
4581,2993
4602,3018
4626,3044
4650,3070
4671,3094
4694,3119
4717,3144
4738,3168
4759,3194
4781,3218
4803,3241
4824,3265
4845,3289
4867,3313
4888,3336
4910,3359
4930,3382
4951,3405
4972,3426
4993,3448
5014,3471
5035,3492
5056,3515
5076,3539
5096,3562
5117,3585
5138,3607
5157,3628
5179,3651
5198,3673
5219,3695
5241,3719
5261,3742
5281,3764
5302,3787
5324,3809
5345,3832
5367,3855
5388,3879
5408,3901
5429,3924
5451,3945
5471,3967
5492,3989
5514,4011
5535,4034
5557,4055
5578,4077
5599,4101
5621,4126
5642,4150
5664,4173
5686,4197
5708,4221
5730,4243
5752,4266
5773,4290
5795,4314
5817,4338
5840,4361
5863,4384
5885,4406
5906,4430
5929,4452
5950,4475
5971,4499
5993,4522
6014,4544
6036,4565
6058,4589
6080,4611
6102,4633
6122,4654
6143,4677
6164,4700
6186,4721
6208,4744
6230,4766
6251,4788
6274,4809
6296,4831
6317,4853
6338,4875
6361,4896
6381,4918
6404,4940
6426,4961
6446,4982
6468,5003
6489,5023
6509,5043
6530,5065
6552,5087
6573,5109
6594,5130
6616,5150
6638,5170
6660,5190
6682,5210
6704,5230
6725,5251
6745,5271
6766,5290
6787,5309
6806,5328
6826,5345
6846,5363
6866,5381
6886,5399
6905,5417
6924,5434
6943,5452
6962,5470
6981,5488
7000,5505
7020,5523
7041,5541
7061,5560
7081,5577
7101,5595
7121,5614
7142,5632
7163,5651
7183,5670
7204,5689
7225,5707
7247,5724
7269,5743
7291,5762
7311,5781
7333,5800
7354,5819
7376,5838
7398,5856
7419,5874
7440,5894
7463,5912
7486,5931
7508,5951
7530,5970
7553,5991
7577,6010
7599,6028
7622,6048
7645,6068
7667,6088
7689,6108
7713,6127
7735,6146
7757,6165
7778,6184
7800,6203
7822,6222
7844,6241
7867,6260
7889,6279
7912,6299
7936,6318
7958,6336
7981,6355
8004,6374
8026,6394
8048,6413
8070,6432
8091,6452
8113,6472
8137,6492
8161,6513
8184,6532
8208,6552
8231,6571
8255,6591
8279,6611
8303,6631
8328,6652
8353,6672
8378,6693
8402,6714
8427,6733
8452,6754
8476,6774
8500,6794
8524,6816
8549,6836
8572,6856
8595,6876
8617,6896
8640,6916
8664,6936
8689,6956
8713,6976
8738,6996
8762,7016
8788,7036
8812,7055
8838,7077
8863,7096
8888,7115
8912,7135
8936,7157
8960,7177
8985,7196
9009,7217
9032,7237
9055,7258
9077,7278
9100,7297
9122,7316
9145,7337
9168,7357
9192,7375
9217,7395
9243,7415
9267,7435
9291,7455
9316,7474
9339,7495
9364,7515
9389,7536
9413,7556
9437,7576
9460,7598
9484,7619
9508,7640
9532,7661
9557,7682
9581,7704
9606,7725
9633,7746
9660,7769
9686,7791
9712,7812
9740,7834
9766,7856
9792,7880
9820,7903
9846,7926
9871,7948
9898,7970
9925,7993
9952,8017
9978,8039
10004,8063
10030,8086
10058,8113
10084,8137
10111,8162
10139,8185
10165,8209
10193,8234
10222,8258
10250,8283
10277,8307
10304,8330
10331,8355
10358,8379
10386,8405
10413,8429
10438,8452
10465,8476
10492,8501
10517,8525
10543,8548
10568,8572
10593,8596
10621,8621
10646,8646
10673,8670
10699,8695
10726,8721
10753,8746
10779,8770
10808,8795
10834,8820
10861,8845
10887,8869
10915,8894
10941,8919
10967,8944
10993,8970
11018,8994
11043,9019
11067,9044
11094,9069
11119,9093
11145,9117
11171,9142
11195,9167
11221,9192
11246,9216
11272,9240
11295,9263
11320,9286
11344,9308
11367,9330
11390,9352
11414,9375
11436,9398
11458,9422
11480,9445
11502,9467
11525,9490
11546,9513
11569,9536
11591,9559
11617,9582
11641,9605
11664,9629
11688,9652
11712,9675
11734,9700
11759,9725
11784,9749
11807,9774
11830,9796
11854,9821
11877,9845
11900,9870
11923,9894
11946,9919
11968,9943
11991,9969
12013,9995
12038,10020
12061,10044
12087,10069
12110,10095
12134,10121
12157,10147
12180,10173
12205,10199
12227,10225
12249,10249
12273,10276
12297,10302
12319,10327
12342,10351
12364,10377
12387,10401
12411,10426
12432,10451
12456,10476
12477,10501
12500,10525
12523,10551
12546,10576
12569,10601
12592,10625
12615,10648
12638,10673
12661,10698
12683,10723
12706,10749
12728,10775
12750,10801
12773,10826
12795,10852
12817,10878
12840,10903
12863,10928
12885,10955
12908,10981
12930,11008
12953,11033
12975,11059
13000,11085
13022,11110
13045,11135
13069,11160
13092,11185
13115,11210
13138,11236
13158,11260
13179,11284
13200,11310
13222,11333
13243,11357
13264,11381
13285,11406
13306,11430
13328,11455
13349,11479
13371,11503
13393,11528
13416,11552
13436,11575
13457,11599
13479,11622
13500,11646
13522,11669
13542,11693
13562,11716
13582,11739
13602,11760
13622,11785
13642,11809
13662,11831
13682,11854
13703,11876
13722,11897
13743,11918
13764,11940
13783,11963
13804,11985
13823,12006
13843,12030
13864,12052
13884,12074
13905,12096
13925,12119
13945,12141
13966,12162
13986,12186
14006,12207
14026,12230
14047,12253
14066,12276
14087,12298
14108,12321
14129,12343
14151,12366
14172,12390
14194,12413
14215,12435
14237,12459
14259,12482
14280,12507
14303,12530
14325,12554
14348,12579
14370,12603
14392,12626
14414,12649
14436,12673
14457,12697
14478,12719
14500,12742
14523,12766
14545,12789
14566,12811
14587,12834
14609,12858
14631,12882
14652,12904
14674,12926
14697,12948
14718,12970
14739,12992
14760,13014
14781,13035
14803,13056
14825,13077
14847,13098
14867,13120
14890,13141
14910,13163
14932,13184
14953,13205
14975,13225
14996,13246
15018,13266
15039,13288
15061,13309
15083,13330
15106,13351
15127,13372
15149,13392
15170,13414
15193,13435
15214,13456
15236,13477
15257,13498
15278,13519
15301,13539
15322,13559
15343,13579
15363,13600
15384,13620
15406,13639
15426,13658
15445,13678
15466,13696
15487,13714
15507,13732
15527,13750
15548,13768
15569,13786
15589,13804
15610,13822
15630,13840
15650,13858
15671,13876
15692,13894
15713,13912
15732,13931
15752,13950
15773,13969
15796,13988
15817,14006
15838,14025
15860,14044
15881,14063
15903,14081
15925,14101
15950,14120
15973,14140
15995,14159
16017,14179
16039,14198
16062,14218
16084,14238
16107,14257
16128,14277
16151,14297
16174,14317
16195,14336
16219,14356
16242,14377
16265,14396
16287,14415
16310,14435
16332,14454
16356,14472
16379,14492
19,14510
42,14530
64,14550
86,14569
108,14589
130,14608
151,14628
173,14647
196,14666
219,14684
241,14704
264,14722
288,14742
311,14762
336,14781
360,14800
384,14823
409,14842
434,14863
459,14883
484,14903
509,14922
534,14944
558,14965
582,14986
607,15006
631,15028
656,15048
680,15068
704,15087
727,15108
751,15129
776,15149
801,15169
827,15189
852,15209
877,15230
903,15250
929,15272
953,15294
978,15313
1003,15334
1028,15355
1053,15376
1076,15397
1099,15418
1123,15437
1147,15458
1172,15477
1196,15498
1219,15519
1244,15540
1269,15560
1294,15581
1320,15602
1343,15622
1369,15642
1392,15662
1416,15683
1440,15702
1464,15723
1487,15743
1510,15763
1534,15784
1557,15804
1580,15824
1603,15845
1626,15866
1651,15888
1675,15908
1700,15930
1724,15951
1750,15972
1775,15994
1802,16015
1827,16038
1853,16060
1879,16081
1905,16104
1930,16126
1956,16148
1982,16171
2006,16193
2032,16216
2057,16238
2082,16260
2107,16283
2132,16307
2158,16329
2184,16353
2211,16377
2239,17
2267,42
2296,66
2324,92
2352,117
2381,141
2406,165
2434,190
2460,216
2488,241
2513,266
2540,291
2566,316
2592,342
2619,368
2645,393
2672,418
2699,443
2726,470
2754,495
2781,520
2808,547
2835,573
2861,598
2888,623
2914,649
2940,672
2966,696
2991,720
3017,745
3042,770
3067,796
3091,823
3116,849
3141,874
3168,900
3194,926
3221,951
3248,976
3274,1001
3300,1027
3326,1052
3351,1077
3377,1104
3403,1129
3427,1155
3450,1180
3475,1205
3500,1231
3524,1258
3550,1282
3574,1306
3598,1330
3620,1354
3643,1379
3666,1404
3688,1426
3712,1449
3736,1471
3759,1496
3782,1520
3804,1544
3826,1567
3847,1591
3869,1615
3890,1640
3912,1664
3934,1688
3956,1713
3977,1737
3999,1760
4022,1785
4043,1810
4067,1835
4091,1859
4113,1884
4137,1908
4160,1934
4183,1959
4207,1983
4231,2009
4256,2036
4279,2063
4302,2089
4325,2115
4348,2140
4370,2166
4393,2193
4416,2219
4440,2245
4462,2271
4485,2297
4508,2323
4532,2348
4555,2373
4578,2397
4602,2423
4626,2448
4648,2472
4670,2496
4690,2521
4712,2544
4734,2569
4755,2594
4777,2620
4798,2644
4819,2669
4840,2693
4860,2718
4882,2742
4905,2768
4928,2793
4950,2818
4972,2843
4995,2867
5017,2893
5040,2919
5063,2943
5086,2970
5107,2995
5129,3021
5150,3047
5174,3073
5195,3097
5216,3122
5239,3147
5260,3172
5282,3198
5304,3222
5325,3247
5345,3272
5367,3296
5388,3319
5411,3343
5431,3367
5452,3390
5474,3415
5495,3438
5518,3462
5540,3485
5560,3509
5581,3533
5602,3557
5623,3581
5643,3603
5663,3627
5683,3652
5703,3674
5723,3695
5742,3717
5762,3739
5782,3761
5802,3783
5822,3806
5842,3828
5861,3850
5881,3871
5900,3892
5921,3913
5941,3933
5960,3954
5980,3976
6000,3999
6020,4019
6038,4040
6057,4062
6078,4082
6097,4104
6117,4125
6137,4147
6158,4169
6178,4191
6200,4212
6220,4234
6241,4255
6262,4277
6283,4299
6305,4322
6327,4345
6348,4367
6369,4390
6390,4413
6411,4436
6432,4460
6452,4483
6473,4505
6494,4527
6516,4549
6539,4572
6562,4595
6584,4617
6607,4640
6629,4662
6652,4685
6675,4709
6698,4732
6720,4755
6744,4778
6766,4801
6788,4824
6809,4846
6831,4867
6854,4890
6876,4911
6899,4934
6921,4956
6943,4978
6965,5000
6987,5020
7008,5042
7030,5062
7052,5083
7075,5103
7097,5124
7120,5147
7141,5168
7164,5189
7188,5209
7209,5229
7232,5249
7254,5270
7276,5291
7298,5311
7320,5331
7342,5352
7362,5371
7384,5392
7406,5413
7428,5433
7451,5453
7474,5473
7498,5493
7521,5512
7544,5532
7568,5552
7591,5572
7614,5592
7636,5610
7659,5629
7679,5649
7702,5668
7723,5686
7742,5705
7762,5722
7783,5742
7805,5760
7825,5778
7847,5797
7867,5815
7887,5833
7908,5851
7931,5870
7953,5888
7976,5905
7998,5924
8019,5943
8041,5960
8063,5978
8085,5997
8108,6016
8130,6035
8152,6054
8174,6073
8196,6092
8220,6111
8244,6131
8267,6150
8291,6170
8314,6189
8340,6208
8365,6227
8389,6247
8413,6268
8437,6286
8462,6306
8487,6325
8512,6345
8536,6364
8560,6384
8584,6403
8608,6423
8631,6443
8655,6463
8679,6483
8702,6502
8726,6522
8749,6541
8773,6559
8798,6579
8823,6598
8848,6618
8874,6637
8898,6655
8921,6674
8946,6694
8968,6714
8993,6734
9018,6753
9042,6773
9068,6793
9092,6813
9119,6832
9144,6852
9169,6873
9194,6893
9220,6913
9246,6935
9273,6955
9299,6975
9324,6996
9351,7017
9376,7038
9401,7059
9428,7080
9452,7100
9478,7119
9503,7140
9528,7161
9552,7181
9576,7201
9599,7222
9625,7243
9650,7263
9677,7283
9702,7304
9729,7324
9755,7344
9781,7365
9807,7385
9832,7405
9857,7427
9883,7448
9909,7468
9933,7488
9957,7508
9981,7529
10005,7551
10029,7570
10052,7591
10076,7610
10101,7631
10125,7651
10150,7672
10173,7692
10199,7713
10223,7733
10248,7753
10273,7774
10298,7795
10323,7816
10347,7836
10372,7857
10397,7879
10421,7901
10444,7921
10469,7942
10494,7965
10518,7987
10543,8007
10570,8028
10595,8050
10622,8072
10647,8095
10672,8117
10698,8139
10724,8162
10751,8185
10779,8208
10805,8232
10832,8255
10858,8277
10885,8302
10910,8325
10936,8349
10963,8373
10989,8398
11015,8423
11042,8448
11069,8472
11096,8497
11123,8522
11150,8549
11178,8574
11206,8600
11232,8627
11260,8653
11288,8679
11314,8704
11340,8728
11366,8753
11392,8779
11418,8804
11444,8828
11467,8853
11492,8878
11517,8902
11542,8927
11568,8951
11593,8977
11620,9001
11647,9027
11672,9051
11697,9077
11723,9104
11746,9129
11772,9153
11797,9178
11822,9203
11846,9227
11869,9251
11892,9277
11918,9303
11941,9328
11965,9353
11989,9380
12012,9404
12037,9429
12060,9456
12085,9480
12110,9506
12133,9532
12157,9557
12179,9582
12203,9607
12226,9632
12249,9655
12273,9679
12295,9703
12316,9727
12338,9753
12359,9775
12381,9798
12403,9821
12423,9843
12446,9866
12468,9890
12491,9914
12512,9938
12535,9962
12557,9987
12580,10011
12601,10035
12622,10059
12644,10083
12667,10108
12690,10133
12713,10159
12735,10186
12757,10212
12780,10238
12802,10262
12824,10287
12847,10313
12870,10339
12893,10364
12916,10390
12938,10416
12962,10441
12985,10467
13009,10493
13033,10519
13056,10546
13078,10572
13101,10598
13123,10626
13145,10651
13167,10676
13189,10703
13211,10729
13232,10755
13254,10781
13276,10806
13299,10830
13322,10856
13344,10882
13367,10907
13389,10932
13410,10957
13433,10982
13453,11008
13474,11032
13495,11056
13517,11081
13539,11107
13561,11134
13583,11161
13606,11187
13628,11212
13649,11238
13671,11264
13694,11290
13717,11317
13739,11343
13761,11368
13782,11394
13803,11421
13826,11447
13848,11472
13871,11498
13892,11523
13914,11549
13936,11573
13957,11597
13978,11622
13998,11646
14019,11670
14040,11693
14061,11718
14083,11742
14103,11766
14123,11789
14144,11813
14164,11837
14185,11861
14207,11884
14227,11907
14248,11931
14268,11953
14290,11977
14310,12001
14330,12023
14349,12046
14370,12069
14391,12091
14411,12113
14430,12135
14450,12156
14470,12177
14489,12197
14509,12219
14528,12240
14548,12262
14568,12283
14587,12305
14608,12327
14629,12349
14649,12371
14671,12394
14691,12417
14711,12439
14732,12459
14752,12482
14773,12505
14795,12528
14815,12550
14836,12572
14857,12595
14878,12618
14900,12640
14921,12662
14942,12685
14962,12707
14984,12729
15006,12751
15026,12774
15050,12797
15072,12819
15095,12842
15118,12864
15140,12887
15162,12909
15184,12932
15207,12955
15229,12979
15252,13001
15276,13025
15299,13049
15322,13071
15345,13095
15366,13117
15389,13139
15412,13161
15434,13184
15455,13205
15478,13227
15502,13248
15526,13271
15549,13293
15572,13314
15596,13336
15618,13358
15639,13379
15660,13401
15684,13421
15705,13442
15727,13462
15749,13483
15772,13503
15794,13524
15815,13544
15837,13565
15860,13585
15883,13605
15907,13624
15929,13645
15952,13666
15975,13686
15998,13707
16022,13727
16045,13746
16068,13766
16090,13786
16114,13807
16137,13827
16160,13846
16182,13867
16203,13887
16225,13907
16247,13927
16270,13945
16293,13965
16314,13985
16337,14004
16360,14022
16383,14040
21,14059
43,14077
63,14096
85,14114
106,14132
128,14150
149,14168
170,14187
193,14206
214,14224
237,14243
258,14262
282,14280
306,14298
329,14317
353,14337
378,14356
402,14375
427,14394
452,14414
477,14433
501,14453
526,14473
549,14492
575,14513
599,14534
624,14554
648,14574
673,14595
697,14615
722,14634
747,14654
772,14674
798,14694
824,14716
851,14737
877,14756
904,14777
930,14798
956,14819
982,14840
1008,14859
1032,14879
1056,14899
1079,14920
1104,14940
1129,14960
1154,14980
1179,15001
1204,15021
1229,15040
1254,15060
1281,15081
1306,15102
1332,15123
1360,15145
1388,15165
1415,15186
1444,15208
1470,15230
1496,15251
1522,15273
1548,15294
1573,15315
1598,15337
1624,15358
1650,15381
1676,15403
1704,15426
1731,15448
1758,15469
1787,15491
1814,15513
1841,15535
1867,15556
1893,15578
1918,15599
1944,15621
1970,15643
1995,15663
2020,15684
2045,15705
2070,15727
2096,15750
2120,15770
2145,15792
2170,15814
2196,15836
2223,15858
2249,15879
2275,15901
2301,15922
2326,15943
2352,15964
2377,15985
2401,16007
2426,16028
2451,16049
2475,16070
2498,16092
2520,16114
2543,16136
2567,16156
2591,16178
2617,16198
2640,16219
2665,16240
2690,16263
2715,16284
2740,16307
2767,16329
2793,16351
2819,16374
2844,13
2870,36
2895,59
2920,82
2944,106
2970,128
2994,152
3018,176
3044,201
3068,224
3094,248
3119,272
3145,297
3171,322
3199,348
3226,371
3252,395
3279,421
3305,447
3331,473
3357,499
3383,526
3410,554
3436,580
3460,606
3487,633
3513,659
3539,686
3565,711
3591,736
3618,762
3644,788
3669,815
3695,841
3722,867
3749,891
3774,918
3800,947
3825,972
3849,1000
3872,1025
3897,1050
3921,1076
3943,1101
3964,1126
3988,1151
4010,1177
4033,1203
4056,1228
4081,1254
4104,1279
4129,1304
4151,1329
4175,1355
4200,1380
4223,1406
4247,1431
4271,1457
4294,1484
4318,1510
4342,1538
4365,1563
4387,1587
4411,1611
4433,1637
4456,1663
4479,1687
4502,1712
4523,1737
4546,1759
4568,1784
4591,1810
4613,1834
4635,1858
4656,1882
4677,1905
4698,1930
4720,1956
4741,1981
4762,2005
4784,2028
4806,2053
4828,2078
4849,2102
4870,2128
4893,2152
4915,2177
4937,2201
4959,2227
4982,2252
5002,2279
5025,2305
5046,2331
5068,2356
5090,2382
5113,2407
5136,2435
5158,2463
5181,2488
5204,2515
5226,2540
5248,2565
5271,2591
5293,2620
5315,2645
5338,2672
5360,2698
5382,2723
5404,2750
5426,2776
5448,2802
5470,2827
5491,2852
5514,2878
5535,2903
5557,2928
5578,2954
5601,2981
5622,3005
5643,3028
5664,3053
5686,3076
5706,3102
5726,3127
5749,3152
5769,3177
5792,3202
5814,3228
5835,3252
5857,3278
5879,3303
5900,3330
5921,3354
5943,3379
5964,3404
5985,3430
6007,3456
6030,3483
6053,3508
6073,3533
6093,3557
6115,3580
6137,3605
6158,3630
6179,3654
6200,3677
6221,3701
6243,3725
6264,3750
6286,3772
6308,3796
6329,3819
6350,3842
6372,3866
6392,3888
6412,3910
6433,3932
6454,3954
6474,3976
6495,3998
6515,4021
6536,4042
6555,4064
6576,4086
6596,4109
6616,4130
6637,4152
6656,4174
6676,4195
6697,4215
6718,4237
6739,4259
6759,4280
6781,4302
6801,4324
6821,4345
6841,4367
6862,4388
6881,4410
6902,4431
6922,4453
6943,4474
6965,4496
6986,4517
7006,4539
7028,4560
7050,4583
7072,4604
7093,4624
7115,4646
7138,4667
7160,4690
7181,4712
7204,4734
7226,4755
7247,4776
7269,4797
7289,4818
7311,4840
7333,4862
7355,4883
7378,4905
7400,4927
7423,4949
7446,4970
7471,4993
7496,5015
7519,5039
7544,5062
7569,5084
7594,5106
7617,5127
7642,5149
7666,5171
7689,5193
7712,5215
7736,5238
7759,5259
7783,5281
7807,5302
7830,5323
7854,5344
7878,5363
7901,5385
7925,5406
7949,5427
7972,5447
7994,5467
8018,5486
8041,5506
8065,5527
8087,5546
8110,5566
8133,5587
8154,5606
8177,5626
8199,5645
8220,5664
8243,5683
8267,5702
8291,5722
8314,5741
8337,5761
8362,5780
8386,5799
8410,5818
8435,5837
8459,5858
8485,5876
8508,5895
8531,5914
8555,5933
8578,5952
8601,5970
8624,5988
8648,6006
8671,6025
8692,6043
8715,6060
8738,6078
8761,6096
8786,6114
8809,6132
8833,6151
8858,6169
8883,6189
8908,6207
8931,6226
8956,6244
8980,6264
9005,6282
9030,6301
9053,6320
9076,6339
9100,6356
9123,6375
9149,6395
9175,6414
9202,6432
9228,6452
9255,6472
9281,6492
9307,6511
9334,6532
9361,6552
9387,6572
9413,6592
9439,6612
9466,6632
9490,6652
9515,6673
9540,6693
9566,6713
9592,6734
9618,6754
9644,6774
9670,6795
9696,6817
9722,6838
9750,6858
9776,6878
9802,6899
9829,6918
9855,6938
9881,6958
9907,6978
9933,6999
9958,7021
9982,7041
10007,7061
10032,7081
10058,7101
10085,7123
10110,7142
10136,7163
10163,7186
10190,7206
10217,7227
10244,7248
10274,7270
10300,7293
10328,7314
10355,7337
10381,7359
10408,7381
10434,7400
10459,7422
10485,7444
10511,7466
10536,7488
10562,7509
10587,7531
10613,7553
10639,7574
10666,7596
10692,7618
10718,7639
10744,7660
10771,7683
10797,7704
10823,7727
10849,7746
10875,7768
10900,7790
10924,7810
10949,7831
10974,7853
10997,7874
11019,7895
11044,7917
11068,7939
11093,7959
11117,7980
11141,8001
11166,8022
11192,8043
11216,8063
11240,8083
11265,8104
11290,8127
11314,8148
11338,8169
11362,8193
11386,8215
11408,8237
11431,8259
11456,8281
11478,8302
11502,8324
11526,8348
11550,8369
11573,8393
11599,8415
11624,8439
11650,8461
11675,8485
11700,8511
11725,8536
11751,8560
11775,8584
11800,8608
11824,8632
11847,8656
11871,8680
11895,8705
11919,8730
11944,8753
11968,8778
11992,8804
12017,8829
12042,8855
12067,8880
12093,8907
12119,8934
12143,8961
12169,8987
12193,9014
12219,9040
12243,9067
12268,9094
12293,9121
12316,9148
12340,9175
12364,9202
12389,9228
12412,9254
12436,9280
12460,9306
12485,9332
12510,9359
12533,9384
12557,9409
12582,9435
12605,9458
12629,9482
12652,9507
12675,9533
12698,9558
12721,9584
12743,9608
12764,9634
12786,9659
12809,9685
12831,9708
12853,9734
12875,9759
12895,9784
12919,9809
12940,9834
12962,9858
12986,9884
13010,9909
13033,9936
13055,9962
13077,9986
13100,10011
13122,10036
13144,10059
13164,10083
13186,10107
13206,10132
13226,10158
13247,10180
13268,10204
13289,10228
13309,10253
13331,10275
13351,10300
13372,10324
13394,10347
13416,10372
13437,10395
13458,10421
13480,10446
13500,10473
13521,10498
13542,10523
13562,10550
13584,10573
13603,10597
13625,10621
13645,10646
13666,10671
13687,10697
13708,10722
13730,10747
13752,10770
13775,10795
13797,10821
13819,10848
13842,10875
13864,10901
13886,10928
13908,10955
13928,10982
13950,11007
13971,11034
13992,11059
14014,11084
14037,11110
14059,11136
14080,11160
14101,11186
14122,11211
14142,11236
14163,11262
14183,11287
14204,11312
14226,11337
14247,11361
14268,11386
14289,11410
14310,11434
14331,11459
14352,11484
14372,11508
14393,11533
14414,11557
14435,11582
14456,11606
14476,11631
14497,11655
14519,11681
14540,11705
14561,11730
14583,11756
14605,11781
14628,11805
14649,11830
14670,11855
14692,11880
14714,11904
14736,11928
14757,11952
14778,11976
14800,12000
14821,12024
14842,12047
14863,12070
14884,12093
14905,12116
14927,12138
14947,12160
14967,12183
14987,12204
15009,12228
15030,12250
15052,12272
15072,12294
15093,12316
15114,12338
15135,12361
15155,12384
15176,12406
15197,12427
15218,12449
15239,12470
15258,12492
15278,12513
15298,12534
15317,12554
15337,12578
15357,12598
15378,12619
15400,12639
15421,12661
15442,12682
15464,12704
15485,12725
15507,12746
15529,12767
15551,12788
15572,12810
15594,12831
15615,12853
15635,12874
15657,12895
15678,12916
15699,12937
15719,12958
15741,12979
15762,13001
15785,13020
15807,13042
15830,13063
15853,13085
15875,13106
15898,13128
15922,13150
15946,13170
15968,13191
15993,13213
16015,13235
16038,13256
16061,13277
16083,13298
16106,13320
16130,13342
16153,13363
16176,13385
16199,13407
16223,13428
16246,13450
16271,13472
16295,13493
16320,13515
16344,13536
16367,13558
8,13579
34,13599
59,13619
81,13640
104,13662
128,13682
152,13703
176,13724
199,13744
222,13764
245,13784
267,13804
291,13824
314,13845
338,13863
362,13882
387,13902
411,13921
435,13941
459,13960
483,13978
507,13997
531,14016
556,14035
579,14055
604,14074
627,14093
650,14113
673,14133
697,14151
720,14169
744,14189
766,14207
792,14226
815,14244
839,14263
864,14283
888,14301
912,14320
938,14338
962,14356
986,14374
1009,14392
1033,14411
1057,14428
1081,14447
1104,14466
1128,14485
1152,14503
1176,14522
1200,14540
1224,14559
1247,14578
1272,14597
1297,14617
1323,14637
1349,14656
1374,14675
1400,14695
1426,14714
1452,14733
1477,14754
1504,14774
1529,14794
1554,14813
1579,14832
1604,14852
1629,14874
1655,14895
1681,14915
1708,14936
1735,14957
1761,14979
1790,14999
1817,15021
1845,15042
1873,15063
1899,15086
1925,15106
1951,15126
1977,15148
2004,15169
2029,15190
2052,15211
2077,15231
2103,15251
2128,15272
2154,15293
2179,15314
2204,15334
2229,15355
2255,15377
2281,15397
2307,15417
2333,15437
2361,15458
2387,15478
2412,15499
2438,15522
2463,15544
2489,15565
2516,15587
2541,15609
2567,15632
2593,15654
2618,15676
2645,15698
2670,15722
2697,15744
2724,15769
2751,15792
2779,15815
2806,15838
2833,15860
2860,15883
2886,15905
2911,15928
2937,15951
2963,15973
2989,15996
3013,16018
3038,16041
3063,16062
3087,16085
3111,16108
3134,16130
3158,16153
3184,16175
3207,16197
3232,16219
3259,16241
3283,16262
3308,16285
3332,16307
3356,16329
3381,16352
3405,16373
3428,12
3450,35
3473,57
3495,80
3519,102
3542,124
3565,147
3588,170
3612,192
3637,215
3660,238
3684,264
3707,287
3731,311
3754,333
3777,357
3801,380
3825,405
3849,428
3872,452
3895,477
3917,500
3940,525
3961,550
3984,574
4007,599
4030,623
4053,648
4078,674
4102,700
4125,724
4150,748
4174,774
4198,800
4222,827
4247,851
4271,878
4295,904
4318,931
4342,959
4365,985
4389,1011
4414,1038
4437,1065
4462,1091
4487,1120
4511,1149
4536,1176
4560,1201
4585,1227
4610,1254
4633,1279
4658,1307
4681,1332
4704,1359
4727,1385
4751,1412
4773,1440
4793,1465
4815,1490
4838,1515
4860,1541
4881,1565
4904,1590
4924,1617
4946,1641
4969,1666
4991,1689
5012,1714
5034,1739
5055,1763
5078,1789
5099,1814
5120,1839
5142,1865
5163,1889
5184,1913
5205,1937
5226,1962
5246,1987
5267,2012
5288,2037
5309,2062
5329,2087
5351,2112
5372,2136
5392,2160
5413,2184
5435,2207
5455,2232
5475,2255
5494,2278
5516,2302
5536,2323
5557,2347
5577,2372
5597,2397
5617,2421
5637,2445
5657,2470
5678,2496
5698,2520
5719,2545
5740,2569
5761,2594
5782,2618
5802,2644
5823,2667
5843,2693
5864,2718
5886,2743
5907,2769
5929,2794
5950,2819
5970,2843
5992,2868
6014,2894
6036,2920
6058,2947
6079,2972
6099,2997
6122,3023
6143,3048
6164,3075
6187,3100
6209,3126
6232,3152
6253,3179
6274,3204
6297,3228
6318,3255
6340,3282
6360,3306
6382,3330
6404,3353
6425,3378
6447,3401
6467,3424
6487,3448
6507,3473
6527,3496
6547,3521
6568,3544
6588,3566
6609,3590
6630,3612
6651,3637
6672,3660
6693,3682
6715,3706
6737,3729
6760,3754
6783,3777
6806,3802
6828,3827
6849,3851
6870,3874
6892,3898
6914,3921
6935,3945
6957,3968
6979,3991
7000,4015
7022,4037
7044,4060
7067,4083
7089,4106
7112,4129
7134,4151
7154,4172
7175,4195
7197,4218
7220,4241
7241,4264
7263,4287
7284,4308
7305,4329
7327,4351
7349,4373
7369,4394
7389,4416
7411,4437
7432,4458
7454,4480
7475,4499
7497,4519
7518,4539
7538,4559
7560,4579
7580,4600
7603,4620
7624,4640
7645,4661
7667,4681
7687,4702
7709,4723
7729,4742
7750,4763
7772,4783
7794,4803
7814,4824
7836,4844
7857,4864
7879,4884
7902,4903
7924,4924
7947,4945
7970,4965
7991,4986
8015,5006
8038,5028
8060,5048
8082,5068
8105,5088
8129,5108
8150,5129
8173,5149
8196,5169
8219,5190
8243,5211
8266,5231
8289,5251
8313,5272
8337,5293
8362,5313
8387,5334
8412,5355
8438,5377
8464,5398
8488,5419
8514,5439
8540,5460
8565,5480
8590,5501
8615,5521
8639,5540
8664,5561
8689,5582
8714,5602
8741,5622
8766,5643
8791,5664
8816,5685
8841,5705
8867,5725
8891,5744
8916,5764
8941,5783
8965,5802
8988,5820
9013,5838
9038,5857
9061,5875
9085,5894
9110,5913
9133,5932
9155,5951
9179,5969
9203,5987
9229,6006
9255,6023
9280,6041
9303,6062
9329,6080
9353,6099
9380,6116
9404,6134
9429,6152
9453,6170
9476,6189
9500,6208
9526,6225
9551,6244
9574,6262
9597,6279
9621,6297
9645,6315
9669,6333
9691,6351
9715,6369
9741,6388
9766,6406
9791,6424
9818,6442
9843,6460
9869,6478
9892,6495
9917,6513
9941,6533
9967,6551
9991,6570
10015,6588
10040,6607
10066,6626
10090,6645
10116,6664
10140,6684
10165,6702
10192,6721
10219,6741
10246,6761
10272,6782
10299,6802
10327,6822
10353,6842
10379,6863
10405,6884
10432,6904
10460,6925
10485,6946
10511,6967
10537,6988
10562,7010
10589,7031
10616,7053
10642,7073
10669,7094
10695,7115
10721,7136
10749,7156
10776,7177
10803,7199
10829,7220
10855,7241
10880,7261
10905,7283
10930,7304
10956,7323
10980,7344
11004,7364
11027,7385
11052,7406
11077,7426
11102,7447
11128,7468
11153,7489
11179,7511
11205,7532
11231,7553
11257,7576
11283,7597
11310,7621
11336,7644
11362,7667
11388,7689
11413,7712
11439,7735
11464,7758
11490,7780
11514,7803
11539,7825
11565,7849
11589,7871
11613,7893
11639,7916
11664,7939
11689,7962
11714,7984
11740,8006
11765,8027
11790,8048
11815,8070
11838,8091
11862,8113
11885,8135
11908,8158
11930,8181
11953,8204
11976,8226
11999,8249
12023,8270
12046,8292
12067,8314
12089,8336
12112,8359
12135,8381
12157,8402
12179,8425
12202,8447
12225,8470
12246,8493
12268,8516
12290,8539
12312,8562
12334,8585
12357,8607
12378,8631
12401,8653
12423,8676
12445,8700
12467,8723
12490,8746
12513,8770
12536,8795
12559,8820
12582,8844
12604,8867
12627,8891
12650,8915
12672,8940
12695,8965
12717,8989
12739,9014
12762,9039
12786,9064
12809,9090
12832,9115
12853,9141
12874,9165
12899,9190
12922,9216
12946,9241
12969,9266
12991,9290
13015,9316
13037,9342
13061,9369
13085,9397
13108,9423
13130,9450
13152,9477
13175,9504
13198,9531
13222,9558
13245,9585
13267,9611
13290,9637
13312,9662
13333,9688
13355,9714
13376,9740
13399,9764
13422,9791
13444,9817
13467,9841
13488,9866
13509,9891
13531,9915
13551,9940
13571,9964
13593,9989
13614,10013
13634,10037
13654,10062
13675,10087
13695,10111
13714,10134
13735,10158
13755,10182
13774,10207
13796,10230
13816,10256
13837,10280
13858,10305
13878,10329
13898,10352
13918,10376
13939,10399
13959,10423
13979,10446
14000,10471
14020,10494
14040,10518
14060,10542
14079,10564
14097,10587
14117,10612
14137,10635
14156,10659
14176,10683
14195,10707
14215,10731
14234,10754
14254,10778
14274,10801
14294,10825
14314,10849
14335,10871
14357,10896
14377,10920
14397,10943
14416,10968
14436,10993
14457,11018
14478,11043
14498,11069
14518,11094
14538,11118
14559,11142
14580,11167
14601,11191
14623,11217
14645,11242
14666,11269
14689,11295
14710,11321
14732,11346
14754,11371
14776,11397
14797,11422
14818,11448
14839,11473
14862,11499
14883,11525
14905,11550
14927,11575
14950,11601
14971,11625
14991,11649
15012,11674
15034,11698
15055,11721
15077,11745
15098,11768
15120,11792
15140,11815
15161,11838
15182,11862
15201,11885
15222,11909
15243,11933
15263,11957
15285,11979
15305,12002
15327,12026
15349,12050
15371,12073
15392,12096
15415,12118
15436,12141
15458,12165
15482,12188
15503,12212
15526,12235
15549,12259
15570,12281
15594,12304
15617,12327
15639,12350
15661,12373
15683,12396
15705,12418
15726,12441
15747,12465
15769,12487
15790,12510
15812,12533
15833,12555
15855,12577
15877,12597
15899,12619
15922,12641
15944,12663
15966,12685
15988,12706
16010,12727
16032,12748
16054,12769
16075,12789
16095,12809
16116,12830
16138,12851
16159,12872
16179,12892
16200,12913
16221,12934
16242,12953
16262,12973
16283,12993
16305,13015
16327,13034
16351,13054
16374,13075
13,13095
35,13114
57,13134
78,13155
101,13175
124,13195
145,13214
166,13235
189,13255
211,13275
234,13295
258,13314
279,13334
303,13355
328,13375
352,13395
376,13416
401,13437
426,13458
451,13480
475,13500
500,13521
525,13541
550,13561
574,13581
600,13603
623,13623
647,13644
671,13665
697,13685
721,13705
747,13726
773,13748
799,13769
825,13789
853,13810
882,13831
909,13853
936,13875
963,13895
990,13917
1016,13939
1042,13959
1068,13979
1096,13999
1121,14019
1145,14040
1170,14061
1196,14080
1222,14100
1248,14118
1274,14137
1298,14157
1324,14176
1349,14195
1376,14215
1401,14234
1426,14254
1451,14272
1476,14292
1502,14313
1527,14331
1550,14349
1575,14368
1599,14387
1624,14406
1647,14425
1672,14443
1698,14462
1723,14480
1749,14499
1774,14518
1800,14537
1826,14557
1852,14576
1879,14595
1904,14615
1931,14633
1956,14652
1981,14671
2006,14689
2031,14707
2055,14727
2079,14746
2103,14764
2126,14783
2150,14802
2174,14821
2199,14841
2224,14860
2249,14879
2276,14899
2303,14919
2330,14938
2355,14957
2381,14977
2407,14997
2432,15017
2457,15038
2483,15058
2508,15079
2534,15100
2558,15121
2583,15142
2608,15163
2633,15183
2659,15205
2687,15225
2713,15246
2739,15268
2766,15289
2794,15311
2823,15334
2849,15355
2875,15377
2901,15399
2927,15421
2953,15444
2979,15467
3005,15490
3031,15512
3056,15534
3080,15556
3105,15577
3131,15598
3156,15620
3183,15642
3208,15665
3233,15686
3259,15707
3284,15728
3310,15749
3334,15772
3359,15794
3383,15815
3407,15837
3430,15858
3455,15880
3479,15901
3503,15924
3528,15947
3552,15970
3576,15994
3601,16017
3626,16040
3650,16063
3676,16087
3700,16111
3726,16133
3751,16157
3775,16180
3802,16202
3826,16224
3850,16246
3874,16270
3897,16293
3921,16317
3943,16341
3964,16364
3987,4
4010,27
4033,50
4055,73
4077,96
4100,119
4122,142
4145,164
4168,187
4190,211
4214,233
4236,257
4257,279
4280,303
4302,325
4323,349
4345,371
4368,394
4389,417
4410,441
4432,464
4454,487
4475,509
4496,533
4517,556
4539,579
4561,602
4583,625
4605,649
4627,673
4650,695
4672,718
4694,741
4717,765
4737,790
4757,814
4777,838
4799,862
4819,887
4840,912
4862,936
4883,962
4906,987
4928,1012
4950,1038
4973,1064
4995,1089
5019,1114
5040,1140
5064,1167
5086,1193
5108,1219
5130,1244
5151,1269
5174,1295
5195,1321
5219,1347
5241,1373
5263,1399
5285,1425
5307,1451
5330,1479
5353,1505
5374,1534
5399,1561
5423,1588
5446,1616
5469,1645
5492,1672
5515,1698
5538,1726
5560,1754
5583,1781
5606,1807
5628,1832
5649,1857
5670,1882
5693,1909
5713,1935
5735,1961
5757,1987
5777,2012
5799,2037
5820,2061
5840,2086
5860,2112
5883,2138
5903,2163
5924,2189
5945,2213
5967,2239
5988,2262
6008,2287
6029,2312
6049,2338
6070,2364
6090,2387
6110,2411
6131,2435
6151,2459
6172,2485
6192,2510
6212,2534
6232,2560
6253,2584
6274,2606
6295,2630
6315,2653
6335,2677
6355,2702
6376,2725
6397,2751
6417,2776
6438,2802
6458,2826
6479,2850
6500,2873
6521,2897
6541,2920
6562,2944
6581,2969
6601,2993
6620,3016
6642,3042
6663,3066
6685,3090
6707,3116
6728,3140
6750,3165
6773,3192
6793,3216
6814,3240
6836,3266
6856,3290
6878,3315
6900,3340
6923,3366
6945,3391
6967,3417
6990,3442
7012,3468
7034,3493
7058,3518
7079,3543
7102,3567
7125,3591
7146,3617
7169,3642
7191,3666
7214,3691
7238,3714
7260,3739
7281,3763
7303,3786
7324,3810
7345,3833
7367,3856
7388,3878
7409,3901
7430,3923
7451,3945
7473,3967
7496,3988
7518,4009
7540,4031
7562,4053
7583,4075
7607,4098
7630,4121
7652,4144
7674,4168
7697,4191
7720,4213
7743,4236
7767,4259
7788,4283
7810,4306
7833,4329
7856,4351
7879,4374
7902,4396
7924,4417
7947,4439
7972,4462
7994,4485
8016,4506
8039,4529
8062,4551
8084,4572
8108,4594
8130,4615
8150,4636
8173,4657
8194,4678
8216,4699
8240,4720
8262,4740
8285,4761
8308,4781
8330,4802
8353,4822
8376,4843
8399,4863
8422,4882
8445,4901
8467,4920
8492,4940
8514,4959
8537,4978
8560,4999
8583,5018
8605,5039
8627,5058
8649,5077
8672,5096
8693,5118
8716,5137
8740,5156
8763,5176
8786,5195
8811,5213
8836,5233
8861,5252
8886,5272
8910,5291
8936,5310
8960,5329
8984,5350
9008,5369
9031,5389
9055,5408
9080,5428
9104,5448
9129,5469
9153,5489
9179,5508
9204,5529
9230,5548
9255,5568
9282,5588
9309,5607
9335,5627
9361,5648
9387,5668
9413,5688
9440,5708
9467,5729
9494,5748
9521,5768
9548,5789
9576,5811
9602,5832
9628,5852
9656,5874
9683,5894
9711,5915
9739,5936
9767,5956
9795,5977
9822,5997
9850,6017
9879,6037
9906,6056
9933,6076
9959,6096
9985,6116
10011,6135
10037,6154
10061,6173
10086,6193
10113,6212
10138,6231
10160,6249
10187,6267
10213,6287
10238,6307
10266,6326
10292,6344
10319,6362
10344,6380
10369,6399
10394,6418
10421,6436
10447,6455
10473,6474
10498,6494
10521,6513
10547,6531
10571,6550
10595,6568
10620,6588
10645,6606
10670,6625
10695,6643
10720,6662
10746,6680
10771,6699
10797,6717
10822,6736
10847,6756
10874,6775
10898,6793
10922,6812
10948,6831
10973,6851
10997,6870
11022,6891
11047,6910
11071,6930
11096,6950
11121,6970
11146,6990
11172,7010
11197,7031
11224,7052
11249,7072
11277,7094
11303,7114
11328,7135
11354,7157
11379,7178
11405,7198
11429,7220
11453,7242
11477,7263
11501,7285
11526,7306
11552,7330
11578,7352
11605,7374
11631,7398
11655,7419
11682,7440
11708,7463
11735,7485
11762,7507
11786,7530
11811,7552
11836,7574
11860,7595
11884,7617
11907,7640
11930,7661
11954,7683
11976,7705
12000,7725
12022,7748
12045,7770
12068,7791
12091,7813
12113,7836
12138,7857
12160,7879
12183,7901
12207,7923
12229,7945
12251,7968
12274,7991
12297,8011
12319,8034
12342,8056
12365,8078
12388,8100
12410,8123
12434,8145
12456,8169
12478,8191
12503,8214
12527,8237
12550,8261
12573,8284
12597,8308
12620,8331
12643,8353
12666,8376
12688,8398
12711,8422
12733,8446
12755,8469
12776,8492
12797,8514
12818,8537
12839,8560
12861,8582
12882,8607
12905,8629
12926,8653
12946,8676
12967,8698
12989,8721
13011,8744
13032,8767
13052,8789
13073,8813
13095,8835
13116,8857
13137,8881
13157,8903
13179,8925
13199,8947
13219,8970
13240,8994
13261,9017
13281,9040
13302,9064
13321,9088
13342,9112
13364,9136
13385,9160
13405,9183
13427,9207
13448,9231
13470,9255
13490,9279
13512,9303
13533,9329
13555,9353
13575,9378
13595,9403
13616,9427
13636,9451
13658,9476
13679,9502
13700,9526
13721,9551
13743,9578
13765,9602
13787,9628
13810,9654
13831,9681
13853,9706
13874,9732
13896,9758
13918,9785
13940,9811
13962,9837
13984,9864
14008,9891
14029,9918
14052,9945
14073,9972
14095,9999
14118,10026
14140,10055
14161,10081
14183,10107
14205,10133
14226,10161
14248,10186
14271,10212
14291,10238
14314,10263
14336,10289
14358,10315
14379,10340
14401,10365
14421,10391
14442,10415
14462,10440
14482,10465
14503,10489
14523,10515
14542,10539
14563,10564
14582,10588
14602,10613
14623,10637
14644,10660
14664,10684
14684,10708
14705,10732
14727,10756
14748,10781
14769,10806
14789,10828
14810,10854
14830,10878
14851,10902
14871,10926
14890,10950
14910,10974
14931,10999
14951,11022
14970,11047
14990,11071
15011,11094
15031,11117
15051,11140
15071,11164
15092,11188
15113,11212
15133,11236
15156,11260
15176,11284
15197,11307
15218,11331
15239,11355
15260,11380
15281,11403
15301,11428
15322,11454
15343,11478
15364,11501
15385,11525
15408,11550
15429,11575
15451,11600
15474,11624
15496,11649
15519,11673
15541,11699
15564,11723
15586,11749
15610,11774
15633,11799
15656,11824
15679,11849
15701,11874
15724,11900
15746,11924
15770,11949
15793,11974
15815,11998
15837,12025
15861,12048
15882,12072
15905,12095
15927,12118
15950,12140
15974,12163
15997,12185
16019,12208
16040,12230
16062,12254
16084,12276
16106,12298
16128,12321
16150,12342
16172,12364
16194,12386
16215,12409
16237,12432
16259,12453
16281,12476
16304,12498
16327,12520
16351,12542
16374,12566
14,12589
38,12610
62,12633
86,12657
110,12678
135,12702
158,12724
182,12746
205,12768
227,12790
250,12813
274,12835
298,12858
321,12880
345,12902
369,12924
393,12946
417,12968
441,12989
467,13010
490,13031
514,13051
539,13072
562,13092
585,13113
610,13133
632,13154
656,13174
679,13194
703,13213
726,13233
750,13253
772,13273
796,13292
821,13311
845,13332
870,13353
894,13372
918,13393
943,13413
967,13432
991,13451
1016,13471
1040,13492
1064,13511
1088,13531
1113,13550
1136,13569
1160,13588
1184,13608
1210,13626
1235,13647
1261,13665
1286,13686
1312,13705
1338,13725
1365,13747
1392,13767
1417,13787
1443,13807
1469,13827
1495,13847
1521,13867
1548,13887
1573,13906
1598,13926
1623,13946
1649,13965
1675,13986
1701,14006
1727,14026
1754,14047
1781,14066
1808,14086
1837,14107
1866,14128
1896,14150
1924,14171
1950,14192
1978,14212
2005,14232
2032,14254
2059,14275
2086,14296
2113,14316
2139,14337
2166,14357
2193,14377
2218,14397
2245,14417
2271,14437
2297,14459
2325,14479
2351,14499
2378,14518
2405,14536
2430,14555
2457,14574
2482,14595
2506,14614
2531,14633
2555,14653
2580,14672
2605,14691
2628,14710
2653,14729
2676,14748
2701,14766
2724,14784
2751,14803
2777,14822
2803,14842
2829,14861
2854,14881
2880,14901
2903,14921
2928,14939
2953,14959
2977,14978
3001,14997
3025,15016
3050,15035
3073,15055
3096,15074
3120,15093
3145,15113
3169,15133
3193,15153
3216,15172
3242,15192
3267,15213
3291,15232
3314,15252
3339,15271
3362,15292
3386,15312
3410,15333
3434,15353
3458,15374
3481,15395
3504,15416
3529,15438
3554,15458
3577,15479
3600,15501
3625,15522
3650,15544
3674,15565
3699,15587
3724,15610
3750,15631
3775,15654
3800,15676
3824,15699
3848,15722
3873,15743
3897,15766
3922,15789
3945,15813
3968,15835
3990,15859
4014,15883
4036,15905
4060,15927
4085,15951
4109,15974
4131,15996
4155,16019
4179,16044
4203,16066
4226,16089
4249,16110
4271,16131
4294,16152
4317,16174
4340,16195
4361,16217
4382,16240
4404,16263
4425,16285
4448,16308
4471,16329
4493,16353
4515,16376
4538,15
4560,37
4583,60
4607,84
4631,108
4654,133
4678,159
4700,183
4723,207
4745,231
4768,254
4790,279
4812,303
4833,326
4855,350
4876,375
4898,399
4920,423
4942,447
4965,472
4986,496
5008,520
5031,544
5053,567
5075,590
5096,616
5118,639
5139,662
5160,686
5180,710
5200,734
5222,758
5242,781
5263,805
5283,828
5304,852
5325,876
5344,900
5365,924
5385,946
5406,972
5427,995
5448,1019
5469,1043
5489,1068
5510,1094
5530,1118
5552,1141
5573,1166
5594,1190
5614,1215
5634,1239
5655,1264
5676,1289
5697,1315
5716,1339
5737,1363
5757,1389
5778,1414
5800,1438
5821,1464
5842,1490
5863,1514
5885,1541
5906,1567
5927,1592
5948,1618
5970,1645
5992,1672
6014,1697
6036,1723
6057,1750
6079,1775
6101,1801
6122,1827
6146,1854
6168,1881
6189,1908
6212,1935
6234,1963
6256,1990
6278,2018
6302,2045
6323,2073
6346,2099
6369,2128
6391,2154
6414,2182
6436,2209
6458,2235
6481,2263
6503,2289
6525,2316
6547,2341
6568,2367
6590,2393
6612,2420
6633,2446
6654,2473
6675,2496
6696,2520
6717,2544
6736,2570
6757,2593
6779,2618
6801,2642
6823,2668
6844,2692
6865,2716
6885,2740
6905,2765
6926,2791
6946,2815
6966,2840
6987,2864
7007,2888
7028,2911
7049,2935
7070,2959
7093,2984
7113,3008
7135,3031
7155,3054
7178,3078
7199,3102
7220,3126
7241,3150
7261,3173
7282,3196
7303,3220
7324,3245
7347,3269
7366,3293
7386,3316
7407,3341
7427,3363
7448,3386
7469,3409
7491,3432
7514,3455
7536,3481
7559,3506
7581,3530
7605,3554
7628,3579
7651,3602
7673,3626
7695,3650
7717,3673
7740,3697
7762,3721
7784,3747
7807,3771
7829,3796
7853,3820
7877,3844
7900,3868
7925,3892
7949,3915
7973,3938
7997,3962
8020,3987
8044,4010
8067,4035
8091,4060
8115,4083
8138,4106
8160,4129
8183,4152
8205,4174
8227,4196
8250,4221
8272,4243
8295,4265
8318,4285
8342,4306
8365,4327
8388,4350
8410,4370
8434,4393
8458,4414
8481,4435
8504,4456
8527,4477
8550,4499
8573,4519
8596,4541
8620,4562
8643,4584
8666,4605
8689,4627
8714,4649
8738,4671
8762,4693
8787,4713
8811,4735
8837,4758
8863,4780
8889,4802
8915,4825
8941,4845
8965,4867
8990,4889
9014,4909
9039,4930
9063,4950
9086,4971
9111,4991
9135,5011
9159,5032
9183,5051
9208,5072
9231,5091
9255,5110
9280,5129
9305,5147
9331,5167
9358,5187
9383,5207
9407,5227
9433,5246
9456,5265
9481,5284
9505,5303
9527,5322
9551,5341
9575,5359
9598,5379
9622,5397
9646,5416
9669,5434
9693,5453
9720,5473
9744,5491
9770,5510
9795,5528
9821,5548
9848,5567
9873,5585
9899,5603
9924,5623
9949,5642
9975,5661
9999,5681
10024,5700
10049,5719
10073,5738
10101,5756
10124,5776
10151,5796
10177,5815
10204,5834
10230,5852
10257,5872
10285,5892
10311,5912
10338,5932
10364,5951
10391,5971
10418,5990
10445,6011
10471,6031
10497,6050
10523,6071
10549,6090
10577,6109
10602,6129
10630,6149
10658,6170
10685,6192
10713,6214
10741,6234
10770,6254
10799,6275
10828,6295
10856,6316
10884,6337
10912,6359
10938,6380
10965,6400
10991,6421
11016,6440
11040,6459
11065,6479
11090,6498
11114,6518
11139,6539
11165,6558
11192,6578
11218,6597
11243,6617
11269,6636
11294,6655
11320,6673
11346,6692
11371,6711
11394,6730
11419,6749
11442,6767
11466,6787
11489,6808
11511,6827
11535,6846
11559,6865
11584,6885
11608,6903
11631,6922
11656,6939
11680,6959
11704,6977
11728,6997
11752,7017
11777,7036
11800,7055
11822,7074
11846,7094
11867,7113
11891,7133
11914,7153
11936,7172
11958,7192
11980,7211
12002,7231
12026,7251
12047,7271
12071,7291
12095,7312
12117,7332
12140,7352
12163,7374
12186,7394
12211,7415
12235,7436
12257,7459
12281,7480
12304,7502
12327,7525
12350,7548
12374,7570
12397,7592
12421,7615
12444,7637
12468,7660
12493,7683
12518,7708
12542,7731
12567,7755
12592,7777
12616,7801
12639,7825
12663,7848
12687,7872
12710,7896
12734,7920
12758,7942
12781,7965
12805,7987
12827,8010
12849,8032
12871,8056
12893,8078
12915,8101
12937,8122
12958,8143
12980,8164
13002,8186
13024,8208
13047,8230
13068,8252
13090,8275
13111,8298
13133,8320
13154,8343
13176,8367
13197,8389
13219,8413
13241,8437
13263,8461
13285,8485
13307,8508
13329,8533
13352,8559
13374,8584
13396,8608
13420,8631
13442,8657
13464,8683
13485,8708
13506,8732
13529,8756
13551,8780
13573,8804
13595,8828
13615,8853
13637,8877
13658,8900
13680,8924
13700,8947
13721,8972
13741,8996
13761,9020
13782,9044
13803,9069
13824,9092
13843,9115
13864,9138
13884,9163
13905,9185
13925,9208
13945,9232
13966,9255
13986,9278
14007,9302
14027,9326
14047,9350
14066,9373
14085,9395
14105,9419
14125,9443
14145,9468
14167,9492
14187,9515
14208,9541
14228,9565
14248,9590
14268,9612
14290,9636
14310,9662
14331,9686
14353,9712
14373,9736
14394,9760
14416,9786
14435,9812
14455,9836
14478,9862
14498,9888
14519,9912
14539,9939
14561,9963
14583,9989
14605,10014
14625,10039
14647,10064
14668,10092
14691,10118
14712,10144
14733,10170
14753,10195
14773,10221
14796,10249
14818,10275
14840,10300
14863,10326
14884,10353
14906,10380
14928,10406
14951,10434
14973,10460
14995,10486
15018,10513
15041,10540
15063,10567
15085,10593
15107,10620
15128,10646
15151,10672
15173,10697
15195,10724
15216,10747
15238,10772
15259,10796
15280,10821
15300,10845
15321,10871
15342,10895
15364,10919
15385,10944
15405,10970
15426,10994
15446,11018
15468,11041
15489,11066
15509,11090
15530,11113
15552,11137
15573,11160
15594,11184
15616,11206
15636,11230
15657,11255
15678,11278
15698,11301
15719,11325
15739,11347
15761,11370
15781,11393
15802,11417
15822,11441
15844,11464
15866,11487
15886,11509
15907,11533
15930,11556
15951,11580
15973,11604
15994,11627
16016,11650
16038,11671
16060,11694
16082,11718
16103,11742
16126,11766
16148,11789
16170,11814
16190,11837
16213,11860
16234,11882
16255,11905
16276,11930
16298,11953
16322,11976
16346,12001
16369,12024
10,12047
34,12071
59,12096
82,12120
106,12143
130,12165
154,12188
177,12212
202,12237
227,12260
252,12284
275,12309
299,12333
323,12357
347,12382
371,12405
397,12429
423,12452
446,12476
472,12499
498,12522
523,12544
548,12567
572,12590
595,12611
618,12633
641,12655
666,12677
689,12699
711,12720
734,12741
758,12762
781,12783
805,12803
829,12824
854,12845
879,12866
904,12888
929,12909
955,12930
979,12952
1005,12975
1030,12998
1055,13018
1081,13041
1107,13062
1132,13084
1158,13105
1182,13126
1208,13148
1232,13170
1258,13190
1284,13211
1309,13233
1336,13253
1360,13275
1386,13298
1413,13319
1440,13339
1467,13360
1492,13380
1518,13401
1544,13421
1569,13441
1595,13462
1620,13481
1644,13500
1668,13519
1693,13539
1717,13559
1741,13578
1766,13597
1792,13617
1819,13636
1845,13656
1873,13675
1898,13694
1923,13714
1947,13732
1972,13752
1997,13771
2022,13792
2046,13810
2070,13829
2095,13848
2119,13867
2144,13886
2169,13905
2195,13925
2219,13944
2244,13963
2269,13981
2295,14001
2321,14020
2349,14040
2376,14060
2403,14081
2428,14101
2455,14120
2480,14141
2507,14161
2533,14181
2559,14201
2584,14221
2609,14241
2635,14261
2662,14281
2688,14300
2714,14320
2740,14340
2769,14360
2795,14380
2822,14399
2849,14421
2876,14443
2904,14463
2933,14484
2959,14505
2985,14526
3012,14548
3038,14570
3065,14590
3091,14611
3117,14632
3144,14652
3170,14673
3197,14695
3222,14717
3249,14737
3276,14758
3304,14779
3331,14800
3357,14821
3382,14841
3407,14861
3433,14881
3458,14901
3484,14920
3509,14941
3530,14962
3554,14982
3578,15002
3602,15021
3626,15041
3650,15060
3674,15082
3697,15101
3720,15121
3744,15141
3769,15161
3792,15181
3815,15201
3838,15222
3862,15241
3884,15260
3907,15280
3930,15301
3951,15320
3973,15342
3997,15363
4017,15383
4038,15403
4061,15424
4083,15444
4104,15463
4127,15483
4149,15504
4173,15525
4195,15545
4218,15567
4240,15587
4264,15607
4287,15628
4311,15650
4333,15671
4356,15694
4378,15716
4400,15738
4422,15759
4445,15780
4466,15803
4489,15825
4514,15848
4537,15869
4560,15892
4582,15914
4606,15937
4630,15959
4655,15983
4677,16007
4700,16031
4723,16055
4746,16079
4770,16102
4793,16126
4815,16149
4839,16173
4861,16196
4885,16219
4908,16243
4931,16267
4953,16291
4977,16316
4998,16339
5021,16362
5043,3
5067,26
5090,49
5112,73
5134,97
5155,119
5176,143
5197,167
5218,190
5239,213
5260,236
5280,260
5301,282
5321,305
5343,327
5363,351
5384,375
5406,399
5428,421
5448,446
5470,470
5491,493
5513,519
5536,543
5557,569
5580,594
5601,618
5623,645
5645,670
5666,695
5689,720
5711,746
5732,772
5753,796
5774,821
5795,845
5817,870
5838,895
5860,920
5882,944
5903,969
5924,994
5945,1019
5966,1045
5988,1070
6009,1095
6029,1120
6049,1144
6069,1169
6091,1193
6111,1218
6131,1242
6150,1267
6171,1292
6190,1315
6210,1339
6230,1363
6251,1387
6272,1412
6293,1437
6312,1461
6333,1484
6354,1509
6374,1535
6394,1560
6416,1585
6436,1609
6455,1634
6475,1659
6496,1685
6517,1709
6538,1734
6558,1758
6579,1784
6600,1809
6621,1834
6643,1859
6665,1884
6686,1910
6710,1934
6730,1961
6751,1988
6773,2012
6794,2039
6817,2065
6839,2090
6861,2117
6883,2143
6904,2168
6927,2195
6949,2220
6970,2247
6991,2273
7012,2300
7035,2325
7058,2351
7079,2377
7102,2403
7126,2430
7149,2457
7172,2484
7195,2510
7219,2538
7241,2566
7263,2594
7288,2619
7312,2646
7335,2673
7358,2699
7380,2727
7402,2754
7425,2778
7447,2804
7469,2829
7492,2855
7514,2880
7537,2905
7560,2929
7582,2953
7605,2979
7626,3003
7649,3027
7672,3052
7694,3077
7716,3101
7736,3125
7758,3148
7779,3172
7801,3195
7821,3219
7843,3243
7866,3267
7887,3290
7909,3312
7930,3336
7953,3359
7975,3382
7997,3407
8020,3431
8041,3456
8064,3479
8086,3503
8108,3525
8130,3548
8151,3571
8173,3594
8194,3617
8216,3640
8239,3664
8261,3687
8282,3708
8304,3731
8328,3753
8351,3776
8374,3800
8399,3823
8423,3846
8447,3868
8470,3891
8495,3915
8519,3938
8543,3958
8567,3980
8590,4002
8614,4027
8637,4050
8661,4072
8686,4096
8710,4119
8736,4142
8761,4166
8786,4190
8812,4215
8838,4237
8864,4261
8890,4284
8916,4307
8942,4331
8968,4355
8995,4379
9021,4403
9046,4426
9071,4450
9096,4474
9122,4498
9147,4520
9172,4542
9199,4565
9226,4588
9251,4610
9277,4632
9303,4655
9328,4676
9354,4697
9381,4718
9406,4739
9431,4761
9456,4782
9481,4803
9506,4823
9529,4843
9554,4865
9578,4885
9603,4906
9629,4927
9654,4948
9680,4970
9705,4990
9731,5011
9756,5031
9783,5053
9811,5074
9839,5096
9867,5118
9895,5139
9921,5159
9947,5181
9974,5203
10001,5222
10026,5243
10052,5263
10078,5283
10102,5303
10128,5323
10153,5344
10179,5363
10206,5383
10231,5403
10257,5424
10284,5443
10310,5463
10336,5482
10362,5502
10387,5522
10413,5540
10438,5559
10465,5578
10491,5597
10517,5617
10541,5635
10565,5653
10589,5671
10613,5691
10636,5709
10661,5728
10685,5746
10709,5764
10734,5782
10759,5800
10786,5819
10813,5838
10840,5857
10864,5876
10889,5895
10914,5914
10939,5933
10964,5951
10990,5970
11014,5989
11039,6009
11062,6028
11088,6047
11112,6066
11139,6086
11165,6105
11191,6126
11217,6145
11244,6165
11270,6185
11296,6204
11323,6223
11349,6243
11375,6263
11400,6282
11424,6302
11449,6320
11475,6341
11499,6361
11524,6382
11551,6402
11576,6423
11601,6444
11627,6464
11653,6485
11679,6505
11706,6525
11732,6545
11759,6566
11785,6588
11812,6608
11838,6630
11864,6650
11890,6671
11915,6693
11939,6714
11964,6736
11988,6757
12012,6777
12036,6799
12059,6820
12084,6840
12107,6861
12131,6881
12155,6901
12178,6921
12203,6941
12226,6961
12251,6981
12273,7002
12297,7021
12319,7041
12341,7060
12364,7080
12385,7100
12406,7121
12427,7141
12449,7160
12470,7180
12492,7200
12515,7220
12536,7239
12559,7259
12582,7279
12604,7298
12628,7318
12650,7339
12672,7357
12694,7378
12717,7398
12739,7419
12761,7440
12783,7461
12804,7481
12825,7501
12847,7522
12869,7542
12891,7563
12912,7583
12934,7605
12957,7626
12978,7648
13000,7669
13022,7692
13045,7713
13069,7735
13091,7756
13114,7779
13136,7800
13158,7822
13180,7843
13203,7866
13224,7889
13246,7912
13267,7935
13290,7957
13312,7980
13334,8003
13356,8027
13379,8051
13402,8074
13424,8099
13446,8123
13468,8146
13490,8171
13513,8194
13537,8218
13560,8244
13583,8268
13605,8292
13627,8316
13649,8340
13672,8364
13693,8389
13717,8414
13739,8439
13760,8463
13781,8488
13803,8511
13824,8535
13845,8559
13865,8582
13887,8605
13907,8630
13928,8654
13949,8676
13969,8699
13989,8722
14010,8746
14032,8769
14053,8794
14074,8818
14095,8841
14115,8865
14136,8889
14156,8914
14177,8939
14198,8964
14220,8988
14242,9014
14264,9040
14286,9064
14305,9089
14326,9112
14348,9137
14370,9161
14390,9187
14412,9212
14434,9239
14455,9263
14476,9288
14496,9312
14516,9335
14537,9360
14556,9386
14577,9410
14597,9434
14618,9456
14640,9481
14660,9504
14681,9529
14702,9553
14722,9578
14742,9602
14763,9628
14784,9652
14805,9676
14825,9700
14846,9724
14865,9747
14886,9771
14906,9795
14927,9818
14946,9843
14967,9867
14987,9890
15007,9914
15028,9939
15049,9964
15069,9988
15090,10012
15111,10036
15132,10061
15153,10087
15175,10112
15196,10136
15218,10161
15239,10185
15260,10210
15282,10235
15302,10261
15325,10286
15347,10312
15368,10339
15389,10364
15411,10391
15433,10416
15455,10442
15476,10466
15499,10492
15521,10518
15544,10543
15567,10570
15589,10597
15611,10622
15634,10648
15658,10674
15680,10699
15702,10725
15725,10752
15747,10776
15770,10802
15794,10828
15815,10855
15838,10882
15861,10908
15884,10935
15908,10961
15931,10987
15956,11014
15980,11041
16003,11067
16027,11093
16051,11118
16075,11144
16098,11169
16121,11195
16143,11221
16167,11246
16188,11271
16209,11296
16231,11320
16252,11343
16275,11367
16297,11391
16320,11415
16342,11439
16363,11462
2,11487
25,11511
46,11533
69,11558
93,11583
114,11605
137,11629
160,11650
182,11672
204,11695
227,11717
248,11739
269,11762
291,11785
314,11808
336,11830
359,11854
382,11876
404,11900
427,11922
451,11944
476,11968
500,11990
525,12011
548,12034
570,12057
594,12079
617,12101
641,12121
664,12143
686,12164
708,12186
732,12207
755,12229
777,12253
803,12277
827,12299
852,12321
876,12342
902,12364
927,12387
953,12410
978,12432
1004,12455
1031,12479
1056,12503
1081,12527
1107,12549
1133,12573
1158,12596
1184,12619
1209,12643
1236,12667
1261,12691
1288,12714
1315,12738
1341,12762
1369,12785
1397,12808
1425,12831
1453,12854
1480,12878
1506,12900
1532,12922
1558,12944
1584,12964
1609,12985
1635,13006
1659,13029
1683,13049
1708,13069
1733,13091
1759,13112
1783,13133
1809,13154
1833,13175
1859,13195
1886,13214
1911,13234
1937,13254
1962,13276
1987,13296
2013,13315
2038,13335
2064,13356
2090,13378
2115,13398
2141,13418
2166,13440
2191,13461
2218,13481
2245,13502
2272,13522
2297,13543
2325,13564
2352,13585
2378,13606
2404,13627
2430,13646
2458,13666
2484,13686
2509,13707
2535,13726
2561,13746
2586,13766
2611,13786
2635,13805
2660,13825
2684,13844
2710,13863
2734,13883
2760,13902
2784,13922
2810,13942
2835,13960
2862,13978
2886,13997
2913,14017
2939,14035
2964,14053
2987,14073
3012,14091
3036,14110
3060,14129
3084,14149
3107,14168
3130,14186
3154,14206
3179,14225
3203,14244
3227,14263
3252,14282
3277,14300
3303,14321
3328,14340
3353,14359
3379,14379
3405,14399
3430,14418
3455,14439
3480,14461
3504,14480
3528,14499
3553,14519
3577,14539
3600,14559
3624,14579
3648,14599
3673,14618
3698,14638
3723,14659
3749,14680
3775,14700
3800,14722
3825,14742
3849,14763
3873,14783
3897,14803
3920,14824
3943,14845
3967,14866
3991,14887
4015,14909
4039,14930
4064,14952
4087,14974
4113,14995
4138,15018
4162,15040
4187,15061
4212,15085
4237,15107
4262,15128
4287,15149
4311,15172
4335,15193
4358,15215
4383,15236
4406,15258
4427,15278
4450,15299
4472,15320
4496,15341
4518,15361
4540,15381
4563,15402
4585,15423
4607,15444
4630,15464
4651,15484
4674,15505
4696,15526
4718,15546
4739,15567
4760,15587
4782,15609
4803,15629
4824,15649
4846,15671
4867,15691
4887,15713
4908,15733
4929,15753
4951,15775
4972,15796
4993,15818
5014,15839
5036,15861
5057,15882
5078,15903
5099,15924
5123,15946
5145,15966
5165,15987
5185,16009
5206,16031
5226,16054
5246,16077
5268,16098
5290,16122
5311,16143
5332,16164
5352,16186
5373,16210
5394,16233
5416,16256
5438,16277
5459,16301
5481,16323
5502,16346
5525,16371
5547,12
5569,36
5590,62
5613,87
5635,111
5657,134
5679,158
5699,183
5722,208
5744,232
5766,258
5789,284
5811,310
5833,335
5856,361
5879,387
5902,411
5923,436
5946,462
5968,485
5990,511
6010,537
6031,561
6052,587
6073,612
6093,636
6114,660
6135,684
6154,708
6175,731
6196,755
6217,780
6236,804
6257,829
6277,853
6298,876
6319,900
6340,924
6361,949
6381,974
6402,999
6423,1023
6444,1047
6465,1071
6486,1096
6508,1120
6528,1146
6549,1173
6571,1199
6591,1224
6612,1250
6634,1275
6656,1300
6677,1325
6698,1350
6719,1375
6740,1400
6762,1426
6783,1451
6804,1477
6825,1502
6845,1527
6866,1551
6887,1576
6908,1601
6930,1625
6951,1649
6972,1673
6992,1697
7013,1723
7035,1746
7055,1769
7075,1794
7095,1819
7116,1845
7137,1870
7158,1894
7179,1919
7200,1942
7221,1966
7242,1989
7263,2014
7284,2038
7305,2063
7325,2086
7347,2110
7368,2134
7389,2160
7410,2186
7432,2209
7452,2234
7474,2259
7496,2284
7519,2309
7540,2335
7562,2359
7585,2385
7608,2411
7632,2436
7655,2462
7677,2487
7699,2513
7721,2538
7743,2564
7765,2587
7788,2613
7811,2638
7833,2664
7856,2691
7879,2717
7902,2742
7926,2769
7950,2795
7973,2820
7997,2845
8022,2872
8044,2898
8067,2924
8091,2951
8116,2979
8139,3004
8164,3031
8187,3058
8212,3084
8235,3109
8260,3135
8284,3161
8309,3187
8333,3213
8357,3239
8381,3265
8405,3291
8429,3318
8453,3344
8479,3368
8504,3392
8528,3415
8553,3439
8577,3462
8602,3487
8626,3511
8649,3535
8673,3559
8696,3582
8718,3605
8741,3627
8764,3652
8788,3674
8811,3696
8834,3718
8858,3741
8882,3763
8906,3786
8931,3810
8955,3831
8981,3853
9005,3875
9030,3898
9055,3919
9077,3941
9102,3962
9125,3984
9148,4006
9171,4028
9195,4050
9219,4071
9244,4093
9269,4116
9293,4137
9317,4159
9342,4181
9368,4203
9394,4225
9420,4247
9444,4268
9469,4291
9495,4312
9519,4334
9544,4356
9570,4379
9594,4400
9620,4422
9645,4444
9671,4466
9695,4489
9722,4512
9749,4535
9777,4558
9803,4580
9831,4602
9859,4625
9886,4648
9913,4670
9941,4693
9968,4716
9995,4738
10021,4760
10047,4783
10075,4807
10100,4829
10127,4852
10155,4874
10182,4897
10210,4918
10235,4940
10262,4962
10287,4984
10315,5005
10343,5027
10370,5048
10395,5069
10422,5090
10449,5110
10476,5129
10500,5149
10526,5169
10550,5190
10574,5210
10598,5229
10621,5249
10646,5269
10670,5289
10695,5309
10721,5328
10748,5347
10774,5367
10800,5386
10826,5407
10853,5428
10879,5447
10905,5466
10932,5486
10960,5507
10987,5526
11012,5549
11037,5569
11062,5590
11088,5610
11115,5630
11139,5650
11167,5670
11192,5689
11217,5708
11244,5728
11270,5746
11296,5765
11323,5784
11348,5803
11374,5823
11399,5842
11424,5861
11448,5881
11472,5899
11496,5918
11519,5938
11544,5957
11567,5975
11590,5993
11614,6012
11638,6030
11663,6049
11687,6068
11710,6085
11735,6105
11760,6124
11784,6143
11809,6160
11832,6179
11855,6197
11879,6216
11902,6236
11926,6256
11949,6274
11972,6293
11995,6311
12017,6329
12039,6348
12062,6367
12084,6386
12107,6406
12131,6425
12154,6445
12177,6464
12202,6484
12227,6505
12251,6524
12274,6544
12296,6564
12319,6585
12343,6604
12366,6625
12389,6644
12413,6664
12435,6685
12457,6705
12479,6725
12503,6745
12527,6765
12550,6785
12574,6806
12598,6826
12622,6847
12645,6868
12669,6888
12692,6909
12716,6930
12739,6951
12761,6972
12785,6994
12808,7015
12832,7037
12855,7058
12878,7079
12901,7100
12923,7122
12947,7143
12969,7164
12992,7185
13013,7207
13037,7228
13060,7249
13083,7270
13105,7291
13128,7311
13149,7331
13172,7351
13193,7371
13214,7393
13236,7414
13257,7435
13278,7455
13298,7474
13318,7495
13339,7516
13358,7536
13378,7556
13399,7576
13420,7597
13440,7616
13461,7637
13481,7657
13501,7677
13521,7697
13542,7717
13562,7738
13582,7758
13603,7779
13623,7800
13643,7820
13663,7841
13683,7861
13704,7882
13725,7902
13745,7922
13765,7944
13784,7965
13805,7985
13825,8005
13845,8027
13866,8048
13887,8069
13908,8091
13929,8112
13949,8134
13969,8156
13989,8177
14010,8199
14030,8222
14051,8245
14072,8268
14093,8292
14114,8315
14136,8338
14157,8362
14178,8386
14201,8408
14222,8434
14243,8458
14263,8483
14284,8507
14305,8532
14327,8558
14349,8584
14371,8608
14392,8633
14415,8658
14438,8681
14459,8707
14483,8732
14505,8758
14527,8785
14548,8811
14569,8837
14590,8862
14610,8886
14632,8912
14654,8937
14676,8960
14696,8985
14718,9010
14739,9033
14761,9058
14781,9082
14802,9108
14823,9132
14845,9155
14865,9178
14886,9203
14907,9228
14927,9251
14947,9276
14968,9299
14989,9322
15010,9346
15031,9371
15053,9398
15073,9424
15095,9449
15116,9475
15138,9500
15160,9526
15182,9552
15206,9577
15228,9603
15250,9626
15271,9652
15292,9677
15313,9702
15335,9727
15357,9752
15378,9778
15401,9803
15422,9827
15444,9853
15465,9876
15487,9901
15509,9926
15530,9952
15552,9975
15574,9999
15596,10025
15618,10050
15640,10076
15663,10100
15685,10126
15706,10150
15729,10174
15749,10198
15770,10222
15791,10245
15811,10269
15832,10293
15855,10318
15877,10343
15899,10367
15920,10391
15941,10416
15963,10441
15984,10464
16007,10489
16030,10514
16054,10540
16076,10564
16099,10588
16122,10613
16142,10637
16164,10662
16187,10687
16208,10713
16231,10739
16254,10766
16275,10791
16298,10818
16321,10843
16345,10866
16368,10892
7,10917
31,10944
55,10970
79,10995
103,11020
127,11046
151,11071
176,11096
199,11122
222,11148
246,11173
268,11199
291,11223
317,11249
340,11273
365,11298
388,11325
413,11352
438,11377
464,11403
490,11428
516,11455
541,11479
568,11505
594,11531
619,11557
644,11584
668,11608
693,11633
718,11657
743,11683
768,11708
792,11732
818,11756
841,11781
866,11804
892,11830
917,11854
941,11876
967,11901
993,11924
1017,11947
1043,11971
1069,11993
1094,12016
1117,12038
1140,12060
1165,12083
1188,12104
1210,12125
1233,12146
1257,12168
1281,12189
1305,12210
1329,12231
1352,12252
1377,12273
1403,12295
1429,12316
1454,12339
1479,12361
1505,12382
1530,12404
1555,12426
1580,12447
1603,12469
1627,12491
1651,12512
1675,12534
1700,12556
1724,12577
1750,12598
1775,12621
1801,12643
1827,12665
1852,12687
1878,12708
1904,12730
1932,12753
1959,12774
1985,12797
2012,12819
2039,12843
2066,12866
2092,12889
2118,12911
2144,12933
2171,12956
2197,12979
2223,13000
2251,13023
2277,13046
2303,13069
2331,13092
2359,13114
2388,13136
2417,13159
2444,13181
2472,13204
2500,13227
2527,13248
2555,13271
2582,13292
2608,13314
2634,13336
2660,13357
2685,13379
2711,13401
2736,13421
2761,13444
2787,13464
2814,13486
2840,13506
2865,13525
2891,13545
2917,13565
2942,13584
2967,13604
2992,13624
3017,13644
3043,13663
3067,13683
3090,13703
3116,13722
3140,13742
3165,13761
3188,13781
3213,13800
3237,13821
3263,13840
3289,13861
3316,13883
3342,13903
3370,13924
3395,13944
3420,13965
3446,13985
3471,14005
3496,14025
3521,14044
3545,14063
3569,14083
3592,14104
3616,14123
3640,14143
3663,14162
3687,14182
3712,14202
3735,14222
3759,14241
3783,14261
3809,14280
3835,14300
3859,14321
3882,14340
3905,14359
3929,14378
3952,14397
3974,14416
3996,14436
4018,14457
4040,14475
4063,14494
4086,14512
4106,14531
4130,14549
4152,14569
4176,14589
4200,14609
4222,14629
4244,14650
4267,14670
4291,14688
4314,14708
4338,14729
4363,14748
4386,14768
4409,14788
4431,14809
4454,14828
4476,14849
4500,14870
4522,14890
4545,14911
4568,14932
4591,14952
4615,14973
4638,14993
4662,15014
4687,15034
4712,15056
4735,15078
4758,15099
4781,15121
4803,15144
4827,15166
4850,15187
4871,15209
4894,15231
4916,15253
4939,15275
4963,15297
4985,15319
5007,15342
5030,15364
5053,15387
5078,15410
5102,15433
5126,15456
5150,15478
5173,15501
5196,15524
5220,15547
5244,15569
5267,15593
5289,15615
5312,15637
5334,15661
5355,15685
5375,15707
5396,15729
5418,15750
5439,15773
5461,15795
5482,15817
5504,15839
5526,15861
5547,15882
5568,15903
5590,15924
5612,15945
5633,15966
5653,15989
5673,16011
5693,16032
5715,16054
5735,16075
5756,16096
5776,16117
5796,16139
5816,16161
5837,16183
5857,16204
5878,16225
5899,16247
5920,16270
5940,16293
5960,16315
5982,16337
6003,16360
6022,16382
6042,21
6063,44
6083,65
6103,89
6125,112
6145,135
6165,158
6186,181
6208,206
6228,232
6249,255
6271,279
6291,302
6312,325
6333,349
6355,374
6377,400
6398,425
6421,451
6443,476
6465,502
6487,528
6510,553
6531,578
6554,604
6575,630
6597,656
6620,683
6641,709
6663,735
6686,763
6709,789
6732,816
6755,841
6776,868
6800,893
6822,920
6844,947
6867,973
6890,998
6912,1024
6933,1049
6955,1074
6977,1100
6997,1126
7019,1152
7040,1177
7062,1201
7083,1225
7105,1250
7126,1275
7146,1299
7167,1324
7188,1347
7210,1372
7232,1396
7255,1421
7278,1446
7299,1471
7321,1496
7342,1523
7364,1548
7385,1572
7408,1597
7429,1623
7452,1648
7473,1673
7495,1699
7517,1726
7539,1752
7561,1777
7584,1802
7606,1828
7630,1854
7652,1879
7676,1905
7699,1930
7721,1955
7744,1981
7766,2007
7789,2032
7811,2058
7833,2082
7854,2107
7876,2132
7898,2158
7921,2182
7945,2205
7967,2229
7990,2253
8010,2279
8033,2302
8056,2330
8078,2355
8101,2380
8124,2405
8146,2430
8170,2455
8192,2479
8214,2503
8236,2527
8258,2553
8280,2577
8302,2602
8323,2627
8346,2651
8369,2677
8392,2701
8416,2725
8442,2750
8468,2776
8492,2801
8518,2827
8542,2851
8566,2876
8590,2903
8616,2929
8641,2954
8664,2980
8689,3007
8714,3031
8739,3057
8764,3084
8788,3108
8813,3134
8839,3159
8865,3185
8890,3210
8916,3236
8941,3262
8967,3287
8993,3312
9019,3338
9045,3364
9071,3388
9097,3412
9123,3437
9148,3463
9173,3488
9199,3513
9226,3538
9251,3563
9277,3588
9304,3613
9331,3639
9357,3664
9384,3689
9411,3715
9439,3741
9466,3766
9493,3790
9520,3815
9547,3840
9572,3863
9598,3886
9623,3909
9649,3931
9673,3952
9698,3974
9723,3996
9749,4018
9773,4041
9798,4063
9824,4087
9849,4109
9873,4130
9899,4152
9925,4173
9950,4195
9975,4215
10001,4237
10026,4257
10050,4277
10075,4299
10098,4321
10124,4342
10147,4364
10170,4384
10195,4407
10220,4428
10244,4449
10268,4470
10293,4492
10320,4513
10346,4534
10372,4554
10397,4576
10424,4597
10450,4617
10475,4638
10499,4658
10524,4681
10549,4702
10574,4723
10599,4744
10624,4765
10649,4785
10674,4806
10700,4827
10726,4849
10752,4870
10778,4892
10805,4913
10830,4935
10857,4957
10885,4979
10914,5001
10940,5023
10966,5044
10993,5067
11019,5088
11047,5111
11074,5133
11101,5156
11128,5177
11154,5199
11179,5222
11205,5243
11232,5264
11257,5286
11284,5307
11310,5327
11338,5348
11365,5369
11392,5390
11418,5412
11443,5432
11469,5452
11494,5472
11518,5492
11543,5512
11567,5531
11591,5552
11615,5572
11639,5591
11664,5611
11686,5630
11709,5649
11735,5669
11758,5687
11783,5707
11808,5726
11833,5746
11858,5766
11881,5785
11906,5805
11931,5823
11956,5842
11979,5861
12003,5881
12027,5900
12050,5920
12072,5941
12095,5959
12117,5979
12139,5998
12161,6016
12184,6035
12208,6054
12232,6074
12257,6092
12280,6112
12303,6131
12327,6151
12349,6170
12372,6189
12394,6207
12416,6225
12439,6244
12462,6262
12485,6281
12507,6300
12529,6319
12551,6338
12573,6357
12595,6376
12617,6395
12639,6414
12661,6433
12683,6452
12706,6470
12727,6489
12750,6508
12773,6528
12795,6546
12819,6566
12840,6585
12860,6604
12881,6622
12901,6642
12922,6659
12944,6678
12965,6696
12986,6715
13008,6734
13030,6754
13053,6775
13076,6795
13099,6814
13121,6834
13142,6854
13163,6876
13186,6896
13208,6918
13231,6938
13253,6958
13274,6979
13296,7000
13318,7020
13340,7041
13362,7062
13384,7083
13405,7104
13428,7124
13450,7145
13472,7166
13495,7188
13517,7209
13538,7229
13560,7251
13582,7273
13604,7295
13626,7317
13648,7339
13670,7361
13692,7383
13714,7406
13735,7427
13757,7448
13779,7470
13801,7492
13823,7515
13846,7538
13868,7561
13890,7584
13912,7606
13934,7629
13957,7651
13979,7676
14001,7697
14021,7718
14043,7741
14064,7762
14085,7784
14106,7806
14127,7827
14148,7849
14168,7870
14188,7892
14207,7914
14228,7936
14247,7957
14268,7977
14288,7999
14308,8019
14328,8040
14348,8061
14369,8082
14389,8102
14409,8123
14429,8144
14448,8164
14466,8185
14487,8206
14507,8227
14527,8248
14548,8271
14568,8292
14588,8314
14607,8335
14626,8357
14646,8379
14666,8402
14686,8425
14707,8447
14727,8470
14750,8493
14771,8516
14792,8539
14812,8562
14834,8585
14854,8608
14875,8631
14895,8653
14916,8677
14935,8699
14956,8722
14976,8747
14999,8772
15020,8797
15041,8821
15062,8847
15086,8872
15107,8898
15130,8922
15153,8947
15174,8972
15196,8997
15219,9023
15241,9049
15264,9074
15286,9098
15310,9124
15331,9151
15353,9177
15375,9203
15397,9229
15420,9253
15442,9279
15464,9306
15487,9331
15508,9357
15531,9382
15554,9409
15576,9433
15596,9458
15619,9483
15641,9509
15663,9534
15685,9558
15707,9582
15728,9606
15751,9630
15772,9654
15793,9678
15815,9703
15837,9728
15859,9751
15879,9775
15902,9800
15924,9823
15945,9846
15967,9871
15989,9896
16010,9921
16033,9945
16056,9968
16079,9994
16102,10018
16126,10044
16148,10069
16171,10093
16192,10119
16214,10144
16236,10170
16258,10196
16280,10222
16302,10248
16324,10272
16348,10297
16371,10322
10,10346
34,10370
57,10394
80,10420
105,10446
127,10472
150,10497
173,10520
196,10543
219,10566
242,10591
266,10617
289,10642
312,10667
334,10691
357,10714
379,10739
403,10764
427,10787
449,10810
472,10833
494,10857
517,10880
541,10904
567,10930
592,10955
616,10979
641,11003
664,11027
688,11052
712,11076
736,11100
759,11125
784,11151
809,11175
834,11201
858,11228
883,11254
908,11278
934,11304
959,11329
984,11354
1011,11379
1036,11406
1063,11431
1090,11456
1116,11481
1141,11506
1167,11531
1192,11556
1217,11581
1243,11605
1268,11630
1292,11655
1319,11680
1343,11704
1369,11729
1395,11753
1421,11778
1448,11803
1476,11828
1504,11854
1531,11880
1559,11906
1586,11932
1613,11955
1641,11980
1669,12006
1695,12030
1721,12055
1747,12079
1771,12102
1798,12125
1824,12149
1851,12173
1877,12197
1904,12220
1931,12243
1958,12265
1985,12288
2011,12312
2038,12335
2064,12359
2090,12381
2115,12403
2139,12424
2164,12447
2189,12470
2213,12490
2237,12511
2260,12532
2284,12554
2308,12575
2333,12596
2358,12618
2383,12638
2408,12658
2432,12679
2457,12700
2482,12720
2505,12742
2530,12763
2555,12784
2580,12805
2605,12826
2629,12847
2652,12867
2677,12889
2701,12909
2725,12930
2748,12950
2774,12972
2798,12993
2823,13014
2848,13034
2873,13054
2897,13074
2923,13095
2949,13116
2975,13138
3001,13160
3025,13181
3051,13201
3075,13221
3099,13242
3123,13263
3149,13282
3174,13305
3200,13326
3225,13349
3251,13370
3276,13392
3302,13414
3327,13436
3353,13458
3380,13478
3407,13500
3433,13523
3459,13545
3485,13565
3511,13586
3537,13606
3561,13627
3586,13649
3610,13670
3635,13691
3659,13713
3682,13734
3708,13754
3731,13775
3756,13796
3780,13818
3806,13838
3830,13858
3854,13878
3878,13897
3902,13917
3925,13937
3947,13955
3971,13975
3993,13995
4016,14014
4038,14034
4060,14054
4084,14073
4106,14092
4128,14112
4150,14131
4173,14150
4194,14169
4217,14189
4240,14208
4263,14226
4286,14245
4309,14263
4333,14284
4356,14304
4378,14323
4402,14343
4426,14363
4450,14383
4472,14403
4494,14425
4517,14445
4539,14464
4562,14485
4585,14504
4608,14525
4630,14544
4653,14564
4676,14583
4700,14604
4722,14624
4744,14643
4767,14664
4790,14684
4812,14704
4835,14722
4857,14742
4878,14761
4900,14781
4921,14802
4943,14820
4964,14840
4986,14861
5008,14880
5030,14901
5049,14920
5071,14940
5094,14960
5114,14981
5137,15001
5158,15021
5180,15040
5201,15061
5222,15081
5244,15101
5265,15122
5287,15142
5308,15163
5331,15184
5352,15204
5374,15225
5395,15247
5417,15269
5439,15291
5462,15313
5484,15334
5506,15355
5528,15377
5550,15399
5572,15422
5594,15445
5618,15467
5641,15489
5662,15512
5684,15534
5706,15555
5728,15578
5750,15601
5770,15623
5792,15645
5813,15667
5835,15691
5856,15712
5878,15736
5900,15759
5922,15783
5943,15806
5965,15828
5987,15852
6009,15876
6031,15900
6053,15925
6077,15949
6100,15972
6122,15995
6144,16018
6165,16042
6187,16067
6208,16089
6230,16113
6252,16135
6272,16158
6294,16181
6315,16205
6337,16228
6358,16250
6379,16272
6400,16294
6421,16316
6442,16340
6464,16362
6485,0
6506,22
6526,44
6546,66
6567,89
6586,111
6606,133
6626,155
6646,178
6667,200
6687,222
6706,245
6726,267
6746,290
6766,313
6787,337
6807,359
6827,382
6849,404
6870,428
6890,451
6911,474
6933,499
6953,522
6974,546
6995,569
7016,592
7038,616
7058,640
7079,665
7099,689
7121,713
7141,736
7163,762
7184,787
7205,811
7227,838
7248,864
7270,890
7294,914
7317,941
7340,967
7363,993
7385,1017
7409,1043
7432,1069
7454,1095
7478,1121
7499,1148
7523,1174
7546,1200
7570,1226
7592,1253
7615,1280
7639,1306
7662,1333
7685,1360
7709,1386
7734,1415
7757,1441
7781,1467
7805,1493
7828,1519
7850,1546
7873,1571
7896,1597
7919,1624
7942,1650
7964,1674
7985,1700
8006,1725
8029,1750
8050,1775
8071,1799
8094,1825
8117,1849
8138,1872
8161,1897
8184,1921
8207,1944
8230,1967
8252,1992
8275,2017
8298,2042
8321,2067
8343,2091
8364,2116
8386,2141
8409,2166
8434,2191
8456,2214
8481,2240
8504,2265
8530,2291
8555,2316
8580,2342
8605,2367
8629,2392
8652,2417
8675,2441
8700,2466
8724,2491
8748,2516
8772,2540
8795,2565
8818,2591
8841,2616
8863,2640
8886,2664
8911,2688
8936,2713
8961,2738
8986,2762
9011,2787
9036,2812
9060,2836
9085,2860
9109,2882
9133,2906
9158,2931
9181,2953
9204,2978
9228,3001
9251,3024
9275,3047
9299,3071
9323,3096
9347,3119
9370,3144
9395,3168
9419,3191
9444,3216
9469,3240
9496,3264
9521,3289
9547,3312
9572,3338
9597,3362
9624,3386
9650,3409
9677,3434
9701,3457
9726,3482
9752,3508
9777,3534
9802,3558
9828,3582
9854,3606
9881,3629
9907,3653
9935,3677
9960,3701
9987,3726
10015,3749
10042,3773
10069,3798
10096,3823
10121,3847
10147,3870
10172,3893
10198,3916
10224,3940
10250,3963
10276,3986
10302,4010
10329,4032
10356,4054
10381,4079
10408,4103
10437,4127
10465,4151
10492,4174
10520,4199
10549,4224
10576,4248
10602,4269
10628,4293
10653,4316
10678,4338
10703,4361
10729,4385
10756,4407
10780,4429
10806,4450
10830,4472
10857,4492
10883,4513
10907,4535
10933,4557
10959,4578
10984,4598
11011,4620
11035,4640
11059,4661
11084,4681
11108,4702
11131,4722
11154,4743
11177,4762
11200,4782
11223,4803
11247,4822
11269,4842
11293,4862
11319,4882
11343,4903
11369,4922
11393,4942
11417,4963
11443,4983
11468,5002
11492,5022
11517,5043
11541,5063
11565,5082
11589,5103
11612,5123
11635,5143
11659,5164
11682,5183
11705,5203
11729,5223
11753,5243
11778,5263
11802,5282
11827,5300
11853,5321
11879,5342
11905,5363
11930,5382
11955,5403
11979,5424
12003,5446
12027,5466
12051,5488
12075,5509
12098,5529
12122,5550
12144,5570
12168,5591
12192,5612
12216,5632
12240,5653
12264,5674
12288,5695
12312,5715
12337,5736
12362,5755
12386,5775
12410,5795
12434,5815
12459,5835
12482,5855
12504,5877
12528,5897
12551,5916
12573,5936
12595,5956
12618,5975
12642,5994
12665,6012
12686,6032
12708,6050
12731,6069
12754,6088
12777,6107
12798,6125
12820,6143
12841,6162
12863,6183
12885,6201
12906,6221
12928,6239
12949,6258
12971,6277
12992,6296
13014,6316
13037,6334
13059,6354
13081,6373
13104,6393
13127,6412
13149,6432
13172,6452
13193,6472
13216,6492
13238,6512
13260,6531
13282,6550
13305,6569
13327,6589
13349,6608
13371,6626
13392,6647
13412,6666
13433,6686
13454,6706
13473,6725
13494,6743
13515,6762
13536,6782
13559,6802
13581,6822
13601,6841
13623,6860
13643,6880
13665,6900
13685,6920
13706,6940
13726,6959
13746,6978
13767,6997
13787,7017
13809,7037
13829,7058
13850,7078
13872,7098
13892,7117
13912,7138
13934,7159
13956,7178
13977,7200
13999,7222
14021,7242
14041,7263
14062,7285
14084,7307
14105,7329
14126,7350
14148,7371
14170,7393
14191,7414
14213,7436
14233,7457
14254,7480
14276,7503
14298,7526
14320,7548
14341,7570
14363,7592
14384,7614
14406,7636
14428,7659
14449,7683
14471,7706
14492,7728
14512,7750
14535,7773
14557,7797
14579,7819
14600,7842
14622,7865
14642,7887
14663,7911
14686,7935
14708,7958
14730,7982
14753,8004
14774,8027
14795,8051
14818,8074
14841,8096
14863,8120
14885,8144
14907,8168
14929,8192
14952,8214
14974,8239
14996,8261
15017,8285
15038,8307
15060,8328
15080,8352
15101,8375
15121,8399
15142,8421
15162,8445
15183,8469
15205,8491
15225,8513
15247,8536
15268,8559
15288,8580
15309,8602
15330,8626
15350,8648
15370,8670
15391,8692
15412,8714
15434,8737
15454,8760
15474,8782
15495,8805
15517,8828
15538,8852
15559,8876
15580,8900
15603,8924
15624,8947
15646,8970
15669,8994
15690,9017
15712,9041
15734,9066
15756,9091
15778,9113
15802,9137
15825,9163
15846,9187
15868,9212
15890,9236
15911,9261
15934,9286
15955,9311
15979,9337
16002,9363
16025,9389
16049,9415
16073,9440
16097,9465
16121,9493
16145,9519
16168,9545
16192,9571
16215,9599
16239,9625
16262,9651
16284,9678
16309,9704
16331,9731
16355,9757
16378,9782
18,9809
42,9836
68,9863
92,9889
117,9915
140,9942
165,9968
190,9995
215,10020
239,10046
263,10071
287,10096
312,10120
334,10146
358,10171
383,10196
405,10221
429,10245
452,10269
475,10293
499,10318
524,10343
548,10368
571,10394
595,10417
620,10440
645,10466
670,10491
695,10516
719,10541
743,10568
767,10592
792,10617
818,10643
842,10668
865,10695
891,10721
914,10746
941,10771
967,10796
993,10820
1020,10845
1046,10870
1071,10895
1097,10920
1125,10946
1150,10972
1175,10996
1201,11021
1226,11046
1252,11071
1276,11096
1299,11119
1324,11143
1348,11168
1373,11193
1398,11216
1424,11242
1449,11266
1476,11292
1501,11318
1528,11342
1555,11365
1581,11390
1607,11413
1634,11439
1660,11463
1686,11488
1712,11512
1737,11536
1762,11561
1787,11586
1813,11609
1836,11634
1861,11659
1886,11684
1913,11709
1939,11732
1967,11757
1992,11781
2022,11807
2049,11832
2077,11857
2105,11883
2132,11907
2159,11931
2186,11956
2211,11981
2237,12006
2263,12029
2290,12053
2315,12079
2341,12103
2368,12127
2395,12149
2421,12171
2449,12195
2474,12219
2502,12242
2529,12265
2556,12290
2584,12314
2612,12338
2639,12362
2666,12386
2692,12410
2719,12433
2745,12458
2772,12483
2798,12507
2826,12532
2852,12556
2878,12580
2905,12604
2931,12628
2958,12650
2986,12672
3011,12696
3037,12718
3063,12740
3090,12763
3116,12786
3141,12809
3168,12831
3192,12852
3217,12875
3242,12896
3265,12917
3288,12939
3312,12957
3335,12979
3360,12999
3384,13021
3409,13041
3433,13062
3456,13082
3480,13102
3503,13124
3527,13144
3551,13163
3575,13183
3598,13203
3622,13223
3644,13242
3667,13261
3690,13281
3713,13301
3735,13321
3758,13341
3781,13361
3804,13381
3827,13401
3852,13422
3874,13442
3898,13463
3922,13484
3945,13505
3967,13525
3991,13544
4014,13565
4038,13583
4061,13604
4084,13624
4106,13645
4128,13665
4151,13685
4174,13705
4197,13725
4221,13746
4245,13767
4268,13788
4292,13809
4317,13830
4341,13851
4365,13873
4389,13893
4413,13916
4437,13936
4462,13957
4486,13978
4509,13998
4532,14019
4556,14039
4579,14061
4602,14082
4626,14103
4650,14124
4674,14145
4697,14165
4722,14186
4746,14207
4770,14227
4792,14248
4815,14269
4838,14288
4860,14308
4883,14329
4905,14348
4928,14367
4949,14388
4971,14407
4994,14427
5015,14447
5035,14466
5056,14485
5078,14504
5098,14522
5118,14541
5140,14559
5162,14581
5183,14599
5205,14619
5226,14639
5249,14660
5272,14680
5294,14699
5316,14719
5338,14739
5360,14758
5381,14779
5403,14800
5425,14818
5446,14839
5466,14860
5488,14880
5509,14901
5529,14921
5552,14941
5574,14961
5596,14981
5617,15000
5638,15021
5659,15041
5680,15060
5700,15081
5721,15101
5742,15121
5762,15142
5783,15162
5805,15181
5826,15202
5847,15222
5867,15242
5888,15263
5908,15284
5929,15305
5950,15326
5971,15347
5992,15367
6013,15387
6034,15409
6056,15429
6077,15450
6097,15471
6117,15493
6138,15514
6158,15535
6178,15557
6199,15579
6220,15600
6241,15620
6262,15641
6284,15664
6305,15685
6326,15708
6347,15731
6368,15754
6390,15776
6412,15798
6433,15821
6454,15842
6476,15866
6498,15889
6520,15913
6541,15936
6563,15958
6585,15979
6608,16003
6628,16027
6650,16051
6673,16076
6693,16099
6715,16123
6735,16145
6758,16169
6780,16192
6802,16216
6824,16240
6847,16263
6869,16285
6892,16308
6913,16331
6936,16355
6958,16379
6980,20
7005,45
7027,69
7049,94
7072,117
7094,142
7116,166
7138,191
7160,215
7181,240
7205,266
7227,292
7250,315
7273,338
7296,362
7318,387
7340,411
7362,436
7383,460
7406,483
7428,506
7450,531
7473,554
7494,577
7516,601
7538,624
7558,648
7580,670
7601,693
7621,716
7644,739
7665,762
7686,785
7705,808
7727,831
7749,855
7771,878
7793,902
7815,925
7837,949
7860,973
7882,997
7905,1021
7927,1046
7949,1070
7969,1094
7991,1119
8013,1146
8035,1170
8057,1195
8078,1220
8101,1244
8123,1270
8147,1294
8171,1319
8195,1345
8218,1370
8242,1396
8265,1421
8288,1448
8312,1474
8337,1501
8362,1525
8386,1552
8411,1578
8434,1603
8457,1629
8480,1656
8505,1683
8531,1709
8556,1735
8581,1761
8606,1787
8632,1815
8658,1843
8684,1870
8710,1896
8736,1923
8762,1950
8787,1977
8812,2003
8837,2029
8860,2056
8885,2081
8910,2107
8935,2133
8959,2157
8984,2182
9009,2208
9035,2233
9060,2257
9085,2283
9109,2307
9135,2334
9161,2360
9186,2385
9211,2409
9236,2435
9259,2459
9284,2482
9308,2506
9332,2530
9356,2554
9380,2579
9403,2603
9428,2627
9452,2651
9477,2677
9503,2700
9529,2725
9554,2751
9580,2776
9606,2801
9633,2827
9658,2849
9683,2875
9708,2900
9733,2924
9759,2949
9784,2972
9810,2997
9834,3022
9860,3047
9885,3070
9909,3094
9934,3119
9959,3143
9984,3166
10010,3189
10036,3213
10061,3238
10087,3263
10114,3286
10140,3309
10165,3333
10191,3357
10215,3381
10242,3406
10267,3428
10292,3450
10316,3475
10339,3497
10363,3519
10387,3544
10411,3567
10437,3591
10463,3615
10488,3637
10514,3661
10540,3683
10566,3708
10592,3731
10619,3753
10643,3777
10670,3799
10695,3823
10720,3846
10744,3868
10769,3892
10794,3914
10817,3936
10842,3959
10868,3981
10895,4004
10922,4026
10947,4050
10974,4075
11000,4099
11028,4121
11054,4145
11080,4168
11106,4192
11131,4215
11156,4238
11183,4260
11208,4282
11232,4306
11256,4328
11281,4352
11306,4375
11331,4398
11355,4421
11381,4443
11406,4466
11431,4488
11457,4511
11485,4534
11509,4555
11536,4578
11562,4600
11588,4623
11613,4646
11638,4670
11663,4692
11687,4714
11713,4737
11739,4758
11763,4780
11788,4802
11813,4826
11838,4848
11861,4869
11884,4890
11909,4911
11933,4933
11959,4953
11984,4973
12008,4994
12032,5014
12055,5034
12079,5054
12100,5074
12121,5094
12144,5115
12166,5134
12187,5154
12209,5173
12230,5191
12251,5211
12273,5230
12294,5249
12316,5267
12338,5287
12360,5307
12382,5326
12405,5344
12427,5363
12451,5383
12474,5402
12498,5420
12519,5438
12542,5457
12564,5476
12586,5495
12607,5515
12628,5533
12651,5553
12673,5572
12696,5592
12718,5611
12742,5631
12764,5650
12787,5669
12809,5691
12832,5711
12854,5732
12877,5752
12900,5772
12922,5791
12946,5810
12969,5830
12992,5850
13015,5870
13038,5889
13060,5910
13082,5931
13105,5952
13129,5973
13151,5993
13174,6013
13197,6033
13220,6054
13244,6074
13265,6094
13288,6114
13311,6134
13334,6154
13357,6175
13381,6196
13403,6215
13425,6236
13446,6256
13468,6277
13490,6297
13511,6317
13533,6336
13555,6356
13577,6375
13598,6395
13620,6415
13641,6434
13662,6454
13684,6474
13705,6492
13726,6512
13748,6531
13769,6550
13790,6569
13812,6588
13833,6608
13854,6628
13874,6648
13895,6667
13914,6686
13934,6706
13954,6726
13974,6745
13996,6764
14017,6783
14038,6804
14060,6823
14081,6843
14103,6863
14124,6882
14145,6902
14166,6922
14187,6941
14208,6962
14229,6983
14250,7004
14272,7023
14292,7043
14313,7063
14333,7084
14355,7105
14374,7125
14395,7144
14415,7164
14436,7184
14458,7203
14479,7223
14501,7244
14523,7265
14543,7286
14564,7306
14585,7328
14606,7348
14626,7369
14647,7388
14667,7410
14687,7432
14707,7453
14728,7474
14750,7495
14771,7517
14791,7538
14812,7559
14833,7580
14854,7602
14875,7623
14897,7644
14918,7666
14939,7688
14960,7709
14983,7732
15004,7755
15026,7778
15048,7801
15070,7825
15092,7847
15113,7870
15135,7893
15158,7915
15177,7938
15201,7962
15223,7985
15245,8007
15267,8030
15289,8053
15311,8074
15333,8097
15356,8121
15379,8144
15402,8168
15425,8191
15447,8215
15470,8239
15492,8262
15515,8285
15538,8309
15559,8332
15581,8355
15603,8380
15626,8404
15648,8429
15671,8453
15693,8479
15716,8502
15740,8527
15764,8552
15787,8577
15811,8601
15835,8625
15859,8649
15883,8675
15905,8701
15927,8725
15950,8750
15973,8774
15994,8799
16018,8824
16041,8849
16063,8873
16086,8895
16108,8919
16130,8941
16152,8964
16174,8988
16196,9013
16218,9036
16239,9060
16260,9082
16283,9105
16305,9128
16327,9151
16348,9174
16369,9198
7,9220
29,9242
50,9265
71,9288
91,9311
114,9334
136,9357
158,9380
181,9404
203,9428
227,9452
252,9475
276,9500
301,9525
325,9550
349,9574
373,9597
396,9623
420,9647
443,9670
466,9695
489,9720
512,9746
536,9772
561,9797
586,9823
610,9848
635,9873
661,9897
686,9924
711,9950
737,9976
762,10001
789,10028
817,10054
841,10080
868,10107
893,10134
918,10160
943,10186
968,10212
993,10238
1020,10267
1046,10294
1073,10321
1099,10346
1126,10374
1151,10398
1178,10425
1206,10452
1233,10477
1260,10502
1286,10530
1312,10556
1338,10581
1364,10606
1390,10632
1415,10659
1441,10686
1466,10712
1491,10737
1516,10760
1542,10784
1568,10809
1592,10832
1618,10856
1643,10881
1669,10907
1696,10933
1722,10956
1746,10979
1772,11003
1798,11027
1823,11051
1847,11076
1872,11100
1897,11125
1922,11148
1946,11173
1971,11197
1995,11220
2020,11245
2046,11268
2072,11292
2100,11317
2126,11342
2153,11368
2179,11392
2206,11416
2231,11440
2257,11464
2283,11488
2309,11513
2334,11536
2360,11560
2385,11584
2409,11608
2433,11633
2458,11656
2482,11680
2508,11703
2533,11728
2559,11752
2584,11776
2611,11799
2636,11824
2663,11848
2690,11871
2716,11895
2740,11916
2765,11940
2792,11963
2816,11987
2840,12010
2864,12033
2887,12055
2910,12077
2935,12100
2962,12122
2987,12145
3011,12168
3035,12190
3062,12212
3087,12235
3112,12257
3137,12280
3163,12304
3189,12328
3213,12350
3238,12373
3265,12397
3290,12421
3315,12445
3340,12468
3363,12491
3389,12515
3412,12538
3437,12561
3461,12583
3486,12606
3510,12629
3535,12651
3562,12675
3587,12698
3613,12720
3638,12742
3663,12766
3687,12788
3712,12810
3738,12833
3763,12856
3787,12878
3809,12900
3832,12923
3854,12944
3878,12967
3902,12988
3925,13010
3949,13033
3973,13055
3997,13078
4024,13101
4048,13124
4074,13144
4098,13166
4122,13187
4146,13209
4170,13230
4193,13251
4216,13274
4240,13296
4262,13317
4284,13338
4306,13359
4328,13379
4351,13398
4375,13418
4396,13439
4418,13458
4441,13477
4463,13497
4486,13517
4509,13537
4530,13557
4551,13576
4572,13595
4594,13615
4614,13633
4636,13651
4657,13670
4677,13689
4698,13707
4719,13726
4739,13745
4762,13764
4783,13784
4805,13803
4827,13822
4848,13841
4871,13860
4893,13880
4915,13900
4936,13919
4959,13938
4980,13957
5001,13977
5023,13997
5045,14017
5065,14036
5086,14055
5108,14074
5129,14094
5151,14114
5172,14134
5193,14154
5215,14174
5238,14193
5261,14213
5283,14235
5305,14255
5327,14275
5349,14295
5371,14317
5393,14338
5416,14357
5438,14377
5461,14398
5483,14418
5505,14439
5528,14460
5549,14480
5572,14502
5594,14523
5617,14544
5639,14565
5662,14586
5684,14606
5706,14626
5728,14647
5750,14668
5771,14689
5793,14709
5815,14729
5837,14751
5859,14771
5881,14791
5902,14811
5922,14833
5944,14852
5964,14872
5986,14893
6006,14912
6026,14933
6047,14953
6067,14973
6088,14994
6108,15014
6129,15034
6149,15054
6170,15074
6191,15095
6212,15115
6232,15135
6254,15155
6275,15175
6295,15195
6316,15216
6337,15237
6358,15258
6379,15278
6401,15299
6421,15321
6442,15341
6462,15361
6483,15383
6504,15405
6526,15427
6549,15449
6571,15470
6593,15490
6614,15512
6635,15533
6656,15554
6676,15575
6697,15598
6719,15620
6740,15643
6762,15665
6783,15686
6804,15709
6825,15732
6846,15753
6868,15774
6889,15796
6910,15817
6931,15840
6952,15862
6973,15884
6995,15906
7016,15928
7038,15951
7059,15974
7081,15996
7103,16018
7125,16040
7146,16062
7169,16085
7189,16107
7211,16130
7232,16152
7253,16175
7275,16198
7296,16221
7318,16244
7340,16267
7362,16292
7385,16315
7407,16339
7430,16364
7453,3
7476,28
7500,50
7523,74
7546,98
7569,122
7592,147
7615,171
7637,196
7660,221
7683,245
7706,270
7728,297
7750,320
7773,344
7796,369
7820,395
7845,420
7870,446
7893,470
7917,496
7942,523
7965,547
7988,572
8011,597
8034,622
8058,647
8079,672
8103,699
8125,724
8148,750
8172,776
8195,801
8220,827
8244,853
8268,878
8293,904
8318,929
8342,955
8365,979
8388,1005
8412,1030
8436,1056
8460,1081
8485,1104
8508,1128
8531,1152
8554,1177
8576,1201
8600,1227
8622,1251
8645,1274
8667,1298
8691,1320
8715,1343
8739,1367
8763,1391
8787,1414
8811,1438
8835,1462
8858,1489
8882,1512
8904,1535
8928,1560
8951,1584
8975,1609
8998,1633
9022,1657
9047,1682
9072,1706
9097,1732
9121,1757
9145,1781
9171,1806
9197,1832
9221,1859
9247,1884
9274,1909
9300,1933
9325,1957
9350,1984
9375,2009
9400,2034
9426,2060
9452,2086
9477,2112
9501,2137
9527,2164
9554,2191
9579,2217
9607,2244
9633,2269
9660,2294
9689,2321
9716,2347
9742,2373
9768,2399
9795,2425
9823,2452
9848,2476
9874,2503
9900,2528
9925,2554
9951,2579
9977,2605
10002,2631
10030,2658
10057,2685
10083,2710
10109,2736
10135,2762
10162,2786
10190,2811
10216,2837
10243,2863
10267,2887
10293,2911
10319,2937
10344,2961
10370,2985
10396,3009
10419,3032
10443,3055
10468,3079
10493,3103
10517,3126
10542,3151
10568,3174
10591,3199
10616,3223
10641,3244
10667,3268
10693,3291
10718,3314
10742,3337
10769,3361
10795,3385
10821,3409
10846,3434
10870,3459
10895,3482
10920,3506
10944,3530
10970,3553
10994,3577
11018,3600
11043,3624
11069,3646
11094,3669
11120,3692
11145,3715
11171,3739
11196,3761
11221,3784
11247,3808
11271,3830
11297,3852
11322,3875
11346,3898
11371,3920
11395,3943
11419,3965
11443,3987
11465,4008
11489,4030
11512,4052
11537,4073
11561,4096
11586,4118
11610,4140
11635,4162
11661,4185
11685,4207
11708,4229
11733,4252
11756,4275
11780,4296
11804,4319
11827,4341
11851,4362
11875,4384
11898,4407
11921,4430
11946,4452
11970,4474
11993,4496
12018,4519
12042,4541
12067,4562
12091,4585
12115,4607
12139,4629
12163,4653
12186,4676
12209,4698
12232,4720
12256,4741
12277,4763
12299,4786
12322,4808
12346,4830
12369,4852
12392,4874
12416,4895
12441,4916
12465,4937
12489,4958
12513,4979
12536,5001
12559,5022
12583,5043
12607,5065
12632,5086
12655,5107
12677,5128
12701,5149
12723,5169
12746,5191
12768,5212
12791,5234
12813,5255
12836,5275
12859,5296
12883,5317
12906,5337
12929,5358
12952,5378
12974,5398
12998,5418
13020,5438
13042,5458
13065,5477
13086,5497
13107,5516
13127,5536
13148,5555
13169,5575
13191,5593
13211,5612
13232,5630
13252,5648
13273,5667
13293,5685
13313,5704
13336,5722
13355,5740
13376,5758
13397,5777
13419,5795
13439,5814
13461,5833
13482,5851
13502,5869
13523,5887
13543,5905
13564,5925
13585,5945
13607,5964
13627,5983
13648,6003
13669,6021
13691,6040
13711,6059
13732,6079
13754,6098
13776,6117
13799,6136
13819,6155
13840,6174
13862,6193
13883,6212
13903,6231
13925,6252
13947,6272
13968,6292
13990,6313
14012,6333
14032,6354
14053,6374
14076,6394
14098,6413
14120,6433
14142,6454
14163,6476
14185,6496
14207,6517
14229,6537
14251,6558
14272,6579
14294,6600
14316,6620
14338,6640
14359,6660
14381,6680
14403,6701
14424,6722
14445,6742
14466,6762
14488,6783
14509,6804
14531,6826
14552,6846
14573,6867
14593,6888
14615,6908
14636,6929
14656,6949
14678,6969
14699,6988
14719,7008
14740,7028
14761,7048
14781,7067
14802,7087
14823,7108
14844,7127
14864,7147
14885,7167
14905,7188
14926,7209
14947,7229
14968,7249
14989,7270
15010,7290
15031,7312
15052,7332
15074,7354
15096,7374
15117,7395
15139,7416
15160,7438
15182,7460
15204,7481
15226,7502
15246,7523
15268,7545
15290,7566
15311,7587
15332,7609
15352,7631
15373,7652
15395,7674
15417,7695
15439,7717
15460,7739
15482,7760
15505,7782
15527,7804
15548,7827
15571,7849
15593,7871
15614,7894
15636,7916
15658,7939
15680,7961
15703,7982
15724,8002
15745,8024
15766,8047
15788,8069
15811,8091
15833,8113
15856,8136
15879,8159
15901,8180
15924,8204
15947,8228
15971,8251
15995,8276
16018,8300
16041,8323
16062,8346
16085,8370
16107,8395
16130,8420
16153,8443
16175,8467
16196,8491
16219,8516
16243,8541
16267,8565
16290,8589
16314,8613
16336,8638
16360,8663
0,8687
24,8712
48,8737
71,8762
95,8786
119,8811
143,8838
166,8862
190,8887
213,8911
238,8937
262,8963
285,8988
310,9013
336,9037
361,9062
386,9087
412,9113
438,9138
463,9164
488,9190
512,9215
539,9240
564,9265
589,9291
612,9318
637,9344
662,9369
686,9394
710,9418
734,9442
759,9466
785,9492
811,9517
836,9541
862,9564
886,9588
911,9612
934,9636
959,9659
982,9683
1006,9707
1030,9732
1054,9755
1077,9779
1100,9802
1124,9824
1148,9849
1171,9873
1195,9896
1219,9919
1244,9943
1270,9966
1294,9990
1319,10015
1344,10039
1369,10063
1395,10087
1419,10112
1445,10136
1470,10160
1495,10185
1519,10210
1545,10235
1570,10259
1595,10284
1620,10308
1646,10331
1670,10356
1696,10382
1724,10408
1751,10433
1779,10459
1806,10486
1833,10511
1859,10536
1885,10563
1912,10589
1939,10614
1965,10640
1991,10665
2016,10692
2042,10718
2069,10745
2096,10771
2121,10798
2148,10823
2174,10848
2201,10875
2227,10901
2256,10926
2282,10951
2309,10977
2337,11003
2364,11030
2390,11055
2416,11079
2442,11103
2466,11129
2491,11155
2516,11181
2542,11205
2568,11230
2593,11257
2619,11282
2645,11306
2670,11331
2696,11355
2721,11379
2747,11403
2773,11426
2799,11450
2825,11475
2849,11498
2873,11521
2898,11544
2922,11567
2945,11590
2970,11614
2993,11639
3018,11662
3043,11685
3067,11708
3093,11731
3117,11755
3142,11778
3168,11802
3193,11825
3218,11850
3243,11874
3268,11898
3295,11922
3320,11947
3344,11971
3369,11994
3392,12018
3416,12039
3440,12062
3464,12085
3487,12108
3511,12130
3536,12152
3561,12175
3585,12197
3609,12220
3633,12244
3656,12266
3680,12289
3705,12311
3729,12332
3753,12355
3778,12378
3802,12401
3827,12423
3848,12445
3872,12468
3895,12490
3919,12511
3941,12534
3962,12556
3985,12578
4007,12600
4028,12623
4051,12645
4075,12667
4098,12690
4122,12713
4147,12736
4171,12760
4195,12782
4219,12805
4244,12826
4267,12848
4291,12872
4314,12895
4336,12917
4359,12938
4382,12961
4405,12983
4428,13004
4450,13026
4473,13047
4497,13069
4521,13092
4544,13114
4568,13136
4592,13158
4616,13181
4639,13203
4662,13225
4685,13247
4708,13267
4731,13288
4753,13309
4777,13332
4798,13353
4821,13375
4843,13397
4866,13419
4888,13440
4910,13460
4934,13481
4956,13501
4981,13522
5004,13545
5026,13565
5049,13585
5072,13608
5094,13629
5117,13649
5140,13671
5164,13693
5185,13713
5208,13732
5230,13753
5251,13774
5272,13795
5293,13816
5315,13836
5336,13856
5358,13876
5379,13896
5401,13914
5423,13934
5445,13954
5466,13971
5486,13990
5507,14009
5528,14030
5549,14049
5569,14068
5591,14086
5612,14105
5632,14125
5652,14145
5673,14164
5694,14182
5714,14201
5735,14220
5755,14238
5775,14258
5796,14278
5817,14297
5838,14315
5859,14334
5880,14354
5902,14373
5923,14393
5943,14413
5964,14433
5986,14453
6007,14472
6028,14492
6049,14512
6069,14531
6091,14551
6112,14572
6133,14592
6154,14613
6177,14633
6199,14654
6222,14674
6243,14696
6265,14718
6287,14738
6309,14759
6332,14781
6353,14801
6376,14824
6398,14845
6420,14866
6441,14888
6463,14908
6486,14928
6509,14949
6530,14970
6551,14991
6573,15014
6596,15035
6618,15058
6641,15081
6663,15102
6685,15125
6707,15146
6730,15168
6751,15189
6772,15211
6796,15232
6818,15254
6840,15276
6863,15298
6885,15320
6907,15342
6928,15362
6949,15384
6970,15406
6992,15427
7013,15449
7034,15471
7056,15492
7077,15513
7099,15534
7120,15555
7142,15576
7164,15599
7185,15620
7209,15641
7230,15662
7252,15684
7275,15706
7297,15727
7318,15750
7340,15773
7362,15795
7383,15815
7406,15838
7427,15860
7449,15883
7470,15905
7492,15927
7515,15950
7538,15974
7560,15996
7583,16019
7606,16042
7629,16064
7652,16087
7675,16109
7697,16131
7719,16153
7741,16176
7763,16199
7785,16222
7807,16245
7829,16267
7851,16289
7873,16312
7896,16336
7919,16360
7942,16382
7964,22
7987,44
8011,67
8035,91
8057,115
8079,137
8102,161
8124,186
8146,208
8170,231
8193,256
8214,280
8237,305
8260,329
8283,353
8305,376
8328,400
8352,424
8376,450
8399,473
8424,497
8448,521
8473,546
8499,572
8523,597
8548,623
8572,647
8596,671
8620,698
8644,724
8668,749
8690,772
8713,796
8736,821
8761,846
8787,872
8813,897
8838,923
8863,949
8888,974
8915,1001
8939,1026
8964,1051
8990,1076
9016,1102
9041,1127
9065,1154
9089,1178
9114,1204
9139,1230
9164,1255
9188,1281
9214,1305
9239,1330
9264,1356
9289,1381
9316,1408
9343,1434
9369,1460
9395,1485
9421,1510
9448,1536
9474,1561
9499,1585
9524,1610
9547,1634
9571,1659
9595,1682
9619,1705
9643,1730
9668,1754
9692,1777
9717,1801
9741,1826
9766,1850
9791,1872
9817,1897
9841,1921
9867,1944
9890,1969
9915,1993
9940,2017
9964,2041
9989,2064
10014,2087
10037,2111
10060,2135
10083,2159
10107,2183
10131,2206
10156,2229
10181,2254
10206,2279
10232,2304
10259,2330
10286,2354
10312,2380
10339,2404
10364,2427
10389,2452
10415,2478
10440,2503
10465,2528
10490,2552
10515,2576
10540,2602
10566,2627
10592,2652
10618,2678
10644,2704
10670,2729
10697,2755
10724,2781
10752,2806
10779,2833
10806,2859
10833,2885
10860,2910
10887,2935
10913,2961
10938,2986
10963,3011
10989,3036
11013,3061
11040,3086
11065,3113
11089,3139
11115,3165
11141,3190
11167,3215
11192,3239
11218,3264
11244,3288
11271,3313
11297,3338
11322,3363
11348,3388
11374,3412
11399,3437
11424,3461
11449,3483
11473,3507
11495,3530
11519,3554
11542,3577
11566,3600
11589,3624
11613,3648
11638,3671
11663,3696
11686,3720
11711,3742
11736,3766
11761,3789
11786,3811
11812,3834
11835,3855
11858,3877
11881,3900
11903,3920
11925,3941
11949,3964
11973,3987
11996,4010
12020,4032
12043,4054
12067,4076
12090,4098
12113,4122
12136,4144
12160,4167
12183,4191
12206,4213
12229,4235
12252,4257
12274,4280
12296,4302
12320,4323
12343,4346
12365,4368
12386,4391
12409,4414
12433,4435
12455,4458
12478,4480
12502,4501
12526,4523
12548,4544
12572,4566
12595,4588
12619,4610
12642,4632
12663,4653
12685,4676
12709,4697
12731,4718
12754,4741
12777,4763
12799,4784
12822,4806
12844,4826
12866,4847
12888,4869
12912,4892
12934,4913
12956,4934
12979,4955
13003,4976
13025,4998
13048,5020
13071,5041
13094,5062
13116,5083
13138,5104
13160,5126
13182,5147
13206,5169
13229,5190
13251,5211
13272,5232
13295,5252
13317,5273
13339,5293
13361,5314
13383,5336
13406,5357
13430,5377
13452,5397
13475,5417
13497,5439
13521,5460
13543,5480
13565,5502
13586,5523
13608,5542
13631,5564
13653,5585
13675,5605
13696,5625
13718,5644
13739,5665
13762,5685
13783,5705
13805,5725
13828,5744
13850,5764
13873,5786
13894,5806
13916,5826
13938,5846
13960,5866
13981,5885
14002,5904
14023,5923
14044,5943
14064,5963
14085,5981
14104,5999
14124,6019
14145,6037
14165,6056
14185,6074
14206,6092
14225,6111
14248,6130
14268,6148
14289,6167
14309,6186
14329,6204
14349,6222
14369,6240
14389,6260
14410,6277
14430,6296
14451,6314
14472,6331
14491,6349
14510,6367
14531,6385
14551,6405
14572,6424
14594,6443
14615,6463
14636,6482
14657,6502
14678,6522
14701,6542
14723,6562
14745,6582
14766,6602
14787,6622
14808,6642
14830,6662
14852,6683
14872,6703
14894,6722
14916,6744
14937,6764
14960,6785
14981,6805
15004,6827
15026,6848
15048,6869
15070,6892
15091,6912
15113,6932
15137,6955
15160,6974
15182,6995
15205,7017
15229,7039
15252,7060
15275,7083
15296,7104
15318,7125
15339,7147
15361,7168
15383,7189
15405,7211
15428,7233
15450,7254
15473,7275
15496,7297
15518,7318
15540,7341
15563,7362
15585,7383
15607,7404
15629,7426
15651,7447
15673,7468
15695,7488
15716,7509
15738,7530
15759,7552
15781,7574
15801,7595
15822,7617
15844,7638
15866,7659
15889,7680
15910,7701
15933,7723
15956,7745
15978,7768
16000,7790
16024,7811
16047,7832
16069,7854
16091,7876
16113,7898
16134,7920
16157,7942
16180,7963
16201,7985
16223,8007
16244,8028
16266,8052
16287,8073
16310,8095
16333,8118
16357,8140
16381,8163
20,8186
44,8210
68,8234
93,8256
116,8278
139,8301
164,8323
186,8347
209,8370
233,8395
256,8418
278,8441
302,8465
325,8488
349,8512
373,8535
396,8559
420,8583
444,8606
468,8630
492,8655
518,8677
543,8701
567,8725
593,8747
617,8772
643,8797
666,8823
691,8847
715,8871
740,8896
763,8920
787,8944
811,8969
836,8992
860,9018
885,9043
911,9067
936,9093
963,9118
990,9143
1015,9168
1042,9193
1067,9219
1092,9244
1118,9270
1144,9295
1169,9321
1194,9347
1220,9371
1246,9398
1271,9422
1296,9446
1322,9471
1347,9496
1373,9522
1400,9547
1427,9573
1454,9599
1482,9626
1508,9651
1535,9676
1561,9700
1585,9726
1612,9752
1637,9778
1662,9801
1686,9827
1711,9851
1738,9878
1764,9903
1789,9928
1817,9953
1842,9977
1868,10002
1894,10027
1920,10052
1947,10077
1974,10102
2000,10127
2026,10151
2051,10176
2076,10199
2100,10223
2125,10245
2147,10269
2172,10292
2195,10316
2219,10340
2243,10363
2268,10388
2291,10411
2314,10433
2340,10456
2365,10480
2391,10503
2416,10526
2443,10550
2468,10575
2493,10598
2517,10622
2542,10645
2565,10669
2589,10692
2614,10716
2637,10738
2661,10762
2687,10788
2713,10813
2737,10838
2762,10863
2787,10887
2812,10913
2838,10938
2865,10963
2893,10987
2918,11013
2944,11037
2969,11064
2995,11089
3022,11113
3047,11138
3072,11163
3096,11186
3120,11212
3146,11238
3172,11264
3198,11290
3222,11316
3248,11341
3274,11366
3301,11393
3327,11418
3351,11443
3377,11469
3403,11494
3428,11519
3453,11543
3479,11568
3504,11593
3528,11616
3552,11641
3577,11665
3602,11690
3626,11716
3648,11741
3673,11766
3698,11790
3723,11815
3747,11840
3770,11864
3794,11886
3819,11911
3843,11934
3866,11957
3890,11980
3913,12003
3935,12027
3957,12049
3980,12072
4002,12095
4024,12117
4045,12138
4067,12160
4090,12182
4113,12204
4135,12226
4158,12250
4181,12272
4204,12294
4226,12317
4251,12339
4275,12361
4297,12383
4321,12407
4344,12430
4367,12453
4389,12475
4410,12497
4432,12519
4454,12541
4477,12563
4501,12587
4523,12611
4545,12634
4569,12656
4592,12679
4615,12700
4638,12723
4661,12744
4685,12767
4707,12789
4730,12811
4753,12833
4775,12855
4798,12877
4820,12899
4841,12921
4863,12943
4884,12963
4906,12985
4927,13006
4951,13027
4974,13048
4996,13070
5018,13093
5040,13114
5063,13137
5085,13159
5107,13179
5129,13200
5152,13222
5174,13243
5197,13265
5219,13286
5242,13308
5264,13331
5286,13352
5307,13373
5329,13394
5351,13416
5373,13438
5395,13459
5417,13480
5438,13501
5460,13523
5483,13544
5506,13565
5528,13586
5551,13608
5573,13628
5595,13649
5617,13670
5640,13690
5662,13712
5683,13733
5704,13754
5726,13775
5749,13796
5770,13817
5791,13837
5813,13858
5836,13880
5857,13900
5880,13922
5902,13942
5923,13962
5945,13983
5966,14004
5989,14025
6011,14045
6034,14066
6055,14087
6077,14107
6099,14128
6121,14148
6144,14168
6166,14189
6186,14210
6208,14230
6229,14251
6251,14270
6273,14291
6294,14310
6315,14330
6336,14349
6357,14368
6378,14388
6399,14406
6420,14427
6441,14446
6462,14466
6483,14485
6504,14504
6524,14524
6545,14543
6566,14562
6586,14581
6607,14600
6627,14619
6648,14638
6668,14657
6688,14676
6709,14696
6729,14716
6749,14735
6771,14754
6792,14773
6812,14792
6833,14812
6854,14832
6875,14853
6897,14872
6918,14893
6940,14912
6961,14933
6982,14954
7004,14976
7027,14997
7049,15018
7071,15039
7092,15061
7115,15082
7135,15102
7158,15124
7181,15144
7202,15165
7224,15186
7247,15207
7270,15230
7293,15251
7315,15273
7339,15295
7362,15318
7384,15340
7407,15362
7428,15384
7450,15407
7473,15430
7495,15451
7518,15474
7541,15496
7564,15517
7587,15540
7611,15564
7635,15586
7658,15608
7681,15631
7704,15655
7728,15678
7751,15700
7773,15723
7796,15746
7819,15768
7841,15792
7864,15813
7886,15835
7908,15857
7929,15879
7951,15901
7973,15923
7996,15944
8017,15967
8040,15989
8062,16011
8085,16034
8107,16056
8130,16079
8153,16101
8176,16123
8197,16146
8220,16167
8242,16188
8264,16210
8286,16231
8308,16253
8329,16275
8351,16299
8372,16321
8395,16343
8417,16366
8440,5
8464,28
8489,50
8514,73
8538,97
8562,119
8588,143
8611,167
8635,190
8658,214
8680,237
8703,261
8727,285
8750,309
8774,333
8798,357
8821,380
8845,405
8870,428
8897,453
8921,476
8946,499
8971,524
8996,548
9021,573
9045,597
9070,622
9095,647
9120,670
9143,695
9168,719
9192,744
9216,769
9240,793
9265,818
9289,844
9314,869
9339,893
9365,918
9390,945
9416,969
9441,992
9466,1018
9493,1043
9519,1068
9546,1094
9572,1120
9598,1145
9623,1170
9650,1195
9674,1221
9698,1248
9724,1273
9750,1299
9775,1324
9801,1350
9826,1376
9852,1402
9878,1427
9905,1452
9934,1478
9959,1504
9987,1529
10014,1555
10039,1582
10066,1608
10093,1633
10118,1660
10144,1685
10170,1710
10196,1736
10221,1761
10246,1789
10272,1814
10298,1840
10323,1866
10350,1892
10377,1916
10404,1940
10431,1966
10457,1992
10484,2018
10511,2043
10538,2069
10564,2094
10590,2118
10616,2144
10642,2169
10667,2196
10691,2220
10717,2246
10742,2270
10767,2294
10792,2318
10816,2342
10840,2367
10867,2392
10893,2417
10918,2440
10943,2464
10969,2488
10994,2512
11020,2535
11044,2558
11068,2581
11092,2606
11116,2629
11139,2653
11163,2677
11186,2700
11210,2724
11232,2747
11256,2770
11281,2793
11305,2816
11329,2840
11355,2865
11382,2890
11407,2915
11431,2939
11456,2964
11482,2989
11507,3015
11531,3037
11556,3063
11579,3087
11604,3112
11630,3137
11655,3161
11680,3185
11704,3212
11729,3236
11754,3261
11779,3287
11805,3312
11829,3337
11855,3362
11880,3388
11905,3413
11931,3438
11954,3463
11979,3489
12003,3513
12027,3537
12051,3561
12074,3587
12098,3610
12121,3636
12144,3661
12168,3685
12191,3710
12216,3734
12240,3759
12263,3782
12286,3807
12310,3831
12335,3855
12360,3878
12384,3901
12407,3923
12430,3945
12454,3967
12476,3989
12499,4013
12522,4036
12543,4057
12567,4080
12589,4104
12612,4125
12634,4148
12656,4170
12679,4193
12701,4216
12725,4237
12748,4259
12772,4280
12792,4302
12814,4323
12835,4345
12857,4367
12879,4389
12900,4409
12921,4431
12943,4452
12965,4474
12987,4496
13009,4517
13030,4538
13052,4560
13074,4582
13096,4603
13120,4626
13142,4648
13165,4669
13188,4691
13210,4712
13232,4733
13254,4755
13276,4777
13298,4799
13320,4820
13341,4841
13363,4863
13385,4885
13407,4906
13427,4927
13449,4947
13470,4967
13492,4987
13513,5006
13536,5027
13557,5048
13579,5069
13601,5091
13622,5112
13643,5132
13665,5152
13687,5173
13709,5194
13731,5215
13753,5235
13774,5256
13794,5276
13815,5297
13836,5317
13857,5337
13879,5358
13900,5379
13922,5398
13944,5419
13965,5439
13987,5458
14010,5479
14032,5499
14054,5519
14075,5539
14097,5560
14118,5580
14140,5602
14160,5622
14181,5643
14203,5663
14225,5683
14247,5703
14268,5723
14291,5744
14313,5764
14335,5784
14356,5804
14378,5824
14400,5845
14423,5865
14444,5885
14465,5906
14487,5926
14508,5946
14530,5968
14552,5986
14575,6006
14597,6025
14618,6046
14639,6066
14661,6086
14682,6105
14705,6125
14726,6145
14748,6165
14769,6184
14791,6206
14812,6224
14833,6244
14856,6264
14878,6284
14899,6303
14921,6323
14943,6343
14965,6362
14987,6382
15009,6403
15031,6423
15053,6441
15074,6460
15094,6479
15115,6498
15136,6519
15157,6538
15177,6556
15198,6575
15219,6594
15239,6613
15261,6632
15282,6651
15303,6670
15324,6689
15346,6708
15367,6728
15388,6747
15409,6767
15429,6787
15450,6805
15471,6825
15492,6844
15513,6863
15535,6883
15556,6903
15577,6923
15599,6944
15621,6963
15643,6983
15665,7004
15688,7025
15712,7045
15735,7067
15758,7088
15781,7110
15804,7132
15826,7153
15849,7173
15872,7194
15895,7215
15918,7236
15940,7259
15963,7281
15984,7302
16007,7324
16031,7345
16055,7367
16079,7388
16101,7411
16125,7434
16148,7455
16172,7478
16195,7501
16219,7524
16243,7547
16265,7568
16288,7591
16310,7613
16333,7635
16356,7658
16379,7680
18,7703
41,7725
64,7748
88,7770
111,7793
134,7815
158,7837
183,7860
207,7882
231,7905
255,7928
279,7949
303,7972
326,7993
349,8015
371,8037
394,8059
416,8080
439,8101
461,8123
484,8145
507,8168
529,8191
552,8211
576,8232
601,8255
625,8277
649,8299
673,8323
696,8345
721,8367
743,8390
767,8413
793,8436
816,8458
841,8481
865,8505
889,8528
913,8552
937,8575
961,8597
984,8621
1009,8645
1035,8670
1061,8694
1087,8717
1114,8740
1139,8765
1166,8789
1191,8813
1216,8837
1239,8860
1263,8884
1288,8908
1311,8931
1336,8954
1360,8977
1383,9001
1409,9025
1434,9049
1461,9073
1485,9096
1511,9120
1539,9146
1565,9172
1592,9196
1618,9222
1644,9246
1669,9271
1696,9296
1722,9320
1749,9344
1773,9369
1797,9394
1823,9418
1848,9443
1874,9468
1899,9492
1924,9519
1950,9545
1977,9570
2002,9596
2030,9621
2058,9647
2085,9672
2112,9698
2138,9723
2165,9748
2194,9774
2220,9800
2245,9826
2270,9850
2296,9877
2323,9902
2349,9927
2374,9952
2401,9979
2427,10005
2453,10031
2479,10057
2507,10082
2533,10108
2559,10134
2587,10160
2613,10185
2640,10210
2666,10236
2693,10260
2718,10286
2744,10311
2769,10336
2794,10362
2818,10387
2844,10413
2869,10437
2895,10462
2921,10488
2946,10512
2974,10538
3000,10565
3028,10590
3054,10616
3080,10640
3106,10663
3131,10687
3155,10712
3179,10735
3204,10760
3227,10785
3250,10810
3273,10833
3298,10858
3322,10881
3345,10906
3368,10929
3392,10952
3416,10975
3441,10999
3465,11023
3491,11047
3515,11072
3539,11096
3563,11119
3587,11143
3611,11167
3635,11189
3658,11214
3680,11237
3704,11262
3727,11287
3749,11310
3772,11334
3794,11358
3819,11382
3843,11407
3867,11431
3891,11456
3915,11481
3939,11507
3962,11533
3987,11559
4012,11584
4036,11608
4060,11633
4084,11656
4108,11682
4133,11707
4155,11733
4178,11758
4202,11783
4226,11808
4249,11833
4275,11858
4298,11884
4322,11909
4348,11934
4373,11959
4397,11985
4421,12010
4446,12035
4471,12059
4495,12083
4520,12106
4543,12130
4566,12153
4589,12178
4612,12203
4635,12227
4659,12251
4682,12274
4706,12298
4729,12322
4751,12345
4776,12369
4799,12393
4821,12416
4843,12439
4866,12462
4889,12485
4911,12507
4933,12530
4957,12553
4978,12575
5000,12597
5023,12620
5044,12643
5064,12666
5087,12688
5110,12709
5130,12731
5151,12752
5172,12774
5194,12796
5214,12817
5235,12838
5257,12859
5279,12881
5301,12903
5322,12926
5344,12947
5366,12968
5387,12991
5408,13011
5429,13033
5452,13055
5474,13078
5496,13100
5518,13121
5541,13142
5563,13163
5583,13185
5606,13205
5629,13226
5650,13247
5672,13269
5694,13291
5715,13312
5736,13335
5758,13356
5779,13376
5801,13398
5823,13419
5843,13440
5865,13461
5887,13482
5908,13504
5930,13524
5952,13544
5974,13565
5995,13586
6016,13607
6037,13627
6057,13649
6080,13670
6102,13691
6124,13712
6147,13734
6168,13753
6190,13774
6212,13796
6235,13816
6256,13837
6278,13858
6299,13878
6321,13899
6342,13920
6365,13939
6386,13959
6408,13980
6430,14001
6452,14021
6474,14042
6496,14062
6519,14084
6541,14106
6563,14127
6586,14147
6608,14168
6630,14189
6652,14209
6674,14231
6695,14251
6718,14271
6739,14292
6761,14313
6782,14334
6804,14354
6827,14374
6849,14395
6871,14415
6893,14437
6916,14457
6939,14477
6961,14498
6983,14518
7005,14539
7027,14559
7049,14578
7072,14599
7094,14619
7116,14640
7138,14661
7159,14682
7181,14702
7203,14722
7225,14742
7248,14763
7270,14784
7292,14804
7314,14824
7336,14843
7358,14863
7379,14882
7401,14903
7424,14923
7446,14943
7468,14963
7491,14983
7512,15003
7534,15023
7555,15043
7576,15064
7598,15084
7619,15104
7640,15125
7661,15145
7685,15165
7706,15186
7730,15206
7751,15227
7774,15248
7798,15267
7821,15287
7843,15307
7865,15328
7887,15350
7911,15372
7933,15393
7955,15415
7977,15437
7999,15458
8021,15481
8043,15503
8066,15525
8090,15547
8114,15569
8137,15591
8161,15614
8186,15635
8210,15659
8235,15683
8261,15707
8284,15729
8309,15752
8333,15774
8357,15799
8381,15823
8405,15846
8429,15871
8453,15894
8478,15917
8503,15941
8527,15965
8551,15988
8579,16012
8604,16036
8628,16059
8653,16083
8679,16107
8705,16132
8730,16156
8757,16179
8783,16202
8807,16225
8832,16249
8858,16274
8883,16298
8907,16321
8932,16345
8957,16368
8982,9
9006,31
9031,56
9056,79
9081,103
9106,126
9133,149
9158,172
9183,196
9209,218
9231,242
9255,266
9280,289
9307,312
9330,337
9355,360
9379,383
9402,406
9426,429
9449,453
9474,477
9499,502
9525,526
9550,550
9576,574
9602,599
9629,623
9655,648
9682,673
9708,699
9734,724
9760,750
9786,775
9810,800
9835,824
9860,848
9886,874
9911,898
9936,923
9963,948
9989,972
10016,997
10042,1023
10068,1046
10095,1071
10123,1096
10151,1121
10177,1148
10205,1173
10231,1199
10256,1224
10281,1249
10306,1275
10331,1300
10356,1326
10380,1350
10405,1376
10431,1402
10458,1427
10485,1453
10511,1478
10538,1504
10566,1529
10594,1555
10621,1581
10648,1607
10676,1633
10701,1659
10727,1685
10753,1710
10778,1737
10805,1764
10829,1789
10855,1815
10880,1840
10905,1866
10931,1891
10957,1918
10983,1944
11010,1970
11037,1997
11064,2023
11091,2048
11118,2074
11144,2099
11171,2124
11197,2149
11224,2174
11249,2201
11273,2229
11296,2255
11322,2280
11347,2307
11372,2333
11398,2358
11423,2383
11449,2409
11474,2434
11500,2461
11526,2487
11553,2512
11578,2536
11603,2562
11628,2586
11654,2613
11679,2637
11703,2663
11728,2688
11752,2713
11775,2737
11799,2762
11822,2788
11845,2813
11870,2838
11894,2863
11918,2887
11944,2912
11967,2937
11991,2961
12016,2986
12039,3011
12063,3034
12085,3057
12108,3079
12130,3103
12153,3128
12173,3151
12196,3175
12219,3201
12241,3225
12264,3249
12287,3273
12309,3295
12333,3320
12355,3343
12378,3366
12402,3390
12424,3413
12447,3436
12470,3459
12492,3483
12516,3505
12538,3529
12561,3552
12583,3577
12605,3601
12628,3625
12650,3650
12674,3677
12697,3701
12719,3724
12742,3749
12767,3774
12791,3799
12816,3823
12841,3847
12865,3873
12887,3896
12911,3919
12933,3942
12957,3965
12981,3991
13003,4013
13026,4037
13049,4062
13072,4086
13095,4110
13116,4133
13138,4158
13162,4182
13184,4205
13207,4229
13229,4252
13253,4277
13275,4300
13299,4324
13323,4347
13346,4370
13369,4393
13390,4415
13412,4437
13434,4458
13455,4481
13477,4503
13498,4525
13521,4547
13542,4570
13563,4593
13584,4615
13605,4638
13625,4659
13646,4679
13668,4700
13689,4722
13711,4744
13733,4765
13752,4785
13773,4806
13793,4826
13813,4846
13833,4867
13854,4887
13875,4908
13895,4928
13916,4949
13936,4969
13956,4989
13977,5010
13998,5030
14020,5050
14041,5071
14062,5092
14082,5112
14103,5133
14125,5152
14145,5173
14166,5193
14187,5213
14209,5233
14230,5253
14251,5274
14271,5294
14291,5315
14313,5336
14333,5354
14353,5374
14374,5393
14395,5412
14415,5432
14436,5451
14456,5471
14477,5490
14498,5510
14520,5529
14541,5549
14562,5569
14583,5589
14604,5610
14624,5629
14645,5649
14666,5669
14687,5688
14709,5707
14730,5727
14752,5746
14773,5765
14793,5785
14813,5805
14834,5825
14855,5844
14876,5863
14897,5883
14918,5904
14939,5924
14962,5943
14983,5963
15005,5981
15027,6001
15049,6021
15072,6041
15093,6061
15115,6081
15136,6100
15158,6120
15179,6140
15201,6159
15223,6178
15243,6199
15265,6219
15287,6240
15308,6260
15331,6281
15353,6300
15375,6320
15397,6339
15420,6359
15442,6380
15464,6399
15486,6419
15508,6439
15530,6458
15552,6478
15573,6499
15595,6518
15617,6538
15639,6558
15661,6578
15683,6599
15705,6618
15725,6638
15747,6657
15770,6676
15793,6696
15815,6715
15839,6735
15862,6755
15885,6776
15908,6795
15931,6816
15953,6834
15977,6855
15997,6875
16018,6895
16039,6915
16060,6934
16081,6954
16102,6974
16123,6994
16144,7015
16166,7034
16188,7054
16210,7075
16232,7095
16255,7113
16277,7132
16299,7153
16322,7172
16345,7193
16365,7212
2,7231
24,7251
46,7270
67,7290
90,7310
111,7331
132,7352
155,7372
178,7393
201,7414
223,7434
246,7453
270,7474
294,7495
318,7515
342,7537
366,7558
390,7579
414,7601
438,7623
463,7646
487,7669
510,7691
533,7713
557,7737
582,7761
608,7784
633,7806
660,7830
684,7853
709,7875
735,7898
761,7921
787,7943
813,7966
838,7989
864,8011
891,8035
915,8059
940,8082
966,8104
991,8128
1016,8151
1041,8175
1066,8198
1091,8222
1118,8247
1143,8272
1169,8296
1195,8319
1222,8343
1247,8367
1275,8391
1302,8415
1327,8439
1354,8462
1380,8486
1405,8510
1429,8534
1453,8556
1478,8580
1503,8602
1529,8624
1554,8647
1579,8671
1602,8694
1628,8718
1654,8742
1680,8765
1707,8789
1733,8812
1758,8836
1783,8860
1808,8883
1833,8907
1859,8932
1884,8956
1910,8980
1934,9003
1959,9028
1985,9052
2010,9076
2037,9101
2062,9125
2089,9150
2116,9176
2142,9201
2166,9227
2193,9252
2220,9275
2246,9298
2274,9322
2300,9347
2327,9372
2353,9397
2379,9421
2403,9447
2428,9471
2453,9495
2478,9520
2503,9544
2530,9571
2556,9597
2581,9622
2607,9648
2633,9673
2659,9697
2686,9722
2713,9746
2739,9771
2764,9795
2791,9820
2816,9845
2841,9870
2865,9895
2891,9920
2916,9946
2941,9971
2967,9997
2991,10022
3017,10047
3043,10073
3068,10097
3094,10123
3120,10149
3147,10175
3173,10201
3199,10226
3223,10252
3250,10276
3277,10302
3302,10328
3327,10353
3350,10379
3374,10404
3399,10429
3425,10455
3450,10481
3475,10506
3500,10532
3526,10559
3550,10585
3574,10611
3601,10636
3627,10663
3653,10689
3678,10714
3703,10739
3727,10764
3752,10788
3777,10815
3801,10840
3825,10864
3848,10888
3871,10914
3894,10939
3917,10963
3940,10990
3962,11015
3986,11040
4010,11065
4034,11090
4058,11115
4083,11139
4106,11164
4130,11189
4154,11215
4179,11240
4203,11264
4225,11289
4248,11313
4271,11337
4292,11360
4315,11386
4337,11411
4360,11434
4383,11458
4406,11481
4428,11504
4450,11529
4473,11553
4495,11578
4518,11602
4541,11625
4564,11648
4586,11672
4608,11694
4630,11718
4652,11740
4674,11764
4696,11787
4718,11810
4738,11833
4759,11857
4781,11879
4804,11902
4824,11926
4846,11949
4868,11972
4888,11995
4911,12019
4933,12043
4955,12066
4978,12089
5002,12112
5025,12135
5048,12158
5070,12181
5092,12205
5115,12229
5138,12251
5161,12277
5183,12300
5207,12323
5229,12348
5252,12371
5274,12395
5297,12419
5320,12443
5343,12468
5366,12491
5388,12514
5410,12538
5432,12561
5455,12585
5478,12610
5501,12634
5523,12658
5547,12681
5569,12704
5590,12728
5613,12752
5634,12775
5656,12797
5678,12820
5700,12843
5722,12866
5744,12889
5766,12912
5787,12934
5809,12956
5832,12980
5854,13001
5876,13022
5899,13044
5919,13066
5939,13088
5960,13109
5982,13130
6003,13152
6024,13174
6044,13195
6065,13216
6086,13237
6106,13257
6127,13277
6149,13298
6170,13319
6192,13340
6212,13363
6234,13384
6255,13405
6276,13425
6297,13446
6318,13465
6339,13486
6361,13507
6381,13529
6402,13548
6423,13569
6445,13591
6465,13612
6486,13632
6507,13651
6527,13672
6549,13692
6572,13713
6593,13733
6614,13753
6637,13774
6659,13794
6681,13815
6704,13835
6726,13854
6747,13875
6769,13895
6789,13915
6811,13936
6833,13956
6855,13976
6875,13995
6898,14016
6919,14035
6941,14055
6963,14075
6984,14094
7005,14114
7025,14133
7047,14154
7068,14174
7091,14195
7113,14213
7136,14234
7159,14253
7180,14274
7202,14293
7223,14313
7244,14333
7266,14353
7288,14374
7309,14395
7331,14415
7354,14436
7375,14456
7397,14476
7419,14497
7442,14518
7466,14538
7489,14559
7511,14580
7535,14600
7557,14619
7582,14640
7605,14660
7628,14681
7650,14702
7673,14723
7695,14743
7719,14764
7742,14784
7765,14804
7787,14825
7809,14847
7831,14868
7854,14889
7878,14909
7901,14930
7924,14952
7947,14972
7971,14993
7994,15015
8015,15036
8038,15055
8061,15076
8083,15097
8106,15117
8128,15139
8150,15159
8173,15179
8195,15199
8219,15222
8242,15243
8265,15265
8288,15286
8312,15308
8336,15328
8359,15350
8384,15371
8409,15393
8432,15415
8457,15436
8480,15457
8504,15479
8527,15499
8549,15520
8571,15540
8593,15562
8616,15584
8639,15605
8662,15626
8685,15646
8708,15667
8733,15689
8758,15711
8782,15733
8807,15754
8832,15776
8857,15797
8880,15818
8904,15841
8928,15863
8951,15884
8975,15905
8998,15928
9023,15950
9047,15972
9073,15995
9096,16018
9121,16040
9146,16063
9170,16088
9196,16111
9222,16135
9249,16158
9277,16181
9304,16205
9331,16228
9357,16251
9384,16274
9411,16297
9437,16322
9463,16346
9489,16370
9514,12
9539,35
9565,61
9591,86
9618,110
9645,134
9672,159
9699,184
9726,208
9751,234
9779,257
9805,283
9832,308
9859,333
9887,358
9913,383
9940,409
9966,434
9990,459
10015,483
10041,508
10068,532
10094,558
10121,583
10147,609
10174,634
10200,659
10227,684
10254,708
10280,732
10306,758
10332,782
10358,807
10382,831
10407,856
10433,879
10456,902
10480,926
10504,950
10529,974
10555,999
10580,1023
10607,1048
10631,1073
10656,1098
10682,1122
10707,1148
10734,1172
10760,1196
10786,1221
10812,1245
10838,1269
10864,1295
10887,1319
10912,1344
10937,1369
10960,1395
10986,1421
11010,1445
11037,1471
11062,1496
11087,1520
11113,1545
11140,1572
11168,1596
11194,1622
11220,1647
11246,1672
11272,1697
11298,1723
11324,1749
11348,1775
11372,1799
11397,1824
11421,1849
11445,1872
11468,1896
11493,1922
11516,1946
11541,1971
11565,1997
11590,2022
11615,2047
11641,2072
11666,2098
11691,2122
11716,2148
11741,2175
11765,2200
11789,2225
11814,2250
11838,2275
11862,2300
11887,2325
11910,2349
11934,2375
11958,2401
11982,2426
12005,2451
12029,2478
12053,2503
12077,2529
12100,2555
12125,2581
12148,2607
12171,2632
12195,2659
12219,2684
12243,2709
12267,2735
12290,2761
12314,2785
12337,2811
12360,2837
12383,2863
12407,2888
12429,2912
12452,2937
12475,2961
12498,2986
12521,3010
12545,3037
12568,3063
12593,3088
12618,3113
12641,3137
12664,3161
12687,3185
12710,3210
12732,3235
12753,3259
12776,3284
12798,3309
12821,3333
12842,3357
12864,3380
12887,3405
12908,3428
12931,3452
12954,3476
12977,3500
13000,3524
13022,3548
13044,3573
13067,3596
13089,3619
13111,3643
13133,3666
13155,3689
13177,3712
13198,3735
13219,3758
13240,3780
13262,3803
13282,3825
13304,3848
13326,3871
13348,3892
13369,3915
13391,3937
13412,3960
13433,3981
13454,4004
13475,4025
13497,4046
13517,4069
13538,4091
13560,4114
13581,4137
13603,4159
13624,4181
13644,4203
13666,4225
13687,4248
13709,4271
13732,4294
13755,4319
13778,4343
13799,4367
13822,4392
13845,4415
13869,4437
13892,4460
13914,4485
13937,4508
13958,4531
13980,4554
14003,4578
14024,4599
14046,4624
14068,4648
14090,4670
14112,4694
14135,4715
14157,4738
14179,4761
14201,4784
14223,4807
14246,4830
14268,4852
14290,4874
14312,4897
14333,4918
14355,4941
14377,4962
14399,4984
14421,5006
14442,5029
14463,5049
14483,5070
14504,5090
14525,5111
14546,5133
14566,5154
14586,5174
14607,5195
14629,5216
14651,5237
14673,5258
14694,5276
14715,5297
14736,5315
14756,5335
14777,5355
14797,5374
14818,5393
14839,5412
14859,5432
14879,5451
14900,5470
14920,5491
14941,5510
14962,5530
14984,5549
15003,5568
15024,5588
15045,5606
15066,5626
15088,5645
15110,5665
15132,5684
15154,5703
15175,5725
15197,5744
15220,5764
15241,5783
15263,5804
15285,5823
15306,5844
15328,5864
15348,5883
15369,5902
15391,5923
15413,5941
15435,5960
15456,5980
15478,5999
15500,6019
15522,6038
15543,6057
15565,6076
15587,6095
15609,6114
15630,6133
15653,6152
15675,6172
15697,6192
15717,6210
15739,6229
15761,6247
15784,6267
15807,6287
15829,6308
15852,6327
15873,6347
15896,6366
15919,6386
15942,6406
15965,6427
15989,6448
16012,6468
16035,6487
16058,6506
16081,6527
16105,6548
16128,6568
16151,6588
16172,6608
16194,6629
16217,6649
16239,6671
16260,6691
16283,6710
16307,6731
16330,6752
16355,6774
16378,6794
17,6815
42,6835
67,6856
90,6877
113,6897
137,6917
160,6939
184,6959
208,6979
231,7000
254,7019
277,7039
300,7060
325,7081
349,7103
372,7124
395,7145
420,7165
443,7186
468,7206
494,7227
518,7248
542,7269
567,7289
591,7310
614,7332
638,7353
664,7374
687,7395
711,7416
736,7437
759,7459
784,7480
807,7502
831,7522
856,7544
880,7565
905,7586
931,7607
955,7628
981,7649
1005,7670
1027,7691
1051,7712
1077,7733
1102,7754
1126,7775
1149,7797
1173,7818
1196,7840
1220,7862
1244,7884
1268,7904
1292,7926
1316,7947
1342,7969
1368,7990
1393,8010
1421,8032
1446,8054
1471,8077
1496,8099
1521,8121
1548,8143
1573,8166
1598,8189
1623,8211
1648,8234
1672,8258
1700,8282
1726,8305
1753,8329
1779,8352
1806,8377
1833,8402
1861,8426
1888,8452
1916,8478
1944,8503
1971,8527
1998,8550
2025,8574
2051,8599
2076,8624
2103,8649
2128,8672
2156,8696
2182,8722
2207,8747
2233,8772
2260,8797
2285,8822
2311,8846
2337,8871
2364,8895
2391,8920
2419,8945
2444,8970
2471,8994
2497,9019
2524,9044
2549,9069
2574,9094
2598,9118
2623,9141
2649,9166
2674,9190
2698,9214
2724,9239
2749,9264
2775,9286
2801,9310
2826,9333
2852,9356
2876,9381
2899,9404
2924,9429
2950,9454
2974,9479
2999,9501
3021,9525
3046,9549
3070,9572
3094,9596
3117,9619
3141,9643
3165,9668
3189,9692
3214,9715
3238,9739
3262,9765
3289,9789
3314,9813
3339,9837
3366,9863
3391,9887
3416,9913
3440,9937
3464,9962
3489,9988
3513,10013
3537,10038
3561,10064
3584,10089
3608,10115
3632,10139
3657,10163
3680,10188
3703,10212
3728,10236
3753,10260
3777,10284
3801,10308
3825,10332
3849,10358
3873,10383
3896,10410
3919,10434
3941,10459
3963,10485
3986,10509
4008,10532
4031,10557
4055,10582
4077,10608
4101,10633
4125,10659
4150,10684
4173,10709
4197,10735
4222,10760
4246,10785
4269,10811
4293,10836
4316,10861
4340,10887
4365,10912
4387,10937
4410,10963
4434,10989
4456,11014
4479,11040
4503,11065
4525,11091
4548,11116
4572,11142
4596,11167
4620,11194
4644,11220
4666,11246
4692,11270
4716,11295
4740,11320
4762,11345
4783,11370
4805,11393
4828,11418
4850,11444
4872,11468
4894,11495
4917,11519
4940,11543
4963,11566
4983,11591
5006,11615
5028,11640
5051,11664
5073,11688
5096,11713
5118,11738
5138,11761
5159,11784
5182,11809
5204,11833
5226,11857
5248,11882
5270,11905
5293,11930
5313,11955
5335,11978
5356,12000
5378,12024
5399,12047
5420,12070
5443,12092
5464,12115
5485,12137
5506,12158
5527,12180
5548,12202
5570,12225
5591,12247
5612,12268
5633,12291
5653,12314
5675,12338
5696,12360
5717,12382
5737,12404
5757,12426
5778,12447
5798,12469
5819,12491
5839,12515
5860,12537
5882,12559
5903,12580
5924,12602
5946,12625
5967,12647
5988,12669
6010,12691
6032,12714
6052,12735
6075,12760
6098,12784
6120,12806
6140,12829
6162,12851
6183,12873
6206,12895
6227,12919
6248,12942
6271,12965
6294,12988
6317,13011
6338,13034
6360,13057
6382,13079
6405,13102
6427,13125
6449,13147
6472,13170
6494,13192
6516,13215
6538,13237
6560,13258
6581,13280
6604,13301
6626,13323
6648,13346
6669,13367
6690,13389
6711,13412
6734,13433
6755,13455
6777,13476
6799,13498
6821,13519
6843,13539
6867,13560
6889,13582
6911,13601
6932,13622
6953,13643
6975,13661
6996,13682
7016,13702
7036,13722
7057,13742
7077,13761
7097,13782
7119,13802
7140,13822
7162,13841
7183,13860
7205,13880
7226,13899
7247,13919
7268,13939
7289,13958
7310,13979
7332,13998
7353,14016
7374,14035
7396,14054
7419,14074
7441,14094
7463,14115
7485,14135
7507,14154
7530,14174
7553,14195
7576,14215
7599,14234
7620,14255
7644,14274
7666,14295
7688,14314
7711,14335
7734,14355
7757,14376
7779,14396
7801,14415
7823,14434
7845,14455
7866,14476
7888,14496
7911,14516
7933,14536
7957,14555
7980,14576
8001,14595
8023,14615
8046,14635
8070,14655
8094,14676
8118,14698
8141,14718
8164,14738
8187,14758
8209,14779
8231,14800
8255,14820
8278,14841
8301,14861
8324,14884
8347,14905
8371,14925
8395,14946
8420,14968
8445,14990
8469,15009
8495,15030
8521,15051
8546,15073
8571,15097
8596,15119
8620,15141
8645,15161
8669,15183
8694,15205
8718,15226
8743,15247
8767,15270
8791,15292
8816,15315
8841,15337
8866,15359
8891,15381
8916,15402
8942,15424
8967,15445
8994,15466
9020,15489
9045,15510
9070,15533
9095,15557
9119,15578
9143,15599
9168,15621
9193,15644
9217,15666
9242,15688
9267,15710
9292,15733
9317,15755
9340,15777
9367,15799
9394,15820
9418,15842
9445,15865
9470,15887
9495,15909
9521,15933
9547,15957
9574,15978
9598,16000
9624,16022
9649,16044
9672,16067
9698,16090
9721,16114
9746,16137
9771,16158
9797,16180
9822,16201
9846,16222
9872,16246
9897,16266
9922,16288
9948,16311
9973,16332
9999,16354
10023,16376
10048,14
10073,37
10098,59
10123,83
10146,107
10170,130
10195,153
10220,176
10244,200
10269,223
10294,248
10320,272
10347,294
10373,318
10400,342
10427,366
10454,390
10481,414
10507,439
10534,463
10559,488
10586,514
10613,540
10639,566
10666,592
10691,617
10717,643
10745,669
10770,694
10796,719
10824,745
10852,770
10881,796
10907,823
10933,848
10959,873
10986,898
11011,924
11037,949
11063,976
11088,1002
11113,1028
11137,1053
11163,1078
11189,1105
11215,1130
11241,1155
11266,1180
11291,1206
11316,1232
11342,1257
11368,1282
11393,1307
11418,1332
11443,1358
11468,1383
11493,1407
11518,1431
11542,1456
11566,1480
11589,1505
11612,1530
11635,1553
11658,1577
11682,1601
11704,1625
11728,1649
11751,1672
11774,1696
11800,1719
11823,1744
11846,1768
11870,1792
11894,1817
11918,1840
11941,1865
11965,1890
11988,1915
12010,1940
12033,1967
12056,1992
12079,2017
12102,2042
12126,2067
12149,2091
12171,2116
12194,2141
12218,2166
12241,2192
12264,2218
12288,2242
12313,2266
12337,2292
12359,2318
12383,2343
12407,2368
12430,2392
12454,2417
12476,2442
12497,2466
12520,2490
12543,2515
12565,2541
12588,2565
12611,2588
12633,2613
12656,2639
12680,2664
12704,2689
12727,2713
12751,2740
12774,2766
12798,2790
12821,2814
12844,2840
12867,2867
12890,2892
12913,2917
12936,2942
12956,2967
12979,2994
13002,3019
13025,3044
13049,3070
13073,3094
13097,3118
13120,3144
13144,3169
13166,3195
13188,3220
13212,3244
13233,3270
13256,3294
13278,3320
13301,3346
13323,3371
13345,3396
13368,3421
13391,3445
13413,3469
13435,3494
13457,3519
13479,3544
13501,3569
13524,3594
13546,3618
13569,3642
13590,3666
13612,3690
13634,3716
13657,3739
13678,3762
13700,3785
13722,3808
13744,3832
13764,3854
13785,3877
13807,3900
13829,3922
13850,3945
13871,3967
13892,3989
13915,4012
13936,4035
13957,4058
13978,4080
14000,4103
14021,4126
14043,4150
14065,4172
14087,4195
14109,4218
14130,4240
14151,4261
14171,4284
14191,4306
14211,4329
14232,4350
14253,4372
14272,4393
14293,4415
14314,4436
14336,4458
14358,4479
14377,4500
14398,4521
14418,4543
14439,4564
14461,4587
14482,4607
14503,4628
14523,4649
14543,4671
14564,4693
14586,4715
14607,4736
14628,4758
14650,4780
14672,4801
14693,4822
14714,4844
14735,4864
14757,4886
14779,4908
14801,4929
14821,4951
14844,4971
14866,4993
14888,5015
14911,5038
14934,5061
14958,5083
14982,5105
15006,5128
15028,5151
15051,5174
15073,5194
15095,5215
15117,5236
15139,5258
15161,5279
15183,5300
15206,5322
15228,5343
15251,5364
15273,5386
15296,5407
15319,5427
15342,5448
15365,5469
15388,5491
15410,5511
15432,5531
15455,5550
15477,5571
15499,5590
15521,5611
15544,5631
15565,5651
15586,5672
15606,5692
15629,5711
15651,5731
15673,5750
15695,5768
15717,5787
15739,5806
15761,5825
15783,5843
15805,5863
15825,5882
15847,5902
15869,5921
15890,5940
15911,5958
15932,5977
15954,5995
15976,6015
15997,6033
16019,6052
16041,6070
16063,6089
16086,6108
16106,6127
16129,6146
16153,6165
16176,6185
16198,6204
16220,6224
16244,6244
16267,6263
16289,6283
16311,6303
16333,6322
16356,6343
16378,6362
16,6381
39,6400
62,6419
85,6440
108,6459
131,6478
154,6497
178,6517
203,6537
226,6557
249,6577
273,6595
298,6614
322,6635
346,6654
370,6674
392,6695
414,6715
436,6735
461,6754
485,6774
509,6795
534,6815
558,6835
584,6857
609,6877
633,6898
658,6919
684,6940
710,6961
736,6982
762,7002
787,7023
811,7044
837,7065
860,7087
885,7109
907,7131
931,7152
957,7173
983,7195
1008,7215
1034,7237
1060,7258
1087,7280
1114,7301
1140,7322
1167,7344
1192,7366
1218,7388
1243,7409
1269,7431
1294,7453
1319,7476
1343,7497
1368,7519
1392,7541
1417,7563
1442,7586
1468,7606
1493,7628
1519,7651
1546,7672
1573,7694
1600,7717
1628,7739
1654,7761
1680,7783
1705,7804
1731,7826
1755,7848
1779,7869
1802,7892
1825,7913
1849,7936
1874,7957
1899,7977
1923,8000
1950,8022
1976,8044
2003,8066
2029,8088
2055,8110
2081,8131
2106,8153
2134,8176
2159,8198
2183,8220
2207,8242
2232,8264
2256,8286
2280,8307
2304,8330
2328,8353
2353,8375
2377,8396
2400,8418
2426,8442
2450,8465
2476,8487
2501,8510
2526,8534
2552,8556
2578,8581
2604,8603
2629,8627
2654,8649
2679,8672
2703,8694
2727,8718
2752,8741
2776,8765
2801,8789
2825,8815
2851,8840
2877,8864
2902,8889
2927,8913
2955,8938
2982,8963
3009,8987
3036,9013
3063,9039
3089,9064
3117,9091
3144,9117
3171,9143
3197,9169
3223,9194
3248,9220
3273,9245
3297,9269
3321,9294
3346,9321
3371,9347
3396,9372
3422,9397
3448,9424
3474,9449
3500,9475
3527,9499
3552,9525
3578,9548
3603,9573
3627,9599
3651,9625
3675,9651
3699,9676
3723,9701
3747,9727
3770,9752
3795,9777
3819,9802
3842,9826
3866,9851
3890,9875
3913,9898
3936,9923
3959,9946
3982,9971
4005,9996
4028,10021
4049,10045
4072,10070
4095,10093
4118,10117
4140,10141
4162,10164
4184,10189
4206,10212
4228,10238
4252,10263
4274,10287
4296,10311
4319,10334
4343,10359
4367,10383
4392,10408
4415,10433
4439,10459
4462,10485
4485,10509
4507,10533
4531,10559
4553,10584
4575,10609
4597,10634
4619,10659
4642,10684
4665,10707
4687,10733
4711,10758
4733,10783
4755,10809
4779,10835
4801,10861
4825,10886
4847,10912
4870,10937
4893,10962
4916,10987
4940,11011
4963,11036
4985,11061
5007,11085
5029,11110
5052,11135
5074,11160
5095,11187
5117,11210
5140,11234
5162,11259
5185,11284
5208,11310
5231,11335
5254,11360
5276,11386
5299,11409
5321,11434
5344,11459
5367,11485
5389,11509
5412,11535
5434,11560
5456,11586
5477,11611
5500,11635
5520,11659
5542,11685
5565,11710
5588,11734
5611,11760
5634,11785
5656,11808
5679,11833
5701,11857
5723,11883
5746,11908
5767,11932
5789,11958
5811,11981
5834,12004
5856,12028
5877,12054
5899,12077
5920,12100
5942,12123
5964,12145
5986,12168
6008,12190
6029,12213
6051,12237
6072,12259
6093,12282
6115,12306
6138,12329
6158,12351
6180,12375
6201,12399
6223,12422
6245,12444
6266,12466
6288,12488
6309,12512
6330,12535
6352,12557
6371,12580
6392,12603
6414,12626
6434,12648
6455,12670
6476,12692
6498,12714
6519,12737
6540,12759
6561,12781
6583,12801
6604,12822
6625,12844
6646,12866
6667,12888
6688,12909
6709,12930
6731,12952
6751,12972
6773,12992
6793,13013
6814,13035
6834,13057
6854,13078
6876,13100
6898,13122
6919,13143
6941,13163
6962,13184
6984,13205
7007,13226
7029,13247
7051,13268
7072,13289
7095,13310
7117,13331
7138,13352
7159,13374
7183,13395
7205,13417
7227,13439
7250,13461
7273,13482
7295,13503
7319,13526
7341,13547
7365,13567
7388,13589
7412,13610
7436,13631
7460,13652
7483,13674
7507,13696
7530,13718
7552,13738
7575,13759
7597,13780
7619,13803
7641,13824
7665,13845
7689,13867
7712,13889
7735,13908
7758,13929
7782,13949
7805,13969
7829,13989
7853,14009
7875,14029
7897,14048
7921,14070
7943,14090
7968,14110
7990,14131
8011,14151
8033,14172
8055,14192
8076,14212
8098,14232
8119,14252
8141,14271
8163,14291
8185,14309
8207,14329
8230,14347
8252,14366
8276,14385
8300,14403
8323,14423
8344,14442
8368,14462
8391,14483
8415,14503
8439,14523
8461,14542
8484,14562
8507,14581
8530,14601
8553,14622
8575,14642
8598,14662
8623,14682
8646,14702
8673,14723
8698,14743
8723,14763
8747,14783
8772,14805
8798,14826
8822,14847
8847,14868
8871,14888
8896,14909
8920,14928
8943,14950
8968,14971
8993,14992
9017,15012
9041,15033
9064,15053
9090,15075
9114,15096
9139,15117
9165,15140
9191,15160
9218,15181
9244,15202
9269,15222
9295,15244
9320,15266
9346,15287
9370,15308
9395,15329
9420,15352
9445,15373
9468,15396
9493,15417
9518,15440
9545,15462
9572,15483
9599,15506
9625,15528
9652,15551
9679,15573
9706,15597
9733,15618
9758,15641
9783,15664
9809,15687
9834,15709
9861,15733
9887,15757
9912,15780
9937,15804
9962,15826
9989,15849
10016,15872
10042,15894
10067,15916
10093,15939
10122,15962
10149,15985
10176,16009
10201,16032
10228,16055
10253,16078
10279,16101
10305,16125
10329,16149
10354,16172
10379,16196
10403,16218
10429,16240
10455,16263
10480,16286
10506,16309
10532,16331
10558,16354
10585,16377
10611,18
10638,39
10664,62
10690,85
10716,109
10742,133
10767,157
10793,179
10817,204
10840,227
10864,251
10888,275
10913,299
10939,323
10964,346
10989,370
11015,394
11040,417
11066,441
11093,465
11119,489
11143,514
11169,536
11193,561
11217,586
11241,610
11265,633
11289,657
11313,680
11336,705
11359,728
11383,753
11408,777
11433,802
11458,826
11484,851
11508,876
11532,901
11557,927
11583,950
11608,974
11633,999
11656,1024
11682,1050
11708,1075
11734,1102
11758,1127
11782,1153
11807,1180
11832,1207
11856,1233
11882,1259
11907,1286
11933,1312
11959,1338
11985,1367
12012,1394
12038,1421
12063,1448
12087,1474
12111,1499
12135,1526
12159,1551
12182,1578
12205,1605
12229,1631
12252,1656
12275,1682
12298,1709
12321,1735
12345,1762
12369,1787
12393,1813
12416,1839
12440,1863
12464,1889
12489,1914
12512,1940
12536,1965
12559,1991
12582,2016
12605,2040
12629,2065
12651,2090
12673,2114
12695,2139
12717,2164
12739,2189
12760,2212
12781,2236
12803,2260
12826,2283
12848,2307
12870,2331
12893,2357
12914,2382
12936,2405
12959,2430
12981,2453
13002,2477
13023,2501
13045,2525
13068,2548
13088,2573
13110,2598
13131,2622
13153,2647
13175,2671
13197,2695
13219,2721
13241,2745
13263,2769
13285,2793
13307,2818
13330,2844
13352,2869
13374,2892
13396,2916
13419,2941
13441,2966
13463,2990
13484,3015
13506,3038
13526,3063
13548,3088
13568,3112
13589,3136
13611,3161
13633,3185
13654,3209
13676,3233
13698,3256
13720,3281
13742,3304
13763,3329
13785,3353
13807,3377
13827,3401
13849,3425
13871,3448
13892,3472
13913,3496
13936,3520
13957,3544
13978,3567
13999,3592
14020,3616
14041,3642
14064,3666
14085,3691
14107,3715
14130,3738
14152,3761
14174,3785
14196,3809
14217,3834
14238,3858
14259,3881
14281,3903
14303,3926
14325,3948
14347,3971
14368,3996
14390,4019
14411,4042
14432,4066
14454,4088
14476,4110
14496,4133
14518,4157
14540,4180
14562,4202
14584,4225
14606,4247
14626,4270
14648,4292
14670,4313
14691,4336
14712,4357
14733,4380
14753,4402
14774,4424
14796,4446
14817,4469
14838,4490
14861,4511
14882,4532
14902,4554
14924,4576
14944,4596
14965,4618
14987,4639
15008,4661
15030,4682
15050,4704
15073,4726
15094,4747
15115,4769
15137,4790
15158,4811
15180,4833
15201,4854
15223,4876
15245,4897
15265,4917
15286,4939
15308,4958
15329,4978
15351,4999
15372,5021
15395,5041
15416,5061
15437,5080
15459,5100
15479,5120
15501,5140
15524,5159
15545,5179
15567,5199
15588,5219
15610,5239
15630,5258
15652,5278
15675,5297
15696,5318
15717,5339
15739,5360
15761,5380
15783,5400
15806,5419
15829,5439
15852,5459
15876,5480
15899,5500
15922,5521
15946,5542
15971,5563
15994,5583
16017,5605
16041,5626
16064,5647
16089,5667
16112,5688
16136,5710
16160,5731
16183,5751
16206,5772
16229,5793
16251,5812
16276,5833
16300,5854
16323,5874
16347,5894
16371,5917
12,5937
37,5957
61,5977
85,5997
109,6017
131,6037
155,6058
178,6078
201,6098
225,6119
249,6139
273,6159
297,6179
320,6199
344,6218
368,6237
392,6256
416,6275
440,6294
464,6312
489,6331
512,6350
536,6369
558,6389
581,6407
605,6426
627,6445
650,6465
674,6485
697,6505
721,6525
745,6544
771,6564
795,6583
820,6602
843,6621
868,6641
894,6660
919,6679
943,6698
968,6718
993,6738
1017,6758
1041,6779
1066,6799
1089,6819
1113,6839
1138,6860
1164,6880
1190,6900
1216,6921
1241,6941
1267,6962
1294,6983
1320,7004
1346,7025
1372,7046
1399,7067
1424,7087
1450,7109
1475,7131
1501,7151
1524,7172
1549,7194
1574,7216
1598,7236
1623,7257
1649,7277
1676,7299
1701,7320
1727,7340
1753,7361
1778,7382
1806,7404
1833,7427
1860,7448
1886,7470
1914,7493
1939,7514
1965,7537
1991,7560
2017,7583
2043,7605
2069,7628
2095,7652
2121,7674
2146,7695
2172,7719
2199,7743
2226,7765
2253,7788
2280,7811
2306,7834
2333,7856
2360,7880
2387,7901
2414,7925
2441,7948
2467,7971
2492,7993
2517,8016
2542,8038
2568,8061
2594,8084
2620,8107
2645,8131
2672,8154
2698,8177
2724,8200
2751,8224
2778,8247
2805,8270
2830,8292
2856,8315
2880,8339
2905,8361
2930,8384
2955,8409
2981,8432
3006,8455
3030,8479
3054,8502
3079,8526
3105,8550
3129,8573
3155,8597
3180,8621
3205,8646
3230,8671
3256,8694
3282,8717
3307,8742
3333,8767
3359,8790
3383,8813
3408,8838
3431,8862
3455,8885
3478,8908
3502,8932
3524,8956
3549,8979
3573,9001
3596,9026
3621,9049
3644,9072
3668,9097
3693,9123
3717,9147
3740,9170
3764,9194
3788,9217
3811,9241
3834,9265
3857,9289
3880,9314
3901,9338
3925,9362
3946,9386
3968,9409
3990,9433
4013,9458
4036,9484
4060,9509
4085,9534
4110,9561
4136,9587
4161,9613
4185,9639
4209,9665
4232,9691
4256,9717
4280,9743
4304,9768
4328,9794
4351,9820
4374,9846
4398,9872
4420,9898
4445,9924
4468,9950
4492,9977
4516,10002
4541,10028
4565,10053
4590,10078
4614,10105
4638,10131
4661,10156
4684,10182
4708,10208
4732,10232
4754,10257
4777,10282
4798,10309
4820,10333
4842,10358
4864,10383
4886,10409
4908,10434
4931,10459
4954,10483
4976,10508
4998,10533
5020,10558
5041,10582
5062,10605
5085,10628
5106,10652
5127,10675
5149,10699
5170,10723
5190,10747
5211,10771
5232,10795
5253,10819
5275,10842
5296,10867
5318,10889
5338,10913
5360,10938
5381,10962
5401,10986
5422,11010
5443,11033
5464,11057
5487,11082
5509,11105
5529,11129
5550,11153
5573,11178
5595,11203
5616,11227
5638,11252
5660,11276
5681,11301
5702,11325
5723,11350
5745,11375
5766,11399
5788,11423
5810,11447
5831,11473
5852,11497
5874,11522
5896,11546
5916,11571
5937,11595
5958,11619
5979,11643
6000,11666
6022,11691
6043,11715
6064,11739
6085,11762
6107,11786
6128,11810
6150,11832
6171,11856
6194,11880
6215,11904
6236,11928
6259,11953
6280,11977
6302,12002
6324,12026
6347,12050
6369,12074
6390,12097
6414,12119
6435,12141
6456,12164
6477,12187
6498,12210
6519,12234
6540,12257
6563,12281
6584,12304
6606,12328
6628,12352
6649,12375
6672,12398
6694,12422
6715,12445
6738,12469
6762,12493
6783,12516
6806,12538
6828,12561
6851,12585
6872,12607
6894,12630
6915,12653
6936,12676
6958,12698
6979,12721
7000,12743
7023,12765
7045,12788
7067,12810
7088,12832
7109,12853
7131,12874
7153,12896
7174,12917
7198,12938
7220,12961
7241,12982
7262,13004
7283,13025
7306,13047
7327,13068
7349,13090
7370,13111
7392,13133
7415,13153
7436,13175
7457,13197
7478,13217
7501,13239
7524,13260
7547,13281
7571,13302
7593,13323
7617,13343
7638,13363
7661,13384
7684,13404
7705,13425
7728,13445
7751,13465
7772,13485
7794,13506
7814,13527
7835,13547
7856,13567
7879,13586
7901,13607
7923,13627
7946,13647
7969,13667
7992,13687
8015,13706
8039,13727
8061,13748
8083,13768
8106,13789
8129,13809
8152,13827
8174,13847
8196,13868
8218,13888
8241,13908
8264,13927
8287,13948
8311,13968
8336,13990
8360,14011
8386,14032
8411,14052
8436,14074
8462,14095
8488,14118
8513,14140
8539,14160
8564,14181
8589,14202
8614,14223
8639,14243
8664,14263
8689,14283
8714,14306
8737,14326
8762,14346
8787,14367
8811,14390
8836,14410
8861,14429
8886,14450
8913,14471
8937,14492
8963,14512
8989,14533
9015,14553
9040,14572
9065,14592
9090,14612
9114,14632
9138,14652
9160,14672
9184,14694
9207,14713
9231,14733
9255,14753
9280,14772
9305,14791
9331,14810
9356,14830
9380,14850
9406,14870
9430,14890
9455,14911
9480,14932
9505,14952
9529,14971
9552,14991
9576,15011
9599,15030
9624,15049
9647,15069
9671,15090
9695,15108
9721,15128
9743,15148
9768,15169
9794,15188
9820,15210
9846,15231
9872,15251
9899,15274
9925,15296
9952,15317
9977,15338
10004,15361
10029,15381
10054,15402
10078,15425
10104,15447
10129,15469
10155,15491
10181,15513
10206,15534
10231,15557
10258,15579
10285,15601
10312,15622
10338,15643
10365,15665
10390,15687
10416,15710
10441,15734
10467,15756
10493,15778
10518,15800
10543,15821
10569,15845
10594,15868
10620,15890
10646,15912
10671,15935
10699,15958
10725,15982
10751,16006
10778,16030
10806,16053
10833,16077
10860,16101
10886,16125
10913,16149
10938,16173
10965,16196
10990,16219
11016,16242
11042,16264
11067,16289
11092,16312
11117,16335
11142,16359
11166,16382
11192,22
11217,46
11244,70
11271,94
11297,119
11323,143
11349,166
11374,189
11400,213
11425,237
11451,262
11475,287
11499,312
11524,335
11549,358
11572,382
11595,406
11619,430
11643,454
11668,478
11692,502
11716,528
11741,551
11765,575
11788,599
11812,623
11836,648
11860,672
11883,696
11907,719
11931,742
11954,765
11977,791
12000,816
12023,839
12046,862
12068,888
12091,911
12113,935
12135,961
12157,985
12180,1010
12203,1034
12227,1058
12250,1082
12272,1106
12295,1130
12319,1154
12342,1177
12364,1202
12386,1226
12407,1250
12429,1272
12451,1296
12472,1321
12493,1347
12515,1370
12537,1394
12559,1418
12582,1442
12605,1466
12628,1491
12652,1515
12674,1541
12697,1566
12720,1590
12742,1615
12764,1639
12787,1664
12808,1689
12831,1715
12854,1738
12876,1764
12899,1790
12920,1815
12943,1840
12966,1866
12988,1891
13010,1918
13034,1945
13057,1971
13082,1997
13106,2024
13128,2051
13152,2078
13175,2103
13198,2129
13222,2155
13245,2181
13269,2208
13291,2235
13314,2261
13336,2286
13359,2312
13381,2338
13404,2364
13427,2390
13449,2417
13471,2442
13493,2468
13517,2493
13540,2519
13562,2545
13585,2571
13607,2595
13629,2619
13651,2644
13672,2670
13692,2695
13714,2720
13736,2745
13757,2769
13777,2793
13798,2817
13819,2841
13840,2867
13861,2890
13883,2914
13904,2939
13925,2963
13946,2987
13968,3010
13988,3033
14010,3057
14030,3081
14052,3106
14072,3128
14093,3152
14114,3174
14134,3198
14155,3221
14176,3245
14196,3269
14216,3293
14237,3318
14258,3343
14279,3367
14301,3392
14324,3417
14345,3441
14367,3466
14389,3492
14411,3516
14434,3541
14456,3565
14478,3590
14499,3613
14522,3639
14543,3663
14564,3687
14585,3711
14606,3735
14626,3758
14647,3782
14668,3806
14690,3830
14712,3855
14733,3878
14754,3901
14777,3922
14798,3945
14819,3967
14840,3989
14862,4011
14883,4034
14906,4057
14928,4081
14950,4105
14972,4128
14995,4150
15017,4173
15038,4196
15061,4219
15083,4243
15105,4266
15127,4291
15149,4314
15171,4337
15194,4360
15218,4382
15240,4405
15263,4427
15286,4451
15308,4473
15332,4496
15354,4518
15374,4540
15396,4564
15417,4587
15439,4610
15462,4632
15483,4654
15505,4676
15527,4698
15550,4720
15573,4742
15594,4764
15617,4786
15640,4808
15662,4830
15684,4849
15706,4871
15729,4893
15751,4914
15774,4937
15795,4959
15817,4980
15839,5001
15861,5020
15883,5041
15904,5062
15926,5082
15948,5102
15970,5123
15993,5143
16016,5165
16038,5186
16062,5205
16086,5225
16109,5246
16132,5266
16155,5286
16177,5306
16200,5327
16220,5347
16244,5367
16265,5387
16288,5408
16310,5428
16332,5448
16355,5468
16376,5488
15,5508
38,5528
61,5547
84,5566
107,5585
132,5605
156,5625
180,5644
202,5662
225,5682
249,5701
271,5721
294,5740
317,5759
340,5778
364,5798
387,5817
410,5836
433,5856
456,5875
481,5893
506,5913
532,5933
557,5953
582,5973
609,5993
635,6013
660,6033
685,6054
711,6075
735,6094
760,6114
786,6134
810,6156
835,6176
859,6196
886,6216
912,6237
938,6257
964,6278
989,6299
1017,6320
1045,6341
1070,6361
1096,6382
1124,6403
1153,6425
1180,6446
1205,6466
1231,6488
1257,6508
1281,6529
1307,6550
1333,6571
1358,6592
1384,6611
1411,6632
1438,6651
1465,6672
1491,6692
1517,6713
1544,6734
1571,6754
1596,6774
1622,6794
1649,6815
1674,6835
1699,6855
1722,6876
1746,6897
1771,6916
1796,6937
1823,6957
1847,6976
1872,6997
1897,7014
1922,7035
1947,7055
1973,7075
2000,7094
2025,7115
2051,7134
2076,7154
2101,7175
2125,7196
2150,7216
2175,7237
2201,7258
2225,7279
2251,7300
2278,7321
2303,7343
2329,7366
2354,7388
2380,7409
2407,7430
2433,7452
2460,7474
2487,7497
2514,7518
2541,7540
2567,7562
2592,7584
2619,7606
2644,7627
2669,7649
2694,7672
2719,7694
2745,7716
2769,7738
2793,7760
2819,7781
2844,7803
2868,7824
2894,7847
2921,7870
2948,7893
2974,7914
3001,7937
3027,7961
3052,7984
3075,8007
3100,8031
3127,8053
3152,8076
3177,8100
3202,8121
3227,8144
3251,8166
3276,8189
3302,8213
3327,8235
3353,8260
3378,8282
3405,8307
3430,8332
3457,8355
3483,8379
3508,8402
3532,8425
3557,8448
3581,8471
3604,8494
3628,8518
3654,8543
3677,8567
3701,8592
3727,8615
3751,8638
3774,8663
3798,8688
3823,8712
3848,8735
3872,8760
3895,8785
3919,8810
3942,8834
3965,8858
3988,8881
4011,8905
4035,8930
4057,8953
4079,8978
4102,9002
4124,9026
4147,9050
4169,9074
4192,9098
4214,9122
4238,9147
4261,9171
4285,9197
4309,9222
4333,9245
4356,9270
4380,9296
4404,9319
4427,9344
4450,9368
4472,9392
4495,9416
4517,9441
4542,9465
4564,9490
4587,9515
4609,9540
4630,9564
4653,9589
4675,9615
4698,9640
4720,9663
4742,9688
4766,9712
4789,9735
4810,9758
4833,9783
4856,9807
4877,9833
4899,9857
4920,9882
4942,9906
4963,9931
4985,9955
5008,9978
5030,10002
5052,10026
5073,10051
5096,10076
5118,10101
5140,10127
5163,10153
5184,10178
5207,10203
5230,10230
5253,10256
5276,10282
5298,10309
5320,10334
5343,10361
5367,10387
5389,10414
5412,10440
5436,10468
5459,10494
5481,10520
5505,10548
5528,10574
5552,10601
5577,10629
5599,10655
5622,10682
5645,10709
5668,10735
5691,10761
5714,10787
5737,10813
5759,10838
5782,10864
5805,10891
5827,10916
5849,10941
5870,10965
5891,10990
5913,11016
5935,11041
5957,11067
5978,11093
5999,11119
6022,11143
6044,11168
6066,11194
6088,11219
6110,11242
6131,11268
6152,11292
6172,11317
6193,11342
6213,11366
6235,11391
6255,11413
6276,11437
6297,11460
6318,11484
6338,11508
6358,11532
6380,11555
6400,11578
6421,11601
6442,11623
6463,11648
6486,11672
6508,11697
6529,11722
6551,11747
6572,11771
6594,11795
6615,11819
6638,11843
6659,11869
6682,11895
6704,11920
6726,11944
6748,11967
6770,11991
6791,12015
6814,12040
6836,12064
6856,12088
6881,12112
6904,12135
6926,12160
6949,12182
6971,12205
6994,12230
7017,12253
7040,12276
7061,12298
7083,12320
7104,12344
7125,12367
7148,12390
7168,12414
7191,12437
7214,12461
7237,12485
7259,12508
7282,12532
7305,12555
7329,12578
7352,12603
7375,12626
7398,12649
7422,12672
7444,12695
7467,12717
7490,12740
7512,12765
7534,12787
7556,12810
7580,12834
7603,12857
7626,12879
7649,12901
7672,12923
7696,12947
7719,12969
7744,12991
7767,13013
7791,13036
7814,13059
7838,13082
7860,13105
7882,13126
7905,13149
7928,13170
7950,13191
7973,13213
7995,13234
8018,13256
8040,13277
8061,13300
8084,13320
8107,13341
8130,13361
8153,13382
8176,13401
8198,13423
8223,13442
8247,13462
8269,13482
8292,13503
8315,13524
8338,13544
8362,13565
8384,13585
8406,13604
8430,13624
8453,13646
8476,13667
8500,13686
8523,13707
8547,13729
8571,13748
8594,13768
8618,13789
8643,13808
8666,13829
8691,13848
8714,13868
8740,13887
8764,13907
8787,13926
8811,13946
8834,13966
8857,13987
8882,14007
8906,14027
8930,14047
8955,14067
8979,14086
9003,14105
9027,14125
9053,14144
9079,14164
9103,14184
9129,14204
9153,14224
9178,14243
9203,14264
9227,14283
9251,14303
9276,14324
9301,14343
9325,14363
9351,14383
9377,14402
9402,14422
9426,14443
9452,14463
9476,14483
9503,14504
9529,14525
9556,14546
9584,14568
9612,14588
9640,14609
9668,14631
9694,14653
9719,14674
9746,14696
9773,14718
9799,14740
9825,14761
9851,14781
9879,14803
9907,14824
9934,14845
9960,14867
9988,14889
10014,14910
10040,14932
10068,14954
10096,14975
10123,14997
10150,15018
10177,15039
10205,15061
10230,15082
10255,15103
10282,15123
10308,15145
10332,15165
10356,15187
10382,15208
10407,15229
10433,15248
10457,15270
10482,15291
10509,15312
10534,15333
10561,15353
10586,15374
10612,15395
10637,15416
10662,15436
10686,15458
10710,15479
10735,15500
10760,15521
10784,15541
10809,15561
10833,15582
10857,15604
10880,15625
10906,15646
10932,15667
10956,15687
10981,15709
11007,15732
11032,15754
11059,15777
11083,15799
11108,15821
11133,15843
11159,15865
11182,15887
11207,15909
11232,15932
11255,15955
11281,15977
11305,16000
11329,16024
11355,16046
11380,16068
11405,16092
11431,16116
11455,16138
11481,16160
11506,16183
11532,16206
11557,16229
11582,16252
11607,16273
11631,16296
11655,16319
11678,16342
11701,16365
11724,4
11749,26
11773,49
11797,71
11819,96
11844,118
11868,142
11893,168
11917,191
11942,215
11966,241
11991,264
12016,289
12040,314
12064,338
12088,362
12111,387
12135,413
12157,438
12180,462
12203,486
12224,510
12248,534
12271,560
12295,585
12317,609
12342,633
12366,659
12390,684
12414,709
12438,734
12462,759
12486,785
12509,809
12533,834
12555,859
12578,885
12600,910
12621,935
12645,959
12668,982
12691,1008
12713,1033
12734,1057
12756,1081
12778,1104
12801,1129
12823,1153
12847,1178
12871,1203
12892,1227
12914,1251
12935,1276
12958,1300
12979,1324
13000,1349
13023,1373
13045,1398
13066,1423
13088,1446
13110,1471
13132,1496
13153,1521
13174,1545
13195,1570
13217,1595
13240,1619
13263,1645
13285,1669
13308,1694
13330,1717
13352,1741
13374,1766
13396,1791
13416,1815
13436,1840
13457,1864
13478,1889
13500,1914
13521,1939
13542,1962
13564,1987
13584,2011
13606,2035
13625,2060
13646,2084
13668,2109
13689,2133
13710,2157
13731,2181
13752,2205
13772,2229
13794,2252
13816,2276
13836,2301
13858,2327
13879,2352
13900,2378
13922,2404
13944,2431
13965,2456
13987,2483
14009,2508
14032,2534
14053,2558
14075,2584
14097,2609
14119,2636
14142,2662
14164,2688
14186,2713
14209,2741
14231,2767
14254,2795
14276,2820
14298,2847
14321,2873
14343,2898
14365,2925
14387,2950
14408,2976
14430,3003
14451,3028
14473,3052
14496,3078
14518,3103
14540,3128
14563,3154
14585,3179
14606,3204
14628,3229
14649,3255
14672,3279
14693,3303
14715,3328
14737,3353
14758,3378
14778,3401
14799,3426
14821,3450
14841,3472
14862,3496
14883,3520
14904,3542
14925,3566
14946,3589
14967,3611
14987,3634
15008,3657
15029,3681
15050,3704
15070,3727
15092,3750
15113,3774
15135,3796
15156,3818
15177,3840
15198,3862
15220,3886
15241,3909
15263,3931
15284,3953
15305,3976
15326,3998
15348,4021
15369,4043
15392,4065
15414,4089
15438,4112
15460,4136
15482,4157
15504,4181
15527,4205
15550,4228
15573,4251
15595,4275
15616,4298
15638,4321
15660,4345
15682,4366
15704,4389
15726,4413
15750,4434
15773,4457
15796,4479
15820,4501
15843,4524
15864,4546
15887,4569
15909,4592
15932,4613
15955,4635
15977,4659
16000,4680
16022,4702
16045,4724
16068,4748
16092,4770
16115,4791
16138,4814
16162,4836
16185,4857
16208,4878
16232,4901
16256,4924
16281,4946
16306,4969
16330,4990
16353,5013
16376,5034
15,5055
38,5076
62,5098
84,5120
108,5141
132,5162
154,5183
177,5204
201,5226
224,5247
248,5269
274,5290
299,5311
323,5331
348,5352
373,5372
397,5392
422,5412
444,5432
468,5453
492,5473
515,5494
538,5513
560,5532
584,5552
608,5570
632,5589
656,5610
680,5629
704,5648
728,5668
754,5687
780,5707
805,5727
830,5747
854,5766
878,5785
902,5805
927,5824
952,5843
974,5863
998,5882
1023,5901
1046,5920
1072,5940
1097,5959
1122,5979
1148,5998
1173,6016
1199,6035
1225,6056
1250,6075
1275,6095
1300,6114
1325,6133
1349,6153
1373,6171
1398,6190
1422,6209
1448,6228
1471,6247
1496,6267
1521,6286
1546,6305
1571,6324
1596,6344
1621,6363
1646,6383
1671,6401
1698,6420
1724,6439
1750,6459
1776,6478
1801,6499
1826,6519
1852,6539
1879,6560
1907,6581
1932,6600
1957,6620
1985,6642
2009,6663
2036,6684
2063,6705
2089,6726
2117,6747
2143,6768
2171,6789
2200,6811
2228,6832
2256,6853
2282,6874
2309,6896
2336,6917
2363,6939
2390,6960
2417,6982
2440,7004
2465,7026
2491,7046
2517,7068
2545,7089
2571,7110
2596,7131
2623,7153
2650,7174
2677,7195
2704,7216
2729,7238
2755,7259
2781,7280
2807,7301
2833,7322
2857,7343
2883,7363
2906,7384
2930,7404
2955,7426
2979,7448
3003,7468
3028,7489
3052,7510
3077,7530
3102,7551
3125,7571
3151,7593
3175,7614
3200,7634
3224,7657
3249,7678
3273,7699
3297,7719
3322,7741
3346,7762
3370,7782
3394,7804
3417,7826
3440,7849
3463,7870
3486,7892
3509,7913
3532,7936
3558,7958
3583,7980
3607,8001
3633,8024
3657,8046
3681,8068
3706,8090
3731,8113
3756,8136
3780,8159
3805,8183
3829,8206
3853,8229
3876,8253
3898,8276
3921,8299
3944,8323
3967,8347
3992,8371
4015,8395
4040,8417
4063,8441
4087,8465
4110,8489
4135,8513
4158,8537
4182,8559
4205,8583
4228,8607
4252,8631
4275,8656
4298,8680
4321,8705
4344,8729
4367,8753
4390,8777
4414,8802
4439,8827
4463,8854
4489,8879
4513,8904
4537,8928
4559,8953
4584,8976
4606,9002
4630,9027
4654,9054
4677,9078
4700,9103
4723,9128
4745,9154
4768,9178
4791,9203
4814,9229
4836,9254
4860,9281
4882,9306
4907,9331
4930,9356
4953,9382
4975,9406
4998,9431
5020,9455
5042,9481
5064,9505
5087,9530
5109,9554
5130,9578
5151,9601
5172,9626
5194,9650
5216,9675
5239,9700
5260,9725
5282,9750
5304,9776
5326,9799
5349,9823
5371,9848
5392,9873
5413,9899
5434,9923
5455,9948
5478,9971
5499,9995
5520,10019
5542,10045
5563,10070
5585,10094
5606,10117
5627,10142
5648,10167
5669,10191
5691,10216
5713,10241
5734,10268
5755,10294
5777,10318
5800,10343
5821,10367
5842,10391
5862,10416
5883,10440
5905,10462
5924,10485
5944,10508
5964,10533
5986,10557
6007,10582
6027,10607
6048,10632
6068,10656
6089,10682
6111,10706
6132,10731
6154,10755
6176,10781
6197,10806
6219,10830
6241,10856
6263,10881
6285,10906
6306,10933
6329,10961
6353,10987
6375,11014
6398,11041
6420,11068
6443,11095
6465,11121
6488,11148
6510,11174
6532,11201
6555,11226
6577,11253
6599,11279
6623,11304
6646,11331
6669,11357
6692,11382
6715,11408
6739,11434
6762,11461
6783,11487
6806,11513
6828,11539
6850,11563
6873,11589
6895,11614
6917,11637
6938,11662
6960,11687
6982,11712
7004,11738
7026,11762
7048,11786
7070,11810
7093,11835
7115,11860
7136,11883
7157,11907
7179,11930
7201,11954
7224,11976
7245,11999
7266,12021
7287,12044
7308,12066
7330,12091
7351,12115
7372,12136
7393,12157
7414,12180
7435,12200
7458,12223
7480,12244
7501,12266
7523,12288
7545,12310
7566,12332
7589,12354
7611,12377
7633,12399
7655,12423
7675,12445
7697,12467
7719,12488
7740,12510
7762,12533
7784,12555
7807,12579
7829,12601
7851,12624
7873,12647
7898,12670
7921,12693
7944,12716
7968,12738
7992,12761
8014,12783
8036,12806
8059,12828
8081,12851
8103,12873
8124,12895
8146,12916
8169,12938
8192,12959
8215,12980
8238,13002
8260,13023
8284,13045
8307,13066
8331,13088
8355,13109
8379,13131
8404,13152
8429,13174
8453,13196
8477,13218
8501,13240
8525,13260
8550,13282
8573,13305
8597,13326
8620,13348
8644,13370
8668,13390
8692,13412
8716,13434
8741,13455
8766,13475
8790,13497
8815,13518
8841,13539
8867,13560
8893,13580
8918,13602
8943,13623
8969,13643
8993,13664
9017,13685
9042,13705
9066,13725
9090,13745
9113,13765
9138,13784
9163,13805
9186,13824
9211,13846
9234,13866
9260,13884
9285,13904
9310,13923
9337,13943
9362,13962
9387,13982
9411,14003
9437,14021
9461,14041
9484,14059
9508,14078
9531,14097
9555,14118
9579,14137
9603,14156
9627,14175
9652,14193
9675,14212
9702,14233
9729,14252
9756,14272
9781,14291
9807,14311
9832,14330
9857,14349
9882,14369
9907,14389
9932,14409
9957,14427
9981,14447
10004,14466
10030,14487
10055,14506
10082,14526
10108,14546
10132,14566
10157,14586
10182,14607
10209,14626
10235,14645
10261,14665
10286,14684
10312,14705
10337,14724
10362,14743
10386,14764
10411,14783
10435,14803
10460,14822
10485,14841
10509,14862
10534,14882
10561,14903
10587,14925
10613,14946
10640,14966
10666,14988
10693,15009
10721,15031
10747,15053
10773,15076
10800,15097
10829,15118
10856,15140
10881,15162
10907,15183
10933,15205
10958,15228
10985,15252
11013,15275
11039,15297
11066,15320
11092,15343
11119,15365
11147,15387
11174,15411
11202,15432
11228,15455
11256,15477
11282,15499
11308,15523
11335,15546
11360,15568
11386,15590
11412,15612
11437,15635
11462,15657
11485,15680
11510,15701
11535,15724
11559,15746
11583,15769
11609,15792
11634,15814
11659,15836
11684,15857
11708,15880
11733,15902
11757,15924
11781,15946
11805,15968
11829,15991
11852,16013
11876,16035
11898,16055
11921,16077
11944,16100
11966,16123
11989,16145
12013,16167
12036,16189
12059,16210
12082,16232
12105,16253
12127,16274
12150,16295
12171,16317
12193,16340
12216,16362
12238,1
12261,24
12283,46
12304,69
12328,92
12350,114
12372,138
12395,164
12417,187
12442,212
12466,237
12490,262
12514,287
12539,311
12562,335
12586,359
12609,384
12633,408
12657,434
12680,458
12702,482
12725,507
12747,531
12768,555
12789,580
12811,604
12833,627
12855,652
12876,677
12900,701
12924,724
12947,749
12970,774
12992,798
13014,824
13037,849
13061,874
13085,899
13108,925
13131,951
13153,978
13176,1004
13198,1030
13220,1056
13242,1082
13265,1108
13288,1134
13309,1158
13331,1184
13353,1209
13376,1234
13398,1259
13421,1285
13443,1309
13465,1335
13487,1360
13509,1385
13531,1411
13553,1438
13575,1463
13596,1488
13618,1513
13639,1538
13660,1562
13681,1588
13702,1613
13723,1637
13745,1663
13767,1687
13788,1711
13810,1736
13830,1761
13852,1783
13873,1809
13893,1832
13913,1856
13934,1881
13953,1904
13974,1928
13995,1952
14015,1975
14034,2001
14055,2026
14076,2052
14098,2076
14119,2100
14140,2126
14159,2151
14181,2174
14203,2199
14224,2223
14244,2247
14263,2270
14284,2295
14305,2320
14327,2345
14348,2370
14369,2395
14389,2418
14409,2443
14430,2469
14451,2493
14471,2517
14492,2541
14513,2565
14533,2590
14554,2614
14575,2638
14596,2662
14617,2687
14637,2711
14658,2733
14678,2757
14698,2781
14718,2807
14740,2830
14761,2852
14782,2878
14803,2901
14823,2926
14843,2950
14863,2975
14885,3000
14906,3024
14928,3049
14949,3074
14971,3100
14994,3126
15016,3151
15038,3177
15060,3202
15081,3227
15103,3252
15125,3277
15147,3301
15169,3326
15193,3351
15216,3375
15238,3400
15261,3425
15283,3451
15305,3477
15328,3502
15351,3527
15373,3554
15397,3579
15420,3604
15442,3630
15466,3654
15489,3679
15512,3705
15535,3730
15559,3754
15581,3778
15604,3803
15626,3827
15650,3851
15673,3875
15696,3897
15718,3921
15739,3943
15762,3965
15783,3987
15805,4010
15827,4033
15849,4055
15872,4079
15894,4101
15918,4124
15939,4146
15961,4168
15983,4191
16005,4213
16028,4236
16051,4258
16074,4280
16095,4303
16118,4325
16140,4346
16161,4369
16183,4391
16203,4411
16224,4433
16246,4455
16268,4477
16289,4498
16313,4519
16334,4540
16358,4561
16381,4581
21,4602
43,4624
67,4645
91,4668
113,4690
138,4712
163,4735
186,4757
210,4781
234,4803
257,4826
282,4848
306,4869
329,4890
353,4912
378,4934
403,4955
428,4977
452,4997
477,5018
503,5039
527,5062
551,5082
575,5103
600,5124
626,5146
650,5167
673,5188
698,5209
722,5230
748,5250
773,5270
798,5292
823,5313
849,5335
875,5355
902,5376
929,5397
955,5420
983,5441
1009,5461
1035,5481
1061,5501
1087,5521
1112,5542
1136,5563
1162,5583
1188,5603
1212,5625
1238,5645
1263,5666
1289,5686
1315,5705
1342,5724
1368,5745
1394,5765
1421,5784
1448,5805
1475,5825
1503,5844
1527,5865
1551,5884
1575,5905
1600,5925
1626,5945
1651,5963
1675,5982
1700,6001
1726,6021
1751,6039
1778,6059
1802,6078
1827,6098
1853,6117
1878,6136
1904,6154
1931,6173
1957,6192
1982,6211
2009,6229
2035,6249
2059,6268
2085,6287
2108,6306
2132,6325
2155,6344
2180,6363
2206,6381
2230,6400
2255,6420
2281,6439
2306,6458
2333,6478
2359,6498
2386,6518
2412,6537
2438,6556
2463,6575
2489,6595
2516,6615
2540,6633
2564,6652
2588,6671
2611,6690
2635,6710
2658,6728
2683,6747
2707,6767
2733,6786
2757,6806
2784,6826
2810,6845
2835,6865
2860,6885
2884,6904
2910,6924
2934,6943
2959,6963
2983,6983
3008,7004
3034,7026
3059,7047
3084,7069
3108,7090
3134,7111
3161,7132
3186,7153
3212,7175
3238,7197
3265,7219
3291,7242
3316,7264
3341,7285
3366,7306
3393,7328
3418,7350
3444,7373
3470,7395
3496,7416
3520,7439
3545,7462
3571,7485
3596,7508
3621,7531
3647,7553
3673,7577
3698,7600
3724,7623
3748,7645
3774,7668
3798,7689
3823,7713
3850,7735
3873,7757
3896,7778
3919,7801
3942,7823
3965,7845
3987,7867
4010,7889
4034,7912
4057,7934
4079,7955
4102,7977
4125,7998
4148,8019
4172,8041
4195,8064
4218,8085
4241,8108
4265,8130
4287,8151
4309,8173
4331,8195
4353,8218
4375,8241
4397,8262
4421,8284
4443,8305
4465,8328
4486,8350
4507,8371
4528,8392
4551,8415
4573,8437
4596,8459
4618,8483
4641,8506
4663,8528
4685,8553
4707,8578
4730,8601
4753,8625
4777,8649
4801,8674
4823,8698
4847,8725
4870,8749
4892,8773
4914,8798
4937,8822
4959,8847
4981,8872
5003,8897
5025,8921
5047,8945
5069,8969
5092,8993
5114,9018
5136,9042
5159,9065
5181,9090
5203,9115
5225,9140
5247,9166
5268,9191
5291,9215
5313,9241
5336,9266
5359,9291
5382,9315
5403,9341
5424,9367
5445,9392
5468,9419
5492,9445
5515,9470
5538,9492
5560,9518
5583,9543
5604,9567
5626,9593
5648,9619
5671,9645
5693,9671
5715,9698
5738,9724
5760,9750
5783,9776
5804,9801
5825,9827
5846,9851
5867,9877
5889,9903
5911,9928
5933,9954
5954,9979
5976,10003
5998,10028
6021,10053
6042,10077
6064,10103
6086,10128
6108,10153
6129,10178
6151,10203
6170,10229
6192,10254
6213,10279
6234,10303
6255,10327
6276,10352
6297,10377
6319,10400
6340,10424
6361,10449
6382,10473
6403,10498
6425,10523
6447,10548
6468,10575
6489,10599
6510,10625
6530,10650
6550,10674
6570,10698
6591,10722
6612,10745
6633,10770
6655,10794
6675,10820
6696,10845
6719,10867
6740,10892
6761,10915
6783,10940
6804,10966
6825,10991
6847,11015
6870,11039
6891,11064
6912,11089
6934,11112
6955,11137
6977,11161
6996,11185
7017,11209
7038,11232
7059,11257
7081,11281
7103,11304
7125,11329
7147,11353
7169,11378
7191,11403
7214,11428
7236,11454
7258,11479
7280,11505
7303,11529
7326,11553
7348,11580
7371,11606
7395,11631
7417,11657
7440,11683
7462,11708
7485,11733
7509,11760
7532,11786
7556,11811
7580,11836
7604,11860
7630,11885
7654,11910
7677,11935
7700,11960
7725,11987
7749,12013
7774,12039
7798,12064
7822,12089
7845,12113
7868,12136
7892,12160
7916,12183
7939,12207
7962,12231
7986,12255
8008,12277
8031,12301
8053,12325
8075,12348
8099,12372
8121,12395
8146,12418
8171,12440
8195,12462
8216,12484
8238,12507
8262,12529
8284,12552
8306,12574
8329,12597
8352,12620
8375,12642
8397,12665
8420,12687
8443,12709
8468,12730
8490,12752
8514,12773
8538,12795
8561,12815
8584,12836
8608,12857
8630,12877
8651,12899
8675,12920
8699,12940
8721,12961
8743,12982
8766,13003
8790,13023
8813,13045
8838,13067
8862,13089
8886,13112
8912,13133
8938,13155
8962,13176
8987,13197
9013,13218
9039,13239
9063,13260
9087,13280
9112,13301
9136,13321
9161,13342
9184,13364
9208,13385
9232,13408
9255,13427
9280,13449
9306,13470
9331,13489
9357,13510
9383,13531
9408,13552
9434,13571
9459,13592
9486,13612
9512,13633
9538,13654
9565,13677
9590,13698
9617,13719
9644,13740
9669,13760
9694,13781
9719,13802
9745,13823
9769,13843
9795,13862
9821,13882
9847,13902
9875,13923
9902,13943
9929,13963
9957,13984
9984,14005
10010,14026
10035,14046
10061,14067
10087,14088
10112,14108
10138,14128
10164,14147
10191,14168
10216,14189
10241,14210
10266,14230
10293,14250
10318,14270
10343,14290
10369,14309
10396,14329
10422,14349
10448,14370
10474,14388
10500,14408
10525,14426
10551,14446
10575,14466
10599,14485
10625,14503
10648,14524
10672,14543
10696,14562
10720,14582
10744,14601
10769,14620
10795,14638
10820,14658
10846,14680
10872,14699
10898,14718
10924,14738
10949,14756
10974,14776
10998,14795
11022,14816
11048,14836
11072,14855
11096,14875
11119,14894
11142,14915
11166,14934
11191,14954
11215,14974
11239,14994
11264,15014
11289,15035
11314,15055
11338,15075
11363,15096
11387,15116
11412,15136
11438,15157
11464,15177
11489,15198
11513,15218
11537,15238
11560,15259
11583,15280
11607,15301
11630,15321
11652,15341
11677,15362
11701,15383
11725,15405
11750,15427
11776,15447
11800,15470
11824,15492
11848,15514
11874,15537
11899,15558
11923,15581
11948,15603
11972,15627
11996,15649
12020,15671
12043,15694
12066,15718
12091,15740
12115,15762
12139,15786
12163,15810
12187,15834
12212,15858
12238,15881
12263,15907
12287,15931
12312,15956
12337,15981
12361,16006
12385,16031
12409,16055
12435,16079
12459,16103
12483,16127
12507,16151
12530,16174
12554,16196
12576,16218
12600,16240
12623,16264
12647,16288
12671,16312
12693,16334
12717,16358
12741,16382
12763,21
12785,44
12807,67
12830,90
12853,112
12875,135
12897,158
12919,181
12940,204
12961,227
12983,250
13005,274
13027,297
13049,320
13071,343
13092,367
13115,390
13137,413
13157,437
13178,460
13200,482
13222,505
13243,529
13263,553
13283,577
13304,601
13326,625
13347,648
13369,672
13390,696
13411,718
13432,743
13454,767
13476,793
13498,818
13520,843
13542,868
13564,894
13586,919
13608,944
13629,968
13650,993
13673,1018
13694,1043
13715,1068
13737,1093
13758,1119
13779,1146
13800,1171
13822,1196
13843,1221
13867,1247
13887,1273
13909,1297
13931,1323
13953,1348
13974,1375
13996,1402
14017,1427
14039,1451
14061,1478
14083,1504
14106,1529
14126,1554
14147,1579
14170,1605
14192,1632
14213,1658
14234,1683
14255,1708
14278,1733
14300,1760
14322,1787
14343,1812
14365,1840
14387,1865
14410,1891
14433,1918
14455,1945
14477,1972
14499,1998
14520,2024
14542,2051
14563,2074
14585,2101
14606,2126
14628,2152
14651,2179
14673,2204
14694,2230
14714,2255
14736,2280
14757,2304
14778,2328
14800,2354
14822,2378
14842,2404
14863,2429
14883,2453
14906,2477
14927,2501
14948,2523
14970,2547
14992,2572
15013,2595
15033,2621
15052,2645
15073,2670
15094,2695
15116,2719
15137,2744
15157,2768
15179,2792
15200,2817
15222,2840
15243,2865
15263,2889
15285,2914
15307,2937
15328,2961
15350,2985
15371,3009
15392,3033
15413,3058
15435,3083
15457,3108
15478,3132
15499,3157
15522,3180
15542,3204
15564,3228
15586,3252
15607,3276
15629,3300
15651,3323
15673,3348
15695,3371
15718,3395
15740,3418
15762,3441
15783,3464
15804,3488
15826,3512
15849,3534
15870,3557
15891,3580
15913,3604
15936,3628
15958,3654
15980,3678
16002,3703
16024,3727
16048,3750
16072,3775
16096,3800
16121,3824
16144,3846
16168,3870
16191,3894
16214,3917
16237,3941
16260,3965
16283,3987
16307,4011
16329,4035
16353,4059
16376,4083
15,4106
40,4131
65,4154
89,4179
113,4203
138,4226
162,4250
188,4274
213,4298
239,4322
264,4344
288,4368
312,4391
335,4413
359,4436
382,4458
405,4480
428,4503
452,4524
476,4546
500,4568
525,4590
547,4612
571,4632
596,4654
622,4675
646,4697
670,4718
694,4739
718,4760
743,4781
767,4801
790,4821
813,4841
836,4862
858,4883
882,4903
904,4923
927,4943
951,4964
975,4984
998,5004
1023,5024
1047,5043
1073,5063
1098,5083
1124,5102
1149,5122
1173,5142
1199,5163
1223,5183
1248,5203
1271,5223
1296,5242
1319,5262
1343,5282
1367,5302
1392,5322
1417,5343
1442,5363
1468,5384
1494,5404
1522,5424
1550,5444
1576,5465
1601,5484
1627,5504
1653,5524
1678,5544
1705,5565
1731,5584
1758,5604
1782,5624
1807,5645
1833,5665
1859,5685
1883,5704
1909,5725
1935,5744
1960,5765
1987,5785
2014,5805
2040,5825
2068,5844
2094,5864
2121,5883
2148,5902
2174,5923
2201,5943
2228,5963
2252,5982
2278,6004
2303,6025
2331,6045
2358,6064
2385,6084
2412,6103
2439,6125
2465,6144
2492,6165
2519,6185
2546,6205
2572,6224
2599,6244
2624,6263
2651,6283
2675,6303
2701,6324
2727,6345
2753,6365
2778,6385
2803,6403
2827,6421
2853,6441
2878,6460
2903,6480
2929,6498
2954,6518
2979,6538
3006,6557
3031,6576
3056,6594
3082,6613
3107,6632
3130,6651
3155,6671
3179,6691
3203,6711
3227,6730
3251,6750
3274,6769
3299,6789
3322,6808
3347,6828
3369,6847
3394,6866
3418,6886
3444,6906
3468,6926
3493,6945
3517,6964
3541,6983
3565,7003
3587,7024
3613,7045
3637,7066
3661,7086
3685,7105
3709,7127
3733,7148
3756,7168
3780,7190
3803,7211
3825,7231
3848,7252
3872,7271
3896,7292
3920,7312
3943,7332
3965,7352
3987,7373
4010,7393
4032,7414
4055,7434
4077,7456
4098,7477
4120,7497
4143,7519
4166,7541
4190,7563
4212,7585
4235,7607
4258,7629
4281,7653
4306,7675
4331,7698
4355,7722
4379,7743
4404,7766
4428,7789
4452,7813
4475,7835
4499,7859
4522,7882
4545,7906
4569,7930
4593,7954
4616,7978
4640,8001
4662,8022
4686,8046
4710,8069
4734,8093
4759,8118
4783,8142
4807,8165
4830,8188
4853,8211
4876,8235
4901,8259
4924,8283
4947,8306
4969,8329
4991,8354
5012,8377
5035,8401
5057,8425
5079,8447
5100,8470
5120,8493
5143,8517
5166,8540
5189,8563
5210,8587
5232,8610
5253,8633
5274,8655
5296,8678
5316,8701
5337,8724
5358,8748
5379,8770
5399,8793
5419,8816
5440,8839
5459,8863
5481,8886
5502,8910
5523,8933
5544,8957
5565,8979
5586,9002
5606,9025
5626,9049
5647,9073
5669,9096
5690,9119
5711,9142
5732,9165
5753,9190
5773,9213
5794,9238
5814,9262
5835,9287
5856,9311
5876,9336
5897,9362
5919,9387
5942,9412
5963,9435
5985,9460
6006,9486
6028,9511
6051,9535
6072,9561
6094,9586
6115,9612
6138,9638
6160,9665
6182,9691
6204,9716
6224,9742
6245,9766
6266,9791
6287,9815
6308,9840
6330,9864
6351,9890
6372,9916
6393,9940
6416,9966
6437,9992
6459,10019
6481,10045
6504,10070
6526,10095
6548,10121
6571,10146
6593,10172
6614,10198
6636,10225
6657,10252
6678,10278
6701,10304
6722,10329
6744,10354
6767,10380
6789,10405
6811,10431
6833,10456
6855,10481
6877,10506
6897,10531
6919,10556
6941,10580
6963,10605
6985,10630
7007,10654
7029,10679
7051,10704
7072,10728
7094,10753
7115,10777
7136,10801
7158,10826
7178,10850
7200,10875
7221,10898
7242,10923
7263,10948
7284,10971
7305,10995
7326,11019
7348,11043
7370,11066
7391,11090
7414,11114
7435,11139
7455,11163
7476,11186
7497,11210
7517,11234
7539,11256
7559,11281
7581,11304
7602,11328
7623,11351
7644,11374
7665,11397
7686,11421
7708,11444
7730,11468
7754,11492
7777,11515
7800,11540
7824,11563
7846,11587
7868,11611
7890,11636
7913,11659
7934,11682
7956,11705
7977,11730
7998,11753
8019,11777
8042,11802
8064,11825
8087,11848
8109,11870
8129,11893
8152,11916
8175,11940
8199,11963
8220,11986
8243,12010
8265,12034
8288,12057
8312,12081
8336,12103
8359,12126
8382,12149
8406,12172
8429,12195
8452,12218
8476,12241
8502,12266
8527,12291
8552,12315
8578,12339
8603,12363
8628,12387
8654,12412
8680,12436
8705,12460
8731,12485
8756,12509
8782,12533
8807,12556
8832,12579
8857,12603
8882,12627
8909,12652
8934,12674
8960,12698
8985,12722
9013,12745
9038,12769
9063,12793
9091,12817
9117,12839
9143,12863
9169,12884
9194,12906
9220,12927
9245,12949
9271,12972
9297,12994
9323,13016
9346,13037
9371,13059
9395,13080
9420,13102
9444,13123
9468,13145
9492,13165
9518,13185
9544,13206
9570,13227
9596,13248
9622,13269
9647,13291
9672,13311
9698,13332
9722,13352
9746,13373
9769,13393
9794,13412
9818,13432
9843,13450
9866,13471
9890,13490
9914,13509
9938,13528
9963,13548
9989,13568
10013,13587
10039,13606
10065,13627
10092,13648
10119,13668
10145,13689
10172,13710
10197,13730
10223,13750
10249,13771
10275,13792
10300,13812
10325,13832
10350,13853
10377,13874
10403,13895
10429,13915
10455,13936
10483,13957
10509,13977
10536,13998
10564,14018
10591,14038
10617,14058
10644,14079
10669,14098
10694,14120
10720,14140
10745,14160
10770,14181
10797,14202
10821,14220
10847,14240
10874,14260
10900,14280
10926,14302
10952,14322
10979,14342
11007,14362
11035,14384
11062,14405
11088,14426
11115,14447
11142,14467
11169,14489
11196,14510
11220,14531
11245,14552
11270,14572
11295,14593
11321,14613
11346,14634
11373,14655
11398,14675
11425,14697
11450,14718
11476,14738
11502,14758
11527,14778
11553,14798
11578,14818
11602,14839
11627,14860
11652,14880
11677,14899
11701,14921
11724,14941
11748,14962
11771,14982
11795,15002
11818,15021
11842,15041
11867,15061
11890,15082
11914,15103
11938,15123
11962,15144
11986,15164
12010,15183
12034,15203
12056,15223
12079,15244
12101,15265
12122,15285
12145,15305
12167,15325
12188,15346
12210,15366
12232,15386
12253,15407
12275,15427
12297,15448
12321,15470
12345,15489
12369,15510
12392,15532
12415,15554
12439,15576
12461,15598
12485,15619
12508,15640
12531,15661
12554,15683
12577,15706
12599,15728
12622,15750
12644,15772
12667,15794
12688,15817
12710,15839
12732,15860
12754,15882
12777,15903
12799,15926
12822,15949
12845,15971
12868,15993
12891,16017
12914,16040
12936,16063
12959,16087
12984,16111
13007,16135
13031,16157
13052,16181
13074,16205
13097,16227
13119,16252
13142,16276
13166,16301
13190,16326
13212,16351
13236,16375
13260,16
13283,41
13308,65
13331,90
13355,114
13378,140
13401,165
13423,192
13446,216
13469,241
13491,267
13514,293
13537,318
13560,344
13582,367
13606,394
13628,420
13652,445
13673,471
13695,496
13718,521
13740,545
13761,568
13783,593
13806,618
13826,643
13847,667
13868,692
13889,717
13910,742
13931,766
13952,790
13972,813
13993,837
14014,859
14035,885
14056,909
14077,935
14098,958
14119,981
14138,1004
14158,1029
14179,1054
14199,1076
14219,1100
14239,1122
14259,1147
14279,1170
14299,1193
14319,1215
14338,1238
14357,1261
14377,1285
14398,1309
14418,1333
14438,1358
14459,1383
14479,1408
14500,1433
14523,1458
14543,1483
14565,1508
14586,1534
14608,1559
14630,1584
14651,1610
14673,1635
14694,1662
14716,1688
14738,1712
14759,1737
14779,1761
14800,1787
14821,1812
14842,1836
14862,1862
14883,1886
14905,1910
14927,1935
14949,1962
14971,1987
14992,2011
15014,2037
15036,2062
15057,2087
15079,2112
15101,2137
15122,2160
15143,2187
15164,2212
15186,2237
15208,2263
15229,2290
15252,2316
15275,2342
15297,2367
15319,2392
15342,2419
15364,2444
15387,2468
15410,2495
15432,2522
15455,2548
15478,2573
15501,2598
15524,2624
15545,2648
15567,2673
15588,2699
15610,2724
15631,2748
15654,2773
15676,2798
15699,2824
15720,2849
15742,2872
15763,2897
15786,2923
15807,2948
15831,2972
15852,2997
15875,3021
15898,3044
15921,3068
15943,3092
15965,3116
15987,3141
16008,3164
16029,3188
16050,3212
16072,3236
16094,3260
16115,3282
16137,3306
16159,3330
16181,3354
16203,3377
16226,3401
16247,3423
16269,3445
16293,3469
16314,3492
16336,3515
16357,3538
16380,3560
17,3584
39,3608
62,3631
84,3655
107,3678
130,3702
153,3726
176,3748
198,3771
222,3793
245,3817
269,3838
294,3861
317,3884
341,3906
365,3928
388,3951
411,3972
433,3994
455,4016
478,4038
501,4059
525,4082
550,4104
574,4126
598,4149
623,4172
647,4195
672,4217
697,4241
723,4264
749,4288
775,4312
802,4335
826,4359
853,4382
880,4406
905,4430
930,4453
956,4476
981,4499
1007,4522
1032,4545
1058,4566
1085,4591
1112,4615
1138,4639
1166,4662
1193,4686
1220,4709
1248,4732
1276,4755
1304,4778
1330,4800
1359,4823
1385,4846
1411,4869
1438,4892
1464,4914
1490,4936
1516,4958
1542,4981
1569,5003
1596,5025
1623,5047
1649,5068
1675,5089
1701,5111
1728,5132
1754,5152
1779,5172
1805,5193
1831,5213
1856,5233
1882,5252
1907,5273
1933,5294
1956,5313
1981,5334
2006,5353
2031,5372
2056,5391
2080,5411
2105,5430
2129,5449
2155,5469
2179,5487
2205,5506
2231,5525
2256,5544
2280,5562
2304,5581
2330,5599
2354,5618
2378,5637
2402,5655
2426,5674
2450,5692
2475,5711
2498,5729
2524,5748
2549,5767
2575,5786
2600,5806
2626,5825
2653,5845
2679,5865
2705,5886
2733,5906
2759,5926
2785,5945
2811,5965
2837,5984
2863,6004
2887,6024
2911,6043
2935,6062
2958,6081
2983,6100
3008,6120
3033,6139
3058,6158
3085,6178
3112,6198
3138,6218
3165,6237
3191,6258
3217,6278
3242,6297
3267,6317
3291,6335
3316,6354
3340,6374
3365,6395
3390,6415
3415,6436
3441,6457
3465,6477
3490,6497
3514,6516
3539,6537
3564,6557
3590,6576
3616,6596
3641,6617
3665,6637
3690,6657
3714,6677
3740,6698
3764,6718
3788,6738
3813,6758
3837,6778
3859,6798
3882,6819
3905,6839
3927,6859
3951,6880
3973,6899
3997,6920
4020,6940
4043,6959
4066,6980
4089,7000
4113,7020
4135,7040
4158,7060
4181,7081
4203,7100
4225,7120
4247,7140
4270,7160
4292,7178
4314,7199
4336,7219
4357,7239
4378,7259
4401,7278
4425,7298
4448,7319
4470,7339
4492,7359
4514,7378
4536,7399
4557,7419
4579,7440
4600,7460
4622,7479
4643,7500
4665,7521
4685,7542
4707,7562
4729,7585
4751,7605
4772,7626
4794,7649
4816,7671
4838,7691
4861,7712
4884,7732
4906,7754
4928,7775
4951,7795
4972,7816
4993,7839
5014,7860
5035,7881
5056,7904
5077,7926
5098,7948
5120,7970
5143,7991
5165,8012
5186,8033
5207,8056
5229,8078
5251,8102
5273,8125
5296,8147
5318,8170
5341,8194
5363,8217
5385,8240
5407,8264
5429,8288
5451,8312
5474,8337
5497,8361
5520,8387
5542,8411
5564,8436
5586,8460
5609,8485
5631,8509
5655,8534
5678,8558
5699,8584
5722,8610
5744,8636
5767,8661
5790,8686
5814,8712
5838,8738
5862,8763
5884,8789
5907,8815
5929,8842
5951,8867
5972,8892
5993,8918
6015,8941
6036,8967
6058,8992
6080,9017
6101,9042
6123,9067
6145,9091
6165,9116
6186,9139
6207,9165
6228,9189
6249,9213
6269,9237
6290,9260
6311,9285
6331,9309
6353,9332
6375,9357
6396,9380
6417,9403
6437,9428
6457,9452
6478,9474
6498,9499
6518,9523
6538,9546
6559,9570
6578,9594
6599,9617
6620,9639
6640,9663
6661,9686
6682,9709
6702,9734
6724,9757
6743,9781
6765,9806
6786,9831
6809,9857
6830,9883
6852,9908
6875,9932
6895,9959
6917,9985
6939,10010
6962,10035
6984,10062
7007,10087
7030,10113
7052,10138
7074,10163
7095,10188
7118,10213
7139,10240
7161,10263
7183,10289
7205,10313
7226,10338
7248,10363
7270,10389
7292,10415
7315,10440
7336,10465
7358,10491
7381,10514
7403,10541
7426,10567
7448,10594
7472,10620
7494,10645
7518,10671
7542,10696
7564,10722
7587,10748
7611,10773
7634,10798
7657,10823
7680,10850
7702,10875
7726,10901
7749,10929
7774,10954
7797,10980
7820,11006
7843,11032
7867,11059
7891,11086
7914,11111
7938,11137
7961,11161
7985,11186
8007,11212
8031,11236
8054,11262
8076,11286
8099,11310
8121,11336
8145,11360
8168,11385
8189,11410
8212,11436
8236,11460
8258,11485
8281,11508
8303,11532
8327,11558
8352,11581
8375,11604
8398,11628
8420,11651
8444,11675
8466,11698
8489,11722
8512,11745
8535,11768
8558,11790
8580,11812
8604,11834
8627,11859
8651,11882
8675,11905
8697,11928
8721,11950
8744,11972
8768,11994
8792,12016
8815,12038
8839,12060
8862,12083
8886,12106
8909,12128
8932,12149
8955,12170
8978,12192
9002,12215
9026,12237
9050,12260
9073,12283
9098,12306
9123,12329
9147,12352
9171,12373
9197,12395
9221,12417
9247,12439
9273,12461
9297,12484
9321,12507
9346,12530
9372,12553
9397,12575
9423,12598
9446,12622
9470,12642
9496,12663
9521,12685
9547,12707
9573,12729
9599,12753
9624,12776
9650,12799
9677,12822
9704,12845
9731,12868
9759,12890
9785,12913
9812,12937
9838,12959
9864,12982
9891,13004
9917,13026
9945,13048
9973,13071
9999,13092
10025,13114
10052,13138
10078,13160
10104,13183
10132,13205
10160,13227
10188,13249
10216,13272
10244,13294
10272,13316
10299,13339
10325,13362
10352,13384
10378,13405
10404,13427
10430,13448
10454,13468
10480,13489
10504,13509
10530,13529
10556,13550
10581,13570
10606,13590
10632,13610
10657,13630
10683,13650
10709,13670
10734,13691
10760,13711
10786,13730
10810,13750
10834,13769
10859,13788
10883,13808
10908,13827
10932,13846
10956,13866
10980,13885
11004,13903
11028,13921
11051,13940
11075,13959
11099,13978
11123,13997
11148,14015
11173,14033
11198,14051
11223,14071
11246,14090
11272,14109
11297,14129
11322,14151
11347,14169
11372,14188
11397,14208
11422,14227
11447,14247
11470,14267
11494,14287
11517,14306
11543,14326
11568,14345
11592,14365
11618,14384
11643,14404
11667,14424
11694,14443
11718,14463
11742,14484
11766,14504
11790,14524
11815,14544
11838,14565
11863,14585
11887,14605
11909,14625
11933,14645
11956,14665
11979,14685
12003,14706
12028,14727
12052,14748
12077,14769
12102,14790
12125,14810
12150,14831
12174,14851
12198,14872
12221,14893
12244,14914
12266,14933
12290,14954
12312,14976
12336,14996
12360,15018
12384,15041
12407,15061
12431,15083
12455,15104
12479,15126
12503,15147
12527,15169
12551,15189
12575,15211
12599,15232
12623,15253
12646,15275
12669,15295
12692,15315
12714,15335
12735,15357
12758,15378
12781,15400
12803,15421
12825,15443
12846,15464
12868,15484
12890,15505
12913,15527
12935,15549
12957,15569
12977,15591
13000,15613
13022,15635
13043,15656
13065,15676
13086,15696
13107,15718
13129,15740
13150,15759
13171,15782
13191,15804
13212,15825
13233,15846
13253,15868
13274,15890
13297,15912
13317,15933
13338,15953
13359,15975
13380,15997
13401,16018
13423,16041
13444,16063
13464,16084
13486,16107
13508,16129
13529,16149
13549,16172
13570,16192
13590,16214
13611,16237
13632,16258
13652,16279
13674,16301
13694,16325
13717,16349
13738,16372
13760,12
13781,35
13802,59
13823,82
13845,104
13866,127
13886,150
13906,174
13928,197
13949,221
13971,245
13992,270
14013,294
14033,319
14054,343
14077,368
14098,392
14119,416
14141,442
14163,468
14185,494
14207,519
14228,545
14250,573
14273,598
14295,626
14319,653
14342,679
14364,704
14388,731
14410,758
14432,784
14453,809
14475,835
14497,860
14520,887
14544,915
14567,942
14591,966
14612,994
14634,1020
14656,1045
14678,1072
14701,1099
14723,1124
14746,1150
14768,1175
14789,1200
14810,1225
14831,1251
14852,1276
14873,1301
14893,1326
14914,1350
14935,1375
14956,1400
14976,1427
14998,1451
15019,1476
15039,1500
15061,1522
15082,1546
15104,1571
15126,1596
15147,1620
15167,1645
15187,1669
15207,1693
15227,1715
15248,1739
15268,1762
15287,1786
15307,1810
15327,1834
15347,1857
15368,1881
15390,1906
15410,1931
15432,1956
15453,1981
15475,2005
15497,2031
15519,2057
15541,2082
15563,2107
15586,2132
15608,2157
15629,2182
15651,2207
15671,2231
15694,2256
15715,2282
15738,2308
15759,2332
15781,2357
15804,2383
15827,2408
15849,2434
15872,2459
15895,2483
15918,2509
15941,2534
15964,2560
15988,2584
16011,2610
16034,2635
16057,2659
16079,2684
16102,2708
16125,2734
16147,2758
16168,2785
16189,2810
16212,2834
16236,2860
16258,2887
16281,2913
16304,2938
16328,2963
16351,2989
16377,3013
18,3038
42,3064
66,3089
88,3114
111,3139
136,3165
161,3188
183,3214
206,3239
230,3264
253,3288
277,3313
301,3337
325,3361
349,3385
374,3409
397,3434
423,3460
446,3485
470,3509
495,3532
518,3556
542,3578
565,3600
588,3624
611,3649
636,3673
658,3696
682,3719
707,3741
729,3764
753,3786
776,3807
800,3829
825,3852
848,3873
873,3895
898,3916
921,3938
944,3959
969,3980
994,4000
1018,4022
1041,4043
1064,4065
1086,4086
1109,4108
1132,4130
1156,4151
1179,4172
1203,4193
1228,4215
1251,4236
1277,4257
1303,4281
1329,4303
1355,4325
1380,4346
1406,4369
1430,4391
1455,4412
1480,4434
1505,4455
1529,4478
1553,4499
1578,4519
1603,4540
1626,4561
1651,4584
1676,4606
1702,4628
1728,4649
1754,4670
1780,4690
1806,4711
1832,4732
1859,4753
1885,4773
1910,4795
1936,4817
1962,4838
1989,4861
2015,4884
2040,4905
2065,4927
2092,4948
2119,4970
2145,4992
2170,5015
2198,5037
2226,5059
2256,5081
2285,5103
2313,5125
2341,5148
2368,5170
2397,5192
2426,5214
2453,5236
2480,5258
2508,5280
2535,5303
2562,5324
2589,5347
2617,5370
2644,5390
2670,5411
2698,5431
2724,5452
2750,5474
2778,5495
2804,5516
2832,5536
2857,5557
2884,5577
2910,5598
2936,5617
2962,5638
2987,5659
3012,5679
3037,5697
3062,5717
3087,5735
3112,5754
3136,5774
3160,5793
3184,5812
3209,5830
3235,5849
3259,5867
3285,5887
3310,5905
3333,5924
3356,5942
3379,5960
3403,5979
3427,5998
3451,6016
3473,6034
3495,6052
3518,6071
3541,6091
3565,6109
3588,6128
3611,6146
3635,6163
3659,6182
3682,6200
3707,6220
3731,6238
3756,6257
3780,6275
3804,6294
3827,6314
3850,6333
3873,6351
3896,6371
3919,6391
3941,6412
3964,6432
3986,6453
4009,6472
4033,6492
4055,6511
4079,6531
4103,6550
4129,6570
4152,6590
4176,6611
4201,6630
4224,6650
4247,6671
4270,6690
4293,6711
4317,6730
4340,6751
4363,6772
4386,6792
4410,6811
4432,6831
4455,6851
4477,6872
4500,6892
4525,6913
4547,6933
4572,6954
4597,6977
4618,6998
4642,7020
4665,7042
4690,7063
4713,7085
4738,7106
4761,7129
4784,7150
4807,7171
4831,7192
4854,7213
4876,7235
4900,7257
4922,7280
4946,7302
4968,7325
4992,7346
5016,7367
5038,7390
5059,7411
5081,7433
5103,7455
5125,7476
5147,7497
5169,7519
5191,7541
5213,7562
5235,7583
5256,7605
5278,7625
5300,7646
5320,7666
5341,7688
5361,7709
5382,7731
5404,7751
5426,7772
5447,7793
5467,7815
5488,7836
5509,7857
5529,7879
5550,7900
5570,7922
5590,7943
5609,7963
5628,7984
5649,8004
5669,8025
5689,8046
5709,8068
5729,8089
5750,8110
5772,8133
5794,8156
5816,8177
5836,8199
5857,8221
5877,8244
5898,8267
5920,8290
5940,8312
5961,8335
5981,8358
6004,8381
6025,8406
6047,8427
6069,8451
6089,8475
6109,8498
6130,8522
6151,8547
6172,8572
6194,8597
6215,8620
6236,8644
6257,8667
6280,8691
6302,8715
6323,8740
6345,8765
6368,8791
6390,8816
6412,8840
6435,8867
6457,8894
6480,8920
6502,8947
6524,8973
6547,8999
6569,9026
6592,9051
6615,9078
6637,9105
6659,9130
6683,9157
6707,9185
6731,9209
6754,9236
6777,9264
6800,9291
6825,9319
6848,9347
6871,9373
6894,9401
6918,9426
6940,9451
6963,9478
6984,9504
7007,9531
7030,9558
7053,9584
7076,9611
7100,9638
7122,9663
7144,9688
7166,9713
7188,9738
7212,9763
7235,9789
7257,9814
7279,9839
7302,9863
7323,9886
7345,9911
7367,9936
7390,9961
7410,9987
7430,10012
7451,10036
7473,10060
7495,10084
7517,10109
7537,10131
7560,10156
7582,10181
7604,10206
7626,10228
7648,10252
7669,10275
7690,10299
7712,10324
7734,10348
7756,10371
7778,10397
7798,10420
7820,10446
7841,10470
7863,10496
7884,10519
7907,10545
7931,10570
7953,10596
7977,10620
7999,10643
8023,10668
8047,10693
8071,10719
8094,10744
8118,10770
8141,10797
8166,10823
8189,10850
8213,10876
8235,10902
8259,10928
8282,10954
8305,10979
8328,11004
8351,11029
8374,11053
8399,11079
8424,11103
8448,11127
8473,11151
8497,11178
8523,11203
8547,11230
8571,11257
8596,11281
8620,11305
8644,11331
8667,11356
8692,11381
8716,11405
8741,11431
8767,11456
8791,11483
8817,11508
8842,11532
8868,11558
8895,11582
8922,11608
8947,11633
8973,11659
9000,11684
9026,11709
9052,11736
9076,11760
9101,11785
9125,11810
9149,11833
9175,11857
9201,11881
9227,11906
9251,11932
9276,11955
9301,11979
9327,12002
9352,12024
9378,12048
9404,12072
9430,12095
9456,12118
9481,12140
9506,12162
9531,12184
9555,12206
9578,12228
9603,12251
9627,12273
9652,12295
9676,12315
9700,12338
9724,12359
9748,12380
9772,12402
9797,12423
9823,12446
9849,12468
9873,12488
9899,12510
9923,12532
9949,12553
9972,12575
9997,12597
10021,12618
10044,12639
10068,12661
10093,12682
10118,12704
10143,12726
10168,12748
10193,12770
10218,12791
10244,12812
10270,12833
10298,12855
10324,12876
10349,12897
10374,12918
10399,12941
10424,12962
10449,12983
10474,13003
10499,13024
10525,13045
10549,13066
10574,13089
10599,13111
10623,13131
10648,13152
10674,13173
10701,13194
10727,13217
10753,13237
10780,13258
10806,13280
10831,13302
10857,13323
10884,13346
10912,13367
10939,13389
10967,13412
10993,13434
11019,13455
11047,13477
11072,13498
11098,13519
11125,13539
11151,13562
11178,13584
11205,13606
11232,13628
11258,13649
11286,13672
11313,13693
11341,13715
11369,13737
11395,13759
11421,13781
11447,13803
11474,13823
11500,13844
11526,13865
11551,13886
11576,13906
11601,13927
11625,13947
11650,13967
11676,13987
11700,14007
11726,14028
11750,14049
11776,14069
11801,14088
11825,14107
11848,14128
11872,14148
11896,14167
11919,14185
11942,14205
11965,14225
11987,14243
12010,14262
12033,14281
12056,14300
12078,14319
12099,14338
12121,14357
12143,14376
12164,14395
12186,14413
12209,14431
12231,14449
12254,14468
12276,14486
12298,14504
12319,14523
12341,14542
12363,14561
12384,14580
12406,14599
12427,14617
12449,14637
12470,14657
12492,14676
12516,14694
12538,14714
12561,14734
12584,14754
12607,14774
12629,14794
12653,14815
12676,14835
12701,14856
12724,14876
12748,14897
12769,14919
12792,14938
12814,14959
12837,14979
12859,15000
12882,15021
12904,15040
12926,15061
12948,15083
12970,15104
12993,15124
13015,15145
13037,15166
13060,15189
13083,15211
13104,15231
13127,15253
13150,15275
13174,15296
13197,15318
13219,15339
13241,15359
13263,15381
13285,15403
13306,15424
13329,15446
13350,15467
13372,15488
13395,15510
13418,15532
13441,15554
13464,15578
13485,15602
13507,15624
13530,15646
13553,15668
13575,15689
13596,15713
13619,15736
13640,15758
13661,15781
13682,15803
13704,15826
13725,15848
13747,15870
13769,15892
13790,15915
13811,15937
13832,15959
13853,15982
13874,16005
13896,16028
13917,16052
13938,16074
13958,16096
13978,16119
13999,16142
14020,16164
14039,16186
14060,16206
14079,16227
14099,16248
14119,16269
14139,16291
14158,16312
14179,16333
14199,16355
14219,16376
14239,14
14259,36
14279,58
14300,80
14320,103
14340,125
14360,148
14380,170
14401,192
14421,214
14441,237
14460,259
14479,282
14498,305
14518,329
14538,353
14558,375
14578,398
14598,421
14618,445
14640,469
14661,493
14683,516
14704,541
14724,565
14745,590
14766,615
14786,639
14807,664
14829,688
14851,712
14873,736
14893,761
14914,786
14936,811
14958,836
14979,861
15001,885
15023,912
15046,940
15068,967
15090,993
15111,1019
15133,1044
15156,1069
15179,1095
15202,1122
15226,1148
15250,1175
15273,1203
15296,1229
15316,1257
15340,1283
15363,1310
15386,1338
15409,1363
15432,1391
15454,1418
15478,1445
15501,1472
15525,1498
15549,1526
15574,1553
15597,1580
15621,1606
15645,1632
15669,1660
15692,1686
15715,1712
15739,1740
15761,1766
15785,1792
15808,1818
15831,1844
15852,1870
15875,1896
15896,1923
15918,1948
15940,1972
15961,1996
15983,2020
16005,2043
16028,2068
16050,2091
16073,2115
16097,2139
16118,2163
16141,2188
16162,2213
16183,2237
16204,2261
16225,2286
16246,2310
16267,2333
16287,2357
16308,2380
16328,2405
16349,2429
16371,2452
9,2474
31,2498
54,2521
77,2543
100,2566
122,2589
144,2613
167,2636
189,2659
210,2684
234,2709
257,2734
279,2759
303,2783
328,2810
352,2835
375,2859
400,2885
425,2909
447,2935
472,2961
497,2986
522,3011
547,3035
573,3060
597,3085
620,3110
645,3135
670,3159
695,3183
719,3207
743,3231
766,3257
790,3281
815,3304
838,3329
863,3353
888,3377
914,3401
939,3426
965,3449
992,3474
1017,3498
1043,3524
1070,3549
1098,3573
1124,3598
1148,3623
1173,3648
1197,3671
1221,3696
1246,3720
1272,3744
1297,3767
1323,3791
1349,3815
1376,3839
1401,3863
1428,3886
1455,3908
1482,3930
1509,3952
1536,3976
1560,3999
1586,4021
1613,4045
1639,4068
1663,4092
1688,4114
1714,4137
1738,4160
1763,4183
1788,4204
1814,4225
1838,4247
1863,4270
1890,4291
1916,4312
1941,4334
1966,4356
1992,4377
2017,4398
2043,4418
2067,4438
2091,4459
2115,4480
2138,4501
2160,4523
2184,4542
2208,4563
2233,4583
2258,4604
2281,4624
2304,4645
2329,4665
2355,4685
2380,4706
2405,4725
2430,4745
2455,4765
2480,4786
2504,4806
2529,4827
2554,4847
2578,4867
2602,4887
2627,4907
2650,4929
2673,4948
2698,4969
2724,4989
2747,5010
2774,5031
2801,5050
2827,5071
2852,5091
2878,5112
2904,5133
2929,5154
2955,5174
2981,5195
3007,5215
3032,5236
3057,5256
3081,5277
3105,5298
3131,5318
3157,5340
3183,5360
3210,5380
3237,5402
3263,5423
3289,5444
3315,5465
3342,5487
3368,5509
3394,5530
3420,5550
3447,5571
3472,5592
3498,5613
3524,5636
3551,5656
3578,5678
3604,5699
3630,5720
3657,5741
3684,5763
3710,5784
3737,5806
3763,5827
3789,5848
3816,5869
3842,5889
3868,5910
3892,5931
3916,5951
3941,5971
3965,5992
3989,6012
4013,6033
4036,6053
4060,6074
4084,6094
4107,6115
4129,6134
4152,6154
4176,6173
4199,6193
4221,6213
4244,6231
4267,6249
4289,6268
4312,6286
4335,6304
4357,6323
4378,6341
4401,6358
4422,6377
4444,6396
4465,6415
4486,6433
4507,6451
4530,6469
4551,6488
4571,6506
4592,6525
4613,6543
4633,6561
4655,6578
4677,6597
4699,6614
4721,6633
4743,6651
4764,6670
4786,6688
4808,6708
4829,6728
4851,6748
4872,6768
4895,6788
4917,6808
4938,6828
4962,6849
4984,6869
5007,6888
5028,6908
5050,6930
5073,6950
5095,6970
5117,6991
5139,7011
5160,7032
5182,7052
5205,7073
5227,7094
5248,7114
5269,7134
5291,7156
5314,7177
5335,7196
5356,7217
5377,7238
5398,7260
5419,7281
5440,7302
5462,7322
5484,7343
5507,7366
5529,7387
5551,7410
5573,7433
5595,7455
5618,7476
5639,7498
5661,7520
5683,7542
5705,7564
5727,7588
5750,7611
5772,7634
5793,7656
5815,7679
5837,7702
5859,7724
5880,7747
5901,7769
5923,7792
5944,7814
5967,7836
5990,7860
6011,7883
6034,7906
6055,7928
6076,7951
6097,7973
6119,7995
6139,8016
6160,8040
6181,8062
6202,8084
6222,8107
6243,8130
6263,8151
6284,8174
6305,8194
6326,8216
6346,8238
6366,8260
6387,8283
6407,8305
6428,8327
6448,8348
6468,8370
6489,8393
6510,8415
6530,8437
6549,8461
6568,8482
6587,8506
6607,8528
6627,8550
6648,8571
6668,8593
6688,8614
6707,8636
6727,8658
6748,8681
6769,8705
6791,8728
6811,8751
6832,8774
6853,8797
6874,8820
6894,8844
6915,8866
6937,8889
6959,8913
6980,8937
7001,8960
7023,8986
7044,9010
7066,9036
7087,9061
7110,9085
7132,9111
7153,9134
7175,9158
7196,9183
7218,9208
7242,9233
7265,9260
7287,9286
7310,9311
7333,9337
7356,9361
7378,9388
7402,9415
7424,9441
7447,9467
7469,9493
7492,9519
7515,9544
7539,9571
7564,9598
7587,9626
7611,9651
7635,9677
7660,9703
7685,9730
7710,9759
7735,9786
7759,9814
7785,9842
7811,9869
7837,9896
7861,9924
7887,9952
7910,9980
7934,10008
7957,10036
7982,10062
8006,10090
8031,10117
8055,10145
8080,10172
8104,10197
8129,10224
8153,10251
8177,10278
8202,10303
8225,10328
8248,10354
8271,10379
8294,10404
8317,10429
8339,10454
8361,10478
8385,10502
8408,10527
8431,10552
8454,10576
8477,10598
8501,10622
8524,10645
8548,10669
8571,10694
8595,10718
8619,10743
8641,10767
8665,10790
8687,10815
8711,10838
8733,10860
8754,10884
8776,10906
8799,10929
8822,10953
8846,10976
8868,10999
8891,11024
8915,11048
8940,11073
8965,11099
8992,11123
9018,11148
9046,11173
9071,11199
9096,11223
9122,11249
9147,11275
9171,11300
9197,11324
9221,11349
9246,11375
9272,11401
9297,11424
9322,11449
9347,11474
9373,11498
9398,11522
9424,11546
9450,11572
9478,11596
9504,11620
9530,11643
9555,11668
9580,11692
9606,11717
9630,11744
9657,11768
9683,11794
9708,11818
9735,11842
9760,11866
9785,11890
9810,11915
9836,11938
9863,11962
9889,11986
9917,12010
9944,12033
9971,12058
9999,12082
10025,12107
10052,12131
10079,12154
10107,12179
10133,12203
10158,12226
10184,12250
10211,12274
10237,12298
10262,12322
10288,12344
10314,12368
10342,12391
10368,12414
10394,12436
10421,12461
10448,12484
10475,12508
10501,12531
10526,12552
10551,12575
10578,12596
10603,12618
10628,12642
10653,12663
10677,12684
10700,12706
10724,12727
10749,12747
10773,12768
10797,12789
10822,12810
10847,12830
10872,12851
10896,12871
10921,12891
10946,12911
10970,12932
10995,12952
11019,12972
11043,12993
11066,13013
11088,13033
11112,13053
11134,13072
11155,13093
11179,13112
11201,13131
11224,13152
11246,13171
11271,13191
11294,13210
11317,13230
11341,13250
11366,13271
11390,13290
11415,13310
11440,13329
11465,13349
11489,13370
11513,13392
11536,13411
11559,13431
11583,13450
11606,13470
11629,13490
11654,13510
11678,13529
11703,13550
11727,13571
11752,13592
11777,13611
11803,13631
11827,13651
11851,13671
11875,13693
11899,13712
11924,13733
11948,13755
11973,13775
11998,13796
12022,13817
12045,13837
12069,13857
12092,13878
12116,13900
12140,13922
12165,13944
12189,13964
12213,13985
12237,14006
12262,14027
12288,14049
12314,14070
12339,14091
12365,14111
12388,14133
12414,14155
12440,14177
12464,14198
12489,14218
12513,14240
12538,14262
12562,14285
12587,14304
12611,14327
12635,14348
12661,14370
12684,14391
12708,14411
12732,14431
12756,14451
12780,14472
12804,14492
12827,14513
12850,14533
12872,14553
12894,14573
12915,14592
12938,14611
12960,14631
12981,14651
13002,14669
13023,14688
13044,14708
13063,14728
13085,14747
13108,14765
13129,14783
13150,14802
13171,14820
13193,14840
13214,14859
13233,14878
13254,14897
13275,14916
13297,14935
13317,14952
13336,14972
13356,14991
13376,15011
13396,15029
13417,15049
13438,15068
13459,15088
13481,15109
13502,15129
13523,15150
13545,15171
13567,15192
13589,15213
13610,15233
13631,15254
13652,15275
13673,15296
13694,15317
13716,15338
13738,15358
13759,15379
13781,15400
13802,15422
13824,15444
13846,15466
13867,15486
13888,15508
13909,15530
13930,15552
13951,15574
13973,15594
13994,15615
14015,15637
14036,15659
14059,15681
14079,15704
14100,15727
14122,15749
14143,15771
14165,15794
14186,15818
14208,15839
14229,15863
14250,15885
14271,15908
14292,15931
14315,15953
14336,15977
14358,16002
14380,16025
14402,16049
14424,16073
14446,16096
14467,16118
14489,16141
14511,16164
14533,16187
14556,16210
14577,16233
14599,16256
14620,16279
14642,16303
14664,16327
14685,16350
14707,16374
14728,13
14750,38
14772,62
14794,85
14814,106
14836,131
14856,154
14876,178
14898,200
14919,224
14941,247
14961,270
14981,294
15001,316
15022,339
15042,361
15062,382
15083,406
15103,428
15122,451
15143,474
15163,498
15182,521
15202,543
15224,565
15243,589
15264,612
15285,634
15305,657
15325,679
15345,703
15365,726
15385,748
15404,770
15424,792
15444,816
15464,840
15484,862
15505,886
15526,909
15548,931
15568,957
15590,981
15612,1003
15634,1028
15655,1051
15676,1076
15700,1101
15721,1126
15743,1151
15765,1176
15786,1200
15809,1225
15832,1250
15853,1274
15875,1299
15897,1325
15918,1351
15941,1377
15963,1403
15986,1429
16009,1453
16033,1479
16057,1505
16082,1532
16106,1556
16130,1583
16154,1609
16175,1635
16199,1662
16222,1688
16246,1716
16269,1744
16293,1771
16317,1799
16341,1826
16367,1853
8,1880
33,1908
59,1936
84,1964
110,1992
135,2018
162,2046
187,2074
213,2103
240,2129
265,2157
292,2185
317,2213
342,2240
367,2268
392,2295
417,2322
442,2348
468,2374
492,2400
517,2426
542,2452
568,2479
593,2505
617,2529
642,2555
667,2578
692,2603
716,2627
740,2651
765,2676
788,2700
812,2725
834,2750
859,2774
882,2797
905,2821
928,2845
952,2869
975,2891
999,2915
1022,2939
1046,2961
1072,2982
1097,3005
1121,3028
1146,3050
1170,3074
1195,3098
1219,3122
1242,3145
1265,3169
1289,3194
1313,3217
1337,3242
1362,3266
1387,3292
1413,3316
1439,3340
1465,3364
1492,3389
1518,3413
1545,3437
1570,3460
1595,3484
1621,3506
1647,3532
1673,3556
1699,3580
1725,3605
1751,3630
1775,3654
1800,3678
1826,3703
1853,3729
1878,3753
1903,3777
1929,3801
1956,3824
1983,3847
2010,3870
2037,3892
2065,3914
2090,3938
2117,3961
2144,3984
2171,4007
2197,4030
2224,4052
2250,4076
2276,4100
2301,4124
2327,4148
2353,4172
2380,4194
2405,4219
2430,4242
2457,4267
2486,4289
2514,4313
2542,4336
2569,4359
2596,4382
2623,4407
2650,4429
2676,4451
2703,4473
2728,4495
2753,4518
2780,4541
2805,4565
2830,4588
2856,4609
2881,4632
2906,4654
2931,4676
2958,4697
2983,4718
3008,4738
3034,4759
3059,4780
3083,4800
3107,4821
3132,4841
3156,4861
3180,4881
3203,4901
3228,4919
3250,4940
3273,4960
3296,4980
3319,4999
3342,5018
3364,5037
3389,5057
3413,5078
3437,5096
3460,5116
3484,5135
3507,5155
3530,5175
3554,5193
3577,5212
3600,5231
3621,5249
3643,5267
3664,5286
3686,5305
3709,5323
3731,5342
3754,5362
3777,5380
3800,5399
3823,5418
3847,5438
3871,5457
3895,5476
3917,5496
3941,5515
3964,5536
3987,5556
4010,5575
4032,5595
4055,5614
4078,5633
4099,5654
4123,5673
4145,5693
4168,5713
4191,5731
4215,5750
4240,5769
4263,5789
4287,5810
4313,5829
4338,5849
4362,5870
4384,5890
4408,5910
4433,5931
4458,5951
4482,5972
4507,5993
4531,6014
4557,6036
4581,6057
4605,6078
4630,6100
4654,6120
4678,6141
4702,6162
4726,6184
4751,6205
4777,6225
4800,6246
4825,6266
4849,6287
4874,6308
4898,6329
4922,6351
4947,6371
4970,6391
4993,6412
5016,6433
5038,6454
5061,6475
5083,6494
5106,6514
5129,6534
5152,6554
5175,6574
5197,6595
5219,6615
5240,6635
5262,6654
5283,6672
5304,6691
5324,6711
5344,6729
5365,6747
5384,6765
5405,6784
5425,6802
5446,6821
5467,6839
5488,6858
5508,6877
5527,6896
5548,6914
5569,6933
5589,6952
5608,6970
5628,6989
5649,7007
5670,7026
5690,7046
5710,7066
5731,7084
5750,7104
5771,7124
5792,7143
5811,7162
5831,7181
5851,7201
5872,7221
5893,7241
5914,7261
5935,7281
5956,7303
5977,7324
5997,7345
6017,7367
6038,7387
6060,7408
6081,7429
6104,7451
6126,7472
6147,7493
6168,7514
6189,7535
6210,7557
6232,7580
6252,7602
6274,7624
6295,7648
6315,7670
6338,7692
6361,7713
6382,7736
6403,7757
6424,7779
6445,7800
6465,7822
6487,7845
6509,7866
6530,7890
6552,7913
6573,7936
6596,7959
6618,7982
6640,8005
6661,8028
6683,8050
6704,8073
6726,8095
6748,8118
6770,8141
6792,8165
6813,8189
6836,8213
6859,8236
6882,8261
6905,8284
6927,8306
6951,8330
6973,8354
6995,8378
7017,8402
7039,8426
7060,8449
7082,8474
7103,8499
7124,8522
7145,8547
7165,8570
7187,8592
7208,8616
7230,8639
7252,8662
7274,8684
7294,8705
7317,8729
7338,8753
7359,8776
7381,8798
7403,8820
7422,8843
7443,8866
7464,8889
7484,8912
7505,8934
7526,8957
7545,8981
7566,9002
7586,9023
7607,9047
7627,9070
7648,9093
7669,9116
7689,9138
7710,9160
7730,9183
7752,9204
7773,9227
7795,9250
7817,9273
7839,9297
7860,9322
7881,9344
7903,9368
7924,9391
7946,9414
7967,9438
7988,9461
8009,9485
8030,9510
8053,9535
8075,9560
8098,9585
8121,9610
8144,9635
8168,9659
8192,9685
8217,9710
8240,9733
8262,9758
8285,9784
8307,9809
8331,9835
8354,9861
8377,9886
8400,9912
8423,9939
8447,9965
8472,9991
8497,10018
8522,10045
8549,10072
8574,10099
8601,10126
8629,10152
8655,10179
8681,10205
8707,10232
8733,10258
8759,10286
8784,10313
8809,10341
8835,10370
8861,10396
8886,10423
8911,10449
8938,10477
8966,10507
8995,10533
9022,10559
9048,10588
9074,10614
9102,10641
9129,10667
9156,10692
9184,10719
9209,10745
9234,10771
9261,10797
9287,10823
9312,10848
9338,10874
9362,10899
9386,10924
9410,10949
9435,10974
9460,10998
9485,11022
9509,11046
9533,11070
9558,11095
9583,11118
9609,11142
9633,11164
9658,11187
9681,11210
9706,11233
9730,11254
9753,11278
9777,11303
9800,11326
9824,11349
9847,11372
9870,11394
9895,11417
9918,11442
9942,11465
9966,11488
9992,11511
10017,11533
10042,11556
10068,11579
10093,11601
10118,11625
10143,11648
10168,11671
10193,11696
10219,11719
10243,11742
10268,11765
10292,11789
10318,11813
10343,11839
10369,11862
10394,11886
10421,11910
10447,11935
10474,11960
10501,11985
10528,12008
10556,12032
10583,12055
10609,12079
10633,12101
10660,12123
10685,12146
10709,12167
10733,12191
10758,12215
10783,12238
10808,12260
10833,12283
10859,12306
10883,12331
10910,12352
10936,12376
10963,12400
10990,12424
11016,12448
11044,12470
11070,12495
11096,12517
11122,12540
11149,12563
11176,12586
11201,12609
11226,12634
11252,12657
11277,12680
11302,12703
11328,12726
11356,12749
11382,12772
11406,12795
11432,12818
11459,12840
11485,12863
11512,12885
11539,12908
11564,12930
11588,12951
11612,12973
11638,12996
11662,13017
11686,13038
11711,13060
11734,13080
11759,13102
11782,13123
11805,13144
11829,13165
11851,13186
11875,13208
11898,13227
11922,13247
11946,13267
11970,13286
11992,13306
12014,13327
12035,13347
12057,13367
12079,13386
12101,13406
12123,13426
12144,13446
12166,13465
12186,13484
12208,13503
12229,13521
12252,13539
12273,13557
12294,13576
12315,13595
12337,13613
12358,13632
12380,13652
12402,13670
12425,13689
12446,13707
12468,13726
12491,13745
12513,13764
12535,13783
12558,13802
12579,13822
12600,13841
12622,13860
12645,13881
12667,13900
12688,13919
12711,13939
12735,13959
12759,13979
12782,13999
12805,14019
12828,14040
12850,14060
12872,14080
12896,14100
12918,14118
12940,14138
12962,14158
12984,14178
13007,14198
13029,14218
13051,14238
13074,14259
13098,14281
13120,14302
13145,14322
13170,14344
13194,14366
13219,14389
13243,14410
13267,14432
13292,14453
13315,14474
13336,14495
13359,14516
13382,14537
13405,14558
13427,14579
13451,14601
13474,14621
13497,14644
13520,14665
13543,14687
13566,14708
13589,14730
13612,14751
13635,14773
13660,14793
13682,14814
13705,14835
13728,14857
13749,14879
13771,14901
13793,14921
13816,14941
13838,14961
13859,14982
13880,15002
13900,15023
13922,15042
13942,15062
13962,15084
13982,15103
14003,15123
14023,15144
14043,15163
14064,15182
14083,15201
14102,15221
14123,15240
14142,15260
14162,15280
14182,15299
14201,15319
14221,15338
14241,15357
14260,15376
14281,15396
14300,15415
14320,15435
14339,15456
14359,15476
14378,15496
14397,15516
14417,15537
14436,15557
14455,15576
14474,15597
14495,15619
14516,15639
14537,15661
14558,15682
14579,15703
14599,15725
14620,15746
14641,15768
14662,15790
14682,15812
14704,15833
14726,15856
14747,15880
14769,15903
14791,15927
14812,15949
14834,15973
14854,15996
14876,16018
14898,16040
14919,16062
14940,16084
14962,16106
14983,16129
15004,16151
15025,16172
15046,16194
15068,16218
15090,16241
15111,16263
15131,16288
15152,16309
15174,16333
15195,16356
15217,16380
15239,20
15261,44
15283,67
15306,91
15329,116
15350,140
15373,164
15395,190
15417,214
15440,239
15463,265
15485,290
15508,314
15529,339
15552,363
15574,389
15597,414
15620,438
15642,462
15665,488
15686,513
15710,537
15732,560
15754,584
15777,607
15800,633
15822,658
15844,682
15866,707
15888,730
15910,753
15930,778
15951,800
15972,824
15994,849
16015,874
16035,897
16056,920
16077,944
16101,966
16121,990
16142,1013
16164,1035
16185,1058
16206,1081
16227,1106
16249,1130
16270,1152
16291,1176
16311,1199
16331,1223
16353,1246
16373,1269
9,1291
29,1314
49,1337
70,1360
92,1384
114,1407
135,1430
159,1453
182,1477
205,1501
228,1525
253,1551
276,1575
299,1600
320,1625
343,1650
367,1675
390,1701
413,1726
437,1751
461,1777
485,1802
508,1828
532,1854
557,1878
582,1904
607,1929
634,1954
659,1981
684,2007
709,2033
734,2060
760,2087
786,2113
812,2139
838,2164
863,2191
888,2219
913,2246
940,2273
968,2302
994,2329
1020,2356
1048,2384
1075,2412
1104,2438
1133,2464
1161,2491
1189,2518
1216,2546
1243,2573
1270,2600
1298,2628
1326,2654
1353,2682
1380,2709
1407,2737
1434,2765
1461,2793
1487,2820
1514,2847
1540,2872
1568,2899
1596,2924
1625,2950
1653,2974
1679,3001
1706,3027
1734,3051
1760,3076
1787,3101
1812,3124
1838,3150
1861,3174
1887,3199
1911,3222
1934,3245
1959,3269
1982,3292
2007,3316
2032,3340
2055,3363
2080,3385
2105,3407
2132,3430
2157,3452
2182,3474
2207,3497
2233,3521
2257,3544
2281,3566
2306,3589
2329,3612
2353,3634
2377,3656
2399,3677
2423,3702
2447,3725
2471,3748
2496,3771
2522,3794
2549,3816
2575,3839
2603,3863
2631,3885
2658,3909
2683,3932
2709,3954
2735,3978
2761,4000
2788,4023
2814,4047
2839,4071
2864,4094
2889,4117
2914,4140
2941,4164
2967,4187
2992,4210
3018,4232
3045,4254
3071,4277
3097,4301
3121,4322
3148,4345
3174,4368
3198,4391
3224,4413
3249,4434
3274,4456
3298,4479
3324,4501
3349,4524
3374,4546
3398,4570
3425,4593
3451,4616
3477,4637
3504,4660
3530,4682
3556,4704
3582,4726
3606,4749
3630,4771
3656,4794
3682,4816
3707,4838
3731,4860
3756,4883
3781,4905
3806,4927
3829,4949
3853,4970
3876,4992
3900,5013
3924,5034
3947,5054
3972,5075
3997,5096
4020,5117
4044,5137
4067,5158
4091,5178
4113,5197
4135,5218
4158,5238
4180,5259
4203,5277
4225,5296
4247,5316
4267,5335
4289,5354
4312,5372
4334,5391
4357,5410
4377,5429
4399,5447
4421,5465
4442,5484
4465,5501
4486,5520
4508,5537
4530,5555
4550,5573
4570,5592
4591,5610
4611,5628
4631,5646
4651,5664
4672,5682
4693,5701
4714,5719
4734,5737
4755,5755
4775,5773
4796,5791
4818,5809
4840,5827
4861,5845
4882,5864
4905,5883
4927,5902
4949,5920
4970,5939
4991,5959
5012,5977
5034,5997
5056,6016
5079,6035
5101,6055
5122,6074
5146,6092
5167,6111
5189,6132
5211,6150
5233,6170
5255,6189
5278,6209
5301,6230
5323,6250
5346,6269
5369,6289
5391,6311
5413,6331
5436,6352
5459,6372
5481,6392
5503,6414
5525,6434
5548,6456
5570,6476
5594,6498
5616,6519
5639,6540
5663,6561
5685,6582
5708,6603
5733,6625
5756,6647
5779,6669
5803,6690
5825,6711
5848,6732
5871,6753
5895,6777
5919,6798
5941,6819
5963,6841
5986,6862
6007,6884
6030,6905
6051,6925
6072,6947
6095,6968
6116,6989
6138,7009
6159,7031
6180,7050
6202,7070
6223,7091
6244,7110
6264,7128
6284,7148
6304,7169
6325,7189
6345,7209
6364,7229
6383,7249
6403,7268
6423,7289
6441,7308
6462,7328
6482,7348
6502,7367
6521,7386
6541,7406
6562,7425
6582,7445
6602,7464
6621,7483
6641,7502
6661,7522
6680,7543
6699,7564
6719,7584
6739,7604
6759,7624
6780,7646
6802,7666
6824,7689
6844,7711
6866,7733
6888,7755
6910,7778
6932,7800
6954,7822
6976,7844
6998,7868
7020,7890
7044,7913
7066,7936
7088,7959
7109,7981
7129,8002
7148,8024
7170,8046
7191,8067
7212,8088
7234,8111
7255,8132
7277,8155
7299,8178
7320,8200
7343,8224
7366,8246
7389,8269
7410,8291
7431,8314
7453,8337
7476,8362
7498,8385
7520,8408
7543,8432
7565,8458
7589,8482
7612,8507
7633,8531
7655,8555
7678,8581
7701,8604
7725,8629
7747,8655
7770,8680
7794,8704
7817,8729
7841,8752
7866,8776
7890,8802
7913,8828
7936,8851
7960,8877
7983,8901
8004,8924
8025,8949
8047,8974
8067,8998
8088,9022
8111,9046
8134,9070
8156,9093
8178,9116
8199,9140
8223,9165
8246,9189
8268,9212
8293,9236
8315,9260
8337,9282
8360,9305
8382,9327
8404,9350
8426,9373
8448,9395
8468,9419
8491,9442
8512,9465
8535,9488
8557,9511
8579,9534
8601,9556
8623,9580
8645,9603
8669,9626
8692,9649
8714,9672
8736,9695
8758,9719
8779,9741
8801,9764
8824,9788
8846,9812
8869,9836
8893,9859
8915,9882
8939,9905
8962,9929
8986,9953
9010,9978
9033,10002
9058,10026
9084,10051
9110,10075
9135,10099
9162,10123
9187,10149
9212,10174
9237,10200
9264,10225
9290,10250
9316,10276
9341,10301
9366,10327
9389,10355
9414,10382
9441,10409
9467,10436
9494,10461
9521,10488
9549,10513
9578,10540
9606,10567
9633,10594
9661,10622
9689,10649
9718,10676
9745,10703
9772,10730
9800,10757
9827,10784
9853,10811
9879,10839
9906,10865
9932,10893
9959,10919
9988,10947
10016,10974
10046,11001
10074,11030
10104,11056
10134,11085
10165,11113
10194,11140
10223,11167
10252,11194
10278,11221
10306,11248
10333,11274
10361,11301
10387,11326
10414,11352
10438,11376
10464,11403
10489,11429
10515,11453
10541,11478
10567,11503
10593,11528
10619,11552
10646,11575
10672,11598
10697,11620
10722,11645
10747,11669
10770,11693
10794,11714
10818,11735
10840,11758
10863,11780
10887,11802
10911,11824
10934,11847
10958,11869
10983,11891
11008,11913
11032,11934
11057,11956
11080,11978
11105,11999
11130,12021
11154,12043
11178,12064
11203,12087
11227,12109
11251,12131
11274,12153
11298,12175
11323,12198
11348,12222
11372,12245
11396,12268
11422,12291
11447,12315
11473,12338
11500,12362
11526,12385
11552,12408
11577,12431
11604,12455
11628,12477
11653,12501
11678,12524
11703,12546
11728,12568
11751,12590
11775,12612
11798,12634
11821,12655
11844,12678
11870,12701
11895,12724
11919,12745
11943,12768
11967,12790
11993,12813
12018,12837
12043,12859
12067,12882
12091,12905
12113,12927
12138,12948
12160,12969
12182,12992
12206,13014
12229,13037
12252,13059
12277,13082
12301,13105
12325,13128
12350,13150
12375,13171
12401,13194
12423,13217
12448,13238
12472,13259
12496,13280
12519,13302
12543,13324
12568,13344
12591,13365
12615,13387
12637,13409
12660,13430
12682,13451
12705,13471
12728,13491
12750,13512
12772,13531
12795,13551
12817,13572
12838,13590
12860,13610
12883,13629
12905,13649
12926,13668
12947,13687
12969,13706
12991,13724
13012,13743
13032,13762
13053,13780
13074,13799
13092,13817
13112,13835
13132,13854
13151,13873
13171,13891
13191,13910
13211,13928
13232,13945
13252,13963
13273,13981
13293,13999
13314,14017
13333,14035
13353,14053
13372,14070
13392,14088
13411,14106
13431,14123
13451,14142
13471,14161
13491,14179
13513,14198
13534,14216
13554,14236
13575,14254
13596,14273
13617,14291
13637,14311
13658,14330
13680,14349
13702,14367
13723,14388
13744,14408
13766,14427
13786,14447
13808,14467
13829,14486
13850,14508
13873,14528
13893,14549
13913,14569
13935,14588
13955,14608
13978,14630
14000,14649
14022,14669
14044,14690
14065,14712
14088,14732
14110,14753
14132,14774
14154,14795
14176,14816
14199,14838
14222,14860
14245,14882
14267,14905
14290,14925
14312,14947
14335,14968
14358,14990
14381,15012
14403,15035
14425,15058
14448,15079
14470,15102
14491,15124
14514,15147
14537,15170
14561,15192
14584,15216
14608,15236
14630,15259
14653,15281
14675,15305
14697,15326
14719,15348
14740,15369
14762,15390
14782,15411
14803,15432
14822,15454
14843,15475
14864,15498
14884,15520
14905,15539
14925,15560
14946,15580
14967,15600
14987,15621
15008,15642
15029,15663
15049,15683
15069,15703
15089,15723
15110,15743
15129,15764
15149,15785
15169,15805
15188,15827
15208,15847
15228,15868
15249,15889
15269,15910
15288,15930
15308,15951
15329,15972
15349,15994
15370,16015
15391,16039
15412,16060
15435,16083
15457,16106
15479,16130
15501,16152
15524,16176
15545,16198
15568,16220
15590,16241
15611,16264
15633,16287
15654,16311
15677,16334
15698,16359
15721,16382
15743,22
15765,45
15788,68
15811,93
15833,117
15856,141
15878,165
15899,188
15922,212
15945,236
15967,259
15988,284
16010,308
16033,332
16056,356
16078,380
16101,404
16124,430
16148,454
16172,479
16195,503
16219,528
16243,554
16266,578
16288,603
16311,628
16334,653
16357,680
16380,706
20,733
44,758
67,782
90,809
113,833
137,858
161,884
185,910
211,933
236,959
261,986
286,1012
310,1037
334,1062
359,1086
382,1111
406,1136
429,1160
452,1185
475,1209
498,1232
520,1257
542,1282
565,1308
589,1331
613,1355
635,1379
659,1403
683,1426
707,1449
729,1474
754,1498
777,1521
799,1544
822,1567
846,1589
870,1613
893,1636
915,1661
937,1684
959,1707
981,1731
1004,1754
1026,1777
1049,1800
1072,1823
1096,1846
1120,1868
1143,1892
1168,1916
1192,1939
1216,1962
1240,1986
1265,2009
1287,2032
1312,2056
1337,2081
1361,2106
1385,2130
1408,2156
1432,2181
1456,2205
1479,2230
1504,2257
1530,2282
1557,2305
1584,2333
1610,2358
1636,2382
1663,2407
1690,2432
1717,2459
1743,2484
1770,2510
1796,2536
1823,2564
1849,2589
1877,2614
1904,2640
1929,2667
1956,2693
1983,2719
2010,2745
2036,2771
2065,2797
2093,2823
2121,2851
2149,2877
2178,2905
2205,2932
2234,2959
2262,2986
2291,3014
2318,3041
2346,3068
2374,3094
2402,3121
2429,3147
2457,3174
2484,3200
2510,3228
2538,3255
2566,3283
2593,3309
2622,3336
2650,3362
2679,3389
2708,3415
2735,3440
2764,3465
2792,3488
2818,3514
2844,3540
2870,3564
2895,3589
2920,3612
2944,3636
2968,3659
2993,3681
3017,3704
3042,3727
3065,3748
3089,3772
3114,3794
3140,3817
3165,3839
3188,3861
3212,3882
3236,3903
3260,3924
3284,3944
3308,3965
3330,3987
3352,4009
3374,4030
3397,4050
3419,4072
3442,4093
3466,4113
3489,4134
3514,4156
3537,4179
3562,4200
3587,4222
3612,4244
3636,4267
3662,4291
3686,4312
3711,4335
3736,4358
3761,4381
3785,4405
3809,4427
3832,4449
3856,4472
3879,4495
3902,4518
3925,4539
3949,4561
3973,4582
3996,4604
4020,4626
4046,4648
4070,4670
4093,4692
4116,4715
4139,4736
4163,4759
4186,4780
4209,4801
4232,4822
4255,4844
4278,4865
4301,4886
4324,4908
4347,4929
4371,4950
4395,4971
4419,4993
4443,5015
4467,5038
4491,5059
4517,5080
4540,5100
4562,5123
4586,5144
4611,5166
4634,5187
4657,5208
4680,5230
4703,5251
4725,5272
4749,5292
4772,5314
4796,5334
4819,5354
4842,5375
4866,5397
4889,5417
4913,5437
4937,5457
4959,5478
4982,5497
5003,5517
5025,5537
5046,5557
5067,5577
5089,5596
5110,5615
5130,5633
5151,5652
5171,5671
5193,5690
5212,5708
5232,5726
5254,5744
5275,5762
5296,5780
5316,5798
5337,5816
5358,5835
5378,5853
5398,5871
5417,5889
5437,5907
5456,5925
5475,5942
5495,5959
5514,5976
5533,5994
5552,6012
5572,6028
5591,6046
5610,6064
5629,6081
5650,6099
5669,6116
5689,6134
5709,6151
5730,6169
5750,6187
5769,6205
5790,6223
5810,6241
5829,6259
5851,6277
5871,6296
5891,6315
5911,6334
5931,6354
5952,6372
5973,6392
5996,6411
6017,6431
6037,6450
6059,6469
6081,6488
6101,6507
6122,6527
6143,6546
6165,6565
6186,6585
6208,6606
6231,6627
6252,6647
6273,6667
6294,6688
6317,6708
6339,6730
6361,6751
6384,6771
6405,6792
6428,6812
6449,6834
6471,6855
6492,6876
6516,6897
6538,6920
6561,6941
6583,6964
6605,6985
6629,7007
6653,7029
6677,7051
6701,7073
6724,7096
6747,7117
6769,7140
6791,7162
6813,7186
6835,7208
6859,7232
6881,7254
6903,7278
6926,7300
6949,7323
6971,7344
6995,7365
7017,7387
7039,7409
7062,7430
7083,7452
7105,7474
7128,7494
7149,7516
7169,7537
7190,7557
7210,7578
7231,7598
7250,7620
7271,7640
7292,7660
7311,7680
7332,7700
7353,7719
7373,7740
7394,7760
7414,7781
7435,7801
7456,7821
7477,7842
7498,7863
7519,7883
7541,7906
7561,7926
7581,7947
7603,7968
7624,7989
7645,8009
7665,8031
7687,8052
7708,8073
7730,8095
7752,8117
7775,8140
7798,8164
7820,8187
7844,8209
7867,8231
7888,8253
7912,8277
7934,8300
7957,8323
7980,8347
8002,8369
8024,8393
8047,8417
8070,8440
8091,8464
8113,8486
8135,8509
8158,8532
8180,8556
8204,8580
8227,8604
8252,8627
8275,8652
8300,8676
8323,8701
8348,8724
8371,8748
8395,8773
8417,8797
8441,8822
8464,8846
8487,8870
8510,8894
8534,8919
8558,8946
8581,8971
8606,8996
8631,9021
8657,9046
8681,9071
8707,9095
8734,9120
8761,9146
8786,9173
8812,9199
8837,9225
8861,9250
8886,9275
8911,9301
8936,9326
8960,9350
8984,9376
9008,9400
9032,9424
9057,9449
9082,9475
9107,9499
9130,9525
9155,9548
9182,9572
9208,9597
9235,9622
9258,9647
9284,9671
9307,9695
9331,9719
9355,9742
9378,9765
9402,9787
9423,9811
9447,9835
9469,9859
9493,9883
9516,9907
9540,9930
9563,9953
9588,9976
9613,9998
9637,10020
9662,10044
9687,10067
9711,10091
9734,10113
9758,10136
9782,10160
9805,10182
9828,10205
9850,10228
9872,10252
9895,10275
9918,10298
9942,10320
9966,10344
9990,10368
10014,10391
10038,10415
10063,10438
10089,10463
10115,10486
10142,10510
10168,10534
10193,10559
10219,10584
10246,10608
10272,10634
10297,10658
10323,10683
10349,10709
10375,10735
10401,10760
10425,10786
10451,10810
10477,10836
10502,10862
10530,10888
10557,10914
10585,10939
10612,10966
10641,10993
10668,11020
10695,11045
10723,11072
10750,11098
10778,11125
10805,11151
10831,11177
10857,11205
10884,11232
10911,11260
10938,11287
10965,11315
10991,11341
11019,11368
11047,11395
11076,11422
11105,11448
11134,11476
11161,11502
11189,11528
11218,11555
11245,11582
11275,11609
11302,11635
11328,11661
11354,11687
11381,11714
11407,11740
11434,11768
11461,11793
11486,11818
11512,11843
11538,11870
11565,11895
11592,11920
11618,11944
11643,11968
11668,11991
11693,12012
11718,12035
11741,12058
11764,12080
11788,12103
11810,12124
11832,12145
11853,12166
11875,12188
11898,12210
11920,12231
11942,12252
11967,12274
11989,12295
12013,12316
12036,12338
12059,12358
12082,12379
12105,12399
12127,12421
12149,12443
12169,12466
12191,12487
12212,12508
12235,12531
12258,12553
12279,12575
12302,12598
12325,12619
12347,12640
12370,12663
12393,12685
12416,12707
12439,12730
12463,12752
12485,12774
12509,12796
12533,12819
12558,12842
12581,12864
12603,12886
12626,12909
12649,12933
12673,12955
12695,12977
12717,12999
12740,13020
12764,13041
12786,13061
12809,13082
12832,13103
12854,13124
12877,13146
12900,13168
12922,13190
12945,13211
12969,13233
12993,13253
13016,13274
13038,13296
13059,13317
13082,13338
13104,13358
13126,13379
13149,13400
13171,13421
13194,13444
13216,13464
13239,13486
13261,13507
13284,13529
13306,13549
13329,13572
13352,13593
13375,13613
13399,13635
13421,13655
13443,13676
13466,13698
13489,13719
13511,13740
13532,13759
13553,13779
13574,13799
13596,13819
13618,13838
13639,13858
13659,13878
13680,13897
13701,13917
13723,13937
13744,13956
13764,13975
13785,13994
13805,14012
13825,14030
13846,14050
13867,14068
13887,14086
13906,14106
13927,14125
13947,14143
13967,14160
13986,14180
14006,14198
14025,14216
14045,14234
14064,14253
14083,14271
14102,14290
14121,14307
14142,14325
14162,14343
14182,14362
14201,14378
14219,14397
14237,14413
14258,14431
14277,14448
14296,14467
14317,14484
14336,14502
14354,14521
14373,14539
14392,14557
14412,14575
14432,14593
14452,14612
14471,14631
14493,14651
14514,14671
14536,14691
14556,14711
14577,14730
14597,14749
14617,14769
14639,14788
14660,14809
14680,14829
14702,14849
14722,14869
14743,14890
14765,14909
14787,14930
14808,14951
14829,14971
14852,14992
14873,15014
14895,15034
14916,15056
14939,15078
14962,15101
14985,15122
15007,15143
15031,15165
15053,15186
15075,15209
15098,15230
15121,15252
15143,15275
15165,15297
15188,15320
15209,15341
15232,15364
15253,15387
15276,15409
15299,15432
15322,15455
15345,15477
15367,15501
15392,15524
15415,15547
15440,15570
15464,15592
15487,15615
15511,15639
15535,15661
15558,15685
15580,15707
15602,15730
15625,15753
15648,15776
15670,15799
15691,15822
15713,15845
15734,15866
15754,15887
15776,15909
15798,15930
15819,15952
15839,15973
15862,15993
15884,16014
15907,16035
15927,16056
15949,16076
15970,16098
15991,16119
16011,16141
16030,16161
16051,16183
16072,16205
16092,16225
16113,16246
16134,16266
16156,16288
16179,16310
16200,16331
16222,16353
16244,16375
16265,13
16287,35
16310,57
16331,79
16352,102
16375,123
13,146
35,169
58,194
81,219
104,244
126,268
150,291
174,315
197,338
219,362
244,388
268,411
293,436
318,460
343,485
367,509
392,535
417,560
441,585
465,610
490,635
513,659
537,683
559,707
584,731
608,756
632,780
655,805
680,830
704,854
730,879
756,903
781,927
807,953
834,979
860,1005
885,1032
910,1058
936,1084
961,1110
987,1137
1012,1163
1035,1189
1062,1215
1088,1241
1115,1269
1141,1294
1168,1321
1194,1347
1221,1373
1248,1398
1275,1424
1302,1450
1328,1476
1353,1502
1379,1527
1406,1552
1431,1577
1457,1601
1481,1625
1505,1649
1529,1674
1556,1700
1581,1725
1606,1751
1631,1776
1655,1800
1680,1824
1706,1850
1731,1875
1757,1900
1782,1925
1808,1948
1832,1971
1858,1995
1882,2019
1907,2044
1931,2068
1953,2090
1977,2116
2000,2138
2025,2160
2048,2184
2071,2207
2095,2231
2119,2253
2143,2275
2167,2299
2191,2322
2216,2346
2240,2370
2263,2393
2287,2416
2310,2439
2336,2462
2361,2486
2386,2511
2410,2535
2434,2560
2459,2582
2484,2607
2509,2632
2534,2656
2559,2682
2586,2708
2612,2734
2640,2758
2665,2783
2693,2809
2719,2835
2746,2859
2772,2886
2799,2911
2824,2937
2850,2962
2875,2988
2901,3014
2927,3039
2952,3066
2978,3093
3004,3118
3031,3144
3056,3171
3083,3196
3111,3222
3139,3248
3166,3274
3194,3301
3222,3327
3248,3351
3274,3377
3300,3402
3326,3428
3354,3454
3379,3481
3407,3507
3432,3532
3458,3558
3485,3584
3510,3611
3537,3636
3562,3662
3588,3687
3614,3713
3642,3738
3667,3762
3694,3788
3722,3812
3748,3838
3773,3862
3798,3887
3824,3910
3848,3935
3872,3957
3895,3980
3918,4004
3940,4026
3962,4050
3984,4072
4007,4094
4030,4116
4053,4138
4077,4159
4099,4180
4121,4201
4143,4221
4164,4242
4186,4264
4208,4286
4228,4306
4250,4326
4271,4346
4292,4368
4313,4388
4333,4410
4353,4430
4376,4450
4397,4470
4418,4490
4440,4510
4462,4531
4484,4552
4508,4572
4531,4594
4553,4614
4575,4634
4597,4655
4619,4675
4640,4697
4661,4717
4682,4739
4705,4760
4727,4782
4748,4803
4771,4824
4793,4845
4814,4866
4836,4887
4860,4909
4882,4930
4905,4952
4928,4972
4950,4992
4972,5013
4995,5033
5017,5056
5039,5076
5061,5096
5083,5117
5105,5138
5126,5158
5148,5179
5170,5199
5191,5218
5212,5238
5233,5258
5254,5280
5276,5299
5297,5319
5319,5339
5342,5359
5364,5379
5386,5399
5409,5418
5431,5440
5454,5461
5476,5482
5499,5504
5521,5525
5544,5544
5566,5565
5587,5587
5608,5607
5630,5627
5652,5646
5673,5668
5695,5688
5716,5707
5738,5726
5760,5746
5781,5765
5803,5784
5823,5803
5846,5823
5867,5843
5889,5863
5910,5883
5932,5902
5953,5920
5974,5939
5994,5959
6015,5978
6035,5996
6056,6015
6075,6032
6096,6051
6115,6069
6135,6087
6155,6106
6175,6124
6195,6142
6215,6160
6236,6179
6255,6197
6275,6214
6294,6231
6313,6250
6333,6268
6353,6285
6371,6303
6391,6320
6409,6338
6429,6356
6449,6374
6468,6392
6488,6411
6508,6428
6527,6446
6546,6464
6566,6482
6585,6500
6605,6518
6625,6536
6645,6554
6665,6572
6684,6591
6703,6609
6724,6628
6744,6646
6766,6666
6788,6684
6809,6703
6831,6723
6851,6743
6872,6762
6893,6783
6915,6803
6937,6823
6959,6842
6981,6863
7004,6883
7025,6903
7048,6924
7070,6945
7093,6965
7117,6986
7139,7007
7161,7029
7184,7050
7207,7073
7229,7095
7252,7117
7274,7139
7297,7161
7321,7183
7345,7205
7367,7227
7390,7248
7414,7272
7438,7294
7462,7317
7486,7340
7511,7362
7535,7384
7558,7406
7581,7430
7607,7453
7630,7477
7654,7501
7678,7524
7701,7548
7725,7572
7750,7594
7775,7618
7797,7641
7822,7665
7846,7689
7870,7713
7896,7736
7920,7760
7944,7783
7968,7805
7991,7828
8015,7851
8037,7873
8058,7896
8082,7917
8103,7938
8123,7959
8145,7981
8166,8001
8188,8021
8210,8043
8231,8064
8253,8085
8275,8106
8297,8128
8320,8149
8343,8171
8366,8192
8389,8213
8411,8234
8434,8255
8455,8276
8477,8298
8500,8318
8522,8341
8545,8362
8566,8385
8589,8407
8611,8430
8635,8452
8656,8474
8681,8496
8706,8519
8730,8541
8755,8565
8779,8589
8805,8612
8829,8636
8854,8661
8879,8685
8904,8710
8929,8735
8954,8760
8978,8785
9004,8809
9029,8834
9054,8858
9080,8883
9105,8907
9130,8932
9155,8957
9181,8981
9209,9005
9234,9029
9260,9055
9287,9080
9313,9105
9338,9129
9363,9154
9389,9178
9414,9204
9439,9228
9463,9253
9486,9278
9512,9303
9538,9328
9563,9352
9590,9377
9615,9403
9641,9429
9669,9455
9697,9481
9725,9507
9753,9532
9779,9559
9806,9585
9833,9612
9859,9637
9887,9663
9912,9689
9937,9714
9963,9739
9988,9765
10013,9790
10040,9815
10066,9841
10092,9866
10120,9890
10146,9915
10172,9941
10199,9965
10226,9991
10253,10015
10279,10040
10304,10065
10329,10090
10354,10113
10378,10139
10403,10163
10428,10188
10450,10212
10473,10235
10496,10258
10520,10281
10545,10306
10569,10328
10595,10352
10618,10375
10642,10397
10667,10420
10692,10443
10717,10464
10742,10488
10766,10511
10790,10536
10814,10559
10837,10583
10861,10605
10882,10629
10905,10651
10928,10673
10951,10697
10973,10721
10996,10745
11020,10768
11042,10791
11068,10814
11093,10837
11119,10861
11144,10885
11169,10909
11194,10933
11218,10958
11242,10981
11265,11007
11290,11031
11315,11055
11339,11079
11362,11103
11386,11128
11412,11153
11436,11177
11460,11202
11486,11228
11511,11253
11538,11279
11564,11305
11591,11332
11617,11357
11643,11382
11668,11408
11695,11433
11720,11459
11746,11486
11771,11511
11797,11539
11821,11566
11845,11590
11869,11615
11893,11641
11919,11666
11945,11691
11969,11717
11996,11744
12022,11769
12048,11794
12074,11819
12097,11845
12123,11871
12147,11897
12171,11923
12195,11949
12220,11975
12246,12000
12269,12026
12294,12052
12318,12077
12343,12102
12368,12126
12392,12149
12417,12174
12441,12200
12465,12223
12491,12249
12516,12273
12541,12295
12566,12321
12590,12344
12612,12367
12635,12391
12658,12413
12680,12436
12701,12457
12723,12479
12744,12501
12766,12522
12787,12543
12809,12563
12829,12584
12850,12606
12871,12627
12892,12647
12913,12668
12935,12690
12955,12711
12977,12731
12998,12751
13019,12772
13040,12792
13060,12812
13081,12834
13102,12854
13122,12874
13144,12896
13165,12917
13185,12937
13205,12957
13226,12978
13248,12999
13270,13018
13291,13039
13313,13061
13335,13082
13356,13104
13378,13126
13399,13147
13421,13168
13443,13190
13465,13210
13487,13232
13508,13254
13530,13276
13552,13296
13573,13317
13594,13338
13616,13358
13636,13380
13657,13402
13678,13422
13701,13443
13722,13463
13743,13482
13764,13502
13785,13522
13808,13542
13827,13561
13848,13581
13870,13601
13891,13620
13912,13640
13933,13661
13955,13683
13976,13702
13997,13722
14018,13742
14039,13763
14061,13784
14083,13804
14104,13823
14125,13845
14146,13864
14168,13885
14190,13906
14211,13926
14232,13947
14254,13968
14276,13988
14298,14009
14320,14028
14341,14048
14362,14068
14382,14088
14402,14107
14423,14127
14443,14147
14464,14167
14485,14188
14506,14208
14527,14227
14548,14247
14569,14266
14590,14285
14613,14305
14633,14323
14654,14342
14675,14360
14695,14379
14716,14398
14736,14417
14756,14437
14776,14455
14794,14473
14814,14491
14834,14511
14853,14529
14874,14548
14893,14567
14912,14585
14931,14604
14951,14622
14972,14641
14993,14658
15013,14676
15034,14695
15053,14713
15072,14732
15092,14750
15111,14769
15131,14787
15151,14805
15171,14823
15189,14841
15209,14861
15228,14879
15248,14898
15268,14916
15288,14935
15309,14954
15330,14974
15352,14993
15373,15013
15393,15032
15414,15052
15435,15073
15457,15093
15479,15113
15501,15133
15523,15153
15545,15174
15566,15194
15588,15216
15611,15239
15633,15259
15655,15282
15678,15303
15702,15325
15725,15348
15748,15370
15771,15393
15795,15416
15818,15438
15842,15461
15865,15483
15890,15506
15914,15528
15938,15551
15961,15573
15986,15596
16008,15619
16032,15642
16056,15665
16078,15690
16102,15713
16126,15736
16149,15759
16173,15782
16196,15806
16219,15829
16245,15853
16269,15878
16295,15902
16321,15927
16346,15951
16371,15975
12,15999
37,16024
62,16047
87,16071
112,16096
135,16120
158,16145
183,16167
205,16190
229,16213
254,16238
280,16261
304,16284
328,16308
353,16331
376,16354
400,16377
424,15
447,37
470,59
493,81
517,103
540,126
564,147
585,169
607,189
629,211
651,233
674,255
697,277
719,300
743,323
768,346
791,369
816,392
839,415
864,439
887,460
913,483
936,506
959,530
983,555
1008,580
1032,605
1057,630
1082,654
1108,680
1134,705
1160,731
1186,757
1212,783
1239,808
1266,834
1293,859
1319,883
1346,910
1371,934
1397,959
1422,985
1447,1010
1474,1035
1499,1060
1525,1086
1551,1111
1577,1137
1604,1162
1630,1188
1656,1213
1681,1237
1707,1263
1733,1288
1760,1314
1785,1338
1812,1364
1839,1388
1864,1414
1891,1440
1918,1466
1945,1492
1970,1517
1997,1543
2023,1570
2049,1596
2075,1623
2100,1648
2128,1675
2155,1702
2182,1729
2210,1757
2237,1783
2266,1809
2293,1835
2320,1860
2347,1886
2375,1913
2401,1938
2426,1965
2452,1989
2477,2016
2501,2041
2526,2065
2552,2091
2577,2118
2604,2142
2629,2166
2655,2191
2681,2216
2708,2242
2733,2266
2759,2290
2784,2312
2809,2336
2833,2361
2857,2386
2881,2409
2904,2433
2927,2457
2950,2480
2974,2504
2998,2528
3021,2551
3044,2574
3067,2597
3091,2620
3115,2643
3138,2667
3162,2690
3187,2714
3211,2736
3235,2759
3257,2784
3279,2807
3303,2830
3325,2852
3348,2875
3371,2898
3394,2921
3415,2945
3437,2966
3460,2991
3483,3015
3505,3040
3530,3064
3553,3087
3578,3110
3603,3134
3627,3159
3652,3183
3677,3208
3702,3232
3727,3258
3750,3282
3775,3306
3800,3330
3824,3355
3848,3379
3871,3404
3894,3429
3918,3456
3941,3481
3965,3506
3990,3531
4013,3556
4037,3581
4062,3608
4089,3633
4113,3658
4138,3683
4163,3708
4188,3733
4212,3759
4236,3783
4260,3808
4283,3835
4308,3857
4333,3882
4356,3906
4380,3930
4406,3955
4431,3980
4455,4004
4478,4028
4503,4052
4528,4076
4552,4100
4576,4124
4601,4148
4626,4172
4651,4197
4675,4221
4699,4246
4723,4269
4746,4293
4770,4317
4793,4341
4816,4364
4838,4387
4862,4410
4885,4434
4906,4455
4929,4477
4951,4498
4973,4519
4994,4540
5015,4561
5036,4583
5056,4603
5077,4623
5098,4643
5118,4663
5138,4683
5159,4703
5179,4722
5199,4742
5218,4761
5238,4780
5258,4800
5278,4819
5297,4839
5317,4860
5339,4880
5360,4899
5381,4919
5400,4937
5422,4957
5442,4977
5463,4998
5483,5017
5504,5038
5526,5058
5547,5078
5568,5098
5589,5118
5610,5140
5632,5161
5653,5181
5675,5202
5697,5222
5719,5243
5742,5264
5764,5284
5785,5304
5806,5324
5827,5343
5848,5363
5869,5383
5890,5402
5911,5422
5933,5442
5954,5462
5975,5482
5996,5501
6016,5521
6037,5540
6058,5560
6080,5581
6101,5600
6122,5620
6142,5639
6164,5659
6185,5678
6206,5698
6227,5717
6248,5737
6270,5757
6292,5778
6315,5797
6337,5817
6360,5838
6383,5859
6405,5879
6426,5899
6448,5919
6469,5939
6492,5959
6513,5978
6535,5998
6556,6018
6578,6038
6599,6058
6621,6078
6642,6099
6664,6118
6687,6136
6707,6155
6729,6174
6752,6194
6775,6213
6796,6233
6817,6253
6839,6272
6859,6290
6880,6309
6901,6328
6921,6346
6942,6364
6963,6384
6983,6403
7003,6421
7024,6440
7044,6458
7065,6476
7086,6494
7107,6512
7128,6531
7149,6548
7169,6566
7189,6584
7208,6602
7228,6620
7248,6638
7268,6656
7289,6675
7309,6693
7328,6710
7349,6729
7368,6748
7388,6766
7409,6784
7430,6802
7451,6820
7472,6838
7492,6856
7512,6875
7533,6893
7553,6912
7574,6931
7595,6949
7615,6968
7637,6986
7657,7005
7679,7024
7699,7045
7722,7065
7743,7085
7766,7105
7789,7125
7812,7146
7835,7167
7858,7188
7882,7209
7905,7230
7929,7251
7954,7273
7978,7296
8001,7317
8024,7338
8046,7361
8069,7384
8092,7406
8115,7428
8138,7450
8160,7471
8183,7493
8208,7516
8231,7538
8256,7560
8280,7584
8304,7606
8330,7629
8355,7651
8380,7674
8405,7697
8430,7720
8456,7742
8481,7765
8507,7788
8531,7813
8555,7836
8581,7861
8606,7884
8630,7907
8654,7932
8681,7955
8705,7979
8730,8002
8757,8024
8783,8048
8810,8071
8837,8094
8864,8119
8890,8142
8915,8165
8942,8189
8967,8212
8993,8235
9018,8258
9043,8281
9066,8304
9090,8327
9114,8350
9138,8373
9161,8393
9183,8415
9207,8438
9231,8459
9256,8481
9278,8503
9303,8524
9328,8546
9352,8569
9377,8591
9400,8613
9423,8635
9447,8657
9469,8679
9493,8701
9517,8724
9541,8747
9563,8769
9588,8792
9613,8816
9639,8839
9663,8864
9688,8888
9715,8912
9742,8936
9768,8959
9794,8985
9819,9008
9844,9031
9870,9056
9896,9081
9922,9103
9948,9128
9973,9155
9998,9180
10024,9205
10049,9231
10075,9255
10101,9279
10128,9304
10154,9329
10182,9353
10208,9378
10236,9404
10261,9429
10287,9453
10314,9478
10339,9502
10364,9528
10390,9553
10416,9577
10441,9602
10467,9627
10492,9651
10517,9677
10542,9702
10567,9727
10594,9753
10621,9779
10647,9804
10674,9828
10702,9854
10728,9881
10754,9907
10782,9933
10808,9958
10835,9986
10862,10013
10888,10039
10915,10065
10941,10091
10966,10117
10991,10142
11017,10168
11043,10193
11069,10221
11094,10247
11120,10273
11146,10300
11173,10325
11200,10350
11226,10375
11252,10400
11278,10425
11302,10452
11328,10476
11354,10501
11379,10525
11402,10550
11426,10575
11449,10600
11472,10624
11496,10649
11519,10673
11543,10697
11566,10721
11589,10745
11614,10770
11638,10793
11662,10817
11687,10840
11711,10864
11734,10888
11757,10909
11779,10933
11802,10957
11825,10982
11848,11004
11869,11027
11892,11049
11913,11072
11935,11096
11958,11119
11979,11143
12000,11165
12024,11188
12046,11211
12069,11235
12091,11258
12112,11282
12134,11305
12157,11328
12179,11351
12200,11373
12222,11395
12244,11420
12266,11443
12289,11467
12310,11491
12331,11515
12353,11540
12377,11564
12400,11588
12424,11613
12448,11637
12472,11661
12496,11687
12521,11712
12545,11738
12569,11762
12593,11786
12617,11811
12640,11837
12662,11860
12685,11886
12708,11911
12731,11935
12756,11960
12778,11985
12802,12010
12827,12035
12849,12060
12873,12085
12896,12108
12919,12133
12943,12158
12966,12181
12989,12206
13013,12230
13036,12254
13059,12277
13082,12301
13106,12325
13129,12350
13152,12374
13175,12397
13196,12422
13220,12444
13242,12468
13265,12492
13288,12516
13311,12541
13335,12565
13359,12590
13383,12612
13405,12635
13430,12658
13451,12681
13474,12705
13496,12728
13518,12751
13538,12771
13559,12793
13579,12814
13600,12836
13620,12858
13640,12879
13660,12900
13681,12920
13701,12940
13720,12960
13740,12979
13760,13000
13779,13019
13799,13038
13819,13058
13839,13077
13859,13096
13879,13114
13899,13134
13919,13155
13941,13174
13960,13195
13978,13215
13997,13234
14017,13254
14036,13274
14056,13293
14077,13314
14097,13334
14118,13354
14138,13374
14160,13393
14181,13415
14202,13435
14222,13455
14243,13476
14264,13497
14285,13515
14304,13536
14326,13555
14346,13576
14366,13597
14387,13618
14409,13638
14430,13657
14451,13678
14472,13698
14493,13718
14513,13738
14535,13758
14556,13776
14577,13796
14598,13816
14619,13836
14640,13856
14661,13874
14681,13893
14702,13913
14723,13933
14744,13953
14766,13973
14786,13992
14807,14011
14828,14030
14848,14050
14869,14068
14890,14088
14911,14110
14932,14129
14953,14149
14975,14169
14998,14189
15020,14210
15041,14230
15065,14251
15087,14271
15108,14291
15130,14311
15153,14331
15175,14351
15197,14371
15220,14391
15241,14411
15263,14431
15284,14452
15305,14471
15326,14490
15349,14510
15370,14531
15393,14550
15415,14570
15438,14590
15460,14609
15482,14629
15503,14647
15524,14667
15545,14686
15567,14705
15587,14724
15609,14744
15630,14763
15649,14783
15670,14803
15691,14821
15711,14840
15732,14859
15753,14878
15774,14897
15795,14916
15815,14936
15837,14954
15858,14973
15880,14993
15901,15012
15923,15031
15944,15050
15966,15069
15987,15088
16007,15107
16028,15126
16050,15145
16070,15165
16091,15185
16112,15204
16133,15224
16155,15243
16175,15262
16195,15282
16216,15302
16238,15323
16261,15343
16284,15363
16307,15384
16329,15404
16352,15425
16375,15445
15,15466
37,15487
61,15509
83,15530
106,15552
128,15574
152,15597
177,15620
200,15642
225,15664
250,15687
276,15712
301,15735
325,15759
352,15782
378,15806
402,15828
430,15850
454,15874
479,15897
503,15919
528,15943
554,15967
580,15991
605,16016
630,16040
654,16063
680,16087
706,16111
731,16136
756,16158
783,16182
810,16206
837,16229
863,16253
889,16275
917,16299
945,16324
971,16349
998,16373
1023,14
1049,39
1075,64
1101,88
1127,115
1153,140
1180,164
1206,189
1232,214
1258,237
1285,262
1311,286
1337,310
1364,334
1389,358
1413,381
1438,404
1461,426
1485,449
1509,471
1533,493
1555,516
1579,539
1603,562
1625,584
1649,607
1672,629
1696,650
1722,673
1746,696
1771,718
1796,741
1820,765
1846,788
1872,813
1897,838
1922,862
1947,886
1971,909
1995,932
2020,957
2045,982
2069,1006
2094,1030
2119,1054
2143,1080
2170,1105
2196,1130
2222,1155
2248,1181
2276,1206
2302,1231
2330,1257
2356,1283
2383,1308
2408,1332
2433,1357
2457,1382
2481,1408
2507,1432
2532,1458
2557,1484
2583,1511
2609,1536
2635,1562
2660,1587
2686,1613
2712,1637
2738,1661
2765,1686
2791,1710
2816,1737
2842,1763
2868,1787
2893,1811
2918,1834
2944,1860
2968,1886
2993,1913
3018,1939
3044,1965
3069,1991
3094,2018
3120,2043
3145,2069
3172,2095
3198,2122
3225,2147
3251,2173
3279,2200
3305,2226
3331,2252
3357,2278
3382,2303
3406,2329
3432,2354
3455,2379
3479,2404
3504,2430
3528,2457
3553,2483
3576,2507
3600,2533
3624,2558
3649,2582
3673,2607
3699,2631
3725,2656
3750,2680
3774,2705
3797,2730
3821,2755
3844,2779
3867,2804
3889,2828
3909,2852
3929,2875
3951,2897
3972,2922
3993,2945
4014,2970
4037,2992
4059,3015
4081,3038
4104,3060
4125,3083
4147,3107
4169,3129
4191,3152
4213,3175
4235,3199
4257,3222
4280,3244
4300,3269
4321,3292
4343,3316
4364,3338
4384,3361
4405,3381
4428,3404
4449,3427
4471,3450
4492,3472
4513,3495
4536,3518
4558,3543
4582,3566
4604,3590
4626,3614
4649,3638
4672,3661
4693,3685
4716,3710
4738,3734
4762,3760
4785,3784
4807,3807
4830,3832
4852,3857
4875,3881
4899,3905
4923,3928
4947,3951
4971,3974
4994,3997
5016,4020
5040,4045
5063,4068
5086,4093
5108,4116
5131,4140
5153,4165
5176,4189
5199,4212
5220,4237
5244,4262
5268,4286
5291,4309
5312,4333
5336,4357
5359,4380
5380,4403
5403,4427
5426,4450
5448,4474
5472,4497
5495,4520
5518,4544
5542,4566
5564,4588
5587,4612
5610,4636
5632,4660
5654,4683
5676,4705
5697,4727
5719,4749
5741,4770
5762,4793
5783,4814
5805,4836
5827,4858
5847,4879
5869,4900
5890,4919
5910,4939
5929,4959
5949,4978
5969,4999
5988,5017
6007,5036
6026,5055
6047,5074
6067,5093
6085,5111
6105,5130
6125,5149
6145,5167
6164,5187
6184,5205
6204,5224
6223,5244
6243,5263
6264,5281
6284,5300
6303,5321
6324,5342
6345,5361
6366,5381
6387,5400
6408,5419
6429,5438
6450,5457
6471,5478
6492,5497
6513,5516
6533,5535
6555,5554
6576,5574
6596,5592
6616,5612
6639,5632
6662,5653
6683,5674
6705,5693
6727,5712
6749,5731
6772,5751
6793,5770
6815,5788
6836,5809
6857,5829
6879,5849
6902,5868
6921,5888
6942,5907
6963,5927
6985,5946
7008,5965
7029,5984
7050,6002
7072,6022
7094,6041
7116,6060
7139,6078
7159,6098
7181,6116
7204,6138
7225,6158
7247,6178
7269,6197
7292,6218
7314,6238
7336,6257
7358,6277
7380,6297
7403,6317
7427,6337
7449,6356
7472,6375
7495,6395
7519,6415
7542,6435
7565,6455
7590,6473
7612,6494
7633,6513
7656,6533
7679,6553
7701,6572
7723,6592
7744,6612
7766,6630
7788,6649
7810,6668
7833,6688
7854,6708
7876,6727
7898,6747
7921,6767
7943,6786
7966,6804
7988,6822
8009,6842
8031,6862
8052,6880
8073,6899
8095,6917
8117,6936
8137,6954
8158,6974
8179,6993
8200,7013
8221,7032
8242,7050
8266,7069
8287,7088
8309,7107
8332,7126
8356,7145
8378,7164
8401,7184
8423,7204
8445,7223
8467,7243
8489,7262
8512,7281
8535,7301
8557,7321
8578,7340
8600,7360
8623,7380
8646,7400
8670,7420
8695,7440
8719,7461
8745,7482
8769,7503
8794,7526
8819,7548
8846,7570
8871,7592
8896,7613
8921,7635
8946,7659
8972,7682
8997,7705
9022,7729
9047,7752
9072,7774
9097,7798
9123,7821
9149,7844
9176,7867
9202,7890
9229,7915
9257,7937
9285,7961
9312,7983
9339,8006
9365,8029
9391,8052
9416,8075
9443,8098
9470,8123
9496,8148
9522,8172
9548,8196
9575,8220
9602,8244
9629,8268
9658,8292
9684,8317
9712,8341
9739,8366
9767,8391
9795,8416
9824,8441
9851,8466
9879,8490
9907,8514
9933,8539
9959,8564
9985,8588
10012,8613
10036,8637
10061,8660
10087,8684
10112,8708
10138,8733
10164,8756
10189,8778
10214,8800
10238,8823
10263,8846
10288,8868
10313,8891
10337,8912
10361,8935
10385,8957
10408,8979
10433,9001
10456,9024
10479,9047
10504,9071
10527,9094
10550,9117
10575,9140
10599,9161
10625,9186
10649,9208
10674,9232
10700,9256
10724,9279
10750,9303
10776,9328
10802,9353
10828,9376
10852,9400
10879,9425
10903,9448
10928,9472
10952,9496
10977,9520
11002,9547
11027,9573
11053,9600
11078,9623
11103,9647
11130,9672
11156,9698
11181,9723
11208,9750
11235,9775
11259,9800
11286,9825
11313,9850
11337,9875
11361,9900
11386,9925
11409,9950
11433,9975
11458,10000
11483,10026
11507,10051
11531,10077
11554,10100
11580,10126
11604,10150
11628,10175
11654,10202
11679,10227
11704,10254
11728,10278
11753,10303
11778,10329
11803,10354
11828,10379
11853,10405
11877,10431
11902,10459
11925,10485
11949,10511
11974,10537
11999,10563
12023,10588
12047,10615
12071,10642
12094,10667
12118,10694
12141,10718
12166,10742
12189,10767
12213,10793
12236,10818
12259,10843
12282,10868
12304,10892
12327,10917
12348,10943
12371,10967
12394,10992
12417,11019
12440,11045
12462,11070
12485,11095
12507,11117
12530,11141
12552,11166
12574,11189
12595,11212
12618,11236
12639,11260
12660,11282
12682,11304
12703,11327
12723,11351
12744,11373
12763,11398
12785,11421
12806,11444
12829,11467
12850,11490
12871,11512
12892,11535
12912,11558
12933,11581
12956,11604
12977,11628
12998,11651
13018,11674
13040,11696
13061,11720
13081,11743
13102,11766
13122,11788
13142,11811
13163,11832
13183,11856
13204,11878
13226,11901
13247,11925
13268,11948
13290,11973
13312,11996
13334,12020
13357,12043
13379,12067
13401,12090
13425,12113
13448,12137
13471,12160
13493,12185
13514,12209
13536,12233
13558,12256
13580,12280
13602,12304
13624,12329
13645,12353
13668,12378
13689,12401
13712,12425
13734,12448
13757,12472
13778,12497
13800,12521
13822,12544
13844,12567
13866,12592
13888,12615
13910,12638
13931,12660
13952,12681
13975,12705
13998,12727
14020,12752
14041,12776
14062,12798
14084,12822
14106,12846
14128,12869
14149,12892
14172,12914
14193,12936
14215,12959
14237,12982
14259,13004
14282,13027
14303,13049
14325,13070
14347,13092
14368,13113
14390,13135
14411,13156
14433,13178
14455,13198
14474,13218
14493,13238
14513,13258
14533,13277
14552,13298
14572,13318
14591,13338
14611,13357
14630,13376
14651,13394
14670,13412
14688,13431
14709,13450
14729,13470
14749,13488
14769,13507
14788,13525
14807,13544
14826,13563
14846,13581
14865,13600
14884,13619
14905,13639
14926,13659
14946,13680
14966,13698
14987,13716
15008,13736
15029,13756
15050,13775
15071,13795
15093,13815
15114,13835
15136,13855
15158,13875
15180,13893
15200,13914
15222,13933
15243,13954
15266,13973
15287,13993
15308,14012
15331,14034
15354,14054
15375,14075
15397,14093
15420,14113
15440,14133
15463,14152
15485,14172
15507,14190
15529,14210
15551,14228
15572,14247
15593,14267
15615,14286
15637,14306
15658,14325
15680,14344
15701,14364
15722,14383
15744,14403
15766,14422
15788,14442
15811,14462
15833,14483
15855,14502
15878,14522
15901,14543
15924,14563
15947,14584
15970,14604
15994,14624
16018,14644
16041,14665
16064,14686
16088,14705
16111,14726
16132,14747
16154,14767
16177,14786
16200,14806
16222,14826
16244,14846
16267,14865
16290,14886
16312,14905
16336,14925
16360,14946
0,14966
24,14989
47,15009
71,15029
94,15049
116,15069
138,15089
159,15109
182,15129
204,15148
228,15168
251,15188
272,15207
296,15227
318,15245
341,15265
365,15284
387,15304
410,15324
432,15343
454,15362
479,15383
503,15404
526,15425
549,15445
571,15465
594,15485
616,15505
638,15527
661,15548
684,15568
707,15588
730,15610
753,15629
778,15650
803,15670
828,15691
854,15713
879,15733
902,15753
926,15774
950,15796
975,15818
1000,15840
1025,15863
1050,15885
1075,15907
1099,15930
1125,15952
1150,15975
1175,16000
1202,16022
1229,16047
1256,16071
1284,16096
1311,16121
1339,16144
1367,16167
1395,16190
1421,16214
1448,16237
1474,16261
1502,16285
1527,16308
1554,16333
1581,16357
1606,16382
1633,23
1660,47
1687,72
1714,97
1742,121
1769,146
1797,170
1824,197
1851,222
1879,247
1906,274
1935,298
1963,324
1989,348
2017,373
2043,399
2070,424
2095,449
2122,475
2150,501
2178,528
2205,554
2232,580
2260,604
2287,629
2315,654
2343,679
2371,705
2398,731
2424,756
2449,781
2474,805
2499,828
2522,853
2547,876
2570,898
2593,923
2617,947
2641,969
2665,993
2689,1015
2714,1039
2739,1062
2765,1086
2790,1110
2815,1133
2838,1156
2861,1180
2885,1204
2909,1229
2933,1253
2959,1276
2984,1301
3007,1323
3030,1349
3054,1374
3079,1399
3103,1424
3127,1449
3154,1473
3180,1498
3205,1525
3230,1550
3256,1576
3282,1601
3307,1627
3333,1652
3359,1679
3383,1705
3408,1730
3432,1759
3457,1785
3481,1811
3507,1837
3533,1863
3558,1889
3582,1916
3606,1941
3632,1966
3656,1992
3681,2018
3705,2043
3730,2068
3754,2093
3779,2119
3803,2143
3827,2169
3851,2193
3875,2218
3898,2244
3919,2270
3942,2296
3964,2321
3986,2346
4010,2371
4034,2398
4058,2426
4082,2451
4107,2477
4131,2503
4156,2529
4180,2555
4204,2580
4228,2606
4251,2632
4276,2658
4299,2685
4323,2711
4346,2737
4369,2762
4392,2787
4415,2814
4438,2839
4461,2864
4483,2890
4506,2915
4529,2939
4552,2963
4575,2987
4598,3013
4621,3037
4643,3062
4666,3086
4689,3110
4711,3136
4732,3159
4752,3182
4774,3206
4796,3229
4817,3253
4838,3276
4858,3301
4878,3323
4901,3347
4922,3370
4943,3392
4964,3414
4984,3437
5003,3458
5023,3481
5044,3503
5065,3525
5085,3548
5104,3570
5125,3591
5146,3614
5167,3637
5187,3660
5206,3684
5227,3705
5247,3727
5268,3749
5287,3770
5307,3792
5327,3814
5349,3835
5369,3857
5389,3879
5410,3901
5431,3923
5451,3945
5472,3967
5492,3989
5514,4012
5534,4034
5557,4055
5578,4079
5599,4102
5621,4126
5641,4148
5662,4172
5684,4195
5707,4217
5728,4240
5751,4263
5772,4287
5795,4311
5817,4334
5839,4356
5861,4380
5882,4403
5903,4426
5924,4450
5947,4472
5969,4494
5991,4516
6013,4540
6034,4562
6055,4584
6076,4608
6098,4631
6121,4653
6143,4675
6165,4697
6188,4719
6209,4743
6230,4765
6252,4787
6274,4810
6297,4834
6320,4856
6342,4877
6362,4899
6384,4921
6407,4942
6429,4964
6452,4986
6474,5008
6497,5029
6520,5051
6541,5074
6563,5096
6585,5117
6607,5137
6629,5157
6651,5178
6673,5198
6696,5218
6717,5238
6737,5257
6757,5276
6777,5296
6798,5316
6818,5335
6837,5354
6857,5372
6877,5390
6898,5409
6917,5427
6936,5446
6956,5466
6976,5484
6996,5503
7017,5521
7037,5538
7056,5557
7077,5574
7098,5593
7119,5612
7142,5629
7163,5649
7184,5667
7206,5686
7228,5705
7249,5725
7270,5744
7292,5765
7314,5783
7335,5802
7358,5821
7381,5840
7402,5860
7424,5879
7448,5899
7471,5918
7493,5939
7517,5959
7541,5980
7565,6000
7589,6019
7611,6040
7634,6060
7656,6079
7678,6097
7700,6116
7723,6135
7746,6154
7768,6175
7790,6193
7812,6212
7834,6231
7857,6250
7879,6269
7900,6287
7924,6306
7947,6326
7969,6345
7992,6364
8014,6385
8037,6404
8060,6422
8082,6442
8105,6462
8127,6481
8151,6501
8174,6522
8197,6542
8220,6561
8245,6581
8268,6601
8292,6622
8316,6643
8341,6662
8366,6683
8389,6703
8413,6723
8438,6743
8462,6764
8487,6785
8512,6806
8537,6826
8562,6847
8585,6867
8608,6887
8633,6908
8656,6929
8679,6949
8703,6969
8727,6988
8751,7007
8776,7027
8801,7047
8827,7067
8852,7088
8876,7108
8901,7128
8924,7149
8948,7168
8971,7188
8995,7209
9019,7227
9042,7247
9065,7267
9088,7287
9112,7308
9135,7327
9157,7345
9181,7366
9206,7387
9231,7406
9254,7425
9279,7447
9304,7467
9329,7486
9353,7505
9379,7525
9403,7545
9426,7567
9450,7587
9474,7607
9499,7629
9523,7651
9546,7673
9571,7693
9595,7714
9620,7735
9645,7758
9672,7780
9699,7803
9725,7824
9752,7847
9780,7869
9808,7892
9835,7915
9862,7938
9889,7962
9916,7986
9943,8009
9969,8033
9996,8056
10021,8081
10048,8105
10076,8128
10103,8153
10131,8176
10157,8200
10185,8224
10214,8250
10242,8275
10271,8298
10298,8324
10325,8347
10353,8372
10379,8397
10406,8422
10433,8446
10458,8470
10484,8495
10510,8519
10537,8544
10563,8570
10590,8595
10618,8622
10644,8647
10672,8673
10700,8700
10730,8725
10758,8752
10786,8776
10815,8801
10843,8828
10870,8854
10896,8880
10922,8905
10949,8931
10976,8957
11003,8982
11029,9008
11056,9032
11083,9058
11109,9083
11135,9109
11162,9134
11187,9159
11213,9185
11241,9208
11266,9233
11291,9257
11316,9280
11340,9304
11364,9327
11388,9350
11411,9374
11433,9398
11457,9423
11480,9446
11504,9469
11527,9495
11550,9517
11574,9541
11597,9565
11623,9588
11647,9611
11672,9635
11696,9660
11719,9685
11744,9710
11770,9735
11795,9760
11819,9785
11843,9810
11866,9836
11890,9861
11914,9887
11938,9913
11962,9940
11988,9968
12012,9994
12036,10019
12061,10045
12085,10070
12110,10097
12135,10123
12158,10149
12183,10176
12207,10203
12233,10230
12256,10256
12280,10282
12302,10306
12324,10332
12347,10357
12369,10384
12392,10410
12415,10434
12439,10458
12462,10484
12486,10509
12510,10534
12532,10559
12556,10584
12579,10610
12602,10636
12626,10659
12649,10686
12671,10713
12695,10738
12719,10763
12741,10789
12764,10816
12787,10844
12810,10871
12834,10899
12856,10924
12878,10951
12901,10975
12925,11001
12949,11026
12973,11052
12995,11078
13019,11103
13042,11129
13065,11156
13087,11181
13108,11207
13130,11233
13153,11258
13175,11284
13198,11310
13220,11334
13241,11359
13262,11384
13285,11407
13306,11432
13327,11455
13350,11480
13372,11504
13394,11527
13415,11550
13436,11574
13457,11598
13478,11622
13500,11646
13522,11669
13543,11692
13563,11715
13582,11738
13603,11761
13622,11784
13642,11807
13662,11830
13681,11851
13701,11873
13721,11896
13742,11920
13762,11943
13783,11966
13804,11989
13824,12012
13845,12034
13866,12056
13885,12080
13906,12101
13926,12124
13947,12146
13966,12166
13987,12189
14009,12211
14028,12233
14048,12255
14070,12278
14090,12300
14111,12322
14132,12345
14154,12368
14174,12392
14195,12415
14217,12439
14240,12462
14263,12486
14284,12510
14306,12534
14329,12557
14351,12581
14373,12605
14396,12628
14417,12652
14439,12676
14463,12700
14485,12722
14506,12744
14527,12767
14549,12792
14571,12815
14593,12837
14615,12860
14639,12884
14660,12908
14683,12930
14705,12952
14727,12975
14749,12998
14771,13020
14793,13043
14813,13065
14836,13087
14858,13110
14879,13132
14902,13154
14925,13177
14947,13200
14970,13222
14992,13244
15015,13266
15037,13288
15059,13310
15081,13332
15103,13354
15126,13376
15150,13397
15172,13418
15195,13440
15218,13462
15241,13482
15263,13502
15285,13524
15306,13544
15328,13565
15349,13584
15369,13604
15390,13623
15411,13642
15432,13661
15454,13679
15474,13699
15495,13717
15516,13736
15537,13755
15557,13773
15577,13792
15599,13811
15619,13831
15640,13849
15659,13869
15681,13888
15703,13907
15724,13925
15744,13944
15765,13963
15787,13982
15809,14000
15832,14020
15855,14038
15878,14058
15901,14078
15924,14098
15948,14118
15970,14138
15993,14157
16016,14177
16041,14197
16063,14217
16085,14238
16107,14259
16130,14279
16152,14299
16176,14318
16199,14339
16221,14359
16245,14379
16268,14400
16292,14420
16315,14440
16339,14461
16363,14481
3,14500
28,14521
52,14540
75,14560
98,14580
122,14600
145,14620
167,14640
190,14659
213,14679
236,14699
260,14719
285,14740
311,14761
336,14780
360,14800
385,14820
412,14840
436,14862
463,14884
488,14906
512,14926
537,14947
562,14968
587,14990
613,15012
639,15031
664,15053
691,15076
716,15096
742,15116
767,15137
792,15159
818,15180
845,15201
871,15223
898,15245
924,15267
949,15288
976,15310
1000,15332
1025,15355
1051,15376
1074,15396
1099,15416
1123,15437
1148,15458
1172,15478
1197,15500
1222,15521
1246,15542
1272,15563
1298,15583
1323,15604
1349,15625
1376,15646
1401,15667
1425,15687
1448,15708
1472,15729
1495,15750
1519,15771
1544,15793
1567,15814
1592,15835
1616,15856
1640,15877
1665,15899
1689,15919
1713,15941
1739,15962
1765,15984
1792,16006
1819,16028
1846,16051
1871,16074
1897,16097
1923,16118
1947,16140
1972,16163
1998,16186
2024,16209
2050,16232
2076,16254
2102,16278
2126,16302
2153,16325
2180,16348
2209,16372
2237,12
2265,37
2292,62
2322,87
2350,112
2378,139
2406,164
2435,191
2461,217
2488,242
2514,266
2541,292
2567,317
2593,344
2619,369
2647,393
2673,417
2700,444
2728,471
2754,496
2781,521
2809,546
2836,571
2864,597
2890,622
2916,648
2942,674
2968,698
2993,724
3018,750
3044,775
3070,801
3097,826
3123,852
3149,878
3176,905
3202,933
3229,959
3256,985
3283,1013
3311,1040
3338,1067
3364,1093
3390,1119
3415,1144
3439,1167
3464,1194
3489,1219
3512,1245
3536,1269
3559,1292
3582,1316
3606,1340
3629,1364
3652,1387
3677,1410
3701,1434
3724,1457
3746,1482
3771,1506
3793,1530
3816,1554
3837,1580
3861,1604
3883,1630
3905,1654
3926,1677
3948,1701
3969,1724
3990,1749
4013,1775
4035,1800
4058,1824
4081,1850
4106,1875
4130,1900
4153,1925
4176,1949
4201,1976
4224,2001
4248,2028
4271,2055
4295,2081
4318,2108
4341,2134
4363,2160
4387,2187
4410,2212
4433,2239
4456,2264
4480,2288
4503,2314
4527,2340
4551,2366
4574,2392
4597,2417
4621,2443
4644,2470
4667,2494
4690,2519
4712,2544
4733,2568
4755,2594
4777,2620
4798,2645
4820,2669
4843,2694
4865,2719
4887,2744
4909,2771
4932,2797
4954,2822
4977,2848
5001,2873
5025,2899
5047,2924
5069,2950
5092,2976
5116,3002
5137,3027
5159,3053
5180,3080
5203,3106
5225,3131
5248,3156
5270,3182
5291,3208
5311,3233
5333,3258
5357,3282
5378,3306
5401,3331
5424,3355
5445,3381
5466,3406
5487,3430
5509,3456
5531,3479
5551,3504
5572,3526
5593,3551
5615,3574
5636,3598
5657,3621
5679,3644
5699,3668
5718,3690
5739,3713
5760,3737
5780,3759
5801,3781
5822,3804
5842,3828
5862,3849
5883,3872
5902,3893
5923,3915
5943,3936
5963,3956
5983,3978
6004,4000
6023,4021
6042,4043
6062,4065
6081,4086
6103,4109
6124,4131
6144,4152
6164,4174
6185,4195
6205,4218
6225,4241
6246,4265
6268,4286
6288,4308
6310,4330
6331,4353
6353,4375
6373,4398
6394,4421
6416,4443
6438,4465
6460,4487
6481,4509
6503,4532
6525,4556
6548,4578
6570,4602
6591,4625
6614,4648
6636,4671
6660,4695
6683,4718
6707,4743
6730,4764
6751,4788
6774,4810
6797,4832
6819,4854
6842,4877
6865,4899
6887,4920
6909,4943
6930,4965
6952,4986
6974,5008
6996,5029
7018,5051
7041,5073
7063,5094
7085,5115
7107,5135
7129,5157
7153,5177
7175,5199
7198,5222
7219,5242
7243,5263
7266,5284
7288,5304
7311,5325
7333,5346
7357,5366
7380,5388
7403,5409
7426,5429
7449,5450
7472,5469
7495,5489
7518,5510
7542,5530
7565,5550
7588,5569
7612,5589
7632,5609
7654,5627
7676,5645
7697,5664
7717,5683
7737,5701
7758,5719
7779,5737
7800,5755
7821,5773
7842,5791
7865,5809
7887,5827
7909,5846
7932,5864
7954,5883
7978,5902
7999,5921
8020,5940
8042,5958
8063,5977
8086,5997
8109,6016
8132,6034
8155,6053
8178,6073
8200,6092
8221,6111
8244,6131
8268,6150
8292,6169
8316,6189
8341,6208
8366,6228
8390,6248
8416,6267
8441,6287
8465,6308
8491,6328
8515,6348
8540,6367
8564,6386
8588,6406
8613,6425
8636,6445
8660,6466
8685,6486
8709,6506
8734,6526
8759,6545
8784,6566
8809,6584
8833,6604
8858,6622
8881,6642
8906,6661
8932,6682
8957,6701
8982,6722
9007,6742
9032,6761
9057,6781
9082,6802
9107,6824
9133,6844
9160,6865
9187,6887
9213,6909
9240,6932
9266,6952
9294,6974
9320,6995
9347,7016
9373,7038
9399,7058
9426,7079
9452,7100
9478,7120
9503,7141
9528,7162
9553,7183
9578,7205
9603,7225
9630,7247
9655,7268
9681,7288
9707,7309
9733,7330
9758,7350
9785,7371
9811,7391
9836,7411
9863,7431
9888,7453
9914,7474
9940,7494
9964,7515
9987,7535
10010,7556
10034,7577
10059,7598
10083,7617
10108,7639
10132,7659
10158,7680
10183,7701
10208,7722
10236,7743
10261,7762
10285,7783
10311,7805
10336,7827
10361,7847
10386,7869
10411,7891
10436,7912
10461,7934
10485,7955
10509,7977
10533,7997
10560,8019
10585,8041
10612,8064
10637,8086
10663,8109
10689,8132
10716,8155
10743,8176
10769,8198
10795,8222
10822,8245
10849,8269
10875,8292
10902,8317
10929,8341
10956,8365
10982,8391
11008,8415
11034,8440
11061,8468
11088,8493
11115,8516
11142,8540
11169,8565
11197,8590
11225,8616
11251,8642
11277,8667
11304,8692
11329,8718
11355,8744
11381,8769
11407,8794
11433,8819
11459,8844
11485,8870
11510,8893
11536,8917
11561,8943
11586,8969
11610,8995
11635,9021
11661,9047
11687,9070
11714,9094
11739,9120
11763,9145
11789,9169
11814,9194
11838,9220
11863,9247
11888,9273
11913,9300
11937,9326
11962,9353
11988,9380
12013,9406
12037,9430
12061,9456
12085,9481
12110,9506
12134,9531
12157,9557
12179,9581
12203,9606
12226,9631
12248,9654
12270,9677
12292,9701
12314,9724
12336,9748
12356,9772
12377,9796
12400,9821
12421,9844
12442,9867
12465,9890
12486,9914
12510,9938
12533,9963
12556,9987
12579,10012
12601,10036
12624,10061
12645,10086
12668,10111
12690,10134
12712,10159
12735,10184
12756,10209
12779,10234
12801,10259
12823,10286
12846,10311
12870,10337
12893,10362
12916,10389
12938,10414
12961,10441
12985,10467
13009,10494
13031,10520
13053,10545
13076,10571
13099,10599
13121,10624
13144,10649
13167,10675
13189,10701
13211,10726
13233,10753
13254,10779
13276,10805
13299,10831
13321,10854
13342,10879
13364,10905
13385,10930
13408,10955
13430,10979
13451,11004
13472,11029
13495,11054
13517,11079
13539,11104
13559,11130
13581,11156
13603,11183
13624,11208
13646,11236
13669,11261
13691,11287
13712,11314
13734,11339
13756,11365
13779,11391
13801,11416
13822,11441
13844,11467
13866,11492
13889,11516
13911,11542
13933,11568
13955,11593
13976,11617
13998,11642
14018,11668
14038,11691
14060,11716
14080,11740
14102,11764
14122,11788
14144,11812
14164,11835
14185,11857
14206,11880
14227,11905
14247,11928
14266,11951
14288,11975
14308,11998
14329,12021
14348,12044
14367,12066
14387,12088
14408,12110
14428,12130
14449,12152
14468,12174
14488,12196
14507,12216
14527,12236
14547,12259
14566,12281
14585,12302
14604,12325
14624,12345
14644,12366
14665,12389
14686,12412
14707,12434
14727,12454
14748,12477
14769,12498
14789,12521
14810,12544
14830,12566
14850,12587
14871,12610
14892,12632
14912,12654
14934,12675
14955,12698
14976,12719
14996,12741
15017,12763
15039,12786
15061,12808
15083,12831
15106,12854
15129,12877
15151,12900
15173,12922
15196,12946
15220,12968
15243,12993
15265,13017
15289,13040
15310,13062
15334,13085
15357,13108
15378,13131
15401,13153
15423,13175
15446,13197
15471,13218
15495,13240
15517,13262
15540,13283
15564,13306
15587,13328
15610,13349
15632,13371
15654,13392
15676,13413
15698,13434
15719,13454
15741,13474
15764,13496
15787,13516
15810,13536
15833,13556
15856,13577
15878,13598
15903,13621
15926,13642
15950,13663
15974,13685
15998,13705
16021,13725
16044,13746
16067,13766
16090,13786
16113,13806
16136,13826
16157,13846
16179,13867
16201,13887
16223,13905
16245,13924
16266,13943
16288,13963
16310,13981
16332,14000
16354,14018
16376,14035
13,14054
35,14073
58,14092
79,14110
102,14129
123,14147
145,14165
167,14183
189,14202
212,14222
235,14241
258,14260
281,14278
305,14297
329,14316
352,14336
375,14354
400,14373
426,14391
449,14410
474,14431
498,14451
524,14469
549,14489
573,14509
597,14530
621,14549
645,14569
668,14589
693,14610
718,14630
743,14652
768,14672
794,14692
819,14713
844,14733
871,14752
896,14772
922,14792
948,14813
974,14833
1000,14854
1024,14872
1048,14892
1073,14912
1096,14932
1121,14952
1146,14973
1170,14992
1194,15012
1218,15031
1242,15050
1269,15071
1294,15091
1319,15112
1346,15131
1372,15153
1399,15174
1425,15195
1451,15215
1478,15237
1504,15259
1530,15281
1556,15302
1582,15324
1608,15346
1633,15368
1659,15389
1686,15411
1713,15432
1740,15453
1766,15474
1792,15497
1819,15519
1845,15540
1873,15561
1899,15584
1924,15606
1951,15627
1977,15649
2001,15670
2025,15692
2049,15714
2074,15735
2099,15756
2124,15778
2149,15798
2174,15819
2199,15840
2223,15861
2249,15882
2275,15904
2301,15924
2327,15945
2353,15966
2378,15987
2404,16008
2426,16030
2450,16051
2475,16073
2499,16094
2522,16116
2546,16137
2569,16160
2593,16181
2618,16201
2643,16223
2668,16244
2692,16266
2717,16289
2743,16311
2769,16332
2795,16353
2821,16375
2846,13
2871,35
2895,59
2918,81
2943,104
2967,128
2991,150
3016,173
3041,196
3065,220
3090,243
3115,267
3140,292
3164,315
3191,340
3218,364
3244,390
3271,415
3297,440
3322,465
3349,490
3374,516
3401,541
3428,567
3453,595
3479,621
3504,647
3529,673
3554,698
3581,725
3607,751
3632,777
3657,803
3681,827
3706,854
3732,879
3758,906
3783,932
3808,957
3833,983
3857,1009
3881,1034
3904,1059
3928,1085
3951,1111
3974,1136
3997,1161
4019,1186
4042,1211
4067,1238
4091,1262
4115,1288
4140,1314
4166,1341
4191,1367
4214,1391
4237,1418
4262,1443
4285,1469
4308,1495
4332,1522
4355,1548
4377,1573
4401,1600
4423,1625
4445,1650
4467,1675
4488,1699
4510,1724
4532,1749
4554,1772
4578,1798
4599,1822
4621,1845
4642,1869
4663,1893
4685,1918
4706,1942
4728,1965
4750,1990
4772,2015
4794,2039
4815,2065
4837,2090
4857,2115
4879,2140
4901,2164
4922,2188
4944,2212
4966,2236
4989,2261
5011,2288
5033,2313
5056,2338
5076,2364
5098,2390
5121,2415
5144,2441
5166,2466
5188,2493
5210,2520
5232,2546
5254,2573
5276,2599
5298,2625
5321,2652
5344,2678
5366,2704
5388,2728
5408,2753
5429,2779
5452,2804
5474,2830
5496,2856
5517,2882
5538,2908
5559,2931
5579,2957
5600,2980
5622,3004
5642,3029
5663,3052
5683,3076
5704,3100
5725,3124
5747,3148
5769,3172
5790,3198
5812,3223
5834,3248
5855,3274
5877,3300
5898,3327
5921,3352
5943,3379
5964,3405
5985,3430
6006,3455
6027,3481
6049,3506
6070,3530
6091,3554
6113,3578
6135,3603
6157,3627
6178,3651
6199,3676
6220,3700
6242,3724
6264,3748
6287,3772
6307,3795
6328,3818
6349,3841
6370,3864
6391,3887
6411,3911
6431,3933
6452,3955
6473,3976
6493,3998
6515,4019
6536,4042
6555,4063
6576,4084
6595,4106
6615,4128
6635,4151
6656,4172
6676,4193
6696,4215
6717,4236
6737,4257
6758,4279
6779,4300
6799,4322
6820,4343
6840,4364
6860,4386
6880,4407
6900,4428
6921,4449
6942,4470
6962,4492
6982,4512
7002,4533
7022,4555
7044,4577
7065,4599
7087,4620
7109,4642
7132,4663
7153,4684
7175,4706
7196,4727
7217,4749
7238,4770
7260,4791
7283,4812
7305,4833
7327,4855
7350,4877
7373,4897
7395,4919
7419,4940
7443,4962
7466,4984
7488,5005
7512,5028
7535,5049
7559,5073
7582,5095
7606,5116
7629,5139
7653,5160
7677,5181
7699,5201
7722,5222
7744,5242
7766,5264
7790,5285
7813,5305
7836,5327
7859,5347
7882,5368
7905,5388
7928,5408
7952,5428
7975,5448
7998,5468
8020,5487
8044,5507
8066,5526
8089,5547
8111,5566
8132,5586
8155,5605
8177,5625
8200,5644
8222,5663
8245,5683
8268,5703
8291,5724
8315,5742
8340,5760
8364,5780
8388,5799
8412,5819
8435,5837
8458,5855
8483,5873
8507,5891
8528,5911
8551,5929
8573,5947
8596,5964
8617,5982
8639,6000
8661,6018
8684,6036
8706,6053
8729,6071
8750,6089
8772,6108
8797,6125
8821,6143
8846,6161
8870,6180
8894,6199
8917,6217
8942,6235
8966,6252
8990,6271
9013,6290
9036,6308
9060,6327
9083,6345
9108,6364
9133,6382
9158,6400
9182,6418
9207,6437
9232,6456
9258,6475
9284,6494
9311,6514
9337,6534
9362,6554
9388,6574
9414,6595
9440,6614
9465,6635
9491,6654
9515,6674
9541,6695
9568,6714
9591,6735
9617,6754
9643,6775
9668,6795
9694,6813
9721,6833
9747,6852
9772,6872
9797,6892
9823,6912
9848,6932
9873,6951
9898,6972
9923,6991
9949,7010
9973,7030
9997,7049
10022,7070
10047,7090
10072,7111
10099,7133
10126,7154
10152,7176
10181,7198
10209,7219
10237,7241
10264,7262
10292,7284
10319,7305
10346,7327
10372,7350
10400,7373
10427,7395
10453,7416
10480,7438
10506,7460
10531,7482
10557,7504
10583,7525
10609,7547
10636,7569
10662,7592
10689,7614
10715,7634
10741,7656
10767,7677
10794,7699
10820,7720
10847,7742
10872,7764
10897,7785
10921,7806
10946,7830
10970,7852
10993,7873
11016,7894
11039,7915
11063,7936
11088,7958
11113,7980
11136,8000
11161,8021
11187,8041
11213,8063
11239,8084
11264,8105
11288,8127
11312,8150
11336,8171
11361,8194
11386,8214
11410,8236
11433,8259
11455,8281
11478,8303
11502,8325
11526,8347
11550,8369
11575,8393
11598,8416
11624,8439
11649,8463
11673,8487
11699,8511
11725,8534
11749,8558
11774,8582
11800,8607
11824,8630
11847,8653
11871,8678
11895,8704
11919,8729
11944,8755
11968,8781
11994,8805
12019,8831
12044,8857
12071,8883
12096,8910
12123,8935
12148,8962
12172,8988
12196,9015
12221,9042
12246,9070
12271,9096
12296,9123
12321,9151
12345,9178
12369,9204
12393,9229
12416,9255
12439,9280
12464,9306
12486,9331
12510,9357
12534,9383
12558,9409
12582,9434
12607,9460
12630,9486
12654,9511
12678,9537
12702,9561
12724,9587
12745,9613
12768,9639
12790,9665
12812,9691
12835,9716
12859,9742
12882,9768
12905,9793
12927,9820
12949,9846
12972,9870
12995,9895
13017,9920
13041,9946
13064,9970
13087,9996
13109,10020
13130,10044
13151,10067
13172,10090
13191,10116
13212,10141
13233,10163
13252,10186
13273,10209
13293,10233
13313,10259
13334,10284
13355,10307
13377,10330
13398,10354
13419,10380
13440,10403
13461,10427
13482,10452
13503,10477
13524,10501
13545,10527
13566,10552
13588,10578
13608,10603
13629,10628
13649,10653
13671,10678
13693,10704
13714,10729
13735,10755
13758,10779
13780,10805
13802,10830
13824,10854
13846,10880
13868,10905
13890,10932
13911,10960
13933,10986
13955,11012
13975,11038
13996,11063
14017,11088
14039,11114
14060,11139
14081,11163
14102,11190
14123,11215
14144,11241
14166,11265
14186,11288
14207,11313
14228,11336
14248,11360
14269,11385
14291,11409
14312,11434
14333,11459
14352,11482
14373,11507
14395,11531
14415,11557
14435,11581
14458,11607
14479,11631
14500,11656
14522,11682
14543,11707
14565,11733
14586,11758
14608,11782
14630,11807
14653,11833
14673,11858
14696,11883
14718,11908
14741,11933
14762,11957
14783,11980
14805,12005
14827,12028
14847,12052
14868,12075
14889,12099
14909,12122
14930,12144
14951,12167
14973,12189
14993,12212
15013,12235
15034,12256
15055,12277
15076,12300
15098,12322
15118,12344
15138,12366
15159,12387
15179,12408
15200,12429
15220,12451
15241,12473
15262,12495
15282,12517
15301,12538
15321,12559
15341,12581
15361,12601
15381,12622
15401,12642
15422,12664
15443,12684
15464,12705
15485,12726
15508,12748
15529,12768
15550,12789
15571,12810
15593,12830
15614,12850
15634,12871
15657,12892
15676,12913
15698,12934
15718,12956
15739,12976
15761,12997
15782,13018
15805,13040
15828,13061
15850,13081
15872,13102
15895,13123
15917,13144
15940,13165
15964,13186
15987,13207
16008,13227
16032,13249
16054,13270
16078,13291
16101,13313
16125,13334
16147,13357
16172,13380
16195,13402
16217,13424
16241,13445
16265,13468
16289,13490
16313,13512
16337,13532
16362,13553
2,13574
29,13595
53,13616
78,13636
101,13657
125,13678
148,13699
171,13718
194,13740
217,13759
240,13778
262,13798
287,13819
311,13838
335,13857
358,13878
383,13897
408,13918
433,13938
458,13958
483,13978
508,13997
533,14016
556,14036
580,14056
604,14075
629,14094
654,14114
679,14134
701,14153
725,14173
750,14192
775,14211
800,14230
824,14249
849,14268
873,14286
898,14305
923,14324
947,14342
971,14360
994,14379
1018,14398
1041,14416
1064,14434
1087,14453
1110,14472
1134,14490
1159,14509
1182,14528
1207,14547
1231,14566
1257,14585
1283,14604
1309,14624
1334,14643
1359,14663
1386,14682
1412,14702
1437,14722
1462,14741
1487,14761
1512,14780
1537,14799
1561,14819
1586,14839
1611,14860
1637,14880
1664,14900
1690,14921
1716,14941
1742,14963
1770,14984
1797,15005
1824,15026
1853,15046
1879,15067
1906,15089
1933,15110
1958,15132
1983,15153
2008,15173
2034,15194
2058,15215
2083,15236
2108,15256
2132,15275
2157,15296
2182,15316
2209,15337
2234,15357
2261,15377
2289,15398
2313,15420
2339,15440
2366,15460
2392,15482
2418,15503
2444,15526
2471,15547
2498,15569
2524,15591
2549,15614
2573,15636
2599,15659
2625,15682
2652,15704
2679,15728
2705,15750
2731,15773
2757,15797
2784,15819
2812,15841
2840,15865
2866,15887
2891,15909
2917,15933
2943,15956
2968,15978
2992,16001
3018,16023
3042,16048
3066,16071
3090,16093
3115,16115
3139,16137
3164,16159
3188,16180
3211,16203
3236,16224
3261,16245
3285,16266
3310,16288
3334,16309
3357,16331
3382,16352
3405,16374
3429,14
3453,35
3475,59
3497,81
3519,101
3542,123
3566,145
3589,168
3611,191
3633,214
3656,237
3680,259
3704,282
3730,305
3754,328
3777,351
3800,374
3824,397
3847,422
3870,444
3892,467
3912,491
3933,515
3954,540
3977,564
3998,587
4021,613
4045,638
4069,663
4091,688
4116,714
4139,739
4163,764
4187,790
4211,815
4235,841
4258,866
4282,892
4306,917
4330,943
4353,969
4377,997
4402,1024
4426,1051
4450,1079
4474,1107
4499,1134
4522,1162
4547,1189
4572,1214
4596,1239
4619,1267
4643,1294
4666,1319
4690,1347
4714,1375
4738,1400
4760,1426
4783,1453
4805,1478
4828,1504
4850,1529
4874,1554
4896,1580
4919,1605
4941,1631
4962,1657
4985,1682
5007,1709
5030,1735
5053,1760
5074,1785
5095,1810
5118,1835
5140,1861
5162,1888
5183,1913
5205,1940
5227,1965
5248,1991
5270,2017
5293,2042
5313,2066
5334,2090
5355,2116
5376,2140
5397,2164
5418,2188
5438,2212
5458,2236
5479,2259
5500,2283
5519,2307
5540,2331
5560,2356
5582,2381
5603,2405
5623,2431
5643,2456
5664,2480
5685,2505
5705,2528
5726,2552
5745,2578
5765,2601
5788,2627
5809,2651
5830,2677
5851,2703
5873,2728
5895,2753
5915,2778
5937,2803
5958,2827
5979,2851
6000,2876
6021,2903
6042,2928
6063,2955
6086,2981
6106,3006
6128,3032
6150,3058
6171,3085
6194,3110
6215,3134
6237,3159
6259,3184
6280,3209
6301,3234
6322,3258
6342,3283
6365,3307
6386,3332
6406,3357
6426,3380
6446,3403
6467,3426
6487,3448
6509,3472
6530,3497
6550,3520
6570,3544
6591,3567
6611,3590
6632,3614
6654,3638
6675,3661
6697,3684
6719,3709
6740,3735
6763,3758
6785,3782
6807,3807
6829,3831
6851,3854
6873,3878
6894,3901
6915,3924
6937,3948
6959,3971
6980,3993
7002,4016
7024,4039
7046,4061
7067,4083
7089,4106
7111,4129
7132,4151
7155,4173
7177,4195
7198,4217
7219,4238
7239,4261
7259,4283
7281,4305
7301,4328
7323,4351
7345,4372
7365,4393
7386,4414
7408,4435
7428,4456
7450,4476
7471,4496
7491,4515
7512,4537
7534,4557
7554,4579
7577,4599
7600,4619
7621,4641
7643,4661
7665,4680
7685,4701
7707,4721
7727,4742
7748,4762
7769,4782
7789,4801
7811,4821
7832,4841
7854,4861
7875,4881
7897,4902
7920,4923
7943,4943
7966,4962
7988,4982
8010,5003
8033,5023
8055,5043
8078,5063
8100,5083
8122,5104
8144,5124
8167,5144
8189,5165
8212,5186
8236,5207
8259,5226
8283,5246
8307,5267
8332,5288
8357,5309
8383,5330
8407,5351
8433,5371
8459,5391
8485,5412
8510,5433
8536,5454
8561,5477
8587,5498
8613,5519
8638,5540
8663,5561
8687,5582
8711,5602
8737,5623
8762,5643
8787,5664
8811,5684
8838,5704
8864,5723
8889,5744
8916,5763
8942,5782
8968,5801
8992,5820
9017,5840
9041,5858
9065,5877
9089,5897
9112,5915
9136,5934
9159,5953
9184,5971
9209,5990
9234,6009
9260,6028
9286,6047
9312,6066
9338,6085
9363,6103
9389,6123
9415,6142
9440,6160
9465,6178
9490,6197
9514,6215
9538,6234
9562,6252
9587,6270
9610,6289
9636,6308
9659,6326
9683,6344
9707,6362
9731,6380
9757,6398
9783,6416
9809,6434
9836,6452
9862,6471
9887,6490
9911,6509
9937,6527
9962,6545
9986,6564
10010,6584
10035,6603
10060,6622
10085,6640
10111,6659
10135,6678
10161,6699
10188,6719
10215,6737
10242,6757
10269,6777
10297,6797
10324,6818
10350,6838
10377,6859
10405,6880
10432,6902
10458,6923
10484,6944
10509,6965
10536,6984
10562,7005
10590,7027
10615,7050
10642,7071
10668,7092
10694,7113
10720,7134
10747,7154
10774,7176
10801,7196
10826,7216
10853,7238
10879,7258
10903,7277
10928,7299
10953,7321
10978,7342
11002,7362
11027,7381
11052,7403
11076,7424
11100,7445
11125,7467
11151,7488
11177,7510
11203,7532
11229,7553
11257,7576
11284,7599
11309,7621
11335,7644
11362,7667
11388,7690
11413,7713
11438,7736
11463,7758
11488,7781
11513,7803
11538,7825
11564,7848
11588,7871
11612,7894
11637,7916
11663,7940
11688,7962
11713,7984
11738,8006
11763,8028
11788,8051
11813,8073
11836,8094
11861,8115
11883,8136
11907,8158
11929,8179
11952,8203
11974,8225
11997,8248
12020,8270
12042,8292
12065,8313
12087,8336
12108,8357
12131,8378
12153,8400
12176,8424
12198,8444
12220,8466
12241,8489
12264,8513
12285,8535
12307,8558
12329,8581
12350,8603
12371,8625
12394,8648
12415,8671
12436,8693
12459,8716
12481,8738
12503,8761
12526,8784
12548,8807
12571,8832
12594,8856
12617,8879
12640,8904
12662,8928
12683,8953
12707,8977
12729,9002
12751,9025
12773,9051
12796,9075
12817,9100
12839,9124
12861,9148
12885,9174
12907,9199
12930,9225
12953,9250
12976,9276
12998,9301
13023,9328
13046,9353
13069,9380
13093,9407
13116,9433
13141,9460
13165,9487
13187,9513
13209,9541
13232,9569
13255,9596
13277,9622
13299,9649
13321,9675
13344,9702
13366,9728
13388,9753
13411,9778
13433,9804
13455,9830
13476,9854
13497,9878
13519,9904
13541,9928
13562,9952
13583,9977
13604,10002
13625,10028
13646,10054
13667,10078
13688,10104
13708,10129
13730,10154
13751,10180
13772,10204
13793,10229
13814,10254
13835,10277
13857,10302
13879,10327
13899,10351
13919,10375
13940,10400
13960,10424
13982,10449
14002,10473
14022,10497
14042,10521
14062,10545
14082,10568
14101,10593
14121,10616
14140,10640
14159,10664
14179,10687
14199,10710
14220,10734
14240,10759
14259,10782
14279,10806
14299,10830
14319,10854
14340,10880
14361,10903
14381,10927
14401,10952
14421,10977
14441,11001
14462,11024
14481,11049
14502,11073
14524,11099
14545,11124
14565,11146
14585,11172
14607,11198
14629,11222
14650,11247
14670,11272
14692,11298
14713,11323
14735,11350
14756,11375
14776,11401
14798,11424
14821,11451
14842,11476
14864,11502
14885,11527
14906,11552
14928,11577
14949,11601
14970,11624
14992,11650
15014,11674
15034,11699
15055,11721
15077,11745
15099,11769
15118,11793
15139,11817
15159,11841
15180,11863
15202,11887
15223,11911
15243,11934
15264,11958
15285,11981
15306,12003
15328,12027
15350,12049
15371,12073
15393,12097
15415,12121
15438,12144
15461,12167
15483,12190
15507,12213
15530,12237
15552,12260
15575,12283
15597,12307
15620,12331
15643,12353
15665,12378
15687,12401
15709,12424
15731,12448
15751,12470
15774,12492
15795,12514
15817,12537
15839,12560
15861,12582
15885,12604
15907,12626
15929,12648
15952,12668
15974,12691
15996,12714
16017,12735
16040,12756
16062,12778
16083,12798
16104,12818
16125,12840
16146,12860
16168,12880
16189,12901
16209,12922
16230,12942
16252,12962
16273,12982
16294,13001
16316,13022
16339,13042
16363,13064
2,13083
24,13103
47,13123
68,13144
91,13165
113,13184
134,13204
158,13224
179,13245
201,13266
224,13286
246,13308
270,13328
294,13347
317,13367
341,13388
365,13409
389,13430
414,13450
438,13470
464,13490
488,13510
513,13531
538,13552
563,13572
587,13593
611,13613
636,13633
661,13654
686,13675
711,13696
738,13717
764,13739
792,13759
818,13782
845,13804
872,13825
900,13846
926,13867
953,13889
981,13910
1009,13929
1034,13951
1058,13971
1083,13993
1108,14013
1134,14034
1159,14054
1184,14073
1209,14092
1235,14110
1260,14131
1287,14150
1314,14169
1340,14189
1366,14209
1392,14227
1418,14247
1444,14267
1470,14287
1494,14306
1520,14324
1545,14343
1570,14362
1595,14383
1619,14401
1645,14420
1670,14440
1695,14460
1720,14478
1745,14498
1772,14517
1798,14537
1826,14556
1853,14576
1877,14594
1902,14613
1927,14632
1951,14650
1976,14669
2001,14686
2024,14705
2050,14725
2074,14744
2098,14764
2122,14783
2147,14800
2171,14820
2195,14837
2220,14857
2245,14876
2269,14895
2296,14914
2323,14934
2350,14955
2376,14974
2402,14993
2426,15013
2452,15033
2477,15054
2501,15074
2525,15095
2549,15114
2574,15134
2600,15155
2624,15176
2650,15196
2676,15216
2702,15237
2729,15257
2754,15279
2781,15301
2809,15322
2835,15342
2860,15365
2887,15388
2913,15408
2940,15429
2965,15451
2991,15472
3016,15495
3041,15517
3064,15539
3090,15561
3117,15583
3141,15605
3165,15627
3190,15648
3214,15668
3238,15689
3264,15710
3288,15732
3313,15753
3338,15775
3361,15796
3387,15817
3411,15839
3434,15860
3457,15882
3482,15904
3505,15926
3529,15948
3553,15969
3576,15993
3601,16016
3626,16039
3650,16064
3675,16086
3701,16110
3726,16134
3753,16157
3777,16182
3803,16204
3826,16228
3851,16251
3875,16273
3899,16296
3922,16320
3944,16342
3967,16365
3988,6
4011,29
4032,52
4055,74
4077,97
4100,120
4124,143
4147,167
4170,189
4192,213
4213,233
4237,255
4260,279
4283,303
4304,327
4326,349
4347,371
4369,394
4389,418
4410,440
4431,462
4452,485
4473,508
4494,529
4516,553
4538,576
4559,599
4581,624
4602,646
4623,669
4645,693
4667,716
4690,740
4711,763
4733,787
4754,811
4775,836
4796,861
4818,885
4838,909
4859,931
4880,956
4902,981
4923,1006
4945,1031
4966,1055
4989,1078
5009,1104
5032,1129
5054,1154
5077,1180
5098,1205
5120,1230
5141,1255
5165,1281
5185,1307
5207,1332
5229,1358
5251,1384
5273,1410
5296,1436
5318,1462
5340,1490
5364,1516
5387,1545
5411,1573
5434,1601
5456,1627
5480,1655
5502,1681
5525,1708
5549,1734
5570,1761
5591,1788
5613,1814
5635,1839
5657,1865
5678,1891
5700,1917
5721,1944
5742,1969
5762,1995
5782,2021
5804,2045
5825,2071
5847,2095
5868,2120
5890,2144
5911,2171
5933,2197
5954,2221
5974,2246
5994,2272
6015,2296
6035,2322
6055,2346
6075,2370
6096,2396
6117,2422
6138,2446
6158,2470
6179,2492
6200,2518
6220,2542
6240,2567
6260,2591
6280,2615
6300,2639
6320,2662
6340,2686
6361,2710
6382,2733
6402,2758
6423,2781
6443,2804
6464,2828
6484,2852
6503,2875
6523,2899
6542,2922
6562,2946
6583,2970
6603,2994
6623,3018
6644,3042
6665,3066
6686,3092
6707,3117
6729,3142
6750,3168
6771,3193
6793,3217
6815,3242
6837,3268
6858,3292
6879,3315
6901,3340
6923,3365
6945,3390
6967,3414
6989,3437
7011,3463
7034,3488
7056,3514
7078,3539
7101,3564
7123,3588
7146,3612
7168,3638
7190,3662
7213,3686
7235,3710
7257,3735
7279,3759
7300,3783
7321,3805
7342,3828
7363,3851
7383,3874
7404,3896
7426,3917
7447,3939
7470,3961
7492,3982
7514,4005
7536,4026
7558,4048
7581,4071
7604,4094
7627,4118
7650,4141
7672,4165
7695,4188
7717,4212
7740,4235
7764,4258
7787,4283
7810,4306
7834,4328
7858,4351
7882,4373
7904,4396
7928,4419
7951,4442
7974,4463
7996,4486
8020,4508
8043,4530
8065,4552
8089,4575
8112,4597
8134,4619
8157,4639
8180,4661
8202,4682
8224,4703
8247,4725
8269,4746
8291,4766
8314,4786
8336,4807
8359,4827
8382,4847
8405,4867
8427,4886
8451,4906
8475,4926
8498,4946
8520,4965
8542,4985
8565,5005
8587,5025
8610,5045
8632,5064
8655,5085
8677,5105
8699,5124
8723,5143
8746,5163
8769,5181
8793,5200
8818,5219
8842,5239
8866,5259
8891,5278
8915,5297
8942,5316
8966,5336
8990,5355
9013,5375
9038,5394
9063,5414
9085,5433
9109,5452
9132,5472
9156,5490
9182,5510
9208,5531
9233,5551
9259,5570
9286,5589
9312,5610
9340,5629
9367,5649
9394,5669
9420,5690
9447,5710
9473,5730
9500,5751
9525,5771
9551,5793
9578,5813
9604,5833
9633,5855
9660,5876
9688,5896
9715,5916
9742,5937
9769,5956
9796,5976
9823,5996
9849,6016
9877,6036
9904,6055
9930,6074
9955,6095
9982,6114
10008,6133
10035,6151
10062,6171
10085,6191
10110,6211
10134,6231
10160,6250
10185,6268
10211,6286
10237,6305
10263,6323
10289,6342
10317,6361
10341,6381
10369,6399
10395,6418
10419,6437
10444,6455
10471,6474
10496,6493
10521,6512
10545,6531
10568,6550
10592,6568
10617,6586
10642,6605
10666,6623
10691,6641
10715,6659
10739,6677
10765,6696
10791,6714
10817,6734
10842,6752
10865,6770
10891,6788
10915,6808
10938,6827
10962,6846
10987,6866
11011,6885
11034,6904
11058,6922
11083,6942
11106,6960
11132,6981
11158,7001
11182,7019
11208,7040
11233,7060
11260,7080
11287,7101
11312,7122
11338,7143
11364,7163
11388,7183
11411,7204
11436,7226
11460,7248
11485,7269
11510,7291
11535,7312
11560,7333
11584,7355
11610,7378
11636,7400
11661,7423
11686,7444
11713,7465
11739,7487
11764,7510
11789,7533
11815,7555
11838,7577
11862,7599
11886,7621
11908,7643
11931,7664
11954,7685
11976,7706
11999,7728
12022,7750
12045,7772
12068,7792
12090,7813
12113,7835
12136,7857
12159,7878
12182,7899
12203,7922
12228,7946
12251,7968
12276,7989
12300,8011
12323,8036
12347,8058
12370,8081
12394,8105
12418,8129
12441,8152
12465,8176
12488,8200
12512,8225
12536,8248
12559,8270
12583,8294
12606,8319
12629,8342
12653,8364
12674,8388
12697,8410
12720,8435
12743,8458
12765,8481
12786,8504
12808,8527
12828,8550
12849,8572
12870,8594
12891,8618
12913,8640
12935,8663
12957,8686
12978,8709
13000,8732
13021,8755
13042,8777
13064,8801
13085,8825
13106,8847
13127,8869
13148,8892
13169,8912
13189,8936
13209,8958
13229,8982
13250,9006
13270,9029
13291,9052
13311,9075
13331,9099
13353,9123
13374,9146
13395,9171
13416,9194
13437,9218
13458,9243
13479,9267
13501,9292
13522,9316
13542,9340
13564,9364
13585,9388
13606,9413
13626,9438
13647,9462
13668,9487
13689,9512
13710,9537
13732,9561
13753,9587
13775,9613
13797,9638
13819,9664
13841,9689
13863,9716
13885,9742
13906,9767
13929,9795
13951,9821
13974,9848
13996,9878
14017,9905
14040,9932
14063,9961
14086,9988
14108,10016
14130,10045
14152,10071
14173,10097
14196,10124
14218,10149
14241,10175
14263,10202
14285,10229
14306,10254
14328,10280
14349,10303
14369,10329
14390,10354
14412,10380
14433,10405
14454,10429
14474,10455
14494,10480
14516,10504
14535,10531
14556,10555
14578,10580
14599,10606
14619,10630
14638,10655
14660,10679
14681,10705
14702,10729
14723,10754
14744,10779
14765,10803
14785,10829
14806,10853
14826,10877
14847,10902
14868,10926
14888,10950
14908,10973
14928,10997
14948,11021
14968,11045
14989,11070
15009,11092
15030,11117
15050,11140
15071,11164
15092,11186
15111,11209
15131,11233
15152,11257
15174,11282
15196,11306
15216,11330
15236,11354
15257,11378
15278,11402
15299,11427
15320,11452
15342,11476
15363,11500
15385,11525
15407,11548
15428,11572
15449,11596
15473,11621
15496,11645
15519,11670
15541,11695
15565,11721
15588,11747
15611,11772
15633,11798
15656,11824
15678,11848
15701,11875
15724,11899
15746,11924
15769,11950
15792,11974
15815,11999
15838,12023
15861,12047
15883,12069
15908,12093
15930,12116
15952,12139
15975,12162
15996,12184
16018,12207
16041,12229
16063,12250
16086,12272
16108,12295
16128,12317
16150,12340
16172,12362
16194,12384
16216,12407
16239,12428
16260,12452
16283,12474
16306,12498
16329,12520
16354,12544
16378,12568
19,12591
43,12613
66,12637
90,12660
115,12683
139,12707
163,12730
186,12752
210,12775
233,12797
256,12820
280,12842
303,12864
327,12885
351,12907
374,12928
399,12951
423,12973
446,12993
469,13014
494,13035
518,13055
543,13075
566,13096
589,13117
613,13137
637,13158
659,13179
682,13199
705,13218
728,13237
752,13257
776,13277
799,13296
823,13315
847,13334
871,13352
894,13373
919,13392
944,13410
966,13429
990,13449
1014,13468
1039,13489
1063,13508
1087,13528
1111,13547
1135,13567
1158,13585
1183,13604
1208,13624
1230,13643
1256,13663
1281,13684
1307,13703
1334,13723
1360,13742
1385,13762
1410,13782
1438,13802
1463,13822
1488,13842
1515,13863
1540,13882
1566,13902
1592,13923
1617,13942
1642,13962
1668,13982
1695,14001
1719,14022
1748,14043
1775,14064
1804,14086
1833,14107
1861,14128
1891,14148
1920,14169
1949,14191
1977,14212
2006,14234
2032,14254
2061,14275
2087,14296
2113,14315
2139,14336
2165,14357
2192,14377
2218,14398
2245,14417
2271,14438
2297,14457
2324,14478
2352,14498
2380,14517
2405,14537
2432,14556
2457,14574
2483,14595
2508,14614
2533,14633
2558,14653
2583,14673
2607,14692
2633,14712
2658,14731
2683,14751
2707,14771
2732,14790
2758,14810
2785,14829
2810,14849
2837,14869
2863,14888
2889,14908
2914,14928
2940,14947
2963,14967
2988,14985
3011,15005
3035,15025
3058,15044
3081,15063
3105,15083
3129,15102
3154,15120
3177,15141
3202,15160
3226,15180
3251,15199
3276,15218
3300,15239
3325,15260
3351,15280
3374,15299
3399,15320
3422,15341
3446,15362
3469,15383
3494,15405
3518,15427
3542,15447
3566,15469
3591,15491
3615,15511
3639,15534
3664,15556
3690,15578
3715,15600
3740,15622
3765,15645
3790,15667
3815,15689
3841,15713
3866,15737
3891,15761
3916,15784
3939,15806
3962,15832
3986,15856
4009,15879
4034,15901
4058,15926
4081,15949
4104,15971
4127,15993
4150,16015
4174,16038
4199,16060
4222,16082
4244,16103
4266,16127
4290,16149
4314,16173
4336,16194
4358,16216
4381,16239
4403,16261
4425,16285
4448,16308
4470,16331
4492,16354
4515,16378
4539,17
4564,41
4588,65
4611,90
4635,114
4659,139
4683,163
4708,188
4731,213
4754,238
4778,264
4801,289
4824,315
4847,340
4869,365
4891,389
4912,413
4934,438
4957,464
4980,488
5003,511
5025,535
5047,560
5069,585
5090,610
5112,633
5134,659
5156,681
5177,705
5197,729
5218,753
5239,778
5260,803
5281,828
5303,850
5323,874
5343,897
5364,922
5385,946
5406,970
5427,995
5448,1019
5469,1043
5489,1066
5512,1090
5532,1115
5553,1138
5574,1164
5594,1189
5614,1214
5635,1240
5656,1265
5676,1289
5698,1314
5718,1339
5738,1364
5760,1388
5781,1413
5802,1438
5823,1464
5844,1489
5865,1515
5886,1539
5908,1567
5929,1594
5951,1619
5973,1646
5995,1672
6017,1698
6039,1725
6061,1752
6082,1778
6104,1805
6125,1833
6148,1858
6170,1885
6192,1912
6215,1938
6237,1967
6260,1995
6283,2023
6306,2051
6329,2078
6352,2107
6374,2135
6397,2162
6419,2190
6441,2218
6464,2245
6486,2271
6508,2298
6530,2324
6551,2350
6573,2375
6595,2401
6617,2428
6638,2454
6660,2479
6682,2505
6704,2530
6724,2554
6745,2578
6768,2603
6791,2629
6812,2655
6832,2681
6853,2706
6875,2731
6896,2756
6919,2780
6940,2804
6961,2830
6982,2854
7003,2880
7024,2905
7045,2928
7065,2953
7087,2977
7109,3000
7131,3024
7152,3047
7173,3071
7193,3095
7214,3121
7234,3145
7256,3169
7276,3193
7297,3216
7317,3240
7338,3264
7359,3287
7381,3311
7403,3333
7425,3356
7445,3380
7467,3403
7488,3427
7509,3451
7531,3476
7554,3499
7576,3524
7600,3549
7623,3574
7647,3599
7669,3623
7690,3647
7713,3671
7736,3695
7759,3719
7783,3744
7805,3768
7827,3792
7851,3816
7874,3840
7899,3863
7923,3887
7946,3912
7970,3936
7995,3958
8019,3983
8042,4008
8066,4032
8090,4055
8113,4080
8136,4104
8160,4127
8184,4149
8206,4173
8230,4197
8251,4220
8275,4243
8297,4264
8320,4286
8345,4309
8369,4332
8392,4354
8415,4376
8440,4397
8464,4420
8489,4442
8512,4464
8536,4485
8559,4507
8584,4528
8609,4551
8633,4573
8657,4597
8682,4617
8706,4641
8731,4665
8756,4688
8782,4711
8810,4734
8837,4759
8863,4781
8889,4803
8916,4825
8942,4846
8967,4868
8994,4889
9019,4911
9044,4932
9068,4952
9092,4974
9118,4995
9143,5016
9167,5036
9193,5056
9219,5077
9242,5097
9268,5118
9295,5139
9320,5159
9347,5179
9372,5199
9398,5218
9422,5238
9447,5258
9471,5276
9494,5296
9518,5315
9542,5335
9566,5353
9589,5372
9613,5392
9638,5411
9662,5429
9686,5449
9712,5467
9739,5485
9764,5504
9790,5523
9817,5543
9841,5563
9868,5581
9893,5600
9920,5618
9945,5638
9970,5658
9995,5679
10020,5698
10046,5717
10071,5736
10099,5755
10124,5773
10151,5792
10176,5812
10203,5833
10230,5852
10257,5872
10285,5892
10312,5911
10340,5931
10367,5950
10393,5970
10421,5990
10446,6011
10474,6031
10499,6051
10525,6071
10552,6091
10579,6112
10606,6133
10632,6153
10661,6175
10688,6196
10716,6218
10746,6238
10775,6259
10802,6279
10830,6301
10859,6321
10887,6342
10913,6361
10940,6381
10967,6402
10993,6422
11019,6442
11044,6463
11070,6483
11095,6504
11122,6524
11148,6543
11173,6563
11198,6582
11225,6600
11251,6620
11278,6638
11303,6658
11328,6678
11354,6698
11378,6717
11403,6736
11428,6756
11452,6775
11476,6794
11501,6814
11523,6834
11547,6853
11571,6872
11594,6891
11617,6910
11641,6930
11665,6951
11690,6970
11715,6989
11739,7007
11763,7026
11786,7046
11809,7064
11833,7084
11856,7103
11878,7122
11901,7141
11923,7161
11946,7181
11970,7200
11993,7220
12016,7241
12039,7260
12061,7280
12084,7301
12106,7320
12130,7340
12153,7362
12176,7383
12200,7404
12222,7425
12246,7446
12269,7468
12292,7490
12314,7512
12337,7534
12361,7557
12384,7579
12409,7601
12433,7623
12456,7647
12480,7671
12503,7694
12527,7716
12551,7739
12576,7762
12600,7785
12625,7808
12648,7833
12672,7857
12696,7879
12719,7902
12742,7926
12764,7950
12787,7973
12809,7995
12831,8018
12854,8039
12876,8061
12898,8082
12921,8103
12944,8126
12966,8149
12988,8172
13010,8194
13033,8216
13055,8239
13076,8261
13098,8283
13120,8306
13141,8331
13164,8353
13185,8377
13206,8401
13229,8424
13250,8448
13272,8473
13295,8497
13317,8523
13340,8547
13363,8572
13385,8597
13407,8621
13429,8646
13451,8668
13473,8694
13495,8719
13518,8744
13540,8768
13562,8792
13583,8819
13603,8841
13625,8865
13647,8890
13668,8915
13689,8939
13709,8961
13730,8984
13751,9007
13772,9031
13792,9055
13813,9078
13834,9102
13853,9125
13874,9148
13894,9171
13915,9196
13935,9220
13955,9242
13976,9265
13995,9287
14015,9310
14035,9333
14054,9356
14073,9379
14092,9402
14112,9425
14131,9448
14151,9472
14171,9496
14192,9520
14211,9542
14233,9567
14253,9591
14273,9617
14293,9640
14313,9665
14334,9689
14354,9714
14374,9739
14396,9764
14416,9788
14436,9812
14456,9837
14476,9861
14497,9888
14519,9913
14540,9938
14561,9964
14581,9990
14601,10014
14623,10040
14645,10065
14666,10092
14687,10117
14708,10143
14729,10169
14753,10195
14775,10220
14797,10247
14819,10273
14842,10301
14862,10328
14885,10355
14907,10381
14929,10407
14953,10434
14974,10462
14997,10490
15019,10515
15040,10542
15063,10569
15085,10597
15108,10623
15131,10649
15153,10676
15175,10701
15199,10727
15221,10752
15242,10776
15264,10802
15286,10828
15307,10853
15328,10879
15349,10904
15370,10929
15392,10953
15413,10978
15433,11002
15455,11026
15475,11051
15497,11077
15518,11101
15539,11124
15561,11148
15584,11171
15605,11195
15626,11220
15648,11245
15670,11269
15692,11293
15712,11315
15733,11340
15754,11363
15775,11387
15795,11411
15816,11435
15837,11458
15859,11480
15880,11504
15901,11527
15923,11550
15944,11571
15966,11594
15987,11618
16010,11642
16032,11666
16053,11687
16076,11710
16096,11733
16117,11756
16139,11779
16161,11804
16182,11827
16203,11851
16225,11873
16246,11897
16267,11920
16289,11944
16312,11966
16336,11990
16359,12014
16383,12037
23,12061
46,12084
69,12108
92,12131
115,12154
140,12177
164,12200
188,12224
211,12246
236,12270
259,12294
283,12318
308,12342
333,12365
357,12387
382,12411
406,12436
431,12461
456,12484
481,12506
506,12528
530,12550
554,12572
578,12595
602,12616
627,12639
649,12660
672,12682
694,12704
718,12725
741,12747
764,12768
789,12789
813,12810
839,12832
863,12854
887,12876
913,12897
939,12918
965,12940
990,12962
1017,12984
1042,13006
1068,13029
1094,13050
1119,13072
1145,13094
1169,13116
1194,13138
1219,13159
1245,13180
1270,13200
1296,13223
1321,13244
1349,13264
1374,13285
1400,13305
1427,13326
1453,13347
1479,13369
1505,13389
1530,13411
1555,13431
1582,13451
1605,13471
1631,13490
1654,13509
1677,13528
1702,13548
1727,13567
1752,13586
1778,13606
1803,13625
1829,13643
1854,13663
1879,13683
1905,13701
1930,13719
1955,13739
1980,13758
2006,13778
2029,13796
2053,13816
2078,13834
2102,13853
2129,13871
2153,13891
2178,13911
2203,13929
2228,13949
2255,13969
2281,13987
2307,14008
2334,14027
2360,14048
2385,14068
2412,14087
2439,14106
2464,14126
2490,14146
2516,14166
2542,14185
2566,14205
2591,14225
2617,14245
2643,14266
2667,14286
2695,14306
2721,14327
2749,14347
2777,14366
2805,14386
2834,14405
2860,14425
2887,14446
2915,14467
2941,14490
2969,14512
2994,14533
3021,14554
3048,14576
3075,14598
3101,14619
3127,14640
3154,14661
3181,14682
3207,14703
3233,14724
3261,14745
3288,14766
3315,14787
3341,14807
3367,14828
3392,14850
3418,14870
3444,14891
3469,14909
3494,14929
3518,14951
3542,14970
3566,14989
3589,15009
3613,15029
3637,15048
3659,15069
3683,15090
3707,15109
3733,15131
3758,15152
3783,15172
3808,15192
3832,15212
3855,15232
3878,15253
3901,15274
3923,15295
3946,15315
3967,15335
3990,15355
4012,15375
4035,15396
4056,15417
4078,15438
4100,15458
4122,15479
4145,15498
4168,15518
4191,15539
4214,15560
4237,15580
4259,15600
4280,15622
4302,15643
4324,15664
4347,15685
4370,15706
4393,15728
4415,15751
4438,15773
4462,15796
4485,15817
4507,15840
4530,15863
4552,15886
4576,15909
4600,15932
4623,15955
4647,15978
4669,16001
4694,16024
4717,16048
4741,16072
4764,16096
4788,16120
4811,16145
4834,16170
4857,16193
4881,16217
4905,16240
4928,16265
4951,16289
4974,16312
4996,16337
5019,16361
5043,2
5066,25
5089,49
5111,73
5133,97
5155,122
5177,145
5199,167
5221,191
5242,215
5262,240
5284,262
5306,285
5327,308
5349,332
5371,355
5391,379
5413,403
5436,428
5457,453
5479,477
5500,504
5522,530
5544,555
5565,580
5588,604
5610,630
5633,655
5655,681
5676,706
5697,732
5719,758
5741,783
5762,809
5784,834
5805,860
5827,885
5849,908
5871,934
5892,959
5913,984
5934,1009
5954,1033
5976,1059
5996,1084
6018,1109
6039,1134
6059,1158
6079,1183
6099,1207
6119,1231
6138,1254
6158,1279
6178,1302
6198,1327
6218,1351
6239,1375
6260,1399
6281,1423
6302,1446
6321,1470
6341,1494
6361,1519
6381,1543
6403,1568
6424,1592
6444,1616
6464,1641
6485,1665
6506,1691
6526,1716
6547,1742
6567,1766
6587,1792
6607,1818
6629,1842
6650,1868
6672,1893
6692,1918
6714,1942
6736,1969
6759,1995
6781,2022
6802,2049
6825,2075
6847,2103
6869,2128
6891,2155
6913,2181
6935,2206
6957,2234
6979,2260
7001,2286
7024,2312
7046,2337
7069,2365
7094,2393
7116,2420
7139,2446
7163,2473
7188,2500
7212,2527
7235,2556
7259,2582
7283,2610
7307,2639
7329,2666
7352,2693
7374,2720
7397,2748
7420,2775
7443,2800
7467,2826
7490,2851
7514,2877
7536,2903
7559,2930
7583,2956
7606,2981
7629,3007
7651,3032
7674,3057
7697,3079
7719,3103
7741,3127
7763,3153
7784,3178
7806,3202
7829,3225
7849,3249
7871,3273
7893,3296
7916,3322
7937,3344
7960,3369
7982,3393
8004,3417
8027,3441
8050,3465
8073,3489
8095,3512
8117,3537
8139,3560
8162,3583
8184,3606
8205,3628
8226,3651
8248,3674
8270,3697
8294,3719
8316,3744
8339,3767
8362,3790
8386,3812
8410,3835
8434,3859
8459,3882
8483,3906
8505,3927
8530,3949
8554,3973
8579,3995
8603,4019
8626,4041
8650,4065
8675,4089
8700,4112
8726,4136
8751,4159
8776,4182
8803,4206
8829,4229
8856,4253
8883,4278
8909,4302
8936,4326
8963,4350
8990,4374
9015,4399
9042,4423
9069,4447
9094,4470
9119,4494
9144,4518
9170,4540
9195,4562
9221,4585
9247,4607
9273,4627
9299,4650
9325,4672
9352,4695
9378,4716
9404,4736
9431,4758
9455,4778
9481,4799
9505,4820
9529,4841
9553,4863
9578,4884
9603,4904
9628,4926
9654,4947
9679,4968
9706,4990
9732,5011
9759,5033
9785,5054
9813,5076
9841,5098
9868,5120
9897,5142
9924,5163
9951,5184
9979,5205
10006,5226
10032,5246
10057,5266
10082,5287
10108,5307
10133,5328
10158,5348
10185,5368
10210,5387
10237,5407
10264,5427
10289,5446
10317,5465
10343,5484
10369,5504
10395,5523
10421,5544
10447,5564
10473,5582
10498,5600
10522,5620
10544,5638
10569,5657
10593,5675
10616,5693
10639,5712
10663,5730
10687,5749
10712,5768
10738,5787
10764,5806
10790,5824
10816,5842
10844,5860
10869,5878
10894,5897
10919,5916
10944,5935
10968,5954
10993,5973
11017,5992
11041,6012
11066,6030
11091,6049
11116,6069
11141,6088
11167,6107
11192,6126
11219,6145
11245,6165
11271,6184
11297,6204
11323,6224
11350,6242
11376,6262
11401,6284
11428,6304
11453,6324
11478,6344
11503,6364
11530,6385
11556,6405
11580,6424
11607,6445
11632,6466
11658,6487
11684,6509
11710,6530
11738,6551
11766,6573
11793,6594
11820,6615
11846,6636
11873,6658
11898,6678
11924,6701
11949,6722
11974,6743
12000,6764
12023,6784
12047,6805
12071,6826
12094,6847
12118,6869
12142,6889
12167,6909
12191,6929
12214,6949
12238,6969
12261,6989
12284,7009
12308,7030
12329,7050
12351,7069
12375,7090
12397,7110
12420,7130
12442,7150
12464,7170
12486,7190
12508,7211
12529,7230
12552,7251
12575,7271
12598,7291
12622,7310
12644,7330
12666,7351
12687,7372
12709,7393
12730,7414
12752,7433
12775,7452
12795,7471
12816,7491
12837,7511
12860,7532
12880,7552
12900,7572
12922,7592
12942,7614
12963,7634
12985,7655
13008,7676
13031,7697
13054,7719
13077,7739
13099,7762
13121,7784
13142,7807
13164,7830
13186,7852
13209,7875
13231,7899
13253,7922
13275,7945
13298,7966
13320,7988
13342,8010
13364,8033
13386,8055
13409,8079
13432,8103
13455,8128
13478,8152
13500,8176
13523,8200
13545,8225
13568,8250
13589,8275
13612,8299
13634,8324
13656,8348
13678,8373
13699,8398
13721,8421
13742,8445
13764,8468
13786,8492
13807,8516
13828,8539
13848,8563
13869,8586
13891,8609
13911,8632
13932,8655
13953,8678
13973,8703
13993,8727
14014,8750
14036,8773
14056,8797
14075,8821
14097,8846
14118,8870
14140,8893
14161,8918
14183,8943
14204,8970
14226,8995
14246,9021
14268,9046
14290,9071
14312,9096
14335,9120
14357,9145
14378,9171
14400,9195
14421,9222
14443,9247
14463,9271
14484,9296
14505,9320
14526,9345
14546,9370
14566,9394
14586,9418
14606,9441
14626,9465
14646,9491
14667,9514
14687,9537
14708,9560
14729,9584
14749,9608
14769,9632
14789,9657
14809,9681
14829,9704
14849,9727
14869,9752
14889,9774
14908,9798
14928,9821
14947,9845
14966,9869
14985,9892
15007,9917
15027,9939
15047,9963
15067,9986
15088,10011
15109,10034
15129,10058
15150,10083
15170,10109
15192,10133
15213,10158
15234,10183
15256,10207
15277,10230
15299,10256
15321,10281
15342,10308
15362,10333
15384,10357
15405,10384
15426,10409
15448,10434
15471,10459
15493,10485
15516,10511
15538,10535
15561,10562
15583,10588
15607,10613
15629,10639
15652,10665
15675,10691
15697,10716
15720,10743
15742,10770
15765,10796
15786,10822
15810,10850
15834,10878
15857,10904
15880,10929
15905,10956
15930,10982
15955,11011
15979,11039
16003,11066
16028,11092
16053,11120
16076,11146
16100,11171
16124,11196
16146,11220
16169,11246
16192,11271
16214,11296
16236,11322
16257,11347
16278,11371
16301,11396
16324,11419
16347,11442
16369,11465
8,11489
30,11513
53,11538
76,11562
98,11587
121,11611
145,11634
169,11658
192,11681
213,11705
236,11728
259,11752
280,11775
303,11799
325,11821
349,11844
372,11869
396,11892
418,11915
442,11938
468,11961
492,11983
514,12005
538,12028
561,12049
583,12071
606,12093
631,12116
655,12138
679,12159
702,12180
724,12202
748,12225
772,12247
798,12270
821,12293
847,12316
872,12338
898,12361
924,12385
950,12407
975,12431
1001,12454
1028,12477
1056,12501
1082,12524
1108,12548
1133,12571
1158,12595
1184,12619
1209,12641
1235,12665
1261,12688
1289,12712
1315,12735
1342,12758
1370,12782
1399,12806
1427,12829
1454,12853
1480,12876
1506,12898
1532,12920
1560,12942
1585,12964
1610,12985
1636,13008
1661,13030
1685,13051
1709,13072
1735,13092
1759,13113
1785,13133
1811,13154
1837,13174
1864,13195
1890,13215
1918,13236
1943,13258
1971,13279
1996,13300
2023,13322
2049,13344
2074,13365
2099,13386
2125,13406
2151,13427
2177,13449
2204,13469
2230,13491
2257,13513
2284,13533
2311,13554
2338,13574
2365,13595
2392,13615
2420,13637
2447,13657
2473,13680
2501,13699
2527,13719
2553,13739
2578,13760
2604,13780
2630,13799
2655,13818
2678,13838
2703,13858
2729,13877
2753,13895
2779,13915
2804,13935
2828,13954
2854,13972
2879,13991
2905,14010
2931,14029
2956,14048
2980,14068
3004,14087
3029,14106
3053,14125
3076,14144
3098,14162
3123,14182
3147,14200
3170,14219
3195,14237
3220,14256
3245,14276
3269,14295
3294,14315
3320,14334
3344,14352
3369,14372
3394,14392
3418,14411
3442,14430
3466,14450
3491,14470
3517,14489
3542,14509
3566,14529
3590,14549
3614,14568
3637,14588
3661,14608
3686,14628
3711,14649
3735,14670
3759,14690
3785,14711
3809,14731
3833,14751
3857,14771
3881,14791
3905,14811
3929,14832
3952,14853
3976,14875
3998,14897
4022,14918
4046,14939
4070,14962
4094,14983
4119,15004
4144,15026
4168,15047
4194,15069
4220,15092
4245,15113
4270,15134
4293,15156
4318,15177
4343,15198
4366,15220
4389,15241
4412,15262
4434,15282
4456,15305
4479,15325
4501,15345
4523,15366
4545,15386
4567,15407
4589,15427
4612,15449
4633,15469
4655,15489
4679,15510
4702,15531
4724,15553
4747,15574
4770,15595
4790,15616
4811,15638
4832,15658
4853,15677
4875,15698
4896,15718
4917,15739
4937,15760
4958,15781
4980,15802
5001,15824
5023,15845
5045,15867
5066,15888
5087,15910
5110,15930
5131,15951
5152,15974
5173,15995
5194,16017
5215,16038
5235,16061
5256,16083
5276,16106
5298,16129
5318,16151
5339,16173
5361,16194
5382,16217
5404,16240
5425,16265
5447,16289
5470,16311
5491,16334
5514,16356
5535,16382
5556,22
5579,46
5601,69
5624,94
5647,119
5669,145
5690,168
5712,194
5734,219
5755,244
5778,268
5799,294
5822,319
5844,343
5866,370
5888,396
5911,421
5932,446
5954,471
5977,496
5998,521
6019,545
6040,571
6061,596
6081,620
6104,644
6125,669
6146,692
6167,716
6186,739
6207,764
6228,790
6249,814
6269,838
6290,863
6310,887
6331,912
6352,936
6374,962
6396,988
6418,1015
6438,1041
6461,1068
6483,1095
6505,1121
6527,1146
6549,1172
6570,1198
6593,1225
6613,1251
6635,1276
6656,1301
6679,1324
6701,1349
6723,1375
6743,1402
6765,1428
6788,1454
6809,1480
6831,1506
6853,1531
6874,1558
6894,1582
6916,1607
6937,1632
6958,1656
6978,1682
6999,1706
7019,1730
7040,1754
7061,1779
7081,1804
7103,1828
7124,1852
7144,1877
7166,1902
7188,1927
7210,1951
7231,1975
7252,2001
7274,2026
7296,2050
7316,2074
7337,2099
7358,2125
7380,2148
7402,2174
7422,2200
7444,2224
7466,2250
7489,2275
7511,2300
7532,2325
7555,2351
7578,2378
7601,2405
7624,2431
7648,2456
7670,2481
7693,2506
7716,2532
7738,2557
7761,2583
7785,2609
7806,2636
7829,2660
7853,2688
7877,2715
7900,2741
7924,2768
7948,2795
7972,2820
7996,2846
8019,2870
8043,2896
8067,2923
8091,2949
8116,2976
8140,3001
8165,3027
8189,3054
8213,3082
8237,3108
8261,3134
8285,3160
8308,3186
8332,3214
8356,3241
8381,3265
8406,3291
8432,3316
8457,3342
8483,3367
8508,3393
8533,3418
8557,3441
8580,3464
8604,3489
8627,3512
8650,3538
8675,3561
8698,3586
8722,3609
8746,3631
8770,3655
8792,3677
8816,3699
8840,3722
8864,3746
8887,3769
8912,3791
8938,3814
8963,3837
8988,3861
9012,3883
9036,3904
9060,3926
9084,3948
9107,3970
9130,3991
9154,4011
9178,4033
9201,4055
9225,4077
9249,4098
9272,4119
9295,4140
9320,4161
9344,4183
9369,4204
9396,4226
9422,4248
9447,4270
9472,4292
9497,4315
9520,4336
9546,4357
9570,4381
9596,4403
9621,4425
9645,4447
9672,4471
9699,4494
9725,4516
9752,4539
9779,4560
9806,4583
9834,4606
9862,4628
9890,4650
9918,4672
9944,4694
9970,4717
9996,4740
10023,4763
10050,4786
10076,4807
10102,4830
10128,4853
10155,4875
10182,4898
10209,4919
10235,4942
10263,4963
10289,4984
10317,5006
10345,5027
10372,5049
10400,5069
10425,5090
10451,5110
10477,5130
10501,5150
10528,5170
10553,5190
10578,5210
10603,5230
10627,5250
10653,5269
10678,5290
10703,5310
10729,5330
10755,5351
10781,5369
10807,5391
10835,5411
10862,5431
10888,5451
10913,5472
10940,5491
10967,5512
10992,5532
11017,5554
11042,5574
11068,5594
11094,5613
11119,5633
11145,5653
11170,5673
11195,5692
11221,5711
11247,5730
11274,5750
11300,5770
11325,5789
11351,5808
11377,5827
11403,5845
11428,5864
11454,5884
11478,5903
11503,5921
11525,5940
11549,5960
11572,5978
11596,5997
11620,6015
11644,6034
11668,6053
11692,6071
11716,6089
11738,6107
11761,6126
11786,6144
11810,6162
11835,6182
11858,6201
11882,6219
11906,6238
11930,6256
11953,6275
11974,6293
11997,6312
12020,6332
12043,6352
12066,6371
12089,6390
12112,6409
12136,6429
12159,6448
12183,6467
12207,6488
12230,6508
12254,6529
12278,6547
12301,6568
12325,6587
12348,6607
12371,6627
12394,6647
12417,6668
12442,6690
12466,6711
12488,6731
12512,6750
12535,6771
12559,6793
12584,6812
12608,6833
12633,6854
12657,6876
12679,6896
12703,6917
12726,6939
12751,6961
12776,6983
12801,7005
12825,7027
12850,7050
12874,7073
12897,7095
12921,7117
12944,7139
12966,7161
12988,7183
13011,7204
13035,7226
13059,7246
13081,7268
13104,7289
13126,7311
13150,7332
13171,7353
13193,7374
13215,7394
13236,7414
13258,7435
13278,7457
13299,7478
13320,7499
13342,7519
13363,7540
13384,7561
13406,7580
13426,7601
13448,7622
13468,7643
13488,7663
13509,7685
13531,7706
13552,7726
13573,7748
13593,7769
13613,7789
13633,7809
13653,7831
13674,7853
13695,7874
13714,7895
13734,7915
13754,7936
13773,7957
13794,7978
13814,7999
13835,8018
13857,8039
13880,8060
13900,8081
13921,8103
13941,8126
13962,8147
13982,8169
14003,8192
14024,8215
14046,8237
14066,8260
14087,8283
14108,8305
14128,8329
14148,8353
14170,8378
14192,8403
14213,8428
14235,8451
14257,8476
14279,8501
14302,8526
14324,8551
14346,8576
14370,8601
14391,8627
14412,8651
14435,8677
14457,8702
14478,8728
14499,8754
14521,8779
14543,8805
14565,8830
14586,8855
14607,8880
14630,8905
14652,8931
14673,8955
14694,8980
14716,9005
14737,9029
14758,9054
14779,9078
14800,9104
14822,9127
14842,9152
14863,9175
14884,9197
14904,9222
14925,9247
14946,9272
14967,9297
14988,9322
15008,9347
15029,9372
15051,9396
15073,9422
15094,9446
15116,9471
15139,9496
15162,9522
15184,9549
15206,9575
15229,9601
15251,9626
15273,9652
15295,9676
15315,9701
15337,9727
15359,9751
15381,9776
15403,9803
15424,9828
15446,9854
15467,9879
15488,9904
15510,9929
15533,9953
15554,9978
15576,10002
15598,10027
15620,10050
15641,10075
15663,10098
15684,10123
15706,10147
15727,10172
15748,10196
15769,10220
15790,10244
15810,10267
15831,10291
15851,10315
15872,10339
15894,10363
15915,10387
15937,10412
15959,10437
15981,10461
16003,10485
16026,10508
16050,10533
16071,10559
16094,10585
16116,10610
16139,10634
16161,10658
16183,10684
16205,10708
16228,10735
16250,10761
16272,10788
16295,10815
16319,10840
16343,10865
16366,10891
4,10917
29,10943
53,10968
78,10996
103,11022
126,11047
151,11072
175,11098
200,11123
224,11150
248,11177
272,11202
297,11228
321,11255
346,11282
370,11308
395,11333
421,11358
447,11385
474,11411
501,11438
528,11464
555,11491
581,11518
608,11546
634,11572
660,11598
685,11623
710,11648
735,11674
760,11700
784,11724
810,11749
835,11774
860,11799
885,11822
912,11846
938,11870
964,11894
988,11919
1015,11942
1040,11965
1066,11988
1090,12010
1115,12034
1139,12057
1163,12079
1188,12101
1211,12122
1235,12146
1259,12167
1284,12191
1308,12212
1332,12235
1357,12256
1381,12277
1407,12299
1433,12321
1458,12343
1484,12364
1509,12387
1535,12407
1559,12431
1584,12453
1609,12475
1632,12495
1657,12516
1680,12539
1704,12561
1730,12583
1754,12604
1780,12626
1805,12648
1831,12669
1858,12692
1885,12714
1912,12737
1941,12760
1967,12782
1994,12804
2020,12825
2046,12848
2072,12871
2098,12895
2125,12917
2152,12941
2178,12963
2204,12986
2233,13008
2259,13031
2286,13053
2314,13076
2341,13100
2368,13122
2397,13145
2425,13168
2451,13190
2480,13211
2508,13233
2535,13255
2562,13276
2589,13299
2615,13323
2641,13343
2667,13365
2693,13386
2719,13408
2745,13429
2771,13450
2797,13471
2823,13490
2849,13511
2876,13532
2903,13552
2927,13572
2952,13592
2978,13612
3003,13632
3028,13653
3053,13672
3078,13693
3102,13712
3126,13732
3150,13753
3176,13773
3202,13793
3228,13814
3254,13834
3279,13855
3304,13876
3332,13896
3358,13917
3384,13937
3410,13958
3437,13978
3461,13997
3487,14018
3512,14038
3538,14058
3561,14077
3585,14098
3610,14118
3633,14137
3658,14157
3683,14177
3707,14196
3731,14216
3756,14234
3779,14254
3803,14273
3827,14293
3851,14312
3874,14330
3896,14349
3920,14368
3942,14387
3964,14405
3986,14425
4008,14444
4030,14464
4051,14482
4072,14501
4094,14521
4117,14540
4140,14559
4163,14578
4185,14596
4208,14614
4232,14634
4254,14653
4277,14673
4301,14693
4324,14712
4347,14732
4370,14752
4393,14772
4416,14793
4439,14815
4462,14834
4484,14856
4507,14876
4529,14897
4551,14918
4575,14938
4599,14959
4623,14980
4646,15001
4670,15022
4694,15043
4716,15065
4739,15087
4763,15109
4786,15130
4810,15151
4833,15172
4856,15194
4879,15215
4901,15236
4926,15258
4948,15280
4970,15303
4993,15326
5017,15349
5041,15371
5065,15394
5088,15418
5112,15441
5135,15464
5158,15486
5182,15508
5205,15533
5229,15556
5251,15579
5275,15601
5298,15624
5318,15646
5339,15668
5361,15690
5383,15713
5405,15735
5427,15757
5448,15779
5470,15802
5493,15825
5514,15846
5535,15868
5557,15891
5578,15912
5600,15934
5620,15955
5640,15978
5661,16000
5683,16021
5703,16042
5723,16064
5743,16086
5763,16107
5783,16128
5804,16150
5823,16171
5844,16192
5864,16215
5885,16237
5906,16258
5927,16281
5947,16302
5967,16324
5987,16345
6007,16367
6028,5
6048,27
6068,51
6089,73
6109,96
6130,120
6150,143
6171,165
6192,189
6212,212
6232,235
6254,260
6276,283
6297,309
6318,334
6341,359
6363,384
6385,408
6405,433
6428,458
6450,484
6472,509
6493,534
6515,560
6537,584
6558,609
6580,635
6601,661
6624,689
6646,713
6668,739
6690,765
6712,792
6734,818
6756,845
6779,871
6801,896
6825,924
6848,951
6869,977
6891,1002
6914,1026
6936,1051
6957,1076
6977,1101
7000,1125
7021,1152
7041,1178
7063,1202
7084,1227
7106,1252
7128,1277
7150,1300
7170,1324
7191,1349
7213,1374
7235,1399
7257,1424
7279,1448
7301,1474
7322,1501
7346,1525
7368,1550
7389,1576
7412,1602
7434,1628
7457,1655
7480,1681
7502,1706
7525,1734
7547,1759
7570,1785
7593,1810
7616,1837
7640,1864
7663,1889
7687,1915
7710,1941
7732,1967
7755,1993
7777,2017
7799,2042
7821,2068
7844,2093
7865,2119
7887,2144
7909,2169
7931,2192
7954,2217
7976,2243
7998,2267
8020,2290
8042,2316
8064,2339
8086,2362
8108,2387
8131,2412
8153,2437
8175,2461
8198,2486
8221,2509
8243,2534
8264,2558
8287,2581
8309,2606
8332,2633
8355,2657
8377,2682
8401,2706
8426,2731
8450,2757
8474,2782
8499,2808
8523,2835
8548,2860
8572,2883
8595,2908
8619,2933
8643,2959
8668,2985
8692,3009
8717,3035
8741,3059
8765,3085
8789,3111
8814,3136
8840,3162
8866,3189
8891,3214
8917,3238
8943,3263
8969,3288
8995,3314
9022,3340
9048,3364
9073,3389
9099,3413
9126,3440
9151,3465
9176,3490
9202,3517
9229,3545
9257,3570
9284,3596
9311,3622
9338,3647
9364,3672
9391,3697
9419,3722
9446,3747
9473,3772
9500,3798
9527,3823
9553,3847
9580,3870
9605,3894
9630,3916
9657,3938
9684,3961
9709,3984
9733,4006
9759,4029
9784,4051
9808,4074
9833,4096
9859,4119
9885,4140
9912,4162
9939,4184
9966,4206
9990,4228
10015,4250
10041,4271
10066,4293
10090,4315
10114,4335
10138,4356
10164,4378
10188,4400
10211,4420
10236,4441
10260,4461
10287,4483
10312,4505
10336,4526
10363,4547
10389,4569
10415,4591
10442,4611
10468,4633
10495,4654
10520,4675
10546,4696
10570,4717
10595,4739
10621,4759
10645,4780
10669,4802
10694,4823
10720,4845
10747,4867
10775,4889
10802,4910
10828,4931
10856,4953
10885,4976
10912,4998
10939,5021
10967,5044
10993,5066
11020,5088
11046,5109
11070,5130
11097,5152
11123,5173
11149,5195
11176,5217
11203,5239
11229,5259
11256,5282
11282,5303
11309,5325
11337,5347
11364,5368
11392,5389
11419,5410
11445,5432
11469,5452
11494,5472
11519,5492
11542,5512
11566,5532
11591,5551
11616,5572
11641,5590
11665,5611
11688,5631
11712,5650
11738,5669
11762,5689
11787,5708
11812,5727
11836,5747
11861,5766
11886,5784
11910,5804
11935,5824
11959,5844
11983,5864
12007,5884
12030,5905
12053,5924
12078,5944
12101,5964
12125,5983
12148,6004
12171,6023
12195,6042
12219,6062
12243,6082
12267,6101
12291,6122
12315,6141
12339,6160
12361,6179
12385,6198
12409,6217
12432,6237
12453,6256
12474,6274
12495,6293
12518,6312
12541,6332
12563,6351
12585,6370
12608,6388
12630,6407
12653,6425
12676,6444
12698,6463
12721,6481
12743,6501
12765,6520
12787,6538
12809,6557
12831,6576
12853,6596
12876,6615
12897,6636
12919,6655
12940,6673
12961,6693
12983,6713
13005,6732
13028,6752
13050,6771
13072,6790
13094,6812
13117,6832
13140,6852
13162,6874
13185,6895
13207,6916
13229,6936
13252,6957
13274,6978
13296,7000
13317,7022
13339,7043
13361,7064
13383,7086
13407,7106
13430,7127
13452,7149
13474,7169
13497,7191
13520,7213
13542,7233
13563,7254
13586,7276
13608,7299
13631,7321
13653,7344
13675,7365
13698,7387
13721,7411
13744,7432
13768,7455
13791,7479
13812,7501
13836,7524
13859,7548
13881,7571
13903,7595
13925,7618
13948,7641
13970,7664
13992,7687
14013,7709
14035,7732
14056,7754
14078,7776
14099,7800
14120,7822
14140,7843
14161,7865
14181,7886
14201,7909
14222,7931
14242,7951
14262,7973
14282,7995
14303,8016
14323,8036
14343,8058
14364,8078
14385,8100
14405,8121
14425,8142
14446,8164
14466,8185
14486,8206
14506,8227
14527,8249
14546,8270
14566,8292
14587,8314
14607,8337
14627,8358
14647,8379
14667,8402
14688,8425
14710,8448
14729,8471
14750,8493
14771,8516
14792,8540
14812,8563
14834,8586
14854,8609
14876,8634
14897,8656
14918,8680
14940,8705
14961,8728
14983,8753
15004,8778
15026,8804
15049,8829
15073,8855
15094,8879
15116,8905
15138,8932
15161,8957
15183,8984
15206,9010
15228,9035
15252,9062
15275,9087
15298,9113
15322,9138
15345,9165
15369,9191
15390,9217
15412,9242
15435,9269
15457,9295
15480,9321
15502,9348
15525,9375
15548,9401
15571,9427
15595,9453
15619,9479
15639,9504
15662,9528
15685,9555
15707,9580
15729,9606
15752,9630
15774,9653
15795,9677
15817,9702
15838,9727
15860,9750
15882,9775
15903,9799
15926,9825
15949,9851
15972,9876
15995,9901
16017,9926
16041,9952
16064,9978
16087,10003
16111,10028
16134,10054
16158,10080
16181,10105
16203,10131
16226,10158
16248,10186
16271,10212
16293,10237
16317,10260
16341,10286
16363,10311
2,10337
25,10361
48,10386
72,10411
95,10434
118,10458
142,10482
165,10507
187,10532
210,10558
233,10583
256,10606
278,10630
300,10654
323,10679
347,10704
370,10728
393,10752
417,10777
439,10801
463,10825
487,10851
511,10873
536,10898
560,10923
585,10948
610,10970
634,10995
657,11019
681,11045
706,11069
730,11095
754,11121
779,11146
804,11171
829,11197
854,11222
879,11247
903,11273
929,11299
954,11326
981,11352
1006,11376
1034,11403
1060,11427
1087,11452
1113,11479
1138,11505
1165,11531
1190,11555
1216,11579
1242,11604
1268,11629
1293,11656
1318,11681
1344,11706
1372,11732
1398,11758
1426,11782
1454,11809
1483,11834
1512,11859
1539,11884
1566,11910
1594,11935
1619,11960
1646,11985
1674,12011
1700,12037
1729,12063
1755,12086
1781,12111
1807,12135
1834,12160
1861,12182
1888,12207
1914,12231
1942,12253
1969,12277
1996,12302
2024,12325
2051,12348
2076,12370
2102,12392
2127,12414
2153,12437
2178,12459
2203,12481
2228,12502
2252,12525
2277,12546
2301,12567
2325,12589
2350,12610
2374,12632
2400,12653
2423,12674
2450,12695
2477,12717
2502,12737
2526,12759
2550,12779
2574,12800
2600,12821
2625,12842
2651,12864
2675,12884
2698,12906
2723,12927
2747,12949
2772,12970
2795,12992
2820,13013
2844,13034
2869,13054
2895,13075
2921,13095
2947,13116
2973,13138
3000,13158
3026,13179
3052,13201
3076,13221
3101,13242
3126,13263
3151,13284
3174,13306
3200,13329
3226,13351
3251,13372
3277,13393
3304,13415
3330,13436
3356,13458
3383,13480
3410,13501
3435,13523
3461,13544
3488,13567
3515,13589
3541,13611
3567,13633
3592,13654
3617,13675
3642,13697
3668,13718
3693,13740
3717,13761
3742,13781
3766,13802
3791,13823
3816,13844
3840,13864
3863,13885
3887,13905
3911,13925
3936,13945
3958,13965
3981,13985
4005,14005
4027,14023
4049,14044
4071,14063
4093,14081
4115,14100
4137,14121
4159,14141
4182,14160
4205,14180
4230,14199
4254,14219
4277,14239
4302,14259
4326,14279
4348,14298
4371,14318
4396,14337
4419,14357
4442,14378
4464,14398
4486,14417
4508,14437
4531,14458
4554,14479
4576,14498
4598,14518
4621,14537
4644,14556
4666,14577
4689,14595
4711,14614
4733,14633
4755,14654
4776,14673
4798,14693
4820,14712
4841,14731
4862,14750
4883,14769
4905,14787
4927,14806
4948,14825
4969,14844
4990,14864
5012,14883
5033,14904
5054,14924
5075,14944
5096,14963
5117,14983
5139,15003
5161,15023
5182,15043
5204,15063
5225,15084
5246,15103
5267,15124
5289,15145
5310,15165
5331,15186
5353,15206
5374,15226
5395,15247
5416,15267
5437,15288
5459,15309
5482,15330
5504,15352
5526,15374
5548,15396
5570,15418
5590,15441
5612,15463
5634,15485
5656,15507
5678,15530
5700,15552
5721,15574
5742,15597
5764,15621
5785,15644
5807,15666
5828,15688
5849,15709
5871,15732
5892,15755
5916,15779
5939,15802
5960,15825
5983,15849
6005,15872
6027,15896
6049,15921
6071,15944
6095,15968
6118,15991
6141,16016
6164,16038
6186,16064
6207,16087
6228,16112
6249,16134
6272,16156
6292,16179
6314,16203
6335,16227
6357,16250
6378,16274
6400,16296
6420,16317
6441,16338
6463,16361
6485,0
6507,23
6527,46
6547,69
6568,91
6587,112
6608,136
6628,157
6648,178
6669,200
6689,223
6709,247
6728,270
6749,293
6769,316
6790,340
6812,363
6833,388
6855,411
6875,433
6896,457
6917,480
6937,505
6959,528
6980,552
7000,576
7021,599
7041,623
7062,649
7082,673
7103,696
7125,720
7146,745
7167,769
7189,793
7210,817
7232,842
7255,868
7278,895
7301,921
7324,946
7348,971
7369,998
7390,1023
7413,1047
7435,1073
7459,1100
7481,1125
7503,1151
7526,1178
7548,1205
7571,1233
7596,1260
7619,1286
7644,1313
7667,1340
7690,1366
7714,1392
7737,1418
7760,1445
7785,1471
7809,1497
7833,1523
7856,1550
7879,1575
7901,1600
7924,1626
7945,1652
7968,1678
7990,1703
8010,1729
8032,1754
8055,1778
8077,1803
8100,1829
8124,1854
8146,1879
8169,1904
8191,1929
8214,1954
8237,1978
8260,2003
8285,2028
8307,2053
8331,2079
8354,2103
8376,2130
8400,2156
8425,2182
8449,2208
8475,2233
8500,2259
8524,2286
8550,2312
8574,2337
8600,2363
8625,2389
8649,2415
8673,2441
8697,2466
8721,2490
8746,2516
8769,2541
8792,2566
8816,2589
8838,2615
8863,2640
8886,2664
8910,2688
8935,2713
8960,2738
8986,2761
9011,2786
9036,2811
9061,2836
9086,2860
9112,2885
9135,2910
9159,2933
9182,2957
9207,2982
9231,3006
9255,3031
9280,3054
9303,3078
9330,3103
9355,3127
9380,3153
9405,3177
9431,3202
9456,3225
9483,3250
9509,3275
9536,3300
9562,3326
9588,3351
9614,3375
9641,3400
9666,3425
9694,3450
9718,3475
9744,3501
9770,3525
9797,3551
9824,3576
9851,3601
9876,3626
9903,3652
9931,3676
9958,3700
9985,3725
10013,3750
10040,3774
10067,3798
10094,3821
10121,3846
10147,3870
10174,3894
10200,3918
10226,3941
10252,3965
10279,3990
10308,4014
10335,4039
10363,4063
10391,4087
10420,4111
10448,4135
10476,4161
10503,4185
10530,4209
10558,4233
10586,4255
10614,4278
10640,4302
10667,4325
10691,4347
10718,4371
10743,4394
10768,4416
10794,4438
10819,4461
10845,4482
10870,4504
10896,4526
10923,4548
10949,4570
10976,4592
11001,4614
11027,4636
11052,4657
11076,4678
11100,4698
11125,4718
11148,4740
11173,4759
11197,4779
11220,4798
11245,4818
11268,4838
11292,4858
11317,4878
11342,4899
11367,4920
11394,4941
11420,4962
11445,4982
11470,5002
11494,5021
11518,5042
11541,5062
11566,5082
11589,5104
11614,5123
11638,5143
11663,5163
11688,5183
11712,5204
11736,5225
11761,5245
11786,5266
11811,5286
11837,5307
11862,5329
11887,5350
11913,5371
11938,5392
11964,5414
11989,5435
12014,5458
12038,5478
12063,5498
12086,5519
12109,5541
12133,5562
12157,5583
12180,5605
12206,5625
12229,5645
12253,5666
12277,5687
12302,5708
12327,5728
12353,5748
12378,5769
12403,5790
12427,5811
12452,5832
12476,5851
12499,5871
12522,5890
12546,5910
12569,5930
12591,5950
12614,5969
12638,5991
12662,6010
12684,6030
12707,6049
12729,6068
12753,6086
12776,6105
12798,6125
12821,6144
12842,6163
12865,6183
12889,6203
12911,6222
12934,6243
12956,6262
12978,6282
13002,6302
13024,6322
13046,6342
13068,6362
13092,6382
13115,6402
13138,6422
13161,6442
13183,6462
13206,6483
13229,6503
13252,6523
13273,6542
13295,6561
13317,6581
13337,6601
13359,6621
13381,6640
13402,6660
13424,6681
13446,6700
13467,6719
13488,6738
13510,6757
13531,6778
13553,6798
13575,6818
13597,6838
13618,6858
13640,6878
13661,6898
13682,6917
13704,6937
13726,6957
13747,6976
13767,6996
13788,7015
13810,7035
13831,7055
13852,7075
13872,7096
13893,7116
13913,7137
13933,7158
13954,7177
13976,7200
13997,7221
14019,7242
14041,7263
14063,7284
14086,7305
14107,7326
14129,7347
14150,7369
14170,7391
14190,7414
14212,7436
14233,7457
14255,7480
14276,7501
14297,7524
14318,7546
14341,7569
14363,7594
14386,7616
14407,7640
14428,7661
14451,7684
14473,7707
14495,7731
14517,7753
14540,7775
14562,7798
14584,7823
14605,7846
14626,7869
14648,7893
14670,7918
14692,7941
14714,7965
14737,7989
14759,8012
14781,8036
14803,8060
14826,8083
14849,8108
14870,8131
14893,8154
14914,8177
14937,8201
14959,8224
14980,8247
15003,8272
15025,8295
15045,8318
15067,8342
15088,8365
15109,8387
15131,8409
15151,8432
15172,8455
15193,8477
15215,8499
15235,8520
15255,8544
15276,8566
15298,8589
15319,8612
15341,8637
15361,8659
15382,8681
15404,8705
15424,8727
15445,8749
15466,8771
15487,8795
15509,8817
15529,8840
15550,8864
15571,8888
15593,8912
15614,8935
15634,8960
15657,8984
15679,9007
15701,9030
15723,9054
15745,9078
15768,9101
15789,9126
15811,9150
15833,9176
15857,9201
15880,9225
15901,9252
15923,9278
15947,9303
15969,9328
15991,9354
16014,9378
16038,9403
16061,9430
16085,9456
16110,9481
16135,9507
16159,9534
16181,9559
16205,9586
16228,9612
16252,9640
16277,9665
16300,9692
16323,9719
16347,9745
16370,9772
10,9797
33,9825
58,9853
82,9878
105,9905
129,9930
155,9954
181,9981
206,10008
231,10033
256,10059
281,10086
306,10111
328,10136
353,10161
377,10187
399,10212
422,10235
443,10261
467,10287
491,10310
514,10334
538,10359
563,10386
588,10409
613,10434
639,10460
664,10485
691,10511
715,10537
739,10562
763,10586
788,10612
813,10636
837,10661
862,10687
886,10711
911,10737
936,10760
962,10786
986,10813
1012,10838
1038,10863
1063,10887
1089,10912
1115,10937
1141,10962
1168,10987
1193,11011
1218,11036
1243,11060
1267,11083
1292,11107
1314,11132
1339,11155
1363,11181
1388,11204
1412,11228
1436,11253
1461,11277
1486,11300
1512,11325
1538,11347
1564,11372
1591,11395
1617,11420
1643,11445
1667,11468
1692,11493
1718,11517
1742,11540
1768,11564
1793,11588
1817,11612
1843,11637
1867,11662
1894,11685
1919,11711
1944,11735
1970,11760
1998,11784
2024,11809
2051,11834
2079,11859
2106,11883
2133,11909
2160,11934
2187,11958
2213,11982
2239,12007
2265,12031
2291,12055
2317,12079
2343,12102
2370,12125
2397,12149
2423,12173
2450,12196
2478,12219
2505,12244
2534,12267
2561,12292
2589,12316
2616,12339
2642,12363
2670,12387
2697,12413
2723,12436
2749,12459
2775,12483
2801,12510
2828,12535
2854,12560
2881,12584
2909,12606
2935,12630
2964,12653
2990,12676
3017,12701
3044,12724
3072,12748
3097,12771
3124,12793
3150,12817
3175,12840
3200,12863
3226,12884
3251,12905
3275,12925
3299,12947
3324,12968
3348,12988
3372,13009
3396,13030
3421,13051
3446,13071
3470,13092
3494,13114
3519,13134
3543,13154
3567,13173
3590,13192
3613,13214
3635,13234
3658,13252
3680,13271
3702,13291
3725,13311
3748,13331
3772,13351
3794,13371
3818,13391
3841,13411
3865,13432
3889,13453
3912,13473
3936,13493
3959,13513
3982,13534
4004,13555
4027,13574
4051,13594
4074,13614
4097,13635
4119,13656
4144,13676
4167,13696
4190,13717
4214,13739
4237,13760
4260,13781
4284,13803
4308,13823
4333,13844
4358,13865
4382,13887
4406,13907
4430,13928
4455,13949
4479,13970
4504,13990
4527,14011
4552,14033
4574,14053
4598,14074
4620,14095
4643,14116
4666,14136
4690,14158
4712,14178
4736,14198
4760,14220
4783,14239
4807,14260
4830,14281
4854,14301
4877,14320
4900,14340
4923,14361
4945,14380
4967,14400
4989,14420
5011,14439
5032,14460
5054,14479
5076,14499
5099,14519
5119,14538
5140,14558
5162,14577
5184,14597
5208,14617
5229,14637
5251,14658
5273,14678
5296,14698
5317,14719
5340,14740
5361,14761
5381,14781
5404,14801
5425,14821
5446,14841
5469,14861
5490,14883
5513,14903
5535,14924
5557,14944
5579,14966
5602,14987
5624,15008
5645,15029
5666,15049
5688,15069
5709,15087
5730,15108
5751,15129
5772,15150
5793,15170
5815,15190
5835,15211
5855,15232
5876,15251
5897,15271
5918,15293
5939,15313
5960,15334
5980,15355
6001,15377
6023,15398
6044,15419
6065,15439
6085,15459
6106,15480
6128,15502
6149,15525
6171,15547
6191,15569
6211,15592
6233,15614
6254,15636
6276,15658
6297,15680
6318,15702
6339,15725
6360,15747
6381,15770
6403,15793
6426,15816
6449,15838
6472,15862
6495,15886
6519,15910
6541,15933
6562,15956
6584,15980
6606,16004
6628,16028
6649,16051
6672,16075
6695,16099
6717,16123
6740,16146
6761,16169
6783,16193
6806,16216
6828,16239
6850,16262
6873,16286
6896,16311
6918,16335
6942,16360
6965,2
6987,26
7011,52
7035,77
7058,103
7081,128
7103,153
7126,177
7149,203
7172,228
7195,253
7217,278
7240,302
7262,327
7285,351
7307,376
7331,399
7353,423
7375,449
7397,473
7420,498
7443,523
7466,547
7487,571
7510,594
7532,619
7553,642
7574,665
7595,688
7616,712
7637,736
7658,757
7679,782
7700,805
7723,829
7745,852
7768,876
7790,899
7813,921
7835,946
7858,972
7880,997
7902,1021
7924,1047
7946,1071
7968,1096
7989,1120
8012,1144
8034,1170
8056,1195
8079,1222
8101,1246
8124,1271
8148,1296
8172,1321
8196,1346
8220,1372
8244,1397
8268,1424
8292,1449
8317,1476
8341,1503
8364,1529
8387,1555
8412,1582
8437,1607
8463,1633
8488,1660
8512,1686
8536,1714
8561,1740
8587,1768
8610,1794
8636,1820
8664,1846
8690,1873
8716,1901
8742,1928
8768,1954
8793,1982
8818,2009
8843,2035
8867,2062
8892,2087
8918,2114
8943,2140
8969,2166
8992,2192
9017,2218
9044,2245
9071,2271
9098,2296
9123,2322
9148,2349
9176,2375
9202,2401
9227,2425
9252,2448
9276,2474
9301,2499
9326,2524
9351,2548
9374,2573
9398,2597
9422,2623
9447,2647
9471,2671
9498,2697
9523,2722
9549,2746
9578,2771
9605,2797
9631,2823
9658,2849
9684,2875
9711,2901
9735,2926
9761,2951
9787,2976
9813,3001
9838,3025
9865,3050
9889,3073
9914,3098
9939,3122
9965,3147
9990,3170
10018,3195
10043,3221
10070,3245
10096,3269
10121,3292
10148,3316
10173,3340
10198,3364
10222,3387
10247,3410
10273,3434
10297,3457
10321,3481
10346,3504
10371,3528
10397,3551
10421,3575
10446,3598
10472,3622
10498,3647
10524,3671
10552,3693
10580,3717
10606,3740
10632,3765
10658,3789
10683,3812
10708,3835
10733,3859
10757,3883
10783,3905
10808,3929
10834,3952
10859,3975
10887,3999
10914,4022
10941,4044
10967,4067
10994,4090
11021,4114
11048,4138
11075,4162
11102,4187
11128,4210
11155,4232
11181,4256
11206,4280
11231,4304
11256,4328
11282,4350
11307,4373
11330,4397
11356,4419
11382,4443
11409,4466
11435,4488
11461,4513
11486,4535
11513,4558
11540,4582
11567,4605
11594,4628
11620,4651
11647,4674
11672,4696
11698,4719
11723,4742
11748,4764
11772,4786
11796,4808
11821,4830
11845,4852
11869,4874
11893,4895
11920,4917
11945,4938
11969,4959
11993,4980
12018,5000
12042,5020
12066,5041
12089,5061
12110,5081
12132,5101
12154,5120
12175,5139
12196,5158
12217,5178
12238,5197
12259,5216
12280,5235
12301,5254
12324,5273
12347,5292
12370,5311
12391,5329
12414,5347
12437,5366
12459,5386
12482,5405
12503,5424
12525,5442
12546,5461
12567,5480
12589,5500
12611,5519
12633,5539
12653,5557
12675,5576
12697,5596
12720,5616
12743,5635
12766,5654
12788,5673
12811,5692
12833,5710
12856,5730
12879,5751
12901,5770
12924,5790
12946,5810
12970,5829
12992,5849
13014,5870
13038,5890
13061,5911
13083,5930
13106,5950
13127,5971
13149,5991
13172,6011
13196,6031
13218,6051
13242,6071
13264,6091
13286,6111
13309,6132
13332,6151
13354,6172
13377,6192
13399,6213
13422,6233
13444,6253
13466,6273
13488,6293
13509,6313
13530,6332
13552,6352
13572,6372
13594,6391
13616,6411
13639,6432
13660,6452
13682,6471
13704,6491
13725,6509
13746,6528
13767,6547
13787,6566
13808,6586
13828,6605
13849,6624
13871,6643
13891,6663
13913,6682
13932,6701
13952,6720
13973,6740
13995,6759
14017,6779
14038,6800
14059,6821
14080,6841
14103,6861
14125,6881
14147,6901
14167,6922
14190,6943
14211,6964
14233,6984
14252,7004
14272,7024
14293,7045
14315,7065
14336,7085
14355,7105
14376,7124
14396,7145
14416,7164
14436,7184
14456,7204
14476,7225
14499,7246
14520,7265
14540,7285
14562,7306
14583,7328
14603,7348
14625,7368
14647,7388
14668,7410
14689,7432
14709,7453
14729,7473
14750,7493
14769,7514
14789,7536
14809,7558
14830,7578
14851,7599
14872,7620
14893,7642
14914,7664
14934,7686
14956,7707
14978,7729
15000,7751
15022,7774
15044,7796
15066,7819
15088,7842
15111,7865
15132,7888
15153,7911
15176,7935
15197,7958
15219,7980
15240,8002
15263,8024
15285,8046
15305,8069
15329,8091
15351,8114
15373,8138
15397,8160
15420,8184
15443,8209
15465,8232
15487,8256
15509,8280
15532,8305
15554,8328
15577,8352
15599,8377
15620,8402
15643,8426
15667,8450
15690,8477
15713,8501
15736,8526
15759,8550
15785,8575
15807,8599
15831,8622
15855,8646
15877,8671
15902,8696
15924,8722
15947,8748
15969,8771
15991,8795
16014,8820
16037,8843
16059,8866
16081,8891
16103,8914
16126,8938
16147,8962
16168,8985
16190,9008
16211,9032
16232,9055
16256,9079
16278,9101
16299,9124
16321,9146
16343,9168
16364,9191
1,9214
23,9238
44,9261
66,9284
88,9307
109,9329
130,9352
153,9376
175,9399
197,9421
220,9445
244,9468
268,9493
292,9518
316,9543
341,9567
364,9591
388,9615
412,9637
435,9662
457,9686
479,9711
502,9735
526,9760
550,9784
574,9810
598,9836
622,9861
648,9886
672,9911
697,9937
724,9964
751,9990
777,10015
803,10042
828,10069
853,10095
878,10120
904,10146
930,10172
955,10199
981,10225
1007,10250
1031,10277
1058,10303
1084,10330
1110,10354
1136,10381
1161,10409
1188,10435
1216,10461
1243,10486
1270,10511
1297,10536
1322,10562
1347,10588
1374,10615
1400,10640
1425,10664
1450,10689
1474,10714
1499,10738
1523,10763
1548,10789
1573,10814
1598,10838
1625,10862
1650,10887
1675,10911
1701,10934
1726,10958
1750,10982
1776,11006
1801,11031
1828,11056
1854,11080
1880,11105
1904,11131
1928,11156
1955,11181
1979,11206
2005,11231
2031,11255
2057,11280
2083,11304
2109,11327
2136,11351
2162,11377
2190,11402
2217,11427
2243,11452
2269,11476
2296,11500
2321,11524
2346,11548
2371,11572
2395,11595
2421,11621
2445,11645
2470,11668
2494,11691
2518,11714
2542,11739
2567,11763
2593,11786
2619,11809
2646,11832
2673,11855
2700,11879
2725,11903
2750,11928
2775,11951
2800,11973
2825,11996
2849,12018
2874,12041
2899,12063
2922,12085
2947,12109
2972,12131
2996,12153
3022,12177
3047,12199
3072,12222
3097,12244
3124,12267
3151,12291
3176,12313
3201,12337
3226,12361
3251,12384
3276,12408
3301,12431
3324,12454
3349,12478
3374,12501
3399,12524
3424,12547
3449,12571
3474,12593
3499,12617
3524,12639
3549,12662
3577,12685
3601,12708
3627,12731
3652,12754
3677,12776
3704,12798
3728,12821
3752,12843
3776,12866
3798,12889
3822,12913
3846,12937
3870,12959
3894,12982
3918,13004
3943,13026
3966,13048
3990,13070
4015,13093
4040,13115
4065,13138
4089,13159
4115,13182
4140,13203
4162,13225
4186,13246
4208,13268
4232,13289
4254,13311
4277,13331
4300,13351
4323,13372
4346,13393
4367,13413
4390,13434
4412,13455
4435,13475
4458,13495
4482,13514
4505,13534
4527,13554
4549,13573
4571,13591
4592,13610
4614,13630
4635,13648
4655,13668
4676,13687
4699,13706
4721,13725
4743,13744
4763,13763
4785,13782
4806,13802
4826,13821
4849,13840
4871,13859
4893,13879
4915,13898
4938,13917
4960,13937
4982,13957
5004,13977
5025,13997
5045,14016
5067,14036
5089,14056
5112,14076
5134,14097
5155,14118
5178,14137
5200,14157
5222,14178
5244,14198
5268,14219
5291,14241
5313,14261
5334,14280
5356,14301
5380,14322
5402,14343
5425,14363
5447,14383
5469,14404
5492,14425
5515,14446
5535,14467
5558,14487
5581,14508
5602,14529
5624,14550
5647,14572
5669,14594
5693,14615
5716,14637
5738,14657
5760,14679
5784,14701
5805,14721
5827,14742
5848,14763
5871,14784
5893,14803
5914,14824
5935,14844
5956,14865
5977,14885
5998,14906
6018,14927
6039,14947
6061,14967
6082,14988
6103,15009
6125,15030
6146,15051
6167,15072
6188,15093
6209,15114
6231,15133
6251,15153
6273,15174
6295,15196
6317,15218
6339,15238
6360,15260
6381,15281
6402,15303
6423,15324
6445,15345
6466,15367
6488,15388
6509,15411
6532,15434
6553,15455
6574,15476
6597,15499
6620,15520
6639,15541
6660,15563
6683,15583
6704,15605
6725,15628
6745,15649
6767,15670
6788,15691
6810,15713
6832,15736
6853,15759
6875,15781
6896,15802
6917,15824
6939,15848
6960,15869
6983,15893
7004,15915
7026,15937
7048,15960
7070,15984
7091,16005
7113,16028
7135,16050
7157,16074
7179,16097
7201,16120
7224,16143
7244,16165
7266,16188
7288,16212
7311,16236
7333,16258
7356,16282
7379,16305
7402,16330
7424,16354
7448,16378
7470,18
7494,43
7518,68
7541,92
7563,116
7586,141
7610,165
7632,190
7654,214
7676,239
7701,265
7723,290
7746,316
7769,340
7793,365
7817,389
7840,414
7864,439
7889,465
7914,490
7938,516
7962,543
7986,570
8009,595
8032,620
8054,646
8078,671
8101,697
8124,722
8147,749
8171,775
8195,800
8220,826
8245,852
8269,878
8294,904
8319,928
8344,954
8368,979
8391,1004
8415,1029
8439,1054
8463,1079
8486,1103
8508,1127
8531,1152
8553,1176
8576,1200
8598,1225
8621,1249
8646,1274
8669,1297
8693,1321
8716,1346
8740,1370
8764,1393
8787,1417
8811,1441
8835,1464
8857,1488
8880,1512
8904,1536
8929,1561
8952,1584
