# Pre-Califiguration: HARD_REV:0x07,MPC:0x05,GX_M:0x76,VOSS_M:0x02,VOSC_M:0x41,PH_M:0x49,PHR_M:0x00,GX_N:0x7B,VOSS_N:0x00,VOSC_N:0x00,PH_N:0x47,PHR_N:0x00
MASTER_RAW,NONIUS_RAW
12836,7200
12929,7296
13027,7387
13122,7481
13215,7574
13317,7669
13412,7764
13502,7853
13600,7940
13697,8033
13795,8127
13887,8221
13987,8313
14085,8408
14176,8499
14272,8595
14370,8688
14464,8783
14560,8872
14654,8962
14748,9054
14846,9143
14938,9235
15038,9324
15132,9418
15228,9505
15320,9592
15414,9685
15504,9775
15599,9870
15697,9952
15793,10044
15887,10130
15980,10218
16073,10306
16166,10397
16255,10485
16342,10576
52,10664
149,10758
241,10847
329,10938
427,11030
511,11118
610,11208
703,11302
795,11391
890,11486
987,11572
1082,11664
1174,11758
1263,11849
1355,11938
1452,12022
1545,12117
1638,12205
1732,12293
1819,12387
1917,12479
2009,12572
2104,12665
2202,12759
2295,12846
2387,12937
2479,13027
2573,13117
2670,13210
2764,13300
2854,13386
2946,13473
3036,13565
3135,13656
3229,13745
3324,13833
3418,13924
3508,14012
3602,14100
3695,14193
3786,14284
3872,14369
3965,14460
4059,14548
4150,14634
4241,14728
4339,14818
4438,14913
4534,15002
4625,15091
4719,15181
4812,15273
4912,15366
5001,15456
5099,15550
5194,15643
5286,15737
5384,15828
5480,15918
5574,16011
5669,16102
5767,16192
5858,16286
5952,16379
6047,85
6144,178
6239,267
6333,359
6426,453
6519,547
6617,635
6709,730
6806,818
6899,910
6988,999
7088,1092
7183,1181
7277,1269
7368,1362
7464,1444
7556,1540
7648,1629
7741,1716
7836,1805
7925,1896
8013,1986
8104,2077
8198,2165
8292,2253
8381,2341
8480,2431
8573,2524
8665,2609
8757,2703
8850,2791
8940,2879
9036,2970
9123,3061
9224,3157
9318,3249
9408,3340
9503,3432
9600,3525
9690,3615
9785,3705
9880,3799
9974,3888
10071,3976
10166,4069
10259,4162
10353,4250
10448,4347
10541,4437
10637,4534
10729,4628
10826,4715
10923,4809
11016,4901
11111,4993
11203,5085
11301,5177
11398,5268
11495,5359
11585,5449
11681,5541
11769,5634
11866,5720
11963,5818
12055,5911
12147,6000
12245,6093
12336,6183
12431,6275
12526,6373
12621,6463
12715,6554
12817,6647
12911,6737
13006,6836
13107,6927
13202,7021
13297,7113
13394,7212
13492,7306
13592,7399
13688,7495
13787,7592
13881,7688
13979,7782
14078,7873
14173,7965
14276,8061
14367,8158
14467,8252
14566,8349
14666,8444
14764,8538
14859,8633
14956,8725
15055,8822
15148,8913
15245,9005
15343,9101
15444,9193
15535,9287
15628,9377
15726,9473
15821,9567
15919,9663
16017,9751
16106,9842
16201,9934
16302,10023
11,10116
104,10208
198,10300
293,10390
386,10480
486,10573
580,10665
680,10758
772,10848
869,10938
968,11032
1063,11122
1154,11213
1252,11309
1345,11407
1440,11497
1534,11588
1636,11681
1729,11772
1834,11864
1926,11961
2022,12049
2111,12142
2213,12235
2306,12326
2396,12418
2491,12515
2588,12607
2685,12699
2776,12792
2874,12891
2960,12980
3057,13070
3154,13163
3248,13252
3343,13344
3439,13436
3534,13526
3629,13617
3722,13711
3812,13799
3907,13893
3999,13982
4092,14071
4182,14158
4277,14249
4370,14341
4466,14431
4562,14524
4659,14617
4748,14708
4843,14796
4940,14891
5037,14982
5126,15076
5227,15171
5318,15258
5412,15354
5510,15449
5606,15540
5703,15629
5797,15720
5887,15818
5982,15914
6074,16009
6173,16096
6267,16186
6361,16280
6456,16371
6548,78
6648,174
6740,268
6839,359
6932,451
7023,543
7116,636
7214,730
7305,824
7399,914
7493,1005
7589,1098
7685,1186
7777,1271
7871,1364
7961,1455
8056,1543
8144,1635
8238,1727
8334,1814
8428,1904
8520,1996
8613,2087
8707,2172
8802,2265
8896,2352
8992,2448
9085,2533
9175,2629
9270,2721
9367,2811
9462,2901
9559,2992
9652,3079
9746,3172
9836,3267
9932,3360
10033,3452
10121,3546
10218,3634
10318,3731
10409,3821
10500,3909
10596,3998
10694,4095
10789,4188
10881,4278
10978,4373
11071,4463
11162,4553
11257,4643
11350,4739
11444,4828
11543,4919
11640,5007
11732,5098
11822,5191
11912,5280
12008,5372
12098,5461
12189,5558
12282,5643
12378,5732
12469,5822
12562,5908
12659,5999
12756,6087
12847,6175
12940,6267
13035,6359
13129,6449
13226,6537
13321,6631
13416,6722
13510,6812
13604,6902
13695,6994
13793,7082
13889,7174
13986,7264
14076,7357
14171,7448
14265,7541
14357,7637
14448,7724
14544,7813
14643,7907
14739,7996
14832,8091
14926,8180
15016,8271
15113,8360
15207,8455
15297,8546
15396,8643
15489,8731
15580,8821
15671,8910
15764,9006
15855,9094
15948,9186
16043,9273
16134,9359
16225,9449
16313,9542
18,9633
114,9721
208,9809
299,9898
396,9990
488,10081
582,10170
682,10256
771,10343
862,10435
955,10527
1049,10620
1144,10707
1240,10796
1336,10888
1431,10981
1524,11067
1621,11163
1713,11251
1808,11347
1906,11438
1999,11528
2092,11619
2188,11712
2285,11803
2378,11902
2473,11990
2565,12076
2663,12168
2758,12260
2854,12354
2948,12449
3044,12542
3136,12631
3234,12727
3333,12818
3418,12909
3514,13000
3608,13092
3702,13187
3795,13278
3890,13369
3978,13460
4074,13551
4161,13642
4262,13733
4352,13822
4448,13914
4545,14003
4641,14092
4737,14183
4831,14275
4924,14365
5018,14456
5115,14548
5209,14640
5306,14729
5399,14824
5495,14913
5590,15005
5685,15093
5780,15184
5873,15278
5967,15372
6065,15463
6165,15557
6261,15655
6359,15745
6451,15836
6544,15928
6640,16024
6733,16120
6833,16209
6929,16302
7022,8
7115,101
7212,201
7305,293
7398,386
7489,479
7589,567
7686,660
7786,754
7882,848
7970,941
8056,1032
8152,1123
8247,1213
8344,1307
8437,1400
8536,1493
8631,1581
8725,1676
8826,1766
8920,1855
9012,1950
9112,2045
9211,2138
9309,2225
9407,2319
9503,2409
9597,2505
9693,2596
9790,2690
9889,2787
9985,2880
10084,2975
10182,3071
10273,3166
10372,3260
10474,3352
10570,3451
10671,3548
10764,3640
10868,3735
10965,3826
11061,3925
11159,4020
11252,4113
11352,4206
11450,4308
11545,4396
11642,4498
11745,4589
11843,4686
11937,4783
12028,4879
12127,4971
12226,5063
12323,5158
12413,5251
12513,5348
12611,5440
12704,5531
12805,5624
12904,5715
12997,5808
13091,5898
13192,5994
13296,6085
13392,6178
13489,6265
13583,6360
13682,6453
13777,6544
13874,6636
13970,6729
14070,6822
14164,6917
14268,7008
14358,7106
14455,7198
14553,7290
14648,7383
14747,7475
14842,7568
14939,7662
15032,7756
15132,7846
15224,7941
15315,8033
15415,8122
15508,8217
15602,8309
15695,8403
15792,8496
15889,8583
15982,8679
16073,8772
16165,8863
16252,8956
16354,9045
65,9136
152,9231
249,9317
342,9408
435,9500
531,9585
621,9680
719,9764
816,9857
903,9946
1002,10038
1102,10128
1191,10217
1287,10304
1383,10396
1480,10486
1567,10573
1664,10666
1755,10758
1851,10848
1945,10939
2044,11032
2135,11126
2225,11213
2326,11310
2420,11403
2511,11493
2605,11586
2701,11682
2799,11774
2894,11866
2985,11961
3081,12052
3173,12140
3270,12235
3366,12327
3460,12422
3553,12515
3645,12608
3739,12704
3829,12797
3924,12889
4017,12982
4114,13072
4202,13166
4298,13263
4392,13356
4484,13445
4584,13537
4679,13630
4776,13720
4866,13806
4967,13898
5060,13989
5161,14079
5247,14172
5345,14260
5443,14354
5532,14445
5626,14537
5725,14629
5821,14717
5921,14808
6012,14906
6111,14991
6207,15084
6296,15178
6397,15270
6486,15362
6580,15450
6677,15544
6770,15634
6863,15729
6958,15819
7054,15911
7147,16004
7243,16093
7337,16182
7426,16272
7519,16365
7610,72
7707,161
7793,255
7886,342
7975,434
8065,523
8154,618
8249,708
8343,799
8430,886
8522,976
8617,1062
8712,1151
8801,1238
8890,1331
8989,1415
9080,1503
9172,1594
9268,1680
9360,1770
9452,1853
9549,1939
9641,2028
9737,2116
9832,2205
9921,2294
10015,2384
10104,2474
10196,2561
10290,2649
10383,2737
10481,2828
10570,2921
10665,3010
10759,3101
10855,3197
10948,3289
11040,3382
11129,3478
11232,3567
11317,3662
11414,3756
11507,3840
11599,3930
11693,4024
11785,4118
11878,4212
11969,4306
12057,4402
12146,4493
12241,4589
12335,4686
12421,4778
12512,4876
12608,4964
12702,5056
12790,5153
12885,5247
12980,5341
13070,5438
13162,5530
13254,5620
13350,5714
13441,5808
13535,5901
13630,5993
13718,6090
13809,6180
13901,6275
14001,6373
14090,6463
14184,6560
14275,6655
14370,6745
14459,6843
14558,6940
14657,7035
14747,7129
14840,7223
14928,7320
15021,7417
15120,7510
15214,7606
15306,7705
15401,7801
15492,7897
15584,7989
15676,8084
15771,8173
15865,8266
15960,8363
16050,8458
16143,8553
16230,8648
16325,8739
41,8834
130,8930
225,9018
320,9108
413,9201
508,9292
598,9381
695,9476
793,9563
888,9655
984,9748
1075,9836
1172,9925
1265,10013
1361,10104
1459,10190
1551,10282
1642,10373
1737,10461
1834,10546
1930,10638
2027,10730
2117,10818
2209,10908
2309,10996
2404,11086
2497,11176
2590,11263
2689,11358
2783,11448
2875,11539
2973,11632
3068,11723
3158,11814
3253,11902
3350,11993
3443,12083
3538,12172
3636,12265
3725,12356
3816,12454
3909,12540
4000,12637
4092,12725
4186,12815
4285,12909
4376,13000
4475,13092
4571,13185
4668,13272
4759,13363
4858,13453
4952,13546
5047,13635
5145,13727
5246,13818
5338,13904
5438,14000
5536,14090
5631,14185
5730,14275
5827,14364
5926,14457
6027,14547
6123,14638
6218,14730
6317,14825
6415,14919
6511,15011
6616,15105
6713,15195
6813,15292
6909,15387
7001,15484
7100,15579
7196,15674
7297,15772
7392,15871
7490,15966
7591,16061
7684,16154
7790,16252
7884,16348
7975,58
8071,154
8169,251
8265,354
8358,449
8460,546
8555,644
8656,738
8756,835
8853,930
8948,1027
9044,1121
9140,1215
9240,1313
9341,1402
9442,1497
9533,1586
9631,1685
9731,1775
9826,1869
9927,1964
10022,2055
10115,2151
10219,2241
10322,2333
10416,2423
10510,2522
10604,2615
10702,2708
10796,2795
10896,2887
10988,2980
11082,3075
11179,3169
11277,3260
11377,3354
11475,3447
11574,3539
11668,3630
11757,3724
11854,3811
11948,3901
12039,3994
12136,4085
12229,4178
12318,4268
12416,4360
12513,4444
12611,4538
12703,4627
12799,4714
12898,4806
12992,4892
13091,4982
13186,5069
13278,5155
13375,5244
13467,5332
13565,5415
13666,5501
13758,5592
13856,5676
13952,5764
14049,5850
14142,5936
14233,6019
14328,6106
14429,6190
14532,6275
14624,6360
14720,6448
14810,6535
14904,6617
15001,6706
15094,6797
15186,6885
15285,6972
15379,7057
15475,7147
15569,7233
15659,7325
15754,7415
15850,7503
15943,7591
16036,7686
16122,7779
16215,7870
16306,7954
19,8045
115,8136
207,8224
300,8318
395,8409
494,8504
579,8596
674,8690
773,8776
866,8868
961,8960
1060,9049
1154,9145
1250,9236
1343,9326
1443,9416
1533,9510
1629,9601
1721,9691
1821,9784
1923,9871
2014,9961
2111,10054
2206,10142
2306,10236
2401,10324
2497,10418
2592,10514
2694,10605
2782,10698
2879,10787
2976,10883
3069,10975
3164,11072
3263,11163
3359,11256
3452,11351
3545,11444
3645,11539
3742,11633
3830,11725
3927,11822
4019,11917
4113,12008
4208,12099
4301,12189
4396,12283
4491,12378
4589,12472
4682,12569
4777,12664
4870,12754
4965,12848
5063,12943
5157,13035
5244,13127
5344,13217
5439,13306
5527,13397
5619,13488
5715,13583
5812,13669
5910,13760
5998,13850
6094,13939
6187,14027
6284,14117
6377,14210
6469,14294
6562,14383
6656,14473
6748,14563
6843,14656
6937,14744
7029,14833
7119,14928
7215,15013
7308,15105
7399,15200
7493,15288
7583,15376
7679,15474
7769,15564
7858,15658
7947,15750
8037,15838
8124,15932
8220,16024
8315,16117
8409,16205
8503,16299
8594,10
8688,102
8780,194
8875,285
8966,377
9063,467
9159,562
9250,653
9344,743
9441,839
9538,928
9629,1019
9721,1108
9816,1201
9917,1295
10010,1379
10107,1468
10201,1562
10297,1656
10397,1742
10494,1835
10590,1926
10681,2013
10780,2103
10869,2194
10967,2283
11065,2378
11161,2464
11255,2559
11356,2655
11451,2746
11539,2839
11635,2928
11734,3018
11828,3114
11926,3207
12010,3300
12106,3397
12195,3488
12291,3579
12386,3676
12485,3765
12583,3858
12679,3953
12773,4039
12869,4132
12963,4228
13063,4321
13157,4422
13250,4514
13348,4605
13448,4699
13544,4794
13637,4889
13734,4981
13831,5072
13926,5165
14020,5255
14122,5347
14211,5437
14307,5530
14405,5625
14500,5713
14594,5806
14696,5898
14786,5987
14878,6075
14976,6166
15073,6261
15170,6351
15264,6445
15361,6535
15451,6628
15547,6722
15644,6816
15740,6911
15835,6999
15929,7092
16025,7186
16118,7281
16213,7377
16303,7474
12,7567
104,7662
203,7756
296,7845
391,7945
490,8035
579,8133
674,8223
774,8324
870,8415
967,8509
1064,8608
1157,8700
1254,8795
1355,8890
1449,8983
1542,9078
1644,9170
1745,9263
1838,9356
1935,9448
2035,9541
2128,9634
2225,9727
2323,9821
2419,9911
2517,9999
2608,10096
2712,10186
2804,10278
2899,10370
2997,10464
3098,10557
3196,10649
3291,10739
3390,10834
3486,10927
3582,11019
3674,11109
3766,11202
3860,11301
3955,11397
4048,11492
4146,11587
4246,11676
4345,11775
4440,11865
4529,11961
4629,12050
4727,12143
4832,12238
4923,12333
5020,12430
5118,12518
5214,12614
5311,12709
5407,12800
5502,12892
5592,12985
5695,13078
5791,13170
5890,13265
5987,13352
6086,13446
6176,13539
6273,13628
6375,13721
6468,13812
6566,13901
6666,13992
6766,14079
6855,14174
6950,14262
7051,14354
7139,14445
7239,14536
7334,14621
7429,14715
7522,14807
7619,14902
7712,14992
7806,15080
7897,15171
7986,15263
8080,15357
8173,15448
8265,15540
8357,15631
8454,15726
8551,15819
8647,15911
8739,16003
8835,16095
8929,16187
9026,16275
9122,16370
9211,77
9309,169
9402,261
9503,354
9595,448
9684,538
9782,627
9883,718
9972,810
10063,901
10164,993
10260,1088
10354,1177
10447,1267
10545,1357
10630,1443
10730,1535
10825,1624
10917,1717
11007,1806
11098,1896
11193,1986
11292,2077
11386,2165
11479,2250
11575,2344
11664,2434
11758,2524
11847,2615
11936,2705
12032,2793
12120,2887
12218,2978
12314,3071
12403,3162
12496,3255
12589,3346
12687,3438
12781,3528
12883,3620
12971,3714
13061,3801
13158,3893
13250,3989
13341,4076
13441,4173
13532,4266
13630,4356
13726,4445
13822,4542
13919,4637
14010,4729
14104,4818
14195,4913
14290,5001
14393,5092
14488,5186
14584,5275
14682,5364
14772,5453
14868,5543
14957,5636
15052,5725
15142,5816
15243,5904
15338,5996
15426,6086
15519,6173
15618,6266
15710,6359
15799,6449
15895,6538
15995,6632
16085,6724
16180,6812
16268,6906
16361,6997
72,7090
167,7182
262,7278
354,7367
449,7452
542,7549
630,7642
728,7732
822,7821
915,7917
1010,8009
1108,8102
1196,8192
1294,8287
1388,8376
1484,8470
1580,8560
1672,8655
1762,8749
1857,8838
1952,8932
2049,9021
2136,9116
2232,9201
2329,9290
2423,9382
2515,9473
2604,9561
2699,9653
2794,9741
2888,9831
2984,9917
3075,10005
3167,10095
3260,10181
3357,10271
3452,10362
3542,10453
3633,10543
3728,10636
3819,10727
3906,10809
3997,10904
4089,10994
4187,11084
4282,11176
4375,11265
4462,11356
4561,11446
4653,11541
4743,11630
4842,11721
4934,11813
5027,11904
5121,11990
5218,12078
5311,12171
5402,12263
5502,12357
5599,12447
5687,12542
5779,12635
5871,12724
5970,12820
6068,12906
6162,12999
6259,13089
6347,13178
6443,13270
6544,13363
6642,13452
6734,13544
6832,13634
6927,13724
7021,13816
7114,13905
7206,13995
7297,14083
7394,14176
7489,14266
7584,14354
7677,14448
7772,14542
7865,14634
7947,14725
8048,14815
8143,14907
8238,14998
8327,15086
8426,15178
8520,15273
8613,15366
8710,15461
8808,15554
8899,15648
8991,15744
9088,15841
9181,15934
9284,16025
9372,16117
9471,16211
9565,16304
9665,11
9762,105
9852,198
9952,292
10045,386
10138,480
10239,576
10337,666
10431,761
10521,853
10617,943
10712,1038
10807,1130
10905,1221
10997,1310
11095,1401
11183,1491
11280,1581
11376,1671
11471,1764
11566,1856
11660,1944
11754,2033
11851,2130
11939,2220
12030,2309
12119,2397
12208,2486
12310,2577
12407,2673
12499,2763
12592,2859
12691,2949
12785,3037
12881,3133
12980,3229
13073,3317
13169,3410
13261,3505
13359,3598
13458,3692
13549,3784
13646,3871
13751,3968
13843,4061
13937,4155
14041,4249
14135,4341
14229,4436
14330,4533
14430,4626
14523,4718
14622,4813
14722,4907
14823,4999
14918,5092
15010,5188
15108,5279
15211,5373
15309,5467
15404,5559
15500,5650
15597,5741
15687,5834
15791,5929
15893,6022
15987,6112
16082,6204
16175,6300
16279,6394
16374,6488
84,6580
183,6676
279,6768
376,6867
475,6965
569,7055
667,7150
764,7248
861,7347
960,7443
1061,7541
1162,7637
1257,7736
1359,7830
1457,7924
1554,8020
1655,8114
1751,8214
1853,8307
1949,8403
2043,8498
2145,8597
2241,8696
2333,8785
2433,8881
2530,8975
2629,9068
2724,9162
2821,9257
2921,9352
3015,9443
3116,9534
3210,9626
3306,9726
3400,9815
3497,9905
3594,10000
3690,10091
3782,10179
3873,10270
3968,10362
4064,10453
4158,10547
4249,10636
4345,10724
4446,10817
4541,10909
4633,11005
4731,11098
4825,11188
4921,11278
5014,11375
5114,11460
5212,11556
5299,11648
5401,11744
5497,11834
5596,11931
5691,12021
5784,12109
5883,12205
5979,12300
6071,12388
6165,12480
6269,12575
6363,12668
6456,12762
6547,12855
6643,12946
6743,13037
6841,13133
6932,13223
7029,13313
7123,13406
7223,13499
7313,13594
7407,13684
7502,13770
7600,13859
7692,13949
7788,14042
7883,14132
7975,14227
8066,14315
8158,14405
8257,14498
8355,14592
8447,14686
8544,14774
8639,14863
8734,14961
8825,15053
8927,15146
9023,15241
9119,15335
9216,15426
9310,15519
9407,15617
9504,15711
9598,15809
9696,15898
9791,15993
9887,16087
9983,16177
10076,16269
10174,16359
10272,73
10365,169
10457,261
10548,352
10642,446
10738,545
10835,634
10930,728
11025,818
11117,909
11213,1000
11309,1096
11401,1180
11493,1275
11594,1367
11688,1455
11777,1545
11873,1637
11967,1723
12054,1816
12146,1906
12237,1999
12329,2084
12421,2173
12519,2263
12614,2355
12708,2443
12799,2533
12892,2622
12987,2711
13080,2800
13174,2892
13273,2984
13364,3076
13456,3169
13552,3258
13650,3355
13748,3447
13839,3533
13930,3623
14025,3718
14122,3808
14217,3898
14313,3987
14400,4079
14492,4170
14592,4265
14685,4355
14778,4446
14875,4533
14969,4631
15068,4722
15155,4810
15249,4903
15339,4993
15436,5084
15531,5171
15626,5263
15718,5352
15812,5445
15902,5539
15994,5624
16090,5715
16180,5805
16273,5893
16366,5978
75,6065
168,6158
264,6248
358,6342
452,6432
543,6519
633,6609
730,6698
824,6793
921,6883
1012,6973
1104,7069
1195,7157
1293,7248
1389,7341
1480,7433
1577,7522
1671,7620
1763,7709
1855,7801
1950,7889
2046,7982
2143,8073
2232,8166
2327,8257
2420,8350
2509,8444
2606,8534
2702,8628
2795,8719
2886,8811
2984,8902
3073,8991
3167,9080
3259,9167
3358,9260
3448,9354
3544,9444
3632,9532
3724,9625
3817,9710
3906,9800
3999,9886
4087,9976
4178,10066
4276,10155
4370,10240
4462,10329
4557,10420
4649,10509
4740,10600
4837,10688
4928,10776
5022,10869
5117,10960
5215,11053
5302,11142
5396,11230
5493,11321
5587,11413
5682,11503
5778,11599
5869,11688
5966,11780
6062,11876
6156,11967
6251,12049
6348,12143
6445,12233
6537,12326
6631,12416
6724,12510
6818,12598
6912,12693
7007,12787
7101,12876
7198,12965
7292,13060
7390,13151
7488,13242
7580,13334
7672,13425
7766,13514
7858,13608
7945,13699
8036,13793
8131,13880
8231,13971
8327,14063
8416,14152
8509,14241
8603,14336
8701,14424
8798,14517
8889,14607
8987,14694
9079,14787
9171,14882
9273,14975
9368,15068
9463,15170
9557,15265
9649,15355
9745,15451
9845,15539
9937,15630
10033,15726
10138,15820
10232,15917
10323,16012
10421,16101
10519,16197
10614,16290
10713,3
10806,98
10899,195
10995,288
11093,379
11184,477
11279,572
11375,667
11468,763
11566,853
11665,946
11760,1037
11856,1131
11950,1226
12040,1319
12135,1407
12224,1503
12325,1594
12425,1685
12522,1778
12620,1869
12712,1959
12809,2046
12900,2141
12997,2236
13097,2327
13197,2421
13297,2512
13390,2604
13485,2698
13586,2794
13681,2883
13782,2979
13881,3066
13974,3162
14077,3255
14170,3354
14269,3446
14367,3541
14469,3636
14567,3728
14667,3818
14759,3911
14854,4003
14954,4098
15055,4192
15155,4290
15246,4383
15345,4475
15442,4568
15541,4660
15631,4756
15728,4852
15828,4942
15925,5034
16024,5131
16117,5223
16210,5313
16306,5406
16,5502
110,5592
204,5678
299,5774
399,5868
493,5954
582,6051
682,6141
776,6237
879,6326
971,6415
1067,6508
1164,6602
1257,6697
1356,6787
1452,6880
1545,6971
1637,7065
1736,7161
1833,7254
1924,7346
2016,7443
2122,7537
2212,7627
2304,7718
2405,7815
2495,7907
2590,8001
2686,8095
2779,8186
2873,8281
2969,8372
3063,8468
3155,8560
3247,8653
3338,8746
3436,8835
3531,8928
3622,9019
3717,9112
3809,9203
3902,9294
3987,9388
4082,9482
4178,9567
4263,9659
4363,9748
4459,9840
4553,9924
4649,10017
4739,10103
4834,10194
4926,10283
5021,10378
5119,10465
5215,10556
5313,10647
5405,10736
5499,10830
5591,10923
5692,11010
5790,11101
5886,11194
5981,11286
6079,11379
6175,11472
6270,11560
6363,11650
6458,11747
6553,11839
6652,11929
6746,12022
6841,12111
6944,12202
7033,12294
7129,12390
7226,12484
7322,12577
7416,12668
7515,12763
7604,12852
7703,12942
7791,13033
7890,13124
7978,13217
8077,13305
8168,13400
8262,13489
8359,13580
8455,13671
8552,13765
8647,13851
8738,13941
8833,14031
8934,14125
9024,14210
9119,14300
9215,14393
9311,14483
9404,14574
9503,14662
9597,14753
9696,14842
9786,14933
9883,15025
9977,15117
10070,15212
10163,15302
10257,15391
10353,15481
10449,15578
10541,15668
10633,15759
10731,15853
10826,15946
10917,16042
11008,16132
11102,16221
11193,16310
11284,22
11379,117
11464,208
11561,302
11658,394
11752,485
11846,579
11930,667
12020,761
12114,852
12204,937
12298,1028
12391,1123
12484,1210
12579,1299
12671,1391
12766,1482
12854,1571
12951,1661
13046,1746
13136,1837
13230,1927
13321,2011
13419,2104
13512,2194
13611,2287
13708,2375
13805,2465
13899,2556
13995,2647
14088,2737
14184,2826
14273,2914
14374,3008
14471,3105
14564,3195
14661,3290
14755,3378
14850,3473
14943,3564
15041,3653
15133,3746
15232,3834
15330,3926
15420,4020
15522,4115
15612,4209
15709,4301
15804,4388
15898,4484
15996,4578
16088,4673
16179,4764
16270,4855
16361,4944
79,5039
171,5130
267,5222
363,5310
458,5401
551,5491
647,5579
744,5670
841,5763
935,5859
1034,5944
1123,6035
1219,6126
1311,6212
1407,6305
1504,6400
1595,6492
1692,6584
1786,6678
1885,6767
1983,6860
2077,6950
2168,7042
2267,7137
2363,7229
2457,7321
2551,7416
2646,7510
2741,7608
2833,7699
2926,7788
3025,7881
3119,7975
3215,8067
3307,8162
3397,8254
3487,8347
3582,8442
3680,8534
3771,8628
3861,8719
3951,8814
4044,8904
4140,9000
4230,9092
4326,9179
4423,9271
4519,9363
4614,9459
4713,9549
4808,9641
4904,9727
4993,9818
5089,9910
5187,10003
5285,10094
5379,10186
5474,10276
5573,10367
5672,10459
5766,10549
5858,10639
5958,10733
6055,10827
6150,10922
6246,11014
6351,11105
6447,11198
6540,11292
6636,11386
6736,11485
6833,11579
6931,11672
7029,11764
7132,11861
7225,11955
7324,12044
7420,12137
7516,12229
7613,12325
7711,12423
7805,12519
7896,12615
7991,12711
8084,12805
8184,12898
8276,12993
8377,13085
8480,13180
8575,13276
8672,13371
8771,13462
8868,13560
8971,13652
9065,13742
9160,13833
9260,13924
9358,14020
9454,14118
9549,14208
9652,14300
9746,14397
9843,14490
9939,14580
10038,14668
10144,14763
10240,14859
10333,14956
10432,15049
10522,15142
10620,15236
10715,15334
10817,15428
10913,15524
11011,15622
11107,15719
11208,15812
11301,15909
11399,16003
11488,16099
11582,16193
11675,16291
11777,0
11872,93
11962,186
12056,286
12148,386
12243,475
12341,568
12435,662
12525,756
12624,850
12716,946
12819,1033
12913,1124
13004,1214
13104,1308
13198,1400
13294,1491
13394,1579
13485,1671
13584,1763
13681,1854
13771,1945
13868,2038
13967,2127
14065,2217
14158,2311
14255,2399
14349,2487
14449,2582
14551,2673
14644,2767
14738,2853
14832,2947
14928,3036
15021,3129
15120,3223
15215,3314
15313,3408
15412,3501
15505,3591
15600,3683
15693,3772
15786,3864
15880,3952
15972,4043
16067,4139
16155,4229
16252,4320
16348,4415
53,4505
143,4596
239,4692
334,4786
429,4873
527,4961
617,5052
714,5143
809,5232
906,5321
997,5409
1092,5500
1191,5592
1282,5682
1374,5770
1466,5860
1565,5947
1660,6041
1752,6129
1853,6219
1948,6309
2041,6403
2135,6490
2225,6576
2321,6667
2415,6762
2509,6853
2593,6942
2691,7036
2784,7129
2873,7220
2963,7316
3064,7407
3157,7501
3249,7593
3342,7683
3435,7776
3525,7864
3620,7954
3711,8048
3801,8143
3892,8236
3983,8330
4079,8425
4167,8512
4254,8606
4351,8697
4443,8789
4536,8879
4626,8973
4722,9060
4821,9149
4912,9241
5002,9331
5094,9423
5195,9514
5288,9603
5381,9692
5471,9781
5567,9868
5660,9958
5751,10048
5852,10139
5940,10222
6034,10314
6132,10403
6226,10493
6311,10586
6406,10674
6501,10763
6597,10850
6698,10940
6793,11031
6886,11123
6980,11212
7074,11302
7168,11392
7267,11484
7354,11575
7449,11663
7539,11756
7633,11846
7732,11938
7817,12025
7911,12117
8001,12205
8094,12297
8184,12389
8280,12481
8376,12573
8469,12663
8558,12751
8654,12840
8743,12929
8838,13020
8930,13112
9024,13201
9121,13289
9209,13378
9307,13464
9403,13557
9493,13646
9586,13735
9678,13819
9773,13910
9865,13998
9962,14088
10058,14175
10146,14265
10238,14356
10332,14444
10427,14531
10515,14621
10611,14706
10701,14799
10795,14890
10887,14978
10979,15070
11068,15160
11164,15251
11255,15340
11347,15430
11441,15522
11536,15612
11622,15702
11714,15798
11808,15892
11902,15984
11993,16072
12082,16163
12172,16251
12263,16344
12355,54
12444,148
12538,238
12630,330
12725,421
12818,514
12915,605
13007,699
13094,788
13189,882
13287,968
13380,1065
13476,1155
13568,1239
13660,1332
13760,1418
13860,1510
13946,1607
14045,1696
14142,1785
14234,1874
14325,1965
14420,2056
14518,2146
14613,2235
14708,2325
14805,2418
14902,2507
14997,2593
15089,2687
15185,2776
15282,2868
15380,2961
15474,3052
15567,3146
15658,3238
15752,3326
15849,3418
15942,3514
16034,3610
16131,3697
16228,3786
16319,3877
24,3966
115,4060
211,4155
305,4245
400,4338
499,4434
596,4522
689,4615
783,4707
880,4796
973,4891
1069,4984
1164,5072
1263,5162
1359,5254
1448,5348
1542,5440
1638,5532
1738,5617
1835,5707
1928,5801
2022,5891
2119,5978
2212,6073
2304,6163
2406,6253
2498,6344
2590,6435
2687,6528
2781,6620
2877,6713
2975,6806
3068,6900
3165,6997
3263,7086
3355,7179
3451,7273
3548,7369
3647,7464
3739,7562
3830,7659
3921,7755
4014,7845
4108,7935
4209,8028
4309,8128
4403,8227
4497,8324
4593,8422
4693,8514
4789,8605
4885,8703
4983,8802
5079,8894
5181,8991
5277,9086
5378,9182
5479,9278
5575,9371
5672,9464
5770,9560
5871,9650
5968,9744
6071,9836
6166,9935
6261,10023
6359,10118
6459,10212
6560,10303
6664,10396
6756,10493
6858,10582
6957,10672
7050,10768
7149,10864
7251,10958
7348,11049
7448,11143
7543,11238
7645,11334
7735,11428
7834,11523
7932,11613
8026,11705
8120,11800
8212,11898
8310,11992
8410,12082
8505,12172
8601,12269
8701,12363
8792,12455
8889,12545
8993,12640
9088,12729
9181,12828
9270,12920
9369,13012
9467,13108
9567,13200
9663,13289
9760,13378
9852,13469
9947,13562
10041,13655
10137,13748
10233,13835
10325,13927
10420,14020
10521,14113
10614,14199
10704,14287
10808,14379
10902,14472
10989,14557
11081,14652
11174,14744
11271,14834
11367,14930
11465,15022
11557,15113
11656,15203
11745,15299
11840,15390
11932,15481
12023,15576
12120,15669
12212,15764
12305,15861
12400,15955
12497,16050
12589,16136
12685,16232
12777,16327
12873,39
12970,133
13065,222
13154,315
13249,411
13350,508
13447,600
13540,691
13637,785
13738,879
13834,973
13925,1064
14024,1158
14121,1245
14217,1342
14318,1432
14410,1524
14503,1612
14607,1702
14704,1792
14799,1883
14898,1975
14991,2066
15086,2157
15182,2249
15277,2337
15371,2433
15470,2524
15569,2616
15660,2707
15757,2796
15853,2889
15950,2979
16048,3074
16138,3165
16235,3256
16324,3348
33,3439
127,3531
222,3630
318,3720
414,3809
507,3894
604,3993
703,4088
796,4176
894,4270
991,4362
1084,4449
1178,4543
1270,4637
1368,4729
1461,4818
1554,4909
1649,5004
1742,5091
1838,5181
1934,5271
2022,5363
2125,5449
2222,5541
2314,5630
2408,5718
2502,5812
2593,5901
2689,5993
2784,6082
2873,6172
2969,6263
3066,6355
3154,6443
3251,6531
3339,6624
3432,6717
3527,6806
3623,6900
3717,6992
3800,7087
3894,7179
3988,7271
4081,7363
4175,7453
4262,7550
4357,7641
4451,7738
4543,7832
4638,7923
4732,8014
4828,8108
4923,8203
5013,8291
5105,8385
5200,8478
5297,8574
5394,8669
5487,8761
5579,8846
5675,8941
5772,9037
5869,9127
5961,9221
6058,9310
6154,9403
6252,9493
6344,9585
6444,9674
6537,9764
6628,9856
6721,9946
6821,10035
6915,10126
7008,10219
7097,10306
7192,10393
7295,10486
7385,10572
7487,10661
7576,10753
7672,10842
7769,10936
7858,11027
7948,11112
8042,11206
8133,11299
8228,11390
8322,11483
8416,11571
8504,11666
8602,11756
8699,11849
8797,11941
8886,12028
8980,12116
9073,12209
9171,12299
9266,12392
9360,12485
9452,12573
9548,12666
9647,12757
9735,12850
9831,12941
9927,13031
10022,13121
10119,13208
10211,13303
10305,13391
10401,13478
10501,13568
10593,13662
10686,13752
10785,13838
10877,13929
10975,14024
11063,14112
11154,14201
11246,14285
11343,14378
11432,14470
11527,14560
11620,14652
11714,14741
11808,14833
11906,14923
11998,15018
12086,15109
12182,15202
12275,15295
12364,15382
12458,15479
12549,15574
12643,15669
12742,15762
12836,15858
12929,15947
13022,16040
13112,16133
13211,16221
13309,16314
13404,26
13501,121
13591,212
13688,312
13779,401
13880,495
13970,587
14064,681
14162,773
14264,867
14356,958
14448,1053
14547,1146
14646,1239
14741,1331
14832,1423
14928,1510
15025,1599
15125,1689
15221,1782
15315,1873
15410,1967
15505,2053
15605,2141
15696,2238
15792,2329
15890,2422
15986,2516
16080,2607
16168,2702
16268,2791
16364,2884
72,2976
169,3068
263,3163
359,3259
455,3353
552,3447
651,3539
749,3631
841,3724
940,3818
1035,3907
1129,4003
1227,4093
1334,4189
1426,4281
1520,4375
1619,4470
1713,4565
1807,4659
1904,4757
2000,4847
2101,4940
2198,5031
2290,5128
2386,5220
2490,5315
2582,5404
2679,5493
2774,5589
2876,5683
2966,5776
3064,5869
3160,5959
3251,6053
3352,6141
3451,6233
3545,6329
3638,6422
3735,6516
3822,6605
3915,6702
4013,6798
4109,6891
4204,6983
4300,7078
4397,7176
4493,7269
4593,7360
4685,7454
4779,7552
4880,7647
4970,7744
5066,7837
5163,7932
5260,8024
5358,8123
5461,8212
5553,8309
5650,8407
5743,8497
5839,8591
5936,8684
6034,8777
6131,8871
6225,8962
6327,9053
6415,9146
6520,9240
6610,9330
6704,9425
6799,9516
6893,9604
6991,9694
7087,9787
7182,9873
7271,9965
7366,10051
7466,10142
7561,10232
7652,10321
7748,10412
7837,10504
7928,10592
8024,10681
8116,10775
8203,10863
8297,10952
8394,11039
8487,11131
8581,11221
8674,11314
8770,11405
8866,11495
8953,11589
9053,11680
9144,11770
9237,11860
9328,11949
9421,12041
9512,12131
9611,12222
9708,12311
9801,12405
9897,12498
9989,12589
10085,12683
10178,12772
10269,12862
10365,12958
10460,13046
10552,13138
10650,13229
10742,13322
10833,13413
10924,13503
11017,13591
11111,13682
11207,13772
11302,13864
11397,13953
11489,14042
11583,14135
11682,14223
11775,14312
11869,14404
11958,14496
12048,14587
12145,14678
12240,14774
12330,14866
12423,14957
12523,15053
12617,15149
12711,15237
12807,15332
12897,15425
12996,15519
13088,15612
13188,15708
13281,15800
13376,15892
13467,15984
13565,16080
13665,16171
13755,16265
13854,16358
13947,70
14046,163
14147,256
14242,348
14337,440
14429,536
14520,626
14617,719
14714,810
14807,902
14905,994
14998,1089
15093,1176
15184,1269
15283,1358
15377,1450
15471,1538
15561,1629
15658,1715
15750,1800
15840,1893
15934,1980
16028,2071
16123,2159
16211,2250
16304,2336
15,2430
102,2518
200,2611
291,2699
385,2787
479,2878
570,2966
658,3057
759,3147
852,3236
939,3328
1031,3418
1127,3510
1221,3603
1320,3696
1413,3782
1510,3871
1603,3959
1688,4052
1784,4141
1880,4232
1973,4323
2065,4415
2163,4506
2254,4600
2349,4692
2443,4783
2535,4873
2629,4962
2725,5048
2820,5138
2911,5232
3007,5325
3099,5415
3194,5502
3289,5593
3383,5682
3473,5769
3571,5858
3666,5949
3761,6037
3846,6132
3937,6217
4029,6308
4121,6398
4215,6490
4306,6581
4410,6674
4499,6764
4597,6856
4688,6951
4781,7044
4876,7139
4974,7227
5068,7326
5167,7413
5264,7508
5358,7602
5457,7699
5547,7791
5640,7884
5736,7978
5832,8072
5930,8159
6028,8249
6116,8343
6218,8440
6311,8530
6412,8625
6508,8718
6600,8813
6693,8907
6789,8994
6888,9085
6978,9177
7069,9270
7168,9359
7264,9448
7358,9541
7458,9636
7548,9724
7643,9814
7738,9904
7832,9992
7924,10084
8013,10174
8108,10259
8198,10354
8293,10444
8388,10535
8485,10625
8582,10717
8676,10808
8764,10897
8864,10989
8955,11082
9053,11168
9149,11257
9246,11352
9341,11446
9433,11536
9525,11631
9621,11724
9718,11815
9815,11908
9909,11998
10008,12089
10102,12179
10193,12273
10289,12366
10388,12463
10479,12553
10574,12643
10672,12737
10767,12834
10865,12927
10962,13020
11054,13111
11154,13204
11247,13299
11343,13391
11435,13480
11535,13572
11633,13665
11727,13759
11820,13851
11915,13940
12008,14037
12104,14128
12198,14218
12294,14313
12390,14409
12491,14500
12585,14596
12683,14688
12780,14783
12876,14878
12972,14976
13074,15069
13168,15164
13267,15261
13366,15357
13469,15453
13558,15549
13660,15644
13761,15741
13864,15839
13963,15937
14062,16035
14159,16129
14260,16225
14356,16319
14453,31
14554,129
14655,228
14751,321
14848,417
14948,515
15050,612
15150,706
15249,805
15348,902
15445,994
15545,1087
15641,1180
15739,1271
15839,1367
15936,1459
16030,1547
16126,1646
16225,1739
16319,1833
28,1926
130,2015
226,2106
328,2198
422,2291
517,2381
618,2477
720,2571
809,2661
904,2760
1006,2852
1104,2941
1200,3034
1296,3132
1397,3228
1495,3320
1594,3414
1686,3505
1781,3601
1876,3698
1982,3794
2076,3882
2171,3970
2270,4067
2363,4164
2462,4258
2556,4350
2649,4441
2747,4538
2846,4630
2940,4722
3034,4814
3125,4909
3219,5009
3315,5099
3417,5187
3504,5280
3600,5370
3692,5460
3784,5553
3878,5647
3968,5735
4063,5825
4158,5917
4251,6009
4344,6101
4439,6193
4535,6282
4635,6373
4730,6468
4822,6561
4911,6654
5009,6749
5107,6838
5197,6934
5296,7027
5392,7115
5489,7212
5583,7306
5682,7400
5773,7495
5870,7590
5965,7682
6061,7778
6160,7869
6257,7959
6354,8050
6449,8145
6538,8239
6638,8337
6735,8429
6832,8520
6927,8617
7024,8707
7115,8799
7211,8895
7301,8987
7401,9077
7493,9171
7591,9265
7685,9351
7778,9442
7872,9532
7965,9627
8059,9716
8153,9807
8245,9893
8343,9986
8436,10075
8531,10168
8623,10252
8718,10341
8808,10432
8903,10523
9001,10616
9096,10707
9195,10798
9288,10888
9383,10979
9479,11072
9573,11163
9665,11249
9760,11340
9853,11437
9954,11527
10048,11619
10143,11711
10231,11803
10331,11895
10425,11983
10516,12070
10611,12164
10707,12252
10804,12350
10896,12440
10989,12532
11090,12623
11174,12715
11269,12806
11364,12899
11458,12991
11548,13081
11644,13168
11739,13259
11828,13352
11925,13439
12014,13529
12101,13624
12193,13710
12287,13799
12381,13887
12478,13977
12569,14067
12663,14156
12754,14248
12849,14337
12946,14423
13040,14512
13128,14604
13222,14691
13317,14781
13411,14876
13506,14965
13602,15056
13698,15142
13790,15235
13881,15325
13978,15416
14068,15510
14162,15600
14256,15695
14354,15785
14444,15879
14540,15969
14638,16057
14729,16148
14821,16240
14916,16331
15014,39
15104,132
15196,226
15289,312
15382,403
15474,494
15567,588
15657,677
15750,770
15845,863
15939,954
16032,1042
16119,1133
16209,1221
16301,1309
8,1396
100,1483
194,1574
290,1661
382,1754
475,1845
569,1931
664,2019
751,2109
843,2198
932,2290
1024,2376
1122,2463
1214,2549
1315,2639
1407,2727
1500,2817
1592,2912
1684,3002
1776,3097
1872,3179
1969,3270
2062,3363
2154,3453
2245,3549
2339,3638
2434,3729
2532,3822
2623,3913
2719,4002
2810,4094
2906,4185
2997,4273
3088,4364
3186,4459
3282,4554
3372,4644
3468,4732
3566,4822
3657,4913
3749,5007
3837,5100
3928,5190
4024,5280
4120,5370
4217,5460
4308,5545
4405,5638
4498,5728
4593,5816
4684,5906
4778,5997
4871,6086
4971,6175
5065,6266
5162,6358
5251,6445
5344,6539
5444,6628
5542,6716
5636,6811
5731,6901
5826,6995
5921,7083
6017,7175
6117,7264
6211,7358
6305,7450
6401,7540
6494,7635
6590,7731
6687,7822
6779,7913
6871,8006
6966,8096
7059,8187
7153,8281
7250,8374
7343,8468
7438,8561
7534,8653
7627,8747
7720,8838
7814,8926
7908,9017
7999,9108
8088,9204
8184,9295
8277,9384
8373,9471
8467,9566
8566,9657
8659,9745
8759,9836
8850,9929
8944,10020
9040,10109
9135,10201
9230,10292
9324,10381
9420,10472
9510,10567
9608,10656
9707,10751
9806,10843
9903,10938
10004,11030
10096,11123
10190,11219
10289,11316
10388,11406
10480,11498
10578,11599
10675,11690
10773,11784
10872,11879
10973,11975
11071,12069
11165,12163
11267,12259
11365,12355
11456,12451
11553,12545
11652,12638
11751,12737
11846,12834
11939,12930
12037,13028
12132,13115
12228,13210
12320,13306
12423,13404
12519,13494
12613,13588
12712,13678
12809,13775
12903,13866
13002,13956
13102,14047
13200,14143
13300,14237
13392,14332
13491,14424
13585,14516
13680,14611
13777,14703
13877,14796
13975,14893
14068,14985
14170,15077
14268,15170
14364,15262
14461,15359
14562,15450
14657,15544
14754,15643
14848,15735
14942,15829
15045,15923
15136,16016
15231,16110
15321,16198
15420,16292
15516,16383
15606,94
15702,191
15796,284
15891,377
15983,469
16078,558
16166,654
16260,749
16358,840
64,926
156,1020
251,1105
350,1200
440,1288
535,1382
625,1470
720,1562
820,1648
915,1740
1011,1831
1104,1916
1193,2010
1286,2100
1380,2190
1478,2277
1570,2368
1670,2457
1767,2551
1860,2644
1956,2732
2054,2828
2148,2916
2238,3012
2333,3101
2431,3192
2522,3288
2619,3382
2715,3477
2810,3568
2900,3660
2996,3754
3091,3844
3186,3934
3281,4029
3373,4124
3472,4214
3568,4313
3664,4404
3757,4498
3850,4594
3941,4686
4035,4777
4128,4871
4224,4962
4315,5056
4411,5147
4508,5238
4604,5328
4702,5424
4795,5515
4888,5606
4984,5695
5083,5787
5174,5878
5272,5969
5366,6062
5462,6155
5563,6243
5658,6336
5757,6427
5850,6517
5943,6609
6035,6699
6130,6794
6227,6890
6322,6983
6417,7073
6509,7161
6609,7259
6702,7349
6802,7440
6894,7538
6986,7629
7081,7722
7178,7815
7270,7908
7362,7997
7458,8092
7553,8185
7647,8277
7740,8369
7834,8461
7925,8557
8015,8647
8105,8743
8197,8829
8291,8924
8385,9016
8478,9106
8571,9192
8667,9281
8755,9373
8849,9465
8944,9551
9036,9642
9133,9734
9228,9820
9324,9914
9418,9999
9511,10091
9604,10178
9699,10265
9791,10358
9883,10450
9984,10537
10073,10627
10169,10717
10261,10809
10352,10897
10453,10989
10549,11079
10645,11171
10737,11263
10836,11356
10932,11447
11025,11541
11117,11633
11208,11728
11306,11819
11400,11910
11492,12004
11587,12094
11682,12182
11774,12273
11872,12364
11963,12461
12051,12553
12147,12646
12241,12738
12332,12831
12423,12919
12517,13014
12610,13108
12710,13202
12806,13288
12904,13385
12994,13472
13087,13561
13184,13652
13280,13745
13376,13835
13470,13924
13566,14018
13662,14102
13761,14194
13854,14288
13950,14379
14043,14466
14141,14557
14237,14645
14331,14734
14428,14829
14520,14920
14616,15015
14716,15105
14813,15197
14903,15287
14998,15378
15088,15472
15186,15566
15280,15659
15370,15752
15469,15848
15565,15941
15660,16037
15753,16124
15849,16216
15943,16312
16034,21
16130,114
16223,207
16312,296
23,386
115,484
211,578
303,667
395,761
498,854
584,948
682,1037
781,1130
873,1218
968,1307
1060,1399
1156,1492
1255,1584
1352,1673
1444,1763
1541,1855
1635,1946
1730,2034
1826,2124
1925,2216
2020,2305
2115,2395
2212,2488
2307,2579
2402,2674
2500,2765
2589,2857
2687,2945
2781,3040
2876,3136
2975,3230
3074,3324
3167,3420
3260,3514
3353,3608
3453,3697
3546,3788
3642,3884
3736,3970
3828,4066
3921,4162
4020,4255
4112,4348
4207,4444
4300,4535
4395,4629
4493,4726
4590,4818
4687,4909
4783,5004
4879,5100
4975,5193
5073,5282
5169,5374
5268,5467
5369,5556
5464,5648
5561,5743
5658,5834
5757,5928
5857,6016
5951,6109
6050,6201
6149,6292
6249,6385
6344,6475
6443,6571
6537,6664
6635,6758
6728,6855
6827,6945
6924,7042
7027,7137
7123,7230
7221,7328
7310,7419
7410,7518
7506,7615
7599,7708
7695,7806
7792,7897
7889,7991
7983,8086
8081,8184
8177,8276
8274,8371
8365,8465
8466,8560
8566,8653
8664,8747
8757,8842
8854,8939
8952,9031
9048,9129
9144,9221
9241,9313
9340,9407
9435,9500
9530,9597
9626,9689
9728,9779
9829,9869
9923,9962
10018,10054
10111,10146
10210,10236
10307,10331
10403,10426
10502,10512
10598,10604
10696,10698
10791,10792
10888,10885
10986,10975
11079,11069
11180,11160
11271,11258
11370,11348
11463,11442
11560,11538
11649,11627
11746,11721
11839,11819
11940,11912
12027,12002
12112,12091
12211,12184
12305,12275
12400,12366
12494,12460
12591,12553
12681,12644
12771,12740
12867,12830
12962,12921
13060,13010
13156,13105
13251,13196
13349,13286
13437,13378
13532,13469
13624,13558
13725,13651
13818,13736
13913,13825
14007,13916
14102,14004
14199,14089
14288,14184
14382,14273
14476,14362
14572,14449
14664,14542
14759,14627
14855,14721
14949,14809
15039,14899
15138,14987
15230,15084
15323,15173
15416,15265
15510,15355
15601,15448
15692,15541
15792,15631
15887,15720
15980,15815
16070,15908
16163,15997
16250,16091
16339,16182
48,16274
145,16361
238,72
331,166
427,256
518,351
607,444
703,537
800,630
893,721
989,813
1081,900
1180,995
1273,1086
1362,1174
1457,1267
1551,1353
1648,1442
1741,1532
1836,1622
1938,1709
2029,1802
2124,1891
2217,1981
2316,2070
2409,2161
2501,2250
2592,2343
2686,2432
2786,2521
2878,2613
2973,2701
3066,2788
3160,2877
3252,2975
3346,3067
3436,3160
3533,3252
3630,3343
3720,3433
3815,3527
3897,3623
3991,3714
4082,3802
4179,3887
4271,3980
4364,4070
4459,4164
4552,4256
4644,4351
4735,4442
4833,4536
4924,4623
5020,4720
5113,4808
5206,4894
5296,4987
5394,5073
5487,5168
5583,5255
5676,5347
5774,5436
5865,5524
5963,5613
6057,5700
6151,5790
6242,5882
6328,5963
6421,6056
6515,6143
6606,6233
6703,6320
6795,6407
6890,6497
6988,6589
7076,6679
7172,6772
7263,6859
7353,6948
7447,7039
7540,7134
7632,7222
7726,7313
7820,7406
7911,7496
8001,7593
8088,7679
8180,7774
8274,7865
8372,7956
8464,8045
8555,8137
8647,8229
8739,8324
8829,8414
8925,8503
9020,8594
9110,8688
9207,8779
9305,8871
9394,8962
9490,9052
9582,9144
9681,9234
9772,9321
9869,9414
9965,9506
10063,9593
10160,9684
10250,9775
10343,9866
10437,9951
10528,10041
10623,10133
10721,10227
10821,10315
10915,10407
11009,10496
11103,10589
11198,10682
11293,10766
11387,10855
11483,10948
11574,11043
11670,11136
11764,11224
11859,11319
11952,11415
12040,11505
12134,11597
12227,11689
12321,11785
12410,11876
12507,11969
12606,12055
12698,12149
12793,12243
12886,12336
12981,12430
13079,12524
13173,12616
13267,12708
13366,12801
13462,12893
13555,12983
13649,13072
13745,13165
13841,13260
13934,13350
14023,13443
14123,13531
14220,13621
14312,13709
14409,13801
14503,13892
14600,13980
14693,14070
14787,14162
14886,14255
14987,14346
15082,14432
15175,14524
15269,14612
15364,14703
15460,14797
15556,14891
15651,14982
15746,15073
15843,15168
15938,15258
16029,15350
16124,15441
16214,15541
16305,15637
18,15730
114,15825
211,15918
303,16011
397,16105
496,16200
599,16293
698,5
790,97
888,198
982,288
1082,383
1174,477
1271,571
1367,667
1467,760
1561,857
1666,950
1764,1041
1863,1136
1954,1228
2053,1323
2153,1418
2248,1509
2347,1602
2443,1694
2542,1787
2642,1878
2738,1973
2833,2066
2932,2162
3029,2255
3126,2345
3225,2437
3325,2535
3424,2626
3519,2723
3618,2814
3715,2911
3805,3009
3900,3103
3993,3199
4092,3296
4189,3393
4286,3489
4385,3581
4488,3676
4580,3771
4680,3868
4774,3956
4871,4054
4965,4151
5066,4248
5166,4342
5266,4438
5364,4535
5460,4633
5555,4727
5662,4820
5757,4913
5853,5006
5946,5103
6046,5194
6143,5286
6244,5380
6339,5472
6439,5566
6536,5659
6629,5748
6726,5842
6826,5935
6921,6028
7018,6119
7113,6213
7217,6303
7310,6399
7409,6488
7499,6584
7598,6676
7694,6773
7791,6862
7888,6956
7976,7047
8069,7142
8167,7236
8258,7338
8355,7425
8453,7522
8545,7618
8643,7714
8739,7806
8838,7896
8932,7992
9031,8082
9124,8176
9221,8268
9317,8363
9415,8463
9506,8554
9610,8647
9702,8742
9794,8838
9888,8930
9985,9022
10085,9110
10176,9205
10272,9295
10371,9386
10467,9477
10560,9572
10659,9664
10757,9750
10855,9839
10950,9931
11039,10024
11138,10116
11231,10204
11329,10296
11426,10387
11518,10475
11617,10569
11709,10660
11808,10752
11900,10847
11991,10935
12082,11027
12181,11120
12268,11214
12368,11308
12464,11403
12558,11498
12655,11590
12753,11679
12847,11777
12942,11870
13034,11966
13128,12052
13227,12148
13321,12241
13422,12333
13513,12427
13611,12522
13706,12614
13802,12710
13899,12803
13996,12897
14089,12987
14185,13082
14280,13173
14376,13264
14472,13358
14571,13448
14665,13540
14762,13638
14858,13724
14949,13813
15048,13907
15146,14001
15237,14091
15335,14180
15428,14272
15523,14363
15622,14456
15712,14546
15806,14636
15905,14729
15994,14825
16085,14918
16180,15011
16274,15101
16362,15195
74,15284
168,15377
266,15474
357,15566
456,15664
551,15758
643,15853
739,15944
835,16039
933,16133
1030,16222
1124,16317
1217,26
1305,118
1403,211
1501,308
1595,400
1694,491
1785,581
1886,671
1981,767
2074,859
2169,950
2262,1043
2358,1128
2448,1217
2542,1309
2637,1401
2738,1495
2831,1582
2923,1671
3012,1758
3106,1848
3203,1939
3297,2028
3388,2119
3481,2206
3577,2294
3669,2383
3763,2474
3855,2563
3946,2654
4039,2749
4130,2839
4224,2930
4319,3023
4411,3114
4505,3206
4599,3300
4696,3392
4790,3483
4883,3570
4977,3663
5070,3757
5161,3848
5262,3936
5353,4024
5448,4117
5538,4213
5635,4306
5729,4393
5828,4486
5923,4578
6015,4669
6107,4763
6206,4853
6304,4941
6398,5034
6489,5121
6587,5214
6681,5303
6772,5394
6865,5486
6962,5573
7051,5669
7147,5759
7243,5842
7338,5934
7434,6027
7530,6114
7622,6205
7706,6297
7806,6383
7895,6475
7991,6567
8085,6658
8181,6752
8273,6843
8366,6932
8463,7027
8556,7120
8652,7211
8743,7301
8834,7395
8930,7496
9026,7587
9120,7684
9214,7776
9308,7867
9403,7960
9503,8049
9593,8149
9685,8241
9787,8329
9881,8423
9975,8519
10067,8612
10163,8709
10260,8797
10356,8895
10452,8986
10545,9075
10641,9166
10733,9257
10832,9349
10929,9439
11022,9528
11110,9621
11206,9711
11300,9798
11394,9886
11486,9976
11583,10066
11677,10160
11771,10251
11866,10336
11959,10428
12048,10516
12140,10605
12231,10698
12326,10788
12420,10878
12518,10969
12613,11062
12708,11151
12803,11245
12895,11337
12996,11427
13090,11525
13179,11616
13273,11708
13368,11801
13465,11894
13558,11985
13654,12075
13757,12166
13851,12255
13943,12351
14037,12444
14140,12539
14239,12628
14330,12722
14425,12815
14524,12908
14624,13001
14721,13093
14814,13183
14914,13277
15006,13370
15103,13464
15202,13554
15300,13647
15394,13738
15492,13829
15589,13922
15684,14011
15782,14099
15880,14192
15975,14288
16074,14384
16170,14474
16258,14564
16360,14659
65,14752
166,14843
261,14936
359,15032
454,15129
555,15224
654,15319
747,15413
850,15507
947,15605
1045,15700
1141,15798
1233,15895
1332,15992
1431,16085
1531,16176
1631,16272
1728,16367
1826,80
1920,175
2022,271
2113,367
2209,465
2305,558
2403,647
2506,744
2599,831
2694,926
2793,1020
2886,1114
2981,1202
3080,1298
3169,1387
3263,1478
3359,1570
3454,1658
3547,1753
3643,1846
3738,1941
3831,2027
3926,2114
4022,2208
4109,2294
4203,2385
4302,2478
4391,2568
4488,2660
4582,2754
4674,2846
4768,2938
4861,3026
4961,3122
5054,3214
5148,3303
5242,3395
5337,3489
5429,3581
5523,3669
5621,3765
5714,3856
5811,3945
5906,4040
6005,4135
6100,4224
6194,4318
6295,4409
6384,4503
6477,4595
6573,4688
6669,4777
6759,4870
6859,4959
6951,5055
7046,5144
7142,5236
7235,5322
7329,5414
7421,5507
7515,5597
7612,5682
7708,5772
7805,5866
7895,5957
7987,6046
8077,6133
8173,6226
8269,6317
8366,6411
8463,6501
8556,6595
8651,6687
8740,6777
8833,6872
8931,6961
9028,7055
9125,7145
9222,7242
9317,7334
9415,7434
9510,7524
9606,7620
9695,7709
9791,7808
9892,7903
9986,7990
10082,8081
10179,8175
10270,8270
10363,8366
10459,8458
10555,8552
10655,8646
10747,8737
10840,8832
10936,8923
11031,9015
11124,9110
11221,9203
11316,9290
11408,9379
11503,9471
11596,9564
11689,9657
11786,9740
11878,9828
11968,9919
12060,10013
12150,10102
12247,10190
12337,10286
12432,10374
12527,10466
12618,10553
12713,10640
12804,10730
12896,10822
12993,10912
13089,11005
13183,11097
13281,11187
13370,11285
13465,11373
13566,11461
13657,11552
13751,11645
13845,11732
13941,11829
14037,11922
14130,12011
14224,12099
14316,12188
14410,12279
14507,12372
14606,12467
14697,12560
14790,12651
14887,12742
14982,12834
15074,12923
15172,13017
15263,13111
15357,13199
15449,13295
15547,13384
15634,13472
15735,13561
15831,13652
15924,13740
16013,13831
16105,13921
16196,14009
16292,14102
3,14190
98,14284
185,14374
282,14460
374,14556
470,14648
566,14735
660,14825
756,14915
846,15009
937,15102
1029,15193
1126,15282
1221,15378
1315,15471
1412,15564
1508,15662
1602,15751
1702,15845
1796,15940
1895,16029
1984,16122
2074,16211
2174,16305
2274,17
2361,112
2459,202
2553,297
2648,389
2740,482
2835,574
2928,668
3020,759
3115,852
3214,941
3310,1032
3405,1126
3496,1219
3588,1309
3677,1396
3775,1487
3864,1579
3955,1667
4046,1758
4142,1845
4237,1938
4329,2030
4420,2118
4516,2208
4613,2298
4708,2386
4801,2479
4902,2569
4987,2660
5084,2752
5186,2845
5277,2937
5376,3026
5471,3116
5563,3208
5658,3303
5755,3392
5847,3483
5947,3577
6042,3671
6136,3763
6231,3847
6328,3941
6426,4037
6524,4130
6626,4223
6717,4318
6814,4404
6906,4497
7001,4595
7101,4684
7190,4778
7289,4869
7381,4966
7475,5061
7572,5148
7673,5235
7765,5328
7862,5423
7953,5512
8050,5603
8140,5693
8239,5787
8333,5879
8429,5969
8521,6059
8618,6148
8714,6243
8813,6335
8910,6430
9004,6522
9100,6613
9200,6710
9294,6800
9393,6888
9485,6987
9585,7078
9681,7174
9777,7272
9876,7366
9967,7459
10072,7555
10162,7651
10261,7746
10360,7842
10454,7938
10551,8032
10650,8126
10743,8216
10841,8321
10936,8412
11036,8509
11131,8602
11229,8699
11327,8795
11423,8889
11517,8985
11613,9081
11713,9171
11808,9266
11905,9358
11998,9449
12094,9545
12185,9641
12280,9732
12376,9824
12476,9918
12569,10006
12668,10096
12762,10190
12860,10289
12959,10378
13061,10469
13156,10565
13254,10661
13352,10748
13451,10845
13556,10940
13653,11036
13750,11132
13844,11221
13944,11317
14049,11415
14143,11508
14240,11600
14345,11696
14442,11799
14543,11895
14640,11984
14736,12078
14834,12176
14932,12267
15030,12364
15134,12457
15230,12554
15328,12651
15428,12745
15523,12839
15622,12934
15717,13032
15817,13125
15915,13220
16013,13311
16108,13401
16202,13498
16298,13587
6,13685
111,13778
206,13865
298,13957
392,14046
495,14140
591,14234
685,14320
779,14414
875,14509
978,14600
1072,14694
1167,14788
1261,14880
1358,14975
1451,15064
1551,15158
1648,15247
1741,15346
1840,15436
1939,15536
2036,15627
2126,15721
2223,15817
2317,15912
2409,16006
2502,16099
2600,16192
2694,16282
2792,16374
2891,87
2980,182
3073,272
3168,367
3260,458
3355,557
3449,648
3538,741
3633,830
3727,918
3820,1014
3909,1101
4004,1194
4095,1281
4192,1375
4274,1469
4367,1559
4466,1651
4557,1738
4646,1825
4746,1913
4838,2005
4931,2093
5026,2182
5122,2274
5221,2364
5320,2456
5415,2543
5508,2636
5604,2729
5698,2819
5792,2911
5891,3004
5988,3098
6083,3188
6182,3274
6272,3372
6368,3468
6468,3561
6561,3648
6656,3748
6754,3837
6846,3926
6941,4019
7042,4110
7136,4201
7229,4294
7324,4390
7419,4489
7516,4577
7613,4668
7704,4760
7799,4851
7895,4939
7988,5035
8077,5125
8174,5213
8270,5302
8363,5395
8455,5489
8552,5577
8645,5666
8736,5755
8833,5840
8929,5936
9020,6027
9119,6111
9212,6204
9305,6292
9401,6388
9496,6476
9590,6562
9685,6655
9780,6744
9875,6842
9967,6933
10059,7029
10157,7113
10252,7202
10342,7296
10435,7388
10523,7479
10619,7565
10717,7658
10805,7754
10900,7849
10995,7940
11091,8030
11177,8126
11264,8218
11362,8306
11456,8398
11548,8491
11642,8581
11731,8671
11822,8764
11918,8855
12002,8945
12090,9033
12184,9128
12274,9218
12367,9305
12463,9393
12555,9482
12646,9575
12731,9659
12826,9751
12917,9834
13015,9925
13109,10015
13202,10102
13293,10191
13388,10281
13475,10370
13572,10457
13670,10543
13765,10634
13859,10720
13947,10813
14040,10904
14136,10988
14236,11080
14325,11172
14417,11263
14513,11357
14608,11446
14706,11536
14799,11629
14890,11718
14980,11809
15079,11898
15177,11993
15269,12084
15362,12172
15457,12265
15556,12359
15647,12450
15739,12541
15833,12635
15927,12723
16019,12816
16113,12907
16203,13001
16298,13095
6,13181
97,13271
192,13363
286,13456
383,13545
473,13632
571,13723
668,13813
762,13901
856,13989
951,14082
1039,14172
1137,14261
1231,14350
1325,14438
1417,14533
1513,14624
1606,14713
1698,14802
1800,14896
1898,14986
1988,15078
2081,15167
2176,15257
2271,15354
2360,15448
2454,15537
2555,15632
2654,15729
2743,15820
2835,15914
2926,16007
3021,16095
3115,16190
3210,16282
3302,16377
3395,83
3483,173
3582,263
3674,358
3763,452
3851,545
3946,641
4045,731
4130,819
4226,913
4319,1007
4412,1099
4511,1188
4601,1281
4694,1373
4786,1458
4879,1546
4978,1641
5070,1731
5166,1822
5264,1914
5358,2001
5455,2093
5551,2179
5639,2272
5743,2363
5836,2457
5936,2546
6031,2636
6131,2731
6225,2824
6320,2916
6416,3008
6514,3101
6610,3190
6704,3288
6805,3378
6901,3474
6997,3570
7094,3666
7191,3758
7289,3848
7382,3940
7481,4037
7582,4133
7678,4225
7773,4318
7869,4411
7959,4511
8055,4607
8150,4699
8248,4790
8346,4886
8445,4982
8540,5072
8636,5164
8736,5257
8834,5351
8929,5447
9024,5543
9123,5632
9222,5728
9318,5820
9417,5910
9518,6004
9613,6095
9712,6187
9811,6282
9910,6378
10006,6469
10104,6568
10203,6661
10297,6754
10398,6846
10495,6937
10591,7031
10687,7127
10782,7223
10877,7323
10975,7418
11070,7510
11168,7605
11268,7701
11362,7799
11454,7895
11556,7991
11648,8082
11747,8180
11842,8277
11939,8367
12028,8462
12126,8557
12218,8653
12313,8749
12410,8841
12505,8936
12597,9030
12694,9122
12793,9218
12881,9306
12981,9399
13075,9490
13174,9586
13272,9678
13368,9766
13461,9858
13559,9951
13660,10044
13756,10130
13850,10215
13948,10309
14047,10401
14138,10494
14239,10587
14332,10675
14427,10765
14525,10858
14625,10948
14719,11043
14815,11136
14913,11233
15008,11324
15107,11416
15200,11508
15297,11601
15391,11694
15485,11783
15580,11876
15677,11968
15768,12061
15865,12151
15961,12241
16050,12336
16146,12429
16235,12522
16329,12617
39,12709
140,12800
229,12892
329,12986
423,13077
520,13169
609,13258
707,13351
801,13442
899,13535
995,13627
1086,13719
1182,13813
1273,13895
1363,13987
1462,14077
1556,14167
1657,14257
1747,14345
1841,14442
1941,14532
2039,14622
2133,14715
2224,14807
2324,14899
2416,14990
2511,15083
2605,15175
2702,15272
2796,15361
2887,15452
2984,15547
3077,15643
3176,15738
3269,15835
3361,15927
3458,16023
3551,16111
3638,16204
3731,16300
3823,7
3917,101
4007,195
4105,290
4199,385
4296,474
4389,570
4475,662
4572,755
4669,850
4763,944
4857,1033
4947,1122
5049,1215
5147,1305
5239,1392
5334,1487
5430,1578
5531,1669
5624,1756
5722,1849
5818,1937
5913,2024
6004,2115
6101,2201
6200,2290
6297,2386
6393,2475
6487,2569
6581,2662
6678,2749
6775,2839
6869,2931
6969,3023
7063,3113
7157,3203
7252,3295
7342,3389
7434,3480
7533,3570
7630,3666
7720,3753
7821,3846
7914,3938
8001,4029
8096,4120
8189,4211
8283,4304
8380,4395
8470,4485
8562,4575
8656,4667
8754,4761
8848,4852
8941,4940
9038,5030
9131,5119
9223,5215
9317,5303
9417,5393
9502,5480
9598,5569
9694,5658
9791,5751
9892,5840
9984,5928
10075,6021
10167,6110
10260,6197
10357,6292
10451,6377
10545,6470
10636,6560
10732,6651
10820,6741
10918,6832
11015,6922
11109,7017
11199,7113
11290,7204
11384,7296
11479,7390
11575,7481
11667,7574
11761,7669
11854,7766
11945,7857
12035,7949
12127,8041
12222,8136
12309,8226
12406,8321
12498,8415
12592,8507
12690,8601
12778,8693
12872,8786
12966,8878
13066,8973
13162,9067
13258,9157
13353,9247
13445,9339
13543,9434
13636,9525
13729,9614
13824,9703
13923,9794
14018,9885
14115,9977
14209,10065
14311,10155
14405,10248
14500,10335
14592,10420
14691,10514
14784,10606
14880,10700
14980,10789
15073,10879
15166,10971
15265,11061
15361,11153
15461,11239
15556,11332
15647,11428
15744,11521
15836,11613
15927,11706
16023,11800
16114,11892
16207,11980
16296,12068
15,12161
110,12254
199,12347
298,12438
393,12531
487,12623
583,12714
681,12806
773,12897
867,12988
964,13084
1061,13171
1155,13263
1251,13355
1345,13443
1440,13539
1538,13631
1631,13721
1729,13814
1825,13900
1916,13992
2013,14080
2107,14170
2205,14264
2295,14353
2395,14445
2490,14534
2582,14626
2676,14723
2771,14815
2865,14907
2964,15000
3059,15091
3149,15186
3245,15276
3346,15373
3436,15474
3539,15564
3631,15659
3725,15753
3815,15851
3903,15947
3999,16041
4095,16136
4188,16232
4293,16322
4384,33
4478,131
4575,230
4675,325
4767,422
4865,513
4963,607
5059,703
5161,800
5258,895
5349,989
5448,1080
5550,1179
5648,1272
5742,1365
5840,1455
5941,1550
6036,1645
6138,1736
6237,1828
6335,1919
6434,2013
6530,2104
6627,2196
6728,2291
6822,2383
6924,2473
7020,2564
7116,2659
7212,2754
7310,2850
7405,2944
7508,3037
7600,3130
7695,3221
7793,3316
7888,3406
7975,3499
8070,3597
8169,3687
8263,3777
8356,3869
8456,3959
8551,4053
8644,4145
8740,4243
8843,4336
8935,4428
9036,4522
9125,4611
9216,4704
9313,4794
9410,4884
9503,4978
9596,5067
9696,5161
9794,5251
9889,5339
9982,5427
10077,5517
10168,5608
10260,5701
10355,5792
10446,5877
10542,5967
10637,6056
10733,6148
10828,6237
10919,6330
11012,6419
11105,6508
11201,6599
11294,6687
11384,6781
11481,6872
11572,6959
11669,7055
11758,7144
11851,7236
11945,7330
12031,7422
12119,7516
12214,7612
12307,7701
12397,7795
12488,7884
12584,7974
12678,8066
12771,8161
12867,8252
12959,8344
13054,8437
13152,8530
13247,8625
13338,8715
13432,8808
13529,8899
13625,8992
13721,9083
13817,9172
13909,9266
14008,9357
14100,9445
14201,9538
14292,9622
14384,9712
14482,9806
14577,9893
14675,9985
14766,10076
14864,10161
14963,10256
15058,10344
15148,10431
15242,10525
15335,10613
15432,10703
15520,10791
15619,10884
15713,10973
15812,11062
15903,11152
15995,11242
16090,11336
16181,11429
16275,11522
16367,11613
78,11704
169,11791
265,11887
359,11976
454,12063
546,12156
636,12251
734,12340
822,12432
920,12524
1016,12615
1108,12703
1205,12797
1297,12886
1394,12975
1485,13069
1576,13163
1669,13249
1763,13338
1859,13427
1951,13517
2039,13607
2133,13698
2223,13783
2319,13870
2416,13960
2509,14047
2604,14135
2697,14226
2789,14318
2881,14408
2976,14493
3066,14584
3162,14675
3253,14761
3346,14849
3439,14938
3526,15032
3619,15123
3710,15216
3799,15302
3890,15394
3980,15487
4070,15582
4161,15669
4255,15763
4350,15854
4441,15944
4537,16037
4625,16125
4723,16216
4821,16306
4911,13
5001,106
5095,201
5188,289
5285,382
5377,476
5473,567
5567,659
5663,750
5750,845
5852,931
5946,1021
6037,1111
6132,1202
6227,1290
6323,1379
6416,1470
6512,1559
6605,1650
6699,1742
6793,1828
6888,1918
6979,2003
7074,2093
7172,2182
7266,2276
7363,2366
7447,2453
7541,2546
7634,2636
7727,2726
7823,2817
7915,2910
8005,2996
8097,3089
8194,3179
8282,3272
8377,3366
8467,3461
8565,3550
8659,3640
8751,3732
8848,3820
8946,3908
9038,4002
9129,4094
9221,4185
9314,4280
9409,4375
9506,4464
9601,4559
9694,4650
9788,4739
9878,4832
9978,4925
10074,5015
10165,5111
10257,5197
10355,5287
10452,5377
10550,5469
10642,5563
10736,5653
10823,5740
10923,5828
11020,5920
11113,6009
11206,6102
11300,6190
11392,6284
11486,6371
11582,6464
11677,6555
11770,6649
11863,6742
11958,6835
12051,6924
12141,7019
12236,7114
12323,7205
12413,7299
12509,7391
12606,7486
12703,7579
12799,7676
12894,7766
12990,7861
13083,7956
13184,8047
13280,8142
13371,8235
13467,8330
13559,8422
13659,8515
13750,8608
13849,8703
13944,8800
14042,8893
14137,8987
14233,9080
14331,9173
14432,9268
14525,9357
14619,9450
14715,9541
14811,9636
14909,9729
15007,9817
15098,9906
15198,9997
15291,10089
15389,10184
15483,10273
15582,10363
15677,10456
15773,10543
15864,10639
15963,10730
16057,10825
16149,10918
16243,11012
16338,11101
54,11194
150,11292
241,11385
338,11477
433,11574
533,11667
630,11761
729,11856
824,11949
924,12041
1017,12133
1115,12229
1210,12320
1310,12413
1407,12513
1506,12609
1603,12701
1700,12796
1799,12889
1897,12984
1992,13075
2093,13174
2186,13267
2285,13358
2383,13453
2482,13547
2578,13642
2674,13731
2776,13825
2868,13921
2964,14012
3068,14105
3162,14202
3253,14295
3354,14387
3449,14478
3546,14574
3644,14670
3740,14762
3836,14857
3927,14954
4024,15048
4122,15141
4218,15236
4310,15336
4412,15433
4510,15525
4608,15623
4704,15719
4803,15815
4899,15914
4993,16007
5091,16103
5189,16199
5287,16295
5385,4
5481,100
5577,194
5674,289
5774,385
5870,480
5969,575
6064,666
6159,762
6255,854
6362,949
6457,1041
6549,1137
6649,1230
6747,1320
6837,1411
6936,1500
7031,1594
7127,1683
7219,1777
7314,1865
7411,1955
7503,2042
7603,2138
7695,2228
7788,2314
7884,2404
7972,2495
8066,2592
8160,2679
8259,2772
8351,2860
8443,2950
8539,3044
8633,3137
8726,3227
8822,3314
8915,3412
9009,3507
9104,3596
9195,3684
9292,3781
9385,3868
9481,3957
9574,4050
9668,4145
9763,4235
9855,4323
9956,4416
10051,4510
10149,4602
10243,4694
10333,4783
10427,4876
10522,4967
10618,5058
10713,5145
10804,5236
10900,5330
10996,5422
11089,5512
11188,5602
11283,5694
11380,5784
11475,5878
11572,5966
11660,6055
11751,6146
11849,6235
11942,6328
12033,6420
12124,6510
12220,6600
12315,6690
12411,6783
12509,6876
12602,6968
12698,7060
12793,7153
12884,7248
12982,7342
13079,7434
13176,7525
13272,7621
13367,7721
13462,7810
13559,7902
13654,7992
13751,8088
13848,8179
13941,8271
14038,8363
14133,8457
14233,8550
14327,8643
14421,8739
14520,8830
14616,8923
14718,9012
14813,9102
14908,9192
14998,9288
15092,9377
15187,9468
15284,9558
15380,9647
15469,9736
15561,9826
15656,9914
15755,10006
15847,10093
15939,10181
16035,10270
16122,10361
16214,10450
16302,10540
14,10628
105,10723
202,10811
295,10903
384,10993
481,11085
575,11172
662,11262
762,11354
858,11447
949,11537
1042,11628
1139,11726
1225,11814
1326,11903
1415,11992
1506,12080
1601,12168
1696,12262
1792,12354
1881,12444
1977,12540
2070,12632
2164,12719
2260,12811
2358,12903
2446,12996
2542,13083
2635,13176
2733,13266
2821,13358
2917,13448
3008,13536
3106,13626
3199,13714
3293,13802
3383,13893
3480,13985
3573,14071
3664,14159
3761,14249
3845,14337
3939,14423
4033,14519
4125,14612
4219,14699
4311,14788
4403,14881
4497,14971
4598,15061
4691,15151
4781,15244
4875,15336
4973,15431
5074,15523
5165,15611
5257,15704
5352,15797
5444,15890
5543,15982
5641,16076
5731,16168
5827,16255
5927,16346
6021,58
6112,149
6210,241
6307,335
6404,425
6495,520
6591,610
6685,701
6774,791
6870,883
6967,976
7059,1067
7157,1152
7252,1243
7348,1334
7437,1424
7531,1513
7626,1601
7717,1687
7810,1779
7899,1869
7992,1957
8082,2048
8172,2137
8269,2226
8361,2316
8459,2408
8549,2499
8636,2586
8728,2678
8826,2768
8914,2856
9012,2951
9107,3042
9200,3130
9290,3223
9387,3317
9479,3408
9574,3501
9672,3590
9765,3684
9859,3775
9953,3866
10044,3958
10137,4050
10232,4139
10330,4230
10423,4326
10518,4422
10612,4514
10705,4603
10802,4694
10901,4789
10995,4879
11090,4975
11182,5067
11281,5157
11374,5245
11464,5339
11561,5432
11657,5520
11749,5609
11847,5707
11942,5796
12035,5887
12125,5981
12222,6074
12317,6159
12408,6255
12503,6350
12602,6441
12694,6531
12792,6624
12887,6718
12988,6811
13084,6912
13185,7003
13279,7099
13375,7193
13469,7285
13568,7380
13667,7473
13769,7569
13864,7667
13959,7763
14054,7855
14151,7944
14252,8041
14347,8137
14450,8236
14543,8329
14642,8427
14742,8520
14841,8616
14934,8709
15034,8803
15129,8899
15227,8990
15323,9083
15419,9177
15515,9268
15616,9362
15710,9458
15807,9549
15908,9639
16002,9730
16093,9825
16182,9916
16282,10009
16371,10101
85,10192
185,10280
278,10374
376,10467
468,10562
564,10651
664,10741
760,10835
855,10926
950,11016
1049,11111
1143,11204
1240,11291
1333,11384
1429,11482
1524,11575
1623,11664
1720,11757
1812,11854
1913,11948
2007,12037
2106,12130
2198,12222
2293,12309
2382,12407
2476,12503
2575,12590
2673,12684
2764,12779
2859,12868
2956,12963
3050,13056
3141,13152
3237,13241
3328,13331
3425,13423
3521,13515
3614,13604
3709,13699
3801,13791
3888,13877
3984,13969
4080,14058
4172,14150
4264,14239
4365,14330
4459,14422
4550,14509
4647,14606
4740,14696
4834,14784
4923,14879
5019,14969
5117,15064
5216,15156
5307,15248
5404,15340
5498,15433
5595,15527
5690,15622
5785,15715
5877,15810
5974,15905
6067,15996
6165,16087
6258,16180
6356,16270
6445,16365
6546,74
6638,167
6732,259
6827,349
6922,445
7015,535
7110,627
7209,723
7299,813
7393,906
7489,996
7580,1087
7676,1180
7770,1267
7861,1359
7955,1448
8044,1538
8135,1630
8229,1718
8321,1814
8419,1901
8508,1989
8607,2078
8702,2167
8795,2261
8892,2349
8982,2442
9079,2534
9175,2619
9269,2712
9361,2803
9455,2893
9553,2984
9649,3076
9739,3169
9835,3262
9930,3360
10021,3449
10118,3537
10213,3632
10308,3724
10406,3814
10498,3905
10595,4000
10689,4085
10781,4178
10876,4272
10968,4365
11063,4459
11159,4548
11252,4639
11351,4731
11446,4824
11535,4917
11632,5005
11727,5097
11819,5189
11914,5282
12000,5372
12095,5462
12187,5552
12278,5639
12374,5729
12469,5815
12565,5905
12658,5998
12753,6089
12848,6178
12937,6267
13031,6355
13126,6444
13229,6537
13319,6630
13413,6716
13507,6805
13604,6898
13694,6989
13790,7082
13891,7173
13985,7267
14080,7356
14173,7450
14266,7542
14357,7633
14449,7726
14550,7818
14642,7905
14735,7996
14829,8089
14924,8181
15018,8272
15117,8361
15213,8451
15301,8547
15391,8638
15492,8732
15583,8823
15676,8911
15768,9002
15859,9095
15953,9185
16049,9276
16138,9368
16224,9458
16319,9548
27,9639
121,9728
213,9814
309,9904
402,9992
493,10082
586,10173
681,10260
777,10354
867,10440
962,10530
1057,10622
1151,10715
1246,10802
1336,10895
1432,10987
1531,11076
1627,11170
1720,11257
1817,11349
1913,11445
2005,11536
2100,11627
2196,11722
2289,11816
2380,11904
2473,11995
2575,12085
2671,12176
2770,12268
2864,12364
2953,12455
3050,12548
3146,12644
3237,12735
3331,12826
3424,12920
3519,13012
3619,13102
3714,13194
3803,13285
3894,13383
3986,13474
4083,13565
4176,13656
4271,13745
4364,13833
4461,13921
4558,14011
4649,14098
4746,14194
4835,14288
4931,14380
5031,14469
5122,14560
5215,14650
5315,14743
5413,14832
5509,14922
5601,15020
5699,15108
5793,15199
5886,15296
5987,15385
6081,15476
6177,15568
6271,15665
6368,15759
6463,15849
6558,15947
6655,16042
6752,16127
6845,16217
6940,16312
7036,23
7130,120
7231,214
7320,308
7417,399
7514,489
7605,581
7699,672
7795,768
7891,861
7978,957
8077,1047
8170,1143
8261,1232
8358,1326
8451,1413
8546,1507
8647,1601
8743,1693
8836,1782
8932,1877
9032,1963
9126,2055
9225,2150
9321,2245
9419,2337
9517,2430
9610,2523
9709,2615
9809,2708
9902,2802
10001,2901
10099,2997
10197,3091
10299,3184
10398,3273
10490,3371
10587,3466
10687,3562
10787,3659
10891,3758
10982,3849
11078,3945
11181,4038
11277,4137
11374,4232
11467,4325
11562,4421
11666,4521
11764,4614
11862,4709
11957,4801
12052,4893
12143,4996
12245,5087
12340,5174
12439,5268
12535,5364
12630,5459
12727,5550
12825,5647
12922,5735
13018,5829
13115,5924
13219,6017
13314,6108
13412,6201
13511,6292
13604,6384
13704,6477
13801,6570
13900,6663
13998,6752
14094,6843
14190,6940
14283,7033
14383,7126
14477,7220
14572,7310
14668,7406
14766,7497
14863,7593
14963,7691
15060,7781
15155,7874
15247,7962
15344,8054
15442,8147
15537,8242
15629,8335
15723,8425
15812,8516
15905,8610
16005,8703
16093,8793
16190,8887
16283,8979
16374,9070
85,9160
180,9251
273,9340
365,9429
461,9520
550,9614
647,9709
739,9794
836,9884
928,9974
1022,10065
1121,10153
1214,10241
1309,10335
1408,10426
1502,10513
1597,10605
1684,10693
1779,10787
1879,10876
1971,10968
2066,11059
2168,11152
2260,11246
2352,11337
2446,11429
2541,11522
2637,11616
2733,11708
2826,11805
2921,11901
3013,11991
3109,12078
3203,12169
3298,12268
3393,12360
3489,12457
3587,12552
3682,12642
3768,12735
3860,12827
3955,12922
4052,13016
4144,13108
4236,13203
4331,13292
4427,13388
4527,13479
4616,13566
4712,13661
4805,13749
4906,13838
4997,13930
5096,14026
5191,14114
5284,14208
5384,14298
5478,14391
5575,14481
5669,14570
5760,14661
5857,14752
5954,14844
6048,14934
6139,15028
6232,15118
6332,15211
6425,15305
6523,15395
6622,15489
6714,15577
6807,15673
6902,15765
6997,15857
7092,15952
7177,16038
7276,16130
7372,16217
7464,16308
7554,20
7651,111
7744,203
7835,292
7926,382
8013,476
8110,563
8201,653
8286,744
8382,836
8473,926
8568,1013
8657,1098
8751,1190
8844,1276
8939,1368
9027,1456
9125,1542
9218,1632
9308,1719
9401,1806
9497,1894
9583,1983
9680,2069
9776,2160
9867,2250
9962,2335
10055,2425
10152,2515
10244,2608
10337,2696
10432,2782
10523,2878
10619,2968
10713,3055
10806,3152
10897,3242
10993,3333
11086,3426
11180,3519
11268,3613
11367,3704
11458,3793
11551,3886
11645,3978
11735,4071
11832,4167
11923,4267
12006,4358
12100,4451
12193,4541
12281,4638
12373,4735
12469,4829
12561,4924
12658,5016
12748,5115
12841,5207
12933,5301
13021,5395
13116,5486
13207,5584
13310,5680
13395,5768
13486,5864
13582,5954
13678,6048
13772,6144
13863,6233
13951,6325
14045,6421
14147,6513
14237,6611
14329,6706
14421,6801
14517,6898
14608,6988
14703,7087
14797,7181
14889,7274
14981,7369
15075,7464
15173,7563
15261,7657
15354,7755
15447,7851
15539,7942
15633,8036
15732,8128
15824,8230
15916,8318
16009,8417
16101,8510
16197,8604
16288,8695
16379,8792
88,8885
183,8978
275,9072
366,9164
462,9255
556,9345
657,9436
752,9528
843,9617
942,9710
1035,9801
1126,9887
1227,9976
1319,10064
1414,10153
1508,10243
1604,10331
1700,10418
1791,10510
1883,10599
1981,10687
2080,10775
2170,10866
2262,10959
2359,11047
2461,11143
2554,11233
2649,11323
2737,11416
2840,11504
2934,11596
3027,11688
3119,11780
3221,11869
3310,11961
3404,12050
3496,12145
3594,12235
3687,12322
3779,12414
3871,12506
3965,12597
4060,12691
4152,12783
4246,12874
4341,12965
4438,13056
4533,13147
4626,13239
4719,13329
4821,13422
4916,13516
5013,13605
5107,13691
5206,13780
5300,13876
5396,13968
5496,14056
5597,14150
5691,14238
5788,14331
5888,14425
5986,14515
6082,14604
6186,14699
6279,14791
6376,14883
6478,14978
6575,15071
6671,15166
6769,15262
6870,15356
6967,15446
7063,15543
7162,15638
7262,15736
7353,15835
7459,15929
7558,16027
7654,16120
7752,16217
7846,16312
7941,22
8039,125
8132,218
8233,313
8329,411
8426,510
8519,612
8622,705
8717,800
8811,893
8912,990
9009,1085
9104,1177
9203,1273
9302,1366
9401,1457
9499,1552
9596,1647
9695,1740
9796,1834
9894,1926
9990,2020
10086,2113
10184,2208
10280,2298
10380,2388
10472,2485
10567,2578
10670,2671
10764,2764
10859,2853
10957,2953
11051,3043
11149,3142
11245,3230
11343,3323
11434,3411
11533,3503
11630,3598
11724,3691
11823,3778
11915,3870
12008,3960
12102,4050
12194,4146
12284,4235
12380,4323
12479,4413
12575,4503
12671,4596
12762,4684
12860,4772
12956,4858
13052,4947
13147,5037
13238,5127
13338,5216
13433,5303
13524,5387
13622,5472
13716,5558
13816,5645
13915,5727
14008,5818
14107,5902
14199,5990
14296,6075
14392,6159
14489,6244
14580,6331
14678,6416
14774,6504
14868,6590
14966,6673
15055,6760
15155,6847
15244,6934
15342,7023
15436,7112
15533,7204
15627,7291
15719,7382
15810,7474
15902,7562
15996,7651
16088,7740
16182,7833
16275,7920
16370,8011
80,8103
176,8194
264,8283
362,8377
451,8468
549,8560
644,8650
736,8741
835,8834
926,8925
1018,9014
1114,9108
1209,9202
1305,9295
1401,9383
1498,9471
1594,9561
1686,9656
1790,9744
1882,9835
1973,9925
2073,10019
2169,10109
2264,10203
2362,10291
2460,10382
2556,10477
2644,10568
2748,10658
2847,10755
2939,10846
3034,10939
3127,11032
3220,11122
3320,11221
3416,11312
3513,11409
3605,11501
3705,11596
3794,11695
3881,11787
3980,11877
4074,11969
4167,12062
4257,12155
4352,12254
4449,12343
4550,12439
4642,12528
4739,12621
4831,12715
4926,12806
5017,12905
5110,12994
5205,13087
5306,13176
5396,13266
5491,13360
5589,13451
5680,13543
5774,13635
5867,13724
5960,13809
6055,13899
6149,13988
6244,14075
6330,14164
6426,14258
6520,14347
6617,14435
6707,14524
6799,14615
6894,14705
6984,14796
7075,14890
7171,14973
7264,15065
7353,15156
7446,15242
7537,15336
7633,15430
7724,15520
7813,15614
7901,15707
7992,15800
8086,15893
8187,15983
8270,16075
8365,16161
8453,16258
8543,16348
8641,56
8732,148
8826,242
8920,332
9013,428
9108,519
9204,611
9301,700
9393,796
9489,885
9584,978
9681,1066
9778,1163
9870,1250
9964,1343
10063,1434
10160,1522
10251,1607
10348,1697
10445,1787
10538,1881
10638,1973
10735,2061
10827,2151
10923,2243
11022,2332
11115,2428
11215,2516
11308,2607
11403,2702
11501,2794
11594,2887
11685,2977
11785,3072
11878,3164
11969,3255
12063,3352
12155,3448
12254,3537
12344,3632
12436,3724
12536,3814
12628,3913
12730,4003
12820,4094
12917,4190
13013,4284
13103,4373
13202,4471
13297,4565
13398,4657
13495,4746
13593,4844
13682,4934
13784,5025
13880,5119
13975,5211
14069,5304
14167,5397
14264,5490
14358,5578
14457,5666
14553,5757
14647,5851
14740,5943
14833,6035
14931,6122
15030,6218
15123,6311
15214,6400
15312,6492
15402,6582
15500,6677
15597,6769
15695,6862
15790,6957
15887,7049
15979,7139
16070,7239
16162,7333
16258,7427
16349,7525
56,7616
154,7711
250,7805
343,7902
437,7990
535,8084
630,8176
728,8275
824,8375
917,8469
1017,8563
1114,8659
1204,8751
1305,8840
1395,8936
1496,9029
1596,9122
1691,9221
1791,9311
1885,9406
1981,9495
2077,9589
2169,9680
2267,9774
2373,9869
2472,9959
2565,10049
2658,10141
2758,10232
2859,10325
2952,10416
3048,10513
3141,10602
3245,10696
3342,10789
3438,10882
3536,10975
3632,11067
3728,11168
3818,11259
3911,11352
4003,11444
4105,11538
4203,11633
4301,11725
4399,11820
4493,11913
4588,12006
4683,12100
4780,12197
4876,12290
4971,12383
5070,12475
5169,12574
5263,12665
5360,12758
5460,12853
5555,12944
5651,13038
5750,13130
5852,13223
5947,13314
6043,13407
6141,13497
6234,13591
6327,13680
6424,13773
6523,13864
6621,13953
6719,14045
6810,14129
6904,14221
7004,14314
7095,14404
7195,14497
7293,14585
7384,14675
7479,14766
7574,14857
7667,14948
7765,15037
7860,15132
7946,15224
8039,15319
8134,15410
8224,15504
8316,15596
8413,15688
8508,15777
8606,15869
8696,15962
8795,16055
8886,16147
8979,16238
9073,16333
9172,35
9268,130
9362,223
9454,316
9554,408
9649,498
9736,589
9838,683
9928,773
10021,867
10114,957
10212,1045
10303,1136
10397,1229
10492,1319
10583,1406
10684,1495
10775,1586
10873,1671
10964,1762
11060,1851
11159,1943
11252,2033
11342,2121
11434,2210
11529,2304
11617,2393
11711,2482
11803,2574
11902,2665
11991,2755
12078,2846
12170,2936
12263,3026
12363,3115
12453,3210
12544,3302
12637,3400
12732,3489
12828,3580
12918,3675
13014,3764
13111,3856
13206,3946
13304,4038
13399,4129
13490,4220
13582,4311
13679,4406
13776,4499
13871,4593
13964,4683
14063,4777
14156,4865
14251,4955
14344,5046
14438,5134
14531,5229
14625,5321
14719,5412
14815,5502
14911,5593
15004,5685
15098,5772
15195,5865
15289,5952
15389,6045
15482,6133
15576,6224
15669,6313
15764,6401
15853,6491
15945,6584
16037,6672
16128,6768
16215,6859
16308,6950
21,7038
111,7133
207,7225
302,7320
395,7408
485,7500
587,7595
678,7686
770,7783
865,7874
959,7961
1055,8056
1146,8144
1243,8239
1337,8335
1432,8426
1529,8513
1622,8607
1711,8702
1804,8789
1898,8883
1997,8975
2089,9066
2184,9153
2280,9245
2376,9333
2462,9426
2556,9516
2658,9604
2747,9693
2840,9783
2936,9872
3028,9961
3123,10048
3211,10141
3308,10230
3399,10319
3489,10404
3579,10494
3675,10583
3767,10674
3855,10765
3945,10852
4037,10943
4128,11033
4226,11122
4319,11215
4416,11308
4509,11395
4602,11489
4690,11582
4788,11670
4880,11761
4978,11856
5072,11945
5165,12029
5256,12125
5347,12213
5444,12304
5540,12397
5638,12487
5730,12584
5824,12678
5913,12766
6006,12854
6107,12947
6203,13039
6297,13131
6393,13223
6487,13312
6579,13405
6676,13493
6776,13581
6866,13671
6961,13765
7059,13853
7159,13943
7249,14033
7342,14124
7432,14216
7528,14308
7622,14397
7718,14490
7810,14576
7905,14669
7992,14759
8088,14852
8180,14948
8274,15038
8369,15133
8463,15221
8556,15317
8650,15411
8749,15501
8844,15599
8939,15691
9033,15785
9130,15881
9223,15973
9316,16068
9412,16157
9506,16247
9606,16341
9701,51
9796,142
9894,234
9989,329
10078,422
10173,517
10271,609
10372,700
10468,792
10560,892
10655,980
10746,1072
10846,1164
10934,1252
11029,1345
11121,1437
11216,1528
11316,1616
11409,1708
11503,1797
11597,1888
11691,1980
11789,2072
11883,2157
11970,2249
12060,2338
12152,2430
12251,2521
12343,2611
12439,2704
12535,2795
12627,2883
12725,2981
12820,3074
12919,3164
13009,3256
13101,3351
13198,3442
13292,3533
13392,3633
13488,3724
13584,3813
13676,3904
13776,3992
13873,4087
13968,4181
14066,4279
14158,4373
14262,4462
14355,4558
14454,4651
14550,4746
14645,4838
14745,4930
14842,5024
14939,5116
15034,5212
15134,5305
15234,5399
15330,5492
15423,5583
15525,5672
15621,5763
15722,5864
15816,5950
15917,6040
16005,6137
16106,6231
16203,6325
16295,6420
7,6512
105,6607
199,6698
298,6794
400,6887
498,6985
588,7076
686,7172
784,7272
882,7366
978,7463
1079,7557
1178,7653
1282,7751
1380,7845
1473,7943
1576,8034
1671,8132
1768,8229
1866,8326
1964,8421
2064,8517
2158,8612
2256,8706
2358,8800
2450,8899
2547,8993
2652,9085
2743,9179
2840,9275
2933,9362
3026,9457
3129,9552
3217,9644
3313,9732
3409,9822
3501,9914
3597,10007
3699,10097
3790,10190
3883,10284
3977,10370
4074,10465
4168,10558
4263,10643
4356,10736
4453,10828
4548,10920
4640,11011
4734,11104
4826,11196
4927,11288
5022,11377
5116,11469
5212,11562
5312,11662
5406,11751
5500,11843
5597,11937
5692,12025
5786,12115
5884,12208
5981,12301
6075,12394
6169,12484
6267,12574
6360,12671
6455,12764
6553,12855
6646,12949
6738,13040
6837,13133
6929,13222
7024,13315
7118,13407
7220,13495
7312,13585
7409,13677
7508,13769
7600,13860
7692,13948
7789,14043
7882,14131
7969,14223
8060,14314
8160,14405
8255,14494
8347,14589
8440,14681
8537,14774
8628,14863
8728,14955
8823,15047
8922,15140
9015,15235
9111,15324
9206,15416
9298,15507
9395,15604
9489,15699
9590,15791
9683,15885
9779,15980
9870,16077
9967,16165
10062,16259
10155,16349
10255,56
10347,149
10440,245
10541,335
10632,432
10725,525
10819,614
10914,709
11013,797
11104,888
11200,979
11284,1073
11380,1166
11474,1255
11571,1345
11664,1433
11756,1521
11852,1611
11937,1704
12030,1797
12124,1886
12215,1972
12302,2065
12394,2151
12489,2242
12581,2331
12679,2418
12770,2508
12865,2597
12959,2685
13055,2774
13145,2866
13239,2960
13333,3053
13431,3142
13519,3231
13614,3324
13709,3417
13804,3506
13899,3601
13995,3691
14081,3780
14180,3867
14274,3959
14366,4050
14463,4139
14556,4227
14645,4320
14739,4410
14837,4505
14931,4595
15021,4685
15115,4777
15211,4868
15305,4959
15394,5045
15489,5139
15580,5232
15679,5319
15771,5405
15868,5496
15961,5586
16050,5675
16137,5767
16231,5851
16322,5940
31,6030
122,6116
213,6207
313,6296
402,6386
498,6481
587,6565
675,6663
769,6751
870,6839
968,6929
1062,7020
1149,7108
1241,7199
1334,7294
1432,7381
1529,7477
1615,7564
1711,7655
1808,7750
1905,7838
1993,7931
2084,8025
2176,8113
2268,8207
2365,8296
2461,8384
2552,8475
2643,8571
2737,8663
2831,8756
2932,8845
3019,8935
3111,9025
3201,9115
3298,9207
3388,9296
3481,9383
3573,9473
3665,9561
3759,9653
3845,9745
3935,9832
4029,9917
4120,10002
4214,10092
4305,10183
4397,10273
4492,10362
4584,10454
4675,10542
4775,10631
4863,10717
4959,10805
5054,10899
5151,10987
5242,11076
5331,11164
5427,11256
5521,11347
5608,11438
5709,11527
5809,11621
5900,11712
5992,11803
6084,11894
6184,11981
6275,12071
6374,12161
6461,12258
6562,12345
6657,12433
6751,12524
6845,12621
6935,12711
7030,12804
7123,12895
7217,12988
7313,13082
7411,13169
7502,13263
7595,13356
7687,13441
7778,13535
7872,13624
7965,13713
8053,13805
8148,13894
8237,13983
8335,14073
8429,14167
8529,14258
8620,14351
8713,14438
8808,14526
8903,14622
8995,14713
9090,14804
9191,14896
9281,14987
9384,15084
9478,15173
9572,15264
9662,15356
9758,15450
9852,15548
9949,15641
10045,15733
10146,15826
10242,15924
10334,16022
10430,16109
10522,16203
10620,16299
10717,8
10807,101
10905,193
10996,291
11099,384
11194,483
11295,574
11387,666
11478,764
11572,856
11669,946
11762,1038
11858,1132
11955,1222
12045,1321
12135,1412
12226,1503
12326,1595
12420,1685
12517,1782
12615,1871
12704,1963
12803,2051
12902,2142
12998,2235
13102,2321
13201,2415
13295,2509
13384,2600
13487,2696
13581,2786
13682,2878
13778,2971
13877,3065
13973,3157
14066,3251
14169,3348
14268,3437
14368,3534
14466,3627
14556,3721
14661,3817
14758,3907
14854,3997
14954,4092
15043,4189
15137,4281
15236,4380
15336,4467
15435,4563
15536,4654
15628,4748
15722,4843
15822,4934
15917,5030
16011,5124
16111,5212
16202,5304
16292,5401
7,5492
98,5581
197,5676
291,5770
386,5858
482,5950
575,6036
668,6130
771,6221
863,6316
960,6406
1055,6500
1152,6590
1243,6681
1340,6776
1436,6869
1531,6958
1626,7055
1723,7146
1813,7240
1911,7335
2010,7424
2105,7517
2196,7613
2285,7707
2380,7797
2477,7892
2571,7985
2665,8079
2759,8172
2856,8262
2950,8349
3041,8449
3135,8540
3225,8633
3321,8722
3417,8816
3512,8903
3604,9000
3697,9093
3788,9183
3879,9276
3968,9365
4063,9458
4151,9546
4246,9631
4347,9723
4437,9813
4527,9903
4621,9992
4713,10082
4809,10175
4902,10264
4999,10354
5094,10442
5192,10532
5287,10620
5385,10710
5479,10805
5570,10897
5668,10987
5761,11078
5858,11166
5948,11259
6047,11350
6145,11444
6243,11532
6335,11628
6432,11722
6530,11811
6625,11903
6721,11994
6819,12085
6913,12174
7012,12267
7102,12361
7199,12452
7295,12549
7387,12636
7482,12727
7574,12820
7674,12913
7768,13004
7861,13096
7955,13193
8048,13278
8136,13369
8236,13461
8333,13548
8429,13643
8522,13733
8615,13824
8712,13912
8802,13998
8897,14092
8992,14180
9090,14270
9183,14360
9277,14447
9370,14537
9465,14630
9560,14717
9658,14811
9755,14901
9842,14987
9940,15081
10034,15173
10126,15265
10222,15358
10317,15450
10408,15540
10502,15632
10597,15725
10687,15816
10783,15911
10876,16004
10972,16096
11062,16185
11155,16277
11246,16370
11340,82
11431,179
11527,265
11620,355
11709,448
11802,538
11893,627
11984,719
12074,811
12165,901
12259,994
12349,1083
12444,1174
12538,1263
12631,1351
12723,1437
12817,1531
12915,1621
13007,1708
13105,1796
13196,1888
13286,1982
13379,2067
13473,2157
13569,2243
13662,2335
13759,2423
13852,2516
13952,2605
14049,2693
14139,2787
14235,2876
14329,2969
14427,3058
14521,3150
14614,3239
14710,3334
14802,3427
14897,3522
14994,3612
15091,3704
15189,3794
15277,3883
15372,3969
15470,4063
15562,4158
15661,4253
15755,4347
15855,4440
15950,4530
16044,4626
16132,4717
16225,4810
16326,4902
32,4991
124,5085
222,5177
316,5267
405,5355
503,5448
599,5536
690,5628
787,5718
886,5806
977,5899
1072,5986
1164,6079
1262,6171
1357,6259
1454,6348
1548,6442
1645,6532
1741,6626
1832,6714
1929,6805
2025,6899
2125,6992
2220,7084
2310,7176
2406,7271
2496,7363
2590,7458
2687,7549
2778,7639
2877,7734
2972,7829
3065,7921
3157,8019
3251,8108
3343,8200
3442,8293
3531,8387
3623,8486
3715,8575
3810,8668
3899,8759
3994,8850
4088,8942
4176,9036
4275,9127
4370,9220
4461,9310
4560,9406
4658,9497
4751,9588
4846,9678
4944,9768
5036,9862
5130,9952
5225,10036
5322,10132
5419,10224
5511,10321
5611,10412
5708,10500
5803,10589
5904,10682
6002,10772
6096,10864
6196,10956
6291,11049
6388,11141
6487,11234
6581,11328
6684,11419
6775,11516
6871,11617
6967,11708
7060,11802
7163,11899
7260,11988
7354,12079
7451,12174
7556,12269
7648,12367
7743,12462
7842,12555
7935,12651
8036,12747
8126,12840
8220,12937
8318,13030
8413,13122
8513,13218
8615,13303
8710,13400
8807,13498
8907,13589
9000,13685
9094,13779
9197,13868
9300,13963
9401,14054
9494,14145
9588,14237
9683,14331
9781,14428
9880,14522
9977,14616
10075,14708
10172,14801
10268,14894
10372,14989
10469,15082
10562,15178
10662,15277
10755,15373
10851,15461
10942,15557
11041,15655
11143,15750
11237,15847
11326,15944
11429,16041
11527,16136
11620,16230
11710,16322
11808,31
11905,126
12001,225
12087,319
12187,413
12279,507
12377,600
12472,695
12563,790
12660,882
12758,975
12848,1069
12944,1164
13042,1255
13140,1343
13239,1436
13331,1528
13427,1618
13521,1706
13616,1800
13713,1891
13810,1982
13904,2072
14001,2163
14103,2253
14198,2344
14294,2435
14386,2524
14484,2618
14577,2707
14673,2796
14773,2889
14866,2986
14961,3076
15059,3168
15156,3257
15251,3349
15347,3439
15443,3531
15537,3627
15633,3720
15727,3804
15823,3895
15915,3991
16008,4081
16098,4171
16190,4262
16286,4355
16382,4449
86,4543
179,4633
278,4725
371,4813
470,4904
560,4996
656,5088
756,5176
848,5270
941,5361
1033,5447
1128,5537
1225,5629
1316,5719
1409,5807
1508,5893
1602,5985
1694,6073
1791,6166
1882,6256
1981,6344
2073,6431
2167,6525
2265,6616
2350,6706
2449,6797
2539,6892
2634,6982
2726,7071
2816,7164
2911,7258
3005,7347
3100,7441
3197,7534
3288,7629
3380,7721
3474,7809
3569,7903
3658,7997
3751,8086
3843,8181
3930,8276
4022,8371
4112,8458
4207,8549
4297,8641
4392,8732
4485,8827
4573,8918
4669,9007
4764,9100
4857,9191
4947,9283
5043,9370
5135,9460
5232,9553
5328,9644
5416,9730
5511,9824
5606,9911
5698,10000
5798,10089
5891,10176
5984,10269
6086,10360
6177,10448
6270,10538
6367,10623
6461,10715
6556,10804
6646,10890
6744,10979
6835,11071
6930,11163
7023,11255
7120,11345
7211,11440
7307,11528
7399,11620
7499,11710
7590,11798
7682,11893
7773,11983
7865,12070
7953,12159
8049,12250
8145,12340
8236,12432
8328,12523
8421,12614
8515,12707
8610,12797
8701,12889
8791,12977
8889,13067
8987,13156
9080,13245
9168,13336
9261,13426
9358,13515
9450,13603
9545,13689
9636,13780
9733,13866
9824,13957
9923,14044
10012,14134
10102,14223
10198,14310
10292,14398
10382,14488
10480,14584
10570,14670
10664,14757
10753,14843
10846,14937
10944,15029
11033,15119
11126,15211
11215,15298
11304,15390
11401,15484
11496,15574
11590,15666
11682,15756
11773,15850
11861,15944
11955,16038
12045,16125
12135,16216
12225,16308
12315,16
12407,107
12508,201
12598,290
12693,379
12782,475
12873,565
12971,659
13058,748
13156,843
13255,936
13347,1026
13433,1117
13530,1210
13630,1294
13719,1386
13814,1478
13908,1567
14000,1657
14094,1748
14195,1839
14293,1927
14389,2019
14480,2108
14579,2194
14671,2285
14766,2378
14864,2469
14961,2562
15057,2649
15151,2744
15245,2834
15339,2925
15436,3017
15530,3108
15627,3203
15722,3294
15813,3384
15907,3477
16006,3567
16098,3664
16189,3757
16281,3843
16374,3938
87,4028
181,4116
275,4212
368,4310
459,4399
559,4489
657,4582
753,4672
845,4764
941,4857
1038,4949
1132,5039
1229,5130
1323,5219
1415,5313
1510,5406
1603,5491
1701,5584
1797,5676
1893,5766
1985,5860
2083,5950
2186,6041
2278,6135
2372,6226
2470,6313
2565,6403
2656,6496
2744,6588
2842,6682
2940,6775
3037,6869
3135,6962
3226,7054
3325,7149
3418,7242
3513,7339
3612,7432
3709,7531
3800,7627
3891,7725
3983,7815
4080,7909
4177,8005
4276,8098
4365,8195
4471,8283
4566,8383
4662,8484
4760,8581
4853,8678
4945,8770
5047,8863
5146,8955
5247,9052
5352,9149
5446,9243
5543,9339
5640,9434
5742,9528
5843,9622
5938,9710
6039,9806
6139,9900
6238,9994
6333,10089
6433,10182
6530,10273
6632,10367
6730,10459
6825,10551
6923,10647
7026,10740
7127,10833
7223,10926
7317,11023
7418,11120
7513,11208
7609,11304
7711,11395
7807,11490
7902,11584
7996,11680
8089,11774
8188,11872
8286,11960
8378,12054
8474,12147
8571,12237
8668,12334
8765,12427
8867,12522
8958,12616
9050,12710
9153,12805
9251,12894
9348,12986
9448,13074
9539,13169
9633,13264
9730,13352
9827,13445
9921,13537
10015,13628
10114,13719
10204,13807
10301,13900
10392,13991
10494,14083
10584,14175
10677,14267
10777,14356
10865,14446
10962,14533
11062,14626
11158,14722
11253,14815
11347,14903
11439,14995
11531,15085
11624,15179
11720,15273
11820,15369
11909,15461
12005,15556
12091,15650
12184,15744
12280,15836
12373,15932
12466,16027
12557,16118
12654,16208
12750,16303
12850,13
12943,107
13036,201
13136,297
13231,392
13323,486
13424,574
13520,670
13617,759
13712,853
13811,945
13905,1041
14000,1130
14099,1221
14194,1316
14292,1407
14391,1504
14488,1593
14584,1682
14676,1772
14774,1863
14872,1954
14968,2047
15065,2136
15158,2228
15254,2322
15349,2410
15450,2504
15546,2593
15642,2681
15735,2773
15832,2869
15926,2960
16018,3049
16112,3145
16205,3238
16298,3330
14,3423
107,3514
205,3605
297,3698
394,3791
492,3880
581,3967
676,4058
777,4151
872,4246
966,4342
1059,4433
1149,4521
1252,4614
1344,4704
1439,4801
1536,4892
1631,4980
1724,5070
1823,5160
1914,5254
2009,5342
2102,5431
2198,5527
2296,5617
2390,5703
2485,5792
2576,5881
2669,5970
2768,6062
2858,6150
2947,6241
3041,6333
3138,6426
3232,6516
3327,6608
3415,6698
3510,6787
3603,6882
3698,6975
3788,7065
3881,7157
3972,7252
4062,7350
4153,7442
4249,7532
4342,7630
4435,7721
4530,7815
4621,7905
4719,7998
4811,8091
4905,8183
4996,8277
5091,8373
5186,8464
5285,8559
5374,8650
5467,8743
5569,8836
5665,8931
5759,9021
5852,9114
5948,9206
6041,9295
6137,9384
6227,9479
6328,9564
6425,9654
6519,9746
6617,9835
6706,9930
6797,10019
6892,10107
6995,10198
7084,10289
7183,10376
7273,10465
7365,10552
7462,10644
7559,10736
7651,10826
7748,10914
7841,11008
7933,11101
8026,11192
8118,11282
8207,11373
8309,11463
8399,11557
8490,11651
8588,11742
8685,11836
8774,11921
8868,12010
8958,12100
9059,12185
9147,12278
9244,12369
9344,12462
9438,12554
9530,12644
9622,12737
9718,12829
9816,12923
9914,13012
10009,13101
10103,13190
10198,13281
10293,13373
10387,13462
10481,13554
10572,13646
10671,13731
10763,13818
10855,13905
10951,14000
11039,14088
11136,14179
11233,14270
11327,14362
11419,14453
11507,14541
11600,14629
11698,14719
11792,14813
11883,14903
11976,14997
12064,15090
12155,15180
12250,15273
12339,15363
12434,15459
12530,15555
12623,15642
12719,15738
12814,15836
12910,15928
13004,16018
13095,16109
13186,16196
13284,16296
13378,6
13471,102
13570,192
13664,289
13760,382
13859,478
13951,570
14057,663
14146,752
14238,846
14335,937
14430,1031
14531,1126
14629,1215
14722,1306
14811,1399
14909,1487
15003,1581
15102,1671
15197,1758
15291,1852
15389,1945
15486,2034
15580,2130
15674,2220
15768,2310
15868,2403
15971,2496
16059,2585
16152,2678
16245,2770
16340,2859
52,2955
147,3049
246,3142
341,3231
440,3325
531,3423
626,3516
725,3610
821,3706
917,3798
1014,3891
1108,3979
1210,4071
1310,4163
1402,4261
1500,4356
1599,4450
1694,4542
1786,4639
1882,4731
1985,4825
2079,4920
2175,5015
2273,5108
2367,5201
2466,5294
2562,5388
2658,5479
2753,5566
2846,5660
2944,5750
3043,5845
3137,5943
3233,6036
3326,6123
3426,6217
3525,6309
3616,6403
3715,6493
3806,6590
3897,6684
3993,6784
4088,6872
4181,6965
4280,7058
4379,7156
4473,7251
4569,7344
4665,7440
4763,7536
4857,7634
4949,7725
5047,7817
5144,7913
5240,8007
5338,8100
5436,8195
5529,8291
5632,8385
5727,8482
5822,8576
5922,8670
6014,8756
6114,8853
6205,8946
6304,9038
6396,9129
6491,9220
6591,9314
6687,9405
6781,9497
6881,9584
6974,9672
7073,9768
7166,9861
7259,9953
7357,10042
7449,10129
7542,10219
7635,10309
7734,10399
7827,10491
7918,10577
8010,10668
8100,10758
8193,10843
8287,10936
8377,11026
8473,11114
8565,11207
8654,11294
8749,11390
8843,11481
8937,11574
9029,11666
9133,11754
9227,11847
9318,11938
9410,12030
9500,12117
9598,12208
9693,12304
9781,12394
9881,12488
9975,12576
10069,12669
10167,12763
10258,12850
10352,12942
10444,13033
10540,13123
10631,13216
10726,13306
10822,13402
10914,13492
11013,13584
11105,13673
11199,13765
11292,13852
11384,13944
11480,14036
11568,14123
11664,14213
11758,14304
11856,14394
11947,14483
12037,14580
12132,14671
12225,14764
12319,14854
12412,14947
12506,15037
12604,15134
12696,15224
12791,15319
12886,15414
12982,15506
13075,15601
13172,15696
13271,15790
13361,15887
13456,15979
13556,16072
13658,16166
13747,16258
13843,16352
13937,56
14040,153
14131,249
14223,341
14320,436
14417,530
14516,625
14609,716
14707,804
14796,894
14894,986
14990,1080
15084,1174
15176,1262
15268,1352
15364,1443
15462,1531
15555,1619
15649,1707
15741,1796
15835,1889
15929,1978
16024,2068
16117,2156
16203,2246
16298,2336
7,2423
98,2515
192,2606
286,2697
379,2787
472,2873
570,2964
657,3053
755,3143
843,3235
934,3326
1028,3415
1127,3506
1219,3596
1312,3690
1406,3779
1506,3865
1598,3958
1693,4048
1789,4136
1883,4229
1974,4322
2068,4418
2159,4508
2253,4597
2352,4684
2438,4776
2538,4869
2630,4962
2727,5052
2823,5139
2914,5234
3008,5325
3103,5413
3197,5504
3289,5593
3382,5681
3478,5770
3572,5858
3660,5949
3752,6044
3841,6132
3934,6220
4034,6308
4128,6407
4224,6492
4316,6583
4412,6679
4507,6770
4599,6862
4696,6951
4787,7048
4881,7140
4974,7237
5073,7326
5168,7420
5266,7514
5364,7611
5459,7699
5554,7791
5649,7888
5745,7982
5841,8073
5940,8165
6031,8256
6130,8351
6220,8444
6319,8538
6419,8632
6515,8723
6607,8814
6701,8905
6799,9000
6894,9094
6989,9185
7083,9280
7181,9368
7272,9459
7370,9554
7464,9640
7556,9731
7655,9820
7746,9910
7841,9999
7932,10089
8022,10179
8118,10266
8207,10360
8302,10452
8399,10541
8492,10633
8590,10724
8682,10814
8776,10905
8870,10996
8967,11085
9061,11178
9159,11271
9249,11365
9341,11457
9440,11547
9533,11640
9635,11731
9727,11826
9825,11921
9919,12012
10015,12101
10109,12195
10206,12281
10300,12373
10398,12468
10495,12564
10590,12661
10684,12753
10781,12842
10877,12937
10971,13028
11065,13122
11164,13214
11255,13307
11349,13399
11443,13490
11541,13584
11637,13672
11738,13761
11836,13861
11924,13952
12016,14042
12109,14137
12206,14231
12302,14324
12401,14416
12494,14508
12592,14602
12692,14694
12788,14789
12885,14883
12982,14978
13078,15072
13176,15167
13276,15264
13373,15361
13473,15458
13573,15551
13668,15649
13766,15752
13870,15844
13965,15941
14068,16039
14164,16136
14260,16230
14360,16328
14462,40
14559,135
14658,232
14759,325
14858,420
14957,520
15058,614
15153,712
15246,802
15348,900
15449,995
15546,1091
15639,1181
15740,1274
15836,1365
15937,1459
16037,1556
16134,1647
16227,1739
16320,1835
32,1927
134,2018
230,2111
327,2201
424,2292
521,2388
619,2482
715,2575
809,2666
907,2758
1004,2850
1102,2943
1200,3040
1300,3136
1397,3229
1497,3320
1589,3411
1684,3505
1788,3600
1878,3696
1977,3792
2076,3878
2169,3971
2266,4062
2364,4159
2456,4249
2554,4343
2652,4443
2752,4535
2843,4630
2939,4722
3030,4817
3127,4907
3224,5001
3314,5095
3409,5189
3501,5278
3600,5370
3695,5461
3788,5553
3875,5645
3970,5736
4062,5826
4152,5913
4256,6006
4340,6100
4440,6190
4532,6280
4625,6376
4722,6468
4818,6557
4911,6650
5008,6738
5104,6832
5195,6926
5293,7019
5385,7117
5477,7208
5577,7302
5678,7396
5768,7488
5867,7582
5959,7675
6057,7767
6153,7865
6244,7956
6340,8049
6439,8142
6528,8238
6624,8327
6722,8419
6820,8512
6917,8606
7013,8702
7106,8794
7204,8884
7299,8983
7392,9074
7486,9164
7579,9254
7674,9345
7769,9434
7863,9528
7952,9614
8047,9704
8140,9799
8232,9888
8331,9979
8425,10067
8526,10157
8618,10247
8710,10339
8800,10425
8890,10516
8981,10603
9083,10691
9184,10789
9277,10875
9366,10963
9464,11054
9559,11148
9655,11238
9749,11331
9841,11422
9939,11514
10032,11605
10124,11700
10221,11790
10315,11878
10412,11973
10504,12060
10601,12153
10697,12245
10788,12337
10880,12427
10974,12520
11064,12610
11164,12700
11255,12792
11350,12886
11444,12977
11539,13067
11632,13157
11726,13247
11821,13338
11909,13428
11993,13518
12086,13610
12178,13693
12271,13785
12365,13876
12462,13967
12555,14050
12646,14142
12735,14229
12834,14320
12928,14411
13025,14496
13116,14584
13206,14677
13301,14770
13394,14858
13489,14950
13586,15039
13682,15128
13774,15218
13867,15308
13960,15399
14049,15490
14145,15587
14245,15677
14333,15766
14431,15861
14523,15953
14618,16041
14713,16133
14802,16231
14896,16319
14989,24
15082,112
15175,208
15262,298
15365,391
15459,481
15551,573
15645,663
15737,752
15829,843
15920,933
16012,1020
16101,1110
16191,1199
16285,1287
16373,1379
79,1468
175,1558
265,1647
359,1733
450,1826
545,1911
639,2002
734,2088
822,2181
916,2269
1006,2357
1104,2446
1200,2534
1290,2623
1384,2710
1476,2801
1567,2892
1660,2983
1756,3070
1853,3164
1944,3255
2038,3348
2131,3440
2226,3533
2324,3623
2417,3712
2508,3804
2602,3890
2696,3981
2794,4071
2884,4163
2977,4257
3072,4347
3169,4438
3261,4532
3353,4625
3445,4715
3543,4802
3634,4893
3731,4984
3818,5079
3908,5171
4004,5259
4100,5353
4191,5441
4284,5533
4378,5620
4476,5709
4572,5796
4663,5887
4757,5976
4853,6067
4946,6158
5041,6245
5139,6333
5234,6427
5328,6514
5422,6604
5517,6698
5614,6785
5710,6879
5806,6968
5901,7065
5993,7152
6090,7247
6184,7341
6275,7433
6374,7527
6471,7618
6567,7710
6661,7799
6757,7891
6853,7984
6953,8077
7037,8169
7132,8263
7231,8356
7326,8449
7421,8542
7514,8633
7610,8726
7698,8820
7796,8909
7889,8999
7978,9090
8071,9182
8163,9275
8260,9363
8352,9455
8447,9542
8540,9638
8636,9727
8727,9815
8825,9905
8920,10000
9013,10088
9107,10181
9207,10271
9302,10360
9401,10456
9495,10542
9593,10633
9685,10731
9785,10823
9879,10914
9981,11012
10076,11107
10173,11202
10266,11295
10367,11388
10462,11479
10561,11571
10659,11669
10748,11764
10845,11860
10948,11954
11045,12046
11141,12143
11239,12238
11341,12335
11438,12428
11535,12521
11626,12623
11723,12718
11819,12813
11912,12904
12010,13003
12107,13096
12210,13189
12305,13284
12401,13378
12495,13474
12591,13566
12685,13664
12788,13757
12884,13845
12980,13936
13076,14029
13173,14122
13277,14212
13372,14308
13470,14403
13566,14497
13663,14591
13756,14680
13851,14772
13953,14866
14045,14958
14149,15055
14246,15150
14342,15242
14442,15337
14534,15432
14627,15526
14724,15617
14820,15713
14918,15807
15014,15902
15108,15999
15199,16084
15298,16179
15399,16272
15491,16366
15584,73
15681,170
15778,258
15869,349
15962,446
16058,536
16148,626
16238,723
16333,814
43,907
132,997
228,1091
323,1179
419,1267
512,1362
608,1451
695,1540
792,1629
891,1718
980,1808
1075,1897
1174,1990
1268,2074
1363,2167
1459,2259
1552,2349
1646,2435
1736,2528
1836,2621
1933,2715
2024,2806
2115,2896
2216,2988
2312,3079
2406,3172
2502,3263
2602,3359
2691,3448
2789,3543
2877,3642
2978,3736
3070,3823
3169,3914
3261,4005
3358,4097
3447,4192
3541,4286
3635,4381
3735,4473
3825,4566
3922,4659
4013,4755
4107,4846
4200,4939
4293,5030
4392,5125
4484,5218
4579,5310
4671,5402
4769,5493
4865,5582
4965,5672
5056,5765
5156,5854
5246,5947
5342,6035
5439,6130
5538,6219
5631,6314
5731,6404
5820,6494
5916,6585
6015,6677
6105,6772
6200,6862
6298,6954
6392,7047
6491,7140
6585,7233
6680,7328
6769,7419
6868,7512
6967,7606
7053,7699
7149,7791
7246,7883
7334,7973
7430,8067
7526,8156
7619,8249
7709,8341
7802,8436
7897,8526
7986,8617
8075,8710
8166,8802
8264,8896
8352,8988
8450,9080
8542,9168
8636,9259
8730,9346
8826,9436
8917,9527
9006,9616
9102,9703
9201,9795
9289,9886
9384,9978
9476,10065
9572,10155
9664,10244
9762,10330
9860,10419
9956,10509
10044,10598
10140,10688
10234,10773
10330,10866
10419,10953
10510,11047
10607,11140
10702,11231
10794,11324
10889,11412
10987,11510
11078,11599
11173,11695
11267,11787
11361,11872
11455,11968
11550,12060
11647,12146
11738,12242
11833,12330
11926,12426
12019,12520
12108,12609
12203,12703
12295,12794
12388,12886
12482,12979
12576,13071
12668,13157
12769,13251
12865,13343
12957,13439
13054,13527
13145,13615
13242,13705
13337,13795
13433,13886
13523,13979
13619,14069
13722,14154
13818,14247
13912,14335
14005,14427
14097,14520
14196,14609
14290,14699
14386,14787
14481,14878
14580,14971
14669,15062
14763,15158
14857,15249
14957,15340
15052,15430
15143,15527
15238,15618
15331,15711
15425,15805
15524,15899
15615,15992
15713,16083
15803,16176
15900,16269
15993,16362
16083,69
16174,156
16265,254
16363,347
71,440
169,533
260,623
354,718
447,811
544,904
638,994
732,1083
829,1175
922,1263
1017,1360
1112,1451
1208,1542
1301,1633
1392,1725
1495,1811
1587,1901
1681,1994
1776,2084
1874,2173
1970,2264
2068,2353
2157,2442
2253,2533
2347,2628
2443,2720
2540,2808
2640,2900
2734,2996
2831,3088
2925,3180
3020,3279
3118,3372
3210,3463
3303,3558
3398,3650
3492,3743
3591,3835
3688,3927
3781,4022
3869,4114
3967,4205
4058,4300
4157,4394
4252,4491
4345,4586
4440,4680
4540,4768
4635,4859
4734,4956
4831,5049
4922,5140
5020,5232
5121,5329
5216,5420
5312,5510
5408,5598
5505,5689
5603,5781
5699,5871
5799,5966
5893,6060
5995,6151
6092,6243
6190,6334
6286,6427
6379,6519
6480,6614
6578,6704
6677,6798
6771,6894
6866,6985
6966,7084
7062,7175
7155,7270
7257,7363
7354,7462
7452,7558
7545,7651
7641,7748
7735,7840
7835,7935
7930,8031
8024,8127
8125,8219
8215,8316
8312,8411
8403,8506
8503,8601
8596,8694
8699,8788
8793,8885
8888,8977
8987,9072
9089,9168
9183,9260
9280,9354
9375,9446
9474,9539
9567,9629
9663,9719
9765,9814
9863,9909
9958,9998
10056,10088
10153,10182
10253,10272
10348,10364
10442,10458
10535,10548
10634,10639
10733,10732
10826,10824
10921,10917
11020,11010
11112,11100
11212,11193
11306,11288
11402,11377
11494,11473
11590,11568
11684,11663
11776,11753
11874,11846
11968,11941
12055,12033
12145,12125
12239,12218
12338,12310
12431,12400
12526,12494
12622,12589
12712,12676
12807,12772
12902,12864
12997,12953
13095,13044
13192,13138
13281,13226
13373,13319
13469,13408
13565,13493
13655,13589
13756,13674
13852,13763
13946,13853
14035,13945
14129,14036
14227,14121
14322,14216
14416,14300
14510,14390
14603,14480
14699,14567
14792,14656
14883,14748
14973,14838
15070,14931
15166,15022
15259,15111
15352,15198
15447,15291
15540,15384
15636,15475
15730,15566
15822,15656
15908,15747
16004,15843
16094,15937
16188,16032
16277,16119
16366,16211
81,16302
172,8
264,105
359,192
452,287
542,381
643,470
733,560
827,650
924,742
1014,837
1113,927
1204,1017
1299,1104
1394,1198
1489,1284
1583,1374
1676,1465
1771,1556
1863,1640
1960,1734
2053,1825
2152,1916
2250,2005
2341,2095
2436,2184
2530,2275
2619,2365
2715,2454
2807,2544
2903,2635
2999,2726
3091,2814
3186,2910
3277,3002
3370,3093
3464,3181
3556,3273
3650,3365
3743,3459
3833,3549
3923,3640
4014,3735
4111,3823
4200,3912
4291,4002
4390,4097
4481,4187
4576,4280
4673,4370
4762,4464
4854,4556
4947,4644
5041,4735
5130,4826
5228,4911
5327,5001
5421,5091
5506,5184
5599,5278
5692,5365
5791,5455
5884,5540
5981,5623
6075,5718
6163,5806
6261,5892
6353,5979
6444,6073
6541,6162
6633,6250
6724,6342
6814,6428
6909,6520
7001,6606
7096,6697
7187,6790
7277,6880
7371,6968
7463,7058
7555,7148
7650,7234
7745,7330
7831,7423
7921,7519
8012,7611
8107,7701
8195,7789
8291,7878
8381,7971
8473,8065
8567,8155
8659,8246
8754,8340
8847,8430
8944,8521
9035,8611
9130,8702
9223,8792
9318,8884
9410,8975
9506,9070
9602,9159
9699,9248
9789,9338
9883,9425
9978,9515
10072,9608
10168,9696
10262,9786
10353,9874
10451,9962
10544,10053
10639,10143
10730,10231
10826,10324
10920,10412
11017,10504
11112,10590
11203,10683
11297,10776
11392,10864
11487,10956
11579,11049
11674,11141
11771,11231
11868,11321
11961,11412
12045,11506
12139,11607
12232,11696
12324,11789
12419,11883
12509,11976
12605,12062
12697,12152
12794,12245
12889,12337
12984,12431
13076,12520
13173,12618
13266,12707
13362,12798
13457,12889
13554,12983
13643,13073
13741,13163
13838,13256
13936,13348
14029,13437
14118,13522
14215,13612
14312,13704
14404,13793
14499,13882
14591,13974
14688,14065
14782,14152
14878,14244
14975,14334
15071,14423
15166,14516
15265,14608
15355,14696
15453,14786
15547,14877
15635,14973
15730,15063
15824,15154
15919,15244
16016,15335
16108,15429
16203,15524
16298,15619
5,15717
96,15811
196,15903
292,15999
389,16087
482,16183
575,16274
674,16368
768,77
865,178
967,274
1060,368
1158,463
1254,554
1352,649
1445,744
1542,836
1638,929
1736,1027
1834,1118
1934,1210
2030,1299
2125,1393
2223,1487
2320,1580
2421,1671
2517,1764
2614,1855
2711,1947
2808,2040
2902,2132
2997,2224
3101,2314
3194,2414
3292,2507
3389,2597
3487,2695
3588,2790
3681,2886
3778,2978
3873,3073
3969,3166
4062,3263
4155,3358
4258,3456
4355,3549
4449,3647
4548,3741
4644,3831
4743,3926
4844,4022
4942,4117
5031,4216
5133,4314
5230,4403
5326,4501
5426,4596
5524,4689
5620,4787
5720,4884
5813,4970
5915,5063
6009,5156
6107,5252
6202,5342
6303,5433
6397,5530
6493,5619
6593,5710
6687,5800
6783,5894
6880,5986
6975,6077
7075,6166
7170,6257
7269,6350
7367,6442
7460,6535
7552,6626
7649,6719
7741,6812
7834,6908
7929,7001
8025,7091
8119,7185
8213,7280
8307,7375
8401,7472
8494,7566
8589,7658
8680,7750
8779,7842
8876,7934
8971,8028
9061,8120
9165,8219
9255,8311
9350,8405
9447,8493
9545,8589
9644,8680
9733,8775
9828,8870
9927,8962
10026,9051
10121,9141
10211,9234
10311,9325
10406,9419
10497,9507
10591,9600
10686,9685
10785,9778
10881,9870
10974,9962
11069,10049
11166,10138
11257,10229
11361,10317
11453,10408
11551,10505
11640,10592
11732,10682
11827,10772
11925,10865
12012,10957
12107,11048
12200,11142
12296,11234
12387,11328
12479,11418
12573,11516
12672,11611
12770,11706
12863,11798
12963,11891
13055,11984
13150,12070
13248,12162
13338,12258
13437,12345
13532,12443
13624,12536
13725,12630
13818,12726
13913,12816
14007,12909
14098,13004
14192,13095
14292,13186
14392,13275
14486,13372
14582,13460
14680,13554
14772,13642
14873,13736
14964,13825
15056,13915
15152,14005
15245,14099
15340,14190
15435,14281
15535,14371
15626,14461
15721,14556
15818,14645
15909,14738
16003,14831
16096,14923
16182,15013
16276,15107
16374,15195
80,15291
175,15384
273,15478
364,15575
457,15668
552,15763
650,15854
748,15951
840,16038
937,16132
1028,16223
1119,16317
1216,26
1310,122
1403,217
1498,303
1599,397
1689,490
1785,582
1877,679
1974,766
2071,856
2165,949
2260,1033
2352,1130
2443,1222
2539,1312
2632,1400
2733,1490
2822,1575
2918,1664
3010,1751
3099,1847
3196,1934
3288,2024
3378,2111
3476,2201
3567,2290
3663,2379
3751,2470
3845,2560
3935,2650
4027,2742
4122,2831
4214,2920
4308,3010
4402,3103
4498,3198
4588,3288
4679,3375
4775,3467
4869,3563
4958,3654
5059,3741
5150,3829
5244,3919
5335,4008
5430,4101
5526,4192
5621,4287
5715,4382
5809,4470
5907,4560
6004,4650
6096,4740
6187,4833
6284,4925
6383,5013
6476,5107
6563,5196
6656,5285
6751,5379
6848,5464
6941,5559
7031,5646
7131,5735
7226,5824
7317,5914
7416,6003
7510,6096
7605,6182
7696,6276
7790,6362
7881,6455
7969,6540
8065,6635
8161,6726
8248,6816
8342,6910
8434,7003
8528,7095
8625,7187
8720,7282
8814,7377
8908,7470
9004,7558
9097,7648
9194,7743
9288,7838
9380,7932
9475,8024
9569,8120
9664,8215
9760,8303
9855,8402
9944,8493
10040,8587
10133,8678
10232,8769
10326,8859
10419,8951
10509,9045
10610,9138
10700,9227
10801,9315
10891,9408
10983,9499
11079,9591
11173,9679
11267,9766
11360,9857
11455,9945
11547,10033
11646,10124
11739,10213
11835,10304
11925,10391
12014,10483
12108,10574
12196,10662
12289,10751
12388,10843
12477,10933
12575,11023
12670,11113
12760,11202
12855,11296
12951,11390
13044,11481
13139,11574
13237,11667
13330,11761
13424,11854
13520,11947
13615,12033
13712,12122
13808,12218
13906,12306
14001,12401
14094,12491
14191,12590
14296,12681
14385,12772
14479,12863
14579,12955
14674,13047
14773,13140
14865,13236
14961,13325
15060,13418
15158,13509
15255,13602
15351,13692
15444,13779
15543,13876
15637,13970
15739,14061
15838,14152
15934,14245
16028,14336
16123,14433
16216,14523
16311,14614
24,14702
115,14799
216,14892
308,14988
408,15079
504,15175
606,15269
700,15361
796,15456
892,15553
993,15649
1092,15749
1186,15842
1276,15936
1378,16032
1476,16125
1575,16218
1671,16315
1772,27
1869,124
1966,217
2061,310
2156,406
2252,499
2341,594
2442,688
2541,782
2637,873
2733,967
2829,1062
2925,1153
3018,1243
3115,1333
3211,1426
3308,1519
3401,1611
3496,1699
3589,1787
3681,1878
3777,1971
3868,2058
3961,2147
4051,2245
4149,2333
4244,2426
4339,2516
4431,2607
4526,2701
4617,2790
4707,2880
4805,2972
4902,3060
4996,3155
5089,3248
5186,3340
5277,3427
5373,3521
5467,3614
5560,3708
5655,3799
5748,3892
5845,3980
5947,4066
6033,4164
6127,4254
6222,4347
6319,4438
6417,4532
6508,4625
6603,4717
6700,4808
6792,4897
6886,4987
6977,5081
7073,5171
7170,5262
7269,5358
7363,5448
7458,5537
7556,5622
7644,5712
7733,5803
7832,5890
7921,5981
8014,6073
8108,6164
8200,6256
8294,6345
8393,6436
8490,6526
8576,6616
8677,6708
8772,6799
8866,6890
8955,6989
9053,7077
9142,7170
9243,7262
9335,7356
9434,7449
9529,7547
9629,7639
9724,7736
9819,7827
9917,7921
10005,8013
10103,8106
10196,8198
10287,8290
10384,8387
10481,8476
10578,8570
10673,8663
10765,8757
10857,8849
10954,8941
11048,9034
11142,9123
11238,9214
11334,9309
11431,9396
11519,9491
11614,9579
11705,9670
11801,9759
11894,9846
11987,9936
12081,10024
12166,10114
12260,10205
12355,10294
12447,10383
12540,10474
12630,10564
12726,10649
12821,10742
12917,10833
13007,10923
13105,11014
13198,11108
13294,11196
13383,11287
13478,11381
13575,11472
13668,11565
13759,11652
13857,11749
13950,11839
14042,11931
14140,12023
14234,12108
14330,12200
14426,12288
14517,12384
14610,12480
14704,12573
14799,12665
14894,12758
14992,12847
15085,12939
15176,13027
15273,13118
15370,13207
15464,13299
15557,13387
15654,13478
15749,13570
15843,13661
15929,13750
16030,13844
16116,13933
16204,14025
16292,14111
10,14202
104,14287
196,14378
291,14467
380,14562
478,14651
570,14739
662,14832
753,14922
850,15013
947,15109
1042,15202
1138,15292
1231,15386
1329,15480
1418,15575
1521,15668
1615,15757
1711,15851
1803,15944
1901,16038
1994,16127
2086,16224
2184,16317
2276,23
2373,118
2465,208
2563,304
2652,398
2746,493
2845,587
2936,672
3028,765
3124,858
3215,952
3308,1043
3404,1136
3498,1225
3591,1312
3685,1405
3776,1496
3867,1585
3962,1674
4058,1763
4149,1852
4243,1944
4336,2032
4433,2117
4524,2211
4620,2299
4714,2389
4807,2479
4901,2570
4995,2658
5091,2752
5186,2842
5279,2937
5375,3029
5473,3124
5567,3214
5667,3302
5761,3398
5852,3494
5949,3580
6049,3675
6144,3770
6240,3858
6335,3947
6432,4041
6524,4133
6624,4227
6717,4317
6810,4411
6906,4504
7005,4595
7103,4686
7194,4782
7289,4874
7385,4967
7482,5061
7579,5151
7676,5237
7767,5332
7864,5423
7953,5515
8049,5603
8148,5699
8235,5786
8333,5876
8429,5967
8528,6063
8628,6153
8722,6244
8817,6334
8911,6427
9001,6524
9102,6615
9200,6707
9296,6801
9394,6893
9488,6988
9586,7082
9678,7174
9779,7272
9877,7365
9975,7464
10073,7559
10170,7656
10270,7747
10365,7842
10461,7939
10555,8033
10651,8127
10748,8222
10844,8316
10939,8418
11036,8510
11132,8608
11233,8701
11330,8797
11427,8890
11517,8986
11615,9076
11713,9174
11810,9267
11907,9360
11999,9452
12091,9545
12188,9639
12280,9733
12380,9825
12480,9916
12573,10010
12674,10101
12769,10192
12869,10284
12966,10376
13063,10474
13160,10566
13261,10658
13352,10753
13459,10848
13554,10941
13649,11031
13751,11126
13851,11224
13953,11323
14050,11416
14147,11508
14244,11603
14344,11702
14445,11798
14545,11893
14648,11986
14741,12080
14838,12174
14938,12268
15038,12365
15132,12462
15234,12555
15332,12650
15429,12748
15531,12841
15626,12937
15726,13029
15820,13119
15916,13215
16009,13309
16105,13406
16198,13500
16293,13589
8,13681
104,13773
202,13868
298,13958
396,14049
492,14139
591,14231
686,14319
782,14416
878,14511
971,14601
1066,14695
1168,14785
1264,14882
1362,14972
1460,15065
1552,15155
1651,15254
1744,15343
1841,15439
1935,15536
2031,15627
2129,15726
2221,15819
2319,15911
2415,16006
2505,16094
2599,16189
2696,16281
2790,16373
2884,82
2977,180
3070,270
3169,362
3259,459
3352,551
3439,642
3534,732
3633,820
3724,919
3813,1011
3902,1100
3995,1186
4087,1280
4184,1369
4274,1458
4372,1547
4462,1637
4558,1730
4648,1819
4746,1908
4840,1997
4930,2088
5025,2178
5119,2270
5216,2357
5309,2448
5407,2540
5495,2630
5592,2720
5692,2812
5787,2908
5885,2994
5981,3089
6076,3181
6174,3274
6267,3370
6362,3462
6456,3554
6551,3650
6650,3740
6743,3831
6833,3917
6929,4009
7028,4101
7124,4191
7221,4288
7310,4380
7408,4471
7504,4561
7600,4657
7693,4751
7790,4836
7883,4934
7974,5025
8066,5111
8163,5200
8255,5296
8350,5384
8444,5474
8535,5562
8629,5654
8723,5742
8815,5831
8914,5922
9007,6008
9108,6103
9198,6190
9290,6281
9385,6366
9480,6458
9576,6550
9666,6640
9764,6732
9859,6825
9951,6918
10049,7005
10136,7099
10232,7187
10328,7279
10421,7372
10510,7464
10606,7557
10701,7650
10791,7739
10886,7835
10979,7924
11074,8017
11165,8108
11255,8197
11349,8289
11440,8380
11531,8474
11627,8568
11721,8660
11809,8752
11901,8842
11991,8929
12074,9016
12166,9111
12261,9199
12350,9289
12444,9378
12538,9466
12624,9550
12716,9641
12809,9732
12903,9820
12995,9907
13088,9995
13179,10085
13274,10173
13368,10262
13459,10353
13551,10440
13648,10526
13740,10614
13839,10700
13938,10795
14027,10887
14125,10975
14218,11064
14309,11155
14400,11249
14497,11342
14593,11426
14688,11519
14787,11612
14877,11700
14970,11796
15066,11889
15155,11977
15250,12066
15343,12157
15435,12249
15535,12338
15626,12432
15725,12524
15816,12615
15907,12710
16008,12802
16101,12891
16189,12980
16280,13074
16371,13163
81,13258
173,13345
273,13431
368,13527
464,13619
558,13709
652,13797
739,13889
834,13978
936,14066
1027,14159
1124,14248
1218,14338
1309,14426
1404,14519
1501,14609
1597,14701
1690,14790
1787,14883
1884,14977
1973,15065
2070,15154
2168,15245
2260,15338
2350,15430
2443,15523
2539,15616
2631,15712
2722,15805
2821,15901
2917,15997
3009,16086
3104,16176
3197,16268
3285,16359
3379,69
3476,160
3566,254
3660,350
3750,441
3839,534
3930,622
4022,717
4116,812
4212,903
4303,993
4398,1086
4494,1176
4587,1266
4683,1356
4780,1447
4871,1539
4966,1626
5058,1715
5157,1806
5247,1904
5344,1988
5438,2079
5537,2168
5631,2257
5732,2350
5828,2440
5920,2534
6017,2621
6116,2717
6209,2810
6309,2907
6408,2998
6506,3085
6599,3175
6693,3276
6792,3367
6888,3460
6987,3558
7084,3654
7182,3746
7278,3843
7371,3929
7471,4024
7568,4119
7665,4213
7764,4308
7861,4400
7952,4501
8045,4594
8141,4685
8233,4780
8331,4872
8432,4970
8529,5064
8630,5164
8727,5251
8825,5346
8923,5436
9017,5529
9117,5622
9214,5717
9313,5808
9409,5898
9511,5992
9605,6084
9706,6178
9797,6273
9895,6368
9995,6460
10094,6554
10190,6651
10287,6745
10388,6840
10486,6935
10585,7025
10680,7120
10773,7216
10870,7310
10966,7409
11062,7504
11163,7602
11260,7698
11355,7792
11449,7888
11544,7984
11643,8078
11741,8170
11835,8264
11929,8359
12022,8455
12112,8550
12208,8644
12305,8742
12399,8836
12496,8926
12589,9020
12682,9116
12782,9209
12877,9300
12973,9393
13072,9487
13166,9576
13261,9665
13360,9758
13459,9844
13556,9941
13649,10036
13752,10123
13844,10216
13941,10304
14038,10395
14137,10488
14228,10578
14324,10668
14425,10758
14515,10851
14616,10946
14711,11034
14806,11132
14904,11222
14999,11313
15096,11410
15193,11498
15293,11593
15382,11684
15483,11776
15576,11873
15669,11964
15762,12054
15860,12141
15953,12235
16048,12331
16136,12426
16233,12517
16327,12609
40,12700
135,12796
221,12889
322,12980
415,13074
515,13166
609,13255
702,13349
796,13438
893,13529
984,13620
1083,13707
1177,13802
1275,13891
1371,13983
1462,14073
1557,14162
1652,14253
1750,14350
1838,14439
1941,14528
2038,14619
2131,14707
2226,14805
2320,14892
2410,14990
2503,15081
2603,15173
2693,15265
2790,15358
2884,15453
2979,15544
3074,15638
3169,15737
3263,15832
3357,15925
3452,16017
3542,16106
3638,16201
3732,16293
3820,6
3918,100
4008,200
4101,288
4196,380
4292,471
4387,568
4479,660
4571,756
4668,850
4766,939
4853,1030
4949,1125
5048,1215
5143,1307
5240,1395
5336,1484
5433,1571
5524,1664
5617,1758
5718,1845
5818,1932
5913,2027
6008,2114
6104,2202
6200,2293
6298,2383
6389,2476
6481,2564
6576,2654
6676,2746
6780,2838
6867,2929
6969,3019
7059,3107
7155,3205
7252,3296
7347,3388
7438,3481
7533,3575
7632,3663
7727,3756
7818,3846
7908,3934
8003,4024
8096,4116
8189,4210
8281,4303
8377,4392
8472,4482
8561,4574
8659,4665
8747,4757
8841,4849
8939,4940
9033,5029
9123,5118
9224,5211
9321,5297
9415,5391
9509,5482
9604,5567
9695,5657
9791,5751
9887,5838
9985,5926
10075,6018
10164,6106
10254,6194
10354,6285
10449,6379
10547,6467
10637,6556
10728,6646
10820,6740
10916,6834
11010,6926
11104,7017
11192,7107
11290,7198
11382,7293
11477,7385
11568,7481
11660,7571
11756,7665
11850,7760
11939,7852
12034,7947
12126,8038
12214,8132
12313,8226
12405,8319
12502,8415
12594,8508
12689,8596
12784,8690
12878,8785
12969,8875
13065,8971
13159,9061
13259,9152
13346,9245
13446,9336
13542,9427
13635,9522
13730,9614
13825,9699
13918,9790
14016,9882
14114,9970
14209,10064
14306,10153
14401,10242
14496,10333
14593,10421
14691,10514
14781,10602
14881,10696
14977,10787
15073,10878
15164,10967
15263,11063
15360,11154
15454,11247
15550,11335
15646,11431
15740,11524
15838,11613
15935,11704
16026,11794
16116,11890
16212,11979
16306,12068
17,12162
113,12257
203,12352
298,12439
395,12530
491,12622
586,12714
678,12811
772,12905
872,12996
967,13084
1063,13174
1157,13265
1250,13356
1344,13450
1446,13538
1534,13629
1632,13721
1725,13813
1821,13900
1919,13992
2015,14081
2110,14174
2205,14267
2298,14356
2393,14448
2491,14537
2584,14630
2679,14723
2772,14814
2867,14908
2967,15002
3063,15095
3153,15188
3249,15283
3341,15377
3441,15470
3533,15567
3628,15660
3724,15755
3815,15853
3909,15948
4004,16044
4097,16142
4194,16234
4288,16327
4387,39
4477,132
4578,233
4676,328
4771,429
4867,521
4968,616
5061,708
5159,807
5255,900
5353,995
5454,1087
5546,1184
5646,1280
5744,1371
5844,1462
5944,1553
6045,1648
6141,1742
6238,1832
6338,1924
6439,2014
6534,2110
6637,2201
6730,2292
6827,2389
6922,2480
7020,2570
7119,2667
7221,2761
7315,2855
7412,2947
7511,3040
7611,3133
7705,3227
7795,3320
7889,3415
7982,3509
8079,3602
8173,3695
8264,3786
8367,3874
8463,3967
8557,4062
8650,4154
8746,4248
8839,4340
8935,4434
9037,4529
9133,4618
9229,4710
9320,4804
9414,4892
9514,4986
9608,5078
9701,5167
9796,5253
9895,5345
9987,5438
10081,5527
10175,5617
10274,5708
10369,5796
10458,5884
10557,5974
10652,6067
10742,6154
10838,6237
10930,6332
11021,6424
11115,6517
11205,6607
11305,6699
11392,6789
11487,6879
11576,6972
11671,7064
11764,7155
11859,7248
11957,7342
12043,7431
12131,7525
12223,7618
12321,7708
12410,7802
12505,7894
12601,7985
12689,8074
12777,8168
12872,8265
12966,8355
13063,8449
13158,8541
13251,8630
13350,8726
13440,8818
13534,8908
13634,8997
13729,9093
13820,9185
13920,9276
14015,9365
14106,9455
14202,9547
14307,9632
14396,9721
14491,9815
14589,9905
14682,9992
14775,10083
14867,10171
14968,10259
15069,10350
15163,10441
15256,10532
15346,10622
15441,10713
15541,10803
15627,10898
15726,10984
15818,11073
15914,11163
16006,11257
16097,11350
16189,11441
16283,11533
16375,11625
86,11716
186,11809
278,11898
367,11987
459,12079
554,12169
650,12262
743,12352
838,12443
936,12534
1026,12626
1122,12718
1217,12809
1308,12901
1404,12995
1498,13084
1590,13173
1687,13263
1778,13356
1871,13441
1967,13529
2058,13616
2154,13703
2241,13795
2335,13884
2426,13971
2517,14062
2618,14150
2710,14240
2801,14329
2896,14417
2989,14503
3080,14598
3169,14684
3262,14775
3357,14865
3447,14955
3536,15043
3632,15135
3726,15228
3816,15320
3906,15406
3997,15497
4092,15589
4179,15684
4274,15778
4367,15869
4456,15958
4551,16050
4649,16141
4736,16232
4830,16324
4922,34
5019,125
5115,217
5207,307
5302,399
5395,490
5488,582
5578,675
5678,763
5774,854
5865,947
5958,1034
6054,1127
6148,1217
6245,1308
6342,1397
6426,1488
6528,1575
6623,1663
6720,1756
6813,1845
6904,1933
6994,2022
7090,2113
7187,2203
7284,2293
7376,2381
7472,2471
7566,2563
7661,2655
7749,2743
7842,2834
7934,2925
8023,3017
8116,3108
8209,3198
8303,3294
8396,3385
8491,3477
8585,3569
8680,3657
8770,3749
8868,3842
8960,3933
9049,4024
9144,4116
9244,4207
9334,4300
9426,4390
9526,4483
9621,4577
9712,4671
9809,4759
9904,4852
10000,4943
10094,5033
10191,5125
10281,5217
10374,5309
10469,5401
10559,5489
10655,5577
10753,5672
10844,5758
10944,5844
11031,5938
11132,6030
11229,6121
11321,6210
11407,6303
11500,6393
11600,6485
11692,6576
11788,6667
11878,6762
11970,6853
12065,6947
12159,7037
12248,7127
12342,7220
12439,7316
12531,7411
12628,7507
12722,7602
12816,7694
12913,7789
13011,7882
13100,7970
13198,8066
13291,8157
13389,8250
13483,8349
13577,8441
13673,8533
13768,8630
13863,8728
13960,8819
14058,8916
14154,9005
14250,9099
14347,9191
14445,9282
14535,9374
14638,9468
14737,9556
14828,9650
14927,9742
15022,9832
15111,9926
15209,10017
15306,10105
15402,10194
15498,10287
15593,10378
15696,10472
15785,10563
15883,10656
15980,10748
16073,10840
16166,10933
16258,11024
16353,11119
67,11210
161,11307
260,11403
355,11495
458,11586
550,11683
649,11776
743,11871
840,11964
940,12058
1037,12150
1133,12243
1233,12339
1327,12438
1427,12529
1522,12623
1621,12717
1716,12811
1811,12907
1911,12999
2012,13090
2108,13184
2207,13281
2304,13377
2402,13468
2495,13562
2593,13655
2690,13746
2786,13842
2890,13936
2983,14027
3082,14125
3176,14214
3273,14308
3371,14402
3471,14500
3567,14596
3666,14688
3761,14783
3854,14875
3944,14972
4042,15067
4140,15163
4232,15255
4330,15350
4425,15449
4521,15544
4617,15640
4718,15737
4815,15834
4913,15929
5010,16026
5109,16118
5203,16212
5306,16304
5400,16
5496,110
5592,205
5692,302
5791,400
5886,497
5983,591
6074,680
6174,776
6273,873
6369,965
6466,1057
6560,1153
6659,1245
6756,1333
6852,1428
6947,1521
7043,1610
7137,1698
7230,1787
7322,1879
7420,1972
7519,2060
7615,2150
7706,2239
7797,2336
7894,2420
7988,2513
8082,2604
8172,2693
8270,2785
8367,2879
8459,2970
8550,3061
8645,3154
8743,3246
8836,3334
8926,3427
9023,3518
9120,3610
9211,3703
9308,3794
9401,3882
9501,3971
9595,4059
9688,4156
9778,4249
9877,4338
9969,4429
10064,4523
10158,4614
10257,4703
10349,4796
10444,4891
10537,4981
10631,5072
10724,5166
10819,5256
10918,5342
11013,5435
11102,5524
11197,5613
11295,5702
11393,5796
11494,5888
11579,5977
11673,6068
11771,6158
11865,6253
11958,6341
12051,6433
12141,6522
12239,6613
12335,6703
12426,6798
12522,6889
12619,6979
12714,7075
12803,7168
12902,7262
12996,7355
13094,7449
13188,7542
13279,7639
13381,7731
13473,7826
13569,7917
13667,8009
13760,8098
13858,8189
13955,8283
14048,8377
14141,8468
14241,8563
14340,8657
14434,8751
14532,8842
14628,8929
14723,9025
14812,9116
14910,9204
15005,9296
15098,9386
15195,9475
15291,9564
15386,9655
15478,9744
15570,9836
15663,9919
15759,10010
15851,10100
15944,10187
16040,10278
16125,10366
16220,10457
16310,10546
12,10637
113,10724
206,10816
299,10904
396,10997
484,11088
577,11182
673,11272
764,11358
852,11448
953,11540
1046,11634
1139,11722
1230,11813
1324,11903
1418,11993
1513,12083
1601,12176
1697,12266
1792,12357
1889,12450
1982,12540
2075,12631
2165,12726
2257,12814
2352,12909
2445,12996
2537,13085
2633,13177
2730,13268
2820,13355
2913,13443
3006,13534
3103,13624
3193,13710
3288,13798
3379,13885
3473,13974
3564,14064
3664,14151
3753,14241
3841,14333
3933,14428
4021,14518
4116,14607
4208,14697
4305,14782
4399,14876
4490,14966
4591,15052
4683,15147
4781,15238
4872,15328
4964,15425
5064,15512
5155,15603
5251,15700
5346,15793
5439,15884
5537,15978
5632,16066
5725,16158
5820,16250
5916,16344
6009,46
6105,138
6205,232
6299,327
6390,414
6482,508
6574,598
6675,691
6764,784
6860,869
6954,961
7048,1049
7141,1144
7237,1233
7329,1323
7421,1411
7516,1502
7610,1587
7701,1678
7796,1770
7883,1858
7974,1948
8068,2031
8160,2122
8250,2210
8345,2302
8435,2391
8529,2477
8620,2569
8714,2659
8806,2750
8901,2844
8993,2930
9086,3020
9185,3112
9279,3208
9373,3298
9464,3390
9558,3484
9652,3575
9747,3666
9835,3756
9932,3848
10028,3936
10120,4026
10214,4120
10310,4216
10403,4307
10503,4401
10597,4492
10689,4585
10785,4676
10875,4769
10970,4863
11067,4952
11160,5046
11259,5137
11352,5227
11445,5319
11545,5412
11638,5506
11730,5596
11823,5684
11914,5776
12008,5865
12102,5963
12199,6054
12292,6141
12383,6231
12482,6323
12576,6413
12675,6511
12769,6608
12868,6700
12964,6791
13062,6885
13160,6977
13256,7072
13354,7169
13452,7263
13545,7355
13641,7453
13743,7547
13836,7640
13936,7741
14034,7833
14139,7924
14234,8019
14326,8115
14426,8210
14523,8308
14625,8403
14721,8499
14814,8594
14911,8688
15007,8782
15104,8870
15206,8967
15300,9065
15391,9155
15492,9248
15594,9341
15690,9435
15779,9526
15877,9616
15974,9710
16067,9804
16165,9894
16256,9982
16351,10071
61,10165
155,10256
252,10346
348,10444
449,10535
540,10627
631,10718
731,10806
827,10901
924,10992
1017,11082
1110,11174
1206,11268
1304,11363
1403,11449
1495,11547
1594,11639
1692,11733
1784,11828
1881,11918
1976,12011
2075,12100
2170,12191
2262,12285
2359,12377
2454,12470
2553,12565
2644,12657
2737,12747
2833,12847
2930,12936
3022,13026
3120,13122
3208,13217
3304,13304
3398,13398
3492,13487
3584,13576
3675,13669
3768,13760
3859,13850
3951,13940
4048,14032
4144,14120
4237,14213
4334,14303
4427,14395
4515,14486
4612,14578
4708,14666
4803,14758
4898,14849
4992,14943
5088,15036
5179,15125
5276,15215
5371,15308
5464,15399
5567,15497
5661,15589
5753,15686
5848,15776
5940,15869
6036,15964
6135,16052
6227,16143
6323,16238
6415,16332
6511,41
6609,133
6698,229
6793,318
6888,414
6989,507
7076,598
7170,688
7266,784
7358,875
7453,967
7548,1058
7642,1148
7732,1233
7829,1326
7920,1417
8011,1508
8099,1596
8193,1687
8288,1780
8380,1871
8478,1956
8565,2047
8665,2134
8759,2222
8852,2317
8948,2411
9044,2496
9137,2587
9228,2676
9326,2767
9417,2856
9513,2948
9608,3042
9705,3132
9803,3225
9895,3321
9991,3414
10081,3504
10172,3596
10272,3686
10366,3781
10463,3869
10558,3960
10651,4052
10747,4145
10842,4239
10937,4324
11028,4423
11121,4518
11218,4606
11312,4697
11407,4788
11499,4880
11598,4972
11687,5062
11782,5154
11878,5244
11969,5336
12062,5425
12148,5514
12246,5602
12340,5691
12435,5782
12526,5872
12622,5962
12717,6050
12806,6141
12901,6230
12995,6320
13086,6410
13184,6498
13280,6591
13381,6682
13468,6771
13565,6860
13663,6950
13755,7043
13847,7135
13943,7225
14034,7320
14128,7413
14223,7504
14318,7590
14412,7683
14509,7774
14600,7868
14696,7961
14792,8048
14888,8142
14984,8238
15076,8327
15169,8418
15262,8508
15358,8597
15451,8690
15543,8782
15636,8871
15730,8965
15822,9057
15914,9150
16009,9239
16101,9328
16190,9418
16278,9505
16373,9596
82,9686
179,9777
267,9867
363,9956
456,10046
549,10133
639,10223
735,10311
825,10402
926,10493
1017,10584
1109,10676
1207,10764
1302,10849
1401,10939
1495,11032
1581,11126
1675,11217
1777,11307
1869,11399
1965,11493
2060,11589
2152,11679
2247,11767
2342,11862
2439,11957
2532,12044
2627,12136
2720,12230
2815,12324
2913,12413
3007,12506
3102,12602
3196,12693
3290,12790
3383,12879
3483,12970
3577,13062
3672,13157
3762,13248
3850,13336
3947,13428
4042,13518
4138,13608
4229,13701
4327,13793
4418,13884
4511,13973
4610,14063
4703,14153
4797,14245
4892,14334
4987,14423
5081,14516
5178,14608
5271,14697
5367,14791
5464,14884
5564,14973
5658,15059
5748,15154
5845,15249
5943,15340
6037,15434
6132,15524
6229,15616
6323,15712
6423,15809
6520,15901
6606,15996
6708,16086
6801,16179
6891,16269
6990,16363
7086,72
7184,167
7277,261
7370,355
7467,449
7565,540
7657,633
7750,727
7843,819
7937,906
8029,1003
8126,1090
8219,1188
8309,1279
8406,1370
8500,1462
8599,1555
8696,1646
8790,1735
8887,1826
8980,1919
9078,2013
9177,2105
9275,2192
9375,2291
9465,2383
9560,2477
9658,2567
9756,2667
9860,2760
9954,2850
10052,2943
10148,3040
10248,3132
10347,3227
10440,3324
10541,3420
10640,3516
10739,3611
10836,3701
10938,3800
11030,3897
11127,3988
11225,4082
11322,4181
11416,4277
11518,4373
11615,4467
11718,4564
11815,4653
11910,4752
12002,4843
12099,4939
12193,5035
12291,5129
12384,5221
12481,5315
12580,5410
12678,5501
12777,5594
12872,5686
12968,5777
13067,5870
13160,5968
13262,6055
13361,6148
13461,6239
13556,6331
13654,6425
13751,6519
13846,6605
13947,6697
14044,6794
14138,6887
14232,6985
14331,7076
14430,7165
14524,7258
14617,7351
14717,7445
14811,7541
14906,7631
15002,7724
15099,7817
15192,7908
15289,8003
15386,8093
15480,8186
15569,8280
15663,8370
15761,8463
15857,8559
15954,8651
16042,8740
16131,8831
16222,8922
16319,9017
27,9106
128,9200
220,9291
309,9382
407,9468
500,9562
593,9650
689,9739
786,9830
877,9920
965,10007
1063,10096
1159,10186
1254,10272
1350,10365
1444,10454
1538,10550
1631,10639
1730,10731
1822,10818
1918,10911
2010,11006
2106,11095
2206,11190
2298,11280
2394,11372
2482,11465
2574,11556
2666,11652
2762,11744
2858,11839
2955,11930
3049,12023
3145,12112
3240,12202
3333,12297
3427,12392
3525,12485
3622,12579
3719,12670
3807,12763
3893,12855
3983,12951
4086,13044
4173,13133
4263,13227
4360,13319
4459,13414
4556,13508
4647,13599
4742,13690
4840,13781
4937,13871
5033,13961
5129,14050
5218,14143
5318,14233
5416,14328
5513,14419
5607,14510
5697,14599
5793,14691
5888,14780
5983,14875
6077,14965
6172,15052
6272,15147
6367,15239
6460,15330
6550,15422
6646,15517
6747,15609
6839,15702
6930,15794
7019,15885
7121,15978
7213,16069
7301,16158
7400,16247
7490,16339
7580,46
7673,134
7768,223
7862,316
7950,408
8040,500
8132,587
8223,677
8309,765
8404,858
8497,948
8588,1035
8684,1123
8779,1212
8871,1303
8959,1392
9060,1479
9148,1566
9241,1653
9332,1741
9424,1831
9522,1918
9615,2006
9706,2093
9798,2181
9890,2269
9985,2357
10077,2449
10173,2535
10265,2627
10357,2717
10453,2804
10550,2894
10640,2984
10731,3078
10829,3169
10923,3260
11012,3354
11103,3448
11194,3540
11290,3633
11386,3725
11480,3816
11576,3908
11663,4000
11754,4092
11849,4184
11942,4284
12028,4375
12118,4469
12206,4564
12300,4656
12393,4752
12489,4848
12582,4945
12675,5035
12761,5129
12855,5223
12951,5319
13047,5407
13135,5501
13226,5595
13322,5695
13416,5783
13509,5877
13600,5974
13693,6062
13783,6163
13879,6253
13975,6346
14069,6443
14155,6537
14251,6628
14347,6722
14443,6815
14533,6908
14628,7004
14719,7104
14815,7198
14905,7293
14999,7390
15093,7482
15186,7583
15281,7677
15371,7772
15469,7863
15561,7958
15654,8053
15749,8148
15841,8240
15933,8337
16030,8435
16117,8528
16208,8619
16300,8709
5,8806
101,8898
198,8988
290,9083
387,9171
475,9266
575,9353
669,9444
766,9535
856,9631
955,9720
1048,9809
1141,9897
1237,9993
1331,10079
1431,10167
1521,10256
1617,10344
1707,10435
1805,10525
1902,10616
1998,10700
2092,10791
2184,10880
2279,10974
2374,11058
2471,11154
2563,11241
2666,11332
2761,11423
2853,11513
2945,11605
3040,11698
3133,11788
3229,11882
3325,11973
3415,12057
3512,12149
3605,12238
3699,12329
3789,12421
3883,12514
3973,12605
4072,12702
4165,12792
4257,12884
4354,12972
4446,13066
4544,13157
4636,13248
4733,13340
4827,13429
4926,13518
5018,13610
5117,13698
5210,13795
5315,13886
5413,13972
5509,14068
5605,14156
5700,14246
5801,14338
5897,14427
5995,14523
6090,14614
6188,14706
6288,14797
6390,14894
6486,14982
6582,15076
6681,15172
6776,15264
6878,15361
6975,15454
7073,15551
7168,15649
7270,15742
7365,15843
7465,15936
7560,16033
7659,16132
7755,16219
7852,16317
7948,31
8040,126
8138,226
8235,322
8329,418
8430,509
8526,608
8624,709
8723,799
8822,897
8916,988
9017,1085
9111,1181
9208,1274
9305,1371
9404,1463
9500,1556
9600,1647
9696,1743
9792,1836
9890,1931
9990,2023
10086,2117
10181,2209
10281,2297
10378,2389
10478,2483
10574,2576
10668,2670
10763,2765
10864,2853
10958,2950
11051,3040
11151,3131
11244,3229
11342,3320
11435,3410
11531,3501
11623,3593
11722,3686
11816,3774
11915,3868
12002,3954
12093,4046
12186,4137
12284,4229
12377,4318
12471,4413
12565,4503
12660,4589
12761,4676
12854,4769
12951,4855
13043,4943
13145,5029
13238,5121
13329,5208
13423,5295
13518,5380
13615,5464
13709,5553
13809,5636
13908,5719
14004,5804
14095,5892
14191,5980
14281,6063
14378,6150
14476,6237
14574,6319
14672,6404
14764,6490
14859,6578
14951,6664
15040,6750
15137,6834
15232,6920
15330,7011
15422,7096
15520,7188
15611,7277
15703,7368
15800,7458
15889,7548
15979,7634
16074,7725
16163,7815
16260,7905
16352,7996
57,8079
152,8174
245,8265
337,8357
433,8449
529,8536
624,8629
714,8723
808,8815
906,8903
1001,8995
1097,9083
1188,9178
1281,9266
1378,9359
1478,9449
1573,9543
1665,9634
1760,9725
1858,9812
1953,9904
2050,9995
2146,10085
2242,10175
2331,10268
2430,10358
2527,10451
2625,10542
2720,10638
2814,10727
2918,10817
3009,10912
3099,11004
3199,11099
3293,11193
3390,11284
3484,11380
3582,11476
3678,11566
3768,11664
3856,11755
3947,11847
4041,11945
4134,12033
4237,12125
4328,12218
4420,12313
4515,12410
4611,12503
4706,12595
4801,12685
4894,12778
4993,12871
5084,12964
5179,13056
5274,13149
5367,13237
5460,13329
5553,13421
5648,13512
5745,13601
5838,13689
5929,13775
6023,13871
6113,13962
6210,14048
6307,14137
6397,14228
6491,14316
6576,14404
6670,14489
6762,14580
6859,14667
6950,14759
7039,14849
7132,14944
7229,15031
7320,15123
7412,15213
7502,15303
7596,15391
7683,15484
7777,15576
7871,15672
7961,15766
8051,15855
8145,15949
8236,16041
8325,16128
8414,16221
8512,16310
8605,20
8699,114
8790,206
8885,299
8977,386
9067,479
9165,572
9259,663
9349,752
9442,840
9544,937
9634,1026
9729,1114
9825,1207
9919,1294
10016,1382
10111,1477
10208,1570
10301,1657
10399,1747
10496,1838
10591,1924
10691,2018
10783,2108
10873,2198
10973,2289
11067,2383
11160,2468
11258,2560
11352,2652
11445,2743
11542,2837
11641,2931
11733,3020
11829,3116
11920,3207
12011,3301
12099,3392
12192,3487
12289,3578
12385,3673
12477,3765
12575,3852
12677,3942
12772,4043
12867,4137
12962,4234
13060,4324
13150,4414
13247,4508
13344,4601
13441,4692
13538,4789
13632,4878
13732,4972
13823,5064
13917,5156
14012,5249
14108,5335
14203,5434
14303,5523
14398,5615
14491,5706
14585,5798
14683,5884
14776,5978
14873,6068
14969,6159
15064,6253
15162,6343
15248,6435
15345,6526
15447,6616
15542,6714
15634,6805
15725,6897
15821,6989
15916,7083
16008,7175
16102,7274
16198,7363
16290,7461
0,7554
94,7644
191,7740
282,7835
375,7928
471,8019
567,8113
671,8210
762,8308
856,8402
951,8498
1051,8591
1146,8690
1241,8780
1336,8870
1432,8962
1532,9060
1627,9154
1715,9247
1814,9338
1913,9432
2010,9523
2110,9615
2205,9708
2298,9802
2400,9891
2496,9983
2591,10071
2690,10164
2783,10259
2882,10353
2980,10443
3079,10534
3171,10627
3263,10720
3361,10813
3459,10908
3556,11000
3655,11095
3750,11186
3839,11280
3932,11371
4024,11465
4119,11559
4219,11649
4323,11745
4417,11844
4515,11937
4611,12030
4710,12114
4806,12210
4901,12311
4995,12401
5092,12491
5186,12590
5286,12682
5381,12778
5480,12871
5572,12964
5676,13053
5766,13149
5859,13238
5955,13330
6055,13422
6155,13512
6245,13604
6352,13696
6446,13787
6539,13871
6636,13967
6727,14058
6826,14148
6924,14237
7012,14327
7112,14411
7206,14504
7299,14593
7399,14686
7494,14776
7585,14867
7679,14957
7777,15049
7872,15139
7961,15230
8055,15324
8149,15417
8238,15507
8332,15601
8425,15693
8520,15782
8610,15878
8709,15974
8803,16064
8898,16158
8991,16246
9087,16335
9186,44
9274,137
9367,235
9467,321
9560,412
9653,507
9746,598
9842,689
9936,777
10032,869
10123,961
10221,1055
10316,1143
10413,1232
10509,1321
10600,1408
10694,1500
10791,1591
10879,1682
10975,1770
11066,1864
11159,1952
11252,2041
11343,2127
11440,2215
11531,2303
11631,2398
11722,2485
11816,2578
11908,2666
11996,2757
12083,2844
12176,2937
12272,3029
12363,3124
12457,3216
12555,3309
12650,3401
12743,3494
12834,3583
12926,3680
13015,3771
13112,3858
13210,3945
13303,4040
13401,4134
13493,4221
13591,4312
13687,4405
13777,4498
13872,4593
13968,4684
14061,4772
14154,4869
14251,4957
14343,5050
14439,5144
14531,5232
14630,5321
14725,5414
14817,5507
14910,5593
15007,5684
15102,5774
15194,5862
15290,5956
15385,6041
15481,6133
15573,6223
15666,6312
15758,6405
15854,6493
15947,6585
16042,6681
16135,6771
16224,6856
16312,6951
24,7043
114,7131
210,7222
301,7315
395,7412
485,7504
584,7597
677,7689
771,7783
863,7872
960,7963
1054,8050
1146,8145
1243,8236
1338,8329
1433,8424
1527,8516
1620,8608
1713,8700
1805,8791
1900,8882
1997,8975
2087,9062
2186,9151
2274,9240
2364,9333
2459,9420
2552,9509
2646,9596
2743,9685
2835,9777
2930,9870
3021,9959
3117,10046
3209,10133
3302,10220
3392,10310
3490,10401
3588,10492
3675,10575
3767,10666
3861,10756
3948,10846
4039,10940
4130,11032
4222,11120
4316,11212
4409,11303
4506,11394
4595,11488
4687,11578
4786,11669
4876,11761
4973,11849
5062,11944
5160,12030
5256,12118
5353,12211
5446,12301
5537,12394
5628,12484
5731,12577
5821,12667
5916,12766
6014,12859
6109,12946
6204,13033
6298,13123
6397,13213
6491,13308
6582,13398
6680,13490
6776,13582
6870,13673
6962,13764
7059,13852
7151,13941
7242,14038
7339,14126
7431,14213
7521,14303
7621,14395
7717,14491
7809,14580
7903,14666
7996,14761
8088,14857
8177,14947
8269,15037
8367,15129
8459,15219
8556,15316
8652,15405
8745,15501
8847,15596
8935,15690
9035,15782
9126,15875
9228,15971
9318,16062
9417,16156
9512,16245
9609,16339
9700,49
9794,145
9893,237
9992,334
10086,422
10181,518
10274,611
10368,701
10461,793
10557,888
10653,982
10750,1073
10844,1165
10940,1257
11038,1346
11130,1435
11217,1528
11315,1619
11409,1709
11506,1799
11599,1888
11691,1978
11783,2074
11878,2160
11973,2254
12067,2337
12157,2430
12254,2520
12340,2613
12439,2708
12533,2797
12630,2891
12722,2983
12818,3073
12918,3167
13012,3259
13105,3355
13201,3446
13295,3538
13394,3631
13492,3721
13590,3814
13686,3905
13778,3997
13875,4093
13973,4184
14069,4279
14168,4374
14267,4466
14362,4562
14460,4656
14555,4749
14652,4842
14746,4935
14848,5027
14945,5122
15039,5216
15138,5311
15237,5403
15340,5493
15435,5586
15530,5677
15626,5771
15722,5864
15820,5958
15918,6047
16016,6140
16109,6233
16204,6327
16298,6423
15,6518
112,6611
214,6706
304,6796
406,6891
500,6984
597,7081
700,7179
793,7279
890,7375
987,7468
1089,7566
1186,7663
1283,7761
1382,7852
1486,7947
1575,8042
1679,8138
1778,8234
1876,8333
1975,8431
2074,8530
2174,8628
2267,8717
2364,8811
2462,8909
2556,9003
2652,9099
2747,9190
2850,9288
2948,9380
3043,9468
3140,9563
3239,9655
3333,9748
3428,9839
3526,9935
3622,10024
3716,10117
3808,10207
3908,10302
3996,10391
4091,10481
4178,10574
4280,10664
4375,10759
4470,10849
4569,10941
4663,11033
4762,11125
4857,11218
4953,11308
5052,11402
5147,11494
5242,11591
5337,11681
5436,11773
5531,11870
5630,11967
5722,12053
5817,12143
5913,12238
6012,12329
6109,12422
6203,12515
6296,12606
6398,12702
6491,12798
6582,12886
6680,12977
6773,13070
6869,13165
6968,13257
7066,13350
7161,13443
7261,13531
7353,13620
7450,13718
7543,13805
7638,13895
7735,13984
7825,14077
7923,14169
8010,14264
8104,14353
8202,14445
8300,14535
8392,14630
8492,14721
8580,14815
8676,14904
8773,14998
8870,15089
8967,15181
9058,15279
9156,15369
9258,15467
9350,15564
9454,15657
9549,15753
9642,15844
9735,15937
9830,16033
9927,16125
10024,16221
10114,16312
10207,21
10314,115
10406,207
10503,301
10596,395
10697,493
10789,580
10884,674
10979,767
11073,860
11165,955
11260,1048
11353,1137
11447,1226
11544,1318
11644,1405
11733,1496
11820,1588
11919,1681
12007,1764
12096,1853
12192,1946
12283,2033
12379,2124
12471,2214
12562,2307
12656,2396
12754,2488
12846,2575
12942,2666
13038,2757
13132,2851
13221,2943
13318,3032
13413,3124
13504,3212
13598,3308
13690,3399
13788,3494
13881,3583
13979,3677
14073,3763
14162,3852
14264,3944
14355,4041
14450,4128
14550,4223
14642,4311
14736,4398
14832,4490
14925,4586
15017,4678
15115,4767
15208,4860
15304,4949
15393,5041
15487,5130
15578,5225
15668,5312
15766,5399
15861,5494
15960,5585
16046,5674
16135,5766
16222,5856
16324,5943
35,6031
129,6120
217,6208
317,6300
407,6388
502,6475
593,6571
684,6663
781,6753
876,6841
972,6931
1068,7023
1158,7117
1249,7205
1343,7301
1438,7395
1535,7487
1628,7581
1722,7677
1816,7766
1907,7855
2001,7950
2100,8037
2190,8130
2291,8220
2379,8311
2475,8405
2568,8494
2661,8589
2756,8677
2851,8772
2945,8864
3038,8956
3132,9048
3226,9136
3319,9225
3415,9320
3508,9403
3593,9494
3687,9582
3775,9673
3871,9761
3959,9848
4052,9941
4145,10030
4243,10118
4329,10207
4428,10297
4521,10389
4611,10477
4703,10566
4799,10660
4895,10750
4988,10839
5077,10925
5175,11015
5272,11104
5363,11197
5460,11286
5551,11379
5643,11473
5745,11567
5839,11657
5935,11742
6031,11835
6125,11926
6215,12017
6314,12111
6408,12202
6502,12292
6598,12388
6690,12475
6781,12565
6877,12658
6979,12754
7072,12847
7169,12943
7263,13030
7352,13124
7450,13212
7547,13305
7638,13391
7733,13487
7825,13572
7918,13668
8004,13758
8097,13846
8194,13937
8287,14028
8382,14120
8474,14212
8568,14299
8670,14391
8764,14485
8860,14575
8948,14664
9051,14758
9146,14851
9243,14945
9339,15034
9432,15130
9526,15226
9626,15317
9719,15411
9813,15507
9908,15606
10002,15701
10097,15792
10191,15885
10292,15983
10387,16073
10487,16169
10580,16261
10673,16357
10772,63
10866,158
10962,254
11059,352
11154,448
11252,538
11343,633
11437,728
11538,819
11630,914
11726,1011
11823,1103
11917,1195
12010,1292
12110,1386
12202,1472
12299,1563
12391,1655
12488,1750
12589,1844
12683,1935
12777,2026
12875,2118
12967,2210
13060,2299
13160,2395
13262,2482
13358,2576
13457,2667
13553,2761
13651,2855
13748,2945
13846,3041
13943,3136
14039,3229
14141,3322
14243,3418
14339,3514
14439,3609
14537,3700
14635,3795
14733,3882
14830,3977
14926,4071
15025,4163
15122,4260
15217,4360
15320,4451
15411,4544
15509,4638
15606,4730
15705,4825
15804,4916
15902,5009
15996,5106
16086,5198
16178,5292
16274,5382
16372,5473
82,5564
179,5655
276,5745
373,5842
469,5934
564,6023
654,6116
752,6213
847,6300
942,6393
1039,6481
1136,6574
1229,6667
1329,6759
1428,6849
1524,6946
1615,7041
1713,7133
1804,7224
1899,7322
1997,7414
2097,7507
2189,7602
2281,7697
2375,7787
2472,7884
2560,7980
2655,8075
2752,8165
2845,8261
2943,8355
3034,8447
3135,8538
3230,8632
3317,8723
3416,8817
3506,8910
3598,9003
3696,9096
3791,9188
3880,9281
3973,9375
4065,9463
4161,9558
4257,9646
4351,9733
4447,9824
4540,9914
4637,10007
4730,10101
4823,10190
4916,10278
5017,10373
5112,10460
5205,10551
5308,10641
5402,10732
5499,10823
5592,10917
5691,11008
5785,11102
5886,11199
5983,11289
6077,11379
6180,11470
6272,11564
6366,11656
6464,11750
6563,11843
6657,11938
6754,12028
6852,12120
6952,12210
7048,12303
7145,12396
7240,12488
7339,12580
7429,12675
7525,12766
7620,12860
7719,12956
7815,13048
7902,13142
7994,13229
8088,13325
8186,13417
8284,13505
8373,13592
8473,13685
8569,13778
8664,13868
8760,13961
8853,14051
8947,14139
9048,14232
9143,14323
9240,14410
9332,14504
9429,14597
9523,14684
9618,14772
9719,14863
9810,14957
9905,15052
9996,15143
10093,15231
10192,15330
10285,15420
10378,15513
10476,15605
10572,15697
10664,15790
10757,15888
10851,15976
10948,16066
11041,16159
11136,16251
11228,16343
11320,51
11405,145
11505,241
11598,333
11690,429
11789,518
11883,609
11969,702
12058,795
12149,885
12240,975
12334,1069
12430,1160
12520,1247
12610,1336
12707,1429
12804,1517
12901,1610
12988,1698
13081,1785
13180,1876
13274,1968
13369,2058
13467,2150
13558,2236
13654,2328
13752,2417
13849,2504
13942,2596
14035,2690
14137,2782
14233,2875
14329,2964
14420,3057
14517,3146
14614,3238
14711,3330
14806,3423
14901,3515
14997,3607
15092,3706
15188,3796
15284,3883
15374,3975
15472,4063
15569,4160
15667,4254
15764,4348
15853,4447
15946,4537
16041,4628
16135,4718
16233,4807
16326,4904
36,4994
130,5087
232,5178
322,5268
412,5363
511,5450
605,5547
702,5640
798,5730
892,5819
994,5908
1085,5996
1178,6087
1275,6183
1371,6271
1465,6365
1559,6454
1661,6546
1754,6636
1849,6726
1943,6818
2041,6914
2133,7006
2228,7097
2323,7193
2417,7290
2507,7382
2610,7473
2706,7568
2796,7661
2895,7757
2991,7851
3080,7941
3177,8034
3269,8125
3362,8221
3456,8315
3551,8406
3646,8500
3737,8592
3828,8689
3926,8786
4018,8875
4108,8973
4204,9065
4300,9154
4391,9246
4487,9335
4582,9428
4679,9523
4772,9613
4869,9700
4966,9794
5059,9879
5153,9975
5252,10063
5348,10158
5444,10249
5542,10341
5634,10432
5736,10528
5834,10618
5929,10707
6023,10800
6122,10895
6223,10991
6322,11084
6417,11174
6518,11266
6615,11361
6714,11454
6813,11550
6912,11647
7008,11740
7103,11833
7204,11931
7305,12023
7395,12118
7499,12212
7593,12306
7688,12399
7784,12497
7883,12592
7978,12688
8071,12785
8166,12877
8263,12976
8363,13069
8455,13167
8556,13257
8652,13349
8755,13446
8850,13537
8946,13635
9048,13725
9143,13822
9243,13912
9342,14004
9439,14099
9538,14193
9629,14284
9735,14379
9831,14475
9935,14568
10028,14665
10122,14756
10221,14853
10319,14945
10416,15039
10511,15136
10609,15229
10710,15326
10807,15422
10906,15518
11005,15618
11100,15709
11193,15804
11287,15900
11384,15998
11475,16091
11578,16187
11672,16278
11768,16373
11862,89
11960,178
12046,277
12139,376
12237,469
12334,561
12426,656
12527,750
12623,846
12716,934
12808,1032
12903,1125
13000,1219
13099,1309
13195,1399
13292,1491
13391,1583
13485,1676
13581,1767
13676,1855
13776,1944
13871,2036
13973,2128
14064,2215
14165,2310
14261,2402
14355,2495
14451,2582
14549,2676
14647,2768
14742,2857
14836,2949
14929,3043
15027,3138
15126,3229
15223,3317
15310,3411
15414,3502
15507,3594
15601,3686
15694,3776
15794,3861
15887,3956
15985,4049
16073,4142
16168,4235
16256,4331
16347,4422
56,4513
150,4604
245,4697
342,4789
437,4879
533,4973
627,5064
723,5151
821,5243
911,5330
1006,5420
1101,5510
1196,5606
1294,5692
1385,5786
1480,5871
1575,5961
1667,6050
1763,6144
1860,6232
1955,6322
2047,6414
2145,6501
2237,6590
2326,6685
2425,6776
2521,6872
2611,6959
2699,7051
2799,7141
2892,7234
2985,7331
3076,7422
3172,7510
3271,7603
3359,7698
3453,7792
3546,7884
3641,7973
3732,8069
3818,8155
3909,8251
4003,8347
4091,8437
4185,8530
4279,8620
4371,8719
4463,8806
4554,8901
4652,8985
4747,9080
4837,9170
4933,9261
5023,9355
5112,9444
5213,9534
5301,9622
5394,9707
5490,9799
5587,9893
5679,9983
5773,10073
5866,10161
5966,10249
6057,10340
6148,10428
6243,10517
6342,10609
6437,10694
6527,10783
6626,10874
6718,10968
6811,11058
6904,11142
7000,11231
7097,11326
7196,11415
7288,11507
7381,11596
7476,11690
7568,11783
7660,11877
7753,11965
7845,12053
7937,12138
8032,12233
8118,12322
8214,12414
8304,12507
8404,12597
8499,12686
8586,12774
8681,12865
8775,12959
8865,13046
8960,13136
9057,13226
9146,13316
9238,13404
9335,13494
9427,13586
9521,13672
9616,13760
9708,13846
9794,13935
9896,14027
9982,14113
10082,14201
10169,14289
10267,14378
10363,14466
10457,14559
10550,14648
10643,14735
10732,14825
10826,14916
10916,15008
11011,15094
11104,15184
11195,15274
11291,15369
11377,15455
11473,15550
11562,15642
11656,15735
11749,15828
11838,15918
11931,16011
12023,16107
12111,16191
12202,16286
12293,16375
12383,85
12477,178
12568,271
12664,361
12759,458
12848,547
12941,638
13034,731
13133,820
13230,912
13318,1006
13413,1092
13511,1181
13605,1276
13697,1367
13793,1456
13889,1542
13979,1635
14077,1728
14178,1816
14270,1905
14368,1997
14460,2088
14554,2180
14648,2269
14750,2356
14845,2449
14939,2541
15032,2634
15127,2728
15223,2815
15317,2910
15413,3000
15511,3090
15601,3180
15695,3271
15794,3366
15889,3454
15987,3549
16075,3645
16165,3737
16259,3826
16352,3912
65,4001
158,4096
255,4191
346,4286
440,4376
535,4469
629,4562
730,4653
826,4744
923,4835
1016,4927
1109,5019
1211,5111
1302,5204
1397,5295
1491,5386
1587,5477
1682,5564
1779,5655
1874,5749
1973,5836
2062,5926
2155,6016
2255,6112
2352,6203
2441,6294
2544,6387
2641,6478
2736,6567
2826,6660
2924,6754
3013,6849
3112,6943
3211,7034
3306,7133
3397,7225
3493,7317
3594,7412
3688,7508
3784,7602
3869,7701
3962,7795
4058,7887
4152,7987
4253,8078
4348,8170
4444,8265
4543,8362
4639,8457
4730,8555
4826,8652
4929,8747
5026,8844
5123,8939
5223,9036
5324,9130
5422,9224
5519,9319
5616,9408
5718,9502
5817,9597
5913,9691
6012,9785
6115,9878
6216,9971
6318,10063
6417,10158
6509,10249
6605,10342
6700,10437
6803,10529
6903,10621
6997,10720
7099,10813
7199,10904
7296,10996
7396,11093
7492,11188
7588,11283
7683,11376
7782,11467
7877,11566
7971,11656
8068,11753
8166,11850
8265,11939
8360,12034
8453,12123
8549,12220
8649,12310
8744,12406
8843,12502
8943,12593
9036,12688
9129,12782
9224,12876
9323,12970
9418,13056
9517,13151
9614,13245
9709,13336
9804,13427
9901,13516
9992,13610
10088,13701
10184,13791
10280,13880
10377,13974
10472,14062
10565,14156
10661,14245
10755,14336
10851,14425
10946,14516
11043,14606
11136,14701
11229,14788
11324,14880
11422,14981
11515,15074
11608,15162
11702,15254
11796,15346
11890,15442
11984,15536
12077,15626
12166,15723
12260,15816
12355,15907
12448,16001
12543,16092
12638,16189
12735,16280
12825,16379
12918,87
13020,181
13115,273
13209,369
13307,461
13402,558
13495,649
13590,743
13691,835
13787,925
13889,1020
13980,1109
14074,1199
14172,1295
14275,1388
14371,1477
14466,1573
14559,1663
14655,1752
14755,1845
14853,1938
14948,2025
15043,2116
15138,2205
15235,2299
15330,2390
15424,2480
15519,2571
15617,2662
15712,2754
15812,2848
15908,2938
16005,3036
16098,3129
16189,3218
16280,3309
16373,3405
87,3492
183,3583
275,3679
367,3774
467,3860
566,3951
659,4042
755,4133
851,4227
943,4321
1037,4413
1136,4503
1230,4595
1327,4687
1419,4779
1518,4870
1608,4961
1703,5047
1802,5140
1895,5232
1988,5324
2083,5410
2174,5502
2268,5596
2367,5682
2462,5772
2558,5863
2649,5949
2743,6039
2839,6131
2936,6223
3022,6319
3118,6406
3210,6496
3300,6586
3395,6679
3491,6768
3580,6861
3676,6955
3765,7044
3857,7136
3949,7235
4040,7325
4132,7416
4228,7509
4322,7605
4414,7697
4507,7794
4598,7886
4690,7976
4785,8069
4884,8164
4978,8254
5066,8351
5168,8445
5266,8535
5357,8631
5458,8722
5553,8813
5644,8906
5734,8997
5835,9093
5926,9186
6023,9278
6114,9369
6213,9458
6307,9548
6399,9639
6500,9728
6594,9820
6686,9907
6782,10001
6874,10090
6970,10179
7064,10266
7161,10356
7257,10442
7343,10536
7443,10623
7537,10714
7633,10806
7728,10899
7818,10990
7912,11077
8003,11172
8094,11260
8189,11351
8286,11444
8377,11535
8469,11627
8567,11716
8664,11814
8755,11902
8846,11990
8942,12076
9031,12166
9134,12257
9225,12347
9324,12440
9415,12535
9519,12626
9607,12718
9702,12809
9798,12897
9891,12988
9988,13076
10075,13166
10170,13260
10265,13350
10360,13439
10458,13532
10554,13624
10645,13712
10739,13804
10833,13894
10931,13979
11022,14070
11117,14163
11209,14247
11300,14339
11395,14428
11490,14519
11589,14607
11678,14703
11771,14792
11863,14885
11952,14975
12042,15065
12136,15158
12228,15249
12320,15340
12416,15436
12507,15527
12604,15621
12699,15714
12791,15810
12884,15903
12980,15995
13071,16090
13167,16181
13261,16275
13362,16367
13450,80
13547,176
13641,266
13737,360
13835,451
13930,543
14030,639
14120,728
14213,824
14313,914
14406,1006
14501,1096
14600,1188
14693,1285
14789,1378
14885,1468
14983,1563
15084,1648
15180,1740
15272,1832
15363,1925
15461,2016
15554,2107
15656,2196
15749,2287
15847,2379
15941,2468
16034,2560
16128,2651
16223,2747
16322,2840
33,2932
127,3022
218,3115
315,3209
413,3301
509,3395
603,3492
700,3584
797,3681
893,3774
990,3866
1088,3956
1183,4050
1277,4140
1375,4239
1474,4331
1577,4425
1663,4518
1762,4610
1856,4706
1958,4799
2051,4893
2149,4987
2244,5082
2336,5171
2437,5264
2537,5360
2636,5455
2728,5544
2825,5637
2923,5730
3015,5823
3111,5915
3211,6004
3309,6098
3396,6188
3493,6276
3586,6373
3687,6463
3782,6559
3875,6656
3967,6753
4061,6845
4155,6936
4254,7029
4352,7124
4446,7220
4540,7313
4634,7407
4733,7501
4829,7600
4926,7694
5021,7795
5115,7888
5209,7980
5313,8073
5411,8168
5506,8262
5604,8357
5702,8451
5797,8543
5894,8635
5989,8732
6088,8825
6187,8918
6280,9012
6372,9105
6470,9198
6563,9284
6661,9373
6757,9465
6848,9557
6947,9647
7043,9744
7134,9832
7232,9923
7328,10012
7424,10099
7519,10190
7608,10280
7707,10370
7804,10462
7891,10549
7983,10640
8073,10730
8163,10821
8259,10911
8353,11003
8450,11093
8541,11184
8630,11274
8728,11360
8823,11452
8915,11545
9006,11640
9103,11728
9199,11820
9289,11911
9382,12001
9473,12095
9569,12185
9665,12272
9761,12361
9852,12454
9945,12549
10047,12643
10134,12730
10230,12824
10322,12916
10411,13006
10509,13097
10610,13185
10702,13283
10799,13376
10888,13462
10984,13551
11079,13645
11172,13736
11269,13827
11359,13918
11455,14007
11551,14097
11645,14189
11735,14276
11832,14366
11928,14458
12016,14550
12103,14644
12191,14734
12289,14826
12386,14921
12483,15012
12573,15104
12669,15198
12764,15290
12858,15384
12956,15478
13051,15572
13143,15664
13240,15762
13337,15855
13435,15950
13527,16045
13621,16138
13719,16227
13815,16319
13912,30
14007,119
14106,220
14196,310
14293,405
14388,499
14484,593
14578,683
14670,778
14764,870
14863,960
14963,1050
15054,1144
15147,1230
15244,1322
15341,1414
15432,1502
15526,1592
15619,1680
15713,1772
15803,1858
15903,1946
15993,2033
16088,2123
16177,2216
16268,2303
16365,2393
70,2479
160,2571
254,2660
347,2749
441,2841
535,2930
630,3023
716,3118
813,3207
912,3296
1005,3385
1098,3476
1188,3566
1283,3657
1377,3746
1470,3833
1563,3926
1657,4015
1748,4105
1842,4198
1937,4289
2032,4382
2129,4470
2221,4566
2311,4656
2408,4747
2505,4834
2596,4928
2690,5017
2784,5107
2877,5200
2969,5288
3061,5379
3158,5470
3253,5559
3352,5648
3446,5737
3537,5824
3630,5917
3720,6008
3812,6097
3902,6185
3994,6276
4086,6368
4183,6462
4280,6553
4373,6640
4465,6730
4560,6822
4649,6916
4748,7006
4843,7099
4940,7193
5037,7290
5133,7384
5230,7475
5324,7568
5421,7662
5516,7755
5613,7844
5706,7935
5799,8031
5889,8125
5990,8220
6085,8315
6186,8409
6280,8499
6377,8594
6471,8689
6568,8780
6666,8875
6757,8965
6851,9055
6944,9150
7040,9237
7138,9331
7235,9417
7326,9509
7417,9602
7514,9690
7611,9781
7704,9869
7800,9961
7893,10050
7984,10138
8080,10230
8169,10320
8261,10410
8359,10500
8451,10590
8551,10681
8644,10773
8733,10867
8829,10958
8922,11047
9015,11137
9114,11228
9204,11322
9302,11414
9400,11506
9495,11602
9597,11690
9682,11785
9781,11876
9881,11968
9971,12058
10066,12149
10160,12242
10256,12335
10350,12426
10443,12519
10537,12612
10639,12703
10730,12798
10826,12893
10924,12985
11021,13078
11116,13171
11214,13264
11307,13354
11402,13447
11498,13540
11596,13633
11692,13721
11786,13813
11880,13901
11975,13999
12068,14091
12161,14182
12255,14273
12355,14371
12452,14464
12550,14559
12645,14651
12736,14742
12836,14837
12931,14934
13026,15027
13128,15126
13228,15217
13326,15313
13424,15411
13521,15507
13615,15601
13716,15698
13818,15793
13916,15891
14017,15991
14113,16086
14214,16178
14315,16277
14411,16375
14507,84
14610,177
14709,272
14805,370
14904,467
15003,566
15104,663
15199,759
15298,852
15393,945
15496,1038
15595,1133
15690,1224
15785,1320
15889,1413
15986,1507
16083,1601
16174,1693
16269,1786
16373,1878
85,1969
176,2059
276,2153
371,2246
471,2339
565,2428
666,2523
760,2618
860,2709
957,2803
1055,2896
1152,2989
1248,3081
1349,3177
1441,3272
1539,3365
1635,3461
1738,3552
1830,3647
1933,3742
2027,3832
2116,3925
2219,4018
2316,4110
2411,4202
2506,4299
2599,4394
2695,4487
2790,4581
2886,4670
2979,4763
3074,4856
3171,4954
3265,5049
3360,5139
3455,5232
3548,5322
3641,5412
3734,5505
3827,5594
3919,5683
4013,5772
4104,5864
4196,5960
4290,6050
4387,6141
4476,6227
4574,6319
4670,6414
4766,6507
4859,6597
4953,6689
5049,6785
5145,6874
5240,6970
5333,7064
5428,7158
5520,7251
5618,7345
5720,7437
5812,7530
5908,7627
6000,7719
6099,7814
6192,7905
6290,7996
6385,8087
6480,8181
6576,8273
6674,8368
6770,8458
6861,8553
6960,8648
7048,8738
7147,8834
7244,8927
7338,9016
7430,9110
7524,9202
7619,9291
7716,9382
7813,9473
7902,9564
7992,9655
8088,9745
8181,9832
8273,9921
8369,10011
8467,10101
8558,10194
8654,10283
8748,10374
8839,10460
8940,10550
9033,10640
9126,10728
9223,10820
9317,10915
9413,11004
9503,11095
9597,11188
9690,11277
9787,11368
9886,11456
9980,11549
10073,11643
10166,11734
10264,11824
10355,11919
10450,12009
10543,12100
10631,12189
10729,12278
10824,12368
10921,12461
11013,12556
11107,12648
11204,12734
11294,12830
11390,12917
11476,13011
11574,13102
11668,13187
11758,13277
11854,13370
11945,13460
12035,13550
12126,13637
12219,13730
12307,13818
12399,13908
12497,13994
12588,14082
12680,14171
12772,14263
12869,14352
12963,14446
13054,14532
13152,14621
13243,14711
13334,14797
13433,14889
13526,14979
13620,15069
13716,15162
13805,15246
13901,15341
13991,15435
14082,15526
14178,15614
14273,15707
14367,15801
14465,15894
14560,15980
14653,16072
14746,16163
14836,16255
14928,16348
15025,54
15116,146
15207,238
15303,331
15392,418
15486,510
15584,602
15677,693
15768,781
15856,869
15953,960
16045,1052
16133,1140
16223,1230
16313,1316
22,1406
115,1495
205,1584
299,1676
392,1764
480,1850
576,1939
669,2026
758,2118
854,2207
949,2294
1042,2384
1129,2475
1228,2561
1322,2650
1414,2738
1505,2829
1599,2918
1696,3014
1787,3105
1881,3199
1977,3290
2069,3372
2168,3470
2258,3562
2349,3654
2441,3744
2537,3831
2632,3918
2728,4009
2816,4101
2910,4192
3005,4282
3099,4376
3187,4465
3284,4557
3379,4653
3472,4741
3569,4832
3665,4919
3757,5012
3845,5103
3935,5197
4032,5285
4123,5377
4221,5464
4315,5556
4408,5642
4499,5730
4599,5824
4694,5913
4783,6004
4876,6090
4975,6181
5067,6268
5165,6361
5264,6451
5355,6542
5454,6635
5548,6724
5641,6811
5734,6904
5831,6995
5927,7089
6028,7179
6119,7272
6215,7360
6310,7455
6406,7546
6500,7643
6597,7735
6694,7827
6787,7915
6877,8007
6966,8099
7066,8195
7163,8288
7255,8381
7351,8473
7448,8564
7538,8658
7630,8751
7725,8839
7820,8933
7911,9024
8002,9110
8094,9202
8187,9293
8282,9385
8381,9475
8470,9567
8567,9658
8658,9746
8752,9835
8847,9927
8950,10018
9042,10109
9138,10196
9235,10287
9333,10383
9422,10473
9520,10569
9616,10661
9713,10750
9809,10848
9910,10938
10007,11028
10104,11129
10194,11220
10295,11315
10393,11408
10493,11508
10590,11601
10686,11691
10781,11791
10880,11885
10977,11978
11072,12070
11166,12167
11265,12263
11362,12363
11459,12455
11554,12549
11653,12646
11749,12748
11849,12839
11945,12934
12036,13027
12129,13125
12228,13217
12325,13308
12425,13404
12522,13496
12618,13593
12713,13688
12810,13782
12911,13872
13011,13963
13111,14055
13206,14148
13297,14240
13396,14335
13492,14428
13594,14521
13686,14613
13792,14706
13890,14799
13980,14892
14079,14985
14177,15079
14274,15171
14374,15268
14469,15360
14563,15453
14660,15552
14758,15645
14855,15740
14947,15833
15043,15930
15138,16023
15236,16114
15330,16203
15426,16298
15524,8
15611,103
15710,192
15802,284
15891,376
15987,471
16084,566
16180,662
16269,749
16362,839
70,935
168,1027
261,1115
354,1206
448,1296
543,1384
635,1476
724,1566
821,1654
919,1747
1013,1839
1110,1926
1203,2018
1300,2103
1393,2196
1485,2286
1582,2380
1676,2468
1775,2559
1869,2647
1962,2739
2059,2831
2155,2927
2249,3015
2344,3112
2436,3206
2532,3297
2627,3388
2727,3481
2818,3578
2911,3667
3008,3760
3103,3852
3197,3944
3290,4039
3389,4129
3481,4223
3579,4316
3676,4412
3767,4506
3858,4600
3948,4696
4045,4789
4138,4880
4229,4972
4327,5060
4427,5153
4517,5246
4612,5346
4708,5434
4804,5523
4898,5615
4994,5707
5090,5796
5190,5889
5283,5979
5377,6072
5475,6163
5572,6252
5668,6343
5765,6441
5856,6526
5955,6623
6054,6714
6146,6805
6240,6894
6335,6988
6433,7081
6522,7178
6621,7269
6718,7365
6811,7459
6903,7546
7005,7640
7095,7733
7186,7825
7284,7919
7376,8010
7469,8103
7562,8197
7657,8288
7749,8377
7841,8471
7934,8562
8024,8656
8116,8749
8214,8837
8304,8931
8396,9023
8486,9114
8583,9204
8677,9299
8768,9389
8863,9477
8958,9567
9051,9655
9142,9738
9235,9829
9333,9919
9430,10011
9522,10097
9615,10189
9712,10281
9801,10370
9899,10456
9990,10548
10086,10635
10181,10726
10277,10818
10369,10909
10465,10994
10556,11086
10651,11180
10744,11272
10844,11366
10935,11455
11029,11550
11121,11638
11220,11729
11312,11823
11407,11920
11497,12011
11595,12100
11689,12195
11784,12286
11879,12379
11976,12472
12060,12561
12153,12655
12243,12747
12343,12837
12439,12928
12525,13023
12620,13114
12719,13205
12812,13295
12904,13388
13000,13480
13094,13574
13193,13662
13291,13747
13379,13840
13479,13932
13574,14023
13667,14111
13765,14204
13862,14293
13953,14381
14048,14472
14147,14561
14241,14654
14335,14744
14432,14834
14525,14930
14627,15022
14719,15112
14818,15207
14910,15297
15009,15387
15100,15482
15193,15573
15291,15671
15386,15764
15484,15857
15575,15950
15670,16039
15761,16136
15855,16226
15951,16320
16044,27
16137,120
16228,214
16322,307
31,401
122,491
220,584
312,678
409,770
502,863
596,955
692,1042
786,1134
881,1227
976,1318
1070,1406
1166,1502
1261,1591
1360,1678
1453,1765
1552,1856
1645,1952
1741,2042
1833,2133
1933,2224
2026,2315
2124,2408
2221,2498
2311,2588
2406,2681
2503,2775
2597,2869
2692,2959
2793,3052
2886,3142
2982,3241
3080,3330
3174,3427
3269,3524
3363,3615
3465,3707
3554,3797
3652,3892
3746,3983
3840,4077
3928,4171
4022,4266
4124,4361
4217,4453
4313,4547
4407,4643
4505,4732
4602,4828
4697,4920
4792,5013
4887,5108
4984,5202
5083,5294
5179,5381
5276,5476
5375,5570
5476,5657
5568,5752
5667,5845
5760,5931
5861,6025
5958,6116
6056,6209
6151,6303
6253,6398
6348,6491
6448,6582
6544,6672
6642,6768
6742,6863
6839,6956
6935,7052
7030,7149
7127,7242
7224,7335
7321,7428
7416,7523
7517,7623
7617,7714
7713,7813
7811,7907
7904,7998
7997,8100
8087,8192
8188,8289
8280,8384
8378,8479
8475,8574
8569,8668
8671,8766
8763,8859
8865,8955
8963,9047
9060,9141
9157,9233
9254,9324
9350,9419
9447,9511
9547,9604
9634,9697
9733,9794
9834,9884
9931,9974
10030,10064
10126,10158
10221,10247
10323,10339
10419,10430
10515,10526
10608,10615
10707,10709
10804,10800
10895,10892
10991,10985
11086,11078
11190,11170
11283,11268
11378,11360
11472,11455
11568,11550
11665,11641
11762,11736
11850,11830
11944,11923
12034,12010
12134,12100
12224,12192
12321,12288
12419,12383
12506,12474
12598,12571
12697,12659
12795,12752
12887,12846
12979,12935
13079,13025
13169,13117
13263,13212
13356,13300
13452,13394
13555,13482
13646,13574
13738,13662
13832,13756
13922,13844
14024,13926
14118,14015
14210,14103
14302,14198
14397,14287
14497,14375
14593,14467
14685,14558
14781,14644
14873,14731
14970,14825
15058,14916
15156,15009
15245,15099
15340,15187
15436,15281
15527,15369
15620,15464
15712,15557
15802,15649
15903,15741
15996,15831
16086,15927
16177,16020
16270,16109
16357,16201
65,16293
158,16383
254,85
352,182
447,275
542,368
631,460
724,553
819,643
911,737
1008,832
1100,921
1195,1012
1296,1103
1390,1196
1482,1283
1577,1373
1670,1458
1761,1547
1854,1639
1954,1734
2045,1821
2141,1910
2237,2000
2334,2088
2426,2174
2522,2268
2613,2357
2713,2446
2804,2544
2896,2633
2990,2719
3085,2811
3178,2903
3278,2996
3366,3087
3456,3177
3553,3270
3648,3365
3740,3456
3830,3550
3925,3643
4015,3734
4108,3822
4203,3909
4292,4003
4387,4096
4481,4185
4573,4279
4668,4371
4761,4462
4855,4555
4948,4644
5039,4737
5135,4830
5228,4920
5319,5010
5417,5100
5514,5185
5605,5278
5701,5364
5795,5452
5887,5540
5980,5634
6073,5723
6168,5810
6261,5898
6353,5989
6449,6076
6546,6164
6634,6252
6726,6344
6824,6433
6916,6520
7009,6608
7102,6701
7198,6786
7286,6880
7381,6972
7470,7064
7561,7153
7656,7246
7752,7341
7843,7427
7933,7525
8021,7612
8116,7710
8205,7802
8300,7888
8393,7979
8487,8073
8578,8161
8673,8253
8768,8345
8856,8435
8950,8525
9043,8621
9134,8715
9232,8806
9322,8894
9420,8984
9518,9075
9608,9164
9707,9254
9796,9346
9892,9439
9987,9529
10084,9618
10174,9710
10269,9800
10367,9888
10461,9980
10557,10066
10652,10156
10749,10246
10844,10338
10937,10430
11030,10524
11125,10612
11217,10694
11319,10786
11406,10881
11497,10970
11597,11066
11690,11160
11784,11247
11877,11342
11970,11430
12062,11526
12152,11621
12245,11713
12335,11805
12430,11900
12529,11993
12619,12078
12718,12168
12809,12263
12910,12358
13000,12447
13093,12543
13192,12635
13285,12726
13379,12817
13472,12912
13570,13004
13669,13091
13764,13180
13861,13278
13953,13366
14047,13457
14143,13546
14239,13638
14338,13730
14428,13815
14526,13906
14618,13996
14715,14090
14812,14176
14897,14267
14996,14355
15093,14446
15188,14535
15287,14624
15377,14716
15469,14809
15569,14903
15661,14992
15755,15087
15849,15177
15950,15273
16043,15367
16132,15461
16226,15554
16319,15644
32,15739
130,15833
225,15934
315,16025
410,16117
506,16207
608,16298
706,14
801,111
895,203
990,295
1089,395
1182,490
1282,585
1378,673
1476,766
1574,862
1670,953
1765,1047
1861,1143
1962,1229
2069,1329
2158,1421
2257,1515
2354,1608
2451,1701
2544,1794
2646,1886
2744,1981
2836,2072
2940,2166
3035,2259
3136,2353
3234,2445
3329,2533
3425,2626
3518,2724
3620,2816
3719,2912
3812,3009
3903,3105
4003,3200
4099,3296
4194,3398
4293,3487
4388,3582
4487,3683
4581,3774
4676,3867
4772,3960
4879,4056
4976,4150
5067,4243
5163,4339
5260,4435
5356,4529
5457,4630
5552,4727
5652,4816
5750,4910
5853,5003
5943,5095
6046,5190
6143,5285
6237,5377
6334,5468
6431,5563
6526,5654
6625,5743
6721,5837
6819,5930
6913,6018
7010,6111
7110,6201
7205,6295
7302,6386
7394,6481
7493,6568
7586,6665
7684,6756
7779,6853
7874,6944
7965,7037
8057,7131
8153,7226
8245,7319
8341,7412
8438,7506
8532,7601
8627,7695
8722,7793
8818,7883
8918,7978
9012,8068
9105,8163
9202,8255
9298,8349
9392,8443
9487,8540
9585,8630
9682,8719
9772,8816
9872,8908
9966,9001
10064,9094
10159,9185
10256,9275
10353,9363
10446,9458
10541,9547
10638,9638
10734,9731
10827,9820
10923,9909
11016,9999
11114,10091
11205,10181
11299,10271
11400,10360
11489,10451
11587,10543
11685,10637
11777,10727
11870,10821
11965,10912
12054,11002
12143,11092
12244,11187
12340,11279
12432,11375
12525,11464
12622,11555
12716,11655
12815,11746
12911,11843
13007,11931
13103,12023
13197,12117
13288,12208
13384,12303
13478,12392
13574,12489
13673,12581
13768,12675
13858,12767
13954,12859
14052,12957
14150,13048
14242,13144
14341,13235
14435,13326
14533,13415
14626,13507
14719,13598
14823,13691
14917,13784
15014,13867
15104,13957
15197,14050
15291,14140
15395,14233
15481,14328
15581,14417
15675,14509
15771,14603
15865,14695
15956,14784
16048,14876
16139,14971
16234,15066
16327,15155
39,15247
131,15341
230,15437
320,15527
415,15620
510,15715
606,15807
696,15901
791,15995
883,16083
979,16177
1074,16274
1170,16371
1270,78
1362,171
1455,262
1549,355
1645,450
1745,543
1837,631
1930,719
2025,812
2115,909
2212,999
2305,1087
2403,1176
2497,1268
2591,1359
2686,1446
2782,1533
2872,1625
2967,1714
3059,1804
3152,1894
3248,1982
3342,2071
3431,2158
3529,2254
3620,2341
3711,2428
3800,2521
3893,2612
3985,2698
4082,2792
4175,2878
4269,2970
4362,3066
4451,3155
4547,3246
4644,3338
4729,3432
4823,3523
4919,3610
5013,3704
5115,3797
5204,3887
5296,3975
5394,4064
5487,4162
5583,4249
5675,4339
5767,4429
5866,4521
5962,4616
6053,4702
6153,4799
6246,4889
6343,4979
6435,5072
6529,5161
6623,5249
6714,5340
6810,5429
6907,5521
6998,5608
7094,5701
7186,5790
7283,5878
7374,5971
7474,6060
7570,6147
7658,6239
7752,6326
7844,6419
7936,6509
8028,6598
8120,6690
8214,6780
8308,6873
8401,6969
8495,7060
8585,7151
8679,7244
8775,7341
8870,7429
8962,7524
9060,7620
9155,7714
9250,7808
9337,7898
9437,7986
9531,8078
9621,8179
9723,8272
9817,8362
9914,8460
10003,8552
10104,8647
10196,8737
10293,8827
10386,8918
10479,9007
10575,9097
10666,9192
10760,9284
10856,9374
10948,9467
11043,9554
11136,9647
11235,9738
11328,9825
11423,9915
11513,10003
11611,10093
11705,10187
11799,10274
11893,10362
11983,10453
12070,10539
12163,10632
12260,10723
12349,10812
12443,10903
12538,10992
12635,11085
12733,11178
12826,11269
12918,11358
13016,11454
13109,11545
13202,11638
13297,11727
13392,11821
13491,11910
13589,12003
13679,12092
13778,12187
13873,12277
13969,12371
14064,12461
14157,12556
14255,12650
14351,12740
14451,12838
14548,12926
14645,13022
14742,13110
14836,13209
14938,13299
15032,13391
15123,13481
15223,13570
15318,13660
15419,13756
15516,13847
15614,13939
15708,14032
15802,14121
15902,14210
15996,14304
16091,14396
16185,14486
16276,14577
16371,14671
85,14767
180,14862
276,14962
376,15049
475,15143
574,15241
668,15332
766,15427
862,15523
958,15618
1056,15712
1152,15808
1248,15904
1343,16002
1445,16095
1543,16192
1639,16287
1738,16378
1837,89
1933,190
2028,283
2127,377
2225,471
2323,567
2421,665
2511,757
2607,846
2702,939
2797,1034
2893,1122
2990,1218
3085,1309
3178,1400
3271,1493
3371,1581
3463,1678
3553,1764
3649,1854
3744,1946
3838,2033
3937,2125
4025,2214
4124,2303
4213,2395
4302,2490
4399,2576
4493,2669
4590,2758
4681,2850
4773,2944
4867,3033
4962,3124
5060,3217
5153,3308
5249,3404
5340,3495
5433,3589
5536,3681
5630,3775
5721,3859
5817,3951
5912,4044
6001,4130
6097,4223
6195,4316
6290,4410
6387,4505
6476,4596
6578,4692
6669,4783
6768,4874
6860,4965
6951,5060
7044,5151
7142,5237
7232,5325
7336,5413
7426,5503
7523,5594
7617,5687
7710,5779
7804,5867
7895,5959
7980,6051
8076,6137
8172,6229
8265,6323
8365,6411
8457,6500
8552,6590
8649,6685
8740,6775
8836,6865
8929,6962
9029,7053
9118,7149
9216,7241
9314,7334
9406,7429
9499,7526
9594,7614
9695,7710
9792,7805
9890,7892
9983,7984
10077,8078
10168,8170
10261,8268
10360,8362
10453,8452
10550,8553
10640,8641
10738,8732
10833,8824
10931,8915
11028,9007
11120,9102
11211,9197
11309,9285
11407,9374
11494,9464
11588,9553
11682,9649
11778,9737
11874,9824
11962,9915
12052,10004
12145,10098
12236,10187
12326,10275
12418,10364
12512,10451
12607,10540
12706,10629
12801,10719
12891,10810
12983,10899
13074,10992
13168,11081
13265,11175
13360,11269
13454,11361
13548,11448
13639,11545
13739,11633
13834,11725
13923,11819
14022,11909
14115,11998
14208,12086
14304,12181
14396,12269
14495,12361
14585,12450
14681,12543
14775,12638
14869,12728
14968,12820
15063,12913
15153,13004
15250,13093
15343,13187
15437,13279
15532,13368
15626,13459
15715,13546
15809,13639
15905,13728
15994,13816
16084,13906
16181,13998
16271,14083
16364,14174
75,14266
166,14352
262,14444
355,14530
450,14623
547,14719
637,14807
736,14898
830,14989
923,15078
1014,15170
1115,15264
1209,15356
1299,15453
1392,15540
1485,15630
1583,15725
1680,15819
1771,15914
1872,16010
1966,16105
2059,16193
2152,16285
2250,16376
2345,87
2438,182
2529,274
2625,369
2717,462
2810,552
2906,642
3000,736
3102,830
3189,922
3285,1011
3377,1101
3463,1193
3561,1285
3654,1368
3746,1462
3838,1556
3929,1648
4026,1734
4116,1824
4214,1914
4305,2003
4401,2094
4494,2179
4591,2273
4681,2361
4773,2452
4870,2542
4959,2631
5055,2721
5153,2814
5248,2903
5343,2998
5441,3094
5536,3183
5631,3273
5733,3365
5821,3460
5920,3551
6011,3645
6103,3737
6201,3824
6297,3916
6397,4009
6495,4101
6592,4194
6691,4288
6784,4382
6878,4473
6976,4567
7073,4656
7162,4746
7258,4837
7354,4934
7450,5028
7545,5120
7643,5208
7739,5297
7832,5389
7923,5486
8018,5574
8106,5663
8203,5754
8302,5848
8400,5941
8492,6026
8590,6118
8685,6214
8780,6305
8879,6397
8974,6489
9066,6579
9165,6678
9261,6768
9359,6859
9454,6958
9550,7049
9647,7144
9744,7241
9848,7334
9939,7426
10034,7522
10128,7617
10223,7715
10325,7810
10423,7905
10515,7996
10610,8092
10712,8191
10809,8283
10905,8376
10997,8473
11098,8571
11194,8664
11294,8759
11385,8852
11482,8951
11575,9044
11674,9136
11769,9227
11869,9321
11966,9417
12052,9512
12148,9603
12243,9696
12338,9786
12436,9875
12534,9972
12630,10067
12731,10160
12827,10251
12927,10343
13023,10438
13123,10533
13217,10624
13318,10715
13412,10809
13509,10903
13606,10995
13713,11088
13813,11187
13907,11279
14004,11375
14105,11474
14204,11565
14304,11663
14403,11759
14502,11854
14603,11951
14699,12041
14792,12129
14897,12224
14993,12322
15092,12418
15190,12516
15289,12615
15389,12708
15483,12802
15581,12896
15682,12989
15781,13079
15870,13176
15976,13270
16065,13362
16160,13461
16254,13551
16349,13639
59,13729
157,13825
255,13918
353,14012
449,14101
545,14189
640,14286
741,14374
838,14468
936,14562
1025,14652
1121,14741
1221,14836
1319,14926
1413,15021
1506,15112
1601,15205
1697,15303
1795,15397
1889,15486
1984,15578
2082,15675
2180,15768
2274,15859
2369,15959
2461,16050
2554,16140
2650,16236
2746,16327
2832,40
2929,132
3027,226
3117,319
3210,411
3304,501
3397,590
3486,689
3582,777
3679,868
3769,963
3857,1058
3950,1150
4040,1237
4139,1327
4228,1416
4321,1505
4416,1598
4509,1687
4600,1774
4696,1863
4785,1956
4882,2044
4974,2133
5070,2223
5165,2313
5259,2403
5351,2493
5447,2580
5544,2671
5638,2763
5736,2855
5834,2948
5929,3042
6022,3131
6116,3225
6209,3317
6306,3406
6402,3499
6499,3591
6594,3683
6694,3772
6790,3861
6880,3957
6972,4047
7068,4137
7163,4232
7260,4322
7350,4418
7447,4510
7538,4602
7635,4695
7730,4786
7824,4879
7915,4970
8007,5058
8103,5150
8196,5239
8293,5335
8385,5424
8477,5509
8573,5601
8667,5692
8758,5778
8859,5865
8952,5957
9046,6048
9139,6137
9233,6221
9329,6317
9422,6406
9512,6495
9609,6585
9701,6672
9797,6768
9898,6857
9986,6948
10078,7039
10170,7130
10265,7225
10363,7315
10457,7406
10546,7500
10636,7589
10731,7682
10821,7772
10913,7866
11010,7958
11101,8046
11196,8137
11293,8229
11377,8321
11468,8411
11556,8505
11653,8594
11749,8691
11838,8778
11928,8867
12016,8956
12104,9046
12197,9137
12287,9228
12373,9313
12469,9405
12563,9493
12656,9584
12746,9675
12840,9756
12931,9845
13020,9935
13115,10020
13211,10112
13299,10197
13393,10289
13488,10380
13582,10465
13672,10553
13769,10641
13865,10730
13957,10820
14048,10909
14143,10996
14231,11087
14328,11176
14426,11270
14523,11359
14613,11450
14707,11542
14803,11631
14897,11721
14989,11814
15085,11907
15180,11998
15268,12083
15364,12175
15460,12269
15556,12357
15648,12447
15748,12540
15835,12637
15925,12723
16020,12821
16117,12913
16207,12997
16300,13088
4,13177
102,13272
194,13365
285,13456
384,13544
479,13633
573,13723
662,13809
759,13901
848,13991
948,14083
1041,14173
1138,14261
1235,14355
1328,14442
1419,14530
1512,14621
1608,14716
1708,14801
1798,14892
1890,14983
1990,15077
2085,15165
2174,15256
2270,15351
2364,15443
2458,15535
2551,15629
2647,15726
2736,15822
2834,15915
2930,16008
3020,16097
3111,16187
3207,16276
3301,16370
3389,80
3481,175
3575,268
3672,356
3763,453
3851,541
3946,635
4036,726
4128,824
4220,912
4312,1000
4405,1094
4501,1186
4593,1272
4687,1366
4782,1459
4879,1549
4972,1636
5066,1727
5168,1817
5264,1907
5354,1999
5448,2087
5545,2176
5638,2272
5732,2358
5835,2447
5931,2538
6030,2630
6123,2723
6222,2815
6320,2911
6412,3002
6508,3096
6606,3194
6708,3286
6805,3379
6901,3471
6998,3565
7093,3661
7190,3753
7291,3844
7386,3933
7480,4034
7577,4127
7673,4225
7772,4315
7865,4413
7963,4506
8055,4601
8151,4693
8248,4787
8347,4881
8439,4978
8537,5077
8633,5167
8735,5259
8834,5351
8931,5446
9029,5536
9120,5627
9220,5724
9316,5817
9421,5911
9515,6003
9612,6096
9712,6190
9807,6284
9902,6370
10003,6465
10101,6560
10198,6651
10293,6749
10391,6846
10493,6937
10584,7030
10683,7126
10777,7224
10874,7317
10973,7414
11070,7505
11166,7608
11266,7702
11355,7792
11457,7889
11554,7988
11650,8080
11745,8176
11835,8271
11931,8368
12026,8461
12122,8555
12214,8653
12310,8746
12410,8838
12502,8929
12596,9024
12685,9118
12788,9210
12881,9305
12981,9393
13077,9488
13174,9576
13272,9669
13364,9763
13455,9855
13557,9943
13658,10033
13748,10127
13845,10216
13941,10308
14041,10398
14139,10489
14235,10579
14332,10668
14425,10761
14523,10856
14619,10943
14713,11038
14806,11131
14900,11220
15001,11317
15099,11407
15193,11499
15293,11594
15385,11687
15480,11782
15572,11871
15669,11961
15766,12057
15859,12149
15957,12240
16050,12330
16146,12422
16234,12518
16332,12609
40,12704
136,12797
230,12891
320,12981
416,13074
510,13165
606,13257
698,13346
799,13437
895,13527
988,13618
1078,13709
1174,13798
1273,13888
1361,13982
1460,14073
1560,14163
1652,14254
1742,14343
1841,14435
1939,14524
2031,14615
2126,14709
2219,14798
2319,14892
2414,14984
2507,15080
2600,15170
2690,15262
2789,15357
2882,15451
2975,15543
3071,15640
3168,15732
3262,15829
3351,15919
3449,16014
3541,16102
3637,16199
3728,16292
3820,1
3911,94
4006,190
4096,285
4188,378
4284,470
4380,567
4473,657
4572,748
4663,843
4761,933
4855,1024
4947,1119
5044,1209
5140,1301
5235,1390
5331,1482
5429,1568
5528,1660
5618,1750
5717,1839
5813,1931
5906,2023
6003,2114
6100,2199
6193,2289
6290,2379
6388,2472
6483,2561
6575,2650
6673,2743
6770,2837
6865,2925
6959,3016
7058,3108
7151,3198
7248,3292
7340,3387
7432,3476
7530,3570
7624,3662
7719,3754
7813,3843
7909,3933
8001,4021
8096,4113
8188,4206
8278,4297
8373,4390
8476,4483
8565,4570
8655,4664
8746,4752
8842,4845
8938,4935
9027,5026
9129,5121
9221,5206
9314,5299
9409,5390
9503,5480
9598,5567
9694,5654
9790,5747
9883,5837
9977,5929
10070,6017
10160,6104
10261,6191
10349,6286
10445,6377
10541,6466
10635,6555
10734,6648
10823,6739
10920,6828
11007,6918
11107,7013
11199,7111
11290,7199
11387,7296
11477,7386
11573,7475
11669,7573
11760,7666
11851,7760
11945,7852
12031,7942
12124,8036
12214,8131
12312,8222
12403,8316
12495,8410
12587,8504
12680,8599
12777,8688
12873,8784
12971,8878
13062,8969
13159,9059
13251,9154
13346,9244
13443,9337
13538,9427
13641,9515
13731,9608
13826,9700
13922,9791
14016,9878
14106,9970
14208,10067
14305,10153
14400,10241
14497,10330
14592,10422
14683,10513
14783,10603
14882,10694
14973,10784
15075,10877
15167,10967
15264,11059
15358,11152
15455,11243
15547,11337
15641,11430
15735,11519
15835,11612
15931,11706
16027,11797
16113,11895
16213,11986
16304,12068
12,12158
108,12254
207,12344
299,12437
394,12533
486,12624
580,12714
678,12805
780,12901
873,12994
967,13087
1062,13175
1157,13268
1247,13362
1350,13448
1441,13538
1536,13628
1632,13720
1727,13813
1825,13906
1919,13996
2016,14080
2112,14175
2203,14264
2306,14359
2397,14450
2496,14541
2588,14632
2685,14721
2778,14811
2875,14905
2970,15002
3063,15096
3158,15191
3257,15279
3349,15374
3445,15471
3538,15567
3635,15664
3725,15757
3817,15854
3913,15950
4013,16047
4103,16141
4200,16237
4296,16331
4392,40
4489,141
4585,237
4681,333
4778,428
4874,523
4974,618
5067,712
5165,808
5263,905
5356,998
5456,1091
5556,1187
5655,1279
5757,1370
5852,1462
5951,1557
6046,1651
6143,1744
6241,1838
6341,1930
6438,2018
6534,2112
6633,2207
6734,2295
6835,2387
6934,2485
7034,2573
7129,2671
7227,2765
7322,2859
7417,2948
7514,3039
7611,3133
7704,3228
7805,3325
7902,3419
7993,3512
8091,3604
8186,3696
8283,3786
8374,3880
8470,3971
8563,4065
8654,4156
8749,4249
8848,4347
8950,4438
9043,4530
9139,4622
9236,4712
9329,4803
9424,4897
9516,4991
9612,5083
9706,5175
9806,5262
9903,5354
9995,5445
10088,5536
10183,5625
10278,5714
10375,5803
10470,5892
10561,5982
10653,6069
10746,6160
10841,6253
10932,6338
11029,6429
11121,6518
11218,6608
11308,6700
11397,6794
11495,6886
11588,6977
11679,7068
11775,7160
11869,7252
11958,7343
12048,7438
12136,7528
12231,7620
12323,7715
12417,7805
12507,7896
12603,7994
12695,8086
12791,8174
12881,8266
12978,8363
13067,8455
13167,8547
13260,8641
13355,8734
13449,8823
13543,8913
13637,9006
13733,9094
13832,9185
13928,9281
14023,9373
14117,9463
14211,9552
14307,9639
14404,9728
14504,9818
14599,9915
14694,10003
14786,10091
14879,10179
14977,10271
15073,10357
15168,10452
15266,10541
15355,10632
15450,10722
15546,10810
15641,10901
15737,10992
15826,11082
15923,11174
16019,11266
16110,11356
16200,11449
16297,11541
3,11631
101,11730
192,11816
288,11910
374,11996
469,12088
564,12180
657,12272
756,12359
846,12453
941,12546
1036,12638
1133,12727
1222,12815
1314,12909
1411,12999
1505,13091
1593,13179
1693,13273
1787,13362
1877,13450
1971,13537
2070,13627
2160,13715
2254,13807
2347,13894
2439,13982
2535,14070
2629,14160
2718,14249
2810,14340
2907,14430
3000,14519
3094,14606
3185,14699
3276,14785
3372,14874
3466,14963
3555,15053
3646,15143
3741,15237
3823,15325
3911,15422
4004,15510
4096,15603
4190,15695
4286,15785
4379,15883
4466,15972
4558,16066
4656,16151
4745,16243
4844,16335
4940,46
5034,138
5127,229
5219,321
5310,415
5405,508
5502,599
5596,686
5689,777
5785,870
5878,959
5975,1049
6070,1138
6167,1228
6260,1318
6353,1408
6447,1501
6539,1589
6635,1677
6730,1769
6823,1858
6916,1944
7011,2032
7105,2120
7202,2208
7296,2302
7388,2390
7486,2480
7578,2574
7671,2665
7764,2757
7855,2849
7950,2941
8041,3029
8133,3119
8225,3211
8314,3303
8414,3395
8505,3489
8600,3585
8693,3673
8786,3762
8873,3852
8971,3944
9070,4037
9168,4126
9258,4221
9352,4312
9445,4406
9538,4498
9639,4589
9725,4680
9824,4775
9920,4865
10015,4955
10108,5045
10201,5139
10298,5231
10392,5319
10483,5407
10577,5500
10674,5591
10766,5682
10864,5772
10956,5864
11057,5952
11149,6044
11244,6132
11332,6223
11432,6319
11523,6411
11616,6502
11711,6595
11799,6682
11899,6777
11991,6869
12078,6961
12170,7053
12269,7149
12363,7241
12460,7334
12555,7430
12644,7521
12742,7618
12836,7710
12932,7804
13029,7898
13126,7989
13217,8084
13313,8176
13408,8274
13503,8367
13598,8462
13693,8558
13791,8653
13886,8747
13979,8843
14072,8933
14173,9025
14276,9117
14368,9208
14462,9302
14561,9392
14654,9489
14751,9577
14848,9671
14945,9761
15044,9847
15140,9939
15235,10036
15334,10128
15428,10217
15525,10309
15619,10399
15717,10492
15809,10585
15906,10677
16003,10769
16097,10859
16189,10957
16284,11050
16380,11141
94,11235
189,11327
285,11420
381,11518
477,11613
574,11702
669,11800
767,11896
867,11987
964,12078
1058,12174
1159,12269
1255,12361
1350,12459
1451,12551
1546,12647
1645,12743
1739,12841
1842,12928
1940,13029
2037,13123
2135,13212
2236,13308
2329,13402
2424,13498
2521,13589
2620,13683
2726,13778
2819,13872
2910,13963
3008,14053
3107,14145
3204,14243
3307,14337
3398,14429
3498,14524
3594,14617
3689,14714
3786,14808
3878,14901
3972,15001
4069,15094
4164,15191
4257,15282
4358,15377
4454,15470
4552,15572
4646,15668
4747,15767
4846,15864
4943,15961
5039,16055
5142,16150
5239,16240
5336,16334
5436,48
5525,145
5622,240
5728,336
5821,430
5917,522
6014,617
6109,712
6208,811
6304,906
6400,996
6496,1089
6595,1181
6692,1273
6795,1360
6883,1457
6980,1542
7076,1636
7173,1728
7273,1822
7363,1914
7460,2000
7555,2088
7649,2181
7744,2275
7836,2364
7930,2454
8020,2545
8115,2636
8207,2729
8307,2821
8400,2911
8494,3000
8587,3091
8680,3185
8773,3274
8869,3369
8964,3463
9057,3556
9152,3648
9244,3737
9344,3827
9437,3919
9531,4007
9624,4102
9719,4189
9817,4283
9909,4373
10008,4465
10103,4562
10197,4650
10295,4745
10391,4838
10485,4927
10575,5016
10674,5107
10770,5198
10864,5294
10958,5383
11051,5471
11149,5563
11244,5655
11337,5745
11429,5835
11524,5928
11621,6019
11715,6109
11809,6198
11907,6289
12000,6381
12090,6473
12182,6561
12273,6656
12372,6745
12465,6840
12563,6933
12660,7027
12757,7120
12848,7210
12944,7303
13039,7401
13140,7488
13232,7586
13332,7682
13428,7772
13522,7865
13619,7955
13715,8049
13813,8144
13906,8237
13998,8331
14103,8423
14194,8515
14291,8610
14390,8702
14479,8794
14580,8885
14675,8975
14773,9070
14866,9163
14956,9253
15053,9342
15148,9431
15242,9518
15341,9610
15433,9699
15527,9788
15617,9879
15718,9968
15806,10059
15897,10146
15991,10232
16084,10323
16178,10414
16268,10510
16358,10596
69,10686
160,10778
259,10866
351,10961
443,11046
538,11135
628,11231
722,11319
818,11411
907,11502
1000,11593
1097,11683
1192,11773
1285,11865
1376,11959
1475,12047
1561,12136
1656,12229
1754,12318
1853,12409
1941,12502
2035,12593
2129,12685
2221,12779
2316,12864
2405,12955
2501,13051
2597,13141
2692,13230
2784,13318
2879,13411
2969,13498
3065,13592
3160,13678
3255,13767
3346,13860
3437,13948
3532,14034
3626,14120
3720,14212
3807,14302
3900,14391
3996,14483
4091,14574
4182,14662
4278,14752
4369,14842
4463,14932
4554,15023
4649,15116
4742,15210
4840,15300
4933,15396
5028,15490
5124,15576
5222,15668
5315,15766
5409,15860
5506,15949
5604,16040
5699,16126
5794,16217
5889,16316
5985,20
6075,113
6171,207
6269,298
6362,390
6458,483
6553,576
6646,669
6741,758
6830,851
6930,944
7023,1032
7118,1120
7211,1210
7310,1302
7402,1392
7497,1485
7593,1569
7684,1655
7775,1747
7867,1836
7957,1925
8046,2013
8139,2104
8233,2192
8330,2283
8421,2373
8513,2468
8605,2554
8692,2643
8795,2732
8890,2825
8979,2914
9072,3006
9165,3101
9263,3194
9356,3286
9451,3374
9545,3467
9638,3558
9734,3652
9820,3743
9918,3834
10015,3921
10110,4014
10198,4110
10298,4202
10392,4296
10486,4389
10582,4481
10675,4571
10775,4667
10866,4760
10960,4850
11054,4940
11150,5035
11248,5125
11343,5215
11437,5306
11528,5402
11625,5492
11715,5585
11814,5677
11912,5766
12004,5860
12096,5954
12187,6046
12282,6136
12380,6228
12474,6323
12574,6414
12671,6506
12763,6598
12861,6692
12957,6783
13053,6875
13154,6969
13257,7067
13350,7160
13443,7254
13539,7350
13640,7446
13738,7545
13832,7642
13931,7737
14033,7831
14131,7927
14225,8018
14327,8115
14425,8208
14519,8300
14615,8399
14715,8494
14808,8589
14905,8681
15002,8775
15103,8865
15201,8963
15297,9060
15393,9150
15489,9245
15586,9338
15687,9434
15782,9525
15877,9615
15969,9708
16068,9799
16163,9893
16254,9982
16352,10076
64,10164
158,10256
255,10348
346,10440
446,10531
546,10624
642,10716
734,10807
829,10900
923,10992
1020,11083
1115,11174
1215,11270
1311,11359
1403,11455
1507,11553
1601,11647
1693,11738
1791,11828
1890,11925
1981,12018
2077,12104
2173,12197
2259,12291
2358,12385
2451,12477
2547,12568
2647,12667
2740,12758
2834,12850
2928,12942
3021,13031
3120,13123
3216,13217
3309,13311
3405,13405
3500,13491
3593,13583
3687,13675
3780,13768
3869,13857
3965,13944
4056,14039
4152,14128
4245,14220
4344,14310
4434,14400
4528,14495
4624,14583
4715,14674
4810,14766
4903,14860
5000,14948
5095,15043
5193,15134
5288,15227
5381,15318
5475,15413
5572,15508
5667,15602
5762,15691
5855,15789
5949,15877
6040,15975
6139,16066
6236,16156
6335,16246
6425,16341
6515,52
6613,147
6710,243
6803,333
6898,424
6996,515
7095,608
7190,703
7284,795
7368,884
7465,977
7561,1069
7656,1160
7751,1252
7841,1343
7934,1433
8024,1521
8120,1614
8214,1708
8303,1793
8399,1879
8495,1968
8588,2064
8680,2151
8778,2241
8875,2331
8968,2422
9057,2512
9153,2607
9249,2701
9341,2790
9434,2880
9534,2974
9632,3064
9729,3158
9820,3252
9914,3343
10009,3438
10103,3524
10198,3616
10291,3709
10386,3800
10485,3891
10574,3985
10671,4077
10773,4169
10870,4262
10963,4354
11054,4451
11150,4534
11242,4630
11337,4723
11434,4817
11524,4909
11624,4998
11716,5088
11812,5179
11906,5265
11999,5360
12088,5448
12178,5542
12268,5631
12366,5721
12460,5810
12560,5899
12652,5994
12744,6081
12836,6167
12933,6259
13023,6352
13118,6438
13217,6531
13313,6620
13409,6716
13502,6809
13594,6895
13689,6987
13787,7075
13884,7171
13977,7265
14073,7353
14167,7443
14258,7538
14355,7629
14453,7720
14543,7812
14641,7902
14732,7990
14826,8086
14917,8180
15013,8270
15109,8360
15201,8452
15297,8549
15391,8638
15484,8727
15577,8817
15671,8911
15777,9002
15865,9092
15957,9185
16045,9275
16134,9364
16228,9458
16314,9547
27,9639
122,9723
211,9812
304,9906
400,9995
491,10085
587,10171
680,10264
775,10354
874,10445
962,10533
1064,10618
1159,10709
1247,10802
1341,10891
1438,10982
1536,11073
1630,11165
1724,11257
1815,11353
1912,11446
2007,11538
2104,11628
2197,11721
2290,11811
2384,11907
2482,12000
2577,12089
2676,12181
2772,12273
2867,12364
2960,12455
3052,12552
3147,12645
3244,12740
3338,12831
3433,12923
3529,13018
3621,13107
3717,13203
3811,13294
3900,13384
3993,13477
4085,13567
4182,13657
4278,13746
4375,13840
4472,13930
4559,14020
4655,14110
4752,14202
4845,14294
4941,14385
5043,14476
5136,14565
5231,14661
5329,14751
5423,14840
5515,14935
5614,15028
5709,15119
5806,15211
5903,15303
5999,15393
6090,15488
6192,15581
6285,15675
6384,15766
6476,15864
6569,15957
6667,16046
6766,16140
6855,16234
6947,16321
7044,36
7139,129
7235,221
7331,315
7432,410
7525,502
7623,595
7715,687
7813,780
7900,879
7996,970
8086,1062
8177,1150
8280,1244
8373,1339
8462,1429
8564,1526
8658,1615
8752,1707
8857,1800
8950,1889
9048,1979
9142,2073
9243,2166
9339,2260
9433,2352
9533,2445
9633,2539
9733,2632
9825,2727
9921,2823
10013,2915
10118,3009
10219,3105
10316,3202
10411,3295
10511,3394
10610,3488
10707,3585
10805,3682
10905,3777
10999,3867
11098,3965
11200,4057
11299,4153
11394,4246
11491,4346
11589,4446
11687,4539
11787,4636
11885,4729
11980,4826
12077,4917
12170,5013
12262,5105
12362,5199
12460,5299
12557,5391
12653,5483
12749,5575
12850,5666
12952,5758
13046,5851
13145,5947
13239,6037
13342,6131
13435,6219
13535,6308
13628,6404
13727,6499
13822,6592
13919,6685
14024,6776
14115,6870
14213,6965
14313,7057
14407,7149
14505,7240
14604,7336
14697,7428
14791,7521
14888,7618
14988,7712
15082,7807
15177,7897
15277,7992
15370,8086
15465,8174
15557,8264
15653,8360
15749,8456
15841,8546
15939,8639
16029,8731
16123,8821
16213,8912
16308,9003
16,9094
106,9184
205,9277
299,9368
390,9457
484,9545
579,9640
674,9733
770,9822
863,9908
957,10000
1056,10090
1148,10179
1243,10265
1339,10352
1435,10446
1529,10536
1623,10629
1720,10718
1814,10816
1910,10908
2004,10995
2098,11087
2195,11182
2284,11274
2385,11363
2477,11457
2568,11549
2667,11643
2758,11734
2858,11828
2951,11918
3044,12013
3145,12109
3233,12203
3329,12297
3424,12390
3516,12482
3612,12572
3704,12663
3802,12758
3897,12855
3989,12947
4078,13041
4173,13132
4265,13226
4361,13316
4453,13413
4550,13507
4648,13598
4741,13689
4838,13783
4929,13869
5025,13961
5121,14051
5214,14142
5313,14235
5409,14327
5504,14413
5598,14507
5693,14600
5791,14687
5886,14779
5983,14874
6076,14967
6169,15058
6265,15149
6364,15241
6460,15328
6553,15423
6647,15516
6741,15612
6833,15698
6928,15792
7023,15887
7111,15976
7213,16067
7307,16159
7395,16247
7486,16335
7579,48
7673,137
7766,228
7866,319
7954,409
8037,499
8133,592
8223,677
8316,771
8411,862
8502,953
8596,1041
8689,1130
8776,1216
8870,1306
8966,1395
9060,1483
9156,1570
9245,1657
9341,1749
9435,1835
9526,1923
9615,2009
9713,2098
9798,2188
9898,2274
9990,2366
10081,2453
10175,2543
10274,2630
10366,2722
10458,2814
10551,2904
10643,2992
10732,3086
10831,3178
10926,3270
11013,3363
11106,3456
11203,3546
11295,3640
11391,3729
11481,3819
11576,3916
11668,4008
11767,4102
11857,4196
11945,4291
12033,4385
12125,4480
12218,4572
12308,4663
12396,4758
12494,4852
12588,4946
12681,5041
12776,5134
12869,5226
12958,5323
13054,5420
13142,5511
13239,5608
13332,5699
13424,5790
13516,5885
13611,5982
13699,6072
13793,6166
13886,6263
13979,6357
14076,6449
14170,6544
14268,6636
14355,6731
14448,6824
14544,6918
14642,7013
14733,7113
14822,7204
14915,7298
15006,7397
15102,7491
15195,7587
15290,7681
15381,7776
15468,7873
15559,7969
15659,8060
15752,8154
15849,8255
15942,8346
16031,8437
16119,8531
16217,8627
16305,8719
15,8812
108,8905
201,8999
298,9092
393,9185
488,9279
585,9364
677,9454
772,9545
866,9636
959,9733
1056,9821
1148,9908
1243,9995
1334,10085
1434,10177
1529,10265
1619,10352
1719,10446
1815,10533
1906,10618
1999,10712
2094,10800
2192,10889
2292,10978
2384,11068
2479,11157
2575,11250
2671,11338
2765,11429
2859,11524
2956,11614
3048,11704
3137,11796
3230,11888
3327,11978
3418,12064
3518,12159
3608,12248
3704,12339
3798,12430
3886,12522
3981,12618
4072,12710
4168,12800
4266,12893
4358,12983
4456,13073
4553,13163
4645,13256
4738,13349
4837,13438
4935,13526
5029,13619
5127,13708
5219,13798
5318,13893
5414,13980
5512,14071
5612,14162
5706,14256
5803,14345
5900,14437
6000,14525
6097,14617
6196,14713
6300,14805
6391,14899
6494,14995
6588,15088
6685,15178
6784,15270
6885,15368
6982,15463
7076,15555
7178,15652
7274,15751
7371,15848
7470,15942
7566,16039
7666,16138
7764,16228
7859,16330
7952,37
8047,128
8145,227
8237,326
8337,420
8432,519
8530,618
8629,715
8723,807
8822,904
8916,994
9015,1093
9119,1185
9216,1283
9311,1375
9408,1471
9508,1564
9605,1652
9697,1749
9799,1842
9897,1933
9994,2029
10091,2121
10191,2213
10284,2307
10384,2402
10478,2491
10576,2580
10674,2675
10768,2768
10863,2854
10961,2953
11058,3042
11152,3132
11248,3228
11343,3321
11438,3412
11534,3507
11626,3599
11720,3693
11818,3782
11914,3871
12005,3958
12098,4051
12189,4144
12281,4233
12378,4321
12476,4410
12573,4505
12661,4592
12759,4679
12856,4771
12946,4859
13043,4943
13145,5037
13236,5122
13328,5211
13426,5295
13523,5378
13617,5467
13712,5552
13809,5639
13904,5723
14001,5810
14100,5892
14195,5978
14290,6065
14381,6153
14479,6237
14578,6318
14667,6404
14763,6494
14855,6580
14953,6665
15046,6750
15141,6839
15235,6925
15331,7013
15419,7103
15514,7192
15609,7276
15706,7368
15798,7455
15892,7547
15981,7634
16076,7729
16170,7817
16262,7903
16353,7992
61,8082
153,8179
246,8269
337,8357
432,8450
523,8540
621,8631
716,8722
810,8810
900,8901
993,8995
1089,9089
1190,9181
1284,9271
1378,9361
1470,9455
1572,9541
1661,9628
1757,9719
1855,9808
1949,9903
2044,9998
2138,10086
2234,10174
2332,10265
2425,10355
2527,10446
2621,10540
2718,10635
2817,10728
2909,10818
2999,10911
3094,11005
3194,11096
3289,11190
3390,11283
3478,11378
3575,11472
3669,11564
3763,11662
3855,11753
3942,11850
4037,11939
4136,12029
4227,12121
4325,12215
4418,12309
4510,12403
4601,12498
4694,12587
4784,12684
4882,12776
4979,12867
5081,12961
5174,13051
5264,13140
5358,13239
5451,13326
5547,13416
5641,13504
5735,13595
5828,13684
5920,13772
6012,13862
6110,13952
6202,14039
6293,14129
6393,14217
6482,14307
6578,14396
6671,14485
6760,14573
6852,14666
6943,14754
7037,14844
7126,14932
7215,15025
7310,15113
7404,15205
7496,15297
7585,15387
7676,15480
7768,15575
7863,15665
7951,15752
8040,15844
8132,15940
8224,16031
8315,16119
8411,16211
8501,16303
8596,12
8686,106
8779,193
8871,283
8965,378
9061,467
9156,563
9251,654
9347,742
9439,836
9536,925
9630,1012
9722,1105
9818,1196
9913,1288
10003,1377
10093,1466
10192,1556
10289,1650
10389,1740
10484,1827
10583,1918
10676,2005
10772,2094
10865,2185
10955,2274
11055,2369
11150,2458
11247,2551
11347,2649
11440,2736
11532,2830
11629,2919
11723,3011
11818,3108
11904,3199
12001,3293
12095,3382
12189,3476
12277,3570
12380,3664
12472,3757
12568,3847
12660,3939
12758,4033
12855,4124
12949,4216
13045,4310
13138,4403
13233,4496
13333,4590
13426,4684
13525,4780
13618,4873
13713,4963
13810,5055
13902,5150
14000,5240
14101,5332
14196,5419
14291,5508
14385,5597
14479,5690
14578,5782
14674,5875
14770,5967
14863,6058
14960,6149
15052,6240
15146,6334
15241,6427
15338,6517
15429,6608
15522,6696
15620,6792
15720,6885
15814,6981
15906,7073
15999,7165
16086,7260
16179,7353
16276,7451
16371,7542
85,7633
180,7731
268,7824
361,7914
456,8012
554,8105
646,8202
738,8292
837,8389
939,8483
1032,8580
1128,8674
1221,8765
1322,8860
1415,8955
1514,9044
1607,9138
1705,9234
1807,9328
1897,9419
1995,9509
2089,9601
2186,9693
2287,9789
2386,9882
2484,9972
2579,10063
2677,10153
2774,10242
2865,10334
2963,10430
3060,10522
3154,10614
3250,10708
3354,10799
3449,10892
3544,10984
3639,11082
3736,11171
3829,11261
3919,11356
4012,11454
4109,11546
4206,11638
4303,11732
4394,11828
4491,11926
4596,12014
4689,12104
4786,12200
4884,12293
4977,12389
5078,12482
5176,12573
5271,12668
5370,12759
5466,12850
5558,12945
5651,13037
5751,13130
5849,13226
5948,13318
6042,13411
6136,13496
6232,13588
6330,13679
6428,13771
6521,13863
6615,13949
6713,14039
6811,14130
6905,14223
7002,14311
7097,14402
7187,14497
7287,14584
7377,14673
7475,14763
7568,14849
7664,14940
7757,15034
7854,15123
7948,15217
8035,15307
8125,15399
8221,15490
8316,15584
8405,15676
8496,15770
8594,15863
8688,15953
8787,16045
8884,16134
8977,16226
9068,16321
9162,25
9258,123
9352,215
9445,307
9545,398
9637,490
9734,585
9827,672
9917,765
10013,853
10106,945
10202,1037
10296,1127
10387,1215
10484,1305
10579,1397
10668,1486
10765,1576
10864,1663
10959,1752
11052,1844
11137,1933
11232,2017
11325,2109
11417,2196
11515,2286
11605,2374
11702,2467
11797,2561
11886,2649
11978,2738
12067,2827
12156,2919
12249,3008
12343,3104
12434,3192
12529,3289
12629,3382
12720,3477
12812,3564
12905,3655
12999,3745
13096,3835
13188,3926
13287,4015
13378,4109
13473,4202
13570,4294
13663,4390
13754,4477
13845,4570
13942,4662
14040,4755
14135,4849
14227,4938
14324,5031
14423,5124
14516,5213
14609,5303
14700,5391
14794,5484
14888,5577
14989,5665
15078,5755
15173,5843
15264,5932
15357,6022
15452,6110
15551,6201
15642,6290
15741,6380
15828,6469
15927,6562
16014,6652
16109,6744
16198,6834
16290,6930
16380,7019
90,7110
186,7200
275,7290
368,7383
466,7483
565,7568
654,7662
746,7757
839,7847
930,7940
1030,8032
1122,8123
1215,8214
1311,8307
1404,8399
1499,8493
1591,8586
1684,8676
1780,8769
1874,8855
1972,8946
2067,9039
2161,9127
2250,9215
2346,9308
2439,9400
2534,9490
2625,9579
2716,9669
2809,9755
2902,9842
2995,9932
3088,10022
3184,10109
3278,10198
3370,10286
3465,10381
3556,10467
3652,10558
3745,10647
3833,10732
3921,10823
4015,10917
4102,11002
4191,11094
4289,11189
4383,11278
4480,11370
4570,11458
4665,11547
4757,11643
4852,11731
4940,11818
5038,11912
5136,12004
5225,12092
5324,12185
5422,12275
5511,12368
5603,12459
5700,12551
5792,12638
5891,12734
5986,12826
6077,12917
6171,13011
6266,13100
6362,13191
6459,13286
6549,13371
6642,13459
6743,13553
6836,13644
6932,13733
7027,13822
7119,13913
7217,14006
7304,14093
7402,14183
7499,14271
7599,14365
7689,14454
7779,14545
7873,14638
7960,14731
8054,14822
8148,14913
8242,15006
8336,15096
8434,15187
8530,15282
8621,15376
8712,15470
8809,15562
8904,15651
8999,15751
9096,15844
9195,15936
9290,16026
9382,16121
9475,16215
9571,16306
9667,18
9763,109
9858,199
9954,293
10045,387
10145,480
10240,574
10329,671
10427,758
10522,852
10610,943
10712,1040
10804,1130
10903,1219
10999,1311
11090,1400
11187,1491
11278,1582
11373,1670
11468,1768
11560,1857
11649,1948
11746,2034
11838,2125
11933,2215
12027,2304
12120,2394
12214,2485
12301,2576
12397,2669
12492,2759
12587,2855
12686,2942
12781,3034
12878,3126
12973,3223
13069,3315
13157,3402
13256,3500
13358,3592
13447,3686
13546,3782
13643,3869
13738,3962
13831,4056
13927,4146
14025,4242
14128,4335
14224,4431
14318,4524
14418,4615
14515,4709
14610,4806
14709,4896
14806,4990
14908,5081
15005,5177
15097,5269
15198,5360
15295,5454
15395,5545
15492,5638
15585,5735
15683,5827
15776,5914
15877,6009
15972,6101
16071,6194
16164,6289
16257,6375
16353,6471
67,6564
170,6666
265,6763
364,6855
458,6946
558,7040
658,7137
754,7236
852,7330
949,7428
1044,7525
1145,7622
1244,7720
1336,7814
1437,7909
1532,8000
1637,8099
1736,8191
1832,8285
1924,8382
2020,8479
2122,8577
2218,8670
2317,8767
2417,8859
2512,8956
2609,9050
2704,9144
2802,9238
2898,9329
2997,9426
3093,9518
3189,9608
3283,9701
3380,9791
3480,9883
3572,9974
3666,10064
3764,10155
3853,10248
3947,10337
4039,10433
4135,10521
4233,10614
4321,10707
4421,10797
4514,10888
4615,10978
4706,11072
4802,11163
4898,11255
4991,11348
5089,11441
5179,11533
5278,11627
5375,11717
5469,11814
5567,11906
5665,11999
5755,12082
5853,12175
5951,12266
6042,12360
6140,12452
6235,12546
6330,12639
6427,12732
6523,12821
6621,12920
6713,13013
6810,13102
6905,13192
6999,13287
7091,13373
7193,13468
7290,13562
7384,13652
7474,13739
7569,13833
7664,13925
7757,14013
7854,14102
7941,14193
8036,14284
8131,14376
8222,14469
8315,14561
8411,14652
8510,14744
8605,14836
8703,14929
8799,15021
8894,15111
8985,15202
9083,15295
9181,15387
9280,15488
9368,15581
9463,15673
9561,15768
9657,15863
9752,15951
9847,16053
9943,16141
10035,16230
10129,16322
10230,29
10324,125
10422,219
10514,313
10610,405
10699,499
10796,591
10890,687
10989,778
11081,869
11173,966
11266,1058
11362,1146
11453,1237
11553,1327
11647,1415
11740,1502
11836,1594
11926,1680
12014,1772
12101,1860
12194,1952
12289,2043
12377,2128
12473,2220
12568,2311
12660,2398
12754,2487
12851,2573
12947,2666
13039,2758
13133,2852
13221,2943
13315,3036
13406,3126
13503,3213
13599,3304
13694,3394
13785,3485
13882,3579
13976,3669
14071,3758
14168,3850
14260,3940
14351,4032
14444,4125
14540,4215
14636,4310
14727,4400
14823,4491
14916,4583
15007,4671
15103,4761
15198,4854
15291,4944
15388,5033
15480,5127
15573,5215
15667,5303
15762,5392
15854,5482
15946,5569
16039,5661
16128,5754
16220,5840
16310,5930
17,6016
117,6105
207,6197
303,6288
392,6376
489,6464
586,6553
674,6643
767,6734
857,6822
954,6916
1044,7008
1138,7097
1233,7190
1330,7284
1419,7378
1516,7471
1609,7564
1704,7656
1799,7744
1891,7838
1984,7923
2082,8017
2172,8109
2265,8201
2358,8294
2456,8386
2550,8475
2643,8564
2733,8654
2832,8746
2920,8838
3011,8932
3109,9023
3197,9112
3292,9203
3388,9287
3479,9377
3567,9466
3662,9562
3753,9648
3842,9739
3933,9828
4025,9915
4118,10008
4211,10093
4307,10182
4403,10270
4488,10361
4588,10448
4682,10539
4775,10626
4867,10719
4960,10807
5052,10898
5145,10986
5239,11079
5332,11168
5431,11259
5524,11350
5616,11439
5710,11530
5807,11621
5904,11715
5995,11809
6091,11898
6184,11991
6280,12078
6370,12167
6468,12260
6567,12350
6658,12446
6750,12536
6844,12628
6939,12718
7035,12809
7133,12907
7229,12995
7321,13085
7416,13176
7510,13268
7604,13358
7696,13446
7786,13537
7883,13631
7972,13722
8064,13813
8155,13900
8252,13991
8345,14083
8445,14173
8540,14264
8633,14353
8726,14445
8813,14539
8910,14630
9012,14722
9105,14813
9205,14906
9300,14998
9394,15090
9492,15181
9583,15280
9672,15374
9774,15468
9874,15560
9967,15654
10058,15748
10156,15846
10250,15941
10347,16036
10445,16129
10540,16223
10636,16313
10727,25
10828,121
10922,214
11013,310
11110,401
11202,501
11300,597
11397,691
11493,780
11590,869
11683,966
11786,1061
11876,1154
11969,1248
12061,1340
12157,1434
12250,1523
12349,1616
12446,1703
12539,1797
12635,1889
12732,1983
12829,2072
12927,2162
13025,2256
13119,2344
13216,2438
13319,2533
13418,2625
13512,2717
13611,2812
13705,2904
13804,3001
13904,3095
13998,3189
14093,3281
14199,3374
14300,3470
14391,3566
14489,3660
14589,3751
14686,3843
14786,3936
14879,4029
14976,4124
15079,4220
15174,4313
15268,4404
15366,4500
15462,4594
15558,4684
15659,4780
15751,4874
15853,4968
15949,5059
16042,5149
16139,5246
16233,5341
16330,5430
36,5524
135,5615
232,5703
324,5793
415,5885
518,5980
610,6072
709,6162
800,6252
899,6344
994,6441
1089,6531
1183,6621
1282,6716
1377,6808
1474,6901
1566,6996
1664,7088
1762,7180
1857,7271
1951,7365
2045,7456
2136,7556
2235,7648
2328,7739
2426,7833
2518,7928
2609,8021
2701,8114
2802,8204
2893,8299
2990,8393
3082,8483
3176,8582
3271,8672
3360,8764
3452,8860
3547,8950
3643,9042
3741,9135
3829,9223
3914,9314
4004,9404
4101,9497
4193,9586
4291,9673
4389,9766
4480,9857
4572,9947
4668,10036
4762,10125
4853,10216
4949,10306
5045,10398
5143,10485
5231,10575
5333,10667
5422,10757
5521,10848
5620,10935
5713,11025
5814,11121
5905,11212
6000,11306
6095,11395
6192,11486
6291,11581
6388,11674
6481,11769
6580,11861
6670,11950
6773,12038
6866,12130
6961,12220
7054,12311
7152,12408
7246,12502
7342,12594
7434,12683
7528,12777
7622,12866
7723,12958
7818,13050
7911,13139
8003,13233
8095,13327
8191,13417
8287,13510
8377,13597
8474,13687
8568,13779
8662,13871
8759,13960
8849,14049
8947,14135
9042,14231
9139,14320
9233,14409
9331,14500
9426,14588
9522,14678
9615,14767
9712,14860
9802,14952
9898,15044
9992,15139
10090,15231
10185,15318
10276,15413
10370,15500
10461,15593
10549,15685
10648,15779
10748,15874
10840,15969
10937,16058
11026,16147
11118,16243
11209,16332
11300,39
11393,131
11487,224
11584,320
11675,415
11769,504
11865,591
11953,684
12042,775
12129,864
12221,954
12317,1047
12410,1137
12512,1226
12596,1314
12687,1406
12782,1498
12874,1586
12972,1675
13058,1766
13155,1855
13251,1943
13344,2030
13439,2122
13535,2209
13635,2299
13729,2392
13819,2482
13915,2570
14015,2661
14108,2751
14200,2845
14299,2934
14393,3026
14485,3117
14582,3214
14678,3306
14775,3398
14866,3487
14958,3580
15054,3670
15153,3761
15245,3853
15342,3946
15437,4039
15532,4133
15631,4225
15728,4315
15819,4405
15914,4500
16006,4588
16099,4686
16192,4777
16286,4867
16382,4963
93,5053
183,5146
277,5239
372,5332
471,5421
570,5510
665,5600
755,5692
853,5783
951,5870
1047,5961
1140,6049
1232,6142
1328,6233
1431,6326
1523,6418
1613,6503
1708,6597
1802,6690
1905,6780
1999,6870
2091,6961
2184,7058
2277,7151
2372,7246
2468,7340
2564,7434
2659,7524
2762,7616
2849,7712
2938,7803
3034,7898
3123,7991
3226,8083
3317,8178
3409,8272
3503,8366
3599,8460
3692,8550
3786,8643
3877,8738
3964,8832
4060,8922
4156,9013
4250,9105
4343,9198
4443,9290
4534,9380
4632,9474
4723,9568
4818,9656
4918,9746
5014,9839
5107,9930
5202,10019
5302,10109
5398,10202
5487,10292
5591,10382
5686,10475
5782,10564
5877,10657
5973,10751
6074,10840
6169,10934
6269,11031
6360,11121
6459,11213
6555,11314
6656,11404
6753,11497
6845,11592
6949,11687
7044,11786
7145,11880
7247,11971
7341,12061
7435,12158
7535,12252
7635,12352
7729,12440
7828,12536
7916,12630
8010,12724
8103,12822
8206,12920
8306,13012
8399,13104
8500,13202
8600,13296
8699,13391
8793,13484
8888,13579
8989,13676
9092,13766
9185,13855
9280,13948
9377,14043
9476,14138
9576,14232
9679,14325
9767,14414
9867,14512
9970,14603
10067,14697
10167,14793
10262,14886
10364,14982
10460,15076
10559,15172
10653,15266
10745,15365
10845,15459
10938,15553
11038,15651
11138,15745
11234,15844
11330,15939
11425,16036
11512,16127
11609,16224
11709,16316
11805,27
11904,120
11998,220
12091,314
12181,410
12277,503
12368,596
12464,695
12561,790
12656,878
12754,973
12853,1067
12946,1157
13040,1250
13139,1343
13236,1435
13331,1528
13428,1618
13519,1709
13615,1800
13715,1892
13809,1986
13906,2072
14002,2162
14103,2256
14204,2344
14299,2437
14395,2521
14491,2622
14588,2714
14684,2804
14775,2890
14873,2983
14973,3081
15070,3174
15164,3261
15258,3360
15352,3449
15445,3540
15543,3635
15637,3726
15737,3814
15831,3907
15923,3993
16019,4086
16111,4176
16203,4267
16298,4364
8,4453
99,4547
197,4644
289,4735
387,4827
479,4920
570,5007
663,5099
761,5188
851,5277
949,5365
1044,5457
1141,5549
1236,5639
1332,5723
1425,5813
1520,5907
1617,5998
1708,6084
1801,6178
1900,6268
1996,6359
2087,6446
2177,6534
2273,6629
2368,6719
2464,6812
2558,6902
2649,6992
2743,7086
2833,7184
2929,7273
3020,7366
3115,7459
3210,7547
3301,7639
3396,7731
3485,7827
3578,7922
3671,8013
3764,8104
3852,8197
3941,8292
4040,8384
4129,8472
4225,8567
4310,8656
4407,8757
4506,8848
4597,8936
4691,9027
4784,9121
4880,9212
4971,9299
5066,9387
5161,9478
5250,9572
5344,9659
5441,9751
5537,9839
5625,9928
5722,10021
5821,10110
5911,10197
6003,10288
6101,10374
6196,10465
6291,10560
6386,10646
6485,10736
6579,10821
6670,10914
6765,11006
6861,11097
6954,11190
7050,11280
7139,11367
7235,11464
7332,11552
7426,11644
7516,11731
7615,11828
7713,11917
7801,12006
7891,12097
7983,12186
8078,12276
8163,12366
8262,12462
8354,12551
8449,12641
8543,12728
8636,12822
8728,12913
8825,13003
8911,13094
9011,13188
9102,13274
9202,13367
9295,13454
9388,13543
9480,13633
9575,13721
9671,13811
9760,13899
9856,13989
9952,14078
10043,14163
10139,14254
10231,14345
10319,14434
10418,14523
10507,14613
10601,14705
10698,14790
10788,14883
10883,14971
10976,15062
11071,15155
11158,15244
11250,15335
11345,15426
11435,15514
11529,15607
11625,15701
11715,15797
11806,15890
11902,15981
11992,16068
12079,16162
12170,16252
12258,16342
12355,52
12451,150
12540,240
12630,332
12726,424
12820,514
12915,605
13010,697
13103,787
13196,881
13289,972
13384,1064
13473,1157
13567,1245
13665,1338
13761,1424
13857,1519
13954,1610
14053,1704
14145,1792
14244,1881
14339,1967
14430,2056
14524,2147
14621,2239
14714,2327
14812,2422
14909,2511
15002,2601
15095,2694
15196,2785
15293,2877
15386,2971
15477,3066
15578,3160
15675,3252
15768,3340
15867,3430
15958,3529
16052,3620
16147,3712
16236,3802
16331,3894
41,3983
135,4077
225,4173
324,4268
419,4358
514,4447
612,4538
709,4635
803,4726
896,4821
993,4911
1087,5004
1184,5096
1278,5186
1375,5277
1470,5367
1572,5459
1665,5551
1764,5639
1856,5729
1950,5818
2042,5911
2139,6004
2237,6097
2329,6190
2430,6280
2527,6372
2617,6464
2720,6555
2812,6651
2906,6746
3006,6834
3099,6928
3197,7025
3291,7117
3388,7208
3480,7306
3575,7402
3674,7495
3763,7592
3859,7684
3953,7782
4048,7879
4144,7973
4239,8062
4336,8162
4437,8256
4532,8354
4628,8451
4723,8547
4818,8640
4917,8741
5015,8834
5114,8929
5216,9026
5314,9121
5412,9222
5514,9312
5612,9402
5710,9498
5812,9590
5908,9684
6007,9778
6109,9869
6208,9966
6306,10060
6405,10156
6502,10247
6597,10343
6696,10438
6798,10528
6893,10618
6996,10712
7098,10808
7196,10905
7294,10997
7390,11090
7485,11184
7584,11277
7688,11374
7785,11469
7879,11566
7969,11660
8065,11749
8160,11845
8256,11942
8357,12032
8458,12124
8554,12220
8649,12315
8743,12410
8838,12499
8937,12594
9032,12688
9128,12782
9223,12879
9324,12968
9420,13061
9515,13153
9608,13249
9705,13339
9802,13430
9894,13519
9997,13612
10088,13704
10189,13792
10284,13882
10381,13976
10476,14064
10571,14156
10669,14253
10760,14338
10858,14430
10948,14521
11041,14609
11137,14704
11233,14796
11331,14888
11424,14982
11520,15077
11612,15168
11708,15257
11799,15351
11895,15446
11988,15539
12082,15633
12168,15726
12269,15824
12360,15920
12456,16011
12548,16107
12643,16197
12744,16290
12832,16382
12927,94
13023,189
13126,283
13221,379
13314,471
13410,565
13506,660
13604,755
13696,845
13796,936
13889,1025
13992,1116
14084,1209
14185,1303
14279,1394
14374,1488
14473,1581
14569,1677
14671,1765
14766,1853
14860,1945
14957,2035
15052,2127
15150,2220
15249,2308
15345,2397
15440,2490
15535,2577
15635,2676
15730,2769
15826,2860
15922,2949
16017,3043
16109,3134
16206,3229
16296,3320
6,3413
103,3502
198,3597
293,3691
384,3784
482,3870
579,3967
672,4055
770,4148
869,4242
962,4335
1058,4427
1152,4517
1247,4608
1340,4699
1438,4794
1527,4886
1626,4977
1722,5067
1814,5159
1910,5249
2010,5340
2107,5428
2203,5520
2292,5608
2387,5697
2481,5786
2572,5875
2666,5969
2758,6057
2855,6148
2951,6235
3042,6329
3133,6420
3225,6512
3317,6602
3409,6695
3505,6789
3600,6877
3692,6972
3781,7064
3873,7159
3966,7249
4057,7347
4150,7441
4248,7534
4336,7626
4428,7718
4524,7815
4615,7902
4713,7993
4809,8086
4904,8180
4998,8275
5088,8369
5183,8463
5284,8556
5373,8646
5468,8741
5561,8837
5653,8926
5755,9019
5846,9111
5944,9202
6041,9293
6131,9387
6228,9475
6319,9565
6417,9656
6513,9745
6610,9838
6706,9925
6802,10013
6893,10099
6988,10193
7081,10286
7176,10376
7275,10464
7367,10554
7463,10645
7556,10734
7647,10825
7743,10910
7836,11000
7924,11092
8017,11185
8112,11278
8204,11367
8301,11457
8398,11551
8490,11644
8584,11740
8677,11828
8770,11916
8864,12005
8961,12095
9059,12186
9150,12273
9244,12367
9339,12457
9434,12549
9527,12640
9623,12731
9719,12824
9808,12920
9907,13012
10004,13102
10098,13189
10195,13275
10285,13367
10380,13460
10470,13548
10562,13639
10659,13723
10754,13818
10850,13908
10943,13996
11037,14085
11130,14178
11221,14270
11317,14357
11412,14445
11502,14536
11597,14629
11698,14719
11786,14809
11880,14897
11971,14993
12062,15083
12152,15176
12248,15267
12337,15362
12428,15456
12527,15548
12619,15642
12715,15736
12807,15830
12904,15923
12995,16020
13091,16113
13185,16200
13287,16295
13376,4
13469,93
13565,184
13661,281
13755,379
13849,476
13943,563
14042,655
14139,751
14234,845
14330,940
14427,1025
14520,1117
14620,1209
14713,1301
14807,1395
14906,1487
15001,1579
15098,1667
15195,1762
15289,1853
15384,1944
15483,2032
15577,2124
15673,2214
15765,2307
15863,2399
15960,2487
16055,2577
16147,2673
16242,2767
16332,2859
45,2951
144,3042
236,3136
334,3227
427,3322
530,3418
622,3510
717,3604
813,3699
909,3788
1005,3878
1103,3974
1205,4067
1295,4163
1395,4255
1492,4353
1592,4447
1689,4541
1783,4632
1885,4725
1977,4820
2075,4912
2168,5005
2264,5102
2359,5195
2453,5284
2555,5378
2649,5470
2748,5565
2844,5656
2938,5750
3042,5841
3135,5933
3228,6024
3325,6114
3421,6207
3513,6298
3608,6396
3709,6486
3798,6579
3890,6671
3985,6772
4080,6859
4172,6957
4273,7053
4365,7148
4458,7244
4557,7337
4653,7432
4751,7525
4848,7620
4945,7718
5041,7813
5143,7909
5234,8003
5335,8094
5427,8188
5524,8281
5621,8377
5713,8471
5812,8566
5912,8659
6010,8751
6107,8841
6194,8932
6298,9031
6392,9120
6482,9215
6584,9309
6681,9395
6773,9482
6870,9576
6966,9663
7061,9754
7155,9850
7248,9937
7343,10030
7436,10116
7526,10206
7620,10293
7718,10389
7809,10476
7904,10565
7996,10652
8086,10743
8183,10837
8274,10923
8364,11013
8458,11105
8551,11194
8644,11287
8738,11379
8837,11468
8929,11563
9023,11652
9111,11740
9204,11831
9298,11923
9390,12015
9484,12104
9583,12194
9673,12291
9769,12378
9864,12475
9957,12565
10051,12655
10143,12745
10243,12841
10332,12928
10430,13022
10528,13107
10620,13201
10710,13295
10807,13389
10901,13476
10994,13564
11085,13657
11180,13744
11279,13835
11374,13930
11466,14016
11558,14106
11655,14195
11745,14286
11833,14379
11933,14471
12022,14566
12112,14653
12206,14749
12297,14837
12395,14929
12489,15022
12585,15114
12682,15207
12772,15302
12869,15394
12963,15486
13062,15582
13150,15678
13243,15772
13348,15870
13441,15963
13533,16054
13630,16142
13731,16232
13821,16327
13917,37
14016,133
14107,226
14203,319
14301,411
14394,507
14494,600
14587,691
14683,784
14780,875
14876,966
14968,1058
15064,1147
15158,1240
15253,1329
15347,1421
15440,1512
15535,1602
15628,1688
15724,1774
15816,1863
15909,1951
15998,2043
16090,2134
16180,2224
16274,2314
16366,2399
74,2487
163,2582
260,2669
353,2759
449,2853
538,2941
630,3031
720,3117
812,3210
907,3302
1004,3393
1104,3483
1197,3576
1290,3666
1385,3757
1481,3843
1572,3932
1663,4019
1762,4116
1854,4209
1952,4299
2046,4389
2139,4477
2227,4568
2322,4662
2414,4756
2510,4844
2600,4934
2699,5024
2789,5114
2887,5207
2978,5297
3070,5392
3165,5481
3262,5568
3352,5657
3450,5747
3541,5834
3634,5927
3725,6013
3821,6100
3913,6195
4002,6284
4098,6375
4192,6467
4288,6556
4380,6649
4473,6747
4570,6833
4666,6928
4759,7016
4852,7113
4948,7208
5040,7301
5137,7392
5236,7479
5330,7573
5431,7668
5522,7762
5617,7859
5715,7950
5812,8038
5909,8135
6004,8229
6100,8322
6195,8417
6284,8511
6385,8606
6478,8695
6575,8788
6672,8881
6767,8973
6864,9066
6956,9154
7048,9249
7146,9339
7237,9430
7331,9520
7428,9612
7524,9701
7618,9788
7716,9879
7810,9973
7900,10067
7993,10155
8088,10242
8177,10328
8269,10420
8365,10510
8458,10601
8550,10692
8649,10785
8742,10873
8837,10961
8932,11053
9026,11148
9122,11237
9217,11330
9316,11420
9409,11513
9502,11605
9598,11695
9688,11791
9787,11882
9884,11976
9976,12061
10075,12152
10169,12247
10258,12340
10360,12438
10456,12528
10548,12619
10643,12709
10743,12805
10831,12902
10930,12994
11027,13086
11122,13180
11220,13271
11315,13359
11407,13451
11501,13543
11596,13638
11692,13731
11790,13827
11887,13915
11980,14006
12073,14100
12169,14192
12262,14281
12361,14375
12454,14470
12551,14563
12638,14655
12736,14753
12836,14849
12935,14940
13038,15031
13132,15125
13229,15224
13330,15320
13428,15416
13524,15509
13624,15606
13724,15705
13818,15799
13923,15896
14021,15994
14117,16089
14221,16184
14314,16277
14415,16375
14514,89
14613,186
14712,283
14811,377
14907,473
15003,569
15103,662
15203,763
15305,858
15402,953
15498,1043
15595,1136
15692,1231
15791,1323
15889,1416
15992,1511
16085,1605
16177,1694
16278,1787
16373,1880
87,1974
186,2065
279,2157
371,2247
473,2340
571,2431
667,2525
764,2617
862,2713
958,2805
1058,2895
1153,2987
1250,3082
1350,3176
1444,3270
1536,3363
1637,3457
1732,3552
1830,3652
1929,3744
2021,3834
2120,3926
2211,4021
2311,4113
2409,4204
2505,4295
2601,4390
2696,4486
2790,4581
2883,4676
2980,4765
3075,4857
3168,4949
3260,5047
3356,5138
3453,5229
3543,5316
3642,5408
3735,5500
3824,5592
3916,5685
4008,5773
4099,5864
4196,5958
4291,6045
4386,6136
4481,6229
4572,6321
4668,6409
4765,6501
4854,6594
4948,6685
5045,6784
5141,6875
5231,6968
5330,7059
5424,7152
5518,7246
5615,7341
5714,7436
5812,7530
5898,7625
5998,7715
6095,7809
6190,7899
6285,7995
6380,8090
6477,8182
6573,8270
6670,8366
6768,8456
6859,8551
6958,8646
7054,8739
7145,8833
7243,8922
7334,9015
7426,9105
7522,9199
7612,9288
7711,9384
7808,9470
7898,9559
7988,9650
8083,9739
8176,9830
8271,9919
8365,10009
8458,10098
8555,10192
8649,10279
8739,10372
8837,10462
8930,10549
9025,10640
9116,10729
9214,10814
9312,10908
9406,11002
9500,11094
9598,11179
9690,11276
9787,11362
9879,11452
9971,11545
10068,11639
10160,11727
10250,11825
10351,11917
10447,12003
10541,12091
10627,12186
10721,12278
10818,12369
10912,12456
11005,12548
11100,12643
11196,12732
11289,12823
11385,12914
11472,13006
11565,13098
11657,13187
11752,13277
11847,13371
11933,13456
12026,13546
12120,13636
12214,13728
12304,13815
12395,13904
12488,13994
12580,14080
12673,14170
12771,14256
12860,14346
12955,14437
13051,14526
13144,14615
13240,14706
13334,14794
13424,14885
13523,14977
13614,15065
13708,15154
13804,15246
13898,15336
13988,15431
14082,15519
14173,15610
14271,15705
14363,15794
14460,15888
14552,15978
14645,16069
14734,16161
14828,16249
14927,16341
15014,50
15108,141
15200,233
15289,320
15383,413
15479,503
15577,597
15669,688
15760,775
15853,865
15946,956
16039,1044
16124,1135
16218,1221
16305,1311
11,1403
108,1491
196,1580
290,1666
388,1758
477,1845
571,1934
660,2022
751,2112
840,2201
939,2289
1036,2377
1133,2462
1221,2551
1316,2642
1411,2733
1499,2824
1592,2913
1685,3004
1784,3097
1872,3184
1966,3276
2062,3371
2156,3460
2246,3549
2342,3642
2433,3734
2526,3823
2625,3910
2720,4005
2807,4096
2904,4188
3004,4276
3098,4367
3189,4458
3279,4553
3375,4643
3471,4735
3563,4825
3652,4918
3748,5006
3837,5098
3931,5186
4023,5279
4114,5371
4213,5454
4304,5545
4404,5639
4492,5725
4589,5813
4680,5902
4779,5995
4874,6083
4970,6174
5063,6263
5161,6352
5256,6444
5346,6537
5440,6626
5539,6716
5628,6806
5728,6896
5825,6990
5918,7081
6016,7170
6110,7264
6203,7354
6297,7452
6398,7543
6489,7632
6581,7729
6683,7819
6776,7910
6866,7997
6962,8091
7059,8184
7156,8277
7248,8369
7342,8459
7436,8550
7534,8641
7623,8737
7710,8832
7811,8924
7903,9019
7996,9106
8088,9197
8180,9283
8274,9376
8369,9467
8462,9558
8560,9655
8650,9743
8748,9833
8843,9926
8936,10015
9030,10104
9125,10195
9222,10286
9319,10375
9414,10468
9509,10560
9610,10651
9707,10741
9801,10837
9898,10931
9991,11023
10085,11117
10185,11209
10283,11308
10379,11402
10478,11499
10575,11591
10675,11685
10772,11777
10868,11873
10967,11971
11066,12061
11159,12155
11256,12250
11348,12343
11444,12441
11543,12540
11644,12634
11739,12732
11833,12826
11935,12920
12027,13016
12120,13112
12218,13203
12312,13299
12409,13389
12508,13482
12597,13575
12694,13672
12796,13768
12896,13856
12995,13952
13089,14044
13189,14138
13290,14229
13379,14325
13476,14416
13576,14512
13678,14600
13778,14690
13870,14785
13966,14880
14061,14974
14162,15066
14260,15158
14353,15252
14446,15352
14552,15446
14643,15540
14740,15634
14833,15727
14931,15819
15030,15912
15125,16006
15218,16098
15315,16192
15408,16283
15502,16377
15598,87
15697,179
15788,273
15881,368
15973,462
16068,548
16158,645
16252,735
16345,824
49,915
148,1007
239,1095
341,1185
429,1280
524,1371
620,1461
713,1549
807,1638
895,1728
991,1814
1088,1906
1184,1995
1280,2087
1373,2176
1467,2272
1563,2362
1659,2455
1755,2542
1852,2633
1942,2724
2036,2817
2130,2906
2228,2999
2322,3092
2417,3185
2511,3279
2603,3377
2703,3463
2804,3557
2896,3650
2988,3744
3081,3836
3179,3926
3274,4017
3372,4112
3459,4207
3555,4300
3649,4394
3742,4483
3835,4579
3928,4675
4019,4764
4116,4859
4214,4949
4306,5042
4398,5137
4495,5231
4590,5323
4687,5407
4782,5505
4877,5594
4976,5684
5071,5777
5168,5866
5263,5963
5356,6050
5450,6136
5544,6228
5639,6323
5737,6416
5837,6507
5933,6599
6027,6690
6118,6781
6216,6872
6311,6967
6401,7059
6501,7151
6596,7246
6690,7338
6783,7433
6884,7526
6977,7620
7068,7710
7164,7802
7255,7895
7348,7987
7443,8077
7538,8167
7628,8260
7723,8356
7817,8450
7907,8542
7999,8633
8090,8724
8180,8814
8275,8906
8370,8999
8464,9087
8553,9178
8650,9269
8737,9358
8837,9450
8931,9540
9022,9625
9120,9712
9212,9806
9303,9896
9400,9988
9495,10078
9584,10164
9681,10253
9776,10341
9867,10428
9960,10519
10060,10611
10148,10702
10246,10787
10338,10880
10432,10970
10525,11060
10625,11147
10716,11242
10807,11336
10902,11426
10997,11517
11093,11611
11190,11702
11286,11801
11378,11894
11472,11983
11566,12070
11662,12162
11752,12254
11846,12347
11941,12442
12029,12530
12122,12625
12215,12718
12309,12806
12404,12902
12498,12993
12593,13083
12682,13173
12778,13269
12871,13359
12973,13448
13068,13542
13164,13630
13259,13717
13353,13810
13449,13903
13542,13991
13633,14079
13738,14167
13827,14260
13920,14353
14018,14444
14117,14533
14213,14622
14302,14713
14399,14807
14493,14899
14590,14991
14689,15081
14783,15176
14876,15264
14970,15355
15066,15448
15162,15544
15257,15636
15352,15729
15443,15819
15541,15916
15633,16008
15732,16101
15822,16190
15919,16283
16012,16381
16102,88
16194,181
16291,276
5,368
94,460
187,557
280,651
373,739
475,832
562,923
659,1023
755,1107
856,1196
947,1288
1042,1383
1130,1473
1235,1561
1330,1652
1423,1745
1523,1834
1617,1924
1718,2016
1807,2105
1904,2198
1998,2291
2091,2383
2192,2471
2290,2562
2382,2653
2475,2747
2572,2841
2671,2933
2766,3025
2860,3122
2957,3214
3050,3308
3146,3404
3240,3494
3340,3586
3436,3680
3528,3774
3626,3865
3720,3959
3813,4054
3902,4150
4002,4245
4096,4336
4194,4434
4289,4524
4387,4617
4481,4707
4575,4806
4674,4898
4768,4989
4865,5080
4966,5175
5060,5267
5156,5359
5250,5455
5357,5544
5453,5637
5550,5730
5646,5822
5743,5913
5835,6004
5937,6100
6038,6195
6135,6287
6234,6381
6333,6473
6430,6563
6528,6655
6619,6750
6725,6843
6820,6935
6917,7028
7008,7124
7105,7221
7208,7314
7306,7410
7400,7505
7500,7601
7598,7698
7694,7796
7786,7889
7880,7987
7973,8081
8070,8175
8165,8268
8257,8364
8356,8461
8454,8553
8552,8651
8651,8744
8751,8841
8848,8933
8946,9026
9037,9120
9134,9215
9233,9306
9328,9396
9425,9491
9522,9582
9626,9682
9720,9773
9812,9868
9909,9957
10010,10050
10107,10140
10205,10233
10303,10325
10402,10419
10499,10510
10600,10604
10691,10697
10793,10786
10884,10879
10980,10971
11074,11065
11167,11159
11260,11254
11360,11349
11452,11438
11551,11533
11651,11626
11741,11719
11840,11815
11937,11906
12025,11998
12112,12087
12213,12181
12299,12272
12398,12366
12491,12457
12583,12553
12683,12642
12778,12738
12873,12829
12968,12924
13058,13014
13153,13102
13248,13194
13349,13284
13439,13378
13535,13468
13629,13558
13723,13646
13819,13736
13910,13821
14008,13913
14099,14007
14198,14096
14290,14184
14383,14272
14476,14361
14578,14450
14664,14541
14762,14629
14856,14721
14955,14814
15046,14903
15141,14993
15238,15081
15327,15178
15417,15267
15515,15355
15606,15449
15695,15541
15792,15633
15886,15729
15976,15820
16069,15911
16164,16007
16254,16097
16343,16188
52,16277
147,16370
241,79
333,170
428,268
520,358
619,449
714,541
803,631
903,721
996,811
1089,906
1181,996
1281,1088
1372,1179
1466,1270
1563,1361
1663,1452
1756,1538
1852,1629
1945,1719
2038,1807
2131,1899
2225,1987
2322,2076
2417,2166
2511,2257
2600,2350
2697,2439
2793,2529
2893,2619
2983,2711
3079,2806
3173,2896
3265,2986
3360,3081
3455,3172
3545,3262
3637,3353
3732,3445
3821,3538
3913,3633
4002,3723
4098,3811
4194,3901
4284,3991
4379,4083
4473,4177
4563,4269
4663,4359
4756,4454
4856,4544
4942,4639
5035,4731
5124,4821
5225,4912
5318,5004
5410,5094
5504,5183
5597,5270
5695,5359
5785,5450
5881,5538
5977,5628
6068,5715
6160,5804
6256,5892
6346,5981
6440,6071
6535,6160
6628,6252
6721,6340
6812,6429
6910,6516
6998,6605
7093,6697
7190,6786
7283,6879
7375,6969
7465,7055
7563,7150
7657,7242
7745,7333
7834,7429
7926,7523
8019,7612
8110,7701
8200,7793
8297,7886
8388,7974
8480,8068
8570,8161
8664,8252
8754,8341
8852,8436
8946,8526
9040,8620
9133,8711
9233,8802
9325,8895
9419,8986
9516,9076
9608,9164
9703,9254
9802,9346
9896,9433
9985,9527
10080,9619
10177,9710
10272,9801
10363,9887
10461,9977
10553,10066
10649,10154
10748,10245
10841,10339
10934,10426
11030,10514
11126,10603
11223,10698
11314,10787
11407,10879
11500,10969
11594,11063
11688,11156
11783,11249
11882,11343
11969,11432
12058,11524
12155,11618
12246,11708
12337,11804
12436,11894
12528,11988
12625,12077
12717,12167
12807,12261
12907,12352
13002,12446
13092,12540
13186,12630
13283,12723
13375,12817
13473,12910
13572,13005
13668,13093
13758,13182
13854,13277
13953,13365
14046,13453
14144,13548
14239,13635
14331,13726
14431,13814
14524,13907
14619,13998
14714,14087
14807,14174
14904,14267
14995,14356
15093,14449
15192,14540
15282,14625
15382,14718
15473,14815
15565,14903
15662,14997
15758,15087
15849,15182
15948,15273
16042,15366
16137,15459
16232,15554
16324,15646
31,15743
130,15838
225,15932
318,16025
411,16117
512,16210
610,16304
709,14
801,114
898,204
992,298
1088,395
1187,490
1284,582
1379,676
1481,773
1580,868
1672,957
1773,1052
1868,1146
1966,1238
2063,1331
2161,1426
2258,1516
2350,1607
2449,1703
2546,1794
2646,1887
2743,1977
2844,2070
2945,2161
3038,2255
3135,2350
3233,2448
3331,2542
3424,2630
3523,2729
3617,2821
3716,2913
3816,3010
3910,3108
4002,3206
4102,3296
4195,3395
4291,3490
4385,3588
4485,3681
4580,3775
4680,3864
4774,3962
4876,4059
4969,4154
5066,4254
5165,4344
5261,4439
5357,4532
5459,4627
5560,4724
5654,4818
5757,4912
5847,5007
5948,5100
6044,5192
6143,5283
6235,5375
6333,5467
6434,5562
6537,5656
6629,5745
6729,5838
6823,5932
6919,6025
7012,6112
7111,6208
7205,6295
7306,6389
7401,6479
7499,6576
7591,6665
7682,6758
7778,6850
7874,6942
7967,7037
8057,7126
8151,7226
8248,7315
8343,7411
8440,7505
8535,7598
8632,7694
8725,7791
8824,7879
8914,7979
9008,8068
9105,8158
9205,8253
9301,8344
9394,8439
9488,8534
9580,8629
9683,8724
9781,8814
9870,8909
9969,9001
10065,9087
10158,9178
10251,9270
10346,9362
10443,9454
10540,9547
10632,9638
10726,9724
10821,9818
10919,9910
11017,9998
11114,10087
11208,10176
11302,10267
11394,10360
11493,10450
11591,10544
11681,10631
11774,10723
11874,10814
11960,10904
12055,11000
12149,11092
12243,11187
12336,11279
12430,11369
12527,11461
12615,11554
12711,11651
12806,11740
12902,11835
12994,11931
13093,12024
13186,12116
13281,12205
13379,12296
13479,12389
13575,12484
13667,12579
13763,12674
13857,12767
13957,12863
14057,12953
14147,13043
14248,13132
14339,13229
14437,13323
14527,13413
14627,13504
14720,13593
14817,13689
14909,13779
15001,13868
15099,13959
15198,14053
15289,14143
15388,14235
15483,14322
15576,14417
15666,14510
15768,14599
15862,14690
15956,14780
16047,14873
16141,14962
16228,15058
16318,15152
30,15243
121,15339
223,15430
315,15524
409,15614
502,15710
598,15803
694,15901
785,15992
881,16083
979,16174
1070,16268
1164,16363
1260,74
1359,165
1450,256
1539,352
1635,445
1735,537
1827,630
1918,715
2017,810
2115,901
2207,993
2298,1086
2395,1174
2491,1261
2583,1352
2677,1439
2770,1526
2862,1617
2961,1704
3054,1797
3150,1887
3241,1978
3337,2063
3432,2157
3521,2246
3614,2335
3709,2426
3797,2514
3889,2607
3982,2698
4075,2782
4168,2874
4262,2968
4355,3058
4448,3150
4544,3242
4633,3333
4726,3423
4823,3511
4916,3606
5006,3699
5101,3788
5196,3876
5289,3966
5383,4057
5479,4150
5573,4243
5670,4332
5763,4422
5856,4516
5950,4608
6047,4700
6145,4793
6236,4881
6330,4973
6426,5062
6524,5154
6614,5242
6713,5334
6807,5424
6895,5509
6990,5603
7084,5692
7180,5783
7274,5873
7368,5962
7467,6051
7559,6141
7652,6230
7743,6323
7840,6409
7929,6498
8017,6592
8112,6681
8206,6776
8297,6867
8390,6959
8486,7052
8583,7144
8669,7241
8761,7331
8859,7422
8955,7520
9052,7611
9147,7708
9240,7801
9335,7893
9432,7986
9528,8078
9620,8170
9717,8262
9808,8358
9905,8450
9999,8544
10092,8637
10184,8728
10283,8820
10375,8912
10473,9005
10566,9097
10662,9188
10755,9285
10847,9370
10939,9455
11035,9550
11132,9638
11231,9729
11321,9818
11414,9908
11504,10002
11596,10087
11693,10176
11787,10264
11880,10352
11975,10439
12070,10530
12160,10621
12253,10714
12347,10806
12439,10895
12534,10985
12631,11080
12725,11167
12821,11259
12916,11353
13005,11449
13105,11538
13196,11628
13291,11720
13389,11815
13480,11905
13579,11995
13673,12089
13773,12181
13864,12271
13960,12362
14058,12456
14153,12552
14250,12646
14346,12738
14448,12827
14541,12918
14637,13011
14737,13106
14831,13198
14925,13290
15022,13381
15116,13471
15219,13560
15311,13660
15405,13751
15503,13839
15597,13929
15697,14023
15792,14115
15888,14201
15987,14299
16081,14389
16176,14482
16270,14575
16365,14669
76,14761
174,14854
266,14945
370,15040
463,15135
559,15230
658,15325
757,15424
857,15516
955,15613
1049,15711
1145,15807
1243,15899
1337,15992
1437,16092
1535,16182
1633,16275
1726,16371
1823,86
1926,186
2021,276
2120,369
2214,465
2312,557
2408,649
2508,746
2601,840
2697,932
2791,1026
2885,1117
2986,1209
3080,1299
3171,1387
3273,1476
3365,1572
3459,1663
3553,1754
3650,1846
3743,1937
3831,2026
3925,2119
4017,2206
4110,2297
4203,2388
4299,2478
4392,2568
4486,2661
4581,2750
4674,2845
4769,2936
4867,3028
4959,3118
5055,3207
5146,3301
5243,3396
5340,3491
5432,3579
5522,3669
5618,3761
5716,3851
5812,3942
5900,4032
6000,4127
6096,4219
6187,4312
6280,4404
6380,4500
6475,4591
6568,4679
6664,4770
6750,4866
6846,4952
6943,5046
7036,5136
7133,5226
7231,5313
7320,5409
7419,5498
7514,5590
7609,5679
7694,5768
7796,5862
7892,5950
7978,6040
8072,6132
8162,6218
8261,6315
8353,6402
8444,6492
8542,6586
8637,6678
8727,6766
8827,6860
8927,6951
9021,7046
9112,7139
9205,7234
9304,7327
9402,7420
9494,7512
9587,7606
9684,7703
9777,7791
9874,7885
9968,7978
10065,8069
10161,8166
10261,8260
10352,8355
10444,8448
10546,8539
10640,8630
10730,8723
10826,8815
10919,8910
11011,9001
11109,9091
11202,9185
11297,9276
11391,9367
11484,9458
11576,9546
11673,9637
11768,9730
11860,9818
11950,9905
12040,9994
12135,10084
12228,10176
12320,10266
12411,10356
12503,10443
12599,10532
12693,10624
12792,10713
12880,10807
12977,10893
13066,10983
13163,11073
13255,11163
13352,11253
13446,11349
13544,11440
13633,11530
13732,11624
13827,11712
13919,11808
14014,11899
14107,11992
14198,12080
14290,12167
14385,12258
14485,12348
14574,12445
14674,12538
14766,12629
14859,12718
14954,12811
15047,12902
15139,12994
15236,13087
15335,13180
15427,13267
15520,13361
15615,13450
15705,13538
15800,13626
15893,13715
15987,13805
16078,13895
16169,13986
16263,14075
16359,14166
65,14257
161,14350
254,14437
344,14526
434,14616
536,14706
630,14797
725,14888
816,14976
909,15073
1004,15166
1096,15257
1188,15348
1286,15442
1380,15533
1474,15622
1575,15716
1666,15810
1761,15908
1855,16000
1954,16091
2048,16183
2138,16273
2234,16368
2329,79
2425,173
2515,263
2611,356
2707,449
2796,545
2890,635
2987,725
3079,822
3177,909
3270,1000
3364,1094
3455,1182
3553,1271
3643,1366
3741,1458
3830,1544
3918,1634
4013,1724
4109,1811
4200,1902
4288,1990
4388,2080
4480,2167
4571,2254
4662,2348
4760,2446
4851,2532
4949,2622
5048,2714
5141,2807
5237,2897
5333,2984
5426,3079
5516,3169
5614,3259
5714,3355
5810,3444
5906,3541
6001,3631
6094,3726
6197,3813
6291,3908
6382,3994
6477,4087
6574,4177
6670,4275
6765,4366
6862,4463
6953,4549
7047,4643
7149,4736
7249,4827
7335,4919
7429,5018
7530,5104
7628,5197
7724,5287
7815,5377
7907,5470
8003,5558
8101,5654
8194,5742
8286,5836
8384,5925
8477,6014
8570,6103
8666,6197
8759,6293
8858,6379
8957,6473
9050,6569
9142,6663
9242,6752
9341,6842
9436,6940
9534,7031
9628,7127
9726,7222
9825,7318
9923,7407
10019,7505
10117,7601
10214,7692
10306,7791
10403,7885
10501,7982
10593,8072
10693,8168
10793,8263
10885,8361
10985,8457
11078,8552
11177,8646
11273,8742
11370,8839
11464,8932
11560,9026
11658,9118
11750,9212
11846,9307
11948,9397
12037,9496
12135,9590
12231,9681
12324,9773
12419,9866
12520,9955
12616,10050
12712,10144
12806,10233
12905,10329
13002,10417
13097,10513
13193,10602
13295,10701
13391,10789
13495,10881
13594,10976
13697,11071
13790,11169
13886,11262
13988,11360
14086,11454
14187,11549
14285,11645
14384,11737
14486,11833
14582,11928
14679,12023
14779,12114
14876,12207
14971,12306
15070,12398
15171,12496
15272,12590
15373,12684
15467,12780
15557,12875
15654,12968
15756,13061
15855,13159
15947,13253
16045,13343
16137,13433
16237,13526
16332,13624
39,13713
133,13804
229,13898
329,13990
420,14078
523,14172
617,14259
716,14351
811,14448
907,14539
1006,14630
1100,14724
1197,14818
1297,14916
1388,15003
1486,15096
1582,15188
1679,15279
1771,15376
1864,15466
1963,15562
2059,15653
2152,15747
2252,15839
2341,15934
2438,16030
2533,16123
2628,16215
2720,16306
2815,15
2909,110
3000,204
3094,305
3191,390
3285,483
3377,575
3468,670
3562,761
3655,853
3745,941
3834,1034
3926,1122
4018,1213
4111,1305
4207,1392
4299,1484
4392,1573
4487,1664
4579,1753
4677,1843
4771,1933
4860,2020
4958,2110
5051,2199
5145,2291
5239,2384
5329,2476
5426,2565
5521,2654
5622,2740
5714,2835
5810,2927
5910,3018
6003,3109
6095,3203
6192,3295
6285,3388
6381,3481
6474,3570
6574,3664
6671,3759
6759,3847
6857,3937
6952,4029
7049,4121
7141,4209
7235,4306
7334,4398
7425,4486
7522,4578
7614,4674
7709,4767
7805,4855
7899,4944
7988,5033
8083,5125
8173,5215
8271,5311
8369,5398
8460,5488
8557,5579
8648,5666
8740,5753
8834,5846
8930,5931
9022,6027
9116,6114
9205,6204
9306,6296
9399,6385
9491,6475
9585,6565
9684,6654
9778,6746
9871,6839
9963,6929
10055,7017
10146,7107
10245,7201
10337,7293
10428,7383
10524,7474
10614,7568
10708,7659
10803,7751
10896,7844
10989,7934
11077,8025
11169,8115
11260,8207
11359,8304
11452,8389
11538,8481
11628,8574
11723,8666
11812,8758
11908,8845
11997,8935
12082,9029
12174,9120
12266,9207
12358,9294
12449,9381
12538,9467
12628,9558
12727,9650
12817,9739
12906,9825
13003,9915
13097,10003
13186,10091
13280,10178
13369,10262
13465,10354
13557,10441
13651,10524
13740,10618
13839,10707
13934,10798
14021,10886
14115,10974
14210,11066
14305,11158
14401,11248
14495,11340
14587,11431
14683,11523
14776,11613
14873,11702
14964,11792
15059,11886
15154,11979
15247,12067
15341,12155
15436,12248
15532,12343
15619,12430
15720,12524
15815,12614
15906,12703
15999,12797
16093,12887
16181,12979
16277,13066
16367,13158
73,13249
168,13344
263,13431
356,13521
452,13613
551,13705
639,13793
733,13880
835,13974
923,14061
1022,14150
1122,14240
1209,14327
1301,14421
1396,14508
1492,14600
1580,14689
1684,14781
1778,14871
1869,14959
1965,15056
2055,15146
2149,15237
2242,15330
2340,15423
2435,15516
2528,15608
2622,15705
2714,15792
2808,15886
2899,15978
3000,16070
3088,16159
3178,16254
3274,16346
3362,54
3456,150
3554,239
3646,336
3735,424
3828,518
3918,614
4011,705
4102,792
4194,885
4288,973
4379,1067
4478,1158
4573,1249
4661,1340
4757,1431
4854,1519
4951,1612
5044,1699
5137,1787
5230,1880
5327,1973
5422,2060
5514,2151
5612,2242
5714,2334
5807,2423
5905,2511
5998,2610
6094,2698
6192,2792
6286,2882
6378,2974
6479,3068
6577,3163
6672,3251
6770,3347
6868,3440
6966,3534
7063,3629
7154,3722
7254,3816
7350,3907
7449,4004
7545,4097
7640,4196
7737,4289
7834,4383
7923,4478
8020,4568
8118,4666
8218,4761
8309,4851
8404,4947
8502,5045
8601,5136
8693,5227
8794,5318
8892,5410
8988,5505
9089,5598
9190,5690
9285,5782
9384,5875
9482,5972
9568,6065
9675,6156
9771,6249
9874,6342
9968,6434
10068,6529
10167,6622
10265,6714
10358,6809
10456,6909
10554,6998
10645,7096
10745,7191
10842,7285
10935,7383
11032,7478
11134,7572
11229,7673
11322,7766
11421,7861
11517,7954
11615,8044
11711,8139
11800,8238
11899,8331
11990,8429
12085,8519
12175,8616
12273,8711
12370,8806
12466,8898
12559,8992
12657,9084
12752,9177
12845,9272
12941,9364
13040,9453
13135,9550
13234,9635
13328,9724
13427,9821
13520,9911
13615,10000
13716,10094
13808,10187
13908,10273
14004,10365
14106,10459
14197,10545
14294,10632
14389,10725
14488,10821
14586,10913
14674,11004
14771,11095
14870,11192
14964,11282
15063,11375
15159,11467
15256,11561
15353,11650
15447,11745
15538,11836
15633,11928
15731,12021
15833,12111
15922,12205
16019,12298
16107,12390
16201,12483
16292,12574
5,12666
96,12762
189,12858
285,12950
377,13039
476,13132
570,13221
667,13312
762,13403
856,13496
946,13587
1042,13675
1141,13764
1240,13858
1332,13947
1424,14038
1516,14127
1620,14220
1709,14309
1806,14402
1898,14495
1994,14585
2089,14677
2187,14771
2280,14863
2374,14954
2469,15046
2562,15137
2661,15229
2752,15321
2847,15415
2937,15508
3034,15604
3131,15702
3224,15794
3314,15886
3412,15980
3513,16074
3600,16163
3698,16257
3786,16355
3873,62
3966,156
4064,247
4154,337
4253,437
4345,531
4443,625
4537,719
4625,807
4724,898
4820,992
4913,1083
5014,1173
5104,1264
5198,1353
5291,1450
5390,1538
5483,1626
5582,1719
5678,1806
5771,1899
5866,1987
5965,2078
6062,2166
6159,2255
6251,2342
6352,2433
6447,2524
6540,2617
6633,2708
6733,2803
6826,2894
6923,2984
7019,3072
7112,3167
7210,3262
7300,3350
7398,3444
7494,3536
7586,3626
7680,3717
7773,3806
7869,3893
7961,3985
8053,4078
8147,4167
8248,4259
8335,4355
8431,4445
8526,4536
8615,4626
8712,4716
8803,4811
8901,4897
8994,4985
9089,5080
9182,5170
9275,5261
9366,5354
9462,5440
9558,5525
9657,5621
9750,5708
9843,5799
9937,5884
10032,5978
10123,6068
10220,6160
10311,6248
10412,6339
10500,6429
10589,6516
10688,6607
10779,6701
10873,6795
10966,6883
11061,6977
11151,7066
11248,7158
11342,7250
11433,7350
11528,7436
11620,7530
11712,7626
11803,7720
11903,7812
11992,7906
12083,7998
12174,8089
12267,8181
12359,8271
12451,8367
12550,8460
12647,8553
12740,8647
12831,8744
12917,8836
13018,8929
13109,9019
13208,9111
13306,9202
13401,9292
13499,9381
13591,9471
13686,9567
13781,9657
13877,9751
13973,9841
14066,9931
14163,10021
14262,10107
14352,10202
14447,10296
14547,10383
14644,10476
14741,10564
14839,10655
14935,10743
15027,10837
15121,10929
15218,11019
15313,11111
15410,11201
15511,11291
15604,11385
15696,11478
15791,11569
15885,11665
15984,11755
16077,11852
16170,11937
16262,12029
16351,12119
61,12213
161,12304
256,12393
354,12489
442,12582
535,12674
633,12765
724,12856
823,12951
922,13043
1015,13136
1110,13227
1202,13314
1305,13405
1400,13498
1497,13590
1592,13678
1686,13772
1783,13860
1873,13949
1971,14043
2059,14131
2159,14221
2257,14313
2350,14404
2441,14496
2538,14589
2634,14680
2735,14772
2826,14865
2924,14961
3014,15052
3108,15147
3204,15237
3297,15329
3391,15428
3486,15521
3583,15619
3680,15718
3773,15809
3862,15901
3959,15996
4052,16096
4150,16193
4248,16284
4341,16379
4435,91
4535,185
4627,282
4728,380
4822,475
4923,572
5022,665
5114,762
5214,854
5313,948
5405,1047
5506,1140
5604,1232
5699,1320
5802,1418
5899,1513
5997,1606
6097,1696
6194,1786
6293,1882
6389,1972
6486,2066
6587,2159
6682,2252
6781,2346
6884,2436
6982,2525
7075,2620
7174,2712
7269,2808
7366,2901
7458,2994
7558,3087
7654,3181
7754,3272
7852,3368
7945,3467
8038,3558
8130,3650
8221,3743
8319,3836
8417,3924
8513,4019
8605,4110
8702,4201
8799,4293
8891,4386
8991,4480
9087,4572
9185,4666
9281,4756
9373,4848
9467,4939
9559,5034
9656,5124
9749,5217
9844,5306
9943,5394
10033,5485
10134,5574
10227,5662
10323,5756
10418,5843
10509,5931
10596,6019
10694,6108
10789,6200
10879,6287
10974,6377
11072,6471
11167,6561
11254,6654
11350,6745
11443,6835
11538,6927
11629,7017
11725,7108
11814,7201
11908,7293
11998,7386
12088,7478
12180,7572
12270,7666
12363,7762
12460,7853
12547,7939
12642,8036
12736,8125
12831,8213
12921,8308
13019,8403
13116,8496
13207,8586
13304,8679
13398,8770
13487,8858
13585,8955
13678,9047
13776,9139
13867,9235
13968,9324
14067,9414
14161,9503
14258,9591
14349,9683
14446,9773
14545,9860
14634,9953
14733,10040
14825,10127
14920,10217
15018,10307
15115,10398
15212,10490
15307,10575
15402,10666
15493,10761
15587,10852
15687,10941
15776,11034
15872,11124
15965,11215
16059,11306
16149,11394
16242,11489
16338,11578
46,11669
136,11762
228,11859
324,11944
418,12034
514,12126
606,12218
699,12313
793,12404
889,12494
980,12588
1072,12676
1166,12765
1264,12859
1361,12949
1452,13044
1541,13130
1637,13216
1733,13308
1826,13400
1921,13487
2016,13575
2108,13666
2199,13756
2297,13845
2388,13929
2489,14018
2577,14105
2665,14200
2761,14286
2854,14374
2946,14466
3039,14556
3127,14646
3221,14737
3313,14823
3409,14917
3503,15007
3594,15095
3681,15184
3775,15280
3864,15365
3955,15456
4044,15553
4133,15639
4229,15733
4326,15826
4416,15918
4506,16009
4605,16096
4694,16187
4791,16285
4882,16375
4977,82
5068,168
5162,262
5258,354
5356,445
5450,538
5541,628
5633,722
5726,817
5826,906
5917,996
6009,1086
6104,1171
6200,1258
6296,1353
6388,1446
6485,1537
6579,1626
6671,1713
6768,1805
6860,1896
6959,1981
7051,2068
7146,2161
7239,2248
7331,2334
7424,2427
7522,2516
7613,2606
7705,2696
7798,2787
7889,2882
7982,2975
8070,3069
8170,3162
8256,3248
8348,3336
8443,3432
8539,3526
8634,3620
8728,3707
8819,3800
8910,3886
9006,3979
9101,4071
9194,4162
9290,4256
9387,4345
9481,4440
9577,4534
9675,4625
9764,4718
9859,4808
9950,4902
10047,4992
10142,5083
10236,5172
10331,5262
10426,5354
10525,5445
10618,5533
10711,5627
10810,5715
10898,5808
10994,5896
11089,5984
11182,6076
11276,6166
11371,6254
11464,6345
11558,6441
11651,6530
11741,6625
11839,6714
11935,6811
12031,6902
12117,6999
12208,7088
12300,7184
12395,7273
12492,7370
12583,7464
12681,7557
12775,7652
12869,7748
12962,7842
13057,7932
13152,8025
13250,8118
13344,8212
13443,8310
13539,8402
13631,8495
13725,8594
13827,8681
13917,8772
14013,8869
14114,8959
14208,9053
14303,9145
14397,9235
14493,9332
14591,9428
14692,9517
14783,9609
14880,9701
14979,9793
15073,9883
15171,9970
15265,10063
15358,10159
15453,10252
15552,10341
15651,10433
15747,10525
15844,10613
15942,10706
16034,10798
16124,10888
16218,10982
16310,11077
24,11171
117,11266
216,11359
314,11450
412,11547
509,11641
601,11738
696,11829
796,11925
896,12017
994,12105
1092,12203
1189,12295
1285,12389
1385,12484
1484,12582
1577,12671
1669,12767
1771,12864
1871,12959
1969,13051
2066,13148
2161,13247
2260,13340
2355,13429
2452,13519
2555,13610
2648,13706
2752,13803
2845,13898
2943,13990
3039,14081
3135,14172
3233,14269
3327,14363
3429,14455
3526,14551
3622,14647
3717,14736
3806,14834
3900,14930
3994,15023
4090,15116
4190,15212
4291,15308
4388,15402
4481,15503
4572,15596
4671,15689
4769,15785
4868,15880
4967,15981
5066,16078
5159,16171
5258,16267
5354,16361
5453,73
5555,167
5650,263
5744,360
5847,457
5939,548
6033,643
6132,737
6227,832
6329,923
6426,1018
6526,1109
6625,1200
6721,1290
6814,1385
6911,1477
7005,1568
7099,1659
7198,1749
7285,1838
7386,1929
7479,2018
7575,2110
7669,2199
7759,2289
7856,2382
7947,2469
8040,2565
8135,2654
8229,2746
8321,2837
8416,2931
8515,3022
8607,3111
8704,3204
8796,3295
8891,3390
8981,3478
9078,3571
9173,3663
9269,3755
9363,3843
9461,3933
9553,4026
9650,4116
9740,4208
9835,4300
9933,4391
10030,4482
10129,4575
10218,4673
10310,4764
10405,4854
10502,4944
10596,5037
10688,5130
10788,5216
10883,5306
10975,5394
11068,5483
11164,5577
11259,5673
11353,5760
11451,5849
11543,5940
11637,6030
11727,6121
11826,6210
11922,6301
12015,6392
12106,6488
12199,6581
12292,6672
12385,6761
12486,6851
12577,6943
12670,7037
12763,7131
12862,7224
12958,7318
13053,7407
13150,7502
13246,7598
13343,7693
13438,7785
13537,7874
13627,7969
13722,8058
13823,8155
13916,8247
14010,8341
14109,8433
14203,8526
14298,8620
14393,8710
14491,8804
14586,8895
14686,8986
14779,9075
14873,9165
14972,9257
15064,9350
15157,9437
15251,9531
15344,9617
15437,9707
15536,9798
15625,9888
15725,9976
15815,10069
15909,10158
16007,10244
16098,10333
16189,10422
16281,10510
16367,10599
72,10690
168,10782
264,10873
355,10967
452,11051
543,11146
632,11234
729,11326
820,11416
918,11508
1008,11599
1105,11691
1193,11782
1283,11873
1381,11963
1478,12048
1570,12141
1666,12232
1758,12322
1852,12416
1947,12504
2039,12597
2127,12689
2222,12786
2325,12871
2418,12963
2507,13051
2593,13141
2689,13230
2790,13321
2886,13412
2973,13504
3068,13591
3158,13683
3254,13769
3348,13856
3444,13948
3536,14039
3626,14127
3719,14215
3808,14306
3899,14389
3990,14481
4089,14577
4177,14663
4275,14754
4370,14846
4468,14936
4558,15026
4651,15117
4742,15205
4837,15297
4936,15388
5032,15484
5119,15574
5215,15667
5315,15761
5409,15851
5503,15947
5599,16036
5694,16128
5793,16219
5887,16307
5978,19
6075,109
6169,201
6265,295
6364,390
6457,481
6544,572
6643,664
6742,752
6834,844
6924,932
7020,1027
7108,1111
7208,1207
7296,1296
7395,1383
7490,1473
7578,1562
7675,1652
7764,1740
7863,1832
7948,1919
8038,2012
8132,2099
8226,2190
8320,2279
8413,2365
8501,2455
8596,2541
8687,2637
8779,2726
8874,2816
8967,2909
9064,3000
9162,3092
9252,3178
9346,3270
9438,3362
9535,3456
9629,3547
9721,3640
9820,3731
9905,3823
9999,3911
10098,4003
10188,4094
10283,4188
10381,4281
10477,4377
10573,4469
10668,4562
10761,4654
10855,4743
10948,4835
11040,4925
11134,5018
11233,5109
11325,5204
11420,5295
11516,5389
11613,5482
11709,5572
11802,5660
11896,5750
11989,5838
12078,5928
12173,6023
12265,6116
12367,6209
12462,6302
12551,6395
12646,6486
12742,6578
12840,6675
12936,6768
13034,6859
13131,6952
13230,7050
13328,7145
13426,7239
13522,7335
13620,7430
13723,7524
13819,7618
13910,7713
14012,7808
14110,7901
14205,7993
14302,8090
14402,8184
14496,8280
14592,8379
14692,8474
14788,8564
14881,8659
14981,8751
15075,8848
15178,8940
15274,9032
15372,9125
15463,9222
15564,9317
15663,9408
15761,9497
15856,9592
15952,9686
16042,9775
16134,9868
16231,9959
16328,10053
32,10140
129,10231
226,10323
323,10413
420,10505
515,10599
615,10689
710,10780
803,10870
898,10961
994,11059
1088,11152
1186,11250
1282,11336
1378,11430
1472,11523
1568,11616
1667,11709
1762,11802
1856,11895
1953,11983
2039,12078
2139,12170
2235,12262
2332,12354
2425,12448
2521,12540
2613,12633
2713,12726
2808,12820
2894,12911
2991,13002
3085,13092
3185,13187
3280,13279
3378,13371
3468,13459
3560,13556
3655,13645
3753,13737
3845,13826
3932,13917
4025,14009
4119,14096
4213,14188
4307,14278
4399,14368
4497,14458
4591,14549
4684,14639
4780,14734
4874,14828
4966,14920
5064,15009
5161,15100
5253,15196
5348,15287
5446,15375
5534,15470
5630,15561
5725,15656
5822,15751
5913,15845
6008,15936
6103,16028
6201,16121
6298,16215
6394,16305
6484,16
6579,111
6672,203
6765,297
6860,384
6956,480
7051,571
7147,662
7242,757
7332,845
7423,932
7516,1027
7614,1121
7711,1207
7802,1303
7895,1396
7986,1482
8075,1570
8170,1661
8262,1751
8361,1842
8450,1932
8545,2024
8637,2112
8733,2202
8828,2289
8920,2379
9017,2470
9111,2564
9204,2654
9301,2741
9394,2835
9491,2926
9581,3017
9675,3112
9775,3202
9870,3295
9963,3385
10060,3480
10157,3569
10250,3664
10344,3758
10441,3846
10536,3933
10629,4025
10719,4119
10808,4212
10908,4305
11004,4394
11098,4492
11191,4582
11287,4670
11381,4761
11477,4856
11571,4948
11666,5039
11760,5130
11851,5219
11940,5311
12033,5401
12128,5489
12216,5581
12313,5669
12405,5757
12500,5849
12593,5935
12688,6026
12786,6118
12877,6207
12973,6296
13067,6384
13157,6473
13253,6565
13348,6657
13442,6747
13539,6837
13634,6926
13730,7014
13825,7111
13910,7202
14006,7293
14104,7381
14200,7473
14291,7569
14388,7662
14485,7752
14576,7846
14670,7933
14764,8021
14861,8116
14945,8210
15045,8298
15143,8393
15234,8484
15329,8575
15421,8665
15513,8757
15607,8848
15701,8940
15799,9031
15890,9121
15979,9216
16071,9300
16159,9391
16253,9481
16346,9571
54,9659
150,9746
240,9836
333,9927
427,10019
517,10107
612,10196
708,10286
801,10376
897,10464
989,10554
1082,10648
1172,10737
1267,10826
1362,10917
1462,11005
1550,11099
1649,11191
1743,11281
1837,11372
1929,11465
2023,11560
2119,11650
2219,11740
2315,11833
2407,11927
2502,12015
2597,12102
2691,12197
2789,12290
2882,12385
2976,12478
3070,12568
3165,12661
3257,12759
3352,12849
3449,12942
3541,13030
3638,13121
3731,13211
3823,13300
3915,13393
4004,13486
4100,13575
4196,13669
4296,13763
4383,13852
4481,13943
4572,14032
4669,14123
4765,14213
4858,14303
4953,14393
5045,14481
5145,14575
5240,14668
5336,14758
5433,14849
5526,14939
5621,15031
5714,15130
5809,15222
5908,15311
6004,15403
6097,15494
6197,15586
6290,15682
6386,15774
6480,15868
6578,15962
6671,16052
6770,16140
6862,16237
6958,16327
7051,33
7143,131
7243,224
7338,319
7425,412
7523,508
7623,599
7718,692
7815,784
7906,876
7992,967
8091,1057
8182,1153
8274,1248
8371,1336
8471,1428
8562,1521
8661,1611
8759,1706
8858,1795
8945,1887
9044,1984
9141,2071
9236,2163
9334,2257
9433,2345
9523,2440
9625,2529
9723,2627
9819,2717
9916,2815
10016,2911
10114,3004
10210,3102
10312,3192
10411,3285
10503,3381
10603,3481
10697,3581
10796,3675
10895,3769
10990,3858
11091,3955
11194,4052
11289,4142
11386,4241
11483,4337
11578,4429
11675,4528
11779,4620
11873,4712
11965,4811
12063,4904
12157,5000
12252,5095
12354,5186
12448,5280
12547,5377
12636,5469
12737,5560
12835,5652
12933,5746
13030,5836
13131,5927
13225,6021
13323,6114
13418,6205
13513,6298
13615,6388
13711,6481
13809,6570
13906,6664
14004,6756
14097,6851
14197,6944
14289,7037
14386,7132
14481,7224
14580,7317
14675,7411
14774,7505
14869,7600
14970,7688
15070,7779
15159,7875
15251,7966
15347,8055
15438,8149
15538,8244
15634,8335
15730,8435
15821,8522
15910,8616
16007,8712
16100,8800
16187,8889
16284,8982
16375,9069
85,9165
180,9255
273,9344
369,9431
462,9518
550,9615
647,9703
742,9794
838,9878
931,9974
1028,10066
1126,10149
1216,10243
1314,10338
1407,10427
1500,10517
1593,10607
1695,10693
1786,10785
1878,10874
1971,10967
2067,11059
2164,11153
2261,11248
2360,11337
2449,11432
2543,11524
2639,11619
2732,11712
2827,11802
2918,11894
3013,11986
3113,12079
3206,12167
3301,12262
3394,12356
3487,12451
3579,12541
3675,12639
3770,12727
3854,12824
3945,12919
4045,13014
4138,13103
4236,13198
4329,13288
4428,13379
4520,13468
4613,13563
4713,13654
4802,13744
4897,13834
4993,13930
5090,14019
5185,14111
5281,14202
5375,14293
5472,14387
5568,14476
5665,14563
5757,14659
5850,14747
5948,14839
6039,14929
6138,15025
6230,15114
6331,15206
6424,15297
6515,15392
6613,15484
6706,15573
6801,15668
6897,15758
6992,15850
7084,15942
7179,16031
7267,16123
7361,16213
7456,16306
7547,10
7641,101
7733,192
7823,283
7915,375
8005,466
8101,553
8186,642
8280,739
8369,824
8463,914
8555,1003
8643,1091
8743,1181
8829,1267
8926,1356
9018,1448
9112,1537
9207,1617
9300,1705
9386,1794
9483,1881
9574,1968
9670,2060
9764,2150
9860,2238
9948,2323
10043,2413
10140,2506
10231,2594
10325,2682
10417,2769
10512,2859
10603,2951
10694,3040
10794,3131
10887,3228
10979,3320
11067,3412
11160,3507
11255,3600
11347,3694
11442,3786
11530,3876
11624,3965
11717,4058
11813,4148
11908,4246
11993,4339
12085,4433
12175,4529
12269,4619
12358,4721
12452,4812
12542,4902
12632,4997
12728,5088
12818,5183
12909,5279
13004,5376
13100,5470
13193,5561
13286,5654
13379,5746
13470,5844
13563,5936
13656,6023
13748,6119
13845,6215
13940,6308
14029,6401
14129,6499
14217,6586
14311,6687
14400,6778
14499,6873
14592,6967
14680,7061
14774,7153
14867,7250
14958,7348
15053,7445
15145,7540
15240,7638
15331,7732
15430,7826
15522,7914
15616,8010
15709,8103
15802,8199
15893,8297
15989,8389
16076,8485
16171,8575
16264,8668
16353,8764
63,8858
160,8952
249,9044
346,9136
441,9227
537,9319
632,9411
722,9498
814,9590
902,9680
1003,9772
1099,9860
1194,9951
1285,10040
1380,10130
1479,10218
1573,10303
1669,10393
1765,10485
1867,10572
1955,10661
2048,10750
2144,10841
2241,10931
2335,11023
2427,11109
2527,11206
2617,11294
2714,11384
2809,11476
2902,11562
2996,11656
3089,11748
3189,11840
3282,11933
3372,12020
3470,12108
3565,12203
3663,12291
3756,12381
3843,12474
3935,12567
4023,12660
4122,12750
4219,12840
4308,12934
4410,13025
4505,13115
4598,13209
4694,13300
4789,13388
4887,13480
4983,13572
5074,13663
5174,13751
5272,13844
5370,13939
5468,14030
5564,14119
5662,14207
5756,14302
5858,14395
5958,14487
6055,14577
6155,14670
6254,14763
6345,14858
6450,14951
6545,15042
6641,15137
6744,15228
6841,15324
6936,15417
7035,15517
7133,15610
7228,15710
7330,15807
7431,15903
7530,16001
7623,16094
7719,16189
7823,16285
7914,16380
8007,95
8108,192
8207,289
8299,387
8394,487
8494,577
8591,674
8691,772
8785,871
8886,963
8980,1058
9083,1150
9178,1250
9276,1345
9372,1439
9475,1529
9572,1624
9667,1717
9763,1812
9859,1905
9959,1996
10052,2087
10152,2179
10253,2274
10352,2366
10444,2460
10541,2553
10640,2650
10741,2738
10831,2828
10929,2923
11023,3012
11125,3109
11218,3202
11316,3296
11409,3386
11507,3483
11608,3570
11699,3663
11795,3755
11889,3846
11982,3935
12070,4023
12164,4117
12258,4211
12355,4297
12449,4389
12545,4475
12643,4569
12736,4657
12830,4742
12929,4832
13022,4924
13117,5013
13214,5104
13313,5193
13405,5276
13504,5362
13595,5447
13689,5534
13788,5617
13881,5700
13979,5788
14074,5871
14168,5959
14265,6047
14363,6129
14455,6215
14552,6300
14654,6386
14742,6476
14837,6557
14930,6643
15030,6734
15127,6820
15216,6905
15310,6993
15404,7082
15495,7172
15591,7261
15691,7350
15774,7439
15870,7531
15963,7622
16055,7711
16147,7801
16239,7890
16329,7977
46,8067
134,8158
229,8247
320,8339
416,8428
511,8524
603,8615
694,8707
791,8798
890,8890
981,8976
1074,9071
1173,9162
1268,9251
1362,9341
1458,9435
1556,9527
1655,9616
1747,9709
1838,9798
1936,9887
2032,9980
2131,10072
2226,10161
2318,10252
2418,10346
2515,10440
2613,10533
2709,10624
2801,10716
2897,10806
2991,10896
3088,10993
3184,11088
3281,11183
3375,11276
3466,11364
3559,11462
3654,11558
3752,11649
3844,11741
3935,11835
4029,11933
4122,12021
4217,12115
4310,12208
4405,12300
4501,12392
4598,12486
4692,12580
4788,12676
4884,12762
4975,12860
5070,12952
5162,13044
5259,13133
5355,13223
5448,13315
5537,13406
5633,13498
5727,13586
5821,13679
5915,13764
6010,13858
6102,13948
6195,14043
6289,14129
6382,14215
6482,14305
6569,14394
6662,14485
6755,14575
6849,14658
6940,14752
7031,14840
7122,14933
7209,15023
7307,15112
7395,15203
7499,15292
7587,15385
7678,15472
7771,15565
7859,15660
7946,15749
8035,15843
8131,15936
8222,16027
8313,16117
8411,16208
8502,16300
8593,8
8686,100
8781,193
8877,281
8968,373
9066,467
9158,560
9248,655
9338,745
9438,833
9531,926
9627,1016
9722,1108
9815,1197
9912,1286
10010,1381
10107,1466
10201,1555
10295,1646
10391,1738
10487,1829
10579,1919
10673,2013
10769,2104
10867,2190
10959,2280
11055,2375
11152,2464
11248,2553
11341,2648
11433,2737
11534,2830
11628,2924
11726,3014
11819,3104
11914,3200
12005,3294
12095,3386
12194,3478
12282,3575
12374,3669
12466,3759
12568,3850
12667,3940
12766,4032
12862,4128
12954,4221
13050,4314
13144,4407
13240,4503
13333,4597
13430,4689
13523,4783
13622,4872
13718,4961
13811,5057
13907,5148
14005,5239
14104,5330
14199,5427
14292,5512
14391,5607
14490,5699
14578,5787
14674,5878
14770,5970
14867,6062
14962,6154
15061,6248
15152,6336
15251,6428
15337,6519
15434,6613
15532,6704
15625,6799
15725,6891
15821,6984
15910,7075
16003,7172
16097,7263
16189,7359
16282,7451
16377,7546
84,7641
175,7737
269,7829
369,7923
462,8015
558,8113
656,8212
748,8303
843,8397
942,8491
1038,8584
1134,8678
1230,8775
1327,8867
1423,8959
1522,9052
1619,9148
1713,9240
1810,9334
1910,9428
2006,9522
2102,9612
2198,9704
2296,9792
2392,9887
2487,9980
2589,10069
2686,10156
2782,10250
2881,10345
2974,10433
3068,10526
3169,10620
3264,10711
3358,10804
3455,10899
3556,10993
3653,11087
3746,11180
3834,11276
3924,11369
4014,11463
4117,11553
4215,11646
4314,11741
4412,11838
4504,11935
4599,12023
4697,12117
4794,12209
4894,12296
4989,12393
5088,12492
5181,12585
5280,12681
5373,12770
5470,12862
5570,12954
5666,13050
5759,13141
5856,13231
5950,13322
6047,13419
6149,13509
6243,13598
6341,13690
6433,13779
6530,13870
6629,13958
6725,14051
6816,14141
6918,14232
7009,14321
7106,14409
7197,14499
7291,14590
7387,14680
7489,14769
7588,14864
7680,14957
7770,15042
7864,15136
7957,15228
8045,15316
8136,15407
8230,15500
8322,15597
8413,15691
8512,15782
8604,15874
8699,15968
8795,16056
8893,16148
8984,16235
9076,16328
9170,37
9265,129
9363,226
9457,315
9552,408
9646,498
9739,589
9835,688
9928,778
10023,868
10119,958
10215,1047
10306,1136
10403,1227
10495,1316
10588,1408
10682,1498
10780,1585
10869,1674
10961,1764
11061,1855
11155,1940
11252,2033
11347,2124
11437,2213
11529,2300
11620,2393
11713,2481
11805,2573
11898,2663
11990,2756
12080,2843
12168,2932
12261,3022
12354,3116
12453,3207
12546,3298
12638,3392
12731,3484
12822,3573
12921,3666
13013,3760
13107,3850
13202,3939
13302,4031
13394,4125
13484,4218
13575,4311
13669,4400
13767,4489
13860,4581
13956,4675
14048,4768
14148,4855
14244,4949
14338,5041
14432,5134
14524,5221
14620,5310
14716,5407
14809,5499
14905,5588
15000,5674
15097,5762
15192,5854
15285,5943
15375,6033
15470,6125
15563,6210
15659,6302
15757,6397
15848,6486
15939,6578
16033,6669
16125,6759
16214,6849
16300,6941
10,7035
105,7125
195,7217
291,7307
382,7402
480,7488
573,7584
665,7677
758,7768
853,7862
946,7950
1045,8046
1136,8135
1224,8226
1322,8320
1418,8413
1514,8504
1608,8594
1701,8689
1793,8780
1886,8868
1981,8959
2074,9049
2169,9140
2265,9232
2359,9318
2453,9407
2546,9497
2640,9593
2731,9677
2822,9766
2919,9858
3009,9946
3104,10034
3195,10123
3286,10216
3381,10302
3473,10390
3571,10480
3663,10571
3754,10659
3843,10747
3934,10835
4024,10928
4119,11019
4215,11108
4305,11199
4396,11287
4493,11380
4585,11474
4676,11562
4768,11655
4863,11749
4958,11839
5048,11933
5140,12019
5234,12104
5333,12197
5428,12289
5524,12381
5616,12474
5712,12566
5804,12657
5900,12747
5994,12844
6089,12933
6187,13022
6281,13113
6374,13202
6468,13292
6566,13382
6661,13473
6754,13562
6847,13657
6943,13748
7038,13838
7136,13930
7232,14020
7325,14108
7418,14196
7510,14285
7604,14377
7704,14468
7794,14559
7889,14651
7979,14743
8071,14838
8163,14928
8261,15023
8351,15114
8447,15203
8546,15299
8631,15395
8734,15482
8824,15577
8917,15672
9012,15763
9107,15856
9206,15952
9298,16041
9395,16135
9491,16229
9586,16320
9687,28
9776,124
9871,216
9972,316
10065,408
10159,500
10250,591
10348,683
10444,778
10539,873
10637,966
10726,1052
10827,1141
10920,1235
11016,1331
11108,1421
11199,1509
11296,1596
11390,1688
11484,1782
11582,1873
11674,1963
11764,2053
11859,2144
11953,2232
12045,2320
12137,2410
12231,2505
12323,2599
12423,2689
12513,2783
12609,2875
12704,2962
12801,3054
12895,3155
12989,3241
13087,3336
13178,3431
13273,3522
13374,3614
13468,3707
13565,3798
13662,3885
13759,3977
13861,4072
13955,4169
14050,4262
14141,4352
14244,4450
14340,4540
14437,4634
14536,4728
14628,4823
14725,4909
14822,5005
14927,5102
15021,5196
15114,5287
15215,5380
15312,5471
15412,5566
15509,5659
15606,5750
15703,5843
15800,5936
15893,6028
15992,6122
16086,6215
16182,6306
16282,6400
16377,6492
85,6586
187,6683
287,6782
383,6874
477,6966
577,7059
678,7156
768,7254
868,7350
970,7449
1065,7545
1156,7642
1258,7741
1360,7832
1456,7931
1551,8022
1654,8119
1750,8213
1848,8307
1945,8404
2044,8501
2141,8597
2241,8695
2339,8785
2441,8884
2531,8979
2629,9069
2728,9167
2823,9255
2917,9352
3020,9446
3115,9535
3207,9627
3307,9718
3396,9814
3493,9903
3585,9996
3679,10084
3779,10174
3866,10268
3963,10360
4058,10454
4157,10545
4254,10635
4339,10724
4434,10818
4530,10905
4625,10999
4724,11093
4821,11184
4920,11276
5014,11371
5105,11458
5197,11549
5295,11643
5394,11739
5489,11828
5582,11924
5678,12016
5774,12104
5871,12193
5968,12288
6063,12378
6156,12474
6254,12568
6350,12659
6447,12752
6547,12841
6639,12935
6733,13031
6830,13124
6924,13212
7013,13307
7106,13397
7207,13489
7304,13576
7397,13672
7494,13762
7586,13850
7681,13941
7779,14029
7874,14120
7962,14211
8054,14302
8147,14393
8242,14486
8339,14576
8433,14668
8529,14758
8624,14849
8718,14941
8815,15037
8906,15128
9003,15220
9100,15313
9194,15406
9286,15499
9388,15591
9480,15686
9573,15784
9668,15873
9768,15968
9862,16064
9954,16154
10055,16253
10152,16343
10245,48
10341,143
10433,239
10531,332
10626,420
10720,515
10814,606
10907,698
11002,792
11097,881
11190,977
11282,1067
11379,1155
11472,1248
11562,1342
11657,1428
11753,1523
11844,1609
11938,1701
12028,1789
12120,1875
12212,1968
12300,2057
12392,2144
12490,2233
12586,2325
12676,2413
12769,2504
12866,2596
12960,2691
13050,2779
13144,2874
13243,2961
13332,3049
13425,3137
13523,3226
13612,3319
13708,3412
13806,3506
13899,3599
13993,3689
14083,3777
14183,3865
14277,3954
14369,4048
14466,4144
14558,4233
14650,4323
14746,4417
14842,4506
14936,4596
15027,4686
15119,4781
15213,4870
15307,4960
15398,5050
15495,5139
15586,5230
15682,5319
15780,5406
15871,5499
15958,5590
16054,5676
16146,5769
16235,5859
16329,5943
43,6034
130,6124
222,6217
312,6307
409,6396
503,6484
595,6577
692,6666
786,6754
877,6846
974,6938
1064,7026
1158,7117
1249,7211
1348,7304
1444,7396
1534,7490
1631,7583
1723,7672
1819,7766
1911,7858
2007,7946
2101,8036
2190,8126
2290,8215
2380,8308
2471,8402
2567,8491
2662,8585
2751,8679
2842,8770
2936,8861
3032,8949
3124,9042
3211,9130
3308,9219
3402,9312
3499,9399
3588,9487
3681,9579
3774,9668
3866,9758
3961,9851
4045,9936
4141,10026
4235,10112
4325,10202
4418,10291
4514,10380
4608,10470
4698,10560
4792,10645
4888,10736
4983,10829
5074,10918
5166,11006
5260,11095
5354,11189
5447,11274
5543,11368
5638,11465
5733,11553
5826,11641
5920,11733
6016,11828
6110,11914
6203,12004
6300,12099
6397,12185
6491,12277
6589,12371
6680,12460
6775,12555
6867,12649
6961,12742
7050,12827
7150,12920
7243,13011
7336,13105
7426,13199
7524,13286
7622,13379
7717,13472
7805,13561
7896,13645
7990,13738
8082,13829
8175,13924
8276,14014
8367,14105
8459,14193
8553,14283
8655,14374
8746,14465
8841,14558
8934,14646
9034,14740
9129,14837
9223,14924
9315,15015
9410,15106
9506,15205
9600,15299
9700,15394
9794,15486
9889,15582
9982,15673
10074,15774
10173,15868
10267,15963
10368,16054
10464,16147
10561,16237
10651,16333
10746,47
10842,137
10936,232
11031,327
11126,423
11224,515
11321,607
11414,704
11513,797
11608,893
11701,987
11799,1077
11895,1173
11992,1263
12080,1358
12177,1448
12272,1545
12365,1636
12460,1723
12555,1815
12653,1905
12748,1996
12846,2086
12940,2179
13038,2269
13133,2360
13231,2455
13333,2547
13430,2644
13529,2731
13625,2828
13722,2922
13820,3010
13921,3106
14020,3198
14116,3291
14216,3382
14314,3480
14407,3575
14502,3672
14600,3767
14701,3855
14798,3949
14899,4039
14992,4133
15091,4229
15189,4325
15284,4416
15384,4515
15477,4606
15571,4698
15674,4793
15765,4885
15859,4981
15957,5074
16056,5168
16151,5258
16246,5351
16339,5447
56,5535
144,5625
243,5721
335,5810
427,5900
526,5991
619,6085
719,6175
812,6262
912,6358
1008,6447
1100,6542
1201,6632
1294,6728
1389,6822
1490,6913
1578,7007
1673,7097
1763,7193
1857,7287
1956,7379
2052,7472
2152,7569
2248,7663
2335,7759
2431,7849
2526,7941
2623,8038
2716,8130
2811,8223
2904,8313
2992,8406
3090,8495
3189,8590
3282,8683
3376,8781
3470,8867
3561,8961
3656,9055
3747,9145
3841,9235
3928,9328
4019,9419
4117,9508
4211,9600
4304,9689
4395,9775
4487,9864
4580,9958
4678,10045
4771,10134
4864,10228
4961,10319
5055,10405
5146,10492
5240,10587
5341,10680
5436,10767
5533,10855
5630,10947
5729,11044
5822,11134
5917,11226
6011,11318
6112,11406
6206,11497
6301,11589
6398,11683
6494,11775
6586,11871
6684,11961
6781,12048
6878,12139
6975,12233
7067,12326
7159,12417
7256,12509
7349,12603
7447,12697
7546,12790
7641,12882
7734,12975
7830,13064
7921,13158
8012,13251
8106,13338
8205,13435
8301,13523
8392,13608
8486,13699
8585,13789
8679,13879
8771,13967
8865,14061
8963,14151
9058,14241
9157,14330
9254,14421
9342,14509
9438,14602
9537,14689
9627,14779
9722,14869
9813,14963
9910,15053
10006,15149
10105,15240
10194,15333
10287,15425
10381,15514
10476,15601
10567,15694
10663,15787
10756,15883
10849,15980
10941,16067
11040,16158
11131,16252
11230,16344
11313,54
11406,147
11495,237
11592,328
11687,422
11782,516
11871,606
11960,692
12048,783
12136,876
12234,964
12325,1056
12419,1145
12511,1234
12601,1326
12697,1418
12790,1505
12885,1594
12979,1685
13074,1772
13167,1866
13260,1956
13353,2046
13448,2136
13546,2223
13642,2315
13729,2403
13830,2494
13924,2580
14016,2670
14112,2758
14209,2849
14304,2941
14399,3034
14496,3126
14591,3219
14680,3312
14781,3405
14880,3498
14969,3590
15066,3680
15164,3773
15259,3863
15355,3951
15447,4043
15540,4137
15636,4232
15736,4326
15828,4415
15921,4512
16021,4598
16108,4692
16202,4783
16299,4875
7,4968
101,5061
200,5153
294,5243
386,5336
482,5429
575,5516
672,5607
769,5695
861,5791
956,5878
1054,5966
1151,6055
1241,6149
1339,6242
1435,6329
1528,6424
1625,6512
1725,6606
1816,6697
1914,6790
2003,6884
2098,6976
2196,7066
2292,7156
2384,7256
2480,7343
2572,7438
2665,7531
2762,7625
2855,7720
2949,7815
3043,7906
3135,7995
3231,8090
3327,8179
3420,8274
3512,8366
3606,8460
3702,8555
3796,8647
3886,8744
3975,8833
4068,8926
4165,9022
4260,9113
4352,9203
4445,9292
4542,9390
4640,9481
4736,9573
4830,9661
4922,9755
5019,9842
5115,9931
5211,10024
5306,10115
5404,10206
5501,10298
5595,10389
5687,10483
5784,10574
5881,10662
5980,10753
6076,10848
6172,10942
6269,11033
6369,11127
6468,11219
6560,11314
6656,11407
6757,11500
6851,11595
6953,11694
7050,11787
7143,11881
7246,11978
7340,12066
7436,12158
7531,12257
7626,12351
7726,12445
7826,12539
7914,12636
8010,12730
8111,12822
8207,12919
8300,13011
8398,13106
8500,13199
8594,13294
8690,13392
8792,13485
8887,13578
8985,13668
9083,13762
9182,13856
9279,13949
9375,14042
9472,14135
9575,14229
9673,14318
9765,14410
9862,14507
9963,14598
10060,14691
10156,14785
10252,14880
10351,14973
10448,15070
10549,15164
10644,15258
10741,15353
10834,15453
10934,15541
11031,15635
11124,15733
11222,15831
11318,15925
11417,16028
11507,16119
11606,16217
11701,16303
11796,14
11889,113
11978,210
12073,305
12170,400
12266,497
12355,588
12455,679
12550,773
12642,864
12739,958
12832,1054
12929,1143
13022,1236
13121,1328
13221,1418
13317,1515
13408,1599
13506,1691
13604,1781
13698,1873
13793,1966
13891,2057
13989,2152
14087,2239
14175,2328
14271,2419
14373,2510
14469,2601
14565,2687
14662,2780
14757,2872
14852,2964
14952,3056
15042,3147
15138,3237
15234,3332
15330,3421
15422,3517
15518,3608
15611,3703
15710,3793
15802,3877
15897,3969
15990,4063
16084,4157
16175,4247
16270,4339
16362,4432
67,4521
167,4611
260,4707
356,4799
451,4888
542,4978
636,5072
731,5160
826,5254
917,5345
1013,5431
1109,5523
1204,5609
1300,5701
1397,5787
1488,5874
1589,5966
1683,6057
1773,6146
1866,6232
1960,6323
2055,6415
2145,6506
2243,6598
2337,6689
2428,6782
2520,6872
2615,6962
2711,7055
2801,7150
2895,7241
2985,7330
3080,7419
3176,7518
3268,7609
3362,7705
3458,7796
3546,7886
3638,7974
3730,8069
3821,8161
3907,8254
4002,8345
4094,8438
4186,8527
4276,8624
4365,8713
4461,8808
4552,8900
4645,8987
4737,9082
4831,9170
4930,9264
5024,9353
5118,9441
5211,9530
5306,9620
5398,9712
5492,9797
5584,9885
5679,9977
5770,10065
5868,10157
5963,10246
6053,10333
6148,10425
6245,10512
6341,10600
6431,10693
6528,10783
6620,10869
6712,10953
6814,11051
6910,11142
6998,11230
7092,11324
7189,11413
7281,11503
7379,11590
7469,11683
7560,11772
7655,11866
7749,11959
7843,12045
7933,12135
8024,12225
8114,12314
8212,12403
8305,12497
8402,12591
8491,12681
8582,12773
8675,12862
8771,12952
8864,13039
8959,13125
9050,13217
9146,13307
9233,13398
9327,13486
9421,13574
9513,13665
9608,13756
9706,13843
9794,13931
9892,14020
9986,14106
10079,14193
10171,14283
10258,14374
10359,14461
10454,14548
10542,14639
10635,14729
10722,14819
10819,14907
10910,14998
11005,15089
11100,15183
11189,15268
11279,15360
11375,15454
11470,15545
11560,15637
11653,15729
11743,15823
11833,15915
11922,16005
12013,16095
12104,16182
12194,16273
12281,16368
12372,76
12468,170
12565,259
12658,352
12752,447
12843,535
12935,627
13028,719
13124,810
13215,897
13311,990
13408,1083
13500,1174
13594,1265
13694,1357
13783,1445
13882,1537
13979,1625
14070,1718
14164,1806
14260,1894
14352,1982
14447,2076
14540,2170
14639,2258
14734,2350
14828,2438
14925,2527
15022,2620
15112,2710
15209,2802
15307,2893
15396,2987
15499,3079
15596,3175
15684,3261
15782,3356
15875,3446
15971,3537
16062,3628
16155,3722
16239,3807
16339,3901
48,3991
142,4084
238,4176
332,4269
429,4364
525,4457
620,4547
709,4639
806,4731
901,4826
1004,4914
1095,5006
1191,5094
1283,5186
1378,5278
1477,5371
1571,5462
1668,5553
1763,5644
1857,5734
1951,5825
2048,5916
2143,6005
2240,6097
2336,6187
2430,6276
2522,6364
2622,6456
2713,6547
2808,6642
2900,6733
2999,6826
3091,6922
3186,7018
3283,7109
3379,7204
3475,7297
3573,7391
3666,7489
3759,7584
3849,7677
3942,7772
4034,7873
4140,7967
4236,8057
4333,8151
4428,8249
4523,8346
4622,8442
4717,8534
4816,8633
4914,8728
5010,8823
5108,8918
5208,9009
5298,9104
5402,9196
5500,9293
5599,9392
5696,9487
5795,9574
5897,9670
5990,9765
6089,9860
6193,9951
6292,10048
6391,10139
6489,10228
6587,10325
6685,10416
6785,10508
6884,10600
6976,10699
7079,10788
7178,10883
7276,10976
7373,11073
7474,11164
7569,11261
7662,11352
7760,11450
7856,11545
7952,11638
8045,11732
8139,11826
8238,11918
8340,12012
8432,12099
8527,12195
8620,12290
8719,12384
8817,12478
8913,12571
9011,12661
9106,12756
9203,12850
9292,12945
9393,13035
9494,13127
9589,13224
9680,13311
9776,13402
9869,13497
9963,13583
10067,13672
10159,13766
10255,13858
10352,13947
10447,14038
10535,14125
10636,14218
10729,14307
10824,14402
10918,14493
11015,14583
11108,14670
11203,14764
11295,14855
11391,14949
11482,15038
11575,15130
11673,15224
11767,15316
11859,15409
11950,15504
12041,15597
12137,15691
12226,15784
12319,15880
12416,15974
12512,16064
12611,16152
12701,16252
12796,16348
12887,56
12986,152
13080,244
13177,337
13272,428
13370,520
13467,619
13564,712
13658,806
13755,901
13853,988
13949,1082
14044,1172
14141,1262
14234,1357
14338,1450
14438,1538
14526,1633
14623,1725
14717,1815
14812,1903
14913,1997
15014,2086
15109,2170
15202,2262
15298,2360
15395,2447
15491,2537
15588,2629
15685,2720
15779,2815
15872,2905
15967,3000
16058,3087
16154,3181
16242,3272
16340,3365
53,3456
147,3550
241,3642
339,3733
432,3825
528,3913
623,4006
715,4100
814,4194
913,4284
1004,4373
1097,4465
1190,4556
1287,4651
1385,4739
1482,4834
1576,4925
1667,5016
1758,5107
1857,5201
1953,5289
2048,5379
2141,5469
2235,5559
2327,5646
2420,5734
2516,5826
2617,5911
2707,6000
2795,6093
2894,6182
2985,6272
3082,6364
3172,6458
3261,6550
3359,6637
3449,6730
3541,6817
3634,6911
3731,6998
3817,7093
3909,7190
3999,7282
4093,7375
4186,7468
4276,7564
4368,7652
4465,7748
4558,7841
4653,7936
4743,8027
4838,8122
4930,8214
5029,8303
5121,8399
5214,8492
5311,8585
5401,8678
5497,8769
5589,8863
5689,8953
5781,9044
5875,9136
5972,9229
6068,9318
6165,9410
6258,9499
6354,9587
6446,9678
6536,9772
6637,9861
6733,9949
6834,10037
6922,10130
7010,10218
7108,10306
7204,10398
7298,10490
7393,10578
7483,10669
7575,10761
7674,10850
7764,10939
7857,11028
7951,11118
8046,11204
8138,11294
8229,11387
8325,11479
8420,11569
8511,11660
8605,11753
8701,11843
8800,11937
8890,12031
8979,12116
9075,12206
9172,12298
9264,12388
9364,12480
9452,12574
9542,12663
9639,12752
9737,12843
9831,12936
9926,13025
10014,13115
10115,13208
10208,13293
10304,13384
10397,13473
10495,13561
10587,13653
10681,13743
10774,13831
10868,13922
10962,14010
11054,14100
11147,14191
11240,14280
11334,14370
11428,14460
11522,14547
11612,14637
11706,14729
11802,14821
11903,14913
11991,15004
12078,15098
12169,15190
12260,15282
12353,15373
12444,15466
12541,15559
12629,15651
12722,15748
12812,15842
12909,15935
13009,16023
13102,16116
13191,16210
13292,16305
13385,10
13481,107
13573,198
13666,290
13764,383
13861,481
13956,572
14051,665
14149,757
14248,852
14345,946
14438,1035
14531,1129
14626,1215
14724,1308
14818,1398
14913,1491
15013,1583
15105,1675
15201,1767
15293,1853
15395,1946
15485,2035
15582,2126
15679,2216
15772,2310
15870,2402
15962,2493
16058,2586
16153,2677
16242,2767
16340,2861
51,2950
147,3046
241,3137
340,3234
435,3328
532,3420
629,3513
723,3608
818,3702
915,3796
1015,3881
1110,3972
1208,4071
1305,4167
1401,4258
1500,4349
1594,4441
1690,4536
1784,4634
1879,4728
1973,4819
2074,4910
2168,5005
2267,5102
2360,5192
2456,5285
2554,5377
2650,5472
2751,5562
2841,5652
2939,5744
3035,5840
3128,5933
3225,6021
3319,6112
3416,6205
3513,6297
3609,6388
3702,6484
3794,6579
3888,6675
3981,6767
4076,6861
4170,6955
4266,7048
4361,7145
4459,7237
4554,7332
4649,7429
4749,7527
4847,7620
4938,7712
5037,7810
5133,7903
5232,7993
5322,8088
5424,8180
5517,8275
5614,8368
5711,8462
5808,8561
5904,8651
5998,8748
6093,8836
6195,8933
6289,9022
6385,9110
6482,9208
6574,9299
6668,9388
6767,9481
6861,9571
6957,9659
7052,9750
7147,9843
7244,9929
7339,10018
7431,10109
7528,10198
7622,10290
7714,10377
7808,10465
7897,10556
7989,10648
8082,10741
8173,10829
8267,10917
8361,11007
8456,11094
8549,11185
8639,11281
8734,11370
8826,11459
8918,11550
9016,11643
9110,11733
9202,11822
9291,11916
9392,12006
9485,12096
9576,12189
9667,12282
9763,12369
9856,12457
9947,12552
10043,12641
10141,12740
10234,12828
10322,12918
10425,13011
10517,13100
10608,13193
10700,13286
10797,13373
10888,13465
10985,13560
11080,13646
11171,13737
11267,13823
11359,13917
11451,14006
11546,14099
11642,14187
11736,14275
11827,14367
11920,14456
12011,14548
12104,14640
12193,14735
12289,14826
12384,14917
12480,15011
12572,15107
12668,15198
12763,15292
12863,15389
12956,15481
13047,15573
13141,15667
13236,15757
13334,15853
13430,15948
13523,16039
13617,16128
13714,16225
13814,16319
13911,25
14007,124
14098,214
14197,311
14288,401
14384,499
14480,590
14576,679
14670,770
14761,859
14859,954
14952,1045
15047,1133
15145,1225
15240,1317
15334,1406
15425,1495
15528,1584
15620,1675
15705,1764
15797,1853
15894,1942
15989,2031
16081,2122
16173,2206
16264,2299
16356,2386
63,2474
157,2564
245,2655
340,2744
435,2837
523,2927
620,3013
713,3108
811,3199
905,3290
993,3379
1085,3470
1184,3562
1278,3652
1367,3743
1464,3829
1556,3915
1650,4007
1745,4101
1843,4197
1932,4285
2027,4376
2124,4464
2215,4556
2308,4646
2400,4740
2494,4833
2587,4920
2681,5010
2772,5100
2871,5194
2967,5283
3058,5373
3153,5461
3247,5548
3340,5637
3437,5732
3528,5822
3619,5909
3716,5998
3806,6089
3898,6183
3990,6272
4083,6362
4176,6453
4268,6544
4363,6637
4458,6728
4556,6823
4653,6914
4747,7002
4837,7092
4933,7185
5021,7279
5120,7377
5222,7467
5315,7562
5406,7657
5506,7752
5608,7843
5700,7934
5793,8025
5892,8119
5990,8209
6086,8304
6184,8400
6280,8489
6377,8583
6466,8674
6558,8770
6658,8865
6757,8957
6851,9046
6938,9143
7034,9233
7133,9324
7230,9415
7320,9508
7414,9599
7511,9685
7604,9776
7701,9865
7794,9952
7885,10043
7977,10137
8071,10224
8164,10317
8260,10404
8349,10495
8445,10584
8537,10675
8631,10767
8729,10855
8822,10949
8919,11040
9012,11131
9108,11224
9203,11318
9296,11411
9392,11501
9487,11590
9578,11683
9679,11779
9774,11867
9867,11958
9965,12052
10059,12139
10154,12234
10251,12326
10347,12418
10444,12514
10540,12605
10635,12696
10729,12789
10824,12881
10922,12976
11017,13069
11111,13162
11206,13257
11300,13349
11391,13442
11491,13530
11588,13624
11681,13720
11779,13806
11870,13899
11965,13994
12060,14086
12151,14176
12248,14270
12346,14359
12442,14456
12539,14551
12635,14646
12733,14738
12827,14829
12924,14925
13023,15020
13123,15113
13222,15211
13319,15307
13415,15400
13512,15494
13613,15594
13712,15693
13810,15788
13909,15888
14007,15985
14109,16078
14206,16173
14311,16268
14404,16368
14501,81
14601,172
14698,269
14794,367
14893,462
14993,558
15092,656
15189,748
15289,841
15392,938
15490,1031
15585,1126
15685,1219
15788,1312
15880,1407
15978,1499
16073,1590
16164,1689
16262,1778
16361,1874
77,1967
170,2055
270,2151
365,2242
462,2331
558,2424
659,2514
758,2610
853,2704
954,2795
1055,2892
1146,2983
1243,3073
1341,3169
1434,3266
1538,3358
1634,3454
1728,3549
1832,3645
1923,3737
2019,3830
2117,3918
2215,4012
2314,4105
2402,4200
2496,4295
2592,4388
2693,4482
2789,4578
2883,4675
2977,4767
3075,4860
3169,4949
3262,5041
3356,5136
3452,5230
3545,5321
3641,5411
3734,5501
3824,5591
3914,5683
4011,5775
4103,5864
4198,5951
4294,6044
4387,6135
4481,6231
4574,6325
4668,6416
4765,6508
4856,6598
4950,6691
5048,6787
5141,6879
5239,6969
5331,7060
5425,7153
5523,7247
5620,7344
5719,7433
5815,7528
5904,7624
6004,7721
6096,7812
6193,7907
6293,7995
6384,8090
6480,8184
6575,8274
6671,8372
6769,8464
6863,8560
6961,8649
7055,8745
7155,8836
7246,8929
7340,9022
7435,9112
7529,9203
7622,9294
7723,9385
7814,9476
7905,9566
7995,9659
8090,9747
8182,9838
8273,9929
8368,10018
8466,10105
8561,10192
8655,10283
8747,10373
8850,10467
8940,10555
9033,10643
9136,10736
9226,10827
9317,10915
9413,11009
9505,11100
9601,11189
9700,11282
9793,11374
9894,11467
9984,11555
10078,11646
10171,11741
10265,11828
10361,11923
10453,12012
10551,12101
10644,12192
10743,12285
10829,12378
10924,12469
11021,12570
11114,12657
11208,12746
11301,12834
11396,12926
11488,13016
11580,13107
11676,13199
11766,13291
11858,13379
11958,13468
12040,13558
12131,13644
12229,13732
12319,13827
12411,13917
12501,14007
12592,14097
12691,14184
12780,14272
12875,14364
12971,14452
13064,14542
13158,14630
13253,14719
13347,14812
13442,14903
13532,14991
13626,15083
13722,15175
13814,15264
13909,15357
14007,15445
14098,15537
14196,15626
14290,15720
14382,15813
14476,15907
14570,15995
14664,16088
14757,16177
14850,16267
14942,16358
15037,67
15126,157
15220,253
15320,342
15408,432
15501,525
15594,614
15688,706
15783,797
15873,885
15965,978
16056,1068
16147,1155
16236,1244
16326,1333
34,1422
122,1516
223,1603
318,1689
405,1779
501,1870
591,1954
686,2046
775,2137
867,2224
961,2309
1059,2398
1155,2485
1246,2573
1340,2667
1430,2754
1521,2847
1615,2938
1707,3029
1804,3123
1898,3213
1996,3303
2088,3393
2186,3481
2272,3573
2362,3664
2458,3757
2556,3846
2647,3932
2744,4026
2837,4115
2932,4208
3027,4303
3120,4392
3213,4485
3308,4575
3399,4669
3498,4761
3590,4849
3684,4938
3774,5031
3865,5119
3955,5212
4050,5304
4144,5396
4241,5483
4337,5575
4427,5667
4522,5755
4612,5842
4710,5931
4809,6016
4899,6105
4995,6202
5091,6295
5187,6383
5281,6472
5378,6561
5469,6650
5566,6742
5666,6834
5755,6923
5851,7015
5950,7108
6046,7200
6140,7289
6234,7381
6333,7477
6425,7571
6519,7665
6612,7756
6707,7847
6799,7941
6896,8031
6993,8120
7088,8216
7183,8311
7273,8402
7370,8491
7463,8586
7556,8678
7654,8770
7748,8864
7837,8952
7934,9045
8023,9141
8118,9226
8214,9319
8307,9406
8398,9501
8488,9590
8586,9685
8684,9775
8777,9864
8875,9956
8970,10043
9063,10135
9159,10223
9258,10313
9352,10408
9455,10501
9549,10589
9645,10681
9736,10775
9836,10869
9934,10960
10029,11052
10129,11151
10222,11248
10321,11340
10420,11433
10514,11529
10608,11623
10708,11719
10809,11814
10905,11911
10999,12004
11095,12100
11194,12193
11295,12287
11389,12381
11484,12478
11582,12577
11684,12671
11775,12772
11873,12864
11969,12955
12063,13051
12155,13147
12249,13241
12348,13334
12449,13430
12548,13527
12646,13618
12742,13708
12840,13802
12937,13893
13033,13988
13135,14081
13235,14177
13329,14271
13425,14363
13526,14457
13618,14548
13712,14637
13811,14730
13910,14829
14004,14920
14104,15013
14202,15104
14300,15200
14393,15294
14496,15391
14592,15482
14683,15573
14781,15670
14875,15762
14969,15856
15070,15951
15164,16046
15262,16141
15353,16232
15453,16328
15544,32
15635,129
15735,221
15832,313
15925,407
16018,497
16108,589
16197,683
16289,775
2,867
98,960
190,1048
283,1141
376,1229
471,1319
565,1409
658,1500
751,1592
842,1680
946,1768
1044,1856
1135,1950
1227,2041
1327,2131
1423,2221
1513,2311
1605,2402
1702,2492
1801,2580
1893,2670
1987,2764
2080,2856
2172,2944
2267,3042
2370,3139
2467,3230
2561,3324
2659,3417
2756,3507
2850,3603
2938,3693
3033,3784
3125,3877
3219,3969
3320,4062
3413,4156
3511,4249
3608,4345
3700,4437
3786,4533
3879,4623
3975,4718
4067,4809
4165,4903
4261,4998
4359,5088
4446,5180
4542,5273
4637,5365
4731,5458
4831,5549
4926,5635
5021,5727
5116,5820
5218,5912
5308,6001
5400,6092
5498,6187
5592,6276
5691,6369
5786,6464
5881,6554
5977,6647
6072,6738
6170,6829
6264,6919
6357,7016
6450,7104
6545,7197
6636,7286
6735,7383
6832,7477
6926,7571
7023,7661
7117,7755
7208,7851
7304,7939
7392,8031
7492,8123
7585,8216
7679,8310
7773,8403
7865,8497
7954,8587
8048,8678
8139,8768
8232,8857
8323,8950
8416,9044
8506,9134
8601,9226
8692,9315
8794,9409
8885,9500
8976,9590
9069,9680
9166,9765
9258,9854
9353,9943
9453,10033
9545,10121
9632,10209
9725,10297
9827,10387
9919,10480
10010,10566
10107,10660
10202,10750
10294,10839
10387,10931
10484,11019
10580,11109
10677,11200
10769,11292
10861,11387
10958,11477
11050,11570
11140,11660
11240,11753
11335,11847
11428,11943
11523,12034
11617,12119
11713,12212
11804,12303
11897,12401
11988,12490
12085,12587
12174,12677
12272,12767
12364,12860
12462,12955
12549,13052
12650,13143
12741,13233
12837,13322
12929,13410
13023,13499
13119,13589
13217,13679
13311,13772
13409,13863
13493,13953
13589,14043
13691,14137
13787,14221
13884,14317
13981,14404
14077,14493
14172,14587
14265,14675
14363,14767
14453,14857
14552,14954
14643,15041
14741,15134
14839,15226
14934,15317
15026,15407
15122,15507
15215,15600
15311,15688
15406,15782
15502,15880
15593,15969
15689,16058
15785,16152
15880,16244
15972,16339
16062,47
16153,141
16242,238
16342,329
51,422
146,515
243,606
335,697
428,787
524,882
614,978
718,1067
807,1156
902,1252
1001,1341
1093,1432
1187,1527
1286,1612
1376,1702
1474,1790
1569,1883
1663,1972
1760,2064
1854,2157
1950,2251
2049,2338
2144,2433
2246,2524
2336,2614
2433,2701
2527,2795
2624,2886
2720,2977
2816,3070
2909,3168
3002,3261
3099,3355
3199,3449
3294,3541
3389,3632
3480,3727
3577,3818
3669,3910
3764,4005
3855,4098
3950,4191
4042,4285
4141,4375
4232,4475
4325,4566
4424,4660
4523,4754
4622,4849
4715,4941
4807,5033
4912,5133
5006,5218
5102,5311
5200,5404
5296,5499
5396,5588
5495,5680
5588,5768
5687,5860
5783,5953
5887,6044
5985,6137
6079,6231
6175,6323
6275,6413
6376,6508
6470,6603
6566,6692
6665,6790
6764,6881
6857,6978
6957,7070
7054,7163
7147,7258
7245,7355
7342,7449
7439,7544
7537,7640
7632,7738
7726,7832
7825,7928
7918,8021
8022,8117
8109,8210
8206,8308
8298,8401
8398,8499
8488,8595
8588,8686
8685,8781
8788,8878
8880,8971
8981,9064
9074,9155
9172,9249
9270,9343
9370,9436
9469,9533
9557,9627
9657,9718
9754,9809
9850,9898
9951,9992
10046,10084
10141,10176
10243,10267
10343,10357
10436,10450
10531,10541
10632,10633
10722,10727
10821,10817
10915,10908
11014,11003
11111,11096
11204,11190
11302,11281
11397,11378
11491,11470
11587,11566
11686,11659
11777,11750
11873,11845
11962,11938
12059,12026
12146,12122
12242,12213
12335,12303
12431,12397
12525,12491
12625,12583
12714,12677
12806,12769
12906,12860
12997,12952
13094,13043
13185,13135
13279,13227
13370,13320
13468,13408
13559,13498
13660,13587
13755,13678
13852,13770
13945,13859
14039,13945
14134,14033
14228,14126
14324,14213
14416,14301
14510,14392
14606,14478
14699,14566
14794,14659
14885,14751
14980,14844
15075,14933
15168,15024
15259,15113
15359,15204
15454,15295
15544,15386
15636,15478
15730,15569
15821,15660
15917,15754
16005,15849
16095,15941
16189,16034
16277,16123
16372,16216
80,16307
177,13
270,103
361,199
458,295
553,384
647,476
734,568
829,656
928,751
1022,841
1113,931
1210,1025
1303,1114
1404,1204
1494,1293
1589,1383
1678,1473
1772,1566
1869,1651
1963,1741
2061,1830
2158,1920
2255,2013
2346,2105
2440,2193
2537,2280
2634,2372
2724,2465
2814,2552
2908,2645
3005,2734
3095,2823
3195,2919
3286,3009
3381,3103
3477,3192
3573,3282
3662,3372
3757,3471
3843,3564
3933,3654
4024,3747
4116,3834
4211,3924
4310,4016
4406,4107
4492,4199
4587,4289
4681,4381
4769,4477
4865,4567
4959,4652
5057,4746
5149,4834
5236,4928
5330,5018
5429,5110
5520,5202
5614,5288
5710,5376
5804,5463
5900,5555
5996,5643
6087,5731
6178,5823
6271,5911
6366,5999
6459,6086
6547,6173
6645,6261
6737,6352
6829,6444
6924,6531
7014,6622
7109,6708
7202,6799
7298,6890
7384,6984
7480,7072
7571,7166
7667,7255
7761,7348
7851,7437
7935,7530
8030,7625
8120,7716
8213,7810
8305,7897
8397,7987
8494,8079
8589,8168
8683,8262
8770,8353
8864,8447
8956,8536
9052,8627
9148,8723
9239,8814
9329,8904
9427,8991
9520,9084
9614,9174
9711,9268
9809,9358
9901,9445
9997,9535
10088,9624
10183,9715
10282,9806
10369,9895
10468,9984
10561,10075
10655,10164
10751,10252
10843,10343
10937,10436
11033,10524
11127,10612
11226,10703
11322,10794
11412,10884
11502,10976
11599,11066
11693,11162
11789,11259
11882,11352
11974,11441
12060,11529
12157,11622
12250,11717
12346,11809
12441,11905
12531,11990
12626,12079
12723,12169
12815,12265
12909,12361
13008,12456
13099,12543
13198,12636
13289,12728
13386,12816
13477,12910
13572,13003
13668,13093
13764,13180
13858,13277
13951,13368
14049,13456
14144,13553
14246,13639
14338,13727
14428,13816
14523,13906
14620,13998
14715,14086
14809,14171
14903,14269
14997,14355
15091,14445
15186,14541
15283,14629
15375,14722
15474,14809
15569,14902
15663,14995
15756,15087
15852,15179
15947,15271
16041,15365
16131,15456
16230,15549
16322,15641
32,15737
127,15831
222,15926
319,16022
412,16111
505,16205
604,16299
699,9
794,105
894,197
996,295
1087,390
1184,482
1280,579
1381,675
1474,768
1567,861
1667,953
1768,1047
1862,1142
1960,1231
2055,1327
2149,1419
2252,1513
2350,1605
2443,1695
2539,1790
2638,1886
2739,1974
2836,2067
2935,2158
3028,2252
3129,2346
3225,2437
3317,2527
3418,2621
3516,2714
3613,2816
3712,2908
3806,3002
3901,3097
3994,3197
4089,3291
4184,3384
4280,3481
4381,3577
4474,3674
4575,3768
4670,3857
4769,3957
4868,4051
4964,4145
5061,4240
5157,4334
5257,4430
5352,4523
5449,4618
5547,4715
5646,4812
5745,4903
5836,4998
5930,5092
6031,5184
6132,5274
6232,5366
6329,5458
6422,5548
6515,5641
6614,5733
6710,5828
6807,5920
6902,6012
7004,6101
7098,6196
7195,6285
7288,6381
7382,6468
7481,6556
7576,6654
7674,6745
7760,6839
7858,6935
7952,7027
8042,7120
8137,7212
8237,7306
8336,7396
8428,7494
8521,7581
8616,7680
8705,7774
8805,7868
8902,7960
8994,8054
9089,8143
9187,8234
9283,8332
9379,8427
9474,8521
9567,8619
9666,8708
9757,8798
9856,8893
9952,8985
10051,9072
10143,9166
10234,9256
10334,9352
10432,9443
10524,9533
10621,9621
10718,9711
10810,9799
10902,9894
10999,9984
11089,10072
11183,10164
11283,10251
11377,10344
11471,10430
11569,10521
11665,10611
11757,10706
11852,10797
11947,10886
12038,10984
12132,11073
12221,11162
12321,11258
12417,11349
12508,11443
12601,11539
12692,11630
12791,11722
12881,11817
12982,11909
13077,12000
13164,12091
13266,12187
13362,12281
13454,12374
13553,12468
13648,12558
13742,12650
13836,12744
13928,12832
14029,12927
14120,13023
14218,13118
14313,13209
14406,13298
14509,13391
14599,13484
14696,13573
14787,13665
14887,13753
14986,13844
15078,13937
15171,14024
15267,14112
15361,14206
15450,14300
15548,14391
15644,14482
15738,14574
15832,14665
15931,14758
16023,14847
16114,14938
16205,15031
16296,15126
5,15218
103,15308
195,15402
287,15494
379,15586
473,15685
569,15778
662,15869
759,15964
854,16056
945,16146
1040,16241
1136,16331
1231,39
1321,133
1420,228
1517,322
1613,411
1706,505
1799,598
1897,689
1990,778
2081,869
2175,962
2276,1056
2367,1141
2462,1230
2549,1321
2647,1412
2743,1500
2835,1586
2923,1677
3018,1766
3117,1855
3213,1948
3304,2035
3395,2122
3486,2211
3579,2305
3677,2396
3767,2485
3855,2572
3943,2662
4044,2754
4134,2843
4226,2930
4323,3021
4414,3115
4509,3204
4600,3295
4692,3386
4784,3475
4876,3569
4976,3663
5068,3755
5160,3843
5251,3934
5346,4022
5446,4113
5537,4203
5630,4295
5726,4388
5819,4477
5911,4571
6010,4662
6103,4750
6192,4842
6289,4930
6388,5025
6482,5115
6573,5207
6667,5292
6760,5382
6851,5474
6950,5566
7050,5652
7138,5741
7229,5834
7318,5923
7420,6015
7516,6103
7607,6193
7702,6279
7792,6372
7889,6460
7979,6548
8070,6643
8156,6733
8249,6825
8347,6917
8440,7010
8532,7101
8630,7193
8723,7285
8817,7375
8906,7472
9004,7565
9099,7659
9194,7752
9287,7846
9381,7937
9476,8028
9567,8124
9664,8214
9759,8309
9854,8400
9948,8496
10047,8584
10140,8680
10235,8769
10332,8861
10421,8949
10518,9049
10610,9138
10700,9229
10797,9318
10894,9406
10991,9499
11083,9587
11177,9678
11275,9771
11365,9860
11462,9950
11550,10038
11644,10125
11738,10215
11828,10303
11920,10390
12014,10485
12102,10574
12198,10667
12293,10752
12386,10843
12478,10931
12569,11024
12669,11113
12764,11207
12854,11296
12951,11390
13046,11481
13141,11571
13239,11669
13330,11761
13428,11851
13519,11945
13615,12034
13702,12122
13801,12214
13900,12305
13998,12397
14094,12492
14190,12582
14285,12674
14383,12768
14479,12863
14579,12958
14670,13053
14764,13144
14863,13235
14962,13329
15054,13414
15150,13505
15249,13602
15347,13690
15442,13781
15543,13869
15636,13960
15733,14052
15830,14147
15920,14239
16023,14329
16112,14421
16211,14514
16305,14606
16,14697
115,14793
211,14882
309,14975
400,15072
495,15170
598,15262
694,15357
790,15454
886,15545
979,15640
1077,15736
1177,15833
1272,15928
1371,16025
1470,16117
1567,16211
1663,16307
1763,17
1855,115
1957,207
2050,303
2148,397
2243,489
2342,584
2443,682
2540,771
2635,864
2726,958
2823,1048
2915,1140
3012,1235
3105,1328
3202,1417
3296,1509
3387,1596
3483,1688
3581,1779
3673,1869
3767,1963
3858,2052
3945,2141
4043,2230
4138,2319
4227,2413
4323,2504
4422,2592
4516,2685
4606,2773
4702,2865
4792,2957
4891,3050
4985,3139
5079,3238
5175,3327
5261,3420
5356,3511
5455,3604
5550,3697
5642,3791
5738,3878
5838,3968
5932,4059
6022,4152
6116,4246
6210,4338
6304,4426
6403,4522
6495,4612
6590,4706
6680,4796
6779,4887
6876,4976
6971,5069
7064,5161
7159,5253
7251,5340
7349,5430
7444,5524
7538,5613
7629,5700
7724,5792
7817,5879
7910,5972
8004,6061
8094,6150
8188,6243
8284,6337
8377,6426
8475,6517
8569,6607
8660,6698
8758,6792
8852,6880
8945,6974
9042,7067
9133,7164
9228,7252
9332,7346
9422,7438
9517,7535
9615,7629
9712,7718
9809,7817
9903,7909
9994,8005
10088,8089
10183,8184
10275,8278
10376,8373
10468,8468
10561,8561
10660,8655
10758,8744
10850,8832
10942,8930
11036,9024
11133,9112
11228,9205
11320,9296
11412,9386
11504,9477
11598,9568
11694,9656
11787,9747
11881,9842
11976,9925
12065,10018
12155,10106
12248,10196
12344,10282
12429,10373
12521,10463
12615,10554
12718,10642
12809,10729
12900,10822
12997,10912
13089,11003
13185,11093
13281,11184
13373,11272
13464,11363
13555,11455
13653,11548
13750,11637
13842,11732
13935,11825
14027,11918
14124,12007
14221,12096
14320,12186
14409,12279
14506,12371
14599,12462
14688,12554
14785,12648
14877,12743
14976,12835
15067,12923
15157,13012
15257,13100
15356,13194
15448,13283
15539,13372
15631,13461
15721,13554
15813,13648
15912,13734
16006,13824
16099,13917
16186,14008
16273,14092
16372,14181
80,14275
174,14362
270,14448
365,14537
456,14628
552,14722
643,14812
740,14899
836,14992
934,15086
1026,15184
1119,15275
1213,15365
1307,15459
1403,15551
1496,15646
1593,15738
1689,15830
1780,15920
1880,16015
1975,16110
2069,16198
2161,16289
2257,1
2350,95
2444,187
2541,278
2631,373
2729,464
2822,560
2909,652
3007,744
3101,832
3195,929
3284,1018
3380,1110
3474,1201
3575,1290
3664,1379
3753,1471
3841,1562
3934,1649
4033,1738
4125,1825
4215,1915
4309,2008
4403,2099
4497,2183
4592,2274
4688,2363
4778,2455
4872,2544
4972,2634
5064,2729
5158,2819
5257,2908
5351,3002
5444,3090
5543,3189
5637,3279
5729,3371
5826,3461
5922,3551
6019,3645
6110,3739
6205,3830
6303,3917
6397,4010
6496,4102
6591,4196
6686,4288
6783,4377
6876,4476
6972,4572
7070,4660
7166,4753
7266,4844
7360,4936
7455,5027
7547,5120
7644,5215
7734,5303
7832,5391
7927,5482
8020,5575
8114,5668
8205,5757
8303,5848
8399,5940
8491,6033
8587,6122
8683,6211
8782,6307
8877,6398
8969,6491
9068,6581
9168,6674
9258,6768
9355,6860
9454,6956
9551,7047
9647,7140
9749,7238
9839,7335
9936,7428
10031,7520
10132,7618
10233,7714
10322,7808
10421,7906
10513,8000
10611,8093
10704,8187
10805,8281
10902,8374
11001,8472
11097,8567
11195,8665
11289,8760
11387,8856
11482,8952
11579,9042
11677,9132
11768,9228
11864,9324
11961,9415
12054,9508
12151,9599
12249,9696
12341,9788
12432,9879
12536,9971
12635,10062
12730,10159
12830,10248
12926,10341
13025,10438
13124,10525
13213,10620
13318,10713
13417,10805
13509,10903
13610,10991
13708,11087
13809,11183
13905,11280
14009,11372
14105,11471
14203,11565
14303,11662
14403,11757
14502,11852
14600,11949
14698,12039
14801,12133
14897,12228
14991,12325
15091,12420
15193,12514
15291,12610
15388,12707
15488,12802
15583,12898
15684,12986
15785,13084
15878,13176
15975,13274
16067,13365
16165,13458
16256,13549
16353,13643
65,13737
165,13828
259,13918
356,14008
451,14098
548,14188
642,14283
741,14375
840,14467
937,14557
1034,14653
1129,14743
1225,14838
1318,14930
1418,15026
1516,15113
1612,15205
1704,15298
1799,15394
1893,15487
1989,15585