# Pre-Califiguration: HARD_REV:0x07,MPC:0x05,GX_M:0x78,VOSS_M:0x02,VOSC_M:0x41,PH_M:0x4B,PHR_M:0x00,GX_N:0x7F,VOSS_N:0x00,VOSC_N:0x00,PH_N:0x48,PHR_N:0x00
MASTER_RAW,NONIUS_RAW
10465,13059
10560,13154
10648,13243
10741,13334
10835,13425
10933,13514
11027,13601
11122,13694
11213,13784
11310,13874
11403,13964
11495,14056
11591,14145
11686,14235
11781,14328
11872,14415
11967,14508
12054,14597
12149,14689
12243,14777
12333,14872
12431,14963
12526,15054
12623,15149
12719,15239
12814,15329
12901,15423
13001,15517
13095,15610
13191,15701
13284,15795
13380,15887
13472,15983
13568,16079
13668,16173
13761,16261
13854,16353
13953,64
14047,153
14143,248
14237,341
14332,436
14429,524
14522,619
14615,709
14709,802
14807,893
14898,983
14997,1073
15087,1163
15185,1252
15275,1342
15368,1437
15458,1525
15555,1617
15647,1703
15740,1797
15835,1884
15929,1969
16020,2061
16111,2151
16201,2238
16295,2327
16382,2416
91,2508
182,2601
280,2688
374,2779
464,2867
562,2958
657,3050
746,3142
832,3237
928,3324
1025,3419
1115,3509
1209,3597
1309,3690
1401,3776
1495,3869
1587,3957
1680,4050
1775,4144
1867,4233
1963,4327
2053,4421
2153,4508
2245,4601
2341,4691
2434,4782
2529,4874
2620,4964
2721,5052
2814,5146
2908,5234
2997,5323
3091,5412
3188,5500
3283,5590
3375,5679
3472,5772
3564,5858
3657,5944
3751,6038
3839,6127
3935,6215
4025,6307
4115,6396
4217,6486
4306,6579
4398,6672
4498,6759
4591,6852
4687,6941
4782,7032
4877,7126
4972,7217
5070,7309
5163,7401
5258,7498
5351,7587
5443,7677
5541,7773
5633,7864
5730,7957
5829,8049
5924,8144
6019,8234
6118,8325
6213,8417
6305,8510
6397,8607
6493,8697
6589,8791
6687,8881
6784,8974
6872,9067
6965,9158
7057,9248
7157,9342
7251,9434
7346,9523
7439,9609
7531,9701
7623,9790
7723,9882
7815,9976
7906,10064
7996,10154
8090,10242
8180,10335
8275,10425
8371,10515
8465,10608
8560,10695
8655,10791
8749,10876
8839,10975
8936,11065
9038,11154
9128,11244
9225,11340
9315,11435
9411,11527
9505,11617
9600,11706
9700,11801
9797,11892
9889,11988
9985,12078
10076,12164
10172,12260
10272,12352
10368,12449
10461,12543
10558,12638
10650,12728
10749,12823
10847,12916
10942,13006
11037,13099
11135,13196
11228,13289
11326,13380
11415,13471
11511,13562
11611,13649
11706,13743
11805,13837
11903,13929
11994,14019
12085,14113
12177,14203
12278,14299
12375,14387
12470,14482
12565,14576
12661,14667
12758,14760
12853,14853
12950,14949
13047,15042
13148,15135
13249,15231
13350,15326
13440,15419
13540,15519
13637,15617
13738,15709
13832,15807
13928,15902
14032,15999
14128,16092
14231,16187
14324,16282
14421,16378
14523,90
14621,185
14717,282
14819,374
14918,471
15012,566
15107,660
15206,756
15306,852
15406,949
15499,1043
15600,1133
15703,1227
15798,1321
15893,1412
15994,1508
16087,1604
16181,1696
16273,1787
16371,1879
84,1973
186,2066
282,2157
378,2246
473,2339
564,2431
665,2525
760,2621
860,2713
960,2805
1058,2902
1155,2994
1251,3092
1345,3187
1444,3279
1539,3373
1636,3468
1735,3562
1830,3657
1929,3751
2022,3842
2123,3933
2217,4024
2319,4121
2413,4217
2507,4310
2607,4404
2699,4498
2793,4594
2889,4688
2987,4780
3082,4870
3175,4964
3273,5062
3369,5153
3466,5242
3556,5332
3650,5424
3745,5520
3834,5609
3926,5698
4022,5786
4112,5876
4207,5971
4304,6059
4401,6152
4496,6244
4584,6335
4679,6426
4776,6514
4868,6607
4963,6699
5055,6793
5151,6884
5245,6977
5340,7066
5440,7159
5532,7254
5627,7348
5723,7440
5821,7532
5913,7625
6008,7718
6105,7810
6200,7903
6297,7993
6392,8083
6479,8180
6582,8273
6673,8365
6766,8457
6861,8553
6957,8642
7051,8733
7148,8829
7243,8920
7339,9013
7432,9102
7525,9193
7622,9284
7719,9375
7808,9468
7900,9561
7989,9648
8081,9736
8179,9826
8272,9916
8370,10005
8458,10096
8555,10189
8645,10277
8741,10369
8838,10460
8929,10552
9024,10639
9122,10726
9215,10822
9305,10911
9397,11002
9498,11093
9594,11187
9687,11279
9785,11375
9876,11464
9974,11556
10064,11648
10164,11744
10259,11836
10356,11926
10451,12016
10549,12105
10643,12194
10734,12289
10827,12380
10921,12469
11013,12563
11107,12655
11201,12747
11295,12837
11393,12930
11484,13019
11579,13105
11672,13201
11763,13294
11857,13386
11950,13473
12038,13563
12130,13652
12223,13742
12315,13828
12412,13915
12502,14012
12593,14097
12688,14184
12783,14273
12876,14362
12967,14449
13060,14537
13158,14632
13249,14714
13345,14805
13437,14896
13530,14990
13627,15077
13717,15168
13810,15258
13909,15348
14001,15438
14092,15529
14186,15620
14277,15709
14368,15800
14463,15891
14558,15981
14657,16073
14748,16162
14841,16251
14936,16341
15029,51
15117,143
15210,232
15301,322
15389,414
15480,506
15572,594
15670,687
15765,775
15856,862
15950,952
16039,1042
16126,1131
16219,1220
16302,1314
13,1402
110,1487
203,1576
292,1666
388,1756
480,1845
570,1934
661,2023
753,2114
849,2203
943,2289
1035,2380
1130,2468
1219,2557
1315,2646
1409,2738
1501,2831
1598,2920
1692,3012
1787,3101
1880,3193
1975,3286
2066,3379
2158,3473
2258,3561
2351,3658
2442,3748
2534,3833
2628,3923
2725,4015
2817,4107
2913,4202
3004,4291
3104,4384
3200,4478
3291,4572
3386,4657
3484,4753
3569,4841
3664,4930
3760,5025
3850,5110
3941,5202
4036,5295
4130,5388
4221,5475
4314,5563
4414,5654
4505,5743
4600,5829
4695,5916
4793,6009
4884,6095
4985,6185
5079,6274
5173,6366
5265,6452
5359,6544
5453,6636
5550,6725
5643,6820
5740,6911
5837,6999
5934,7091
6026,7181
6112,7270
6213,7359
6311,7452
6398,7549
6496,7639
6591,7730
6686,7824
6778,7911
6873,8002
6974,8093
7069,8186
7159,8282
7248,8375
7347,8466
7439,8552
7530,8644
7626,8734
7716,8828
7812,8921
7901,9010
7992,9104
8085,9193
8179,9284
8277,9375
8368,9468
8459,9558
8556,9652
8651,9739
8743,9831
8837,9919
8937,10012
9033,10101
9130,10195
9230,10284
9324,10376
9419,10470
9512,10561
9604,10650
9705,10746
9802,10842
9897,10934
9991,11030
10092,11121
10190,11218
10286,11306
10384,11404
10481,11503
10583,11597
10681,11691
10770,11785
10871,11882
10968,11976
11066,12072
11164,12166
11261,12263
11361,12362
11453,12454
11549,12553
11650,12650
11744,12747
11842,12841
11944,12934
12039,13029
12132,13125
12225,13221
12329,13307
12422,13409
12516,13502
12620,13594
12717,13685
12813,13781
12914,13872
13009,13968
13102,14058
13200,14149
13298,14240
13397,14339
13492,14427
13587,14521
13687,14616
13786,14704
13887,14800
13981,14891
14077,14983
14171,15076
14266,15171
14366,15266
14460,15358
14557,15445
14655,15544
14752,15639
14848,15730
14942,15819
15034,15917
15132,16012
15224,16102
15324,16197
15418,16291
15514,16380
15607,84
15701,181
15795,276
15887,372
15978,463
16069,551
16162,646
16254,739
16345,832
58,923
149,1010
250,1104
341,1192
438,1287
529,1376
620,1465
716,1551
817,1644
908,1735
1005,1824
1094,1912
1193,2005
1293,2095
1382,2184
1478,2280
1575,2371
1667,2463
1767,2553
1858,2643
1963,2735
2053,2829
2150,2921
2247,3015
2342,3110
2434,3202
2527,3296
2623,3387
2720,3482
2820,3575
2909,3666
3005,3763
3104,3854
3197,3945
3290,4043
3385,4137
3482,4229
3577,4323
3674,4419
3769,4511
3860,4602
3951,4699
4045,4796
4142,4887
4237,4976
4332,5073
4431,5162
4524,5252
4625,5346
4715,5437
4808,5533
4905,5622
5000,5714
5093,5802
5189,5893
5285,5984
5381,6074
5481,6166
5574,6258
5666,6348
5763,6440
5859,6532
5958,6621
6050,6715
6144,6803
6241,6896
6333,6988
6431,7080
6527,7171
6615,7266
6712,7358
6807,7450
6900,7545
6990,7634
7086,7728
7181,7820
7279,7910
7375,8003
7463,8097
7559,8186
7651,8278
7741,8373
7835,8465
7925,8557
8015,8650
8104,8741
8203,8831
8298,8921
8391,9011
8482,9103
8574,9194
8672,9283
8763,9372
8857,9462
8944,9556
9042,9643
9134,9732
9228,9824
9323,9913
9420,10001
9513,10090
9611,10180
9703,10271
9799,10357
9888,10452
9986,10542
10079,10631
10177,10721
10268,10810
10364,10903
10460,10994
10554,11086
10655,11180
10745,11267
10838,11364
10934,11454
11033,11547
11127,11639
11219,11738
11311,11831
11406,11920
11501,12011
11598,12100
11692,12191
11786,12286
11879,12378
11974,12473
12068,12565
12156,12659
12248,12753
12340,12847
12432,12939
12528,13025
12626,13120
12723,13213
12817,13305
12909,13397
13006,13484
13100,13573
13200,13664
13295,13753
13383,13844
13481,13935
13574,14028
13669,14115
13762,14206
13858,14297
13962,14386
14054,14474
14144,14564
14237,14656
14334,14747
14430,14835
14528,14925
14620,15017
14711,15109
14804,15201
14904,15296
15001,15390
15093,15478
15188,15573
15281,15662
15379,15756
15472,15850
15563,15941
15660,16033
15754,16126
15847,16217
15941,16310
16036,16
16125,114
16216,202
16308,293
16,388
112,483
203,572
297,665
392,757
492,848
583,941
679,1033
776,1122
871,1210
964,1306
1059,1398
1156,1486
1244,1577
1347,1667
1443,1758
1540,1852
1637,1942
1731,2031
1827,2127
1921,2214
2013,2303
2110,2392
2205,2484
2306,2580
2405,2673
2498,2769
2594,2863
2691,2951
2786,3044
2883,3139
2975,3235
3072,3325
3174,3419
3262,3516
3361,3610
3457,3705
3555,3797
3647,3889
3741,3982
3832,4076
3931,4172
4019,4262
4117,4357
4211,4451
4308,4547
4402,4643
4499,4737
4590,4830
4689,4922
4789,5013
4888,5105
4985,5200
5082,5292
5181,5386
5281,5474
5372,5567
5470,5658
5563,5747
5658,5839
5757,5933
5858,6024
5953,6114
6052,6208
6152,6300
6253,6390
6342,6481
6441,6575
6532,6668
6633,6760
6732,6852
6826,6943
6924,7039
7022,7135
7115,7230
7214,7324
7308,7419
7403,7513
7499,7611
7595,7709
7696,7798
7792,7895
7884,7985
7978,8080
8072,8173
8163,8269
8263,8364
8359,8459
8452,8551
8555,8647
8651,8737
8744,8835
8848,8927
8941,9024
9038,9121
9134,9214
9237,9309
9330,9395
9427,9489
9527,9582
9619,9673
9715,9764
9815,9857
9910,9950
10006,10042
10109,10132
10206,10228
10303,10318
10400,10408
10496,10504
10594,10597
10689,10690
10785,10783
10884,10877
10980,10968
11075,11064
11170,11153
11270,11250
11365,11341
11457,11436
11552,11534
11652,11627
11745,11717
11841,11812
11937,11907
12024,11999
12116,12089
12211,12180
12304,12270
12395,12367
12488,12461
12586,12552
12682,12644
12778,12739
12872,12832
12973,12924
13064,13014
13156,13108
13252,13196
13345,13288
13435,13379
13529,13470
13623,13559
13718,13646
13817,13735
13912,13824
13999,13911
14095,14005
14185,14098
14285,14185
14383,14273
14472,14357
14568,14449
14655,14538
14752,14626
14843,14715
14939,14804
15030,14895
15128,14981
15220,15071
15314,15162
15406,15254
15500,15345
15591,15436
15685,15529
15778,15617
15865,15712
15961,15803
16053,15892
16143,15986
16231,16073
16327,16165
36,16255
129,16347
224,52
315,148
406,243
498,332
592,424
679,518
775,605
871,695
967,789
1062,882
1161,971
1254,1062
1345,1149
1439,1242
1529,1332
1629,1421
1725,1508
1821,1598
1920,1690
2012,1777
2113,1868
2201,1959
2294,2047
2386,2138
2482,2227
2578,2321
2674,2410
2773,2500
2865,2593
2957,2684
3056,2776
3148,2866
3243,2958
3330,3046
3426,3141
3519,3236
3616,3324
3712,3415
3803,3508
3897,3604
3983,3701
4078,3788
4169,3877
4263,3966
4350,4058
4446,4152
4537,4245
4636,4335
4729,4430
4822,4518
4910,4607
5008,4700
5097,4795
5195,4885
5288,4974
5381,5064
5472,5154
5567,5240
5661,5330
5754,5423
5847,5512
5942,5598
6035,5684
6129,5778
6221,5866
6314,5953
6406,6041
6499,6129
6585,6216
6684,6305
6776,6395
6867,6478
6959,6569
7052,6662
7143,6749
7236,6836
7330,6925
7421,7014
7513,7107
7607,7197
7700,7288
7788,7379
7879,7470
7972,7561
8062,7656
8148,7747
8241,7838
8334,7922
8426,8014
8515,8105
8611,8197
8704,8286
8796,8379
8892,8465
8985,8556
9077,8650
9172,8745
9264,8833
9357,8924
9452,9013
9544,9105
9650,9197
9740,9285
9834,9375
9926,9466
10018,9553
10111,9644
10209,9733
10306,9825
10400,9914
10491,10004
10591,10094
10688,10182
10778,10274
10875,10364
10971,10451
11064,10544
11162,10634
11253,10729
11345,10821
11442,10911
11538,11005
11626,11099
11724,11183
11817,11277
11915,11369
12005,11460
12093,11556
12186,11651
12281,11738
12371,11834
12464,11928
12558,12021
12656,12110
12751,12203
12844,12295
12937,12389
13027,12478
13126,12575
13221,12665
13311,12758
13408,12852
13502,12942
13598,13031
13694,13124
13784,13211
13880,13307
13976,13396
14072,13485
14170,13575
14255,13665
14353,13753
14447,13844
14543,13933
14637,14022
14732,14112
14825,14201
14922,14290
15014,14380
15107,14467
15201,14555
15296,14645
15391,14741
15490,14833
15586,14921
15673,15014
15772,15102
15867,15195
15954,15284
16048,15377
16135,15470
16237,15566
16329,15657
41,15752
133,15846
228,15937
319,16032
419,16122
514,16212
606,16309
705,17
805,113
898,208
993,300
1091,395
1183,487
1285,580
1385,670
1479,768
1574,861
1668,955
1769,1045
1866,1142
1962,1234
2061,1323
2157,1417
2257,1507
2356,1605
2452,1690
2551,1787
2651,1879
2751,1968
2844,2062
2939,2159
3038,2253
3136,2344
3233,2444
3332,2533
3428,2630
3524,2724
3621,2818
3721,2913
3811,3010
3910,3105
4006,3201
4094,3291
4195,3390
4293,3487
4394,3581
4485,3681
4585,3775
4680,3865
4777,3958
4872,4056
4968,4150
5063,4248
5166,4343
5258,4440
5360,4537
5456,4629
5554,4721
5644,4817
5741,4912
5843,5007
5936,5098
6033,5194
6131,5283
6231,5380
6327,5469
6421,5560
6523,5649
6615,5741
6706,5833
6804,5923
6902,6017
6993,6106
7095,6192
7188,6290
7283,6380
7378,6471
7475,6564
7571,6656
7662,6746
7757,6838
7853,6932
7940,7022
8034,7117
8131,7206
8226,7297
8312,7393
8409,7485
8504,7580
8603,7672
8699,7763
8791,7857
8886,7946
8984,8036
9077,8131
9172,8226
9267,8318
9365,8411
9461,8504
9550,8597
9651,8688
9747,8782
9839,8874
9936,8967
10034,9057
10131,9147
10224,9238
10324,9329
10420,9418
10510,9514
10602,9602
10704,9693
10799,9783
10896,9873
10988,9965
11088,10054
11179,10146
11274,10235
11373,10323
11462,10418
11555,10508
11660,10597
11752,10687
11844,10780
11937,10874
12031,10967
12122,11057
12219,11148
12312,11244
12403,11338
12498,11428
12592,11527
12691,11622
12782,11713
12878,11800
12972,11899
13066,11992
13161,12079
13262,12175
13354,12267
13451,12359
13542,12455
13635,12546
13729,12642
13824,12734
13918,12829
14013,12923
14113,13011
14204,13103
14300,13196
14395,13287
14487,13377
14582,13470
14677,13564
14776,13653
14870,13745
14963,13834
15055,13927
15149,14017
15243,14106
15342,14196
15430,14291
15527,14376
15621,14469
15714,14558
15810,14652
15902,14740
15993,14829
16088,14917
16179,15011
16267,15104
16365,15194
73,15287
164,15381
256,15471
352,15564
439,15659
535,15752
635,15845
730,15933
822,16032
917,16121
1010,16211
1107,16306
1202,15
1299,104
1388,197
1484,292
1576,381
1670,468
1767,562
1863,656
1963,747
2057,836
2155,930
2246,1022
2343,1112
2436,1201
2532,1287
2623,1378
2719,1469
2814,1558
2899,1647
2996,1739
3087,1827
3186,1915
3278,2002
3369,2093
3466,2181
3562,2273
3655,2361
3746,2452
3837,2540
3927,2631
4019,2723
4109,2817
4204,2904
4300,2994
4394,3085
4489,3176
4577,3272
4673,3360
4767,3457
4862,3548
4950,3642
5048,3737
5144,3825
5235,3908
5325,3999
5421,4094
5517,4183
5609,4278
5707,4374
5797,4463
5893,4553
5984,4645
6076,4736
6171,4827
6271,4916
6365,5007
6456,5100
6546,5189
6641,5282
6738,5366
6834,5458
6924,5547
7019,5637
7110,5723
7203,5814
7299,5901
7390,5990
7483,6082
7576,6169
7667,6260
7755,6348
7856,6442
7949,6525
8038,6618
8132,6705
8222,6802
8316,6893
8409,6984
8506,7074
8597,7171
8692,7260
8783,7352
8876,7447
8967,7539
9065,7625
9160,7719
9257,7817
9345,7905
9445,8000
9543,8089
9635,8181
9728,8272
9821,8365
9922,8463
10006,8557
10111,8644
10203,8734
10300,8826
10386,8918
10486,9008
10582,9103
10677,9195
10770,9285
10867,9376
10965,9467
11059,9555
11148,9644
11241,9735
11339,9828
11432,9913
11526,10000
11624,10093
11716,10183
11810,10271
11901,10360
11993,10452
12084,10541
12177,10634
12269,10723
12361,10812
12460,10903
12550,10995
12643,11087
12742,11178
12842,11268
12935,11361
13023,11454
13119,11549
13214,11643
13311,11735
13401,11826
13493,11917
13591,12011
13689,12097
13784,12193
13878,12287
13973,12376
14068,12471
14163,12564
14256,12655
14352,12754
14449,12845
14549,12937
14643,13031
14740,13122
14832,13214
14927,13302
15028,13398
15124,13486
15223,13578
15322,13675
15415,13766
15507,13848
15606,13942
15703,14036
15801,14127
15895,14217
15990,14311
16082,14402
16174,14492
16266,14583
16363,14676
74,14768
172,14865
270,14957
364,15051
467,15144
560,15236
658,15328
753,15425
848,15515
947,15612
1050,15707
1141,15802
1240,15894
1337,15993
1434,16084
1531,16178
1622,16271
1726,16365
1825,76
1924,171
2020,270
2119,358
2211,454
2309,549
2402,641
2498,735
2597,829
2695,922
2786,1021
2887,1108
2980,1198
3074,1289
3171,1382
3264,1469
3358,1560
3455,1651
3550,1740
3645,1832
3745,1922
3831,2011
3931,2102
4020,2195
4107,2287
4198,2378
4297,2471
4395,2559
4489,2650
4581,2741
4675,2833
4768,2922
4867,3018
4956,3111
5051,3201
5145,3297
5239,3387
5329,3482
5424,3576
5521,3669
5615,3762
5705,3847
5799,3939
5900,4033
5995,4128
6088,4218
6180,4310
6276,4401
6375,4492
6465,4585
6557,4674
6651,4767
6750,4861
6840,4952
6934,5044
7025,5137
7119,5227
7213,5314
7306,5406
7396,5496
7499,5585
7591,5674
7683,5764
7778,5852
7872,5941
7960,6033
8049,6122
8143,6213
8241,6301
8337,6394
8427,6482
8520,6572
8614,6659
8712,6749
8808,6845
8898,6937
8992,7033
9088,7127
9186,7214
9280,7309
9374,7401
9470,7493
9568,7588
9665,7680
9760,7773
9852,7864
9949,7958
10043,8052
10142,8142
10235,8232
10332,8326
10430,8422
10523,8513
10622,8604
10713,8699
10809,8791
10901,8882
11005,8972
11093,9065
11186,9160
11280,9244
11378,9336
11467,9427
11558,9514
11653,9607
11750,9700
11845,9789
11937,9880
12023,9970
12118,10059
12211,10145
12301,10234
12397,10324
12492,10412
12582,10504
12674,10590
12770,10684
12867,10772
12957,10865
13053,10956
13146,11046
13237,11140
13333,11232
13423,11325
13519,11417
13617,11503
13711,11597
13806,11687
13900,11783
13988,11877
14085,11967
14178,12055
14271,12150
14363,12239
14459,12335
14551,12425
14648,12517
14740,12610
14830,12701
14925,12794
15021,12883
15114,12972
15208,13068
15304,13157
15398,13247
15488,13340
15578,13426
15673,13519
15770,13611
15863,13698
15954,13785
16048,13876
16137,13962
16225,14050
16317,14146
29,14231
121,14319
216,14408
312,14497
403,14592
494,14682
589,14770
681,14858
779,14948
871,15041
965,15131
1065,15223
1159,15316
1255,15408
1346,15500
1444,15592
1533,15685
1630,15780
1723,15872
1821,15965
1912,16056
2007,16147
2105,16234
2204,16329
2292,39
2387,130
2478,226
2577,314
2672,408
2767,501
2862,592
2951,686
3046,777
3142,867
3242,959
3327,1052
3424,1145
3520,1231
3615,1319
3704,1410
3800,1500
3891,1589
3981,1677
4073,1768
4168,1860
4261,1950
4358,2038
4448,2127
4539,2216
4636,2307
4734,2396
4832,2489
4922,2580
5016,2670
5108,2763
5206,2853
5296,2945
5391,3036
5490,3127
5582,3218
5685,3310
5775,3410
5872,3502
5967,3594
6062,3688
6149,3782
6249,3865
6345,3958
6441,4055
6533,4150
6632,4240
6727,4335
6821,4430
6917,4522
7008,4616
7111,4704
7201,4798
7296,4889
7391,4982
7481,5075
7579,5166
7669,5256
7769,5347
7863,5438
7957,5528
8053,5621
8142,5711
8237,5799
8333,5890
8430,5982
8522,6070
8617,6162
8718,6252
8809,6341
8904,6438
9005,6526
9099,6623
9192,6716
9292,6808
9388,6895
9487,6991
9584,7083
9680,7179
9775,7276
9875,7367
9973,7462
10068,7559
10163,7651
10263,7745
10359,7843
10462,7935
10556,8027
10654,8122
10749,8218
10842,8309
10939,8408
11038,8502
11137,8598
11233,8688
11328,8784
11422,8880
11519,8974
11615,9067
11714,9162
11815,9254
11907,9348
12001,9442
12091,9534
12192,9630
12286,9720
12380,9811
12480,9904
12579,9997
12671,10090
12774,10183
12868,10279
12964,10367
13060,10461
13157,10552
13258,10648
13361,10745
13459,10837
13557,10932
13652,11027
13756,11124
13850,11219
13949,11316
14047,11412
14142,11506
14246,11605
14339,11698
14439,11794
14537,11888
14639,11982
14732,12077
14832,12174
14926,12270
15025,12368
15127,12458
15227,12557
15323,12649
15426,12745
15519,12838
15617,12934
15714,13029
15810,13122
15904,13219
15997,13311
16095,13404
16187,13497
16284,13587
16377,13678
93,13774
184,13862
285,13958
379,14050
475,14139
576,14230
669,14322
766,14410
862,14501
957,14597
1050,14687
1152,14779
1249,14874
1343,14964
1441,15055
1535,15147
1633,15243
1724,15337
1821,15429
1919,15524
2018,15612
2114,15708
2211,15801
2303,15892
2399,15985
2490,16079
2582,16171
2678,16263
2775,16353
2869,61
2961,159
3060,251
3155,345
3243,435
3333,531
3430,625
3531,714
3622,803
3714,899
3806,990
3895,1079
3985,1174
4082,1260
4177,1348
4266,1441
4361,1531
4453,1619
4549,1712
4639,1801
4736,1891
4832,1976
4921,2069
5018,2160
5112,2250
5208,2341
5302,2433
5399,2521
5498,2613
5588,2704
5679,2797
5778,2890
5875,2982
5968,3079
6061,3168
6156,3259
6253,3353
6348,3448
6439,3539
6539,3631
6631,3726
6728,3812
6824,3903
6920,3999
7008,4093
7108,4184
7197,4277
7299,4366
7395,4462
7485,4555
7579,4647
7677,4739
7766,4829
7859,4925
7951,5012
8040,5103
8136,5195
8231,5282
8323,5376
8417,5464
8513,5557
8606,5644
8702,5735
8797,5825
8888,5915
8985,6002
9085,6093
9178,6182
9271,6272
9361,6363
9454,6449
9550,6541
9645,6628
9738,6720
9831,6809
9925,6900
10016,6995
10112,7084
10211,7178
10305,7263
10396,7355
10492,7450
10585,7541
10678,7630
10773,7721
10863,7813
10960,7901
11058,7988
11145,8081
11238,8175
11337,8264
11426,8354
11515,8446
11611,8540
11705,8629
11797,8722
11887,8810
11976,8901
12066,8993
12157,9082
12247,9175
12336,9263
12426,9350
12518,9441
12612,9531
12710,9621
12802,9712
12892,9795
12985,9883
13078,9969
13164,10056
13258,10147
13354,10238
13444,10322
13539,10412
13635,10501
13726,10589
13818,10681
13911,10769
14008,10861
14099,10950
14194,11039
14291,11133
14382,11219
14473,11313
14566,11406
14661,11497
14756,11592
14853,11684
14943,11773
15038,11865
15127,11958
15225,12045
15320,12140
15415,12229
15506,12321
15602,12415
15690,12505
15786,12599
15880,12690
15972,12783
16068,12875
16157,12964
16251,13055
16343,13148
50,13237
146,13332
240,13422
337,13512
432,13599
527,13692
615,13782
711,13868
806,13959
902,14046
997,14138
1095,14230
1187,14311
1279,14404
1372,14496
1466,14592
1563,14678
1653,14766
1754,14860
1849,14949
1945,15039
2037,15130
2130,15221
2227,15311
2325,15403
2416,15493
2512,15583
2604,15678
2697,15772
2796,15865
2892,15959
2983,16052
3075,16139
3170,16232
3259,16322
3355,33
3449,125
3543,216
3635,310
3721,403
3814,497
3908,585
3998,676
4097,768
4188,860
4280,951
4374,1040
4465,1134
4561,1227
4656,1315
4749,1410
4839,1497
4937,1586
5034,1677
5129,1765
5222,1857
5318,1952
5411,2042
5508,2132
5605,2225
5700,2313
5800,2404
5896,2495
5989,2588
6088,2678
6184,2774
6281,2865
6377,2963
6470,3051
6568,3145
6663,3243
6758,3336
6853,3430
6944,3523
7044,3618
7140,3711
7235,3806
7339,3900
7436,3999
7531,4094
7627,4183
7724,4282
7818,4376
7910,4472
8008,4564
8101,4662
8197,4756
8297,4854
8396,4944
8488,5038
8586,5132
8684,5226
8783,5320
8876,5414
8969,5508
9070,5602
9171,5689
9271,5783
9365,5873
9461,5964
9562,6057
9666,6146
9760,6241
9855,6336
9957,6431
10049,6522
10148,6616
10248,6713
10346,6806
10448,6902
10542,6993
10640,7089
10734,7184
10834,7277
10931,7370
11032,7462
11127,7558
11225,7659
11319,7755
11415,7852
11517,7940
11608,8035
11704,8131
11803,8225
11899,8321
11990,8416
12088,8511
12177,8604
12276,8699
12369,8788
12469,8884
12565,8980
12662,9069
12756,9164
12853,9258
12951,9350
13046,9441
13142,9533
13240,9625
13331,9714
13428,9805
13526,9895
13622,9991
13716,10079
13812,10173
13905,10267
14004,10358
14099,10447
14198,10543
14294,10634
14397,10722
14489,10817
14585,10908
14678,11001
14776,11093
14872,11187
14968,11277
15062,11375
15157,11469
15249,11557
15343,11648
15443,11746
15538,11841
15638,11938
15729,12028
15824,12117
15919,12212
16009,12303
16104,12400
16197,12494
16286,12587
4,12678
95,12771
189,12864
278,12956
383,13052
475,13141
565,13235
660,13326
759,13415
853,13505
948,13598
1042,13691
1140,13781
1238,13869
1335,13962
1429,14052
1522,14143
1616,14234
1708,14323
1808,14416
1902,14503
1999,14592
2090,14688
2186,14776
2280,14868
2378,14957
2475,15053
2570,15147
2667,15239
2759,15331
2854,15424
2953,15514
3045,15609
3138,15702
3237,15796
3329,15890
3426,15986
3518,16078
3610,16169
3703,16263
3798,16355
3888,64
3984,157
4080,252
4170,348
4269,442
4364,528
4458,623
4553,716
4646,809
4738,903
4838,992
4929,1085
5025,1177
5124,1273
5220,1363
5312,1452
5410,1541
5506,1632
5601,1720
5696,1811
5788,1901
5883,1991
5977,2082
6082,2172
6179,2262
6270,2355
6363,2446
6452,2536
6551,2631
6649,2719
6750,2811
6835,2905
6936,2994
7031,3090
7122,3180
7221,3272
7321,3365
7415,3459
7506,3550
7597,3643
7692,3734
7790,3827
7880,3914
7971,4006
8071,4101
8160,4191
8255,4284
8348,4376
8438,4464
8533,4559
8630,4651
8724,4745
8815,4833
8911,4925
9005,5015
9099,5105
9197,5196
9292,5285
9384,5375
9481,5466
9575,5556
9669,5648
9768,5734
9857,5824
9953,5913
10046,6004
10138,6094
10236,6184
10329,6273
10422,6364
10514,6452
10611,6543
10709,6630
10803,6721
10895,6814
10988,6902
11086,6994
11176,7084
11269,7177
11363,7267
11455,7361
11552,7455
11646,7547
11737,7637
11830,7733
11920,7831
12013,7920
12103,8012
12197,8104
12288,8197
12379,8290
12477,8382
12574,8473
12671,8572
12766,8660
12858,8753
12948,8851
13045,8940
13139,9032
13232,9123
13329,9213
13426,9307
13523,9398
13614,9487
13712,9580
13807,9672
13900,9763
13996,9854
14092,9943
14187,10032
14287,10121
14379,10213
14478,10303
14575,10393
14671,10485
14765,10580
14861,10669
14951,10759
15045,10851
15145,10942
15240,11037
15337,11126
15430,11220
15530,11316
15620,11406
15715,11498
15807,11598
15902,11685
15997,11779
16091,11871
16190,11964
16272,12054
16368,12141
79,12237
176,12333
271,12419
367,12518
460,12611
557,12705
653,12797
743,12891
836,12979
933,13070
1031,13158
1122,13251
1223,13345
1319,13433
1410,13526
1507,13616
1604,13708
1700,13797
1798,13891
1890,13981
1987,14070
2080,14160
2179,14250
2274,14340
2370,14430
2467,14519
2561,14613
2659,14706
2753,14797
2847,14888
2940,14982
3036,15073
3131,15169
3228,15259
3326,15353
3420,15449
3511,15542
3609,15640
3701,15730
3798,15827
3889,15923
3988,16016
4081,16109
4175,16205
4274,16299
4369,8
4463,108
4560,203
4659,296
4757,391
4853,482
4952,580
5047,678
5147,770
5238,863
5340,959
5439,1057
5535,1153
5627,1243
5727,1339
5823,1432
5927,1522
6025,1621
6116,1711
6219,1803
6315,1900
6416,1988
6508,2082
6610,2173
6709,2268
6798,2362
6892,2454
7000,2548
7094,2638
7192,2735
7280,2827
7378,2919
7476,3015
7578,3106
7674,3203
7773,3296
7870,3393
7955,3489
8050,3580
8149,3676
8240,3766
8336,3857
8437,3949
8526,4043
8624,4137
8717,4229
8815,4322
8914,4417
9004,4511
9100,4603
9196,4699
9295,4790
9391,4881
9487,4975
9580,5062
9675,5155
9772,5246
9867,5337
9967,5425
10058,5516
10154,5605
10245,5696
10344,5783
10438,5873
10531,5963
10620,6051
10716,6137
10810,6227
10900,6315
11001,6408
11099,6495
11187,6586
11281,6683
11379,6768
11469,6859
11562,6950
11651,7042
11746,7132
11839,7222
11932,7316
12019,7402
12114,7500
12205,7595
12298,7685
12396,7779
12489,7869
12586,7962
12672,8053
12766,8144
12855,8233
12952,8327
13047,8416
13145,8510
13236,8601
13331,8695
13428,8789
13523,8877
13615,8966
13710,9063
13805,9154
13897,9243
13999,9335
14093,9428
14189,9516
14284,9607
14377,9697
14471,9788
14569,9877
14663,9966
14755,10055
14850,10148
14945,10236
15038,10326
15136,10417
15230,10508
15328,10601
15421,10688
15514,10779
15609,10872
15705,10959
15801,11050
15887,11143
15982,11236
16078,11331
16168,11422
16261,11510
16349,11606
64,11700
154,11792
248,11885
341,11979
439,12062
530,12152
623,12247
718,12340
811,12433
907,12525
1005,12613
1096,12707
1189,12801
1283,12891
1375,12980
1471,13070
1567,13163
1660,13247
1752,13342
1851,13430
1947,13522
2029,13609
2125,13697
2221,13793
2316,13875
2411,13960
2504,14048
2597,14136
2691,14227
2782,14315
2874,14405
2969,14497
3060,14585
3154,14673
3247,14762
3339,14847
3435,14940
3524,15026
3619,15119
3711,15209
3803,15301
3894,15392
3988,15480
4076,15577
4167,15664
4257,15756
4353,15847
4446,15935
4539,16024
4632,16115
4725,16206
4818,16298
4913,9
5007,99
5100,189
5196,280
5286,373
5381,467
5479,558
5571,646
5661,740
5758,827
5858,921
5945,1013
6047,1107
6137,1192
6230,1281
6319,1371
6417,1461
6510,1549
6601,1642
6692,1732
6792,1820
6884,1910
6975,1997
7073,2087
7167,2178
7259,2269
7351,2354
7446,2447
7536,2540
7631,2630
7725,2720
7822,2812
7915,2900
8001,2993
8091,3085
8180,3182
8281,3273
8376,3369
8467,3460
8565,3554
8654,3644
8749,3737
8838,3826
8932,3915
9026,4010
9121,4100
9218,4198
9309,4291
9408,4381
9503,4472
9597,4566
9691,4655
9783,4746
9878,4839
9975,4930
10069,5024
10163,5118
10255,5207
10354,5298
10446,5385
10542,5472
10635,5564
10736,5654
10826,5747
10924,5836
11021,5926
11109,6018
11204,6110
11301,6199
11396,6290
11489,6381
11586,6469
11680,6565
11768,6657
11864,6748
11963,6840
12055,6929
12152,7024
12238,7113
12331,7206
12430,7298
12523,7389
12616,7483
12713,7575
12805,7671
12898,7765
12995,7858
13088,7951
13184,8044
13279,8134
13373,8227
13469,8321
13568,8420
13666,8514
13757,8603
13854,8700
13950,8791
14041,8884
14135,8977
14236,9067
14336,9162
14430,9251
14517,9346
14621,9441
14719,9532
14813,9626
14903,9717
15000,9807
15097,9900
15193,9989
15291,10080
15386,10171
15480,10265
15576,10356
15669,10450
15766,10542
15865,10634
15961,10724
16054,10819
16147,10911
16237,11009
16332,11104
44,11198
139,11288
235,11385
331,11477
426,11576
524,11669
624,11762
722,11860
817,11951
912,12042
1012,12137
1108,12232
1203,12330
1303,12428
1402,12521
1502,12615
1597,12710
1697,12804
1794,12896
1894,12992
1989,13086
2087,13180
2185,13279
2285,13368
2383,13461
2481,13555
2580,13649
2677,13740
2774,13834
2874,13928
2965,14021
3065,14114
3164,14206
3258,14299
3362,14390
3453,14485
3551,14582
3653,14676
3747,14769
3835,14863
3932,14958
4026,15054
4121,15144
4220,15243
4318,15335
4419,15431
4518,15527
4612,15625
4712,15718
4807,15814
4902,15910
4999,16004
5095,16098
5190,16191
5288,16288
5391,16382
5488,96
5582,186
5676,280
5776,381
5874,472
5971,568
6069,663
6169,756
6264,847
6364,942
6455,1034
6552,1125
6645,1216
6742,1310
6837,1402
6934,1493
7028,1587
7126,1674
7215,1767
7311,1858
7407,1950
7501,2042
7601,2130
7690,2221
7788,2310
7878,2401
7970,2496
8060,2586
8155,2678
8246,2771
8344,2863
8443,2954
8534,3042
8622,3141
8718,3228
8814,3321
8908,3415
9004,3511
9100,3606
9193,3699
9287,3784
9385,3874
9478,3962
9573,4055
9666,4148
9756,4240
9856,4336
9950,4427
10045,4516
10141,4607
10232,4704
10331,4795
10423,4886
10526,4978
10622,5070
10713,5161
10808,5252
10906,5342
11001,5435
11093,5525
11193,5615
11285,5704
11378,5793
11479,5888
11571,5976
11665,6063
11759,6153
11857,6242
11948,6334
12037,6423
12132,6517
12234,6605
12327,6694
12419,6790
12510,6881
12607,6972
12705,7061
12797,7156
12893,7249
12993,7341
13084,7436
13182,7525
13280,7621
13375,7716
13469,7806
13567,7898
13659,7991
13752,8081
13849,8174
13947,8264
14040,8359
14135,8451
14233,8542
14329,8636
14425,8728
14523,8820
14617,8905
14708,8997
14801,9093
14900,9187
14993,9276
15088,9364
15181,9456
15273,9544
15370,9633
15460,9721
15555,9810
15643,9903
15737,9991
15836,10085
15930,10172
16021,10261
16109,10352
16200,10439
16291,10529
1,10619
92,10705
184,10797
284,10894
369,10981
468,11071
562,11161
651,11255
743,11349
837,11439
934,11531
1025,11621
1121,11718
1217,11804
1305,11896
1400,11982
1494,12073
1585,12166
1679,12257
1770,12344
1867,12437
1966,12531
2055,12624
2148,12717
2241,12807
2334,12895
2432,12988
2526,13079
2616,13172
2714,13263
2812,13351
2897,13443
2989,13529
3088,13614
3182,13705
3278,13797
3371,13884
3460,13971
3555,14059
3646,14147
3738,14240
3833,14328
3929,14417
4012,14508
4107,14598
4200,14687
4293,14776
4391,14866
4486,14953
4580,15044
4675,15134
4772,15226
4860,15315
4958,15406
5051,15496
5143,15590
5242,15683
5331,15773
5427,15868
5525,15958
5613,16050
5710,16140
5808,16230
5904,16320
5998,26
6090,119
6187,213
6280,305
6373,395
6469,486
6565,575
6654,667
6745,760
6844,851
6937,937
7030,1031
7120,1122
7219,1212
7313,1299
7403,1386
7498,1477
7589,1568
7686,1659
7779,1746
7866,1837
7956,1926
8043,2014
8141,2104
8225,2196
8321,2282
8418,2370
8509,2462
8603,2551
8696,2641
8792,2731
8885,2821
8977,2918
9073,3011
9167,3101
9260,3196
9352,3283
9440,3376
9534,3470
9634,3562
9731,3655
9827,3746
9914,3835
10013,3928
10108,4020
10199,4111
10294,4202
10391,4297
10482,4388
10582,4478
10674,4574
10764,4670
10865,4759
10959,4852
11051,4945
11149,5037
11243,5128
11337,5219
11432,5314
11528,5404
11616,5494
11715,5584
11817,5677
11909,5768
11999,5856
12088,5950
12184,6040
12277,6126
12376,6216
12468,6312
12566,6402
12661,6495
12762,6590
12861,6683
12953,6776
13049,6865
13143,6962
13240,7054
13337,7144
13429,7239
13534,7337
13631,7428
13724,7524
13821,7619
13919,7713
14020,7809
14112,7903
14210,7996
14307,8089
14408,8187
14507,8280
14604,8373
14695,8465
14796,8561
14888,8657
14987,8750
15086,8847
15179,8942
15278,9033
15369,9124
15465,9214
15559,9304
15659,9400
15756,9491
15851,9585
15949,9678
16042,9768
16133,9861
16225,9954
16323,10045
35,10133
128,10226
222,10321
317,10410
419,10502
506,10595
600,10689
697,10780
800,10875
900,10965
990,11056
1083,11149
1181,11246
1277,11339
1370,11430
1471,11528
1566,11618
1662,11711
1757,11802
1850,11900
1946,11992
2044,12082
2141,12173
2231,12263
2331,12359
2427,12454
2519,12543
2613,12636
2710,12729
2801,12823
2901,12918
2999,13014
3089,13104
3183,13193
3277,13285
3370,13379
3466,13468
3557,13559
3656,13650
3752,13742
3838,13834
3931,13921
4027,14010
4121,14102
4213,14193
4308,14279
4404,14373
4493,14461
4593,14550
4683,14640
4775,14731
4868,14824
4966,14915
5057,15009
5148,15100
5250,15188
5345,15280
5441,15374
5533,15462
5631,15554
5723,15653
5814,15746
5910,15839
6006,15929
6101,16022
6198,16111
6290,16204
6392,16292
6476,16383
6571,97
6664,183
6756,279
6854,368
6947,465
7045,555
7137,649
7228,743
7326,831
7418,922
7513,1017
7603,1107
7696,1194
7790,1287
7880,1376
7975,1466
8065,1556
8158,1649
8250,1740
8346,1829
8437,1917
8525,2007
8626,2096
8715,2184
8808,2277
8900,2365
8994,2456
9092,2552
9189,2641
9283,2732
9379,2823
9474,2911
9568,3005
9661,3097
9755,3189
9850,3281
9946,3374
10037,3467
10136,3562
10229,3656
10324,3747
10421,3835
10516,3928
10608,4020
10706,4110
10805,4205
10897,4299
10991,4389
11080,4482
11182,4572
11275,4664
11369,4757
11461,4848
11556,4934
11652,5029
11747,5123
11840,5213
11931,5303
12024,5391
12115,5480
12210,5571
12299,5665
12398,5753
12490,5841
12584,5928
12679,6017
12774,6109
12868,6196
12961,6284
13053,6374
13144,6462
13239,6552
13337,6641
13432,6734
13525,6825
13622,6911
13718,7002
13811,7091
13900,7184
13995,7278
14092,7368
14188,7457
14277,7546
14370,7638
14470,7731
14562,7821
14650,7913
14740,8002
14839,8093
14932,8179
15028,8276
15116,8365
15216,8455
15309,8546
15400,8637
15491,8725
15582,8820
15678,8908
15770,8998
15864,9089
15956,9177
16044,9269
16135,9360
16225,9452
16318,9542
25,9632
117,9719
212,9807
305,9897
398,9984
489,10075
583,10166
682,10254
770,10344
862,10434
956,10526
1053,10620
1149,10708
1240,10798
1333,10891
1430,10986
1526,11075
1622,11163
1719,11257
1811,11346
1908,11441
2003,11535
2096,11626
2192,11720
2285,11816
2377,11905
2475,11995
2569,12086
2663,12175
2760,12272
2859,12362
2949,12456
3042,12551
3142,12642
3239,12738
3331,12829
3430,12920
3519,13011
3610,13106
3708,13198
3802,13293
3894,13380
3986,13472
4081,13562
4174,13654
4267,13744
4359,13833
4453,13923
4552,14013
4643,14105
4742,14192
4836,14281
4933,14371
5026,14464
5119,14554
5213,14651
5315,14737
5409,14826
5500,14913
5597,15006
5690,15098
5786,15191
5878,15283
5975,15373
6068,15464
6168,15556
6264,15648
6356,15740
6452,15836
6544,15926
6640,16020
6737,16114
6833,16204
6927,16291
7018,3
7111,90
7210,188
7298,284
7394,371
7493,462
7586,556
7681,653
7774,739
7869,834
7959,928
8052,1021
8150,1116
8244,1208
8338,1297
8433,1386
8521,1478
8619,1570
8718,1660
8812,1753
8902,1844
9006,1939
9103,2032
9195,2126
9291,2217
9390,2309
9491,2404
9587,2495
9684,2594
9788,2689
9882,2780
9976,2871
10072,2968
10174,3065
10269,3161
10368,3255
10464,3354
10564,3451
10659,3545
10760,3638
10857,3737
10964,3829
11060,3924
11157,4020
11256,4115
11354,4211
11447,4307
11544,4404
11646,4496
11741,4588
11840,4690
11935,4783
12029,4876
12124,4972
12231,5064
12320,5159
12414,5251
12509,5346
12609,5440
12704,5529
12805,5621
12899,5713
13001,5806
13098,5898
13193,5987
13289,6079
13389,6172
13486,6268
13580,6360
13677,6452
13777,6543
13873,6634
13970,6727
14068,6816
14166,6912
14259,7003
14359,7095
14449,7184
14552,7278
14644,7369
14740,7462
14834,7558
14929,7648
15023,7743
15117,7833
15211,7924
15309,8015
15407,8107
15497,8199
15594,8290
15691,8385
15775,8476
15873,8568
15968,8658
16059,8751
16146,8843
16237,8936
16336,9026
44,9116
139,9205
232,9298
319,9387
414,9473
511,9567
608,9659
700,9746
789,9837
889,9926
980,10020
1075,10108
1172,10198
1260,10283
1356,10374
1452,10465
1551,10558
1643,10652
1735,10739
1834,10835
1928,10924
2027,11017
2119,11109
2213,11201
2308,11297
2403,11390
2495,11482
2593,11579
2688,11667
2784,11760
2882,11857
2976,11950
3070,12040
3166,12134
3259,12223
3354,12317
3451,12413
3541,12507
3641,12598
3735,12698
3823,12791
3915,12883
4012,12981
4100,13071
4196,13160
4293,13252
4383,13345
4480,13437
4578,13530
4672,13622
4764,13713
4859,13801
4953,13893
5047,13982
5144,14074
5240,14167
5334,14256
5432,14345
5527,14435
5621,14524
5718,14614
5811,14705
5900,14795
6004,14885
6103,14983
6188,15073
6281,15161
6377,15252
6474,15339
6571,15435
6662,15527
6753,15617
6849,15711
6944,15807
7034,15897
7124,15983
7219,16073
7314,16161
7408,16248
7500,16341
7590,46
7679,138
7772,232
7869,322
7953,408
8043,503
8134,594
8224,682
8317,771
8407,860
8503,949
8596,1038
8690,1124
8781,1214
8873,1301
8964,1389
9058,1474
9154,1566
9244,1650
9343,1737
9436,1831
9524,1917
9621,2004
9711,2094
9801,2181
9899,2271
9991,2358
10084,2454
10180,2543
10271,2634
10366,2719
10462,2809
10550,2901
10645,2991
10745,3084
10840,3179
10926,3272
11021,3364
11114,3456
11207,3549
11300,3643
11393,3738
11487,3827
11580,3920
11673,4012
11772,4106
11863,4201
11954,4298
12041,4388
12134,4481
12226,4575
12319,4675
12411,4768
12504,4857
12594,4953
12688,5047
12782,5148
12873,5237
12959,5331
13053,5421
13151,5515
13240,5609
13330,5703
13422,5799
13517,5886
13612,5984
13704,6077
13800,6166
13893,6262
13985,6361
14077,6449
14168,6541
14259,6636
14351,6732
14449,6823
14539,6918
14632,7012
14725,7109
14814,7203
14909,7299
14998,7391
15100,7486
15189,7581
15284,7672
15375,7770
15464,7863
15560,7954
15651,8050
15741,8141
15843,8236
15937,8331
16028,8429
16115,8523
16202,8610
16300,8701
13,8796
105,8894
194,8981
290,9074
384,9169
476,9257
572,9348
659,9439
755,9532
853,9622
948,9715
1044,9805
1144,9891
1235,9983
1326,10071
1419,10157
1518,10249
1611,10338
1708,10427
1806,10518
1903,10607
2001,10698
2091,10784
2183,10881
2280,10970
2373,11061
2470,11153
2565,11244
2665,11333
2757,11426
2855,11517
2948,11604
3042,11696
3136,11789
3228,11884
3325,11975
3415,12062
3512,12151
3608,12243
3701,12337
3795,12428
3886,12517
3981,12613
4077,12707
4171,12798
4262,12891
4356,12980
4449,13072
4547,13166
4638,13257
4735,13348
4839,13437
4930,13525
5026,13617
5121,13708
5222,13800
5315,13892
5415,13979
5514,14070
5612,14162
5707,14251
5803,14340
5900,14433
5994,14524
6093,14614
6194,14708
6294,14797
6390,14891
6487,14983
6584,15076
6681,15172
6786,15265
6880,15359
6972,15453
7073,15544
7172,15644
7267,15738
7362,15833
7461,15932
7557,16028
7655,16122
7750,16216
7848,16313
7941,26
8038,120
8135,216
8225,318
8323,412
8420,502
8515,602
8611,697
8711,791
8815,886
8909,984
9004,1079
9096,1174
9201,1269
9299,1361
9395,1454
9496,1551
9593,1640
9691,1734
9786,1830
9883,1920
9984,2017
10081,2109
10176,2203
10276,2292
10373,2386
10473,2482
10570,2574
10663,2663
10763,2760
10859,2855
10958,2944
11050,3039
11144,3133
11245,3224
11340,3318
11441,3414
11538,3505
11627,3596
11723,3689
11819,3782
11913,3870
12012,3957
12102,4051
12195,4143
12291,4234
12387,4325
12484,4417
12577,4509
12666,4601
12765,4688
12856,4777
12954,4860
13046,4951
13143,5038
13240,5128
13335,5214
13429,5299
13527,5385
13621,5475
13719,5559
13819,5644
13917,5731
14008,5819
14101,5902
14192,5986
14288,6067
14387,6154
14481,6238
14572,6326
14670,6412
14761,6496
14857,6578
14956,6665
15051,6748
15143,6836
15236,6922
15326,7011
15428,7098
15518,7189
15609,7274
15701,7365
15797,7455
15885,7547
15982,7634
16073,7727
16165,7813
16256,7902
16342,7988
55,8077
147,8169
243,8260
336,8350
434,8441
523,8533
615,8627
711,8715
806,8805
906,8896
999,8987
1089,9077
1185,9172
1280,9263
1375,9354
1471,9445
1566,9533
1661,9625
1757,9713
1854,9806
1949,9895
2048,9989
2144,10082
2240,10173
2338,10261
2435,10353
2527,10448
2629,10541
2722,10632
2813,10724
2912,10815
3009,10916
3108,11008
3200,11097
3299,11193
3396,11285
3488,11383
3586,11479
3677,11572
3768,11668
3863,11763
3953,11859
4050,11948
4147,12039
4240,12133
4338,12225
4432,12319
4527,12414
4622,12509
4714,12605
4812,12695
4905,12792
5000,12884
5087,12974
5184,13070
5283,13160
5377,13248
5466,13339
5563,13433
5657,13520
5751,13610
5844,13704
5936,13790
6033,13882
6120,13971
6215,14062
6305,14148
6401,14239
6494,14326
6587,14415
6676,14503
6768,14591
6864,14678
6957,14767
7049,14863
7137,14949
7232,15037
7323,15130
7412,15220
7510,15310
7596,15398
7689,15488
7783,15581
7878,15673
7965,15767
8055,15860
8147,15947
8236,16039
8330,16131
8423,16217
8519,16309
8608,16
8695,108
8791,199
8886,293
8983,385
9071,477
9171,567
9264,661
9357,751
9453,838
9547,931
9641,1021
9735,1118
9829,1209
9927,1297
10022,1388
10116,1473
10216,1564
10315,1653
10406,1751
10503,1836
10600,1931
10698,2018
10789,2105
10884,2196
10982,2292
11078,2384
11172,2474
11267,2565
11364,2658
11461,2753
11552,2843
11645,2939
11746,3031
11844,3125
11932,3221
12028,3309
12120,3403
12212,3502
12307,3596
12408,3689
12502,3782
12598,3870
12689,3964
12788,4059
12883,4153
12981,4246
13073,4340
13169,4434
13266,4526
13359,4623
13457,4715
13554,4809
13649,4900
13750,4993
13841,5086
13937,5176
14033,5271
14131,5361
14224,5455
14319,5544
14412,5635
14507,5726
14606,5816
14700,5907
14792,5997
14888,6086
14982,6178
15079,6268
15175,6360
15270,6454
15361,6544
15453,6636
15549,6731
15643,6824
15741,6914
15839,7009
15932,7100
16023,7194
16113,7284
16210,7380
16297,7477
10,7572
99,7666
198,7759
290,7853
389,7939
483,8033
580,8128
672,8221
772,8317
865,8413
962,8504
1056,8601
1152,8695
1252,8788
1352,8882
1449,8975
1541,9069
1642,9163
1742,9253
1836,9349
1935,9443
2031,9533
2129,9626
2225,9721
2326,9814
2421,9903
2520,9992
2619,10088
2716,10183
2811,10277
2910,10368
3009,10458
3100,10552
3201,10644
3294,10735
3392,10830
3488,10925
3588,11018
3681,11116
3773,11209
3868,11301
3960,11398
4060,11487
4159,11583
4254,11683
4347,11779
4446,11871
4540,11966
4640,12057
4739,12150
4835,12245
4932,12343
5033,12433
5127,12525
5218,12622
5315,12715
5411,12808
5506,12906
5606,12995
5699,13091
5801,13184
5897,13278
5992,13366
6092,13458
6186,13547
6282,13640
6381,13733
6478,13822
6572,13911
6669,14001
6763,14087
6857,14179
6948,14273
7043,14363
7142,14449
7237,14544
7330,14630
7426,14721
7519,14816
7616,14903
7707,14991
7801,15082
7897,15174
7985,15267
8077,15360
8171,15450
8266,15545
8358,15633
8457,15723
8546,15812
8641,15906
8738,16003
8832,16095
8919,16182
9017,16271
9109,16363
9209,71
9304,164
9396,256
9493,348
9591,437
9683,532
9783,626
9872,714
9968,806
10069,895
10161,984
10253,1079
10346,1168
10445,1260
10539,1351
10631,1439
10727,1526
10824,1615
10914,1711
11010,1797
11105,1889
11195,1978
11286,2065
11383,2159
11481,2248
11572,2341
11670,2433
11758,2522
11858,2613
11950,2703
12041,2793
12125,2883
12221,2978
12318,3070
12414,3165
12502,3254
12599,3347
12695,3438
12792,3532
12889,3626
12977,3723
13073,3813
13165,3903
13259,3993
13356,4083
13451,4181
13541,4277
13637,4366
13729,4459
13825,4547
13918,4642
14019,4738
14116,4832
14206,4919
14299,5012
14395,5106
14485,5193
14581,5281
14678,5373
14772,5464
14863,5554
14956,5646
15052,5736
15147,5823
15240,5917
15338,6008
15428,6095
15522,6184
15608,6278
15707,6365
15798,6457
15898,6543
15988,6636
16078,6725
16170,6820
16264,6907
16352,6999
67,7092
160,7181
249,7270
342,7366
438,7458
535,7549
627,7642
718,7734
814,7829
904,7920
1003,8012
1100,8100
1195,8190
1286,8282
1380,8372
1472,8466
1567,8557
1665,8653
1763,8743
1855,8831
1944,8921
2043,9013
2138,9108
2235,9197
2328,9285
2422,9373
2513,9465
2611,9556
2704,9642
2797,9730
2890,9822
2987,9913
3081,9999
3178,10087
3270,10179
3359,10269
3456,10361
3552,10452
3639,10539
3740,10629
3822,10718
3912,10808
4005,10903
4097,10996
4194,11084
4286,11174
4378,11264
4471,11357
4563,11449
4658,11540
4760,11631
4851,11723
4944,11817
5038,11910
5128,12002
5222,12088
5318,12183
5415,12278
5509,12368
5602,12457
5696,12548
5792,12644
5887,12735
5982,12827
6073,12919
6166,13010
6262,13103
6358,13196
6452,13289
6551,13374
6645,13467
6736,13559
6831,13650
6924,13737
7022,13829
7113,13917
7203,14007
7296,14098
7399,14187
7492,14280
7586,14371
7683,14463
7776,14555
7865,14640
7958,14733
8046,14823
8146,14916
8237,15010
8336,15100
8428,15193
8518,15285
8612,15377
8711,15467
8805,15561
8899,15654
8989,15745
9084,15840
9184,15934
9279,16028
9377,16123
9470,16211
9568,16307
9662,17
9758,104
9857,202
9953,293
10048,385
10147,480
10241,572
10337,671
10432,764
10523,849
10623,942
10714,1033
10811,1127
10907,1218
11004,1308
11091,1398
11186,1491
11286,1580
11380,1672
11478,1761
11570,1853
11668,1945
11760,2040
11851,2130
11952,2217
12042,2305
12139,2397
12229,2491
12321,2583
12414,2671
12517,2767
12608,2859
12707,2953
12803,3046
12898,3140
12992,3235
13086,3328
13180,3425
13277,3516
13369,3610
13465,3703
13564,3794
13663,3882
13759,3975
13857,4069
13948,4167
14049,4262
14143,4357
14236,4448
14340,4546
14438,4638
14536,4730
14633,4826
14729,4918
14825,5015
14921,5105
15018,5198
15119,5289
15217,5388
15308,5480
15406,5575
15500,5665
15602,5754
15698,5851
15798,5942
15894,6032
15991,6130
16084,6220
16183,6315
16273,6409
16372,6501
79,6593
180,6685
277,6782
372,6879
471,6970
573,7063
672,7158
768,7253
866,7350
964,7451
1060,7545
1162,7640
1265,7738
1363,7834
1455,7927
1561,8021
1654,8118
1755,8210
1849,8305
1949,8405
2049,8494
2147,8597
2243,8689
2349,8784
2447,8882
2540,8975
2637,9068
2736,9161
2831,9255
2927,9350
3024,9445
3121,9536
3214,9625
3315,9719
3410,9811
3509,9905
3604,9992
3701,10086
3795,10176
3886,10270
3981,10363
4076,10453
4169,10544
4260,10639
4357,10732
4456,10823
4550,10915
4645,11004
4745,11096
4839,11192
4934,11286
5027,11378
5127,11472
5224,11569
5315,11662
5412,11753
5508,11845
5600,11937
5698,12033
5796,12121
5889,12214
5988,12307
6085,12403
6176,12497
6278,12588
6372,12682
6466,12770
6558,12867
6652,12962
6747,13054
6841,13147
6941,13237
7035,13327
7124,13419
7225,13511
7319,13606
7414,13697
7510,13786
7604,13877
7699,13970
7792,14058
7882,14148
7976,14241
8063,14329
8162,14418
8258,14508
8353,14605
8450,14697
8541,14783
8636,14874
8736,14969
8828,15060
8925,15148
9014,15244
9112,15335
9212,15429
9307,15524
9400,15617
9498,15713
9595,15802
9690,15900
9784,15990
9889,16084
9982,16179
10076,16267
10168,16359
10264,73
10363,162
10456,254
10555,351
10648,443
10742,538
10841,625
10935,718
11031,811
11125,900
11218,993
11317,1088
11409,1173
11504,1263
11598,1356
11692,1444
11782,1536
11877,1625
11967,1717
12056,1806
12150,1900
12240,1983
12339,2074
12431,2162
12526,2256
12622,2344
12714,2432
12807,2526
12896,2617
12990,2710
13085,2799
13176,2891
13277,2983
13370,3075
13462,3165
13560,3258
13652,3349
13742,3439
13838,3536
13935,3630
14025,3722
14120,3811
14213,3900
14307,3991
14403,4083
14490,4173
14591,4267
14687,4356
14772,4453
14870,4547
14964,4642
15058,4727
15154,4815
15246,4910
15335,4997
15432,5090
15524,5180
15618,5267
15708,5360
15802,5452
15895,5541
15991,5629
16083,5717
16170,5803
16257,5891
16351,5979
64,6073
157,6162
251,6250
345,6340
435,6427
533,6517
619,6607
716,6698
810,6788
905,6881
1001,6971
1097,7059
1192,7149
1283,7242
1379,7333
1472,7427
1559,7518
1656,7608
1751,7701
1853,7792
1942,7881
2040,7973
2134,8062
2222,8153
2317,8248
2413,8337
2508,8430
2600,8519
2693,8616
2794,8704
2887,8792
2975,8881
3063,8976
3165,9066
3254,9158
3349,9249
3448,9339
3540,9427
3628,9519
3717,9605
3813,9694
3906,9784
3997,9872
4084,9961
4181,10053
4272,10141
4370,10227
4458,10317
4550,10411
4646,10501
4743,10590
4838,10677
4927,10768
5019,10862
5114,10948
5209,11043
5305,11130
5393,11220
5490,11313
5582,11407
5678,11498
5776,11590
5873,11680
5963,11773
6059,11868
6151,11957
6246,12045
6341,12135
6434,12231
6531,12324
6621,12417
6711,12507
6811,12602
6905,12694
6998,12785
7096,12879
7188,12970
7280,13063
7375,13155
7468,13246
7563,13337
7654,13425
7748,13510
7841,13608
7933,13701
8024,13790
8115,13880
8206,13969
8304,14058
8395,14151
8495,14245
8595,14333
8687,14422
8776,14512
8870,14601
8965,14691
9062,14788
9161,14877
9258,14966
9356,15059
9447,15154
9545,15246
9640,15338
9730,15432
9834,15525
9927,15620
10021,15719
10112,15812
10207,15905
10308,15995
10406,16089
10506,16188
10599,16280
10698,16375
10795,82
10892,174
10988,267
11083,362
11175,462
11271,553
11368,649
11459,740
11561,834
11650,926
11752,1017
11842,1112
11941,1205
12031,1302
12124,1394
12220,1484
12320,1576
12417,1663
12509,1757
12602,1849
12705,1943
12800,2035
12890,2126
12992,2218
13095,2310
13192,2403
13286,2496
13386,2587
13481,2685
13576,2776
13678,2868
13775,2964
13873,3056
13970,3152
14071,3242
14166,3343
14269,3435
14363,3530
14455,3627
14555,3723
14655,3814
14755,3903
14846,4000
14946,4096
15041,4185
15139,4284
15232,4379
15332,4472
15425,4565
15525,4660
15627,4755
15720,4851
15811,4944
15910,5034
16003,5126
16098,5222
16188,5313
16283,5407
16382,5496
96,5592
186,5683
284,5774
379,5867
477,5955
572,6045
669,6139
760,6227
853,6318
953,6412
1050,6499
1145,6592
1238,6685
1339,6780
1430,6870
1528,6960
1625,7054
1714,7145
1814,7239
1909,7334
2002,7425
2105,7516
2198,7610
2291,7703
2387,7797
2479,7893
2569,7978
2669,8072
2763,8164
2862,8263
2955,8353
3047,8449
3144,8542
3234,8627
3328,8720
3419,8817
3515,8908
3605,8999
3701,9091
3794,9183
3886,9274
3975,9361
4072,9449
4166,9544
4260,9632
4349,9723
4447,9813
4543,9902
4632,9993
4727,10082
4826,10174
4919,10266
5014,10357
5112,10445
5206,10533
5297,10624
5393,10716
5491,10807
5582,10898
5683,10988
5776,11079
5870,11177
5968,11270
6064,11360
6153,11453
6249,11544
6350,11637
6448,11732
6535,11824
6632,11913
6731,12003
6822,12101
6920,12190
7016,12287
7110,12379
7208,12473
7304,12566
7398,12655
7491,12750
7580,12847
7681,12936
7772,13026
7864,13116
7958,13207
8053,13298
8145,13389
8239,13483
8337,13570
8431,13663
8527,13754
8619,13847
8712,13934
8811,14022
8900,14113
8996,14203
9093,14291
9188,14383
9284,14473
9378,14559
9478,14649
9574,14739
9666,14827
9758,14922
9854,15012
9953,15102
10045,15196
10142,15283
10235,15374
10328,15465
10426,15560
10521,15650
10612,15744
10707,15835
10801,15927
10891,16014
10985,16106
11081,16195
11174,16287
11266,16381
11364,91
11456,180
11550,273
11639,369
11734,457
11830,547
11922,638
12008,732
12097,820
12183,915
12282,1003
12378,1098
12472,1182
12564,1272
12656,1367
12752,1456
12846,1544
12942,1635
13036,1721
13127,1810
13218,1903
13314,1990
13409,2080
13500,2170
13597,2263
13696,2353
13788,2443
13884,2533
13978,2624
14076,2719
14166,2809
14263,2903
14357,2992
14452,3080
14546,3174
14635,3269
14733,3365
14831,3455
14928,3546
15022,3639
15114,3734
15214,3825
15310,3916
15403,4009
15496,4101
15592,4194
15686,4289
15783,4381
15873,4472
15966,4565
16059,4662
16153,4754
16248,4843
16339,4935
54,5028
150,5121
242,5211
338,5302
429,5391
525,5483
622,5575
715,5666
808,5755
911,5849
1004,5934
1094,6027
1192,6113
1289,6203
1385,6292
1482,6384
1576,6474
1674,6568
1765,6661
1864,6753
1958,6842
2051,6932
2147,7022
2244,7118
2335,7207
2435,7304
2525,7396
2626,7488
2721,7581
2813,7676
2912,7766
3007,7859
3095,7954
3194,8044
3284,8140
3378,8234
3479,8327
3570,8420
3664,8509
3757,8599
3850,8694
3938,8786
4035,8879
4129,8971
4224,9062
4317,9153
4414,9247
4502,9342
4593,9432
4691,9522
4790,9613
4880,9706
4978,9794
5077,9884
5176,9975
5270,10068
5367,10156
5465,10247
5560,10342
5655,10439
5752,10530
5847,10617
5942,10709
6036,10800
6138,10893
6233,10990
6328,11086
6430,11180
6524,11275
6616,11366
6717,11461
6816,11556
6909,11650
7004,11746
7104,11843
7206,11939
7300,12029
7392,12123
7492,12216
7591,12313
7684,12409
7777,12503
7877,12599
7970,12692
8064,12786
8159,12882
8255,12983
8351,13076
8450,13167
8545,13265
8648,13360
8743,13451
8841,13542
8938,13637
9035,13733
9130,13823
9233,13920
9329,14011
9426,14104
9527,14197
9623,14286
9720,14377
9820,14467
9917,14562
10018,14655
10111,14753
10212,14844
10310,14939
10407,15036
10504,15127
10600,15223
10694,15317
10795,15411
10890,15504
10985,15603
11087,15695
11180,15789
11283,15887
11377,15986
11472,16073
11564,16166
11662,16260
11758,16352
11849,66
11949,160
12037,255
12129,346
12232,441
12328,535
12420,631
12514,725
12608,821
12706,912
12800,1004
12897,1096
12989,1188
13084,1277
13179,1371
13279,1466
13375,1558
13475,1645
13567,1731
13661,1824
13758,1915
13848,2008
13946,2099
14041,2189
14139,2283
14230,2370
14329,2459
14428,2553
14523,2648
14617,2739
14710,2830
14809,2923
14901,3013
14994,3103
15091,3196
15184,3291
15283,3379
15377,3473
15470,3568
15567,3663
15659,3752
15753,3843
15845,3938
15942,4025
16037,4116
16132,4213
16221,4305
16315,4395
21,4486
118,4576
210,4669
303,4759
398,4851
491,4944
581,5032
678,5123
771,5214
862,5304
959,5393
1056,5486
1148,5575
1248,5660
1345,5751
1436,5836
1532,5927
1624,6020
1718,6110
1815,6194
1912,6284
1999,6376
2090,6464
2186,6554
2284,6645
2376,6737
2469,6828
2561,6916
2655,7007
2750,7098
2851,7190
2936,7281
3031,7370
3123,7460
3219,7556
3314,7644
3405,7739
3498,7834
3588,7918
3685,8013
3776,8101
3866,8193
3954,8290
4044,8377
4141,8473
4230,8566
4323,8655
4416,8746
4505,8837
4601,8926
4697,9014
4785,9107
4881,9201
4972,9291
5066,9380
5165,9469
5252,9559
5347,9652
5438,9743
5533,9831
5627,9919
5723,10007
5818,10096
5913,10183
6005,10275
6098,10359
6192,10448
6286,10539
6373,10631
6469,10723
6569,10812
6657,10901
6750,10991
6843,11085
6940,11176
7035,11264
7127,11355
7221,11448
7315,11538
7406,11630
7498,11725
7595,11813
7684,11906
7779,11992
7873,12082
7961,12172
8048,12262
8141,12355
8234,12445
8327,12534
8416,12627
8514,12722
8606,12807
8696,12897
8791,12989
8886,13081
8978,13166
9072,13256
9166,13347
9258,13440
9352,13527
9448,13612
9540,13702
9635,13793
9726,13882
9823,13967
9915,14057
10005,14144
10096,14234
10191,14320
10282,14408
10376,14495
10467,14581
10567,14671
10657,14762
10752,14853
10842,14941
10938,15027
11029,15117
11121,15205
11218,15294
11305,15388
11397,15476
11490,15567
11579,15659
11674,15751
11766,15844
11860,15932
11956,16026
12041,16115
12133,16203
12226,16300
12318,7
12410,93
12504,183
12597,278
12687,367
12783,461
12873,551
12967,642
13062,729
13154,817
13249,915
13340,1007
13430,1095
13521,1184
13622,1281
13717,1372
13812,1460
13910,1552
13995,1641
14090,1729
14182,1818
14283,1909
14374,1998
14474,2087
14567,2179
14664,2276
14758,2360
14850,2448
14949,2542
15045,2636
15138,2725
15226,2816
15322,2909
15423,2999
15511,3094
15604,3187
15704,3277
15795,3373
15890,3465
15982,3558
16073,3649
16168,3737
16257,3831
16354,3926
59,4016
155,4106
248,4206
346,4297
437,4386
536,4477
631,4574
727,4660
821,4755
916,4848
1009,4939
1103,5029
1200,5122
1294,5210
1391,5303
1483,5395
1580,5485
1682,5573
1776,5667
1871,5755
1966,5846
2059,5936
2159,6028
2250,6117
2349,6210
2440,6300
2535,6381
2628,6475
2728,6566
2823,6659
2918,6755
3013,6844
3104,6937
3200,7034
3300,7127
3395,7221
3490,7313
3585,7406
3680,7501
3773,7592
3868,7687
3959,7781
4054,7877
4156,7972
4254,8060
4346,8158
4444,8252
4540,8351
4641,8446
4738,8538
4832,8637
4930,8722
5024,8822
5121,8919
5219,9015
5318,9112
5414,9205
5516,9295
5615,9388
5709,9482
5812,9575
5913,9671
6005,9765
6104,9862
6203,9954
6301,10044
6400,10137
6498,10232
6591,10323
6691,10417
6789,10509
6887,10605
6985,10698
7082,10794
7179,10885
7275,10979
7372,11073
7470,11167
7571,11265
7665,11360
7760,11448
7859,11548
7946,11646
8043,11742
8143,11834
8236,11923
8331,12015
8427,12111
8528,12204
8623,12301
8716,12395
8812,12488
8908,12580
9003,12670
9105,12766
9197,12864
9295,12953
9397,13048
9484,13139
9585,13230
9678,13322
9772,13415
9876,13507
9968,13598
10063,13686
10158,13776
10249,13865
10349,13959
10447,14050
10540,14140
10636,14231
10732,14318
10824,14409
10921,14501
11016,14588
11110,14675
11204,14769
11299,14857
11393,14951
11487,15042
11579,15136
11671,15225
11771,15316
11861,15406
11957,15499
12050,15596
12144,15691
12233,15782
12326,15875
12419,15971
12517,16062
12610,16150
12708,16245
12801,16344
12895,47
12989,141
13088,234
13184,325
13279,421
13373,514
13464,607
13562,697
13662,790
13759,884
13851,980
13946,1068
14046,1159
14140,1251
14234,1349
14329,1436
14432,1532
14530,1621
14622,1709
14716,1799
14809,1892
14909,1983
15007,2075
15102,2165
15192,2257
15291,2346
15391,2441
15482,2530
15577,2620
15672,2715
15764,2804
15860,2898
15958,2989
16051,3088
16140,3177
16239,3272
16331,3364
41,3457
138,3547
233,3642
323,3733
422,3822
516,3914
614,4008
705,4095
801,4189
893,4285
989,4378
1086,4471
1183,4563
1281,4652
1378,4746
1467,4839
1563,4928
1657,5014
1746,5112
1839,5201
1936,5286
2035,5380
2128,5467
2222,5562
2313,5648
2413,5738
2504,5828
2601,5917
2698,6007
2788,6098
2885,6185
2978,6276
3072,6366
3164,6454
3263,6546
3352,6635
3440,6725
3538,6817
3632,6908
3722,6999
3818,7090
3906,7183
3996,7274
4091,7372
4183,7460
4275,7552
4368,7648
4465,7741
4559,7832
4652,7924
4747,8014
4840,8105
4934,8197
5027,8293
5119,8383
5212,8477
5308,8565
5401,8664
5497,8757
5596,8847
5691,8944
5787,9031
5880,9126
5974,9215
6067,9303
6159,9397
6258,9483
6352,9575
6441,9665
6533,9757
6627,9848
6719,9939
6820,10026
6914,10116
7005,10203
7100,10293
7192,10383
7288,10472
7381,10563
7478,10653
7572,10746
7666,10836
7756,10931
7846,11020
7944,11114
8030,11201
8122,11293
8218,11384
8312,11479
8407,11571
8501,11663
8589,11754
8678,11846
8780,11941
8868,12026
8969,12111
9070,12206
9162,12297
9251,12389
9346,12481
9442,12575
9542,12664
9633,12755
9732,12850
9824,12940
9911,13030
10010,13119
10104,13211
10203,13299
10292,13387
10390,13479
10488,13569
10574,13657
10672,13748
10764,13839
10865,13926
10957,14015
11052,14107
11142,14196
11241,14284
11338,14374
11427,14462
11522,14554
11613,14644
11715,14732
11803,14819
11900,14913
11992,15005
12078,15097
12167,15186
12261,15279
12359,15374
12450,15466
12542,15556
12639,15650
12732,15742
12826,15836
12922,15928
13016,16020
13109,16111
13204,16207
13302,16299
13393,7
13484,101
13580,193
13676,288
13772,382
13870,472
13965,562
14061,656
14154,750
14256,847
14343,938
14438,1031
14534,1121
14635,1213
14727,1305
14828,1401
14918,1486
15015,1577
15113,1667
15204,1759
15304,1854
15395,1946
15492,2033
15586,2130
15682,2224
15778,2314
15871,2402
15964,2495
16062,2590
16152,2682
16247,2777
16342,2869
56,2962
149,3051
248,3149
341,3243
441,3337
536,3430
628,3523
723,3619
823,3715
918,3804
1013,3897
1110,3991
1209,4086
1309,4182
1403,4274
1506,4368
1605,4463
1700,4561
1794,4651
1893,4746
1988,4837
2083,4933
2181,5027
2280,5121
2373,5214
2469,5305
2569,5401
2663,5495
2760,5588
2859,5677
2951,5770
3051,5859
3148,5955
3246,6047
3341,6137
3437,6229
3533,6322
3629,6415
3723,6507
3816,6594
3908,6688
4003,6786
4102,6877
4197,6971
4296,7063
4388,7155
4484,7252
4581,7345
4677,7441
4777,7536
4870,7632
4964,7728
5061,7822
5158,7914
5255,8007
5352,8098
5446,8194
5544,8286
5637,8382
5737,8474
5832,8569
5928,8664
6030,8760
6121,8851
6216,8943
6314,9037
6404,9130
6503,9218
6595,9310
6693,9403
6789,9494
6883,9585
6977,9673
7069,9763
7161,9850
7255,9942
7351,10031
7447,10122
7539,10216
7633,10305
7728,10399
7823,10486
7915,10576
8002,10662
8095,10755
8194,10848
8285,10938
8378,11021
8468,11121
8566,11209
8660,11302
8753,11394
8844,11487
8937,11574
9031,11665
9125,11758
9221,11851
9315,11941
9408,12034
9501,12122
9596,12215
9691,12306
9785,12400
9877,12492
9973,12586
10070,12676
10160,12772
10255,12863
10350,12952
10445,13041
10538,13134
10639,13225
10729,13317
10815,13410
10912,13501
11009,13593
11107,13687
11204,13776
11296,13863
11392,13954
11487,14044
11577,14132
11672,14224
11772,14311
11863,14401
11957,14490
12048,14582
12138,14675
12229,14767
12326,14859
12419,14951
12518,15044
12611,15135
12707,15228
12796,15319
12894,15412
12986,15503
13082,15596
13177,15690
13274,15789
13369,15880
13471,15971
13563,16065
13659,16159
13756,16247
13846,16344
13943,56
14039,143
14132,237
14229,330
14328,423
14421,521
14518,610
14607,703
14700,793
14796,884
14893,980
14989,1072
15085,1160
15179,1250
15275,1343
15365,1432
15464,1523
15550,1612
15646,1699
15740,1789
15834,1879
15924,1967
16019,2056
16108,2145
16200,2231
16288,2331
16382,2416
92,2505
185,2594
278,2688
372,2778
464,2872
561,2963
651,3051
746,3143
840,3229
932,3319
1028,3414
1118,3506
1213,3596
1307,3690
1404,3781
1492,3871
1587,3960
1682,4053
1779,4146
1871,4234
1966,4324
2060,4417
2158,4512
2254,4600
2352,4692
2444,4782
2537,4875
2630,4965
2725,5058
2817,5148
2907,5236
3008,5324
3099,5417
3192,5502
3288,5597
3381,5684
3472,5776
3570,5867
3667,5953
3759,6043
3850,6131
3940,6221
4031,6313
4124,6401
4225,6494
4318,6585
4416,6676
4507,6763
4605,6857
4695,6951
4791,7042
4888,7134
4979,7226
5074,7317
5166,7408
5265,7506
5363,7598
5460,7689
5556,7786
5646,7876
5741,7969
5837,8064
5932,8152
6030,8248
6125,8340
6220,8437
6315,8525
6408,8619
6509,8712
6603,8805
6697,8894
6795,8986
6885,9076
6979,9168
7078,9261
7171,9353
7263,9445
7358,9538
7454,9627
7549,9717
7641,9806
7739,9897
7834,9985
7926,10073
8019,10169
8106,10261
8199,10354
8294,10437
8385,10527
8482,10621
8574,10710
8673,10801
8768,10892
8861,10986
8955,11077
9051,11170
9149,11264
9239,11356
9340,11449
9432,11544
9523,11636
9621,11730
9718,11821
9813,11916
9910,12002
10007,12096
10099,12185
10198,12280
10295,12374
10392,12471
10487,12565
10584,12656
10681,12749
10772,12844
10872,12934
10966,13026
11061,13121
11156,13216
11245,13309
11345,13400
11443,13491
11539,13584
11635,13677
11732,13770
11830,13862
11923,13951
12014,14045
12110,14137
12204,14228
12305,14320
12396,14414
12490,14505
12588,14601
12689,14695
12790,14788
12882,14881
12977,14977
13081,15073
13177,15168
13272,15261
13371,15353
13468,15447
13566,15542
13662,15641
13764,15737
13861,15832
13961,15929
14063,16029
14161,16119
14256,16215
14357,16313
14453,23
14556,119
14652,214
14753,309
14849,405
14948,505
15045,597
15141,692
15245,788
15344,879
15440,975
15536,1074
15633,1169
15727,1260
15831,1349
15927,1447
16025,1539
16119,1634
16213,1725
16309,1818
25,1911
119,2002
213,2097
316,2192
417,2279
509,2374
606,2467
701,2563
794,2657
898,2750
995,2846
1093,2936
1188,3029
1286,3125
1385,3217
1483,3313
1579,3409
1683,3506
1781,3598
1875,3695
1968,3786
2063,3876
2160,3968
2260,4062
2360,4158
2454,4254
2551,4347
2639,4443
2741,4538
2838,4633
2932,4727
3025,4818
3123,4911
3219,5006
3314,5099
3408,5189
3504,5280
3593,5370
3689,5466
3778,5555
3876,5649
3965,5733
4063,5829
4155,5920
4246,6013
4340,6100
4433,6190
4533,6284
4629,6375
4725,6465
4816,6557
4913,6647
5004,6739
5100,6830
5195,6922
5289,7019
5384,7110
5473,7202
5574,7295
5672,7388
5769,7484
5863,7579
5960,7666
6054,7761
6150,7851
6242,7944
6335,8034
6433,8127
6527,8217
6628,8313
6717,8409
6813,8501
6904,8595
7008,8688
7103,8782
7196,8873
7287,8968
7381,9057
7478,9150
7571,9242
7665,9333
7763,9419
7856,9510
7949,9603
8039,9690
8131,9780
8227,9873
8322,9960
8412,10051
8502,10143
8598,10234
8697,10326
8795,10415
8887,10506
8982,10598
9080,10685
9172,10776
9270,10868
9366,10960
9463,11055
9552,11149
9646,11236
9743,11325
9839,11419
9930,11512
10027,11602
10127,11698
10219,11792
10314,11883
10402,11973
10505,12063
10598,12154
10690,12245
10785,12342
10881,12431
10973,12521
11065,12615
11161,12706
11253,12798
11349,12891
11442,12983
11536,13073
11631,13165
11732,13256
11822,13343
11919,13430
12008,13521
12096,13615
12182,13703
12279,13793
12370,13878
12462,13968
12555,14057
12655,14147
12742,14235
12837,14323
12931,14412
13024,14506
13119,14593
13213,14680
13305,14773
13403,14861
13496,14948
13586,15041
13680,15128
13768,15220
13869,15311
13962,15401
14055,15494
14152,15586
14243,15677
14337,15768
14430,15858
14522,15948
14617,16040
14713,16131
14801,16219
14897,16308
14993,17
15081,106
15174,199
15267,289
15362,383
15456,472
15549,562
15639,652
15735,745
15824,831
15920,924
16012,1013
16097,1104
16187,1191
16281,1284
16372,1371
79,1459
171,1548
261,1635
355,1732
447,1820
546,1902
634,1994
729,2084
822,2174
917,2263
1007,2356
1099,2445
1193,2533
1290,2624
1380,2710
1477,2797
1573,2890
1665,2982
1766,3076
1858,3169
1945,3260
2043,3352
2137,3442
2232,3534
2329,3628
2424,3722
2513,3807
2608,3902
2704,3993
2799,4084
2893,4176
2984,4271
3078,4364
3175,4453
3266,4544
3369,4638
3459,4730
3553,4818
3648,4910
3739,4998
3832,5093
3923,5183
4018,5273
4111,5365
4202,5451
4296,5541
4393,5634
4492,5725
4583,5813
4679,5899
4775,5992
4868,6084
4962,6173
5062,6258
5156,6351
5251,6440
5345,6528
5436,6615
5534,6712
5628,6803
5727,6889
5820,6982
5916,7072
6014,7165
6106,7258
6200,7344
6296,7441
6389,7531
6486,7623
6581,7719
6678,7812
6776,7900
6866,7989
6959,8083
7054,8175
7148,8265
7240,8359
7333,8451
7428,8545
7523,8637
7619,8726
7710,8814
7804,8907
7898,9000
7987,9093
8081,9185
8172,9277
8266,9365
8359,9456
8450,9549
8547,9639
8638,9732
8739,9825
8837,9910
8932,10003
9026,10098
9119,10190
9212,10280
9313,10369
9404,10467
9507,10557
9602,10643
9700,10737
9795,10835
9892,10934
9991,11027
10089,11122
10185,11211
10283,11308
10382,11401
10476,11498
10577,11597
10674,11691
10770,11788
10868,11881
10971,11978
11068,12071
11162,12167
11261,12262
11355,12359
11452,12452
11551,12552
11657,12649
11750,12744
11844,12839
11945,12938
12037,13026
12130,13123
12225,13220
12325,13317
12420,13411
12521,13505
12617,13598
12715,13693
12811,13784
12908,13878
13011,13973
13108,14062
13202,14152
13301,14247
13399,14338
13496,14430
13594,14522
13694,14617
13790,14710
13888,14800
13983,14897
14079,14988
14179,15081
14274,15172
14366,15267
14468,15362
14565,15459
14663,15549
14757,15643
14856,15737
14948,15830
15037,15925
15137,16020
15232,16112
15327,16202
15420,16292
15513,5
15611,97
15703,191
15804,285
15898,376
15989,469
16080,558
16171,651
16265,743
16358,834
71,927
165,1016
258,1111
352,1200
447,1293
539,1381
634,1468
730,1560
823,1654
915,1741
1012,1830
1113,1921
1204,2013
1298,2102
1394,2193
1491,2286
1587,2375
1678,2466
1775,2562
1872,2653
1962,2747
2061,2837
2159,2930
2251,3021
2348,3119
2445,3212
2542,3303
2637,3399
2733,3495
2827,3587
2923,3682
3021,3772
3115,3866
3206,3959
3303,4053
3401,4146
3495,4242
3590,4334
3691,4429
3782,4519
3872,4617
3968,4711
4061,4804
4158,4897
4248,4990
4343,5083
4441,5180
4535,5269
4636,5359
4731,5453
4823,5543
4916,5633
5015,5726
5107,5818
5201,5908
5298,5999
5393,6086
5492,6182
5584,6268
5681,6359
5775,6449
5870,6541
5969,6633
6068,6726
6161,6819
6253,6912
6349,7006
6444,7095
6534,7187
6636,7276
6727,7371
6824,7465
6920,7556
7014,7649
7108,7746
7199,7835
7288,7929
7383,8019
7481,8113
7573,8202
7667,8297
7761,8390
7852,8483
7944,8571
8038,8665
8129,8759
8221,8850
8309,8940
8400,9032
8499,9123
8586,9214
8688,9304
8778,9395
8875,9485
8963,9570
9060,9665
9155,9749
9248,9840
9344,9932
9436,10018
9534,10110
9626,10198
9720,10288
9821,10375
9912,10462
10003,10556
10097,10647
10192,10738
10287,10833
10389,10924
10489,11014
10579,11103
10676,11197
10767,11291
10865,11386
10961,11479
11052,11571
11144,11663
11237,11757
11338,11853
11432,11941
11520,12031
11619,12124
11716,12218
11814,12311
11906,12402
11994,12498
12086,12590
12174,12682
12270,12772
12367,12864
12464,12963
12555,13058
12650,13148
12744,13237
12848,13326
12937,13418
13033,13510
13127,13605
13219,13694
13315,13782
13410,13873
13511,13963
13606,14052
13699,14141
13795,14230
13887,14321
13984,14411
14081,14503
14176,14594
14279,14683
14370,14775
14465,14867
14558,14959
14656,15050
14749,15140
14838,15231
14938,15322
15036,15414
15125,15507
15216,15597
15311,15691
15405,15788
15502,15882
15595,15971
15693,16064
15784,16154
15878,16246
15974,16343
16066,49
16154,141
16245,239
16339,328
52,420
146,511
245,604
340,698
434,792
527,881
616,978
712,1068
809,1160
901,1250
1002,1343
1099,1434
1186,1524
1287,1612
1385,1702
1480,1793
1573,1886
1672,1977
1770,2071
1860,2162
1954,2254
2059,2345
2156,2434
2249,2524
2344,2619
2442,2705
2540,2802
2631,2898
2726,2988
2827,3086
2922,3175
3024,3271
3114,3371
3207,3463
3306,3555
3406,3645
3496,3744
3595,3836
3687,3930
3779,4020
3875,4116
3964,4211
4062,4303
4162,4398
4255,4494
4349,4588
4443,4679
4545,4775
4641,4870
4737,4964
4833,5060
4932,5151
5027,5241
5121,5332
5221,5427
5317,5518
5413,5610
5515,5705
5611,5796
5710,5886
5808,5975
5906,6070
5999,6160
6099,6248
6196,6340
6290,6434
6391,6522
6482,6619
6580,6714
6676,6809
6777,6902
6872,6996
6967,7088
7067,7182
7163,7276
7259,7372
7356,7468
7451,7559
7548,7655
7643,7752
7741,7843
7836,7939
7930,8032
8025,8128
8121,8223
8214,8316
8312,8412
8412,8506
8508,8598
8606,8695
8703,8792
8804,8883
8898,8981
8995,9077
9090,9169
9184,9260
9286,9353
9383,9445
9477,9537
9581,9634
9675,9729
9775,9821
9870,9913
9967,10001
10063,10094
10159,10187
10256,10277
10351,10370
10454,10462
10552,10559
10650,10649
10744,10741
10844,10840
10937,10931
11033,11023
11126,11113
11222,11207
11321,11296
11417,11395
11515,11491
11613,11588
11709,11680
11802,11772
11891,11870
11988,11965
12078,12053
12171,12146
12264,12237
12364,12333
12456,12425
12553,12517
12645,12611
12738,12705
12834,12797
12930,12891
13028,12987
13118,13072
13211,13162
13308,13257
13403,13346
13495,13438
13591,13524
13683,13615
13778,13703
13871,13795
13969,13884
14062,13971
14154,14060
14253,14148
14345,14236
14437,14327
14535,14411
14627,14502
14714,14596
14811,14683
14906,14771
15000,14861
15098,14950
15190,15040
15281,15134
15372,15224
15469,15313
15558,15407
15655,15494
15751,15583
15840,15679
15931,15773
16023,15865
16113,15957
16205,16048
16298,16138
5,16232
98,16318
190,28
283,121
374,213
471,304
564,399
658,488
752,584
844,674
940,763
1040,853
1131,942
1223,1035
1320,1126
1417,1216
1510,1303
1602,1397
1699,1490
1799,1576
1887,1663
1982,1754
2078,1842
2175,1936
2267,2025
2361,2115
2458,2201
2552,2292
2650,2383
2746,2474
2838,2562
2935,2657
3028,2748
3123,2843
3217,2935
3311,3024
3406,3118
3497,3211
3589,3303
3687,3400
3777,3489
3868,3582
3956,3674
4052,3769
4146,3858
4237,3948
4333,4045
4423,4134
4518,4224
4612,4316
4708,4410
4796,4503
4890,4594
4986,4681
5082,4774
5172,4865
5264,4958
5358,5048
5447,5137
5546,5223
5638,5314
5736,5402
5828,5493
5921,5580
6016,5666
6103,5756
6197,5845
6287,5933
6383,6023
6479,6110
6572,6200
6666,6289
6757,6379
6850,6465
6945,6554
7036,6643
7126,6733
7219,6822
7310,6916
7403,7002
7497,7092
7591,7179
7682,7274
7768,7363
7863,7454
7953,7548
8043,7639
8130,7733
8230,7822
8322,7911
8416,8000
8508,8096
8597,8182
8689,8275
8783,8366
8876,8460
8968,8550
9064,8640
9156,8732
9253,8820
9342,8911
9441,9005
9535,9094
9628,9189
9721,9276
9820,9364
9917,9457
10014,9549
10102,9638
10196,9723
10291,9816
10386,9904
10482,9994
10584,10086
10680,10175
10766,10263
10866,10353
10960,10445
11056,10539
11156,10629
11248,10723
11341,10812
11433,10902
11528,10996
11624,11085
11718,11180
11812,11273
11903,11364
12000,11460
12090,11552
12179,11649
12276,11739
12369,11833
12463,11922
12557,12015
12653,12105
12749,12198
12843,12289
12939,12384
13031,12479
13123,12569
13223,12661
13317,12753
13408,12847
13507,12937
13598,13033
13692,13123
13788,13215
13882,13307
13974,13396
14068,13484
14164,13578
14260,13667
14358,13755
14452,13844
14543,13936
14640,14025
14733,14113
14829,14203
14927,14292
15019,14379
15114,14472
15209,14561
15303,14650
15402,14741
15497,14829
15589,14923
15684,15015
15780,15107
15867,15197
15962,15288
16055,15382
16149,15475
16241,15569
16335,15663
44,15755
138,15854
235,15942
326,16038
423,16128
517,16225
618,16316
713,26
812,122
907,216
1003,311
1098,403
1191,497
1290,590
1392,687
1491,781
1589,869
1685,965
1788,1058
1877,1150
1976,1241
2080,1335
2172,1432
2273,1520
2368,1616
2462,1709
2566,1798
2659,1890
2755,1982
2854,2076
2956,2173
3056,2269
3149,2359
3250,2454
3344,2548
3446,2642
3538,2736
3636,2834
3734,2929
3829,3020
3924,3120
4019,3210
4117,3307
4208,3405
4307,3502
4406,3601
4500,3696
4596,3790
4693,3888
4794,3978
4892,4072
4988,4171
5086,4266
5182,4362
5278,4459
5382,4552
5475,4644
5572,4740
5675,4836
5766,4930
5863,5026
5961,5119
6060,5212
6153,5300
6249,5392
6347,5485
6442,5577
6540,5670
6636,5758
6738,5854
6836,5942
6923,6032
7023,6127
7112,6220
7207,6310
7305,6401
7399,6492
7494,6586
7594,6677
7690,6771
7778,6863
7872,6952
7968,7047
8059,7140
8150,7230
8245,7321
8336,7419
8437,7508
8532,7600
8625,7698
8720,7790
8812,7880
8911,7972
9004,8066
9103,8159
9203,8253
9298,8347
9387,8437
9486,8529
9582,8624
9677,8717
9773,8806
9869,8897
9967,8992
10064,9085
10157,9179
10257,9269
10352,9358
10444,9448
10538,9540
10639,9627
10738,9719
10827,9811
10920,9903
11019,9994
11119,10083
11211,10174
11306,10267
11403,10353
11494,10446
11585,10540
11684,10627
11780,10713
11874,10812
11969,10907
12062,10997
12155,11089
12251,11184
12342,11279
12438,11372
12532,11461
12629,11554
12723,11650
12815,11749
12910,11841
13005,11935
13097,12027
13197,12122
13289,12211
13388,12303
13481,12398
13580,12493
13679,12588
13769,12677
13862,12772
13953,12865
14053,12958
14147,13049
14242,13144
14337,13235
14438,13327
14530,13417
14622,13508
14716,13599
14810,13691
14908,13781
15002,13872
15095,13965
15193,14056
15285,14150
15380,14237
15475,14326
15569,14416
15660,14503
15755,14597
15848,14689
15941,14782
16035,14871
16130,14962
16215,15053
16308,15148
19,15238
116,15332
212,15422
304,15518
396,15611
491,15701
588,15796
679,15886
775,15980
865,16072
963,16160
1055,16258
1156,16350
1249,59
1349,152
1439,244
1532,339
1627,429
1727,518
1820,611
1918,702
2017,792
2105,883
2199,974
2295,1066
2394,1160
2482,1245
2577,1335
2668,1421
2768,1510
2862,1604
2954,1692
3050,1786
3146,1875
3240,1963
3328,2051
3426,2142
3516,2235
3608,2324
3706,2410
3798,2498
3888,2588
3979,2680
4071,2775
4161,2863
4257,2957
4349,3048
4447,3136
4535,3234
4634,3319
4724,3414
4817,3508
4914,3605
5007,3695
5104,3786
5189,3875
5286,3963
5384,4053
5470,4147
5567,4241
5665,4333
5761,4425
5852,4515
5944,4607
6039,4699
6132,4787
6229,4881
6326,4973
6416,5064
6513,5155
6605,5244
6700,5334
6792,5424
6886,5519
6981,5604
7068,5687
7165,5784
7261,5870
7354,5956
7447,6046
7541,6139
7635,6225
7727,6315
7820,6408
7906,6496
8002,6589
8093,6678
8187,6768
8283,6859
8376,6952
8470,7044
8566,7129
8656,7223
8748,7317
8845,7413
8937,7505
9033,7598
9128,7693
9220,7782
9315,7880
9411,7970
9502,8060
9598,8149
9695,8249
9790,8338
9888,8432
9977,8522
10077,8615
10170,8708
10274,8800
10367,8893
10457,8983
10552,9075
10649,9169
10737,9256
10835,9347
10926,9436
11028,9527
11126,9616
11220,9706
11311,9796
11405,9889
11498,9979
11592,10069
11691,10156
11785,10249
11876,10336
11968,10429
12057,10516
12150,10608
12240,10699
12342,10786
12431,10879
12524,10971
12619,11060
12717,11154
12810,11249
12901,11340
12996,11433
13094,11524
13188,11619
13281,11709
13379,11804
13475,11897
13567,11985
13660,12075
13757,12166
13853,12262
13951,12358
14043,12450
14143,12540
14240,12637
14336,12731
14428,12823
14520,12914
14619,13008
14720,13101
14815,13190
14913,13282
15008,13377
15102,13469
15198,13564
15292,13654
15388,13742
15484,13835
15585,13926
15682,14016
15780,14106
15878,14203
15971,14292
16065,14379
16157,14474
16250,14564
16345,14656
57,14748
153,14840
251,14932
352,15029
446,15124
541,15214
639,15307
733,15407
829,15501
928,15595
1022,15688
1124,15779
1225,15878
1322,15973
1419,16073
1516,16166
1612,16262
1713,16353
1807,65
1906,157
2006,249
2100,347
2192,443
2292,538
2391,629
2491,723
2585,813
2678,909
2776,1006
2878,1095
2974,1187
3067,1276
3163,1365
3258,1458
3347,1548
3448,1639
3541,1735
3631,1824
3732,1917
3823,2005
3917,2101
4007,2190
4101,2279
4196,2371
4289,2459
4382,2552
4474,2642
4572,2734
4666,2824
4760,2919
4854,3011
4948,3105
5041,3200
5134,3287
5228,3381
5325,3472
5420,3569
5518,3663
5615,3754
5706,3845
5801,3936
5892,4031
5987,4123
6083,4213
6173,4306
6271,4397
6366,4491
6461,4584
6554,4677
6648,4766
6741,4860
6836,4947
6931,5038
7021,5130
7119,5222
7213,5313
7307,5400
7402,5491
7496,5584
7589,5672
7683,5761
7774,5851
7866,5941
7961,6031
8055,6123
8141,6213
8235,6304
8335,6392
8425,6480
8518,6573
8615,6662
8713,6756
8808,6850
8904,6944
8995,7035
9089,7123
9186,7215
9280,7312
9379,7403
9473,7496
9570,7588
9666,7683
9764,7776
9860,7869
9956,7958
10047,8051
10149,8141
10239,8237
10333,8330
10427,8426
10526,8515
10622,8608
10714,8703
10811,8792
10907,8885
11003,8979
11100,9070
11195,9161
11288,9256
11384,9345
11476,9436
11570,9523
11662,9612
11763,9707
11849,9793
11944,9884
12033,9972
12124,10065
12218,10154
12311,10245
12404,10332
12498,10423
12592,10517
12682,10606
12781,10692
12873,10781
12967,10874
13057,10968
13154,11058
13251,11150
13343,11240
13432,11331
13530,11423
13625,11521
13720,11613
13816,11704
13910,11795
14003,11886
14095,11980
14193,12069
14284,12160
14380,12254
14476,12341
14568,12434
14657,12530
14752,12618
14842,12707
14937,12804
15033,12897
15128,12990
15221,13074
15315,13174
15410,13265
15505,13352
15598,13441
15694,13535
15784,13629
15878,13716
15976,13806
16064,13891
16150,13983
16242,14074
16337,14161
47,14250
137,14341
234,14429
326,14518
418,14609
519,14704
606,14793
697,14880
797,14971
894,15061
988,15150
1084,15243
1178,15335
1268,15425
1362,15516
1457,15613
1554,15703
1653,15798
1744,15893
1840,15986
1933,16078
2031,16163
2130,16262
2221,16348
2317,61
2409,153
2506,241
2602,338
2692,428
2787,524
2883,614
2978,711
3075,802
3171,888
3262,981
3353,1074
3449,1162
3542,1254
3638,1345
3733,1439
3826,1529
3917,1617
4013,1706
4109,1793
4199,1886
4292,1975
4382,2068
4481,2155
4570,2247
4662,2336
4758,2430
4857,2516
4949,2611
5041,2701
5138,2791
5237,2884
5332,2975
5423,3067
5516,3164
5614,3257
5712,3349
5804,3445
5898,3536
5993,3628
6091,3717
6189,3806
6284,3897
6381,3992
6470,4087
6566,4181
6665,4274
6760,4370
6857,4458
6950,4549
7048,4645
7136,4739
7233,4831
7333,4920
7429,5012
7521,5107
7618,5196
7712,5287
7808,5378
7900,5468
7996,5560
8088,5654
8179,5747
8271,5835
8372,5923
8467,6016
8560,6108
8662,6198
8753,6287
8851,6384
8943,6475
9043,6565
9143,6657
9238,6750
9330,6841
9425,6934
9521,7030
9618,7122
9714,7219
9816,7309
9913,7405
10012,7501
10109,7596
10202,7691
10300,7788
10396,7880
10498,7971
10592,8072
10687,8166
10795,8258
10883,8356
10979,8448
11076,8541
11176,8639
11271,8734
11374,8824
11470,8916
11566,9009
11661,9106
11754,9202
11853,9297
11946,9389
12036,9484
12141,9579
12236,9669
12332,9759
12427,9858
12529,9947
12627,10042
12718,10134
12822,10227
12916,10317
13015,10410
13108,10503
13207,10597
13302,10695
13402,10786
13504,10879
13598,10977
13701,11071
13796,11168
13896,11266
13993,11361
14090,11456
14190,11552
14288,11649
14384,11744
14484,11839
14581,11934
14686,12034
14783,12124
14879,12214
14976,12312
15072,12412
15171,12506
15270,12602
15365,12697
15461,12791
15561,12887
15662,12980
15755,13078
15851,13169
15950,13261
16047,13359
16141,13450
16238,13547
16332,13631
41,13727
141,13819
239,13911
334,14004
431,14095
527,14186
622,14276
718,14370
816,14459
915,14553
1012,14641
1108,14735
1202,14825
1300,14915
1388,15009
1491,15102
1587,15190
1685,15292
1779,15382
1872,15475
1970,15569
2064,15667
2163,15756
2257,15852
2353,15941
2451,16034
2547,16127
2635,16221
2732,16312
2824,20
2922,114
3016,210
3111,305
3208,397
3300,490
3392,577
3486,669
3581,760
3670,855
3765,946
3855,1038
3948,1128
4036,1220
4133,1309
4222,1398
4316,1490
4411,1579
4507,1670
4601,1760
4698,1848
4791,1941
4882,2027
4978,2122
5066,2210
5164,2301
5253,2389
5355,2483
5452,2572
5546,2666
5642,2756
5740,2847
5827,2941
5929,3029
6018,3125
6115,3215
6210,3310
6305,3407
6397,3496
6496,3595
6589,3684
6688,3777
6776,3870
6867,3956
6967,4048
7066,4142
7158,4235
7253,4332
7344,4421
7444,4514
7544,4607
7635,4702
7727,4791
7821,4885
7915,4975
8006,5066
8099,5156
8193,5252
8283,5340
8384,5429
8478,5520
8568,5606
8664,5695
8755,5786
8847,5875
8947,5963
9039,6052
9132,6146
9230,6235
9321,6323
9418,6409
9512,6498
9605,6589
9699,6680
9798,6767
9891,6859
9982,6949
10074,7039
10178,7136
10267,7224
10361,7315
10454,7410
10546,7498
10635,7592
10734,7684
10825,7776
10922,7867
11011,7952
11107,8046
11203,8137
11299,8223
11390,8317
11480,8406
11573,8498
11665,8587
11755,8680
11852,8769
11942,8863
12023,8953
12118,9045
12208,9133
12299,9223
12389,9314
12479,9399
12572,9492
12665,9575
12759,9666
12855,9758
12948,9846
13039,9938
13131,10026
13226,10116
13316,10202
13407,10286
13503,10377
13594,10466
13686,10558
13783,10646
13871,10734
13968,10826
14063,10914
14162,11008
14254,11097
14347,11190
14434,11281
14529,11370
14629,11462
14721,11553
14812,11646
14908,11735
14999,11829
15095,11924
15187,12009
15282,12100
15375,12191
15466,12285
15568,12380
15659,12470
15753,12561
15848,12651
15945,12747
16039,12840
16127,12931
16218,13024
16306,13114
12,13200
111,13295
202,13385
294,13475
395,13567
484,13657
578,13746
673,13837
768,13927
868,14016
957,14105
1052,14190
1147,14276
1244,14369
1335,14462
1425,14551
1524,14642
1625,14731
1718,14821
1807,14909
1902,15003
1999,15092
2095,15182
2188,15279
2287,15371
2375,15457
2474,15551
2566,15641
2662,15735
2757,15830
2852,15920
2944,16014
3038,16104
3131,16196
3226,16291
3319,16379
3409,88
3501,182
3594,279
3687,367
3778,457
3872,550
3964,640
4057,732
4151,824
4241,918
4337,1010
4434,1101
4524,1189
4622,1281
4721,1373
4810,1459
4906,1552
4996,1643
5096,1735
5193,1827
5287,1913
5376,2001
5468,2096
5565,2184
5665,2274
5765,2366
5856,2463
5951,2555
6047,2645
6142,2737
6241,2831
6338,2922
6429,3013
6526,3109
6626,3201
6718,3296
6816,3392
6911,3487
7010,3585
7103,3682
7198,3770
7299,3866
7396,3956
7491,4052
7593,4148
7685,4246
7784,4339
7879,4432
7972,4529
8066,4627
8160,4716
8257,4813
8355,4907
8453,5000
8547,5096
8645,5187
8745,5281
8842,5375
8935,5470
9039,5560
9134,5655
9232,5746
9329,5837
9429,5926
9524,6025
9624,6120
9718,6210
9819,6305
9921,6395
10015,6490
10116,6581
10216,6675
10312,6765
10403,6860
10500,6954
10602,7046
10700,7146
10795,7237
10891,7335
10988,7428
11084,7522
11186,7616
11280,7709
11378,7807
11476,7902
11573,7997
11665,8092
11766,8188
11858,8278
11956,8374
12043,8470
12139,8567
12232,8662
12330,8759
12423,8852
12518,8944
12617,9033
12716,9125
12814,9220
12906,9316
13002,9407
13100,9499
13197,9587
13293,9679
13388,9774
13486,9865
13580,9956
13676,10046
13771,10139
13870,10226
13967,10316
14063,10408
14159,10501
14261,10596
14356,10689
14450,10781
14547,10874
14639,10966
14733,11056
14829,11146
14931,11241
15029,11339
15126,11431
15216,11523
15311,11613
15404,11711
15500,11802
15592,11897
15691,11990
15780,12077
15871,12169
15969,12263
16063,12359
16159,12454
16254,12550
16348,12640
59,12735
153,12827
248,12919
341,13010
437,13100
533,13195
625,13288
716,13379
810,13467
908,13556
1004,13652
1098,13744
1192,13833
1288,13921
1384,14013
1482,14104
1576,14192
1675,14285
1768,14377
1866,14463
1957,14553
2053,14648
2151,14741
2246,14829
2342,14920
2429,15012
2530,15102
2624,15194
2722,15288
2821,15383
2908,15478
3004,15572
3099,15662
3197,15755
3289,15851
3384,15941
3476,16037
3575,16131
3665,16218
3760,16313
3851,24
3943,114
4039,208
4135,303
4227,395
4318,489
4413,584
4510,676
4604,768
4696,860
4791,952
4890,1044
4985,1137
5079,1226
5177,1318
5273,1410
5363,1502
5459,1594
5558,1682
5657,1770
5750,1862
5848,1953
5943,2042
6034,2133
6136,2226
6232,2318
6324,2404
6418,2493
6513,2584
6613,2680
6707,2770
6802,2862
6895,2954
6990,3047
7086,3139
7181,3229
7273,3323
7371,3416
7464,3509
7556,3595
7655,3691
7746,3785
7843,3875
7933,3965
8025,4059
8121,4151
8219,4243
8310,4337
8399,4431
8492,4519
8584,4607
8677,4701
8770,4794
8871,4883
8962,4975
9058,5064
9156,5155
9252,5246
9344,5340
9437,5427
9534,5520
9632,5607
9723,5693
9819,5786
9910,5873
10007,5963
10099,6050
10195,6140
10290,6230
10387,6319
10486,6414
10579,6504
10665,6588
10762,6685
10854,6776
10949,6865
11048,6957
11137,7048
11231,7138
11329,7233
11425,7323
11512,7417
11606,7511
11700,7605
11796,7700
11889,7793
11982,7885
12072,7974
12165,8069
12253,8158
12348,8248
12442,8342
12542,8439
12628,8530
12725,8623
12822,8713
12914,8810
13014,8902
13109,9000
13201,9089
13296,9179
13392,9269
13490,9362
13582,9451
13674,9542
13772,9633
13867,9728
13965,9818
14059,9908
14152,10000
14246,10090
14344,10180
14444,10270
14534,10362
14630,10454
14727,10543
14818,10633
14914,10726
15020,10818
15113,10911
15210,11006
15301,11096
15398,11192
15490,11283
15585,11376
15680,11467
15775,11560
15868,11653
15965,11745
16058,11845
16152,11932
16247,12024
16336,12116
50,12204
144,12295
241,12391
333,12483
430,12580
523,12672
620,12764
717,12854
807,12949
902,13040
997,13128
1094,13221
1190,13315
1288,13408
1387,13498
1481,13589
1577,13675
1675,13768
1769,13862
1858,13951
1960,14045
2055,14132
2151,14223
2252,14312
2344,14402
2435,14495
2529,14587
2628,14678
2726,14771
2820,14862
2918,14953
3008,15046
3109,15140
3203,15233
3296,15326
3390,15422
3492,15513
3587,15610
3679,15705
3771,15799
3863,15898
3957,15990
4055,16088
4147,16177
4245,16270
4337,16367
4434,77
4532,175
4630,273
4725,368
4823,463
4920,559
5018,650
5121,747
5217,839
5311,936
5410,1030
5506,1122
5602,1216
5700,1314
5806,1405
5899,1497
5998,1588
6093,1683
6193,1779
6287,1869
6384,1963
6484,2058
6578,2148
6682,2239
6775,2332
6875,2428
6974,2521
7073,2617
7173,2708
7266,2805
7361,2895
7458,2989
7554,3086
7653,3180
7748,3271
7843,3368
7938,3466
8030,3557
8124,3650
8218,3743
8318,3837
8408,3925
8503,4020
8600,4117
8698,4212
8797,4302
8891,4398
8989,4489
9082,4583
9175,4677
9273,4769
9371,4859
9461,4951
9559,5042
9658,5131
9751,5226
9845,5315
9937,5402
10033,5493
10130,5585
10221,5672
10320,5762
10417,5849
10507,5943
10603,6031
10698,6121
10798,6212
10890,6303
10980,6392
11075,6476
11174,6568
11268,6661
11359,6752
11449,6841
11546,6934
11639,7026
11729,7116
11824,7208
11911,7299
12008,7387
12097,7481
12192,7571
12287,7667
12375,7759
12466,7853
12558,7940
12653,8033
12751,8123
12843,8217
12938,8311
13031,8406
13127,8498
13224,8593
13316,8681
13412,8771
13506,8863
13600,8955
13694,9045
13791,9138
13888,9227
13984,9323
14081,9409
14173,9497
14269,9590
14359,9680
14453,9775
14552,9862
14646,9952
14742,10042
14837,10135
14939,10225
15031,10311
15122,10402
15214,10496
15312,10582
15404,10674
15500,10770
15599,10859
15690,10945
15784,11038
15874,11131
15968,11224
16066,11313
16153,11406
16248,11498
16340,11596
51,11690
145,11781
243,11869
333,11963
424,12052
515,12145
609,12234
707,12325
805,12418
898,12511
993,12606
1086,12698
1175,12790
1272,12881
1365,12971
1461,13061
1558,13152
1652,13240
1743,13330
1836,13417
1934,13510
2023,13602
2115,13692
2214,13780
2310,13867
2403,13957
2499,14044
2591,14127
2682,14219
2779,14307
2875,14399
2967,14486
3055,14579
3150,14665
3241,14757
3336,14848
3426,14933
3519,15023
3611,15109
3704,15199
3796,15291
3886,15384
3978,15475
4070,15568
4162,15657
4254,15748
4348,15838
4437,15933
4532,16022
4625,16113
4720,16202
4814,16292
4907,2
5000,93
5098,183
5190,276
5283,365
5375,460
5469,551
5568,640
5658,736
5756,825
5852,915
5943,1007
6038,1101
6135,1185
6223,1274
6318,1369
6411,1461
6511,1548
6602,1636
6694,1724
6787,1814
6882,1908
6975,1994
7073,2085
7160,2176
7257,2265
7351,2353
7446,2447
7539,2539
7633,2629
7720,2719
7815,2810
7910,2900
8001,2993
8095,3085
8183,3177
8277,3269
8373,3363
8468,3456
8562,3550
8652,3643
8743,3734
8839,3823
8934,3913
9026,4007
9126,4099
9216,4193
9310,4286
9404,4378
9502,4473
9595,4563
9691,4653
9782,4748
9879,4840
9974,4934
10071,5026
10170,5114
10263,5203
10352,5295
10446,5387
10546,5477
10641,5568
10733,5660
10830,5749
10924,5838
11024,5931
11115,6019
11209,6108
11306,6198
11404,6289
11492,6381
11588,6474
11679,6566
11773,6656
11871,6750
11961,6840
12052,6926
12144,7019
12238,7112
12331,7205
12427,7302
12517,7393
12615,7487
12714,7580
12811,7674
12899,7767
12996,7860
13091,7957
13187,8047
13283,8142
13377,8232
13474,8326
13566,8420
13665,8510
13762,8606
13857,8700
13952,8797
14047,8888
14142,8978
14238,9073
14334,9171
14432,9257
14525,9354
14620,9446
14720,9539
14821,9627
14913,9717
15006,9811
15102,9899
15196,9994
15296,10081
15392,10174
15480,10266
15579,10356
15678,10451
15773,10547
15869,10638
15960,10728
16055,10822
16150,10914
16247,11009
16340,11104
49,11200
146,11298
244,11392
341,11482
437,11578
533,11671
632,11765
736,11861
829,11955
923,12046
1014,12140
1118,12236
1212,12332
1309,12425
1410,12524
1504,12618
1602,12715
1699,12810
1805,12905
1903,12997
1998,13091
2097,13187
2191,13280
2292,13376
2387,13469
2487,13557
2585,13652
2689,13747
2782,13843
2878,13931
2974,14024
3069,14119
3168,14209
3261,14308
3368,14398
3462,14488
3561,14585
3656,14682
3755,14778
3845,14870
3941,14962
4036,15058
4131,15155
4231,15251
4331,15342
4427,15438
4518,15532
4618,15629
4718,15724
4814,15818
4909,15914
5007,16011
5105,16103
5204,16194
5302,16293
5400,3
5496,100
5595,196
5693,291
5787,384
5883,480
5977,576
6075,670
6170,761
6270,857
6366,952
6465,1043
6557,1136
6654,1230
6752,1322
6848,1414
6942,1507
7036,1597
7134,1684
7224,1775
7323,1866
7419,1957
7511,2047
7608,2139
7702,2232
7795,2325
7888,2412
7981,2501
8071,2597
8164,2691
8261,2779
8353,2872
8449,2962
8538,3052
8635,3143
8728,3242
8823,3335
8920,3429
9017,3517
9110,3609
9209,3703
9300,3794
9397,3884
9489,3976
9582,4068
9678,4157
9772,4249
9865,4343
9961,4436
10059,4527
10159,4620
10252,4709
10348,4807
10442,4898
10538,4987
10632,5076
10726,5176
10822,5262
10915,5353
11008,5444
11105,5536
11201,5623
11300,5715
11394,5803
11486,5892
11576,5983
11672,6075
11776,6167
11870,6257
11966,6345
12058,6437
12147,6532
12242,6617
12333,6710
12432,6800
12525,6892
12621,6981
12714,7077
12808,7170
12901,7265
13003,7354
13097,7448
13195,7540
13291,7635
13385,7727
13478,7821
13575,7913
13674,7998
13767,8096
13868,8187
13962,8280
14055,8372
14149,8466
14248,8557
14342,8651
14438,8741
14534,8829
14628,8924
14725,9013
14819,9105
14917,9198
15004,9288
15100,9379
15193,9466
15287,9557
15381,9652
15478,9740
15573,9826
15666,9916
15756,10007
15851,10098
15942,10187
16032,10275
16122,10364
16212,10452
16307,10545
18,10641
109,10727
202,10815
293,10905
387,10999
483,11091
576,11179
667,11272
757,11362
855,11451
950,11547
1046,11641
1139,11732
1229,11820
1321,11912
1413,12002
1510,12088
1603,12185
1696,12275
1791,12369
1889,12459
1980,12549
2075,12642
2174,12739
2266,12828
2359,12921
2457,13012
2549,13100
2644,13191
2730,13281
2829,13372
2922,13461
3018,13550
3111,13640
3202,13731
3297,13817
3388,13907
3483,13994
3578,14084
3672,14170
3768,14260
3857,14348
3950,14443
4043,14528
4132,14617
4229,14707
4322,14799
4418,14890
4513,14980
4605,15071
4699,15160
4797,15252
4894,15343
4988,15432
5078,15522
5176,15619
5269,15709
5362,15799
5458,15895
5552,15989
5648,16077
5743,16167
5839,16253
5935,16347
6030,57
6123,149
6217,240
6312,333
6409,424
6503,512
6597,607
6690,700
6781,790
6876,884
6969,973
7062,1062
7152,1151
7250,1241
7345,1332
7439,1422
7530,1509
7620,1598
7714,1690
7809,1780
7901,1871
7991,1959
8081,2048
8170,2136
8262,2224
8354,2316
8450,2403
8540,2496
8636,2584
8727,2679
8824,2767
8916,2859
9010,2951
9108,3043
9197,3134
9293,3229
9386,3322
9478,3411
9574,3505
9668,3596
9759,3692
9858,3787
9949,3875
10039,3965
10139,4059
10237,4150
10331,4244
10425,4336
10524,4430
10619,4522
10713,4617
10805,4709
10899,4803
10994,4890
11091,4984
11193,5075
11282,5167
11378,5256
11472,5352
11564,5445
11664,5535
11761,5626
11853,5716
11948,5805
12040,5897
12135,5994
12228,6085
12323,6173
12422,6264
12517,6354
12609,6447
12709,6539
12806,6632
12895,6725
12992,6820
13094,6912
13192,7009
13288,7100
13387,7189
13482,7286
13574,7380
13675,7472
13773,7568
13866,7668
13965,7762
14065,7855
14162,7947
14260,8041
14358,8132
14452,8231
14551,8327
14646,8420
14741,8513
14841,8607
14934,8701
15033,8794
15132,8890
15227,8984
15333,9077
15423,9170
15516,9261
15611,9353
15713,9449
15803,9538
15899,9634
15997,9725
16087,9817
16181,9907
16279,9996
16371,10092
83,10181
178,10273
273,10367
370,10459
461,10553
558,10640
652,10733
751,10826
845,10918
939,11008
1033,11103
1131,11193
1231,11290
1326,11381
1427,11477
1520,11576
1615,11667
1712,11757
1810,11851
1905,11949
1998,12040
2094,12132
2187,12225
2283,12317
2385,12410
2476,12505
2571,12598
2669,12693
2763,12785
2858,12877
2951,12969
3047,13064
3143,13153
3234,13246
3330,13334
3426,13428
3520,13521
3615,13612
3709,13703
3802,13794
3893,13884
3988,13975
4080,14063
4175,14156
4266,14245
4362,14335
4461,14425
4553,14518
4646,14612
4739,14698
4836,14789
4933,14877
5030,14970
5123,15065
5220,15157
5310,15246
5400,15341
5495,15431
5593,15523
5685,15617
5783,15709
5883,15801
5975,15892
6065,15986
6161,16077
6252,16169
6350,16260
6443,16352
6538,61
6634,159
6725,249
6820,339
6913,433
7010,522
7105,618
7196,709
7292,798
7388,890
7480,980
7572,1072
7663,1164
7758,1254
7850,1345
7939,1438
8032,1524
8127,1617
8219,1707
8311,1793
8409,1885
8500,1977
8597,2069
8691,2158
8781,2249
8877,2335
8972,2428
9064,2517
9162,2610
9256,2704
9350,2793
9445,2885
9541,2978
9630,3072
9729,3167
9823,3254
9914,3350
10009,3444
10108,3540
10208,3628
10298,3720
10392,3811
10491,3905
10586,3996
10678,4088
10770,4178
10868,4273
10963,4367
11059,4459
11158,4552
11252,4642
11344,4737
11438,4826
11533,4915
11624,5007
11716,5097
11814,5186
11910,5282
12007,5370
12092,5460
12184,5545
12277,5639
12374,5728
12467,5817
12561,5909
12654,6000
12751,6086
12848,6172
12938,6262
13033,6353
13127,6443
13221,6533
13318,6623
13412,6710
13502,6800
13598,6893
13695,6986
13792,7075
13880,7167
13975,7258
14070,7345
14163,7441
14257,7531
14359,7625
14452,7716
14546,7802
14632,7892
14729,7982
14820,8074
14915,8167
15009,8254
15101,8348
15197,8444
15288,8536
15382,8623
15474,8717
15574,8807
15663,8899
15754,8987
15850,9074
15940,9168
16033,9258
16126,9350
16213,9443
16306,9533
17,9622
109,9709
201,9799
295,9891
385,9975
480,10065
571,10154
668,10248
760,10337
856,10433
953,10520
1041,10608
1140,10699
1237,10791
1327,10883
1423,10972
1522,11064
1619,11153
1712,11250
1807,11342
1901,11436
1997,11527
2089,11621
2186,11721
2281,11812
2378,11903
2471,11995
2570,12086
2661,12176
2762,12270
2854,12367
2951,12458
3046,12551
3145,12646
3242,12737
3338,12831
3427,12923
3520,13014
3615,13105
3707,13199
3805,13294
3893,13387
3985,13474
4081,13566
4175,13658
4272,13748
4365,13836
4464,13933
4558,14017
4652,14113
4751,14201
4847,14290
4938,14379
5034,14472
5129,14564
5223,14654
5317,14745
5413,14834
5513,14924
5611,15017
5699,15109
5795,15200
5893,15293
5991,15386
6084,15475
6183,15570
6273,15665
6368,15759
6466,15852
6566,15944
6660,16035
6749,16126
6850,16216
6945,16307
7037,16
7125,112
7224,210
7320,300
7415,390
7506,483
7608,577
7698,674
7792,763
7883,860
7978,951
8072,1044
8164,1136
8264,1227
8352,1320
8451,1411
8549,1502
8643,1592
8739,1685
8833,1778
8927,1871
9031,1963
9128,2058
9225,2149
9321,2244
9418,2334
9519,2429
9616,2519
9709,2617
9807,2709
9909,2803
10001,2898
10105,2992
10194,3092
10299,3185
10394,3278
10490,3376
10592,3475
10695,3570
10791,3668
10889,3761
10986,3857
11085,3951
11185,4050
11283,4148
11379,4243
11480,4342
11579,4437
11676,4530
11776,4623
11870,4721
11966,4814
12067,4909
12160,5006
12251,5100
12350,5195
12443,5283
12543,5378
12642,5476
12738,5566
12839,5659
12932,5748
13031,5839
13133,5934
13226,6029
13329,6120
13429,6213
13519,6304
13616,6392
13717,6487
13811,6577
13911,6667
14009,6760
14101,6858
14200,6947
14297,7041
14387,7132
14489,7225
14586,7318
14682,7411
14776,7508
14872,7602
14966,7691
15058,7783
15159,7876
15252,7967
15351,8056
15447,8146
15540,8240
15632,8334
15732,8423
15824,8517
15921,8610
16008,8702
16098,8791
16191,8888
16283,8978
16379,9068
87,9158
179,9249
273,9342
367,9430
460,9521
555,9613
652,9700
745,9790
841,9882
930,9971
1022,10059
1117,10151
1216,10243
1312,10339
1404,10425
1502,10517
1598,10603
1695,10699
1792,10790
1885,10884
1978,10978
2068,11070
2167,11156
2261,11249
2357,11347
2456,11439
2552,11532
2645,11631
2746,11725
2839,11818
2932,11907
3026,12001
3122,12091
3217,12182
3312,12277
3408,12372
3502,12468
3598,12563
3693,12654
3782,12750
3877,12842
3970,12937
4061,13027
4158,13127
4250,13214
4348,13308
4439,13398
4533,13493
4634,13586
4728,13671
4826,13766
4923,13859
5013,13946
5106,14037
5198,14126
5292,14217
5387,14308
5487,14401
5584,14493
5679,14584
5773,14672
5867,14763
5959,14856
6057,14947
6152,15037
6245,15125
6340,15220
6435,15312
6533,15401
6623,15494
6717,15585
6811,15679
6905,15766
7004,15858
7096,15951
7189,16045
7281,16132
7371,16220
7468,16313
7555,16
7651,107
7746,204
7833,286
7921,378
8015,472
8104,558
8192,648
8287,740
8376,827
8468,917
8565,1004
8664,1092
8748,1182
8840,1272
8936,1358
9030,1453
9121,1539
9213,1625
9303,1714
9393,1801
9491,1894
9591,1981
9684,2069
9769,2157
9861,2247
9957,2334
10053,2425
10145,2513
10247,2601
10334,2693
10426,2782
10524,2874
10617,2966
10714,3057
10808,3151
10903,3244
11000,3332
11088,3424
11180,3517
11279,3614
11374,3710
11462,3798
11555,3893
11645,3984
11741,4076
11835,4171
11926,4268
12016,4363
12109,4461
12197,4553
12290,4644
12384,4739
12472,4832
12563,4928
12660,5021
12750,5117
12844,5213
12936,5300
13033,5396
13124,5493
13216,5589
13310,5680
13402,5772
13500,5865
13589,5960
13677,6051
13773,6145
13864,6237
13963,6334
14048,6428
14143,6523
14237,6616
14324,6707
14424,6801
14516,6893
14608,6990
14701,7085
14795,7177
14890,7267
14982,7365
15074,7463
15168,7558
15256,7650
15351,7746
15440,7841
15537,7933
15624,8026
15718,8117
15818,8213
15908,8309
16003,8404
16095,8496
16185,8589
16279,8683
16365,8775
74,8869
171,8961
265,9048
359,9143
452,9237
549,9330
644,9419
735,9513
831,9600
927,9691
1023,9779
1118,9869
1211,9962
1306,10053
1400,10145
1491,10235
1592,10322
1685,10410
1784,10496
1878,10585
1969,10677
2065,10764
2164,10856
2257,10947
2354,11043
2448,11130
2538,11218
2637,11313
2737,11405
2827,11495
2924,11591
3018,11681
3113,11775
3208,11867
3304,11957
3400,12043
3495,12134
3588,12229
3683,12322
3781,12411
3869,12505
3962,12595
4057,12689
4152,12780
4245,12875
4341,12966
4437,13056
4534,13150
4630,13241
4728,13331
4819,13424
4911,13514
5011,13602
5103,13692
5205,13783
5303,13874
5399,13966
5496,14054
5595,14146
5693,14238
5786,14328
5886,14416
5986,14511
6081,14603
6182,14690
6275,14781
6373,14878
6473,14976
6571,15064
6667,15161
6768,15256
6863,15350
6955,15442
7051,15533
7149,15630
7250,15728
7346,15828
7442,15917
7539,16013
7639,16108
7740,16205
7830,16299
7929,7
8022,103
8119,202
8214,300
8316,396
8409,495
8504,588
8602,679
8701,776
8796,874
8895,969
8992,1068
9087,1163
9186,1258
9287,1351
9386,1438
9482,1533
9579,1632
9679,1725
9777,1817
9876,1908
9973,2001
10071,2095
10166,2189
10265,2280
10361,2371
10458,2462
10555,2558
10652,2653
10750,2747
10842,2840
10939,2935
11041,3030
11137,3119
11232,3214
11329,3307
11429,3400
11521,3491
11614,3587
11711,3682
11807,3767
11903,3857
11990,3947
12087,4041
12179,4130
12279,4223
12368,4313
12466,4404
12563,4495
12659,4585
12752,4678
12850,4762
12940,4850
13033,4936
13130,5029
13229,5113
13322,5203
13415,5289
13513,5377
13607,5463
13703,5550
13797,5636
13897,5716
13989,5802
14083,5887
14181,5973
14274,6057
14366,6141
14463,6229
14563,6313
14654,6397
14745,6487
14839,6573
14934,6657
15030,6742
15126,6830
15219,6915
15310,7001
15406,7085
15499,7175
15589,7263
15689,7356
15784,7444
15873,7534
15963,7622
16060,7708
16150,7800
16239,7888
16333,7973
41,8067
138,8154
232,8243
325,8333
413,8429
510,8517
600,8611
693,8702
797,8791
888,8883
978,8975
1074,9066
1166,9159
1266,9248
1363,9340
1462,9429
1552,9522
1646,9613
1747,9700
1843,9789
1933,9877
2032,9972
2128,10062
2224,10158
2325,10250
2425,10342
2514,10430
2609,10521
2710,10621
2805,10709
2899,10802
2998,10900
3093,10994
3186,11085
3277,11180
3378,11273
3470,11370
3569,11464
3665,11556
3757,11652
3850,11744
3946,11842
4037,11933
4131,12023
4224,12116
4323,12209
4413,12304
4505,12396
4596,12490
4694,12586
4791,12679
4890,12778
4981,12869
5077,12957
5168,13052
5268,13143
5356,13231
5454,13324
5548,13417
5639,13505
5732,13596
5826,13687
5922,13776
6014,13865
6106,13952
6198,14045
6285,14130
6385,14220
6477,14306
6564,14395
6658,14487
6751,14575
6849,14661
6937,14751
7021,14841
7117,14930
7213,15022
7306,15115
7397,15199
7490,15289
7581,15382
7671,15477
7765,15566
7856,15660
7942,15748
8034,15841
8123,15935
8217,16029
8313,16113
8404,16202
8495,16297
8588,1
8678,93
8774,189
8864,280
8955,370
9054,459
9155,550
9242,642
9339,736
9435,822
9531,915
9623,1006
9715,1099
9815,1188
9911,1280
10005,1375
10101,1465
10196,1548
10294,1641
10389,1732
10479,1818
10581,1909
10675,2004
10767,2092
10867,2185
10960,2274
11056,2367
11150,2454
11248,2546
11348,2638
11442,2732
11532,2824
11628,2918
11720,3011
11822,3103
11915,3201
12008,3294
12098,3389
12199,3484
12288,3574
12380,3670
12480,3763
12575,3852
12675,3941
12765,4037
12862,4133
12958,4226
13051,4319
13145,4416
13245,4507
13343,4601
13433,4697
13532,4790
13621,4882
13717,4976
13819,5070
13915,5156
14010,5249
14108,5338
14204,5434
14298,5527
14395,5614
14489,5707
14581,5795
14672,5887
14768,5977
14865,6069
14966,6158
15059,6256
15150,6343
15248,6438
15341,6526
15432,6618
15528,6707
15618,6801
15720,6895
15814,6990
15904,7076
15998,7168
16091,7268
16188,7358
16280,7450
16371,7548
82,7642
178,7736
270,7829
367,7922
460,8015
559,8110
652,8198
746,8295
841,8387
938,8484
1034,8580
1128,8673
1230,8765
1320,8857
1418,8952
1516,9043
1614,9142
1716,9233
1808,9324
1909,9415
2005,9511
2107,9602
2201,9693
2300,9787
2391,9883
2486,9974
2586,10066
2689,10159
2786,10250
2883,10346
2984,10434
3075,10525
3174,10617
3272,10717
3364,10806
3465,10900
3562,10992
3655,11089
3749,11183
3842,11280
3940,11370
4038,11466
4132,11559
4231,11657
4332,11748
4431,11846
4520,11943
4614,12030
4710,12126
4804,12220
4904,12317
5003,12407
5099,12504
5191,12595
5287,12692
5381,12786
5484,12879
5578,12969
5680,13060
5779,13154
5866,13249
5970,13339
6061,13433
6163,13523
6259,13612
6354,13706
6449,13792
6545,13886
6637,13978
6733,14068
6829,14157
6926,14244
7018,14332
7115,14422
7207,14510
7299,14605
7392,14692
7486,14785
7585,14873
7685,14964
7775,15058
7863,15145
7957,15238
8048,15326
8143,15419
8230,15509
8334,15600
8425,15691
8516,15787
8609,15875
8703,15970
8797,16058
8891,16149
8988,16242
9084,16334
9178,38
9268,130
9366,225
9460,317
9559,414
9651,503
9750,593
9846,685
9944,778
10035,868
10128,959
10221,1048
10317,1138
10410,1233
10508,1318
10602,1411
10695,1499
10787,1589
10881,1676
10974,1765
11073,1857
11165,1947
11257,2041
11353,2127
11448,2216
11540,2307
11635,2395
11728,2483
11822,2580
11918,2671
12007,2763
12100,2849
12190,2940
12284,3035
12377,3128
12468,3220
12564,3309
12663,3405
12755,3497
12844,3591
12936,3686
13032,3774
13127,3863
13220,3954
13314,4048
13412,4144
13506,4240
13601,4327
13696,4427
13787,4515
13884,4605
13976,4695
14075,4794
14169,4881
14260,4974
14355,5069
14447,5157
14545,5248
14639,5338
14731,5431
14824,5522
14921,5610
15017,5697
15108,5785
15200,5877
15296,5968
15388,6058
15483,6147
15574,6236
15672,6326
15768,6414
15855,6500
15951,6594
16042,6684
16133,6776
16221,6868
16316,6962
22,7054
114,7144
211,7234
303,7327
395,7416
485,7510
583,7603
675,7696
769,7786
865,7878
958,7966
1050,8058
1148,8150
1241,8240
1333,8330
1433,8423
1526,8514
1619,8604
1714,8693
1804,8786
1906,8885
1996,8973
2094,9056
2188,9147
2285,9239
2376,9333
2463,9421
2566,9512
2658,9601
2749,9692
2844,9781
2937,9872
3033,9958
3131,10048
3221,10135
3313,10228
3406,10319
3496,10401
3594,10490
3686,10587
3781,10672
3869,10766
3958,10855
4052,10941
4152,11030
4241,11125
4333,11219
4422,11308
4516,11401
4610,11497
4706,11586
4801,11681
4894,11768
4985,11864
5082,11956
5178,12041
5276,12133
5368,12224
5456,12316
5559,12408
5649,12503
5743,12595
5837,12691
5929,12779
6022,12872
6119,12964
6212,13055
6309,13146
6403,13235
6496,13325
6591,13422
6689,13510
6782,13600
6872,13688
6971,13779
7064,13870
7159,13958
7251,14049
7340,14143
7438,14229
7535,14321
7631,14410
7722,14499
7811,14593
7902,14679
7995,14774
8094,14864
8185,14955
8280,15043
8372,15138
8469,15229
8564,15320
8655,15415
8754,15511
8846,15601
8940,15695
9033,15787
9130,15879
9230,15972
9326,16063
9417,16157
9512,16247
9609,16344
9705,53
9802,148
9896,240
9994,331
10091,425
10181,518
10278,608
10374,703
10472,794
10570,884
10665,978
10758,1068
10848,1161
10945,1255
11040,1343
11135,1434
11227,1529
11318,1616
11418,1705
11514,1793
11605,1891
11703,1981
11796,2071
11892,2157
11984,2248
12076,2341
12175,2430
12266,2528
12359,2614
12451,2711
12547,2803
12636,2897
12737,2984
12838,3076
12929,3170
13028,3265
13117,3361
13211,3455
13304,3546
13406,3638
13502,3734
13597,3827
13693,3919
13792,4014
13885,4107
13983,4201
14077,4296
14179,4387
14274,4484
14371,4576
14464,4669
14560,4762
14667,4854
14756,4951
14851,5043
14948,5134
15049,5226
15149,5323
15241,5416
15342,5506
15441,5599
15537,5698
15632,5787
15731,5876
15823,5966
15924,6062
16016,6153
16109,6243
16203,6340
16298,6436
7,6524
109,6617
206,6709
304,6805
404,6897
498,6995
599,7088
692,7183
793,7285
890,7382
986,7471
1085,7564
1188,7665
1289,7761
1390,7851
1489,7947
1582,8042
1677,8137
1774,8230
1871,8328
1972,8427
2071,8521
2169,8616
2266,8706
2361,8808
2463,8896
2561,8991
2657,9087
2752,9180
2852,9269
2942,9363
3044,9457
3139,9555
3233,9643
3335,9734
3429,9828
3524,9919
3621,10014
3715,10104
3811,10195
3900,10287
3997,10377
4091,10468
4187,10561
4274,10652
4377,10742
4470,10840
4565,10928
4659,11020
4749,11112
4850,11205
4944,11298
5041,11391
5135,11481
5237,11580
5330,11668
5423,11766
5521,11857
5615,11949
5711,12042
5806,12132
5898,12222
5998,12318
6091,12410
6188,12508
6280,12599
6374,12693
6477,12782
6568,12878
6660,12973
6754,13062
6851,13152
6948,13245
7042,13336
7136,13426
7238,13519
7325,13609
7423,13703
7517,13795
7610,13885
7708,13972
7801,14063
7890,14152
7982,14245
8079,14339
8169,14426
8261,14517
8356,14604
8454,14697
8549,14789
8642,14884
8739,14973
8840,15066
8933,15159
9025,15248
9124,15343
9220,15438
9312,15529
9407,15621
9504,15715
9602,15806
9694,15899
9790,15990
9890,16084
9983,16175
10082,16269
10180,16362
10269,71
10370,167
10462,258
10555,349
10651,440
10747,534
10840,629
10933,721
11027,814
11125,901
11211,993
11310,1082
11407,1173
11503,1266
11598,1354
11693,1445
11782,1534
11875,1624
11970,1713
12058,1801
12149,1892
12241,1984
12331,2074
12427,2165
12525,2255
12616,2346
12709,2436
12803,2528
12899,2614
12990,2708
13087,2794
13177,2887
13274,2982
13365,3074
13458,3166
13555,3260
13652,3349
13737,3443
13834,3535
13933,3627
14024,3720
14119,3809
14211,3896
14303,3986
14395,4079
14493,4171
14592,4266
14680,4358
14772,4448
14867,4543
14961,4634
15051,4719
15151,4809
15240,4903
15333,4997
15425,5082
15521,5179
15615,5271
15709,5357
15803,5448
15895,5535
15985,5625
16077,5715
16168,5808
16262,5892
16356,5986
60,6072
152,6160
247,6247
337,6336
431,6426
523,6515
618,6606
711,6699
814,6790
906,6878
994,6969
1090,7055
1184,7146
1277,7238
1372,7332
1471,7422
1561,7514
1656,7608
1744,7696
1838,7788
1934,7878
2030,7967
2124,8063
2213,8150
2310,8242
2408,8335
2502,8424
2595,8519
2688,8603
2782,8696
2880,8786
2973,8879
3069,8969
3159,9064
3252,9152
3343,9239
3441,9329
3530,9420
3622,9512
3720,9597
3803,9688
3893,9778
3991,9865
4083,9951
4173,10048
4267,10136
4359,10222
4452,10312
4542,10399
4638,10490
4731,10577
4824,10666
4921,10757
5012,10846
5102,10946
5198,11031
5296,11122
5393,11214
5486,11308
5575,11400
5668,11488
5766,11583
5862,11678
5953,11766
6048,11862
6145,11954
6237,12037
6330,12126
6424,12221
6519,12315
6611,12402
6706,12499
6801,12596
6899,12684
6989,12776
7085,12867
7177,12957
7270,13051
7360,13145
7456,13238
7552,13327
7648,13415
7744,13507
7837,13601
7925,13690
8016,13781
8109,13869
8201,13960
8296,14052
8392,14141
8484,14231
8575,14321
8669,14412
8768,14502
8856,14592
8957,14685
9052,14778
9146,14868
9248,14964
9344,15050
9439,15143
9526,15237
9630,15328
9728,15426
9816,15517
9913,15613
10011,15705
10114,15801
10207,15893
10302,15987
10397,16078
10494,16170
10585,16264
10684,16357
10784,68
10876,163
10972,258
11069,348
11163,443
11260,538
11357,630
11448,728
11542,826
11639,915
11732,1008
11830,1098
11929,1192
12025,1283
12114,1378
12208,1469
12306,1560
12397,1650
12495,1741
12592,1834
12693,1926
12787,2022
12884,2111
12980,2207
13074,2296
13169,2393
13271,2479
13370,2573
13470,2667
13564,2763
13659,2856
13755,2954
13854,3048
13954,3143
14053,3233
14152,3329
14248,3424
14348,3520
14443,3609
14545,3703
14635,3797
14732,3888
14829,3983
14929,4076
15028,4172
15122,4267
15218,4364
15313,4455
15407,4555
15509,4650
15609,4741
15704,4836
15801,4929
15899,5019
15988,5117
16088,5208
16181,5304
16275,5395
16371,5487
87,5576
178,5668
274,5761
374,5854
468,5947
563,6038
661,6127
756,6222
849,6314
950,6402
1042,6490
1137,6588
1230,6683
1329,6776
1423,6869
1522,6958
1621,7048
1715,7144
1808,7237
1906,7333
2001,7422
2098,7518
2196,7613
2285,7708
2384,7798
2478,7889
2570,7981
2669,8074
2763,8170
2862,8261
2957,8354
3047,8446
3138,8538
3232,8634
3329,8726
3426,8815
3518,8908
3619,9001
3712,9095
3800,9187
3891,9278
3983,9368
4081,9459
4169,9553
4264,9645
4354,9734
4451,9823
4545,9907
4645,9998
4738,10093
4834,10186
4930,10274
5024,10362
5120,10455
5213,10547
5310,10637
5400,10727
5500,10820
5596,10912
5693,11005
5789,11098
5886,11190
5976,11282
6074,11371
6166,11463
6266,11557
6364,11649
6462,11744
6554,11844
6647,11930
6746,12021
6843,12111
6938,12204
7030,12298
7128,12393
7223,12486
7320,12582
7413,12666
7507,12761
7601,12854
7698,12946
7791,13041
7883,13133
7979,13228
8069,13316
8164,13409
8258,13499
8353,13585
8443,13678
8542,13770
8637,13860
8736,13947
8825,14038
8922,14126
9019,14215
9112,14312
9212,14395
9304,14485
9398,14575
9492,14667
9586,14754
9686,14848
9779,14938
9872,15028
9969,15120
10064,15205
10155,15300
10252,15390
10346,15482
10443,15575
10536,15668
10633,15758
10726,15854
10819,15946
10913,16037
11007,16127
11104,16218
11194,16310
11291,19
11382,107
11473,199
11568,293
11662,380
11754,475
11850,567
11942,661
12028,751
12118,836
12209,932
12303,1024
12398,1110
12487,1199
12582,1294
12680,1382
12770,1474
12866,1562
12958,1650
13053,1742
13145,1837
13237,1925
13329,2015
13429,2104
13521,2193
13618,2284
13708,2370
13803,2463
13902,2558
13997,2649
14095,2739
14185,2828
14288,2920
14375,3013
14474,3107
14573,3199
14662,3293
14754,3381
14852,3473
14952,3570
15043,3665
15139,3756
15232,3849
15321,3939
15426,4028
15517,4124
15614,4216
15705,4310
15800,4403
15899,4496
15994,4586
16087,4683
16180,4778
16272,4865
16360,4963
73,5053
168,5142
266,5234
360,5326
453,5417
550,5505
648,5599
741,5687
834,5780
930,5865
1027,5958
1124,6050
1219,6142
1317,6231
1415,6323
1505,6411
1605,6499
1697,6595
1791,6690
1886,6782
1981,6870
2079,6963
2173,7051
2266,7143
2364,7235
2464,7326
2558,7422
2658,7515
2755,7608
2846,7702
2937,7795
3033,7888
3126,7977
3224,8068
3316,8161
3407,8257
3505,8349
3602,8442
3693,8535
3782,8630
3880,8722
3970,8814
4063,8907
4161,8996
4255,9090
4350,9182
4442,9276
4541,9365
4632,9462
4731,9551
4822,9643
4917,9738
5016,9826
5108,9918
5207,10009
5304,10101
5403,10192
5495,10287
5597,10377
5689,10465
5784,10558
5880,10654
5978,10744
6076,10837
6171,10932
6269,11033
6367,11123
6460,11214
6563,11312
6659,11405
6751,11499
6857,11594
6953,11689
7049,11787
7144,11881
7235,11977
7337,12069
7436,12166
7535,12264
7631,12358
7726,12454
7823,12551
7922,12645
8014,12741
8114,12836
8204,12932
8302,13030
8398,13121
8500,13219
8597,13310
8692,13402
8791,13497
8893,13591
8986,13682
9084,13780
9179,13873
9281,13968
9384,14058
9481,14152
9577,14242
9674,14333
9777,14431
9874,14523
9974,14614
10073,14706
10166,14801
10263,14897
10365,14992
10462,15085
10559,15179
10658,15274
10757,15373
10850,15468
10953,15562
11053,15659
11142,15750
11241,15846
11337,15941
11438,16037
11533,16132
11631,16224
11728,16318
11820,29
11915,123
12007,218
12096,314
12198,410
12292,505
12385,594
12481,690
12576,783
12668,878
12770,971
12867,1065
12962,1160
13055,1251
13153,1338
13249,1430
13345,1526
13433,1616
13535,1705
13635,1797
13729,1889
13826,1980
13920,2070
14019,2163
14114,2255
14206,2347
14303,2436
14401,2527
14497,2623
14599,2717
14692,2807
14787,2899
14880,2993
14974,3083
15071,3176
15166,3269
15259,3363
15355,3454
15451,3547
15544,3643
15641,3734
15736,3825
15826,3914
15916,4004
16021,4098
16111,4193
16199,4289
16295,4379
3,4470
95,4561
187,4649
285,4742
381,4837
476,4925
569,5019
667,5111
759,5205
853,5293
949,5381
1046,5466
1137,5558
1234,5650
1332,5736
1417,5829
1515,5917
1611,6009
1706,6100
1800,6188
1898,6275
1994,6368
2092,6455
2178,6547
2270,6635
2368,6729
2465,6815
2556,6907
2653,6996
2745,7086
2838,7179
2937,7275
3026,7366
3121,7459
3216,7549
3305,7639
3399,7734
3496,7828
3588,7919
3684,8006
3773,8101
3863,8190
3951,8285
4042,8377
4134,8467
4227,8562
4320,8654
4419,8742
4510,8836
4601,8928
4696,9021
4790,9108
4880,9202
4977,9294
5070,9385
5164,9472
5256,9563
5351,9653
5440,9745
5537,9833
5628,9921
5725,10009
5816,10099
5911,10193
6006,10277
6102,10368
6198,10461
6290,10546
6384,10639
6476,10733
6569,10817
6663,10909
6760,11001
6855,11094
6950,11178
7046,11273
7140,11364
7233,11454
7323,11547
7417,11642
7511,11728
7601,11826
7694,11913
7788,12004
7882,12090
7972,12180
8062,12277
8153,12366
8252,12458
8342,12547
8436,12639
8527,12731
8622,12820
8713,12913
8809,13004
8898,13091
8990,13185
9089,13274
9182,13363
9277,13452
9368,13544
9462,13632
9554,13720
9652,13808
9743,13897
9841,13985
9933,14073
10027,14161
10119,14250
10212,14337
10308,14426
10400,14513
10495,14604
10588,14690
10679,14780
10771,14870
10866,14959
10958,15046
11053,15138
11145,15226
11235,15318
11327,15407
11424,15499
11516,15590
11610,15683
11699,15771
11792,15866
11882,15959
11977,16048
12063,16136
12157,16227
12246,16321
12339,23
12431,119
12522,210
12614,304
12709,395
12807,486
12898,578
12987,675
13082,762
13182,854
13278,944
13372,1037
13464,1125
13556,1213
13654,1304
13750,1397
13842,1486
13932,1576
14027,1666
14123,1757
14219,1849
14315,1940
14408,2029
14500,2120
14601,2213
14691,2301
14791,2391
14883,2482
14976,2575
15070,2668
15167,2759
15260,2853
15355,2944
15451,3033
15550,3129
15644,3223
15734,3314
15828,3409
15919,3502
16018,3596
16107,3687
16200,3776
16296,3868
6,3960
98,4054
189,4145
282,4238
380,4333
484,4423
576,4517
666,4607
760,4698
858,4794
952,4886
1045,4978
1149,5071
1242,5160
1332,5251
1427,5342
1524,5430
1621,5522
1718,5611
1810,5703
1913,5793
2007,5884
2101,5971
2198,6069
2295,6156
2386,6245
2486,6336
2581,6426
2677,6520
2773,6612
2867,6702
2960,6795
3059,6888
3156,6980
3251,7071
3344,7166
3440,7262
3535,7355
3631,7446
3728,7544
3817,7640
3914,7733
4005,7830
4101,7921
4197,8018
4294,8115
4396,8206
4491,8300
4587,8396
4682,8492
4784,8585
4879,8682
4976,8778
5077,8875
5174,8968
5271,9064
5370,9162
5467,9254
5566,9345
5664,9438
5765,9535
5859,9628
5961,9721
6055,9816
6156,9912
6256,10005
6352,10095
6451,10190
6548,10281
6649,10373
6745,10467
6842,10566
6942,10656
7043,10754
7141,10847
7239,10941
7334,11035
7432,11127
7526,11222
7628,11316
7722,11411
7820,11508
7914,11604
8005,11699
8104,11794
8196,11892
8298,11982
8395,12070
8491,12165
8584,12262
8677,12356
8779,12451
8874,12548
8975,12641
9068,12732
9162,12830
9257,12921
9353,13011
9454,13107
9551,13198
9640,13288
9733,13381
9834,13472
9934,13562
10032,13657
10126,13749
10220,13835
10318,13928
10415,14018
10509,14104
10604,14193
10700,14288
10793,14378
10894,14474
10984,14560
11082,14649
11175,14739
11268,14832
11364,14923
11455,15014
11553,15105
11643,15198
11744,15291
11838,15384
11930,15475
12020,15568
12116,15660
12211,15756
12301,15850
12392,15944
12494,16036
12583,16129
12679,16223
12776,16313
12872,24
12969,117
13059,213
13155,305
13252,401
13348,494
13443,587
13541,679
13639,772
13737,865
13831,959
13927,1048
14021,1139
14117,1233
14219,1322
14313,1420
14408,1511
14504,1601
14605,1692
14698,1782
14791,1872
14886,1963
14982,2053
15081,2145
15175,2241
15274,2327
15369,2418
15464,2510
15556,2606
15653,2700
15754,2793
15845,2885
15939,2975
16033,3068
16127,3160
16221,3250
16313,3344
24,3443
118,3534
211,3629
302,3724
401,3813
497,3902
596,3995
691,4083
785,4177
883,4273
977,4362
1069,4457
1165,4550
1266,4646
1361,4731
1454,4823
1548,4918
1646,5006
1745,5099
1839,5187
1937,5280
2028,5367
2119,5459
2211,5549
2305,5637
2400,5725
2496,5817
2591,5909
2688,6002
2781,6087
2879,6181
2978,6269
3068,6355
3157,6449
3246,6537
3343,6628
3441,6723
3532,6815
3632,6904
3723,6995
3813,7082
3901,7179
3990,7268
4083,7364
4180,7459
4274,7549
4367,7642
4457,7733
4545,7827
4645,7917
4741,8007
4834,8100
4925,8197
5018,8289
5114,8380
5211,8473
5305,8567
5397,8661
5491,8750
5589,8844
5680,8938
5781,9031
5875,9121
5967,9211
6061,9304
6163,9395
6255,9486
6348,9575
6443,9666
6539,9756
6635,9848
6728,9936
6817,10023
6914,10115
7003,10207
7100,10297
7200,10391
7291,10481
7384,10567
7483,10659
7573,10751
7665,10841
7758,10930
7851,11023
7943,11114
8034,11204
8129,11296
8223,11384
8319,11482
8405,11572
8508,11663
8597,11756
8692,11850
8784,11943
8878,12032
8975,12119
9074,12211
9164,12304
9260,12395
9354,12488
9452,12577
9545,12668
9639,12759
9734,12853
9834,12940
9923,13032
10016,13125
10111,13218
10207,13308
10302,13398
10399,13489
10493,13577
10588,13664
10680,13759
10778,13846
10873,13935
10965,14025
11062,14113
11158,14204
11247,14292
11345,14383
11435,14471
11532,14559
11620,14648
11718,14738
11814,14832
11909,14926
11999,15015
12088,15108
12182,15199
12270,15287
12360,15381
12455,15470
12554,15563
12647,15656
12742,15749
12837,15846
12934,15940
13030,16033
13119,16123
13215,16214
13308,16308
13404,15
13495,104
13592,203
13683,293
13784,392
13878,487
13976,578
14070,670
14163,759
14256,852
14352,945
14450,1039
14546,1130
14645,1224
14739,1317
14831,1408
14932,1497
15027,1587
15123,1677
15209,1770
15309,1863
15404,1956
15502,2043
15599,2136
15698,2227
15795,2320
15886,2412
15980,2507
16070,2598
16167,2695
16256,2784
16351,2878
64,2972
162,3064
258,3154
357,3252
447,3347
546,3439
645,3534
737,3635
831,3728
929,3819
1029,3905
1119,4001
1217,4101
1310,4197
1411,4289
1513,4379
1613,4473
1707,4564
1803,4662
1902,4759
1999,4849
2093,4942
2190,5037
2286,5130
2382,5228
2481,5317
2580,5412
2674,5504
2769,5591
2867,5686
2962,5776
3059,5867
3155,5959
3255,6054
3353,6148
3452,6238
3545,6330
3637,6423
3732,6515
3831,6608
3920,6700
4018,6797
4111,6889
4204,6985
4301,7077
4398,7172
4497,7262
4592,7358
4689,7455
4785,7548
4876,7640
4974,7739
5070,7830
5170,7925
5266,8019
5361,8113
5461,8206
5553,8302
5651,8398
5748,8492
5846,8583
5938,8678
6033,8773
6131,8865
6226,8958
6324,9051
6421,9140
6519,9234
6612,9321
6703,9412
6802,9503
6892,9593
6989,9682
7084,9780
7178,9866
7275,9956
7368,10048
7461,10136
7554,10225
7646,10314
7744,10406
7835,10500
7922,10586
8016,10681
8113,10766
8202,10858
8298,10948
8395,11041
8485,11132
8578,11222
8669,11314
8760,11409
8857,11502
8949,11594
9049,11683
9139,11774
9233,11872
9331,11959
9424,12046
9517,12138
9609,12231
9707,12322
9797,12413
9893,12508
9990,12598
10079,12693
10177,12786
10272,12877
10367,12965
10465,13059
10557,13149
10649,13241
10744,13333
10838,13427
10933,13513
11023,13605
11121,13698
11218,13789
11311,13877
11406,13967
11497,14054
11594,14149
11689,14236
11786,14328
11880,14418
11972,14507
12061,14599
12158,14693
12248,14783
12343,14881
12440,14972
12532,15062
12628,15156
12722,15246
12817,15339
12917,15434
13011,15523
13102,15616
13195,15711
13296,15809
13390,15903
13485,15993
13581,16083
13677,16175
13772,16273
13867,16365
13964,71
14062,167
14163,259
14248,357
14344,448
14438,541
14535,629
14630,720
14723,813
14819,903
14915,996
15007,1087
15102,1179
15196,1270
15290,1362
15387,1452
15477,1543
15573,1634
15668,1721
15758,1810
15853,1898
15944,1987
16038,2078
16130,2168
16229,2258
16314,2348
21,2439
115,2532
207,2620
301,2715
398,2802
492,2890
581,2984
678,3075
771,3165
869,3258
958,3355
1048,3446
1144,3533
1239,3627
1335,3717
1427,3810
1519,3902
1620,3986
1710,4084
1811,4173
1904,4268
1995,4360
2090,4451
2181,4541
2278,4633
2378,4722
2471,4816
2564,4902
2658,4993
2754,5085
2851,5179
2943,5266
3037,5356
3129,5448
3221,5536
3315,5627
3414,5718
3510,5809
3601,5898
3698,5987
3789,6076
3884,6164
3972,6255
4068,6346
4156,6437
4255,6530
4350,6618
4446,6709
4540,6801
4637,6892
4732,6985
4822,7079
4922,7169
5017,7261
5115,7359
5210,7451
5308,7544
5402,7637
5501,7729
5593,7825
5692,7914
5783,8007
5880,8101
5980,8191
6072,8291
6165,8384
6263,8470
6357,8566
6451,8660
6550,8753
6640,8848
6734,8935
6833,9030
6926,9122
7021,9214
7118,9305
7216,9392
7311,9488
7404,9578
7502,9670
7595,9760
7690,9849
7781,9945
7874,10033
7971,10121
8058,10211
8153,10301
8245,10395
8344,10485
8436,10575
8533,10669
8625,10761
8715,10850
8813,10940
8907,11035
9001,11126
9095,11218
9195,11312
9289,11404
9384,11498
9479,11590
9579,11685
9677,11781
9769,11874
9860,11963
9956,12052
10054,12149
10149,12244
10246,12335
10343,12428
10437,12522
10535,12616
10635,12709
10726,12801
10827,12898
10920,12989
11018,13079
11114,13173
11208,13267
11301,13362
11401,13453
11498,13544
11591,13637
11691,13729
11786,13821
11881,13916
11975,14011
12069,14099
12168,14192
12261,14284
12354,14373
12454,14469
12554,14565
12644,14657
12746,14749
12843,14840
12939,14936
13036,15030
13128,15122
13229,15215
13333,15314
13431,15414
13524,15507
13622,15601
13729,15697
13826,15796
13921,15890
14019,15984
14116,16079
14214,16178
14319,16272
14412,16368
14513,81
14613,175
14713,276
14809,366
14907,466
15006,561
15108,655
15203,748
15297,846
15398,942
15502,1036
15595,1128
15692,1221
15794,1318
15890,1414
15989,1508
16082,1599
16172,1693
16270,1784
16371,1877
83,1968
179,2063
272,2160
371,2252
471,2340
567,2433
665,2523
763,2621
860,2710
961,2807
1060,2900
1158,2994
1254,3088
1347,3181
1447,3276
1541,3370
1637,3469
1735,3566
1834,3661
1935,3755
2029,3849
2129,3941
2221,4032
2319,4127
2415,4222
2514,4316
2610,4409
2705,4504
2800,4599
2898,4693
2991,4785
3090,4879
3186,4974
3279,5062
3370,5158
3466,5251
3556,5342
3652,5435
3751,5524
3842,5616
3933,5704
4027,5797
4122,5890
4217,5981
4307,6070
4403,6161
4502,6249
4596,6342
4686,6430
4783,6522
4877,6613
4976,6708
5072,6799
5164,6894
5261,6984
5354,7076
5451,7171
5542,7261
5632,7356
5731,7450
5832,7546
5926,7637
6020,7732
6114,7825
6214,7914
6305,8003
6403,8095
6491,8188
6588,8285
6686,8377
6778,8473
6876,8562
6975,8651
7066,8749
7165,8841
7256,8935
7352,9025
7441,9121
7537,9211
7634,9302
7729,9394
7821,9480
7912,9573
8007,9659
8100,9755
8188,9844
8287,9930
8384,10023
8474,10113
8569,10203
8663,10292
8757,10383
8850,10472
8948,10565
9044,10653
9137,10747
9234,10842
9329,10928
9427,11024
9521,11118
9618,11206
9712,11296
9806,11387
9900,11480
9993,11573
10086,11666
10181,11759
10279,11851
10376,11942
10469,12033
10563,12123
10663,12213
10757,12306
10849,12398
10941,12489
11040,12583
11130,12677
11222,12768
11318,12857
11414,12951
11510,13040
11598,13132
11691,13224
11784,13316
11877,13404
11972,13492
12058,13580
12149,13671
12247,13761
12342,13850
12435,13938
12524,14028
12616,14114
12708,14207
12803,14295
12900,14383
12993,14471
13091,14562
13179,14650
13277,14740
13370,14831
13463,14918
13554,15008
13648,15101
13744,15193
13837,15285
13930,15373
14027,15459
14126,15549
14215,15644
14309,15736
14402,15825
14494,15917
14587,16006
14678,16093
14775,16182
14868,16277
14960,16373
15052,78
15145,169
15245,261
15334,352
15425,441
15520,533
15607,623
15699,711
15793,803
15884,893
15974,983
16066,1073
16155,1159
16247,1246
16339,1338
47,1427
136,1516
231,1605
324,1695
414,1784
504,1876
601,1961
696,2050
788,2139
882,2228
975,2318
1066,2406
1161,2497
1255,2586
1346,2674
1443,2767
1537,2861
1633,2953
1723,3039
1818,3132
1909,3226
2006,3319
2098,3406
2194,3500
2287,3594
2386,3682
2479,3774
2569,3862
2662,3957
2760,4045
2853,4137
2946,4233
3043,4327
3135,4420
3230,4509
3320,4601
3415,4691
3509,4784
3605,4874
3696,4966
3789,5056
3880,5144
3980,5239
4068,5329
4166,5415
4257,5506
4350,5596
4447,5687
4539,5776
4631,5861
4726,5952
4824,6039
4922,6133
5019,6220
5113,6309
5208,6399
5300,6489
5390,6577
5489,6668
5586,6764
5682,6853
5771,6942
5874,7031
5964,7123
6062,7217
6154,7305
6250,7393
6344,7489
6435,7580
6533,7675
6626,7765
6720,7858
6816,7948
6914,8038
7006,8128
7100,8220
7190,8314
7288,8403
7381,8498
7477,8589
7568,8681
7659,8772
7760,8863
7853,8957
7942,9049
8032,9138
8124,9231
8219,9324
8310,9411
8405,9503
8498,9599
8597,9687
8692,9772
8789,9867
8877,9958
8971,10047
9069,10139
9165,10229
9259,10320
9358,10410
9453,10505
9555,10598
9649,10696
9745,10787
9845,10881
9940,10974
10039,11065
10136,11161
10231,11255
10323,11352
10426,11446
10524,11542
10619,11639
10715,11735
10816,11834
10913,11929
11010,12017
11110,12107
11203,12202
11306,12298
11405,12401
11500,12496
11600,12592
11695,12686
11786,12783
11887,12878
11987,12976
12077,13070
12176,13169
12270,13258
12369,13353
12464,13448
12564,13543
12659,13638
12761,13729
12857,13821
12951,13917
13049,14008
13146,14100
13245,14196
13341,14285
13436,14375
13536,14467
13631,14561
13728,14654
13831,14744
13921,14840
14020,14934
14120,15026
14216,15117
14308,15212
14406,15308
14504,15401
14601,15492
14696,15585
14792,15677
14888,15773
14984,15868
15081,15961
15174,16053
15269,16145
15365,16235
15457,16328
15552,39
15649,132
15737,222
15834,312
15924,405
16020,497
16109,587
16204,681
16299,770
6,866
97,955
197,1051
284,1134
377,1232
476,1321
566,1412
662,1501
758,1589
852,1680
945,1773
1038,1868
1136,1953
1233,2042
1325,2130
1422,2221
1516,2313
1611,2405
1704,2494
1805,2585
1899,2680
1996,2772
2087,2864
2177,2955
2279,3047
2377,3140
2470,3239
2566,3331
2661,3420
2761,3519
2855,3612
2948,3707
3045,3796
3138,3890
3235,3979
3329,4078
3425,4174
3520,4269
3614,4360
3705,4448
3801,4547
3894,4641
3991,4736
4086,4826
4177,4917
4270,5015
4365,5107
4460,5197
4557,5289
4654,5383
4750,5476
4840,5567
4936,5651
5032,5746
5128,5834
5223,5921
5319,6015
5416,6110
5506,6199
5606,6289
5702,6379
5800,6472
5893,6560
5985,6654
6081,6746
6178,6835
6272,6929
6368,7018
6462,7111
6555,7203
6654,7295
6747,7385
6841,7479
6933,7573
7030,7664
7115,7759
7212,7854
7309,7943
7403,8033
7499,8127
7589,8218
7682,8310
7774,8402
7869,8496
7958,8587
8049,8680
8139,8766
8228,8862
8323,8952
8419,9041
8508,9132
8599,9221
8695,9308
8787,9405
8882,9491
8977,9583
9073,9672
9163,9759
9258,9849
9353,9939
9446,10030
9539,10113
9635,10205
9728,10295
9823,10388
9913,10479
10011,10567
10104,10654
10205,10748
10296,10836
10393,10928
10484,11021
10583,11109
10676,11205
10771,11298
10868,11388
10963,11480
11053,11572
11152,11669
11245,11762
11341,11855
11436,11949
11528,12038
11622,12126
11718,12220
11813,12310
11907,12401
12000,12497
12091,12593
12183,12684
12275,12778
12368,12869
12462,12962
12560,13052
12654,13142
12750,13236
12843,13328
12933,13419
13030,13504
13127,13596
13219,13693
13313,13781
13413,13873
13503,13960
13601,14050
13698,14138
13789,14231
13885,14317
13980,14408
14072,14499
14171,14587
14272,14676
14364,14769
14454,14863
14553,14953
14646,15042
14742,15135
14836,15224
14928,15313
15026,15410
15117,15499
15212,15590
15305,15685
15398,15777
15496,15870
15588,15963
15681,16058
15776,16146
15869,16237
15965,16329
16059,40
16149,131
16236,228
16332,314
39,406
129,503
224,596
321,682
419,781
516,872
608,960
700,1051
796,1145
891,1230
983,1324
1079,1415
1175,1504
1269,1597
1368,1684
1464,1777
1557,1872
1655,1963
1754,2050
1849,2137
1942,2232
2040,2326
2134,2414
2235,2508
2328,2600
2421,2693
2521,2784
2615,2878
2710,2973
2807,3064
2903,3160
2998,3251
3094,3346
3189,3445
3282,3535
3379,3628
3478,3723
3573,3814
3666,3908
3767,3996
3856,4093
3952,4186
4045,4281
4136,4378
4237,4474
4329,4566
4427,4658
4522,4752
4623,4846
4719,4939
4811,5034
4910,5127
5002,5221
5102,5309
5197,5403
5297,5495
5396,5585
5491,5678
5587,5773
5682,5862
5779,5952
5875,6043
5973,6136
6067,6223
6164,6317
6265,6408
6366,6501
6460,6594
6555,6684
6647,6777
6750,6869
6849,6967
6943,7057
7040,7157
7133,7254
7236,7346
7332,7439
7422,7533
7522,7626
7619,7724
7714,7821
7807,7913
7899,8003
7999,8095
8092,8190
8184,8286
8279,8379
8378,8476
8475,8570
8574,8667
8672,8758
8769,8855
8863,8952
8958,9046
9055,9135
9156,9230
9255,9324
9349,9416
9447,9507
9539,9600
9639,9694
9740,9787
9836,9877
9933,9971
10031,10062
10130,10157
10225,10248
10319,10339
10413,10430
10514,10522
10610,10612
10703,10709
10798,10801
10901,10896
10999,10988
11092,11081
11191,11170
11288,11268
11387,11359
11480,11455
11570,11550
11665,11647
11767,11738
11861,11833
11952,11925
12043,12019
12137,12108
12232,12199
12327,12293
12415,12390
12513,12484
12606,12576
12705,12667
12799,12759
12887,12850
12985,12942
13081,13032
13177,13125
13270,13217
13361,13310
13454,13402
13554,13488
13647,13577
13741,13667
13838,13757
13928,13850
14020,13934
14118,14024
14213,14113
14307,14202
14401,14290
14488,14378
14587,14468
14685,14558
14773,14646
14869,14735
14967,14825
15053,14918
15142,15005
15241,15098
15333,15191
15426,15279
15522,15367
15614,15454
15706,15546
15796,15641
15885,15738
15981,15828
16072,15914
16161,16009
16251,16100
16345,16186
52,16278
149,16371
241,78
337,171
429,263
521,355
617,448
708,533
806,626
903,719
997,810
1094,905
1183,992
1277,1083
1369,1172
1466,1261
1562,1355
1654,1447
1754,1534
1845,1624
1941,1714
2038,1801
2130,1891
2230,1983
2324,2074
2417,2164
2507,2253
2603,2341
2699,2433
2792,2524
2891,2614
2981,2710
3071,2798
3173,2891
3265,2982
3355,3076
3451,3168
3544,3261
3642,3355
3736,3449
3821,3535
3915,3628
4009,3723
4101,3811
4194,3901
4287,3992
4379,4089
4475,4177
4566,4272
4658,4365
4750,4457
4843,4550
4942,4642
5033,4734
5127,4819
5220,4911
5315,5000
5411,5088
5503,5180
5593,5268
5683,5359
5787,5450
5876,5537
5977,5628
6064,5714
6151,5801
6244,5891
6337,5981
6429,6066
6524,6155
6615,6242
6713,6331
6800,6420
6898,6509
6990,6597
7080,6686
7171,6776
7264,6862
7359,6955
7454,7045
7542,7134
7633,7226
7729,7317
7812,7408
7907,7500
7996,7589
8087,7683
8175,7775
8273,7866
8358,7955
8451,8037
8548,8134
8639,8231
8731,8319
8827,8408
8919,8501
9014,8590
9107,8682
9197,8772
9294,8863
9390,8956
9487,9045
9583,9134
9674,9227
9771,9316
9867,9408
9960,9499
10058,9584
10150,9674
10248,9765
10341,9860
10436,9949
10532,10039
10627,10127
10722,10217
10814,10309
10912,10400
11008,10483
11098,10577
11194,10668
11295,10760
11385,10848
11479,10943
11573,11036
11663,11130
11760,11217
11855,11314
11947,11404
12039,11494
12130,11590
12223,11683
12317,11782
12409,11872
12505,11968
12599,12056
12690,12150
12789,12240
12887,12338
12978,12427
13073,12516
13165,12606
13258,12704
13353,12798
13451,12888
13545,12980
13636,13069
13733,13159
13828,13251
13921,13339
14016,13430
14112,13520
14205,13612
14300,13705
14395,13790
14487,13881
14584,13971
14675,14059
14773,14151
14869,14237
14962,14325
15055,14416
15152,14508
15247,14597
15340,14688
15432,14781
15530,14868
15624,14958
15715,15049
15810,15146
15909,15234
15997,15328
16092,15419
16187,15512
16279,15604
16374,15701
85,15795
183,15887
271,15981
368,16072
468,16166
559,16256
655,16351
750,60
846,157
946,254
1039,346
1141,438
1235,531
1332,628
1431,725
1524,814
1626,907
1724,1000
1821,1094
1914,1184
2010,1280
2111,1375
2210,1467
2310,1556
2408,1648
2507,1743
2605,1838
2702,1935
2798,2023
2894,2119
2995,2207
3094,2300
3192,2396
3280,2488
3379,2581
3478,2675
3575,2771
3675,2864
3771,2962
3866,3060
3956,3156
4054,3247
4145,3347
4245,3444
4348,3538
4442,3636
4539,3729
4637,3823
4734,3918
4829,4015
4930,4115
5031,4209
5126,4301
5224,4394
5321,4494
5420,4590
5511,4683
5611,4776
5704,4872
5800,4965
5899,5058
5994,5148
6090,5241
6192,5334
6291,5430
6383,5523
6480,5615
6577,5706
6674,5797
6770,5888
6860,5979
6957,6068
7053,6162
7152,6251
7246,6342
7344,6436
7439,6528
7534,6621
7626,6714
7725,6806
7818,6902
7909,6986
7996,7081
8094,7174
8186,7266
8287,7360
8378,7452
8472,7546
8569,7638
8661,7732
8756,7824
8853,7916
8945,8007
9038,8100
9138,8195
9235,8286
9330,8381
9432,8472
9519,8567
9616,8661
9713,8750
9806,8844
9901,8931
10004,9025
10099,9115
10193,9204
10292,9302
10384,9392
10486,9482
10579,9577
10677,9664
10773,9754
10870,9844
10963,9931
11057,10024
11151,10117
11245,10211
11345,10300
11444,10387
11536,10476
11633,10571
11723,10661
11817,10752
11908,10844
12000,10938
12093,11033
12187,11123
12283,11218
12377,11310
12473,11405
12567,11500
12660,11593
12757,11691
12853,11782
12946,11876
13041,11964
13135,12057
13232,12149
13324,12245
13422,12337
13515,12431
13612,12525
13710,12617
13803,12713
13893,12803
13995,12897
14091,12991
14188,13085
14285,13181
14380,13270
14473,13359
14560,13450
14657,13537
14755,13634
14847,13727
14944,13808
15040,13901
15134,13996
15224,14084
15317,14177
15413,14270
15509,14361
15600,14450
15694,14541
15791,14633
15883,14723
15976,14811
16066,14906
16161,14998
16258,15087
16344,15181
59,15271
150,15366
240,15459
336,15552
430,15643
527,15738
621,15829
714,15923
813,16015
908,16110
999,16194
1093,16288
1188,16381
1283,89
1380,181
1472,278
1568,368
1664,461
1751,555
1852,644
1948,732
2043,827
2140,920
2236,1012
2331,1103
2426,1191
2522,1282
2615,1373
2710,1453
2796,1544
2888,1634
2990,1726
3088,1816
3179,1907
3272,1997
3362,2087
3468,2176
3557,2269
3655,2360
3746,2448
3834,2542
3927,2631
4015,2718
4110,2812
4202,2901
4296,2991
4387,3082
4482,3173
4580,3267
4674,3361
4764,3454
4857,3546
4951,3635
5041,3729
5139,3819
5232,3910
5322,4000
5418,4093
5517,4184
5610,4278
5701,4370
5800,4462
5893,4552
5989,4643
6083,4733
6174,4824
6272,4917
6366,5008
6456,5099
6551,5189
6643,5278
6737,5368
6832,5456
6927,5546
7021,5636
7112,5730
7202,5819
7296,5901
7391,5996
7485,6088
7580,6175
7671,6270
7768,6356
7862,6447
7953,6536
8039,6623
8139,6717
8230,6807
8316,6896
8411,6987
8508,7085
8604,7174
8698,7267
8790,7362
8883,7454
8982,7547
9071,7640
9165,7731
9267,7822
9359,7915
9457,8009
9550,8097
9645,8187
9742,8283
9833,8379
9927,8467
10025,8563
10119,8656
10214,8748
10314,8837
10405,8928
10497,9023
10596,9115
10690,9208
10786,9296
10880,9386
10972,9479
11065,9568
11157,9659
11252,9745
11349,9839
11442,9934
11540,10022
11636,10108
11732,10200
11829,10287
11922,10377
12010,10467
12102,10557
12196,10646
12283,10737
12381,10826
12471,10921
12569,11009
12660,11104
12760,11195
12854,11290
12951,11381
13045,11473
13138,11567
13232,11658
13324,11751
13423,11846
13516,11941
13612,12032
13707,12120
13807,12214
13902,12306
13997,12401
14092,12492
14187,12584
14290,12682
14384,12775
14478,12870
14574,12962
14673,13058
14765,13146
14864,13238
14961,13330
15056,13423
15154,13512
15253,13609
15341,13698
15440,13789
15535,13876
15632,13973
15729,14067
15826,14156
15918,14246
16015,14339
16111,14428
16206,14521
16301,14613
11,14704
109,14801
203,14893
304,14988
397,15081
498,15176
592,15271
687,15366
785,15456
885,15552
982,15648
1080,15742
1178,15841
1279,15939
1379,16030
1477,16124
1571,16219
1667,16313
1766,20
1868,116
1966,210
2061,305
2158,406
2249,500
2350,588
2449,681
2545,775
2640,872
2736,962
2833,1056
2931,1149
3024,1239
3125,1333
3218,1424
3315,1518
3409,1610
3505,1701
3602,1791
3698,1878
3789,1971
3885,2061
3974,2156
4067,2244
4156,2333
4252,2425
4348,2520
4442,2606
4534,2697
4632,2791
4727,2887
4828,2976
4919,3073
5010,3163
5099,3256
5198,3347
5289,3440
5384,3538
5475,3630
5571,3724
5668,3810
5770,3898
5861,3991
5958,4085
6050,4182
6145,4270
6239,4365
6327,4457
6427,4549
6518,4642
6613,4734
6708,4826
6802,4919
6893,5009
6985,5100
7078,5188
7181,5284
7276,5378
7368,5467
7462,5556
7559,5643
7651,5736
7745,5824
7838,5915
7932,6003
8021,6091
8116,6178
8209,6271
8305,6363
8398,6455
8493,6544
8585,6636
8683,6728
8777,6819
8873,6911
8971,7004
9063,7095
9157,7189
9255,7282
9353,7374
9448,7470
9544,7561
9638,7652
9734,7751
9827,7843
9922,7934
10020,8030
10113,8115
10212,8207
10306,8303
10399,8397
10498,8487
10589,8583
10689,8678
10785,8765
10882,8860
10984,8953
11074,9046
11165,9142
11257,9230
11354,9316
11450,9407
11547,9502
11638,9590
11733,9678
11829,9770
11920,9859
12014,9953
12101,10043
12193,10132
12283,10220
12383,10313
12475,10400
12569,10493
12663,10582
12759,10672
12857,10765
12950,10856
13041,10943
13140,11037
13225,11131
13320,11220
13413,11310
13504,11406
13599,11496
13696,11589
13791,11679
13884,11775
13978,11867
14073,11961
14165,12051
14258,12140
14357,12232
14450,12325
14550,12413
14642,12509
14732,12602
14828,12694
14924,12789
15015,12880
15105,12967
15205,13057
15298,13152
15395,13241
15483,13330
15577,13423
15672,13518
15766,13603
15859,13693
15953,13785
16044,13875
16135,13964
16225,14053
16317,14140
26,14233
123,14323
215,14414
309,14501
403,14590
499,14679
592,14768
684,14863
777,14955
874,15044
968,15137
1062,15228
1159,15319
1257,15410
1350,15506
1442,15591
1537,15685
1632,15782
1730,15875
1822,15967
1924,16060
2016,16148
2113,16243
2205,16336
2302,42
2396,137
2493,230
2580,320
2680,418
2780,509
2869,599
2965,690
3059,784
3153,880
3246,969
3339,1057
3434,1150
3526,1243
3619,1332
3718,1421
3808,1512
3898,1601
4000,1690
4086,1780
4179,1871
4275,1961
4365,2050
4459,2143
4557,2230
4650,2323
4744,2413
4842,2506
4931,2597
5026,2684
5121,2777
5216,2868
5315,2960
5409,3053
5506,3145
5600,3239
5690,3332
5787,3425
5882,3520
5981,3611
6083,3705
6176,3797
6267,3885
6360,3983
6457,4073
6558,4166
6654,4256
6749,4347
6843,4447
6937,4538
7030,4632
7129,4723
7225,4819
7317,4911
7412,5003
7512,5090
7606,5188
7699,5279
7790,5369
7883,5459
7979,5550
8073,5643
8165,5735
8261,5823
8355,5916
8456,6005
8552,6096
8647,6188
8742,6276
8839,6371
8935,6463
9032,6555
9127,6644
9224,6741
9321,6834
9416,6926
9513,7022
9612,7120
9710,7211
9801,7303
9901,7401
9999,7490
10095,7581
10195,7677
10286,7774
10386,7870
10486,7963
10584,8058
10677,8152
10772,8249
10872,8340
10965,8436
11073,8536
11166,8629
11262,8726
11359,8819
11454,8912
11552,9007
11651,9103
11751,9194
11847,9289
11938,9384
12033,9476
12131,9568
12227,9665
12322,9754
12420,9846
12514,9941
12615,10030
12711,10128
12804,10222
12906,10313
13007,10409
13104,10497
13201,10592
13298,10684
13399,10782
13493,10876
13589,10974
13682,11067
13789,11161
13883,11256
13983,11357
14082,11447
14182,11545
14279,11640
14379,11736
14480,11833
14578,11932
14673,12021
14771,12115
14871,12216
14970,12310
15072,12403
15171,12500
15270,12593
15367,12691
15455,12785
15558,12881
15658,12975
15754,13070
15849,13163
15944,13255
16040,13353
16132,13445
16233,13537
16332,13631
42,13725
131,13819
231,13910
330,14001
425,14094
524,14181
614,14276
711,14368
812,14458
911,14549
1005,14642
1099,14736
1201,14826
1297,14919
1394,15010
1488,15103
1588,15193
1683,15286
1779,15383
1872,15478
1971,15572
2066,15669
2165,15763
2263,15853
2357,15952
2448,16038
2542,16134
2639,16225
2736,16315
2832,24
2925,121
3019,213
3112,304
3206,392
3300,489
3396,581
3494,675
3589,766
3679,860
3773,949
3862,1040
3949,1132
4043,1223
4133,1314
4230,1407
4319,1498
4415,1586
4514,1677
4610,1767
4701,1854
4796,1945
4892,2035
4983,2128
5077,2218
5171,2304
5266,2394
5360,2493
5456,2587
5559,2678
5649,2766
5740,2859
5843,2952
5936,3041
6036,3138
6128,3229
6218,3319
6318,3414
6413,3509
6507,3602
6606,3699
6696,3786
6794,3878
6889,3967
6980,4062
7077,4155
7171,4252
7265,4341
7358,4436
7455,4528
7549,4621
7639,4712
7737,4804
7832,4898
7923,4993
8016,5083
8110,5168
8204,5261
8296,5350
8391,5440
8488,5531
8579,5622
8675,5711
8770,5799
8864,5891
8960,5979
9054,6068
9150,6158
9249,6246
9338,6337
9434,6426
9534,6516
9624,6607
9716,6694
9810,6783
9910,6878
10002,6968
10093,7059
10185,7153
10283,7243
10378,7335
10472,7427
10566,7519
10659,7611
10757,7701
10848,7793
10939,7880
11034,7970
11125,8063
11219,8155
11307,8245
11401,8337
11500,8433
11591,8518
11682,8611
11771,8703
11863,8790
11956,8883
12044,8973
12137,9060
12229,9151
12316,9243
12412,9333
12507,9424
12594,9513
12685,9603
12782,9690
12873,9776
12967,9862
13063,9953
13148,10045
13240,10132
13338,10219
13429,10307
13520,10398
13625,10488
13717,10578
13803,10671
13901,10757
13995,10848
14085,10945
14178,11026
14268,11117
14366,11209
14461,11297
14556,11394
14650,11481
14740,11578
14835,11668
14928,11760
15025,11853
15117,11948
15213,12036
15306,12121
15399,12215
15490,12306
15586,12398
15678,12492
15770,12586
15869,12676
15963,12768
16057,12863
16149,12955
16236,13045
16333,13140
38,13233
134,13325
228,13412
319,13500
411,13590
510,13679
606,13771
699,13860
797,13950
892,14038
982,14126
1076,14217
1167,14307
1266,14396
1369,14484
1459,14578
1548,14669
1642,14758
1740,14846
1832,14939
1931,15026
2027,15118
2124,15211
2217,15305
2310,15395
2404,15488
2495,15578
2586,15670
2684,15765
2777,15857
2874,15951
2963,16043
3060,16129
3151,16221
3248,16316
3341,19
3438,114
3527,207
3625,303
3719,395
3808,484
3901,578
3992,666
4087,758
4177,854
4271,941
4359,1033
4457,1127
4553,1220
4646,1309
4744,1400
4837,1493
4931,1580
5022,1673
5119,1762
5214,1851
5309,1943
5404,2031
5504,2122
5594,2213
5690,2304
5790,2393
5889,2487
5980,2577
6074,2672
6170,2770
6266,2860
6363,2952
6458,3048
6550,3141
6651,3236
6747,3331
6843,3422
6940,3518
7041,3612
7136,3709
7236,3800
7327,3894
7424,3985
7521,4081
7613,4177
7713,4271
7807,4371
7906,4467
7997,4561
8090,4656
8185,4747
8282,4841
8381,4933
8483,5029
8580,5122
8683,5216
8772,5312
8870,5408
8961,5499
9062,5594
9162,5686
9259,5775
9360,5866
9459,5961
9557,6051
9652,6140
9752,6237
9854,6334
9952,6422
10047,6519
10145,6611
10244,6705
10340,6801
10440,6896
10534,6988
10632,7083
10729,7177
10828,7273
10924,7365
11028,7459
11119,7554
11217,7651
11317,7750
11405,7845
11507,7933
11605,8032
11699,8121
11797,8218
11890,8315
11984,8407
12079,8501
12172,8594
12266,8686
12357,8781
12460,8879
12556,8970
12653,9065
12751,9160
12847,9251
12942,9343
13033,9435
13128,9529
13222,9621
13323,9710
13423,9802
13513,9892
13616,9982
13714,10076
13811,10168
13900,10260
14001,10354
14098,10445
14194,10537
14287,10629
14386,10718
14483,10808
14576,10900
14671,10994
14771,11089
14859,11180
14956,11274
15053,11369
15148,11459
15248,11551
15340,11646
15429,11739
15535,11835
15626,11926
15716,12020
15813,12112
15905,12206
16002,12294
16091,12389
16188,12487
16280,12579
16376,12672
88,12763
179,12856
278,12951
373,13040
465,13137
562,13227
653,13323
752,13414
846,13500
936,13592
1037,13680
1129,13771
1230,13861
1326,13953
1422,14047
1516,14134
1610,14226
1708,14314
1801,14405
1900,14497
1987,14590
2082,14675
2183,14770
2280,14865
2374,14955
2470,15047
2563,15138
2656,15227
2755,15319
2846,15416
2946,15509
3038,15600
3133,15697
3221,15788
3321,15883
3417,15977
3511,16069
3612,16161
3704,16253
3792,16349
3879,58
3971,149
4068,248
4166,342
4258,432
4350,524
4452,615
4542,711
4637,804
4730,895
4822,985
4922,1076
5020,1166
5114,1261
5211,1349
5304,1439
5393,1529
5492,1623
5590,1713
5685,1803
5780,1899
5879,1985
5973,2077
6071,2169
6164,2256
6257,2348
6355,2440
6453,2528
6549,2619
6645,2713
6738,2803
6832,2894
6925,2988
7023,3081
7118,3169
7208,3263
7306,3355
7401,3447
7495,3539
7590,3636
7685,3730
7780,3815
7868,3908
7960,3999
8054,4090
8157,4180
8251,4275
8340,4363
8428,4454
8523,4551
8617,4645
8711,4732
8808,4822
8902,4916
8996,5006
9087,5099
9187,5192
9281,5282
9368,5367
9468,5458
9562,5547
9658,5635
9756,5727
9851,5815
9942,5904
10035,5993
10129,6085
10227,6172
10322,6262
10416,6354
10511,6437
10601,6529
10694,6623
10790,6710
10883,6797
10975,6890
11067,6983
11163,7075
11257,7169
11345,7262
11441,7352
11540,7448
11636,7541
11732,7633
11821,7729
11917,7818
12008,7914
12099,8004
12191,8095
12283,8187
12376,8279
12471,8375
12565,8471
12659,8563
12756,8653
12851,8744
12945,8837
13037,8931
13131,9023
13226,9118
13324,9211
13417,9301
13510,9390
13604,9483
13702,9576
13798,9665
13899,9753
13992,9845
14087,9936
14177,10023
14274,10117
14376,10206
14471,10296
14566,10391
14659,10484
14757,10571
14852,10664
14948,10752
15041,10844
15138,10937
15228,11028
15324,11118
15423,11213
15514,11304
15613,11397
15700,11492
15798,11587
15891,11681
15990,11773
16083,11862
16175,11957
16266,12043
16357,12137
73,12230
166,12321
263,12418
355,12511
450,12603
549,12697
644,12789
736,12877
829,12973
928,13063
1024,13151
1117,13242
1215,13336
1311,13427
1405,13517
1500,13606
1592,13702
1694,13792
1787,13881
1886,13971
1978,14063
2074,14154
2173,14244
2265,14333
2361,14427
2458,14514
2554,14605
2654,14700
2744,14788
2841,14882
2934,14971
3027,15069
3123,15158
3219,15253
3313,15348
3409,15446
3511,15533
3607,15628
3697,15724
3795,15820
3884,15916
3976,16010
4069,16105
4169,16199
4263,16292
4361,6
4458,96
4552,192
4645,294
4745,387
4846,478
4943,575
5041,670
5137,763
5234,862
5333,954
5426,1049
5526,1139
5622,1234
5718,1331
5816,1423
5920,1515
6012,1609
6111,1702
6212,1795
6312,1886
6409,1982
6505,2077
6604,2167
6702,2260
6796,2358
6892,2445
6988,2539
7089,2634
7185,2723
7282,2817
7378,2916
7480,3010
7573,3105
7666,3200
7763,3292
7858,3387
7954,3484
8042,3575
8142,3670
8234,3760
8329,3854
8431,3945
8526,4041
8620,4136
8712,4229
8808,4324
8901,4416
9005,4508
9101,4599
9195,4690
9293,4787
9386,4880
9484,4971
9577,5064
9673,5157
9768,5246
9862,5336
9960,5425
10055,5511
10152,5602
10244,5691
10337,5780
10434,5872
10528,5961
10624,6049
10716,6138
10808,6227
10905,6319
10998,6410
11092,6496
11185,6587
11282,6676
11375,6768
11460,6859
11561,6953
11651,7041
11746,7131
11841,7221
11932,7316
12022,7411
12111,7500
12202,7593
12297,7688
12393,7780
12483,7871
12579,7961
12674,8050
12767,8143
12860,8232
12952,8328
13053,8421
13147,8511
13232,8604
13331,8695
13426,8787
13521,8877
13610,8968
13706,9058
13803,9153
13900,9240
13994,9336
14092,9429
14191,9517
14282,9609
14371,9698
14471,9789
14563,9876
14666,9965
14757,10057
14851,10145
14941,10237
15039,10326
15133,10420
15232,10511
15330,10603
15420,10690
15515,10783
15610,10874
15703,10963
15797,11056
15895,11146
15989,11235
16081,11331
16169,11424
16260,11514
16350,11609
65,11698
159,11790
249,11885
345,11973
439,12065
527,12154
623,12248
714,12339
815,12431
908,12526
1000,12616
1093,12708
1189,12795
1286,12888
1382,12980
1473,13074
1567,13161
1656,13250
1752,13343
1847,13432
1943,13523
2041,13610
2128,13697
2219,13787
2318,13875
2407,13963
2500,14051
2596,14141
2687,14225
2784,14316
2877,14403
2968,14495
3063,14579
3152,14672
3247,14760
3340,14852
3434,14940
3524,15029
3620,15117
3710,15208
3805,15297
3892,15389
3980,15478
4073,15570
4166,15664
4258,15750
4350,15842
4443,15935
4535,16026
4630,16115
4724,16207
4818,16300
4913,3
5006,95
5096,188
5192,281
5290,370
5381,463
5473,550
5567,642
5662,735
5755,826
5852,915
5947,1008
6039,1097
6130,1187
6222,1280
6318,1367
6412,1459
6505,1548
6601,1636
6691,1724
6784,1818
6880,1908
6974,1998
7070,2086
7166,2175
7260,2265
7350,2352
7438,2446
7533,2536
7625,2628
7719,2720
7813,2810
7908,2902
7993,2992
8086,3087
8183,3180
8275,3274
8364,3364
8463,3456
8554,3548
8643,3638
8740,3727
8833,3822
8929,3909
9026,4002
9117,4095
9209,4189
9302,4283
9398,4376
9494,4471
9590,4559
9682,4648
9776,4740
9873,4834
9969,4927
10064,5019
10157,5111
10252,5200
10350,5290
10445,5383
10538,5474
10631,5559
10728,5651
10822,5740
10916,5830
11012,5921
11107,6010
11200,6102
11296,6195
11391,6283
11481,6371
11575,6465
11669,6558
11765,6647
11864,6739
11954,6830
12049,6922
12139,7012
12231,7108
12322,7200
12415,7289
12509,7385
12607,7479
12702,7571
12795,7663
12887,7757
12986,7853
13081,7945
13179,8040
13272,8129
13363,8226
13460,8319
13556,8412
13654,8506
13752,8599
13846,8695
13942,8787
14041,8873
14134,8968
14223,9064
14325,9154
14421,9248
14513,9342
14606,9430
14711,9521
14805,9616
14900,9709
14995,9798
15095,9891
15180,9984
15276,10077
15373,10165
15472,10255
15562,10348
15664,10443
15760,10531
15854,10625
15950,10717
16044,10809
16141,10901
16235,11001
16322,11093
34,11186
130,11283
231,11374
324,11470
423,11564
519,11658
614,11750
712,11849
814,11942
906,12033
1001,12128
1103,12223
1196,12320
1292,12414
1388,12505
1487,12603
1586,12695
1683,12794
1783,12887
1886,12980
1978,13076
2076,13171
2179,13265
2277,13362
2373,13449
2464,13545
2563,13640
2665,13732
2760,13827
2856,13918
2955,14010
3055,14100
3147,14199
3247,14290
3346,14381
3443,14476
3538,14570
3638,14663
3734,14755
3828,14849
3921,14944
4013,15036
4113,15133
4211,15229
4307,15325
4402,15417
4496,15515
4596,15611
4691,15706
4788,15798
4887,15897
4981,15990
5079,16085
5181,16177
5277,16270
5372,16362
5468,76
5569,170
5668,266
5762,361
5854,457
5952,551
6050,645
6145,737
6244,828
6340,923
6435,1016
6529,1107
6626,1200
6718,1296
6817,1384
6911,1474
7012,1562
7105,1658
7202,1747
7294,1835
7386,1929
7483,2019
7576,2109
7666,2204
7762,2292
7856,2381
7947,2472
8038,2564
8130,2656
8226,2750
8317,2840
8412,2930
8508,3021
8600,3110
8692,3204
8791,3296
8889,3388
8983,3484
9071,3574
9166,3668
9265,3758
9354,3847
9449,3939
9546,4029
9642,4122
9737,4215
9829,4304
9922,4396
10019,4488
10113,4582
10213,4674
10308,4766
10401,4855
10494,4943
10591,5038
10680,5131
10776,5218
10874,5312
10966,5399
11058,5494
11156,5580
11248,5673
11346,5760
11446,5845
11540,5937
11633,6028
11727,6118
11818,6209
11915,6301
12011,6393
12098,6477
12194,6570
12290,6660
12383,6752
12477,6844
12570,6936
12663,7028
12757,7127
12858,7215
12955,7310
13047,7397
13142,7488
13234,7581
13330,7675
13429,7769
13524,7861
13618,7950
13714,8041
13807,8132
13901,8222
13998,8317
14097,8411
14192,8503
14283,8591
14380,8684
14474,8776
14563,8867
14658,8957
14756,9047
14854,9137
14951,9227
15042,9320
15135,9407
15232,9497
15323,9586
15417,9673
15508,9766
15600,9854
15693,9946
15784,10035
15880,10122
15972,10212
16062,10302
16149,10394
16240,10481
16328,10568
38,10658
131,10747
226,10837
320,10930
412,11019
510,11112
598,11204
690,11293
784,11385
876,11475
970,11567
1065,11658
1160,11752
1250,11842
1340,11932
1434,12021
1526,12114
1622,12201
1721,12291
1813,12385
1902,12476
1996,12568
2088,12656
2185,12745
2281,12835
2373,12928
2463,13017
2555,13111
2651,13200
2744,13291
2837,13381
2928,13470
3019,13557
3110,13646
3203,13735
3300,13824
3398,13909
3495,13998
3589,14088
3682,14175
3773,14264
3855,14352
3948,14441
4043,14529
4134,14620
4228,14709
4328,14799
4418,14887
4512,14974
4608,15067
4696,15154
4791,15246
4884,15335
4978,15428
5072,15518
5169,15609
5262,15701
5359,15794
5451,15884
5547,15975
5638,16065
5736,16155
5834,16249
5927,16339
6016,43
6108,136
6205,226
6300,315
6393,410
6485,503
6578,594
6674,680
6767,771
6860,859
6951,951
7045,1040
7140,1134
7232,1221
7323,1311
7417,1397
7513,1490
7601,1577
7693,1665
7789,1756
7880,1843
7967,1934
8057,2019
8147,2106
8239,2194
8332,2288
8422,2380
8511,2468
8607,2558
8700,2648
8791,2740
8888,2827
8978,2918
9066,3016
9159,3107
9255,3193
9349,3284
9445,3381
9539,3472
9630,3566
9725,3655
9816,3744
9909,3837
10006,3928
10104,4020
10201,4111
10297,4205
10391,4300
10484,4389
10572,4481
10670,4572
10766,4668
10860,4757
10950,4846
11049,4938
11138,5027
11236,5119
11325,5214
11423,5306
11522,5398
11615,5489
11713,5575
11807,5669
11897,5761
11989,5854
12084,5939
12178,6032
12272,6119
12368,6211
12457,6303
12553,6396
12653,6489
12751,6582
12843,6674
12935,6764
13033,6854
13130,6946
13224,7036
13326,7127
13419,7224
13520,7320
13615,7421
13713,7511
13807,7605
13901,7699
13996,7791
14095,7887
14196,7979
14288,8072
14386,8166
14483,8258
14579,8355
14673,8450
14769,8543
14870,8636
14968,8732
15062,8822
15160,8918
15252,9009
15352,9100
15451,9197
15538,9287
15632,9379
15730,9467
15827,9564
15919,9658
16018,9748
16106,9840
16202,9930
16295,10023
10,10114
103,10204
198,10289
295,10385
389,10479
483,10567
574,10659
666,10751
763,10839
863,10933
957,11019
1058,11117
1150,11210
1244,11307
1341,11401
1436,11495
1529,11586
1628,11676
1723,11771
1819,11866
1914,11956
2008,12051
2106,12138
2200,12234
2293,12326
2392,12417
2488,12506
2582,12604
2678,12697
2769,12791
2864,12883
2957,12974
3052,13063
3153,13157
3244,13252
3335,13340
3429,13433
3524,13520
3615,13612
3712,13702
3805,13792
3892,13885
3987,13970
4081,14060
4170,14156
4267,14243
4362,14333
4457,14424
4553,14510
4645,14601
4736,14692
4831,14782
4922,14872
5018,14964
5115,15054
5208,15145
5298,15236
5391,15328
5488,15423
5584,15513
5677,15609
5771,15697
5860,15786
5962,15880
6055,15974
6151,16067
6242,16156
6337,16248
6431,16337
6526,45
6621,134
6713,229
6805,326
6901,414
6992,509
7083,598
7180,691
7273,779
7366,871
7459,962
7549,1053
7643,1145
7737,1237
7831,1326
7918,1415
8012,1503
8101,1592
8192,1682
8291,1770
8381,1860
8475,1951
8565,2040
8659,2132
8753,2220
8850,2311
8942,2401
9031,2493
9126,2583
9218,2673
9316,2768
9411,2858
9507,2944
9603,3040
9694,3138
9787,3227
9883,3318
9980,3412
10074,3502
10169,3598
10266,3681
10358,3775
10447,3863
10547,3955
10643,4050
10733,4145
10830,4234
10923,4326
11020,4419
11118,4513
11212,4602
11302,4693
11400,4785
11492,4876
11592,4966
11681,5054
11769,5147
11865,5238
11961,5329
12052,5418
12142,5509
12231,5594
12328,5679
12423,5773
12523,5863
12609,5955
12698,6042
12791,6129
12881,6219
12976,6305
13073,6394
13171,6483
13265,6570
13356,6659
13450,6751
13541,6843
13635,6931
13736,7021
13828,7110
13919,7200
14020,7291
14114,7378
14207,7470
14293,7562
14386,7653
14478,7743
14575,7838
14674,7928
14763,8016
14855,8105
14950,8192
15041,8287
15138,8375
15224,8471
15317,8563
15414,8653
15507,8743
15596,8831
15686,8919
15784,9012
15874,9107
15965,9194
16057,9284
16147,9372
16231,9460
16323,9550
33,9638
127,9730
217,9814
315,9907
410,9995
500,10082
596,10174
683,10260
778,10349
869,10438
958,10531
1052,10623
1152,10711
1244,10802
1337,10893
1432,10984
1526,11078
1619,11168
1716,11257
1813,11351
1906,11446
2002,11536
2098,11630
2192,11725
2286,11813
2382,11905
2476,11991
2569,12086
2665,12176
2763,12269
2853,12359
2945,12455
3044,12549
3137,12641
3233,12733
3323,12823
3421,12918
3517,13007
3611,13102
3703,13193
3800,13284
3891,13371
3980,13467
4078,13559
4170,13650
4263,13741
4361,13831
4451,13917
4543,14006
4642,14099
4735,14191
4827,14274
4922,14365
5012,14456
5106,14543
5206,14634
5300,14724
5396,14817
5487,14905
5585,14996
5682,15084
5774,15177
5869,15270
5969,15361
6061,15455
6155,15544
6248,15638
6343,15729
6440,15824
6534,15915
6631,16007
6720,16097
6818,16186
6912,16282
7010,16373
7101,80
7191,174
7288,266
7383,359
7474,448
7571,542
7665,632
7759,727
7852,818
7946,912
8034,1006
8133,1096
8224,1185
8321,1281
8414,1371
8511,1461
8604,1554
8696,1646
8790,1735
8887,1829
8980,1924
9076,2013
9175,2104
9272,2194
9369,2289
9464,2376
9567,2469
9662,2565
9759,2661
9854,2756
9951,2851
10054,2950
10150,3039
10243,3143
10342,3232
10441,3328
10540,3421
10638,3520
10736,3613
10829,3712
10926,3804
11030,3895
11126,3992
11228,4087
11327,4181
11424,4280
11522,4376
11616,4470
11713,4565
11811,4662
11907,4754
11999,4849
12097,4942
12186,5034
12284,5131
12382,5224
12478,5315
12580,5407
12672,5500
12769,5598
12867,5685
12962,5777
13060,5869
13156,5959
13253,6051
13354,6145
13449,6237
13545,6327
13643,6416
13745,6510
13836,6599
13929,6688
14029,6783
14127,6871
14223,6968
14317,7055
14409,7149
14507,7244
14605,7335
14700,7429
14795,7525
14890,7616
14986,7703
15080,7794
15172,7886
15269,7978
15362,8070
15457,8159
15549,8253
15646,8343
15738,8440
15832,8530
15925,8623
16018,8713
16104,8802
16203,8893
16297,8989
2,9076
95,9168
190,9256
282,9348
375,9437
467,9524
563,9614
656,9700
747,9793
842,9881
940,9977
1034,10065
1127,10151
1222,10241
1315,10333
1413,10425
1506,10514
1599,10606
1692,10698
1786,10786
1880,10879
1980,10966
2071,11060
2167,11155
2260,11250
2352,11339
2452,11431
2542,11524
2639,11620
2733,11709
2825,11807
2923,11899
3016,11993
3114,12087
3208,12177
3301,12272
3398,12363
3491,12455
3586,12551
3680,12646
3773,12740
3866,12830
3955,12924
4049,13014
4146,13106
4238,13199
4330,13291
4423,13383
4520,13474
4616,13564
4711,13658
4804,13750
4898,13837
4994,13928
5087,14019
5182,14109
5278,14201
5374,14292
5465,14382
5562,14474
5655,14563
5748,14653
5845,14743
5934,14831
6031,14922
6126,15013
6221,15105
6316,15194
6409,15287
6502,15380
6595,15468
6689,15555
6787,15647
6879,15739
6974,15834
7065,15925
7158,16015
7249,16102
7345,16192
7433,16282
7528,16371
7620,81
7710,172
7802,259
7887,348
7980,437
8069,530
8160,618
8258,707
8348,797
8438,884
8532,969
8623,1060
8715,1153
8810,1243
8899,1328
8988,1416
9084,1503
9176,1594
9273,1682
9365,1768
9459,1854
9548,1944
9642,2030
9733,2119
9828,2212
9922,2301
10015,2386
10112,2480
10204,2565
10295,2660
10389,2750
10484,2839
10580,2923
10671,3020
10767,3109
10860,3200
10950,3294
11046,3388
11136,3484
11231,3574
11326,3671
11418,3759
11515,3853
11603,3941
11694,4036
11788,4125
11881,4223
11971,4316
12059,4410
12153,4507
12243,4600
12338,4695
12431,4789
12524,4885
12612,4975
12700,5069
12798,5165
12885,5260
12982,5352
13076,5444
13171,5539
13258,5631
13352,5727
13444,5814
13537,5913
13630,6003
13728,6094
13816,6185
13906,6280
14004,6375
14092,6469
14186,6560
14279,6653
14371,6750
14459,6844
14556,6936
14651,7032
14742,7124
14830,7220
14925,7311
15019,7412
15108,7500
15205,7594
15296,7691
15392,7789
15489,7876
15580,7972
15675,8068
15766,8159
15856,8254
15951,8347
16040,8441
16129,8533
16222,8627
16310,8720
21,8811
110,8902
208,8997
301,9089
395,9181
490,9270
584,9363
680,9456
771,9545
864,9638
960,9725
1053,9813
1149,9902
1240,9992
1339,10085
1434,10174
1524,10260
1625,10350
1715,10440
1813,10528
1909,10622
2008,10712
2102,10797
2195,10888
2292,10980
2386,11071
2483,11162
2573,11255
2668,11345
2765,11439
2859,11526
2955,11616
3049,11709
3146,11802
3239,11895
3338,11981
3430,12073
3526,12162
3615,12253
3712,12345
3799,12439
3895,12529
3990,12621
4080,12716
4173,12806
4271,12894
4366,12985
4460,13080
4554,13169
4649,13259
4747,13350
4844,13442
4943,13532
5036,13623
5136,13716
5231,13802
5325,13895
5426,13984
5521,14079
5617,14169
5706,14262
5807,14352
5910,14444
6007,14534
6100,14624
6201,14715
6295,14808
6394,14898
6491,14991
6589,15085
6685,15179
6787,15275
6888,15367
6979,15462
7078,15555
7170,15652
7271,15748
7369,15842
7464,15936
7564,16031
7662,16125
7759,16221
7852,16314
7945,27
8038,125
8138,220
8233,320
8326,410
8421,505
8519,606
8621,703
8713,797
8816,890
8914,985
9009,1083
9109,1176
9201,1276
9305,1366
9405,1458
9499,1554
9594,1645
9697,1743
9792,1836
9886,1925
9982,2019
10080,2109
10177,2202
10275,2296
10373,2390
10472,2482
10572,2576
10668,2669
10762,2756
10859,2849
10951,2944
11052,3040
11151,3133
11245,3226
11344,3318
11443,3412
11535,3502
11629,3597
11726,3690
11822,3783
11917,3868
12008,3957
12097,4048
12194,4138
12283,4230
12380,4323
12475,4412
12575,4502
12666,4594
12765,4681
12854,4771
12948,4864
13042,4949
13141,5038
13234,5125
13332,5209
13430,5298
13524,5383
13617,5468
13710,5554
13807,5641
13903,5724
13997,5811
14095,5895
14195,5982
14283,6067
14376,6150
14476,6235
14573,6322
14663,6406
14753,6492
14852,6578
14942,6663
15039,6749
15133,6836
15227,6925
15322,7013
15413,7099
15508,7181
15599,7274
15692,7365
15784,7447
15881,7536
15972,7629
16063,7713
16154,7809
16241,7895
16337,7980
47,8070
143,8162
235,8251
328,8345
423,8436
516,8526
604,8614
703,8705
795,8793
890,8888
982,8982
1085,9073
1176,9163
1275,9255
1367,9343
1466,9432
1559,9528
1651,9620
1748,9707
1843,9795
1943,9887
2037,9981
2134,10074
2233,10165
2328,10259
2426,10350
2522,10437
2613,10530
2714,10626
2809,10718
2904,10814
3005,10903
3100,10999
3194,11095
3291,11190
3381,11283
3478,11379
3574,11473
3675,11563
3768,11662
3857,11754
3954,11851
4051,11945
4144,12036
4237,12128
4326,12222
4429,12314
4520,12409
4611,12503
4706,12594
4805,12692
4896,12782
4989,12878
5088,12966
5175,13058
5274,13149
5371,13241
5465,13334
5557,13423
5649,13514
5745,13604
5835,13692
5928,13787
6020,13874
6115,13964
6204,14056
6298,14141
6394,14232
6486,14322
6578,14407
6667,14495
6763,14586
6854,14676
6944,14765
7041,14856
7133,14943
7222,15030
7317,15122
7406,15216
7505,15306
7593,15396
7685,15482
7775,15576
7865,15671
7957,15759
8046,15852
8138,15949
8230,16039
8318,16126
8411,16219
8510,16307
8606,15
8690,105
8784,198
8877,290
8975,384
9062,474
9161,562
9258,655
9352,745
9448,835
9546,931
9636,1023
9729,1113
9827,1199
9927,1292
10017,1383
10112,1469
10207,1557
10302,1652
10398,1742
10493,1833
10591,1923
10688,2015
10783,2105
10881,2191
10975,2285
11070,2377
11170,2469
11271,2563
11361,2654
11454,2747
11554,2839
11646,2935
11734,3028
11836,3119
11932,3213
12025,3311
12118,3400
12213,3493
12308,3587
12401,3683
12494,3775
12589,3865
12686,3958
12781,4053
12877,4148
12971,4242
13065,4334
13158,4430
13259,4524
13352,4615
13453,4711
13552,4802
13642,4893
13738,4984
13836,5079
13929,5173
14024,5266
14118,5355
14214,5447
14310,5537
14406,5628
14505,5722
14600,5814
14694,5906
14787,5992
14882,6085
14981,6175
15076,6269
15166,6358
15262,6447
15359,6534
15456,6628
15546,6720
15634,6812
15728,6905
15829,6999
15923,7095
16016,7189
16109,7282
16199,7376
16293,7468
3,7564
98,7656
190,7749
285,7845
382,7936
475,8030
575,8125
671,8220
765,8309
859,8402
954,8500
1043,8592
1150,8686
1243,8784
1343,8880
1441,8969
1535,9061
1630,9155
1725,9246
1822,9341
1918,9439
2020,9526
2118,9617
2215,9707
2315,9800
2410,9894
2509,9986
2602,10078
2700,10169
2796,10260
2893,10355
2994,10448
3089,10542
3183,10638
3284,10729
3384,10821
3483,10915
3574,11011
3667,11101
3770,11196
3861,11292
3953,11383
4054,11480
4142,11575
4239,11673
4335,11769
4435,11863
4534,11955
4625,12050
4723,12145
4818,12235
4916,12331
5014,12427
5113,12521
5207,12615
5307,12707
5403,12800
5496,12890
5593,12987
5692,13082
5789,13171
5881,13264
5975,13358
6075,13451
6176,13543
6272,13628
6369,13719
6465,13814
6559,13899
6653,13988
6746,14075
6841,14169
6936,14259
7032,14351
7124,14439
7224,14526
7318,14622
7413,14708
7511,14799
7602,14894
7692,14983
7787,15069
7876,15161
7967,15253
8061,15347
8159,15437
8248,15529
8339,15620
8438,15710
8533,15800
8625,15892
8719,15987
8817,16081
8907,16166
9000,16257
9098,16348
9193,54
9293,148
9385,239
9481,334
9574,429
9666,521
9763,607
9855,698
9950,790
10043,882
10140,972
10233,1064
10331,1155
10428,1241
10520,1329
10621,1421
10712,1512
10804,1609
10897,1695
10989,1788
11087,1872
11175,1963
11273,2052
11370,2146
11464,2237
11554,2325
11649,2412
11742,2501
11838,2591
11928,2690
12021,2780
12111,2869
12206,2960
12297,3053
12394,3143
12486,3237
12584,3331
12673,3422
12771,3518
12857,3608
12954,3699
13052,3790
13141,3879
13237,3974
13335,4068
13427,4161
13524,4254
13618,4349
13709,4438
13803,4531
13902,4625
13995,4719
14090,4808
14188,4901
14276,4991
14376,5080
14468,5176
14562,5263
14661,5357
14751,5446
14840,5534
14938,5624
15030,5718
15121,5807
15219,5895
15312,5989
15404,6078
15498,6164
15598,6256
15689,6341
15782,6434
15878,6523
15966,6618
16062,6706
16147,6796
16236,6888
16333,6975
44,7067
138,7158
224,7253
321,7341
418,7428
506,7527
600,7619
692,7709
788,7807
888,7893
975,7981
1070,8075
1169,8167
1264,8257
1353,8350
1449,8443
1549,8536
1638,8624
1735,8719
1829,8807
1918,8899
2015,8984
2112,9078
2207,9167
2301,9260
2398,9350
2486,9439
2580,9525
2676,9617
2769,9707
2866,9797
2959,9887
3054,9977
3144,10062
3243,10151
3338,10243
3424,10330
3518,10422
3606,10514
3699,10600
3792,10689
3887,10778
3976,10867
4065,10967
4160,11054
4261,11144
4348,11238
4440,11330
4533,11416
4629,11510
4723,11602
4815,11696
4908,11787
5000,11881
5101,11972
5194,12059
5289,12149
5379,12240
5476,12338
5565,12427
5661,12518
5759,12610
5856,12699
5949,12794
6041,12889
6134,12982
6229,13067
6327,13158
6419,13253
6512,13344
6606,13438
6698,13525
6801,13612
6891,13703
6986,13796
7081,13886
7169,13976
7267,14066
7362,14155
7455,14242
7546,14334
7644,14420
7736,14511
7828,14604
7921,14695
8008,14786
8106,14873
8199,14967
8294,15056
8387,15151
8483,15244
8573,15334
8667,15427
8764,15520
8857,15613
8952,15705
9044,15803
9148,15893
9245,15990
9334,16082
9431,16170
9527,16265
9620,16357
9715,68
9815,162
9908,251
10002,339
10096,437
10197,527
10293,621
10381,715
10480,808
10576,897
10675,991
10766,1086
10862,1174
10953,1263
11050,1358
11144,1446
11240,1537
11331,1628
11427,1719
11527,1809
11622,1899
11715,1990
11808,2081
11902,2172
11998,2261
12084,2353
12174,2440
12273,2533
12369,2629
12459,2717
12559,2811
12654,2903
12747,3001
12842,3094
12936,3186
13032,3280
13130,3374
13224,3466
13319,3559
13418,3652
13513,3748
13606,3837
13706,3927
13803,4020
13893,4118
13993,4210
14088,4307
14188,4402
14283,4489
14376,4585
14474,4679
14572,4772
14674,4866
14767,4960
14866,5051
14961,5144
15057,5239
15153,5331
15251,5426
15348,5516
15444,5607
15539,5702
15638,5793
15735,5883
15832,5979
15927,6068
16025,6158
16118,6249
16212,6348
16310,6442
19,6535
124,6626
217,6721
311,6814
409,6909
508,7003
604,7100
697,7192
800,7289
896,7383
996,7480
1097,7575
1193,7673
1294,7770
1395,7863
1486,7955
1581,8050
1685,8148
1783,8243
1881,8341
1982,8438
2083,8530
2178,8624
2276,8719
2372,8812
2470,8908
2569,9002
2663,9097
2755,9188
2854,9280
2954,9375
3052,9469
3148,9559
3245,9650
3339,9741
3438,9834
3529,9925
3627,10013
3721,10106
3813,10201
3907,10293
4003,10385
4096,10479
4187,10568
4284,10659
4379,10750
4475,10844
4571,10939
4665,11034
4764,11122
4857,11213
4951,11309
5047,11401
5144,11496
5237,11587
5334,11684
5427,11776
5523,11867
5620,11957
5717,12046
5815,12135
5909,12232
6001,12325
6097,12418
6192,12513
6289,12604
6383,12697
6479,12786
6574,12885
6667,12981
6761,13070
6857,13159
6953,13250
7053,13345
7144,13437
7237,13526
7337,13617
7423,13706
7518,13799
7611,13890
7710,13975
7805,14067
7898,14156
7992,14246
8085,14337
8176,14431
8268,14521
8355,14611
8455,14703
8555,14797
8651,14883
8748,14978
8837,15072
8932,15160
9030,15253
9129,15342
9221,15442
9316,15536
9413,15626
9507,15722
9608,15812
9699,15904
9796,15999
9895,16094
9994,16188
10087,16274
10177,16365
10278,76
10373,166
10466,264
10562,356
10659,448
10750,537
10849,630
10942,724
11035,818
11129,909
11225,1000
11317,1093
11407,1183
11504,1271
11600,1359
11692,1454
11785,1539
11881,1632
11971,1722
12066,1814
12148,1903
12249,1994
12341,2081
12428,2175
12530,2264
12622,2354
12716,2436
12807,2533
12907,2622
13002,2712
13095,2800
13181,2893
13277,2983
13369,3079
13463,3173
13556,3264
13650,3354
13750,3448
13849,3539
13939,3629
14028,3723
14119,3815
14215,3904
14307,3991
14405,4085
14498,4178
14591,4268
14681,4360
14778,4456
14871,4548
14963,4635
15056,4726
15147,4814
15245,4908
15336,4994
15431,5088
15532,5176
15619,5267
15707,5358
15797,5447
15893,5538
15991,5625
16084,5715
16173,5801
16261,5891
16351,5982
58,6072
152,6160
245,6248
340,6340
433,6431
522,6518
622,6608
718,6698
813,6791
903,6874
995,6968
1093,7059
1181,7146
1275,7238
1369,7330
1462,7424
1561,7515
1653,7607
1744,7698
1842,7786
1934,7878
2034,7967
2124,8058
2215,8146
2305,8236
2397,8332
2496,8420
2591,8514
2689,8606
2782,8692
2873,8786
2968,8876
3056,8968
3153,9057
3244,9145
3340,9238
3434,9326
3526,9418
3619,9511
3711,9598
3804,9689
3890,9774
3984,9862
4080,9950
4172,10040
4260,10132
4353,10220
4449,10307
4539,10397
4637,10489
4731,10576
4828,10662
4918,10755
5013,10846
5107,10937
5196,11027
5289,11117
5387,11208
5481,11302
5573,11391
5668,11479
5761,11576
5852,11673
5945,11762
6043,11851
6135,11942
6233,12033
6328,12122
6419,12214
6515,12308
6605,12400
6700,12488
6799,12582
6897,12673
6986,12765
7078,12861
7172,12953
7264,13043
7358,13135
7451,13227
7545,13317
7641,13405
7733,13502
7825,13590
7915,13677
8009,13772
8106,13861
8195,13952
8289,14046
8382,14134
8475,14220
8571,14312
8663,14403
8754,14494
8852,14581
8947,14675
9040,14771
9137,14860
9234,14944
9332,15038
9421,15132
9517,15222
9616,15317
9711,15412
9811,15505
9910,15597
9997,15693
10093,15784
10188,15880
10287,15970
10383,16065
10475,16160
10576,16248
10668,16346
10765,52
10865,147
10961,245
11058,332
11151,426
11247,521
11336,619
11434,717
11529,806
11626,898
11725,988
11822,1081
11915,1173
12008,1269
12098,1365
12189,1453
12289,1540
12387,1636
12479,1728
12574,1819
12672,1911
12770,2004
12868,2096
12966,2191
13058,2280
13158,2371
13252,2465
13346,2558
13446,2651
13545,2744
13645,2836
13740,2929
13843,3025
13933,3117
14032,3211
14129,3301
14229,3396
14326,3498
14422,3595
14520,3689
14617,3778
14712,3870
14808,3963
14904,4057
15002,4149
15104,4244
15195,4342
15290,4437
15387,4530
15484,4626
15578,4716
15680,4810
15776,4905
15875,4998
15969,5088
16063,5183
16153,5274
16249,5370
16337,5460
48,5554
146,5648
245,5737
337,5825
432,5916
528,6010
624,6100
720,6190
816,6283
914,6377
1010,6464
1101,6554
1202,6648
1297,6739
1389,6832
1485,6919
1583,7011
1680,7108
1772,7202
1869,7294
1972,7387
2059,7477
2157,7572
2249,7666
2346,7761
2436,7851
2528,7941
2629,8032
2721,8124
2816,8220
2915,8316
3010,8404
3103,8495
3197,8592
3287,8685
3383,8777
3478,8868
3569,8954
3658,9046
3758,9137
3849,9230
3942,9320
4033,9412
4126,9503
4216,9590
4312,9681
4402,9778
4498,9864
4594,9950
4692,10041
4779,10134
4877,10223
4972,10311
5071,10403
5162,10493
5252,10583
5353,10675
5446,10763
5537,10857
5634,10945
5732,11037
5823,11128
5918,11222
6011,11313
6108,11409
6206,11503
6303,11594
6399,11688
6495,11782
6589,11874
6683,11963
6777,12050
6874,12144
6967,12241
7064,12327
7155,12421
7253,12515
7348,12611
7443,12700
7534,12790
7633,12887
7728,12979
7817,13075
7911,13165
8006,13253
8098,13339
8193,13436
8291,13526
8384,13614
8477,13708
8572,13797
8666,13885
8757,13973
8858,14064
8945,14153
9048,14242
9140,14330
9235,14420
9327,14510
9426,14600
9522,14692
9614,14777
9713,14867
9807,14961
9900,15053
9995,15141
10093,15233
10187,15323
10282,15414
10375,15505
10466,15596
10563,15691
10658,15783
10748,15875
10841,15967
10935,16060
11032,16145
11115,16237
11217,16327
11312,32
11402,127
11503,218
11592,312
11682,402
11771,496
11865,589
11957,677
12045,772
12135,859
12230,951
12325,1040
12419,1129
12505,1221
12605,1310
12697,1403
12790,1495
12882,1579
12980,1672
13072,1757
13162,1848
13256,1941
13347,2029
13447,2117
13541,2207
13632,2296
13728,2383
13822,2474
13919,2563
14015,2656
14107,2749
14204,2837
14295,2927
14387,3023
14484,3115
14581,3207
14674,3301
14773,3392
14869,3486
14963,3576
15052,3675
15150,3763
15242,3855
15340,3945
15432,4039
15531,4131
15626,4227
15723,4315
15815,4404
15909,4499
15999,4599
16091,4690
16185,4778
16274,4870
16371,4959
83,5056
182,5143
270,5239
367,5329
459,5422
553,5512
651,5600
745,5688
840,5779
938,5873
1027,5960
1122,6049
1221,6138
1315,6230
1411,6320
1507,6413
1602,6502
1695,6591
1789,6683
1888,6776
1978,6864
2077,6957
2171,7048
2270,7139
2369,7232
2458,7327
2551,7419
2653,7511
2746,7605
2841,7696
2933,7787
3030,7882
3125,7974
3214,8069
3308,8157
3404,8252
3500,8343
3592,8435
3685,8529
3780,8617
3876,8712
3965,8804
4056,8898
4149,8993
4241,9081
4333,9171
4432,9265
4527,9356
4620,9443
4713,9540
4804,9630
4900,9723
4998,9812
5099,9904
5189,9995
5283,10085
5386,10179
5478,10271
5574,10358
5671,10447
5766,10540
5866,10637
5958,10726
6060,10818
6154,10909
6258,11005
6351,11101
6452,11195
6542,11287
6638,11384
6740,11479
6832,11573
6928,11673
7028,11761
7120,11859
7222,11953
7313,12046
7407,12138
7503,12235
7605,12329
7700,12424
7794,12518
7892,12617
7987,12712
8083,12809
8181,12901
8273,12995
8370,13089
8463,13183
8566,13277
8658,13372
8754,13467
8853,13561
8948,13651
9046,13745
9145,13838
9252,13931
9345,14022
9442,14116
9539,14205
9635,14299
9734,14392
9833,14486
9929,14574
10030,14668
10126,14763
10220,14853
10321,14951
10420,15042
10520,15135
10614,15234
10708,15327
10811,15422
10903,15517
11004,15608
11096,15704
11193,15798
11290,15894
11390,15991
11487,16083
11582,16177
11681,16269
11773,16366
11870,77
11963,169
12053,261
12151,358
12239,452
12333,546
12433,641
12525,735
12620,825
12719,919
12815,1014
12911,1108
13007,1200
13097,1289
13194,1383
13290,1474
13387,1569
13486,1658
13580,1743
13675,1837
13767,1926
13859,2020
13958,2111
14054,2201
14148,2292
14249,2382
14346,2471
14439,2565
14536,2655
14633,2747
14728,2841
14818,2931
14915,3024
15008,3115
15110,3207
15204,3301
15297,3396
15394,3489
15488,3576
15579,3673
15673,3762
15770,3856
15862,3944
15954,4040
16051,4129
16139,4225
16231,4316
16326,4405
38,4499
133,4589
226,4684
313,4776
410,4862
507,4957
601,5048
695,5139
785,5225
885,5313
978,5405
1070,5495
1170,5587
1263,5674
1360,5765
1454,5853
1543,5941
1637,6030
1732,6120
1832,6210
1922,6296
2017,6386
2106,6479
2203,6569
2297,6658
2397,6749
2486,6837
2578,6928
2673,7023
2768,7114
2864,7200
2956,7295
3047,7388
3140,7480
3233,7573
3328,7665
3418,7761
3515,7848
3609,7936
3704,8036
3791,8123
3883,8211
3977,8301
4066,8395
4159,8486
4252,8574
4340,8673
4431,8760
4529,8853
4621,8949
4713,9037
4804,9126
4903,9221
4995,9307
5089,9395
5183,9484
5277,9573
5367,9669
5457,9759
5551,9848
5648,9936
5743,10025
5836,10113
5930,10204
6024,10295
6118,10384
6210,10473
6304,10561
6402,10649
6493,10741
6586,10832
6682,10925
6773,11011
6868,11099
6964,11191
7052,11289
7147,11377
7237,11467
7336,11562
7430,11654
7527,11743
7620,11835
7708,11927
7802,12015
7896,12104
7979,12195
8075,12284
8165,12376
8260,12466
8351,12558
8447,12649
8538,12741
8634,12830
8727,12926
8820,13010
8915,13105
9006,13193
9096,13287
9190,13374
9282,13461
9378,13549
9474,13638
9572,13727
9662,13816
9752,13901
9848,13988
9937,14079
10035,14169
10123,14257
10214,14345
10313,14432
10409,14523
10502,14610
10595,14701
10688,14787
10782,14875
10875,14963
10964,15052
11059,15143
11147,15235
11246,15325
11340,15413
11434,15506
11520,15597
11610,15686
11702,15782
11797,15870
11889,15960
11982,16053
12070,16142
12162,16234
12254,16321
12344,26
12438,125
12532,217
12623,302
12718,395
12809,488
12900,579
12994,671
13090,764
13187,857
13277,947
13372,1039
13466,1124
13559,1214
13657,1307
13747,1400
13839,1491
13936,1579
14032,1670
14128,1757
14223,1846
14317,1941
14410,2031
14505,2118
14602,2209
14695,2304
14789,2398
14879,2480
14977,2574
15073,2664
15164,2757
15262,2850
15358,2942
15453,3037
15547,3129
15643,3222
15734,3314
15833,3407
15925,3505
16019,3594
16111,3685
16200,3777
16293,3865
6,3956
100,4047
192,4140
289,4232
376,4324
469,4422
566,4516
664,4609
760,4696
854,4789
948,4883
1047,4974
1145,5064
1243,5155
1333,5246
1429,5336
1523,5430
1618,5521
1719,5614
1813,5698
1906,5791
2004,5882
2098,5971
2196,6060
2293,6153
2390,6244
2482,6334
2575,6428
2670,6521
2771,6612
2867,6702
2959,6791
3054,6884
3153,6977
3243,7072
3341,7164
3434,7258
3530,7352
3626,7447
3725,7539
3817,7637
3905,7730
4005,7827
4097,7920
4196,8014
4289,8109
4384,8204
4483,8299
4580,8393
4673,8485
4775,8585
4877,8682
4976,8774
5073,8868
5166,8964
5270,9060
5368,9153
5461,9250
5561,9347
5658,9432
5753,9530
5854,9624
5956,9716
6051,9808
6146,9906
6252,9997
6355,10093
6450,10184
6549,10275
6645,10368
6740,10463
6839,10555
6938,10651
7032,10745
7131,10840
7228,10933
7326,11030
7424,11124
7519,11216
7622,11311
7715,11407
7812,11501
7908,11599
8002,11693
8095,11789
8192,11882
8288,11978
8388,12071
8480,12163
8572,12257
8672,12347
8774,12443
8871,12533
8962,12632
9054,12724
9157,12819
9253,12910
9346,13004
9443,13094
9538,13189
9635,13284
9732,13375
9828,13466
9925,13555
10020,13647
10118,13738
10212,13829
10311,13917
10407,14006
10499,14098
10594,14192
10687,14280
10781,14370
10876,14465
10976,14551
11074,14643
11169,14731
11261,14827
11353,14917
11449,15007
11541,15102
11642,15189
11736,15282
11832,15373
11925,15468
12019,15560
12106,15653
12199,15747
12293,15838
12386,15934
12481,16029
12575,16119
12669,16212
12767,16303
12860,13
12953,104
13051,198
13149,295
13243,387
13339,481
13434,575
13529,673
13626,761
13721,853
13821,945
13913,1041
14011,1131
14108,1222
14203,1313
14297,1406
14395,1496
14491,1591
14592,1678
14686,1769
14782,1863
14875,1953
14972,2041
15066,2131
15168,2221
15261,2314
15355,2410
15452,2502
15545,2594
15642,2684
15734,2778
15828,2869
15928,2959
16022,3054
16112,3145
16203,3237
16302,3334
7,3425
103,3517
195,3610
291,3703
388,3793
483,3883
580,3975
677,4069
772,4160
869,4251
958,4348
1057,4442
1149,4533
1245,4625
1343,4717
1441,4811
1533,4899
1629,4989
1720,5084
1820,5172
1916,5264
2012,5353
2103,5446
2197,5530
2288,5622
2387,5707
2478,5800
2577,5892
2670,5980
2764,6071
2857,6160
2948,6247
3046,6338
3142,6430
3235,6519
3325,6606
3418,6700
3508,6792
3608,6883
3702,6973
3793,7066
3882,7161
3973,7249
4071,7340
4161,7434
4248,7527
4343,7619
4438,7712
4535,7808
4628,7902
4720,7989
4818,8084
4912,8177
5003,8269
5099,8360
5193,8453
5286,8547
5381,8639
5476,8730
5572,8825
5665,8915
5762,9004
5856,9096
5947,9188
6039,9280
6136,9375
6227,9462
6324,9558
6419,9646
6512,9737
6606,9823
6701,9915
6794,10003
6888,10095
6984,10186
7081,10273
7172,10367
7263,10456
7360,10546
7455,10636
7543,10728
7644,10816
7739,10906
7829,10994
7922,11090
8014,11177
8105,11272
8205,11363
8294,11456
8384,11546
8476,11638
8574,11733
8667,11822
8764,11918
8857,12011
8948,12096
9041,12190
9139,12279
9235,12370
9330,12460
9426,12553
9516,12643
9607,12733
9710,12828
9798,12917
9900,13014
9992,13099
10084,13189
10180,13281
10279,13373
10376,13460
10471,13551
10563,13645
10657,13731
10754,13820
10849,13905
10943,13997
11037,14089
11127,14175
11217,14267
11315,14358
11407,14444
11501,14533
11596,14624
11687,14715
11782,14802
11877,14894
11970,14987
12063,15078
12151,15168
12245,15263
12335,15354
12425,15442
12525,15535
12617,15628
12713,15721
12806,15819
12902,15908
12997,16004
13089,16099
13182,16188
13281,16278
13375,16370
13467,82
13565,170
13653,261
13751,356
13844,452
13938,544
14040,637
14135,728
14231,822
14321,915
14417,1006
14510,1098
14610,1192
14704,1286
14803,1375
14898,1464
14990,1555
15086,1644
15187,1742
15274,1831
15371,1926
15468,2013
15568,2107
15659,2197
15754,2288
15843,2377
15941,2473
16036,2568
16130,2659
16223,2754
16324,2845
35,2937
128,3029
228,3126
316,3219
414,3313
509,3407
603,3501
701,3595
795,3689
893,3781
987,3877
1080,3969
1184,4062
1279,4161
1381,4250
1474,4347
1576,4439
1674,4535
1773,4628
1865,4725
1965,4818
2058,4909
2158,5006
2249,5095
2346,5190
2448,5284
2544,5375
2638,5465
2737,5559
2832,5651
2929,5744
3030,5834
3126,5927
3218,6020
3312,6110
3406,6202
3504,6292
3601,6387
3697,6479
3791,6573
3885,6669
3978,6759
4072,6852
4167,6942
4262,7038
4362,7131
4455,7225
4555,7320
4650,7416
4746,7512
4848,7607
4940,7698
5036,7798
5135,7888
5233,7982
5328,8076
5423,8169
5518,8261
5615,8358
5710,8449
5810,8543
5905,8634
6002,8726
6095,8821
6190,8914
6289,9009
6384,9102
6480,9195
6573,9284
6668,9378
6765,9465
6859,9558
6955,9644
7050,9736
7145,9828
7240,9915
7332,10009
7426,10098
7519,10190
7612,10283
7705,10368
7800,10459
7885,10546
7981,10635
8072,10728
8165,10818
8256,10914
8350,11000
8443,11097
8538,11186
8626,11275
8726,11370
8824,11459
8914,11549
9009,11646
9098,11737
9196,11829
9292,11922
9384,12013
9478,12096
9572,12184
9666,12277
9755,12370
9851,12465
9944,12558
10037,12651
10131,12740
10227,12834
10320,12925
10419,13019
10515,13115
10612,13203
10704,13295
10798,13384
10893,13477
10988,13566
11080,13657
11174,13748
11274,13835
11365,13925
11457,14016
11555,14110
11648,14201
11744,14288
11837,14378
11930,14469
12019,14561
12113,14652
12209,14745
12302,14836
12397,14928
12491,15020
12583,15111
12679,15204
12771,15292
12863,15390
12961,15484
13060,15578
13154,15673
13250,15764
13341,15861
13436,15950
13538,16042
13634,16133
13724,16226
13825,16317
13923,29
14013,120
14108,214
14206,304
14301,400
14399,495
14492,589
14586,679
14683,768
14774,863
14866,954
14962,1042
15058,1133
15151,1226
15244,1315
15340,1408
15434,1497
15529,1585
15619,1673
15710,1764
15809,1854
15901,1945
15989,2039
16085,2125
16177,2211
16270,2307
16361,2396
66,2485
155,2571
252,2660
350,2753
438,2845
529,2938
626,3025
722,3119
814,3213
909,3300
997,3395
1092,3485
1187,3572
1283,3667
1375,3754
1472,3846
1563,3935
1658,4025
1749,4117
1846,4211
1936,4302
2034,4395
2122,4485
2222,4575
2317,4668
2415,4761
2506,4850
2601,4938
2700,5030
2787,5122
2884,5215
2973,5304
3070,5395
3166,5484
3259,5573
3356,5662
3450,5755
3546,5840
3636,5932
3731,6021
3826,6109
3920,6199
4004,6294
4099,6382
4199,6473
4292,6564
4388,6652
4484,6745
4581,6835
4668,6926
4763,7019
4861,7109
4955,7202
5050,7292
5145,7386
5242,7483
5338,7574
5431,7666
5529,7758
5624,7852
5719,7947
5823,8040
5915,8128
6009,8221
6108,8316
6204,8409
6296,8505
6391,8597
6482,8689
6577,8778
6670,8872
6766,8964
6865,9055
6959,9147
7052,9239
7148,9330
7243,9422
7338,9515
7434,9607
7527,9699
7621,9786
7714,9877
7810,9969
7895,10057
7988,10148
8085,10237
8178,10328
8277,10418
8368,10509
8460,10602
8554,10690
8649,10785
8743,10876
8836,10969
8933,11060
9028,11149
9122,11241
9218,11335
9308,11425
9409,11522
9511,11615
9607,11708
9699,11804
9794,11896
9888,11987
9984,12080
10079,12171
10180,12261
10277,12355
10365,12450
10461,12548
10558,12640
10652,12730
10747,12826
10845,12917
10945,13011
11041,13102
11133,13194
11231,13288
11329,13380
11425,13474
11522,13567
11622,13658
11712,13746
11813,13844
11902,13934
11997,14026
12088,14119
12186,14212
12280,14308
12377,14393
12478,14487
12571,14579
12670,14674
12765,14771
12862,14862
12960,14957
13057,15052
13155,15144
13253,15241
13353,15334
13448,15429
13544,15527
13651,15619
13748,15718
13844,15815
13941,15909
14042,16011
14139,16104
14237,16194
14338,16291
14431,3
14535,98
14628,194
14731,294
14827,391
14929,486
15024,579
15120,675
15221,768
15321,863
15421,962
15519,1054
15615,1150
15715,1244
15811,1334
15910,1428
16008,1522
16101,1613
16190,1706
16289,1800
1,1894
102,1988
199,2078
293,2170
393,2264
493,2357
586,2449
686,2547
783,2638
882,2735
982,2828
1074,2919
1176,3014
1270,3107
1366,3203
1463,3297
1559,3393
1658,3487
1758,3582
1854,3675
1949,3769
2047,3862
2140,3954
2238,4049
2332,4145
2437,4238
2529,4332
2629,4425
2725,4519
2817,4617
2917,4707
3013,4806
3103,4896
3202,4987
3296,5080
3394,5176
3485,5268
3583,5364
3674,5453
3768,5544
3859,5632
3955,5725
4047,5814
4144,5904
4235,5995
4331,6087
4426,6175
4515,6267
4608,6360
4709,6450
4802,6541
4898,6635
4988,6728
5085,6820
5178,6911
5273,7002
5373,7094
5462,7185
5561,7281
5657,7372
5756,7470
5849,7562
5942,7654
6040,7747
6136,7842
6230,7932
6326,8022
6422,8117
6518,8206
6612,8300
6703,8399
6804,8489
6894,8577
6988,8671
7086,8763
7180,8859
7274,8949
7372,9040
7461,9134
7560,9226
7656,9317
7749,9410
7844,9504
7930,9591
8026,9676
8112,9770
8210,9861
8301,9951
8399,10043
8497,10129
8588,10220
8680,10311
8774,10406
8873,10492
8967,10583
9061,10673
9160,10761
9254,10857
9347,10945
9438,11037
9536,11127
9635,11223
9729,11316
9822,11412
9919,11500
10012,11590
10107,11683
10200,11772
10293,11866
10393,11963
10492,12053
10585,12142
10676,12232
10768,12325
10863,12415
10958,12505
11055,12604
11148,12693
11242,12783
11333,12880
11434,12970
11524,13058
11622,13150
11707,13238
11804,13331
11901,13420
11992,13510
12079,13600
12172,13690
12269,13780
12355,13870
12450,13959
12545,14045
12635,14132
12733,14224
12825,14309
12920,14402
13009,14488
13105,14577
13201,14671
13296,14759
13387,14849
13479,14940
13576,15028
13664,15118
13757,15209
13851,15298
13947,15388
14039,15478
14140,15574
14231,15662
14324,15753
14423,15845
14516,15934
14607,16026
14700,16115
14793,16207
14887,16298
14980,3
15075,92
15170,185
15258,277
15353,371
15441,464
15534,555
15627,644
15722,736
15812,826
15906,915
15998,1005
16089,1094
16174,1182
16265,1272
16356,1360
69,1452
155,1544
251,1628
349,1715
434,1802
531,1892
621,1986
709,2072
809,2162
903,2250
998,2338
1089,2427
1184,2515
1275,2607
1373,2697
1467,2791
1555,2887
1649,2972
1746,3064
1843,3153
1934,3248
2026,3337
2120,3430
2216,3524
2312,3620
2406,3713
2503,3801
2595,3885
2684,3980
2781,4070
2877,4159
2973,4259
3067,4345
3160,4439
3262,4536
3350,4630
3447,4719
3539,4806
3633,4898
3726,4990
3818,5080
3912,5171
3999,5260
4092,5352
4190,5440
4286,5531
4381,5623
4474,5711
4571,5800
4668,5887
4757,5978
4853,6065
4949,6158
5045,6246
5142,6338
5232,6426
5331,6516
5427,6606
5519,6696
5616,6785
5710,6880
5807,6967
5900,7062
5998,7152
6094,7244
6185,7334
6278,7427
6378,7520
6471,7614
6561,7705
6663,7797
6754,7885
6846,7976
6937,8068
7034,8161
7131,8249
7222,8346
7318,8435
7411,8529
7506,8619
7598,8712
7694,8805
7786,8895
7879,8988
7969,9079
8064,9168
8159,9262
8248,9348
8346,9444
8442,9535
8532,9623
8628,9715
8726,9807
8818,9896
8913,9986
9009,10082
9103,10173
9198,10263
9297,10353
9390,10449
9489,10542
9587,10635
9681,10724
9777,10821
9876,10914
9974,11008
10072,11097
10167,11191
10263,11292
10358,11384
10459,11484
10556,11576
10654,11669
10751,11763
10850,11859
10949,11956
11049,12051
11147,12144
11243,12243
11338,12340
11436,12437
11535,12530
11636,12627
11731,12723
11827,12821
11925,12915
12022,13007
12110,13105
12207,13200
12307,13298
12406,13395
12500,13487
12599,13577
12698,13670
12795,13767
12894,13855
12989,13947
13088,14042
13183,14132
13280,14228
13378,14320
13474,14412
13569,14501
13668,14594
13763,14689
13864,14781
13959,14876
14054,14969
14157,15063
14254,15156
14348,15250
14442,15341
14537,15436
14632,15528
14727,15624
14825,15714
14920,15809
15023,15905
15114,15997
15211,16085
15307,16177
15400,16270
15494,16363
15587,71
15685,167
15776,262
15870,349
15965,444
16057,538
16150,628
16239,721
16331,815
41,904
139,994
230,1085
326,1175
423,1268
517,1362
605,1450
699,1544
798,1626
890,1719
985,1809
1083,1899
1179,1994
1273,2083
1372,2173
1465,2263
1561,2356
1658,2446
1749,2536
1847,2625
1941,2720
2038,2813
2127,2906
2226,2999
2328,3089
2426,3181
2517,3275
2613,3374
2706,3467
2804,3563
2899,3659
2992,3749
3088,3845
3185,3935
3280,4034
3376,4122
3476,4216
3568,4315
3664,4407
3755,4502
3849,4598
3935,4691
4035,4785
4133,4876
4224,4973
4323,5069
4420,5158
4517,5254
4613,5345
4710,5434
4804,5525
4896,5618
4996,5709
5090,5799
5190,5890
5284,5985
5377,6073
5474,6166
5573,6259
5667,6347
5765,6440
5859,6535
5955,6625
6047,6711
6144,6807
6244,6900
6340,6990
6428,7080
6525,7174
6619,7266
6718,7361
6813,7452
6904,7548
7001,7640
7094,7731
7192,7830
7284,7917
7370,8011
7470,8104
7564,8196
7653,8285
7747,8380
7843,8467
7930,8560
8025,8654
8121,8749
8214,8838
8305,8935
8397,9023
8491,9115
8588,9204
8680,9298
8773,9384
8871,9476
8959,9564
9051,9657
9147,9744
9244,9837
9341,9925
9435,10010
9527,10102
9620,10192
9717,10283
9813,10370
9907,10464
9999,10551
10094,10643
10190,10735
10287,10826
10384,10919
10483,11008
10568,11102
10664,11194
10755,11287
10853,11383
10950,11473
11047,11566
11142,11657
11236,11752
11333,11849
11429,11940
11519,12028
11616,12122
11710,12214
11801,12308
11899,12404
11994,12496
12082,12588
12175,12685
12272,12778
12366,12872
12459,12959
12555,13052
12654,13141
12749,13238
12838,13328
12933,13416
13028,13515
13123,13603
13223,13696
13313,13783
13409,13869
13504,13963
13604,14051
13698,14139
13798,14235
13895,14327
13988,14413
14083,14501
14175,14593
14271,14685
14362,14773
14464,14866
14559,14953
14656,15047
14752,15140
14841,15232
14940,15323
15031,15417
15130,15506
15220,15601
15313,15697
15415,15789
15507,15881
15600,15974
15697,16067
15791,16155
15879,16249
15975,16341
16068,51
16164,145
16260,238
16348,333
55,426
152,518
245,612
343,701
434,791
530,884
625,979
716,1071
814,1163
910,1255
1002,1347
1099,1439
1197,1527
1292,1618
1386,1709
1482,1799
1577,1888
1677,1979
1774,2070
1872,2160
1963,2251
2060,2345
2156,2441
2253,2530
2349,2620
2448,2717
2541,2806
2641,2898
2734,2997
2833,3084
2924,3185
3019,3282
3116,3374
3218,3467
3312,3559
3405,3651
3498,3749
3601,3839
3692,3933
3782,4027
3877,4124
3973,4213
4069,4311
4168,4410
4264,4501
4362,4592
4453,4687
4552,4781
4650,4875
4745,4972
4840,5063
4934,5157
5036,5249
5134,5339
5229,5431
5325,5525
5420,5616
5522,5705
5615,5799
5713,5892
5810,5979
5905,6073
6003,6163
6102,6258
6197,6348
6300,6441
6398,6532
6495,6625
6584,6721
6685,6814
6781,6907
6876,6999
6977,7089
7075,7183
7167,7281
7264,7377
7363,7470
7458,7565
7552,7662
7653,7757
7752,7854
7845,7945
7938,8040
8031,8138
8123,8227
8224,8326
8322,8422
8419,8517
8518,8611
8610,8704
8706,8803
8803,8894
8901,8989
9001,9083
9095,9174
9194,9268
9290,9365
9390,9457
9487,9551
9588,9648
9682,9737
9782,9826
9877,9918
9981,10009
10066,10107
10167,10197
10266,10289
10365,10381
10463,10475
10555,10568
10655,10662
10757,10755
10858,10847
10950,10936
11047,11031
11137,11131
11238,11225
11332,11321
11423,11409
11526,11503
11617,11600
11716,11695
11812,11787
11907,11878
12001,11971
12092,12063
12182,12155
12273,12247
12372,12344
12467,12435
12561,12528
12656,12623
12752,12715
12846,12809
12940,12899
13033,12993
13128,13080
13224,13171
13320,13266
13412,13356
13503,13450
13602,13536
13700,13624
13792,13715
13884,13805
13978,13896
14073,13985
14170,14073
14264,14166
14358,14251
14448,14343
14544,14427
14640,14519
14736,14611
14824,14698
14916,14785
15010,14877
15102,14969
15199,15055
15291,15147
15387,15237
15480,15328
15570,15420
15661,15513
15757,15603
15852,15693
15945,15785
16037,15877
16128,15970
16221,16061
16310,16151
17,16246
109,16334
206,43
299,132
394,222
487,318
579,410
677,502
767,591
855,682
955,772
1047,868
1145,960
1243,1045
1335,1136
1425,1227
1524,1318
1617,1404
1713,1499
1809,1590
1905,1682
2000,1769
2098,1858
2189,1949
2284,2037
2374,2129
2473,2220
2568,2308
2668,2404
2758,2490
2853,2582
2949,2672
3043,2765
3134,2856
3231,2948
3327,3041
3418,3131
3510,3226
3603,3321
3698,3414
3790,3505
3878,3601
3970,3689
4064,3781
4162,3872
4255,3965
4348,4057
4439,4147
4536,4237
4626,4332
4721,4424
4813,4513
4906,4605
5001,4696
5093,4788
5190,4878
5280,4967
5373,5061
5467,5149
5564,5239
5653,5327
5744,5422
5844,5506
5936,5593
6030,5682
6127,5770
6217,5859
6307,5947
6397,6036
6488,6121
6582,6212
6674,6304
6774,6391
6868,6478
6960,6569
7044,6654
7137,6749
7232,6839
7328,6923
7420,7014
7511,7104
7602,7196
7696,7293
7788,7381
7878,7471
7965,7562
8058,7656
8145,7750
8242,7836
8338,7927
8428,8013
8517,8101
8614,8193
8709,8281
8799,8375
8891,8474
8983,8563
9076,8655
9174,8747
9270,8836
9360,8929
9455,9021
9548,9109
9649,9196
9745,9287
9837,9379
9931,9468
10028,9560
10124,9646
10214,9739
10309,9826
10405,9918
10501,10005
10598,10095
10689,10189
10782,10279
10878,10372
10980,10460
11068,10551
11165,10640
11261,10733
11350,10820
11446,10918
11544,11007
11639,11097
11728,11191
11821,11283
11920,11372
12012,11469
12098,11560
12189,11651
12288,11749
12378,11843
12474,11934
12572,12024
12663,12113
12762,12210
12855,12306
12949,12397
13045,12489
13139,12581
13237,12674
13330,12764
13425,12860
13518,12949
13613,13037
13701,13132
13798,13228
13887,13317
13985,13404
14081,13497
14174,13585
14272,13678
14368,13765
14459,13852
14557,13944
14657,14034
14748,14121
14839,14212
14934,14303
15030,14392
15120,14482
15211,14568
15307,14657
15407,14757
15500,14843
15588,14932
15682,15024
15779,15115
15875,15208
15971,15298
16068,15391
16153,15485
16249,15576
16344,15673
53,15765
145,15861
241,15949
339,16040
440,16136
531,16229
625,16325
721,35
822,128
915,224
1008,320
1101,411
1200,503
1300,598
1399,691
1497,783
1592,877
1689,970
1789,1065
1889,1155
1987,1246
2082,1343
2180,1433
2279,1530
2376,1625
2473,1716
2575,1808
2670,1899
2768,1992
2866,2084
2963,2179
3059,2278
3155,2366
3251,2459
3350,2554
3449,2652
3548,2746
3643,2843
3738,2936
3834,3032
3930,3126
4022,3222
4120,3318
4216,3419
4315,3510
4414,3606
4513,3702
4611,3794
4705,3888
4803,3981
4902,4074
4994,4175
5098,4271
5193,4368
5288,4464
5385,4559
5481,4653
5579,4747
5677,4840
5773,4935
5872,5026
5965,5123
6065,5218
6160,5309
6256,5402
6356,5494
6453,5584
6547,5672
6641,5767
6737,5854
6835,5951
6932,6040
7027,6132
7121,6221
7217,6315
7315,6405
7406,6494
7503,6588
7599,6685
7690,6776
7789,6862
7880,6955
7971,7050
8065,7144
8156,7235
8252,7327
8350,7422
8444,7514
8540,7607
8633,7702
8731,7794
8823,7883
8923,7978
9017,8073
9110,8161
9208,8251
9299,8345
9393,8439
9487,8532
9587,8623
9688,8721
9778,8813
9875,8904
9971,8999
10064,9086
10163,9181
10262,9274
10358,9361
10452,9453
10546,9543
10640,9632
10737,9723
10833,9811
10923,9904
11016,9991
11112,10079
11210,10173
11304,10266
11401,10356
11494,10449
11591,10538
11689,10627
11779,10718
11877,10815
11968,10907
12062,10999
12152,11095
12243,11183
12341,11277
12440,11369
12534,11462
12630,11563
12727,11652
12817,11747
12913,11840
13009,11932
13103,12026
13197,12116
13292,12209
13388,12298
13482,12396
13577,12490
13674,12586
13768,12676
13862,12772
13956,12860
14052,12954
14146,13047
14242,13140
14340,13235
14432,13323
14528,13416
14619,13509
14720,13601
14813,13690
14908,13781
15006,13872
15093,13962
15186,14051
15282,14142
15378,14232
15475,14321
15568,14411
15659,14503
15757,14600
15855,14688
15947,14778
16040,14867
16130,14962
16219,15051
16305,15143
17,15234
111,15328
205,15420
299,15510
391,15606
489,15700
582,15795
670,15883
772,15983
867,16073
960,16163
1054,16250
1150,16345
1242,55
1341,143
1438,239
1528,334
1625,424
1722,517
1818,606
1911,699
2004,790
2104,877
2193,969
2290,1060
2388,1152
2477,1242
2573,1330
2666,1424
2762,1509
2857,1599
2945,1686
3037,1781
3133,1867
3233,1955
3327,2046
3418,2134
3506,2226
3600,2314
3695,2402
3784,2493
3876,2583
3968,2676
4066,2767
4159,2854
4254,2949
4343,3041
4439,3129
4527,3224
4618,3312
4720,3403
4815,3497
4908,3593
4997,3681
5088,3772
5186,3866
5280,3956
5374,4046
5467,4136
5560,4230
5651,4320
5752,4413
5843,4505
5946,4599
6035,4686
6127,4777
6221,4867
6315,4960
6404,5050
6497,5136
6599,5226
6687,5321
6781,5408
6876,5498
6972,5586
7061,5673
7155,5763
7246,5856
7341,5942
7432,6032
7525,6124
7620,6214
7712,6303
7813,6393
7898,6481
7989,6575
8079,6661
8175,6755
8267,6845
8358,6935
8452,7024
8551,7118
8647,7208
8740,7302
8827,7397
8923,7489
9016,7581
9109,7677
9206,7769
9302,7856
9389,7947
9485,8042
9582,8133
9675,8224
9777,8315
9870,8415
9962,8508
10063,8598
10152,8687
10248,8781
10340,8871
10438,8963
10534,9057
10626,9151
10722,9238
10816,9330
10910,9418
11005,9510
11101,9596
11196,9690
11287,9780
11382,9868
11478,9959
11571,10048
11667,10131
11760,10223
11855,10310
11947,10401
12041,10491
12135,10584
12224,10677
12313,10767
12407,10855
12503,10947
12600,11038
12692,11133
12782,11222
12883,11316
12975,11408
13073,11501
13164,11593
13258,11687
13354,11778
13450,11871
13548,11967
13637,12053
13735,12145
13829,12242
13929,12331
14023,12423
14119,12518
14211,12607
14311,12702
14404,12798
14501,12892
14597,12983
14690,13076
14786,13170
14883,13263
14978,13353
15076,13444
15175,13537
15266,13627
15365,13718
15462,13810
15555,13900
15650,13989
15751,14081
15847,14171
15943,14266
16036,14354
16126,14444
16223,14534
16319,14631
30,14723
127,14814
220,14904
315,14999
406,15095
508,15187
609,15281
705,15373
799,15472
899,15565
996,15662
1098,15753
1189,15851
1291,15945
1390,16038
1486,16132
1583,16225
1680,16323
1778,33
1875,127
1969,219
2066,315
2167,410
2260,503
2355,596
2454,687
2548,784
2645,881
2741,972
2839,1061
2938,1153
3035,1244
3129,1337
3225,1429
3314,1519
3410,1610
3508,1702
3601,1791
3698,1882
3792,1972
3884,2062
3974,2149
4068,2241
4157,2334
4255,2426
4350,2520
4444,2608
4536,2701
4634,2791
4729,2885
4824,2979
4915,3067
5008,3160
5100,3251
5191,3344
5286,3439
5380,3535
5481,3629
5573,3717
5664,3808
5759,3900
5857,3990
5947,4083
6039,4172
6142,4271
6233,4359
6328,4453
6421,4550
6511,4639
6609,4734
6703,4822
6800,4913
6892,5004
6981,5095
7074,5185
7175,5278
7267,5366
7358,5456
7454,5545
7550,5637
7647,5725
7742,5812
7837,5906
7926,5996
8010,6085
8107,6176
8202,6265
8292,6355
8390,6446
8481,6537
8580,6628
8673,6720
8764,6812
8864,6903
8962,6994
9054,7088
9149,7177
9249,7268
9337,7366
9437,7458
9527,7551
9632,7647
9728,7741
9820,7832
9910,7917
10008,8010
10107,8109
10203,8197
10298,8292
10392,8385
10486,8478
10577,8569
10671,8659
10772,8752
10859,8841
10956,8934
11053,9026
11148,9123
11247,9214
11337,9309
11434,9393
11527,9486
11626,9575
11719,9667
11811,9753
11897,9844
11989,9935
12083,10025
12176,10118
12270,10204
12360,10293
12462,10381
12552,10471
12641,10566
12736,10655
12832,10744
12922,10837
13021,10928
13118,11022
13211,11108
13303,11199
13398,11296
13493,11390
13583,11479
13679,11570
13771,11663
13865,11760
13961,11853
14056,11942
14150,12028
14242,12117
14340,12211
14428,12304
14522,12399
14616,12490
14708,12583
14807,12669
14904,12762
14996,12855
15085,12951
15183,13039
15276,13131
15371,13223
15463,13315
15557,13406
15652,13493
15742,13586
15839,13675
15931,13765
16020,13851
16111,13939
16203,14028
16294,14119
1,14209
93,14296
191,14384
280,14473
375,14568
470,14653
560,14747
656,14835
751,14926
850,15016
942,15110
1039,15199
1135,15290
1226,15382
1318,15475
1419,15566
1512,15665
1606,15755
1700,15847
1796,15939
1891,16036
1988,16129
2081,16217
2173,16309
2271,15
2367,110
2457,203
2554,295
2646,385
2750,478
2840,570
2932,658
3027,753
3117,845
3212,936
3307,1029
3407,1116
3499,1209
3594,1300
3689,1392
3779,1478
3868,1572
3961,1657
4055,1746
4148,1843
4240,1932
4341,2022
4435,2108
4532,2198
4624,2287
4721,2382
4816,2474
4908,2564
5006,2657
5098,2748
5190,2838
5278,2932
5377,3023
5475,3117
5570,3208
5666,3302
5761,3395
5854,3486
5952,3586
6045,3675
6144,3769
6237,3858
6335,3945
6430,4043
6527,4135
6618,4226
6712,4325
6806,4412
6908,4511
6999,4600
7091,4694
7187,4792
7286,4880
7377,4970
7473,5063
7570,5158
7663,5245
7758,5338
7853,5430
7948,5517
8042,5610
8132,5702
8229,5796
8322,5883
8422,5977
8523,6066
8613,6157
8706,6247
8803,6338
8895,6435
8994,6523
9095,6612
9188,6710
9286,6799
9382,6896
9483,6987
9577,7084
9676,7178
9772,7272
9867,7363
9964,7460
10063,7553
10159,7646
10261,7742
10362,7838
10455,7930
10547,8026
10642,8124
10743,8221
10841,8311
10944,8404
11035,8499
11133,8593
11227,8695
11329,8784
11424,8875
11523,8974
11620,9069
11719,9161
11815,9254
11910,9349
12002,9440
12094,9532
12193,9627
12289,9722
12384,9812
12480,9902
12577,10001
12675,10091
12771,10188
12873,10276
12975,10371
13069,10465
13165,10559
13263,10651
13361,10745
13459,10838
13556,10932
13659,11028
13753,11121
13852,11220
13948,11318
14043,11415
14148,11509
14243,11605
14346,11703
14440,11798
14547,11896
14636,11990
14735,12083
14833,12174
14935,12270
15036,12366
15135,12463
15234,12557
15329,12654
15428,12750
15522,12846
15618,12940
15717,13034
15811,13129
15909,13219
16006,13317
16103,13407
16195,13502
16287,13594
1,13691
97,13780
191,13873
292,13964
391,14055
487,14149
582,14241
679,14330
770,14424
870,14512
966,14605
1063,14693
1161,14786
1258,14879
1353,14974
1450,15069
1549,15162
1642,15249
1740,15341
1837,15437
1931,15532
2021,15625
2124,15719
2217,15809
2313,15901
2408,15997
2499,16088
2597,16179
2692,16269
2786,16368
2883,78
2974,171
3071,262
3166,357
3257,448
3353,541
3447,630
3542,728
3634,817
3731,907
3820,1000
3910,1089
4001,1181
4088,1270
4183,1363
4278,1455
4378,1544
4468,1631
4565,1723
4657,1813
4752,1904
4845,1988
4939,2084
5036,2176
5133,2267
5225,2357
5317,2446
5412,2539
5514,2630
5605,2722
5701,2813
5793,2904
5889,2999
5985,3090
6078,3183
6171,3270
6267,3364
6365,3459
6454,3553
6555,3652
6650,3744
6740,3831
6838,3920
6932,4018
7031,4106
7123,4198
7214,4292
7312,4388
7410,4480
7504,4572
7596,4662
7689,4756
7783,4847
7878,4938
7971,5029
8061,5122
8153,5211
8250,5303
8340,5392
8438,5484
8534,5573
8628,5660
8721,5750
8812,5843
8912,5929
9003,6018
9096,6107
9192,6193
9289,6285
9382,6377
9472,6461
9569,6551
9666,6644
9759,6736
9851,6829
9943,6915
10039,7004
10140,7096
10231,7187
10322,7279
10419,7372
10508,7464
10606,7554
10696,7649
10797,7743
10882,7831
10977,7923
11069,8015
11167,8103
11259,8192
11347,8281
11441,8377
11537,8469
11625,8562
11725,8651
11813,8736
11905,8831
11993,8923
12078,9011
12175,9101
12271,9190
12355,9281
12449,9369
12542,9460
12634,9545
12725,9637
12817,9723
12909,9813
12997,9903
13095,9993
13193,10080
13284,10167
13373,10249
13471,10340
13561,10429
13656,10521
13748,10609
13839,10703
13931,10791
14030,10882
14123,10972
14213,11063
14306,11152
14403,11243
14493,11337
14593,11429
14685,11522
14774,11616
14874,11703
14965,11796
15057,11888
15154,11976
15246,12064
15340,12158
15439,12249
15534,12345
15625,12438
15717,12528
15809,12622
15900,12711
15998,12806
16089,12898
16178,12989
16273,13081
16368,13171
77,13262
168,13355
265,13444
356,13530
449,13619
543,13710
633,13803
734,13894
828,13979
922,14069
1023,14157
1120,14249
1211,14335
1305,14425
1397,14518
1495,14608
1591,14698
1681,14786
1776,14879
1872,14969
1966,15057
2056,15153
2152,15246
2250,15332
2340,15427
2437,15519
2533,15612
2622,15706
2725,15797
2817,15891
2907,15983
3001,16074
3094,16164
3193,16255
3286,16347
3380,55
3473,149
3565,238
3657,331
3748,423
3837,514
3930,610
4022,702
4121,793
4210,881
4304,975
4395,1068
4494,1157
4589,1247
4681,1336
4774,1430
4870,1517
4964,1606
5055,1699
5150,1790
5248,1881
5341,1970
5434,2061
5531,2150
5624,2244
5717,2337
5812,2426
5915,2517
6010,2612
6105,2702
6201,2794
6300,2888
6397,2982
6493,3073
6591,3172
6687,3266
6781,3358
6881,3454
6978,3549
7072,3643
7169,3736
7268,3827
7363,3924
7461,4015
7551,4114
7652,4209
7748,4306
7841,4401
7931,4497
8029,4593
8123,4683
8219,4776
8322,4873
8416,4969
8510,5060
8609,5156
8708,5247
8802,5342
8898,5433
8990,5526
9096,5619
9194,5714
9291,5808
9392,5898
9493,5990
9589,6081
9690,6173
9786,6263
9883,6361
9978,6451
10072,6547
10171,6639
10270,6732
10371,6828
10472,6919
10569,7010
10665,7104
10760,7202
10860,7296
10955,7391
11054,7488
11147,7586
11248,7679
11345,7774
11441,7870
11537,7963
11629,8055
11728,8150
11820,8248
11923,8340
12014,8430
12112,8530
12205,8624
12296,8718
12396,8812
12490,8905
12580,8998
12676,9093
12772,9191
12872,9279
12972,9374
13066,9464
13161,9555
13256,9650
13355,9740
13450,9832
13551,9925
13643,10016
13739,10104
13836,10195
13932,10290
14026,10380
14125,10473
14223,10566
14318,10653
14414,10747
14514,10838
14614,10927
14700,11021
14799,11116
14893,11209
14992,11301
15084,11398
15179,11492
15278,11584
15370,11676
15464,11768
15557,11864
15653,11958
15748,12046
15850,12139
15940,12234
16039,12329
16127,12421
16219,12514
16314,12604
22,12699
116,12790
208,12887
305,12982
399,13069
494,13162
589,13256
683,13344
782,13439
870,13532
971,13620
1063,13712
1158,13797
1252,13890
1350,13980
1440,14072
1537,14164
1637,14251
1733,14340
1831,14428
1928,14522
2015,14616
2116,14706
2207,14794
2308,14884
2409,14979
2495,15072
2589,15164
2685,15258
2785,15350
2879,15446
2972,15537
3068,15630
3164,15721
3258,15818
3353,15912
3444,16006
3538,16102
3634,16189
3726,16287
3821,16376
3916,85
4012,179
4099,274
4196,370
4292,464
4382,557
4480,646
4576,741
4669,829
4768,923
4861,1023
4956,1115
5051,1203
5151,1294
5249,1386
5348,1481
5438,1572
5533,1666
5630,1752
5721,1837
5821,1930
5923,2024
6017,2112
6105,2203
6206,2298
6304,2385
6400,2474
6496,2564
6591,2656
6689,2751
6788,2845
6878,2934
6974,3029
7073,3122
7163,3217
7257,3308
7357,3404
7450,3497
7540,3588
7635,3681
7735,3775
7830,3862
7920,3951
8013,4044
8106,4140
8200,4232
8295,4324
8388,4413
8486,4510
8582,4597
8674,4689
8771,4779
8861,4872
8950,4963
9045,5055
9143,5147
9234,5237
9333,5331
9427,5420
9524,5508
9620,5597
9712,5687
9814,5777
9899,5866
9994,5959
10090,6050
10187,6139
10280,6226
10373,6315
10467,6406
10563,6494
10656,6585
10755,6677
10852,6772
10945,6864
11037,6953
11136,7044
11233,7135
11323,7226
11414,7320
11512,7412
11606,7506
11700,7604
11789,7695
11883,7789
11980,7877
12066,7968
12158,8062
12251,8158
12347,8249
12443,8340
12534,8439
12632,8533
12731,8625
12824,8714
12913,8803
13005,8900
13099,8992
13195,9086
13291,9181
13388,9269
13484,9361
13577,9453
13674,9547
13770,9638
13861,9729
13955,9820
14055,9909
14151,10000
14250,10092
14342,10182
14443,10273
14535,10363
14633,10454
14729,10544
14825,10636
14916,10725
15015,10822
15112,10913
15205,11005
15303,11093
15401,11183
15495,11282
15590,11374
15682,11469
15779,11562
15872,11658
15968,11752
16058,11845
16155,11936
16248,12026
16345,12118
55,12206
149,12301
238,12397
331,12490
432,12580
532,12672
623,12768
717,12857
815,12951
910,13043
1005,13132
1102,13226
1196,13321
1291,13413
1389,13503
1481,13591
1577,13683
1674,13775
1769,13866
1867,13957
1960,14049
2058,14140
2157,14229
2251,14319
2347,14409
2441,14499
2529,14595
2631,14683
2730,14775
2822,14864
2924,14958
3015,15052
3110,15148
3208,15238
3302,15331
3397,15426
3494,15522
3587,15617
3689,15713
3778,15806
3869,15901
3968,15998
4064,16091
4158,16185
4254,16282
4349,16379
4445,84
4539,182
4641,275
4734,372
4828,468
4932,564
5028,659
5123,753
5222,854
5326,948
5417,1040
5511,1133
5617,1226
5710,1321
5808,1414
5901,1505
6004,1597
6104,1690
6200,1782
6297,1877
6398,1974
6493,2067
6591,2160
6694,2253
6787,2347
6885,2434
6984,2528
7083,2624
7183,2715
7277,2811
7370,2905
7469,3001
7566,3096
7661,3186
7758,3280
7854,3377
7946,3470
8043,3569
8136,3658
8232,3750
8323,3844
8421,3938
8518,4032
8613,4126
8702,4216
8805,4311
8902,4403
8998,4498
9088,4594
9186,4682
9285,4775
9381,4867
9476,4961
9572,5053
9668,5145
9761,5233
9860,5324
9951,5416
10046,5503
10138,5592
10234,5681
10330,5772
10422,5859
10514,5949
10610,6038
10705,6128
10799,6222
10895,6307
10987,6398
11083,6485
11179,6574
11271,6663
11369,6758
11460,6848
11550,6940
11648,7032
11740,7126
11833,7219
11925,7310
12013,7398
12105,7490
12198,7586
12290,7676
12382,7767
12478,7859
12576,7952
12666,8041
12762,8135
12856,8229
12952,8319
13043,8411
13137,8503
13227,8599
13323,8692
13420,8780
13518,8871
13611,8961
13710,9055
13803,9144
13897,9240
13994,9334
14084,9423
14181,9511
14276,9600
14369,9686
14468,9779
14562,9870
14655,9958
14753,10048
14842,10137
14940,10229
15037,10322
15128,10410
15222,10499
15319,10590
15412,10682
15507,10775
15602,10866
15699,10955
15793,11049
15885,11139
15979,11235
16070,11325
16157,11410
16252,11507
16345,11604
57,11696
151,11785
245,11881
338,11970
433,12059
524,12151
620,12241
719,12333
812,12423
900,12517
999,12611
1094,12705
1187,12794
1280,12881
1373,12978
1470,13068
1562,13158
1655,13250
1746,13340
1842,13428
1933,13518
2028,13607
2123,13690
2222,13783
2312,13868
2408,13960
2501,14051
2596,14136
2690,14226
2783,14316
2872,14407
2967,14495
3060,14581
3155,14667
3243,14760
3339,14847
3430,14939
3522,15030
3619,15117
3711,15208
3801,15297
3892,15389
3981,15480
4072,15573
4169,15661
4260,15755
4352,15845
4448,15932
4539,16029
4631,16119
4719,16211
4816,16298
4907,5
5005,96
5098,192
5193,283
5289,377
5381,470
5473,560
5567,650
5657,740
5757,829
5852,918
5948,1010
6039,1104
6136,1196
6230,1287
6329,1373
6420,1461
6510,1551
6600,1640
6692,1731
6788,1822
6884,1912
6977,1997
7070,2087
7168,2182
7264,2266
7357,2354
7445,2447
7539,2539
7637,2632
7730,2719
7817,2812
7908,2906
8001,2999
8097,3090
8188,3185
8278,3274
8370,3368
8465,3461
8560,3553
8658,3646
8751,3739
8846,3830
8936,3917
9029,4011
9123,4100
9216,4193
9311,4290
9409,4381
9502,4473
9596,4565
9691,4659
9784,4751
9880,4839
9973,4931
10069,5025
10164,5117
10263,5210
10356,5299
10451,5390
10546,5481
10640,5571
10741,5657
10835,5753
10925,5842
11023,5929
11114,6020
11211,6111
11307,6203
11399,6289
11494,6379
11587,6470
11683,6563
11778,6653
11871,6747
11964,6838
12056,6931
12141,7024
12238,7117
12329,7207
12422,7300
12523,7397
12618,7487
12713,7584
12807,7680
12900,7771
13001,7863
13096,7954
13193,8046
13285,8139
13379,8230
13469,8325
13570,8416
13666,8512
13761,8605
13856,8699
13951,8792
14046,8886
14139,8982
14236,9075
14333,9167
14432,9260
14526,9349
14622,9443
14719,9538
14813,9628
14912,9718
15002,9809
15095,9899
15192,9989
15292,10083
15387,10177
15487,10267
15578,10360
15676,10451
15773,10546
15867,10639
15960,10728
16054,10823
16143,10916
16240,11011
16334,11104
48,11196
140,11294
237,11385
328,11480
433,11579
525,11671
622,11764
721,11861
820,11951
916,12046
1015,12142
1113,12234
1208,12326
1306,12423
1409,12516
1506,12617
1605,12709
1700,12805
1800,12900
1894,12994
1991,13090
2093,13182
2190,13276
2279,13370
2384,13462
2477,13556
2576,13649
2676,13744
2779,13838
2873,13931
2970,14024
3069,14116
3162,14209
3265,14300
3354,14394
3452,14494
3552,14582
3650,14674
3747,14767
3841,14861
3934,14959
4029,15049
4125,15143
4222,15241
4319,15337
4416,15433
4508,15531
4609,15625
4711,15719
4807,15814
4898,15909
5000,16007
5100,16098
5197,16194
5289,16288
5390,16381
5488,95
5587,191
5680,284
5779,379
5877,471
5975,567
6069,663
6161,756
6260,846
6355,942
6452,1037
6550,1125
6646,1217
6738,1308
6836,1401
6935,1493
7024,1579
7119,1672
7214,1765
7312,1855
7407,1951
7503,2044
7592,2131
7692,2219
7785,2308
7876,2403
7966,2493
8061,2586
8153,2677
8246,2768
8338,2856
8436,2948
8525,3042
8628,3134
8721,3228
8816,3323
8905,3415
9003,3504
9094,3596
9191,3694
9287,3782
9381,3870
9475,3964
9569,4056
9669,4146
9763,4239
9856,4331
9953,4425
10046,4516
10140,4611
10231,4702
10329,4792
10428,4884
10524,4975
10613,5062
10712,5159
10807,5249
10904,5339
10995,5431
11091,5520
11185,5610
11287,5702
11383,5793
11474,5880
11573,5967
11665,6059
11760,6153
11852,6244
11947,6333
12037,6424
12135,6517
12227,6605
12326,6697
12419,6790
12510,6880
12601,6971
12700,7064
12797,7155
12892,7251
12990,7342
13086,7434
13182,7528
13280,7622
13372,7712
13466,7800
13562,7896
13657,7986
13755,8078
13849,8170
13947,8263
14041,8357
14137,8448
14231,8543
14325,8635
14418,8726
14516,8819
14612,8910
14706,9003
14801,9093
14894,9180
14987,9271
15081,9359
15176,9448
15272,9543
15364,9632
15458,9722
15552,9808
15650,9900
15738,9988
15833,10080
15927,10168
16020,10259
16109,10350
16200,10438
16290,10526
16383,10616
91,10704
183,10797
276,10893
369,10978
459,11070
550,11161
649,11257
743,11344
837,11435
928,11526
1021,11623
1112,11715
1213,11806
1305,11893
1401,11985
1489,12072
1582,12162
1679,12256
1776,12349
1866,12439
1958,12532
2051,12626
2147,12718
2237,12808
2331,12898
2427,12989
2521,13078
2616,13170
2712,13255
2805,13343
2898,13432
2992,13528
3087,13616
3178,13706
3272,13797
3367,13887
3456,13970
3547,14058
3648,14147
3739,14239
3828,14330
3926,14416
4014,14506
4106,14594
4198,14682
4294,14770
4387,14864
4484,14952
4578,15040
4672,15135
4767,15224
4860,15314
4954,15406
5048,15497
5145,15588
5239,15676
5334,15772
5429,15860
5523,15957
5615,16047
5710,16136
5808,16225
5899,16318
5997,23
6087,115
6185,210
6279,301
6371,394
6465,484
6561,572
6661,661
6752,754
6840,843
6934,939
7026,1028
7123,1120
7218,1208
7312,1298
7403,1388
7496,1481
7589,1568
7684,1654
7771,1744
7865,1835
7959,1923
8045,2008
8135,2103
8228,2192
8322,2283
8419,2371
8509,2459
8598,2552
8693,2640
8787,2735
8885,2826
8973,2916
9068,3009
9161,3101
9253,3193
9347,3285
9443,3377
9531,3470
9626,3557
9726,3652
9813,3745
9909,3831
10003,3925
10101,4015
10197,4110
10294,4199
10385,4297
10482,4388
10576,4480
10673,4574
10765,4669
10861,4760
10953,4853
11049,4943
11145,5037
11236,5131
11334,5220
11429,5307
11527,5403
11618,5493
11711,5588
11808,5677
11904,5767
11998,5858
12092,5949
12180,6037
12283,6132
12373,6224
12474,6316
12569,6407
12664,6500
12757,6591
12862,6684
12953,6779
13053,6870
13148,6961
13243,7055
13343,7151
13433,7245
13535,7337
13628,7430
13730,7526
13824,7618
13922,7715
14020,7811
14118,7904
14214,7996
14316,8089
14409,8188
14507,8281
14605,8379
14695,8468
14793,8563
14889,8657
14989,8751
15082,8846
15182,8939
15279,9033
15373,9125
15469,9221
15570,9313
15665,9404
15760,9499
15851,9590
15955,9678
16044,9773
16132,9862
16230,9959
16326,10049
41,10139
135,10230
230,10325
324,10417
414,10508
515,10599
610,10688
702,10780
801,10871
897,10964
990,11057
1088,11155
1180,11245
1277,11338
1373,11431
1476,11526
1568,11624
1665,11718
1760,11810
1849,11905
1949,11994
2047,12084
2142,12175
2241,12274
2330,12365
2428,12463
2527,12553
2618,12645
2717,12738
2812,12833
2907,12927
2994,13018
3094,13107
3187,13197
3282,13291
3376,13385
3470,13476
3563,13569
3659,13658
3751,13748
3845,13836
3939,13927
4037,14015
4129,14107
4220,14200
4316,14287
4409,14378
4503,14469
4598,14558
4688,14649
4789,14739
4880,14833
4977,14924
5071,15017
5167,15104
5263,15200
5354,15286
5446,15380
5540,15472
5636,15569
5731,15660
5829,15748
5921,15844
6020,15935
6111,16028
6202,16120
6302,16212
6391,16299
6488,10
6580,107
6674,198
6770,291
6867,382
6960,474
7052,568
7145,656
7234,749
7334,844
7427,935
7522,1027
7615,1116
7705,1207
7798,1296
7887,1388
7983,1477
8076,1567
8171,1655
8259,1748
8357,1837
8447,1923
8536,2015
8635,2104
8725,2196
8820,2289
8916,2380
9014,2465
9105,2555
9194,2649
9295,2741
9389,2835
9483,2928
9584,3020
9676,3110
9766,3208
9865,3300
9959,3391
10053,3480
10150,3573
10244,3667
10343,3755
10441,3850
10532,3942
10631,4034
10722,4126
10816,4219
10913,4312
11004,4405
11095,4500
11190,4590
11286,4681
11389,4774
11478,4867
11572,4955
11667,5044
11761,5139
11859,5227
11948,5314
12039,5410
12134,5499
12228,5586
12315,5679
12411,5767
12504,5856
12597,5945
12693,6036
12792,6123
12884,6211
12979,6298
13069,6390
13167,6482
13264,6567
13353,6660
13449,6751
13542,6840
13638,6930
13729,7022
13827,7110
13922,7199
14014,7291
14109,7386
14201,7474
14296,7565
14394,7655
14485,7744
14581,7836
14672,7926
14761,8020
14854,8110
14947,8203
15041,8292
15140,8382
15232,8476
15324,8569
15421,8655
15511,8748
15601,8839
15699,8930
15791,9021
15884,9110
15975,9202
16066,9298
16153,9381
16244,9468
16342,9563
45,9651
140,9741
235,9830
328,9919
417,10009
505,10095
603,10186
698,10278
790,10366
884,10456
981,10545
1077,10638
1171,10733
1265,10825
1360,10911
1452,11001
1545,11096
1639,11186
1733,11277
1835,11372
1930,11467
2024,11558
2117,11649
2213,11745
2306,11838
2406,11929
2499,12018
2594,12112
2690,12202
2786,12295
2881,12387
2977,12479
3067,12575
3166,12665
3263,12758
3351,12852
3445,12946
3543,13037
3642,13129
3733,13219
3831,13314
3918,13407
4012,13500
4108,13589
4198,13681
4296,13766
4385,13856
4482,13947
4578,14036
4674,14128
4765,14214
4864,14304
4955,14393
5050,14487
5149,14576
5247,14665
5341,14759
5436,14848
5527,14939
5624,15030
5719,15123
5810,15218
5908,15305
6006,15400
6098,15491
6193,15583
6288,15673
6386,15765
6475,15858
6575,15953
6673,16045
6769,16140
6860,16231
6951,16321
7047,31
7140,128
7236,220
7334,311
7426,403
7517,496
7610,586
7702,678
7803,772
7892,864
7986,954
8078,1050
8173,1140
8269,1229
8367,1323
8460,1416
8552,1513
8646,1602
8740,1695
8837,1782
8938,1876
9031,1967
9124,2063
9228,2156
9323,2247
9428,2343
9521,2432
9618,2528
9716,2621
9813,2712
9911,2812
10006,2910
10108,3001
10206,3093
10304,3190
10407,3288
10499,3384
10597,3476
10701,3575
10793,3672
10890,3767
10989,3858
11088,3954
11186,4053
11285,4147
11386,4242
11480,4338
11580,4437
11677,4527
11774,4625
11876,4723
11968,4816
12065,4909
12161,5002
12255,5100
12348,5195
12450,5286
12545,5376
12644,5470
12744,5564
12840,5660
12940,5752
13035,5839
13130,5934
13224,6027
13324,6117
13421,6210
13519,6304
13618,6392
13715,6483
13812,6573
13912,6667
14007,6761
14101,6853
14197,6942
14296,7037
14388,7126
14483,7221
14581,7313
14683,7407
14774,7501
14872,7593
14968,7688
15062,7780
15164,7874
15254,7965
15355,8060
15443,8150
15536,8243
15629,8333
15726,8429
15818,8515
15908,8605
16006,8699
16101,8789
16192,8882
16281,8976
16376,9068
83,9156
173,9245
271,9338
366,9426
455,9518
550,9607
646,9697
739,9790
833,9881
927,9970
1021,10056
1119,10148
1214,10240
1305,10330
1402,10422
1496,10513
1588,10605
1688,10693
1778,10784
1877,10876
1974,10967
2067,11058
2163,11152
2254,11248
2351,11344
2445,11432
2542,11526
2640,11621
2735,11718
2829,11810
2928,11901
3017,11997
3117,12083
3207,12177
3304,12270
3400,12366
3489,12463
3585,12555
3685,12648
3777,12742
3870,12830
3960,12928
4056,13026
4149,13117
4243,13208
4338,13299
4433,13390
4529,13487
4625,13577
4720,13666
4815,13759
4910,13845
5005,13939
5104,14032
5195,14120
5289,14209
5386,14302
5488,14393
5581,14484
5672,14577
5766,14665
5860,14752
5954,14844
6051,14939
6143,15027
6239,15117
6336,15210
6427,15303
6523,15398
6621,15485
6709,15575
6799,15669
6895,15756
6992,15852
7085,15940
7180,16030
7271,16123
7361,16208
7456,16300
7550,8
7639,100
7734,190
7826,280
7915,370
8006,462
8099,551
8186,641
8279,726
8366,816
8464,908
8557,999
8644,1088
8742,1176
8833,1262
8925,1356
9021,1440
9114,1528
9206,1618
9301,1707
9394,1790
9489,1880
9582,1972
9673,2058
9765,2150
9858,2235
9956,2323
10045,2409
10135,2499
10233,2591
10319,2679
10423,2771
10515,2864
10611,2956
10702,3051
10799,3142
10889,3232
10983,3326
11080,3421
11172,3513
11266,3605
11355,3699
11450,3789
11545,3881
11634,3974
11725,4066
11825,4163
11916,4261
12003,4352
12093,4447
12185,4541
12281,4640
12373,4731
12464,4827
12555,4915
12647,5009
12744,5107
12836,5201
12928,5295
13016,5390
13113,5483
13208,5578
13302,5666
13392,5760
13479,5852
13572,5946
13667,6038
13762,6133
13853,6229
13949,6320
14038,6415
14134,6507
14227,6600
14315,6695
14409,6792
14505,6881
14597,6977
14689,7074
14779,7170
14879,7262
14971,7354
15063,7448
15155,7544
15249,7642
15341,7735
15438,7829
15529,7925
15620,8015
15710,8107
15807,8202
15900,8299
15993,8394
16083,8487
16175,8584
16265,8673
16362,8768
67,8857
161,8952
253,9042
345,9134
440,9229
536,9321
629,9411
723,9502
822,9593
917,9676
1011,9769
1104,9858
1199,9950
1291,10043
1385,10129
1487,10220
1578,10308
1670,10398
1772,10486
1862,10579
1957,10667
2053,10760
2150,10852
2244,10944
2344,11030
2437,11120
2537,11208
2633,11302
2723,11393
2817,11483
2917,11576
3008,11669
3104,11759
3202,11849
3293,11940
3385,12032
3482,12121
3575,12211
3667,12304
3761,12396
3853,12488
3945,12582
4039,12675
4132,12769
4234,12858
4327,12946
4421,13041
4516,13129
4612,13222
4708,13315
4803,13407
4903,13497
4997,13587
5088,13677
5190,13769
5287,13856
5380,13948
5478,14039
5576,14128
5675,14216
5768,14307
5867,14403
5965,14495
6060,14588
6155,14679
6257,14764
6353,14864
6453,14956
6548,15046
6645,15136
6746,15232
6839,15324
6940,15420
7039,15516
7135,15610
7228,15707
7328,15805
7427,15897
7518,15991
7617,16084
7715,16186
7808,16277
7907,16373
7998,86
8099,182
8192,279
8294,373
8389,467
8485,567
8583,661
8676,760
8777,853
8874,952
8971,1043
9064,1136
9167,1235
9265,1326
9364,1422
9458,1513
9558,1607
9655,1706
9750,1797
9847,1886
9943,1983
10049,2076
10147,2168
10237,2262
10340,2355
10439,2445
10536,2538
10628,2630
10728,2727
10825,2815
10921,2909
11021,3001
11118,3097
11209,3192
11303,3284
11403,3376
11495,3468
11595,3563
11688,3656
11782,3748
11884,3838
11974,3926
12064,4018
12157,4107
12252,4202
12352,4292
12449,4386
12545,4475
12634,4563
12727,4650
12825,4740
12918,4829
13015,4918
13106,5010
13202,5094
13302,5185
13398,5273
13491,5356
13593,5440
13686,5526
13780,5613
13875,5697
13971,5785
14066,5869
14158,5951
14250,6039
14341,6126
14439,6208
14535,6297
14628,6378
14726,6463
14820,6551
14914,6632
15009,6721
15103,6811
15198,6895
15293,6981
15386,7069
15479,7154
15570,7243
15662,7331
15760,7421
15855,7512
15947,7598
16039,7691
16129,7784
16220,7869
16311,7958
16,8047
112,8139
203,8230
296,8318
390,8404
492,8499
576,8589
677,8679
768,8770
861,8860
961,8955
1054,9042
1151,9135
1244,9225
1342,9318
1433,9408
1527,9500
1625,9594
1723,9679
1818,9770
1916,9861
2013,9954
2106,10048
2201,10140
2300,10231
2398,10324
2496,10415
2590,10506
2687,10600
2779,10691
2876,10786
2977,10877
3074,10973
3170,11063
3262,11155
3356,11252
3451,11343
3549,11437
3646,11538
3739,11632
3829,11725
3924,11818
4016,11914
4112,12007
4206,12101
4302,12190
4395,12281
4495,12377
4590,12473
4683,12562
4777,12660
4867,12749
4962,12845
5059,12939
5152,13028
5245,13122
5333,13215
5430,13305
5524,13394
5618,13485
5712,13575
5806,13666
5898,13753
5992,13843
6086,13932
6182,14022
6274,14108
6361,14200
6453,14289
6547,14377
6636,14462
6734,14553
6825,14643
6915,14737
7009,14825
7099,14911
7190,14999
7283,15087
7375,15179
7469,15270
7558,15367
7651,15453
7740,15545
7832,15636
7919,15729
8011,15815
8103,15904
8197,15998
8291,16093
8384,16181
8476,16270
8570,16364
8657,71
8751,164
8846,250
8940,346
9035,436
9125,528
9218,618
9313,707
9406,798
9504,891
9601,983
9691,1072
9787,1164
9886,1255
9983,1346
10081,1438
10172,1528
10265,1617
10358,1706
10459,1797
10554,1887
10648,1977
10748,2069
10841,2162
10937,2251
11032,2343
11130,2434
11225,2525
11319,2619
11415,2712
11511,2803
11607,2893
11703,2986
11801,3080
11897,3176
11988,3271
12082,3362
12171,3454
12268,3547
12357,3644
12459,3731
12554,3828
12650,3919
12747,4012
12836,4109
12932,4199
13026,4297
13127,4392
13219,4489
13314,4581
13414,4674
13509,4768
13603,4860
13697,4952
13794,5042
13889,5134
13985,5228
14078,5316
14173,5407
14271,5496
14360,5589
14460,5683
14557,5773
14655,5866
14747,5953
14842,6043
14935,6133
15033,6227
15125,6318
15230,6408
15316,6500
15411,6590
15507,6681
15602,6778
15690,6865
15787,6957
15881,7050
15977,7145
16067,7234
16161,7329
16252,7425
16344,7522
56,7614
152,7710
252,7803
339,7898
435,7988
528,8080
621,8174
719,8268
817,8360
910,8460
1008,8552
1097,8647
1197,8743
1297,8835
1396,8927
1493,9021
1592,9114
1691,9210
1785,9300
1883,9392
1983,9483
2081,9575
2173,9668
2271,9757
2364,9849
2462,9942
2559,10038
2662,10128
2758,10221
2851,10311
2950,10406
3046,10500
3148,10593
3242,10684
3336,10775
3439,10872
3527,10964
3623,11058
3720,11155
3813,11251
3911,11345
4003,11438
4105,11531
4200,11630
4292,11723
4389,11815
4487,11913
4579,12004
4681,12095
4779,12190
4873,12284
4970,12381
5064,12477
5163,12571
5261,12664
5353,12756
5455,12851
5551,12941
5643,13035
5738,13124
5839,13217
5937,13308
6037,13398
6131,13495
6221,13588
6320,13679
6420,13769
6507,13855
6606,13945
6702,14036
6797,14123
6891,14218
6988,14305
7083,14395
7182,14485
7274,14574
7366,14666
7460,14756
7552,14843
7647,14934
7744,15026
7837,15115
7933,15210
8021,15299
8108,15393
8204,15487
8296,15574
8394,15664
8485,15759
8577,15853
8678,15942
8768,16034
8859,16122
8954,16212
9049,16305
9147,9
9242,105
9337,195
9429,287
9525,380
9622,470
9716,561
9808,654
9907,743
9999,832
10092,929
10185,1019
10282,1110
10378,1198
10474,1293
10567,1382
10660,1468
10751,1559
10853,1650
10951,1735
11044,1827
11141,1917
11226,2008
11318,2098
11417,2186
11508,2279
11600,2367
11696,2457
11787,2548
11881,2641
11972,2729
12067,2818
12153,2912
12246,3005
12343,3098
12439,3187
12532,3281
12629,3371
12716,3469
12814,3561
12908,3657
13001,3746
13097,3835
13187,3929
13284,4017
13376,4112
13469,4206
13569,4295
13663,4389
13751,4482
13852,4576
13948,4670
14045,4763
14133,4850
14231,4942
14322,5032
14416,5125
14512,5218
14606,5307
14698,5399
14793,5491
14890,5577
14981,5668
15075,5757
15169,5846
15267,5935
15359,6022
15450,6116
15540,6204
15637,6292
15730,6383
15820,6475
15915,6567
16009,6656
16101,6746
16193,6835
16280,6929
16373,7020
84,7115
176,7202
274,7297
364,7386
459,7473
554,7567
646,7659
744,7754
835,7841
926,7933
1020,8020
1115,8118
1209,8208
1306,8301
1402,8387
1496,8482
1582,8576
1682,8668
1777,8758
1872,8849
1966,8942
2057,9028
2154,9119
2246,9210
2339,9300
2434,9385
2524,9477
2623,9569
2714,9660
2815,9749
2912,9840
2998,9930
3099,10016
3192,10109
3283,10198
3376,10281
3473,10376
3568,10461
3658,10550
3745,10641
3836,10733
3924,10820
4019,10914
4112,11005
4206,11099
4301,11194
4398,11281
4489,11371
4578,11462
4678,11556
4771,11649
4867,11735
4953,11832
5047,11924
5147,12007
5239,12100
5334,12189
5425,12285
5519,12381
5612,12469
5704,12561
5800,12651
5897,12743
5984,12837
6081,12928
6177,13025
6274,13116
6368,13202
6460,13295
6559,13385
6652,13473
6743,13564
6833,13658
6932,13744
7029,13832
7122,13926
7212,14020
7306,14109
7405,14196
7499,14286
7595,14377
7693,14465
7781,14557
7871,14649
7965,14741
8060,14827
8154,14919
8248,15009
8340,15104
8430,15195
8528,15287
8622,15378
8717,15470
8811,15572
8902,15662
8997,15752
9092,15846
9188,15941
9285,16030
9377,16125
9477,16216
9572,16311
9671,17
9767,110
9866,205
9955,298
10053,387
10149,480
10245,572
10339,663
10432,757
10528,851
10622,940
10719,1032
10814,1124
10903,1216
11003,1308
11100,1402
11194,1490
11291,1583
11382,1671
11477,1763
11573,1851
11666,1942
11758,2033
11854,2126
11953,2219
12043,2305
12134,2398
12226,2488
12317,2579
12410,2672
12506,2764
12604,2856
12701,2948
12796,3040
12890,3133
12990,3231
13088,3324
13180,3415
13275,3510
13373,3604
13463,3697
13562,3792
13658,3882
13753,3975
13847,4069
13948,4165
14043,4255
14143,4352
14239,4446
14337,4541
14431,4635
14527,4729
14622,4822
14722,4920
14820,5011
14917,5102
15015,5194
15109,5282
15206,5378
15297,5472
15396,5564
15495,5653
15591,5747
15684,5844
15785,5928
15879,6020
15979,6117
16076,6211
16170,6305
16263,6399
16360,6495
72,6585
170,6676
268,6770
366,6867
471,6961
567,7055
663,7152
760,7242
852,7339
953,7431
1042,7530
1147,7630
1246,7726
1343,7820
1448,7913
1545,8007
1639,8101
1741,8196
1837,8295
1934,8388
2033,8485
2132,8580
2231,8672
2325,8770
2427,8863
2517,8956
2619,9055
2715,9149
2812,9242
2911,9333
3006,9426
3104,9517
3204,9609
3296,9702
3391,9795
3491,9882
3585,9975
3679,10068
3776,10161
3862,10254
3959,10347
4056,10438
4151,10528
4243,10621
4336,10709
4435,10805
4532,10899
4628,10988
4727,11082
4822,11176
4919,11265
5010,11360
5109,11454
5198,11545
5296,11639
5388,11733
5488,11828
5585,11920
5678,12008
5773,12102
5869,12195
5966,12286
6063,12380
6156,12475
6250,12566
6348,12662
6438,12753
6535,12846
6628,12942
6724,13033
6818,13122
6916,13218
7011,13307
7108,13398
7199,13488
7297,13582
7394,13671
7488,13765
7584,13853
7672,13942
7762,14035
7859,14122
7952,14214
8046,14305
8141,14400
8232,14486
8326,14582
8423,14669
8512,14759
8607,14848
8706,14943
8803,15032
8897,15121
8995,15216
9090,15312
9181,15402
9277,15498
9377,15591
9473,15688
9568,15776
9665,15873
9766,15965
9861,16058
9956,16148
10048,16239
10149,16332
10241,43
10335,138
10434,224
10529,320
10622,410
10719,504
10806,599
10906,690
11000,778
11098,872
11190,962
11286,1053
11378,1146
11476,1240
11565,1328
11655,1418
11751,1504
11848,1597
11940,1688
12030,1778
12119,1865
12212,1957
12307,2048
12399,2139
12491,2229
12586,2313
12684,2407
12775,2498
12871,2590
12964,2679
13055,2769
13148,2858
13244,2953
13343,3044
13432,3135
13521,3228
13616,3320
13711,3415
13803,3506
13902,3597
13997,3690
14090,3779
14186,3872
14281,3960
14374,4054
14469,4143
14557,4237
14650,4327
14744,4418
14839,4510
14933,4603
15025,4695
15118,4783
15214,4874
15304,4968
15396,5055
15489,5147
15586,5235
15681,5327
15770,5419
15865,5506
15955,5599
16050,5684
16138,5771
16230,5863
16322,5950
32,6040
124,6124
215,6216
308,6306
399,6394
495,6486
585,6575
682,6666
772,6761
865,6843
957,6937
1057,7025
1152,7119
1245,7208
1340,7298
1432,7390
1529,7481
1619,7572
1714,7663
1807,7757
1899,7850
1995,7934
2087,8026
2179,8117
2274,8208
2368,8298
2463,8391
2561,8482
2660,8573
2750,8665
2844,8756
2941,8847
3030,8935
3126,9030
3222,9117
3312,9211
3407,9298
3503,9390
3592,9480
3685,9568
3774,9661
3865,9746
3955,9835
4049,9921
4139,10009
4233,10100
4326,10190
4416,10279
4509,10368
4604,10458
4698,10547
4795,10636
4886,10723
4983,10816
5077,10908
5168,10998
5255,11089
5352,11179
5447,11274
5543,11364
5637,11456
5733,11547
5832,11644
5923,11730
6020,11823
6112,11918
6203,12010
6303,12094
6392,12188
6486,12280
6581,12374
6674,12466
6774,12560
6869,12653
6957,12737
7050,12831
7143,12923
7232,13016
7329,13110
7427,13199
7516,13290
7613,13382
7706,13472
7799,13565
7892,13654
7981,13747
8074,13836
8167,13927
8260,14015
8357,14106
8448,14199
8542,14286
8636,14380
8733,14470
8827,14561
8919,14651
9020,14741
9112,14835
9214,14926
9303,15020
9397,15111
9495,15201
9590,15294
9689,15389
9787,15480
9882,15577
9980,15671
10074,15763
10170,15860
10266,15952
10362,16048
10457,16137
10550,16226
10646,16319
10742,34
10845,128
10937,222
11034,313
11129,414
11222,511
11318,601
11412,691
11510,785
11609,879
11701,974
11793,1068
11900,1158
11993,1255
12084,1347
12177,1435
12271,1531
12371,1622
12464,1714
12561,1807
12653,1897
12758,1987
12851,2078
12946,2174
13044,2263
13141,2356
13236,2447
13335,2540
13430,2635
13527,2724
13625,2823
13722,2916
13822,3012
13920,3104
14021,3199
14114,3295
14214,3389
14309,3481
14410,3581
14506,3676
14603,3770
14698,3857
14794,3952
14898,4042
14992,4138
15087,4235
15181,4333
15279,4425
15377,4523
15473,4619
15571,4710
15668,4802
15764,4892
15862,4984
15956,5077
16051,5175
16146,5266
16235,5359
16333,5453
41,5543
138,5634
235,5721
332,5816
428,5905
519,6000
613,6091
713,6182
807,6274
902,6368
996,6459
1096,6547
1193,6643
1289,6731
1386,6825
1484,6913
1574,7007
1668,7100
1764,7195
1863,7287
1960,7379
2057,7470
2147,7563
2241,7654
2338,7753
2434,7844
2529,7938
2624,8025
2717,8113
2811,8205
2906,8303
2995,8392
3094,8487
3189,8584
3282,8678
3372,8768
3471,8860
3565,8949
3656,9045
3749,9137
3839,9229
3927,9316
4023,9409
4115,9499
4213,9589
4308,9675
4396,9765
4489,9860
4590,9947
4682,10038
4777,10127
4874,10214
4963,10305
5060,10398
5152,10485
5251,10579
5351,10670
5443,10764
5537,10853
5636,10946
5729,11040
5823,11129
5914,11221
6017,11316
6112,11405
6204,11500
6299,11594
6401,11687
6500,11778
6592,11870
6687,11965
6780,12055
6872,12146
6965,12237
7064,12331
7163,12424
7257,12517
7349,12609
7446,12702
7542,12793
7641,12887
7729,12978
7825,13070
7914,13164
8006,13255
8101,13345
8193,13434
8290,13524
8382,13616
8478,13706
8572,13798
8665,13886
8759,13976
8860,14065
8947,14157
9044,14243
9146,14335
9237,14423
9338,14515
9428,14606
9521,14697
9625,14785
9717,14876
9810,14963
9902,15057
9996,15147
10093,15240
10183,15329
10285,15420
10379,15509
10470,15601
10565,15699
10664,15785
10755,15879
10851,15970
10942,16064
11039,16151
11127,16242
11221,16334
11314,41
11404,133
11497,230
11592,319
11688,413
11781,504
11872,594
11968,686
12056,777
12142,870
12238,955
12328,1045
12421,1137
12517,1226
12609,1311
12698,1405
12791,1497
12885,1585
12984,1676
13077,1766
13173,1858
13268,1948
13359,2039
13452,2127
13545,2220
13642,2307
13740,2399
13830,2487
13922,2575
14019,2663
14118,2758
14216,2847
14308,2939
14403,3033
14500,3126
14594,3219
14691,3312
14785,3406
14879,3496
14972,3586
15062,3684
15152,3776
15255,3866
15349,3959
15446,4049
15538,4140
15637,4227
15732,4328
15827,4421
15917,4516
16007,4605
16102,4695
16191,4792
16287,4884
16383,4977
93,5073
187,5159
284,5251
380,5343
473,5431
565,5522
660,5611
758,5700
857,5793
951,5881
1046,5975
1139,6070
1236,6158
1328,6244
1427,6336
1526,6428
1617,6517
1712,6608
1810,6697
1906,6789
1998,6880
2096,6972
2188,7062
2281,7158
2376,7248
2475,7345
2571,7437
2669,7526
2761,7620
2857,7713
2951,7807
3046,7899
3136,7985
3233,8082
3328,8172
3423,8267
3516,8363
3610,8451
3704,8545
3793,8639
3881,8730
3978,8825
4070,8916
4165,9007
4260,9102
4359,9192
4445,9282
4549,9372
4642,9467
4731,9558
4827,9653
4924,9742
5020,9829
5112,9923
5208,10012
5309,10100
5406,10195
5504,10287
5593,10382
5691,10472
5791,10563
5885,10655
5986,10752
6076,10841
6173,10935
6266,11032
6366,11122
6466,11218
6563,11309
6661,11405
6758,11498
6851,11594
6949,11689
7043,11785
7142,11880
7237,11980
7337,12070
7432,12162
7526,12260
7627,12353
7722,12446
7819,12544
7907,12640
8006,12733
8104,12828
8195,12922
8289,13016
8389,13114
8487,13202
8586,13297
8682,13393
8780,13488
8877,13582
8975,13676
9077,13767
9173,13859
9271,13951
9367,14045
9466,14136
9568,14227
9667,14321
9759,14415
9855,14511
9959,14598
10059,14690
10152,14788
10251,14886
10351,14978
10446,15067
10544,15161
10641,15259
10738,15353
10835,15450
10930,15542
11029,15635
11126,15732
11226,15827
11319,15926
11415,16018
11513,16109
11607,16205
11703,16302
11794,12
11895,104
11985,200
12078,294
12172,388
12270,477
12364,574
12460,670
12556,758
12647,854
12743,947
12840,1037
12935,1132
13035,1224
13128,1315
13222,1411
13323,1498
13418,1591
13512,1681
13607,1773
13698,1863
13797,1953
13889,2041
13987,2136
14086,2231
14183,2319
14278,2411
14378,2501
14473,2592
14569,2684
14662,2776
14753,2870
14852,2962
14948,3051
15035,3147
15136,3240
15230,3332
15330,3423
15419,3515
15518,3609
15615,3702
15710,3795
15797,3885
15892,3980
15983,4072
16078,4164
16175,4254
16265,4344
16355,4438
66,4531
162,4622
253,4711
349,4801
444,4896
535,4986
628,5081
725,5170
814,5260
913,5348
1010,5439
1108,5532
1202,5619
1296,5707
1390,5797
1486,5886
1578,5972
1672,6061
1769,6155
1861,6247
1952,6333
2051,6421
2143,6510
2237,6603
2334,6692
2428,6785
2522,6876
2618,6968
2711,7058
2802,7147
2898,7237
2989,7329
3083,7424
3180,7518
3273,7610
3366,7697
3459,7787
3554,7882
3646,7970
3737,8061
3825,8154
3914,8248
4007,8341
4100,8431
4190,8527
4286,8618
4381,8711
4470,8801
4564,8891
4654,8982
4750,9070
4842,9159
4937,9252
5027,9342
5125,9432
5215,9530
5305,9617
5399,9702
5497,9794
5590,9881
5685,9969
5776,10058
5872,10147
5972,10239
6066,10331
6159,10419
6252,10506
6346,10597
6439,10691
6530,10781
6621,10871
6719,10961
6814,11050
6902,11140
6998,11232
7094,11324
7189,11416
7278,11508
7371,11597
7470,11691
7564,11781
7651,11874
7747,11969
7841,12053
7932,12141
8025,12231
8111,12321
8206,12415
8292,12505
8392,12595
8483,12684
8578,12781
8669,12871
8765,12960
8857,13053
8951,13140
9043,13229
9138,13319
9236,13411
9327,13496
9422,13588
9511,13680
9609,13764
9700,13853
9787,13941
9881,14028
9982,14116
10075,14203
10166,14294
10261,14385
10354,14469
10448,14559
10540,14650
10634,14735
10729,14825
10820,14915
10911,15006
11006,15094
11100,15184
11196,15276
11287,15364
11375,15454
11471,15547
11563,15643
11657,15727
11750,15819
11839,15910
11930,16000
12020,16093
12105,16181
12197,16272
12291,16363
12383,69
12481,160
12570,254
12665,346
12755,438
12850,532
12945,624
13040,715
13129,804
13222,894
13316,989
13413,1077
13510,1167
13606,1259
13693,1350
13792,1438
13884,1525
13980,1620
14072,1707
14172,1797
14264,1890
14359,1983
14455,2073
14553,2162
14645,2254
14740,2346
14834,2435
14931,2525
15020,2621
15120,2711
15215,2801
15306,2897
15404,2989
15500,3086
15595,3174
15689,3266
15786,3359
15878,3452
15970,3544
16059,3636
16149,3730
16250,3819
16342,3909
53,4003
144,4098
240,4193
333,4284
430,4374
517,4464
614,4558
712,4655
809,4748
905,4836
1000,4931
1098,5022
1193,5113
1286,5205
1380,5292
1474,5383
1573,5476
1669,5568
1762,5661
1859,5749
1959,5839
2055,5926
2149,6021
2243,6109
2340,6200
2437,6292
2530,6383
2626,6477
2724,6565
2820,6657
2913,6751
3005,6843
3100,6933
3201,7028
3294,7119
3392,7211
3491,7307
3589,7403
3680,7496
3774,7595
3866,7687
3961,7781
4057,7877
4148,7968
4246,8062
4344,8160
4441,8256
4536,8350
4634,8444
4736,8540
4832,8639
4930,8736
5028,8828
5122,8924
5219,9016
5316,9116
5420,9207
5523,9302
5610,9395
5713,9493
5816,9582
5910,9677
6009,9770
6109,9865
6208,9958
6307,10050
6403,10145
6505,10231
6604,10327
6703,10421
6796,10521
6898,10609
6993,10704
7091,10798
7187,10893
7287,10991
7385,11082
7483,11177
7585,11276
7677,11373
7775,11465
7866,11563
7960,11652
8052,11750
8152,11844
8251,11939
8344,12031
8442,12118
8535,12218
8634,12310
8730,12408
8828,12503
8929,12595
9022,12688
9112,12777
9212,12872
9311,12967
9406,13063
9499,13155
9599,13244
9691,13332
9790,13428
9886,13521
9984,13607
10083,13698
10172,13788
10266,13883
10363,13970
10457,14062
10557,14153
10658,14246
10745,14338
10839,14425
10935,14512
11039,14606
11133,14700
11227,14787
11322,14872
11413,14966
11505,15060
11605,15153
11702,15245
11790,15340
11885,15432
11980,15528
12074,15618
12163,15715
12258,15804
12354,15898
12447,15992
12541,16081
12631,16174
12727,16268
12824,16365
12925,70
13017,164
13108,263
13208,353
13306,446
13400,537
13492,633
13589,726
13684,818
13786,910
13879,1008
13974,1097
14071,1188
14165,1278
14265,1371
14361,1462
14455,1552
14557,1646
14654,1740
14751,1832
14840,1926
14938,2013
15033,2102
15128,2192
15227,2282
15319,2376
15419,2467
15514,2559
15608,2650
15702,2742
15797,2837
15895,2929
15989,3020
16077,3113
16171,3212
16268,3302
16362,3395
73,3490
169,3578
261,3673
356,3765
455,3851
549,3946
643,4038
738,4133
834,4227
928,4318
1023,4413
1118,4503
1215,4593
1315,4682
1405,4776
1503,4870
1595,4962
1686,5051
1788,5142
1884,5231
1979,5324
2076,5412
2166,5503
2264,5594
2357,5681
2448,5769
2540,5856
2639,5949
2732,6040
2829,6129
2924,6221
3014,6310
3114,6399
3207,6491
3300,6582
3391,6674
3485,6761
3573,6855
3667,6946
3759,7035
3848,7125
3942,7223
4034,7313
4125,7409
4218,7503
4320,7594
4413,7684
4501,7779
4599,7870
4694,7959
4787,8051
4882,8145
4974,8237
5068,8331
5163,8424
5257,8516
5348,8608
5441,8701
5536,8794
5629,8883
5727,8977
5819,9065
5918,9162
6012,9251
6107,9345
6202,9434
6293,9527
6385,9615
6485,9705
6582,9797
6674,9887
6766,9980
6856,10068
6956,10156
7049,10242
7141,10336
7241,10426
7330,10514
7425,10609
7520,10696
7613,10787
7706,10875
7801,10967
7885,11060
7983,11150
8072,11244
8165,11333
8261,11423
8353,11514
8446,11607
8537,11699
8636,11792
8726,11884
8818,11975
8917,12066
9013,12156
9108,12246
9202,12334
9294,12431
9385,12518
9480,12610
9581,12701
9677,12793
9770,12883
9867,12975
9962,13070
10053,13159
10151,13249
10244,13341
10342,13427
10437,13516
10526,13608
10622,13696
10716,13784
10807,13880
10911,13968
11001,14057
11097,14142
11185,14234
11279,14324
11375,14412
11467,14504
11566,14597
11659,14686
11752,14773
11844,14864
11935,14955
12024,15046
12118,15136
12210,15227
12303,15320
12397,15412
12486,15501
12582,15596
12675,15688
12771,15784
12869,15873
12962,15966
13055,16059
13147,16150
13244,16241
13337,16338
13432,48
13525,138
13620,231
13717,323
13806,418
13911,510
14006,606
14101,696
14196,788
14287,880
14380,971
14478,1063
14573,1155
14668,1246
14762,1339
14860,1430
14951,1522
15049,1610
15143,1701
15239,1794
15335,1888
15431,1979
15520,2071
15620,2158
15716,2253
15814,2345
15906,2439
15999,2528
16092,2618
16187,2711
16282,2804
16373,2894
87,2991
182,3087
277,3183
371,3275
469,3368
563,3463
658,3556
753,3648
856,3742
956,3833
1047,3926
1146,4023
1248,4119
1344,4213
1437,4304
1526,4398
1625,4495
1729,4590
1822,4685
1912,4773
2011,4869
2115,4963
2207,5053
2304,5149
2400,5242
2496,5331
2592,5425
2692,5514
2792,5608
2885,5705
2982,5796
3078,5886
3176,5979
3272,6070
3366,6166
3464,6252
3560,6349
3653,6438
3751,6533
3843,6622
3934,6718
4031,6810
4128,6906
4224,7000
4316,7093
4415,7187
4513,7282
4608,7378
4704,7471
4797,7560
4896,7659
4992,7755
5087,7847
5187,7938
5281,8034
5377,8129
5473,8220
5569,8314
5670,8406
5767,8504
5858,8599
5958,8692
6054,8782
6148,8876
6239,8968
6338,9061
6434,9153
6530,9241
6623,9334
6717,9428
6813,9518
6909,9607
7004,9697
7096,9787
7190,9880
7288,9967
7381,10054
7473,10147
7568,10237
7660,10324
7752,10414
7849,10505
7937,10596
8026,10688
8116,10777
8214,10866
8304,10957
8401,11051
8495,11145
8588,11236
8684,11326
8776,11417
8866,11509
8957,11603
9057,11695
9146,11783
9243,11879
9337,11969
9427,12055
9525,12145
9619,12242
9714,12332
9801,12423
9900,12516
9996,12609
10092,12700
10187,12794
10279,12883
10376,12976
10470,13066
10562,13155
10651,13248
10751,13337
10841,13431
10940,13524
11031,13615
11128,13703
11223,13794
11320,13883
11409,13974
11504,14061
11600,14152
11697,14245
11788,14336
11890,14422
11977,14509
12068,14605
12164,14700
12257,14791
12348,14883
12441,14974
12534,15062
12629,15155
12721,15249
12821,15341
12916,15436
13011,15529
13108,15618
13202,15713
13301,15808
13396,15903
13485,15994
13580,16087
13679,16186
13773,16273
13864,16362
13963,72
14062,168
14157,261
14253,352
14342,443
14441,538
14536,632
14624,727
14724,816
14820,912
14916,1000
15010,1090
15105,1180
15200,1270
15290,1361
15385,1450
15480,1542
15575,1630
15670,1719
15762,1811
15852,1898
15948,1989
16038,2082
16126,2169
16224,2259
16314,2349
20,2438
115,2527
204,2616
299,2709
395,2797
488,2891
582,2980
677,3071
769,3162
868,3253
956,3342
1046,3434
1148,3530
1239,3621
1325,3711
1423,3804
1517,3891
1615,3983
1707,4072
1803,4167
1894,4258
1991,4350
2087,4442
2182,4536
2277,4623
2367,4715
2458,4809
2558,4897
2651,4986
2747,5080
2841,5172
2930,5260
3025,5350
3121,5438
3220,5530
3308,5618
3405,5708
3494,5796
3590,5885
3685,5974
3782,6065
3866,6152
3960,6243
4057,6338
4145,6428
4248,6516
4343,6605
4434,6698
4531,6786
4625,6880
4719,6970
4813,7069
4909,7160
5002,7252
5100,7341
5195,7433
5291,7527
5384,7621
5478,7714
5579,7805
5673,7898
5766,7994
5863,8085
5962,8175
6057,8267
6150,8362
6244,8453
6339,8547
6438,8640
6530,8736
6622,8825
6721,8917
6810,9009
6904,9103
6999,9196
7093,9288
7191,9377
7291,9467
7384,9555
7479,9648
7571,9739
7663,9828
7759,9920
7855,10007
7943,10099
8036,10189
8127,10277
8221,10365
8317,10460
8405,10556
8501,10643
8600,10733
8693,10826
8787,10919
8883,11014
8974,11103
9068,11194
9166,11286
9256,11376
9357,11469
9448,11569
9547,11657
9645,11749
9743,11843
9836,11931
9932,12025
10023,12115
10124,12208
10217,12301
10314,12394
10406,12490
10506,12585
10602,12680
10704,12772
10800,12863
10894,12959
10987,13052
11079,13143
11172,13239
11273,13327
11372,13419
11463,13512
11561,13605
11654,13696
11752,13786
11847,13878
11945,13968
12038,14065
12128,14155
12221,14247
12321,14342
12422,14432
12520,14529
12615,14621
12713,14714
12804,14805
12900,14903
12994,14997
13093,15087
13193,15181
13289,15278
13392,15375
13487,15470
13585,15562
13686,15656
13784,15756
13886,15852
13980,15950
14081,16045
14174,16141
14273,16236
14371,16329
14474,40
14567,139
14666,232
14768,326
14869,425
14965,519
15063,616
15162,706
15260,805
15360,898
15456,995
15553,1083
15656,1179
15754,1274
15848,1369
15944,1460
16041,1551
16134,1649
16228,1742
16324,1836
37,1928
133,2018
230,2114
329,2205
426,2304
522,2390
616,2482
716,2578
813,2669
913,2765
1012,2861
1110,2951
1205,3046
1301,3138
1399,3230
1497,3327
1598,3423
1692,3520
1786,3612
1884,3707
1978,3797
2079,3891
2175,3983
2273,4082
2366,4176
2463,4266
2560,4363
2659,4456
2754,4554
2851,4645
2942,4738
3039,4831
3134,4922
3228,5020
3328,5111
3422,5202
3517,5293
3610,5384
3703,5479
3796,5569
3887,5657
3977,5752
4067,5841
4166,5930
4263,6022
4356,6116
4452,6204
4545,6295
4636,6385
4735,6477
4829,6565
4923,6658
5018,6751
5117,6843
5208,6937
5304,7026
5396,7118
5494,7210
5584,7304
5678,7402
5776,7490
5870,7582
5966,7677
6062,7771
6156,7868
6252,7957
6351,8049
6442,8141
6539,8230
6634,8325
6725,8419
6822,8515
6919,8605
7013,8695
7108,8786
7204,8878
7297,8975
7388,9061
7483,9157
7579,9247
7673,9340
7768,9428
7859,9517
7949,9613
8042,9700
8133,9788
8230,9880
8321,9969
8418,10057
8512,10148
8610,10243
8704,10332
8794,10424
8889,10510
8986,10602
9079,10692
9178,10781
9272,10877
9366,10961
9459,11054
9555,11145
9651,11238
9745,11330
9837,11424
9935,11513
10031,11608
10125,11698
10219,11792
10313,11887
10408,11974
10502,12066
10594,12156
10690,12250
10785,12343
10876,12434
10977,12525
11075,12617
11164,12709
11260,12798
11351,12891
11447,12984
11540,13073
11632,13165
11729,13253
11819,13343
11914,13433
12002,13526
12093,13615
12186,13703
12277,13791
12370,13882
12463,13972
12554,14055
12653,14146
12743,14235
12840,14327
12936,14416
13026,14507
13119,14592
13213,14680
13307,14767
13399,14856
13492,14947
13582,15036
13677,15127
13772,15216
13867,15307
13963,15402
14054,15493
14148,15582
14246,15671
14335,15762
14430,15854
14519,15947
14612,16034
14703,16123
14802,16214
14897,16305
14988,13
15079,101
15174,196
15267,286
15361,378
15450,465
15546,557
15638,652
15733,741
15822,830
15917,919
16007,1009
16090,1098
16178,1189
16270,1277
16359,1370
67,1457
162,1545
255,1633
353,1719
446,1810
533,1897
631,1990
728,2078
818,2170
908,2257
1001,2343
1093,2436
1187,2525
1278,2618
1374,2709
1472,2797
1568,2884
1660,2977
1747,3070
1846,3163
1940,3251
2035,3345
2127,3439
2223,3528
2319,3623
2412,3714
2508,3802
2603,3891
2698,3980
2789,4073
2881,4166
2977,4261
3073,4352
3164,4452
3258,4540
3355,4628
3450,4718
3544,4813
3640,4902
3731,4993
3820,5085
3915,5175
4005,5266
4098,5358
4192,5449
4288,5535
4384,5624
4483,5718
4575,5806
4671,5894
4767,5981
4860,6073
4954,6165
5046,6252
5142,6343
5238,6431
5332,6522
5429,6608
5526,6701
5617,6791
5714,6885
5810,6974
5903,7064
5998,7152
6094,7244
6192,7333
6286,7431
6383,7525
6472,7611
6569,7708
6665,7799
6758,7889
6850,7981
6950,8072
7043,8162
7137,8256
7229,8348
7324,8440
7416,8533
7509,8622
7608,8716
7699,8806
7792,8898
7884,8990
7979,9083
8070,9173
8162,9261
8251,9355
8348,9446
8446,9535
8541,9626
8637,9719
8727,9812
8820,9903
8920,9997
9013,10087
9112,10175
9211,10267
9302,10358
9396,10449
9493,10539
9595,10632
9690,10725
9789,10818
9885,10914
9977,11010
10071,11106
10172,11198
10271,11297
10371,11393
10466,11483
10563,11581
10663,11677
10760,11773
10853,11869
10951,11961
11053,12056
11150,12151
11250,12245
11344,12342
11442,12441
11539,12533
11641,12637
11733,12732
11830,12823
11926,12919
12025,13016
12117,13115
12216,13204
12310,13298
12408,13393
12504,13486
12603,13582
12697,13674
12800,13765
12898,13863
12994,13955
13094,14046
13186,14140
13285,14231
13384,14328
13483,14418
13579,14506
13674,14601
13777,14694
13868,14784
13962,14877
14063,14973
14158,15064
14256,15159
14355,15250
14451,15347
14545,15439
14641,15534
14739,15628
14836,15720
14932,15811
15030,15905
15125,16001
15216,16091
15309,16183
15405,16277
15498,16369
15587,79
15684,171
15778,262
15878,353
15972,447
16059,541
16157,631
16246,726
16334,814
45,906
141,995
236,1086
326,1179
424,1269
519,1363
610,1452
702,1544
803,1631
891,1721
989,1813
1081,1904
1175,1992
1276,2080
1369,2170
1461,2261
1559,2351
1658,2446
1751,2543
1844,2631
1937,2721
2036,2812
2131,2906
2227,2997
2326,3093
2420,3184
2512,3283
2605,3373
2702,3467
2801,3556
2896,3657
2993,3750
3087,3841
3180,3932
3276,4025
3370,4117
3466,4209
3564,4307
3661,4400
3750,4491
3840,4590
3937,4687
4031,4779
4125,4872
4219,4963
4316,5054
4409,5148
4506,5237
4602,5329
4694,5420
4791,5516
4886,5604
4983,5694
5078,5785
5176,5876
5269,5968
5364,6057
5457,6149
5553,6240
5647,6331
5743,6424
5839,6516
5938,6608
6032,6698
6132,6787
6223,6880
6314,6971
6407,7063
6501,7155
6598,7249
6694,7341
6790,7429
6883,7525
6982,7620
7074,7714
7165,7804
7262,7897
7350,7987
7443,8075
7540,8169
7636,8260
7726,8353
7823,8442
7908,8534
8001,8630
8091,8718
8180,8810
8274,8907
8371,8994
8463,9087
8557,9175
8650,9268
8744,9360
8833,9446
8930,9536
9022,9623
9117,9711
9209,9802
9303,9893
9396,9982
9492,10070
9586,10161
9680,10254
9771,10342
9874,10431
9965,10524
10063,10607
10161,10701
10252,10792
10343,10882
10440,10974
10537,11062
10624,11154
10723,11249
10818,11344
10911,11434
11008,11528
11101,11620
11200,11712
11297,11806
11387,11901
11481,11991
11574,12080
11668,12170
11768,12262
11862,12359
11950,12451
12043,12545
12135,12640
12229,12733
12325,12820
12416,12915
12512,13009
12605,13105
12699,13192
12792,13285
12890,13376
12984,13466
13081,13552
13173,13643
13269,13735
13366,13821
13458,13916
13555,14006
13649,14093
13750,14185
13843,14277
13939,14364
14033,14455
14130,14546
14224,14638
14316,14725
14410,14817
14505,14906
14600,14998
14692,15085
14787,15172
14884,15266
14976,15361
15078,15451
15172,15544
15264,15639
15358,15732
15450,15824
15544,15921
15637,16010
15730,16099
15822,16186
15917,16278
16010,16376
16105,86
16197,181
16289,272
16382,364
88,455
185,549
280,641
371,736
468,828
563,920
655,1010
755,1098
849,1192
941,1281
1037,1369
1135,1462
1229,1554
1321,1644
1414,1735
1512,1825
1609,1917
1705,2008
1799,2102
1895,2190
1992,2282
2087,2373
2185,2467
2277,2558
2376,2648
2474,2740
2569,2834
2667,2924
2766,3021
2859,3116
2957,3209
3051,3302
3147,3402
3241,3495
3337,3586
3433,3681
3530,3770
3623,3861
3717,3957
3816,4053
3906,4146
3998,4244
4088,4336
4188,4430
4291,4524
4386,4616
4481,4712
4571,4805
4668,4896
4766,4992
4865,5081
4962,5178
5057,5266
5157,5362
5249,5452
5349,5545
5448,5636
5540,5726
5640,5819
5734,5911
5832,6000
5931,6092
6029,6183
6126,6275
6224,6368
6323,6459
6416,6554
6510,6646
6611,6739
6706,6831
6806,6927
6901,7017
6998,7112
7098,7206
7191,7298
7286,7394
7383,7492
7479,7584
7579,7681
7673,7776
7768,7870
7861,7967
7955,8059
8051,8152
8146,8248
8246,8340
8341,8437
8433,8529
8531,8626
8627,8719
8728,8813
8824,8911
8921,9007
9018,9099
9116,9191
9212,9285
9306,9378
9407,9470
9505,9562
9601,9652
9698,9748
9794,9841
9895,9936
9989,10027
10094,10115
10184,10207
10283,10299
10381,10390
10481,10484
10573,10578
10668,10669
10763,10763
10867,10856
10964,10949
11058,11042
11152,11136
11249,11232
11344,11327
11441,11420
11537,11517
11626,11608
11725,11706
11817,11800
11917,11889
12004,11983
12098,12071
12191,12162
12286,12254
12384,12344
12475,12441
12569,12536
12665,12631
12758,12726
12854,12814
12950,12906
13046,12999
13137,13090
13234,13182
13328,13276
13418,13363
13521,13452
13611,13541
13705,13632
13798,13720
13895,13814
13985,13900
14079,13986
14171,14079
14270,14168
14368,14257
14462,14348
14551,14435
14646,14525
14739,14617
14833,14704
14923,14793
15016,14881
15110,14971
15207,15059
15299,15154
15390,15241
15486,15330
15579,15426
15674,15517
15763,15607
15857,15698
15948,15790
16044,15882
16133,15978
16223,16069
16315,16158
20,16250
114,16341
210,49
305,140
397,233
492,321
585,410
676,505
770,596
864,686
962,781
1060,871
1150,960
1244,1052
1338,1143
1433,1230
1528,1321
1625,1413
1718,1503
1816,1591
1907,1682
2000,1771
2100,1863
2194,1953
2292,2044
2386,2134
2481,2222
2574,2312
2668,2402
2767,2495
2860,2587
2950,2680
3047,2773
3138,2863
3235,2952
3327,3046
3426,3135
3520,3230
3609,3324
3704,3417
3798,3511
3888,3605
3977,3699
4070,3790
4163,3875
4262,3970
4356,4061
4445,4153
4541,4244
4633,4335
4727,4426
4822,4520
4915,4612
5011,4702
5101,4793
5196,4885
5287,4972
5379,5063
5475,5154
5569,5245
5666,5333
5758,5420
5844,5508
5940,5598
6036,5687
6127,5779
6214,5864
6308,5954
6403,6040
6499,6126
6590,6216
6687,6307
6782,6395
6868,6481
6962,6577
7059,6664
7150,6755
7240,6845
7334,6933
7424,7025
7514,7112
7603,7203
7698,7296
7793,7385
7877,7476
7971,7568
8066,7659
8158,7754
8249,7843
8339,7932
8432,8020
8523,8112
8617,8204
8711,8296
8807,8386
8901,8475
8987,8569
9087,8664
9181,8753
9269,8844
9371,8937
9467,9025
9555,9115
9652,9203
9744,9298
9844,9387
9936,9476
10030,9568
10123,9659
10222,9747
10317,9834
10416,9927
10512,10015
10604,10102
10697,10194
10794,10288
10889,10373
10983,10467
11076,10560
11170,10644
11265,10736
11363,10829
11460,10921
11552,11014
11645,11107
11742,11199
11834,11292
11933,11386
12022,11476
12113,11571
12202,11668
12296,11760
12389,11855
12486,11947
12580,12034
12674,12125
12770,12218
12866,12317
12953,12407
13053,12501
13142,12594
13240,12685
13339,12781
13433,12870
13528,12964
13628,13055
13719,13144
13808,13238
13909,13332
14003,13414
14098,13505
14192,13594
14289,13687
14380,13776
14478,13863
14572,13956
14664,14047
14756,14133
14848,14226
14948,14316
15044,14410
15143,14496
15232,14585
15326,14681
15418,14768
15513,14856
15607,14949
15702,15040
15797,15129
15893,15221
15983,15318
16081,15405
16172,15500
16263,15595
16357,15687
71,15782
165,15878
264,15965
356,16060
453,16157
550,16245
648,16343
739,53
835,146
932,239
1030,335
1123,428
1221,521
1315,613
1418,705
1511,801
1611,897
1714,990
1810,1084
1905,1178
2000,1269
2100,1361
2198,1456
2302,1549
2391,1642
2492,1737
2596,1827
2693,1920
2786,2012
2883,2103
2985,2198
3082,2293
3182,2382
3276,2480
3376,2573
3477,2670
3571,2768
3666,2861
3756,2955
3852,3050
3946,3146
4044,3239
4141,3338
4239,3433
4333,3533
4435,3627
4532,3725
4631,3818
4727,3911
4824,4006
4925,4105
5023,4201
5118,4295
5214,4390
5310,4488
5411,4587
5503,4680
5600,4775
5701,4865
5796,4960
5894,5054
5991,5152
6093,5240
6188,5333
6283,5424
6380,5520
6480,5609
6570,5702
6671,5789
6764,5881
6862,5977
6963,6068
7054,6159
7146,6252
7251,6342
7343,6434
7434,6524
7530,6615
7623,6707
7720,6798
7814,6892
7906,6989
7997,7078
8091,7169
8185,7263
8284,7356
8379,7448
8474,7542
8569,7640
8668,7732
8758,7823
8859,7917
8952,8012
9043,8102
9139,8197
9233,8288
9329,8383
9424,8477
9522,8568
9617,8660
9711,8748
9806,8845
9907,8938
10001,9032
10105,9119
10195,9210
10293,9303
10391,9393
10491,9483
10581,9575
10678,9667
10773,9756
10872,9851
10967,9938
11061,10027
11154,10121
11247,10215
11341,10308
11436,10395
11530,10484
11630,10574
11721,10662
11819,10758
11909,10852
12003,10941
12095,11038
12190,11132
12281,11223
12377,11313
12476,11409
12574,11505
12666,11600
12756,11694
12852,11789
12948,11881
13046,11973
13143,12066
13237,12157
13334,12250
13431,12346
13527,12441
13623,12535
13719,12628
13812,12723
13902,12817
14007,12907
14100,13001
14196,13094
14291,13186
14382,13278
14486,13368
14575,13462
14674,13550
14770,13643
14861,13735
14950,13828
15047,13916
15142,14009
15236,14101
15328,14190
15428,14279
15521,14370
15616,14461
15712,14551
15799,14646
15895,14736
15992,14826
16081,14918
16172,15008
16267,15102
16356,15193
68,15285
165,15378
255,15471
352,15561
448,15658
536,15748
635,15844
726,15938
822,16037
917,16125
1010,16215
1110,16303
1208,12
1299,109
1395,200
1489,293
1582,384
1681,478
1777,569
1868,657
1963,750
2059,839
2157,932
2248,1027
2342,1114
2443,1208
2536,1295
2632,1388
2729,1475
2817,1568
2914,1656
3008,1744
3100,1832
3195,1923
3288,2009
3385,2098
3475,2193
3568,2281
3662,2375
3756,2460
3848,2551
3938,2644
4032,2736
4126,2824
4221,2920
4313,3009
4403,3103
4496,3193
4591,3287
4683,3377
4778,3470
4873,3560
4969,3655
5061,3746
5155,3835
5254,3930
5345,4021
5439,4112
5534,4200
5630,4293
5720,4386
5817,4482
5908,4571
6002,4663
6095,4756
6189,4845
6287,4934
6383,5024
6477,5120
6571,5209
6665,5301
6759,5393
6852,5481
6951,5568
7037,5658
7134,5746
7228,5836
7320,5928
7412,6016
7504,6108
7598,6193
7688,6283
7785,6375
7878,6464
7972,6557
8064,6648
8155,6738
8251,6829
8345,6918
8438,7006
8532,7100
8626,7191
8719,7286
8808,7379
8907,7472
8999,7565
9096,7659
9186,7750
9284,7845
9375,7936
9476,8028
9571,8117
9663,8212
9759,8306
9856,8400
9953,8491
10051,8584
10143,8679
10236,8771
10333,8863
10424,8956
10522,9051
10616,9139
10713,9231
10805,9321
10899,9409
10995,9500
11093,9591
11188,9679
11279,9765
11376,9855
11468,9947
11562,10037
11658,10128
11752,10221
11843,10310
11940,10400
12027,10489
12123,10581
12217,10672
12308,10762
12410,10852
12497,10941
12595,11033
12690,11127
12781,11218
12873,11311
12973,11404
13067,11493
13159,11590
13256,11687
13347,11777
13442,11871
13540,11962
13639,12054
13736,12145
13828,12237
13923,12331
14015,12427
14112,12517
14207,12609
14306,12704
14406,12798
14499,12890
14597,12980
14689,13072
14791,13170
14886,13258
14978,13351
15074,13446
15174,13532
15269,13626
15371,13719
15463,13810
15557,13906
15654,13993
15754,14085
15847,14175
15947,14266
16037,14360
16128,14455
16224,14544
16319,14638
32,14730
129,14817
229,14914
322,15011
420,15102
515,15200
615,15288
713,15387
807,15480
903,15572
1000,15666
1101,15761
1197,15857
1299,15955
1392,16053
1493,16137
1589,16239
1685,16327
1783,37
1883,134
1982,228
2078,319
2172,416
2271,512
2370,604
2464,700
2561,796
2658,889
2756,981
2854,1074
2949,1164
3043,1256
3141,1352
3237,1442
3328,1532
3425,1622
3519,1714
3613,1808
3707,1897
3803,1986
3896,2078
3986,2171
4078,2259
4177,2350
4271,2442
4364,2535
4457,2626
4552,2718
4647,2808
4741,2900
4836,2994
4927,3085
5025,3176
5118,3272
5214,3364
5307,3455
5404,3546
5498,3641
5590,3731
5685,3826
5785,3916
5876,4008
5966,4101
6060,4196
6158,4286
6249,4382
6345,4472
6442,4566
6535,4660
6633,4750
6728,4845
6823,4934
6914,5024
7011,5118
7101,5207
7194,5294
7285,5385
7384,5476
7473,5567
7573,5659
7666,5747
7755,5835
7852,5929
7945,6019
8035,6111
8132,6197
8225,6287
8321,6375
8416,6470
8507,6563
8603,6656
8699,6743
8788,6834
8888,6927
8985,7016
9082,7108
9172,7203
9273,7296
9368,7392
9458,7481
9556,7573
9651,7667
9743,7764
9844,7860
9942,7950
10035,8037
10129,8130
10220,8222
10321,8314
10422,8413
10514,8504
10607,8593
10702,8692
10797,8783
10892,8872
10991,8965
11084,9062
11183,9151
11276,9243
11365,9334
11460,9422
11556,9509
11647,9603
11744,9693
11837,9784
11932,9874
12021,9968
12109,10060
12204,10146
12298,10233
12393,10324
12487,10414
12582,10503
12678,10594
12771,10683
12862,10774
12958,10866
13052,10956
13145,11048
13240,11141
13336,11233
13431,11325
13522,11413
13616,11509
13709,11599
13801,11693
13895,11786
13994,11881
14087,11972
14179,12063
14276,12153
14368,12243
14463,12332
14556,12428
14647,12520
14744,12614
14841,12705
14927,12796
15026,12890
15123,12982
15217,13072
15308,13165
15397,13255
15497,13343
15587,13436
15682,13528
15779,13617
15869,13702
15962,13798
16060,13885
16146,13973
16237,14061
16330,14159
38,14242
135,14330
226,14420
321,14511
411,14604
504,14693
600,14779
693,14872
789,14963
885,15054
976,15146
1072,15234
1163,15328
1263,15421
1357,15511
1454,15603
1548,15698
1643,15792
1735,15886
1832,15981
1922,16068
2028,16158
2116,16251
2214,16341
2307,50
2406,147
2498,243
2595,330
2685,424
2780,513
2874,607
2967,699
3064,789
3156,878
3256,976
3344,1070
3443,1160
3538,1248
3630,1337
3725,1428
3822,1517
3906,1609
4002,1699
4093,1785
4184,1877
4279,1965
4381,2059
4469,2148
4565,2240
4664,2332
4758,2420
4846,2505
4945,2600
5033,2690
5129,2785
5227,2874
5322,2968
5412,3062
5512,3153
5606,3250
5704,3340
5796,3431
5892,3525
5989,3618
6085,3711
6177,3804
6274,3894
6369,3983
6463,4074
6564,4167
6657,4264
6751,4355
6842,4451
6939,4546
7033,4637
7129,4730
7221,4824
7319,4913
7413,5011
7511,5101
7609,5187
7703,5282
7796,5376
7887,5466
7982,5558
8076,5647
8172,5739
8266,5828
8358,5916
8463,6007
8551,6100
8649,6193
8743,6282
8838,6376
8934,6466
9029,6558
9123,6651
9227,6744
9324,6838
9415,6930
9512,7026
9608,7118
9709,7211
9809,7304
9909,7399
10002,7494
10100,7585
10196,7686
10292,7779
10387,7871
10485,7967
10589,8058
10683,8151
10779,8247
10877,8343
10974,8439
11066,8532
11163,8628
11258,8722
11356,8820
11454,8913
11555,9006
11647,9099
11748,9191
11846,9290
11942,9383
12040,9473
12129,9567
12225,9657
12319,9751
12415,9847
12513,9939
12614,10033
12710,10125
12805,10218
12905,10310
13002,10407
13092,10492
13194,10586
13297,10683
13393,10776
13486,10875
13583,10964
13688,11061
13787,11158
13889,11257
13984,11351
14082,11446
14175,11538
14279,11634
14375,11732
14477,11828
14574,11925
14672,12020
14773,12111
14864,12207
14964,12303
15062,12400
15164,12498
15261,12594
15359,12687
15456,12778
15554,12873
15650,12968
15747,13068
15844,13159
15943,13255
16031,13350
16130,13442
16225,13534
16319,13625
33,13720
124,13810
224,13902
326,13994
416,14086
510,14177
609,14266
711,14359
808,14450
900,14543
995,14634
1089,14726
1186,14816
1288,14908
1383,15000
1481,15090
1578,15186
1672,15278
1768,15374
1864,15466
1960,15558
2052,15651
2150,15747
2243,15839
2343,15931
2433,16025
2530,16120
2625,16207
2724,16299
2816,8
2912,104
3005,201
3097,291
3189,386
3280,480
3374,566
3466,660
3564,750
3665,844
3754,935
3845,1025
3934,1117
4029,1210
4122,1300
4214,1389
4306,1480
4399,1568
4494,1658
4590,1746
4680,1838
4771,1928
4864,2016
4961,2108
5056,2198
5151,2287
5245,2379
5341,2468
5440,2556
5529,2651
5628,2743
5722,2834
5818,2929
5910,3020
6007,3112
6096,3205
6200,3296
6295,3394
6388,3486
6481,3582
6572,3677
6674,3763
6769,3851
6859,3942
6955,4035
7052,4133
7148,4223
7242,4318
7334,4408
7428,4504
7523,4591
7616,4684
7708,4777
7804,4869
7896,4960
7988,5050
8084,5145
8175,5236
8267,5323
8360,5411
8457,5502
8557,5594
8648,5684
8742,5768
8838,5860
8928,5948
9023,6035
9113,6125
9212,6212
9306,6306
9400,6396
9493,6485
9589,6570
9683,6660
9778,6752
9873,6842
9969,6935
10061,7026
10160,7117
10255,7207
10343,7298
10435,7391
10525,7483
10621,7574
10714,7662
10812,7755
10902,7849
10991,7936
11090,8028
11183,8117
11274,8207
11364,8300
11459,8388
11551,8482
11642,8574
11733,8665
11827,8751
11918,8846
12008,8937
12092,9025
12183,9115
12278,9204
12369,9294
12465,9381
12558,9474
12647,9561
12737,9651
12833,9738
12926,9826
13018,9915
13110,10005
13202,10094
13294,10180
13392,10269
13486,10358
13577,10449
13667,10532
13759,10623
13857,10715
13946,10805
14043,10893
14138,10983
14225,11075
14326,11166
14414,11258
14512,11346
14604,11443
14697,11533
14789,11626
14879,11714
14976,11807
15067,11898
15164,11992
15255,12078
15349,12173
15445,12263
15537,12355
15627,12451
15727,12545
15817,12632
15915,12727
16006,12818
16102,12909
16198,13001
16286,13091
16376,13180
85,13270
177,13363
270,13450
363,13544
456,13634
557,13722
648,13808
746,13902
837,13993
936,14081
1024,14167
1121,14259
1216,14348
1307,14436
1402,14522
1498,14615
1596,14704
1684,14797
1782,14884
1878,14973
1972,15063
2071,15154
2163,15248
2256,15338
2348,15431
2445,15522
2536,15615
2628,15704
2730,15803
2820,15893
2912,15988
3006,16075
3093,16166
3188,16259
3287,16348
3383,58
3475,150
3568,244
3659,338
3749,431
3844,520
3935,613
4025,702
4115,800
4208,890
4301,981
4394,1070
4489,1160
4584,1251
4679,1343
4773,1433
4867,1522
4963,1611
5057,1699
5154,1789
5240,1878
5341,1973
5434,2064
5529,2153
5631,2247
5719,2332
5814,2426
5916,2516
6014,2609
6109,2703
6202,2798
6298,2892
6394,2981
6488,3079
6583,3170
6682,3263
6783,3356
6875,3450
6972,3544
7067,3634
7164,3735
7259,3830
7358,3922
7458,4017
7551,4108
7655,4203
7742,4298
7837,4396
7931,4485
8021,4581
8118,4681
8213,4773
8310,4869
8408,4963
8505,5055
8599,5148
8696,5239
8797,5330
8892,5422
8993,5517
9089,5613
9184,5704
9282,5797
9376,5891
9478,5980
9579,6074
9673,6164
9773,6259
9872,6349
9968,6443
10066,6534
10164,6629
10263,6723
10365,6817
10458,6913
10563,7006
10654,7099
10752,7193
10848,7284
10943,7380
11045,7473
11141,7573
11233,7670
11329,7764
11422,7854
11518,7945
11618,8041
11712,8137
11808,8231
11906,8326
12000,8418
12090,8512
12185,8609
12279,8705
12375,8800
12466,8891
12566,8985
12659,9076
12760,9170
12855,9260
12951,9354
13049,9445
13142,9539
13237,9632
13332,9723
13430,9815
13531,9905
13632,9992
13721,10087
13819,10176
13913,10268
14016,10360
14109,10454
14201,10543
14292,10629
14390,10724
14487,10821
14583,10910
14677,11002
14775,11094
14874,11188
14966,11280
15066,11377
15159,11468
15251,11563
15344,11660
15443,11750
15540,11841
15634,11938
15729,12025
15825,12116
15920,12209
16011,12307
16106,12399
16191,12490
16287,12581
16378,12671
91,12771
185,12867
279,12954
378,13045
474,13139
566,13230
661,13322
756,13410
851,13503
944,13593
1040,13687
1136,13775
1232,13865
1331,13958
1426,14048
1516,14137
1611,14228
1707,14317
1804,14407
1902,14498
1995,14590
2092,14681
2187,14769
2280,14861
2373,14952
2471,15044
2562,15136
2658,15230
2757,15324
2852,15413
2947,15511
3043,15604
3129,15698
3224,15787
3322,15878
3421,15975
3509,16067
3608,16164
3702,16254
3788,16344
3877,53
3970,147
4068,241
4159,335
4258,426
4354,519
4447,612
4536,704
4636,794
4723,891
4823,980
4920,1073
5016,1168
5107,1253
5203,1342
5299,1436
5396,1526
5494,1619
5590,1709
5683,1800
5776,1891
5871,1978
5970,2069
6067,2161
6163,2251
6255,2340
6350,2434
6451,2523
6543,2611
6638,2705
6732,2798
6827,2890
6925,2979
7018,3073
7112,3165
7205,3254
7296,3345
7393,3441
7487,3536
7582,3625
7677,3719
7772,3805
7865,3897
7953,3989
8050,4080
8141,4174
8233,4268
8331,4362
8424,4446
8516,4541
8605,4631
8702,4723
8797,4816
8894,4906
8986,4998
9076,5090
9174,5179
9272,5266
9365,5356
9456,5450
9553,5537
9650,5627
9742,5713
9836,5803
9932,5891
10025,5981
10113,6072
10215,6157
10307,6249
10403,6336
10499,6430
10587,6517
10680,6612
10782,6703
10874,6790
10969,6882
11059,6974
11154,7066
11251,7154
11341,7246
11433,7342
11527,7432
11623,7525
11711,7620
11807,7710
11903,7804
11994,7895
12085,7987
12177,8077
12268,8172
12359,8264
12453,8357
12550,8453
12646,8542
12738,8636
12833,8729
12925,8824
13018,8918
13111,9008
13213,9098
13302,9189
13398,9280
13496,9373
13590,9466
13683,9553
13780,9643
13874,9736
13970,9825
14068,9911
14157,10008
14255,10097
14352,10188
14450,10281
14542,10366
14640,10457
14732,10553
14826,10642
14921,10732
15022,10824
15114,10914
15208,11009
15304,11099
15400,11186
15494,11281
15591,11374
15679,11467
15775,11558
15865,11654
15962,11747
16061,11841
16153,11932
16246,12020
16341,12110
50,12202
144,12294
240,12391
330,12482
425,12580
521,12672
620,12763
714,12856
807,12945
900,13035
997,13127
1091,13222
1186,13311
1283,13403
1378,13489
1470,13581
1569,13671
1667,13761
1758,13852
1854,13945
1950,14034
2054,14125
2144,14212
2235,14302
2331,14396
2426,14489
2524,14579
2617,14669
2714,14760
2813,14851
2908,14946
3003,15037
3096,15134
3189,15225
3287,15317
3385,15408
3473,15505
3570,15597
3667,15694
3764,15787
3854,15883
3948,15978
4042,16073
4135,16166
4234,16261
4332,16360
4426,63
4523,159
4622,257
4711,353
4809,449
4906,542
5002,642
5097,734
5199,827
5298,919
5390,1009
5484,1101
5587,1202
5682,1295
5782,1386
5882,1482
5982,1575
6078,1664
6171,1758
6271,1852
6369,1943
6473,2039
6567,2133
6660,2222
6758,2315
6856,2408
6950,2501
7051,2595
7147,2692
7242,2785
7338,2879
7434,2968
7534,3064
7629,3161
7723,3253
7822,3346
7918,3440
8009,3537
8101,3630
8198,3722
8290,3813
8390,3902
8481,3994
8577,4088
8671,4182
8773,4280
8863,4370
8965,4462
9054,4555
9151,4654
9245,4743
9341,4831
9440,4925
9537,5015
9627,5103
9724,5195
9822,5290
9911,5378
10008,5468
10105,5558
10196,5644
10290,5738
10383,5828
10479,5915
10573,6005
10662,6091
10763,6180
10858,6268
10953,6360
11040,6454
11138,6536
11231,6625
11324,6717
11419,6810
11514,6902
11608,6990
11700,7080
11793,7175
11885,7265
11976,7358
12065,7452
12157,7545
12248,7635
12341,7727
12436,7818
12528,7910
12622,7997
12714,8090
12811,8182
12905,8274
12996,8367
13088,8463
13185,8551
13279,8645
13373,8737
13470,8828
13565,8917
13658,9005
13752,9103
13844,9191
13943,9281
14038,9373
14131,9465
14229,9555
14319,9644
14412,9734
14513,9825
14602,9912
14697,10003
14799,10090
14891,10183
14984,10276
15079,10361
15177,10451
15270,10543
15362,10634
15457,10726
15552,10816
15644,10904
15738,10998
15833,11089
15923,11181
16018,11274
16111,11366
16200,11459
16295,11549
4,11642
96,11734
192,11824
287,11916
378,12007
473,12099
568,12187
657,12276
752,12370
849,12459
946,12556
1040,12648
1131,12738
1224,12831
1320,12920
1410,13014
1501,13100
1602,13193
1695,13283
1786,13374
1881,13463
1975,13552
2069,13642
2161,13726
2258,13816
2349,13908
2440,13993
2533,14081
2628,14164
2721,14256
2810,14345
2908,14435
3004,14525
3091,14611
3183,14699
3278,14794
3370,14880
3462,14968
3564,15056
3654,15145
3740,15236
3828,15326
3919,15418
4010,15508
4103,15600
4199,15693
4292,15785
4383,15878
4474,15968
4570,16055
4659,16144
4751,16238
4843,16326
4936,35
5031,125
5125,216
5222,309
5320,406
5412,494
5504,582
5595,675
5688,763
5785,855
5880,944
5978,1040
6072,1131
6164,1221
6260,1309
6351,1398
6445,1483
6538,1571
6628,1662
6727,1752
6823,1842
6915,1935
7005,2022
7095,2116
7187,2203
7287,2294
7379,2383
7474,2474
7569,2564
7659,2653
7753,2745
7848,2836
7937,2928
8025,3019
8118,3114
8208,3205
8306,3297
8400,3390
8488,3479
8582,3574
8678,3669
8772,3759
8866,3850
8957,3942
9048,4030
9151,4123
9244,4220
9338,4312
9428,4403
9519,4496
9613,4586
9713,4680
9805,4770
9902,4862
9997,4951
10095,5044
10186,5133
10284,5227
10378,5317
10471,5406
10568,5499
10659,5589
10761,5682
10854,5768
10952,5859
11041,5950
11136,6042
11228,6128
11326,6219
11421,6307
11509,6398
11605,6488
11703,6583
11796,6674
11890,6765
11980,6853
12074,6951
12166,7040
12255,7131
12351,7225
12445,7318
12543,7411
12637,7507
12727,7599
12824,7691
12916,7783
13013,7875
13110,7970
13201,8064
13300,8155
13393,8250
13496,8348
13591,8437
13685,8528
13777,8624
13874,8719
13969,8811
14070,8907
14164,8999
14252,9091
14353,9183
14447,9274
14544,9366
14639,9455
14735,9548
14831,9641
14927,9732
15020,9824
15120,9916
15217,10010
15312,10100
15403,10196
15499,10281
15596,10378
15695,10468
15789,10560
15881,10649
15975,10748
16073,10838
16163,10930
16256,11029
16354,11120
63,11214
162,11303
256,11399
347,11494
445,11590
544,11683
641,11780
736,11875
830,11966
929,12060
1029,12156
1130,12251
1226,12345
1322,12439
1417,12534
1516,12633
1616,12726
1714,12820
1813,12915
1917,13008
2011,13102
2106,13203
2202,13301
2302,13391
2395,13480
2497,13572
2598,13669
2692,13760
2792,13850
2889,13946
2992,14038
3085,14131
3183,14222
3280,14315
3377,14410
3469,14504
3572,14598
3664,14695
3762,14784
3854,14877
3951,14969
4050,15064
4144,15162
4240,15258
4338,15352
4432,15445
4532,15543
4625,15634
4726,15732
4823,15831
4920,15924
5016,16018
5113,16111
5211,16207
5306,16301
5404,12
5500,111
5596,204
5696,297
5794,395
5890,487
5990,585
6084,677
6179,766
6281,865
6376,953
6470,1046
6566,1138
6664,1230
6760,1327
6853,1416
6954,1508
7043,1599
7139,1690
7235,1778
7329,1870
7426,1963
7519,2053
7612,2145
7711,2237
7802,2329
7892,2420
7987,2506
8077,2600
8174,2692
8267,2780
8362,2878
8456,2967
8550,3056
8644,3154
8739,3244
8830,3338
8925,3429
9016,3523
9112,3617
9206,3710
9303,3799
9398,3886
9493,3978
9586,4069
9682,4166
9776,4256
9867,4348
9971,4440
10064,4533
10158,4625
10253,4716
10348,4807
10447,4897
10547,4990
10641,5083
10732,5172
10827,5264
10923,5356
11015,5442
11108,5533
11204,5624
11305,5712
11402,5804
11494,5893
11588,5987
11682,6074
11779,6165
11877,6257
11970,6350
12054,6437
12148,6531
12243,6624
12343,6713
12437,6802
12531,6892
12625,6989
12720,7082
12816,7173
12912,7261
13007,7355
13099,7451
13198,7542
13295,7634
13388,7729
13488,7822
13585,7913
13679,8007
13775,8097
13869,8187
13965,8278
14060,8374
14155,8468
14250,8562
14351,8651
14439,8744
14536,8834
14629,8923
14728,9017
14818,9107
14915,9196
15011,9290
15107,9379
15201,9470
15294,9559
15388,9650
15482,9740
15574,9828
15661,9919
15762,10010
15857,10098
15948,10189
16038,10275
16125,10369
16223,10455
16312,10550
18,10635
107,10724
202,10816
300,10905
392,10995
485,11088
577,11182
674,11272
763,11366
856,11456
948,11549
1044,11634
1135,11730
1228,11824
1325,11912
1419,12003
1511,12094
1604,12185
1703,12274
1795,12368
1887,12459
1979,12548
2075,12644
2172,12737
2258,12828
2357,12917
2452,13006
2547,13098
2638,13191
2736,13283
2829,13372
2921,13457
3012,13547
3108,13638
3203,13728
3301,13817
3395,13907
3488,13993
3578,14083
3667,14172
3760,14258
3849,14352
3943,14439
4038,14530
4132,14617
4223,14709
4323,14796
4415,14886
4512,14976
4608,15067
4699,15161
4788,15249
4891,15339
4987,15431
5079,15522
5176,15614
5267,15710
5361,15800
5450,15894
5550,15985
5646,16076
5740,16166
5840,16255
5930,16347
6027,58
6121,143
6215,238
6309,329
6408,422
6497,511
6591,604
6686,697
6781,786
6873,877
6969,970
7059,1056
7152,1146
7248,1236
7338,1326
7431,1415
7525,1505
7619,1596
7715,1688
7811,1777
7901,1865
7988,1952
8075,2044
8166,2132
8262,2223
8351,2310
8452,2403
8541,2496
8636,2587
8728,2676
8818,2766
8920,2862
9010,2952
9100,3044
9191,3132
9285,3224
9380,3317
9474,3410
9569,3506
9665,3595
9762,3692
9856,3780
9952,3866
10042,3961
10137,4056
10232,4145
10330,4242
10426,4336
10520,4427
10618,4522
10711,4616
10805,4705
10902,4798
10999,4890
11089,4980
11190,5076
11280,5167
11376,5257
11476,5351
11566,5443
11660,5533
11755,5626
11844,5716
11945,5804
12037,5896
12131,5988
12225,6079
12321,6169
12418,6261
12517,6354
12611,6445
12705,6539
12799,6630
12895,6723
12994,6819
13097,6911
13193,7008
13290,7095
13388,7190
13482,7288
13579,7382
13678,7474
13775,7571
13873,7668
13967,7762
14062,7861
14161,7951
14262,8038
14360,8135
14455,8230
14549,8325
14647,8418
14749,8514
14845,8610
14940,8705
15036,8799
15133,8896
15236,8985
15327,9080
15424,9175
15517,9267
15612,9362
15709,9451
15808,9547
15905,9636
16000,9728
16092,9820
16183,9913
16285,10007
16376,10098
87,10189
186,10284
280,10371
379,10467
469,10558
570,10653
663,10743
758,10830
860,10924
952,11018
1048,11112
1146,11209
1238,11301
1334,11395
1436,11487
1528,11586
1630,11679
1726,11772
1822,11866
1917,11960
2015,12049
2112,12138
2200,12236
2293,12331
2393,12422
2490,12515
2584,12609
2679,12705
2777,12796
2866,12894
2965,12986
3063,13078
3159,13167
3249,13260
3344,13356
3439,13445
3531,13537
3630,13628
3729,13723
3824,13809
3909,13898
4000,13987
4094,14080
4191,14173
4284,14264
4379,14353
4474,14443
4567,14537
4662,14628
4760,14718
4855,14808
4954,14900
5047,14987
5137,15081
5232,15173
5325,15269
5424,15360
5521,15451
5619,15546
5709,15638
5806,15730
5902,15826
5999,15919
6089,16009
6180,16096
6277,16190
6373,16283
6467,16374
6558,80
6652,175
6750,268
6844,367
6941,454
7040,549
7131,640
7223,732
7315,827
7410,918
7503,1009
7601,1103
7691,1189
7784,1280
7877,1370
7964,1462
8059,1555
8154,1641
8249,1732
8341,1821
8433,1912
8529,2002
8618,2094
8717,2183
8816,2276
8911,2366
9002,2458
9098,2547
9193,2640
9285,2730
9382,2825
9474,2916
9569,3006
9665,3102
9762,3193
9857,3288
9950,3382
10049,3471
10141,3568
10231,3657
10329,3751
10425,3840
10522,3933
10622,4028
10714,4119
10810,4215
10906,4306
11000,4399
11097,4490
11192,4582
11284,4680
11377,4769
11472,4858
11574,4950
11662,5046
11757,5135
11853,5227
11946,5313
12040,5408
12128,5494
12222,5588
12319,5676
12414,5765
12507,5854
12599,5944
12699,6035
12789,6121
12882,6209
12976,6297
13068,6393
13165,6482
13258,6570
13354,6660
13452,6749
13546,6841
13639,6930
13736,7019
13830,7113
13926,7203
14018,7297
14115,7387
14207,7477
14300,7568
14399,7658
14489,7750
14586,7840
14678,7932
14771,8022
14871,8114
14962,8206
15054,8296
15149,8390
15239,8480
15333,8571
15420,8662
15521,8755
15611,8850
15705,8934
15798,9028
15890,9122
15983,9212
16075,9301
16166,9392
16259,9480
16347,9570
56,9665
150,9752
243,9842
335,9932
426,10018
528,10109
624,10203
715,10292
806,10381
897,10473
992,10563
1088,10651
1182,10743
1284,10831
1376,10923
1473,11017
1562,11112
1664,11207
1759,11297
1852,11389
1947,11483
2039,11573
2135,11666
2232,11755
2323,11851
2418,11945
2516,12038
2613,12129
2711,12222
2806,12316
2904,12405
3002,12501
3096,12594
3185,12687
3281,12779
3382,12875
3474,12968
3568,13061
3663,13153
3754,13244
3849,13339
3936,13428
4036,13521
4128,13611
4226,13699
4316,13795
4414,13887
4510,13971
4608,14065
4698,14157
4797,14242
4892,14335
4984,14426
5082,14518
5178,14603
5273,14696
5369,14789
5459,14879
5551,14971
5654,15060
5747,15155
5843,15242
5938,15332
6036,15428
6132,15520
6226,15610
6320,15706
6419,15796
6510,15890
6602,15987
6698,16079
6795,16169
6893,16263
6988,16354
7078,64
7173,161
7270,251
7368,340
7464,432
7551,528
7642,623
7741,711
7839,808
7928,899
8025,989
8117,1082
8213,1173
8300,1266
8397,1360
8497,1455
8595,1544
8692,1635
8782,1727
8880,1819
8979,1910
9072,2004
9170,2097
9264,2192
9362,2283
9462,2375
9560,2466
9656,2561
9754,2656
9850,2750
9953,2844
10051,2945
10146,3041
10244,3134
10343,3229
10444,3322
10540,3421
10640,3518
10741,3613
10838,3712
10937,3805
11032,3895
11130,3995
11229,4093
11326,4190
11421,4284
11524,4380
11621,4478
11713,4575
11819,4668
11912,4767
12007,4859
12095,4948
12196,5047
12301,5141
12394,5236
12489,5327
12591,5421
12685,5515
12782,5607
12880,5699
12978,5793
13074,5884
13172,5973
13266,6063
13368,6152
13464,6248
13559,6342
13663,6431
13755,6523
13855,6614
13954,6711
14049,6800
14142,6893
14242,6986
14339,7076
14430,7170
14533,7263
14630,7354
14726,7447
14817,7546
14913,7637
15011,7732
15104,7822
15198,7913
15292,8007
15385,8097
15478,8188
15571,8278
15670,8369
15766,8465
15862,8561
15953,8649
16044,8740
16140,8833
16227,8923
16325,9015
30,9102
125,9197
216,9286
311,9378
402,9469
495,9561
594,9648
688,9740
782,9831
872,9916
973,10005
1065,10098
1161,10190
1256,10281
1353,10367
1452,10457
1541,10548
1634,10641
1731,10736
1828,10827
1921,10914
2012,11011
2111,11103
2208,11199
2303,11292
2393,11381
2491,11476
2587,11568
2683,11661
2781,11761
2871,11852
2966,11943
3062,12039
3160,12131
3251,12225
3348,12318
3444,12412
3540,12504
3633,12600
3726,12693
3819,12786
3909,12879
4004,12972
4098,13064
4195,13161
4288,13251
4382,13342
4477,13436
4572,13525
4667,13616
4764,13710
4855,13805
4951,13893
5047,13983
5144,14073
5236,14164
5335,14255
5428,14345
5527,14437
5624,14525
5715,14620
5811,14708
5904,14800
6003,14891
6102,14977
6191,15071
6284,15162
6384,15253
6474,15343
6570,15443
6665,15526
6756,15620
6850,15712
6942,15803
7036,15895
7130,15987
7217,16074
7314,16166
7410,16258
7506,16347
7593,49
7685,142
7774,236
7867,327
7955,420
8045,509
8139,596
8230,685
8320,775
8416,865
8512,954
8603,1042
8693,1134
8786,1218
8876,1307
8970,1396
9066,1488
9153,1576
9250,1664
9345,1745
9438,1836
9531,1925
9619,2014
9719,2105
9811,2192
9904,2279
9996,2374
10090,2461
10185,2549
10277,2639
10372,2731
10468,2825
10561,2913
10655,3003
10752,3093
10848,3189
10941,3282
11033,3373
11127,3466
11224,3561
11318,3657
11408,3752
11500,3841
11591,3935
11684,4026
11785,4118
11876,4214
11960,4307
12048,4406
12141,4498
12236,4592
12327,4690
12417,4782
12508,4874
12602,4968
12693,5061
12787,5157
12880,5250
12976,5346
13067,5438
13162,5535
13253,5626
13348,5720
13436,5813
13535,5907
13626,5999
13715,6089
13809,6187
13902,6281
13994,6372
14083,6464
14180,6562
14277,6655
14370,6747
14461,6840
14553,6935
14646,7029
14739,7127
14832,7216
14930,7314
15020,7409
15114,7506
15211,7597
15301,7691
15391,7786
15482,7885
15579,7974
15671,8067
15766,8162
15855,8256
15949,8350
16041,8445
16132,8534
16219,8628
16316,8722
27,8819
120,8912
217,9006
309,9097
402,9190
497,9280
590,9370
682,9458
776,9553
872,9643
967,9732
1065,9819
1156,9912
1254,10004
1349,10093
1445,10181
1537,10273
1636,10361
1730,10454
1825,10541
1921,10627
2016,10716
2112,10808
2211,10902
2303,10991
2397,11083
2491,11172
2591,11261
2683,11353
2775,11445
2872,11539
2968,11627
3068,11720
3161,11812
3255,11906
3346,11999
3439,12087
3536,12175
3632,12264
3729,12359
3821,12451
3914,12546
4003,12638
4097,12732
4191,12822
4289,12912
4383,13003
4478,13093
4573,13186
4667,13280
4767,13371
4862,13462
4957,13551
5051,13640
5148,13733
5245,13824
5344,13915
5439,14005
5534,14095
5632,14186
5735,14277
5829,14368
5925,14456
6026,14549
6120,14642
6218,14734
6316,14823
6414,14916
6511,15014
6605,15110
6706,15202
6804,15290
6905,15388
6996,15478
7093,15575
7191,15667
7291,15765
7388,15860
7487,15958
7580,16053
7676,16145
7772,16241
7872,16340
7964,48
8063,148
8154,242
8249,338
8349,436
8447,530
8544,630
8641,723
8741,820
8839,921
8936,1014
9034,1108
9128,1196
9225,1294
9324,1385
9423,1480
9523,1577
9622,1669
9713,1761
9814,1849
9915,1948
10011,2040
10107,2131
10206,2223
10303,2322
10398,2412
10496,2503
10593,2596
10692,2692
10787,2786
10886,2880
10980,2971
11078,3065
11175,3159
11271,3249
11371,3341
11465,3438
11560,3532
11657,3626
11757,3715
11846,3807
11943,3896
12028,3988
12128,4075
12219,4169
12317,4260
12409,4353
12509,4448
12600,4531
12694,4620
12791,4710
12884,4802
12980,4889
13073,4979
13174,5066
13266,5151
13362,5238
13461,5326
13554,5413
13651,5498
13742,5581
13841,5670
13935,5754
14030,5839
14124,5925
14225,6015
14322,6094
14409,6180
14508,6264
14600,6351
14698,6439
14793,6521
14885,6608
14979,6692
15072,6779
15168,6866
15266,6959
15357,7041
15450,7133
15543,7221
15636,7310
15731,7396
15825,7488
15916,7580
16010,7665
16096,7756
16189,7842
16284,7930
16376,8018
82,8109
177,8200
269,8291
367,8380
457,8474
552,8562
647,8655
740,8747
840,8835
935,8929
1025,9021
1121,9113
1217,9202
1313,9292
1407,9381
1507,9473
1601,9563
1694,9654
1792,9745
1890,9835
1988,9928
2080,10021
2176,10115
2275,10206
2373,10298
2470,10387
2563,10482
2659,10573
2756,10666
2856,10757
2950,10852
3049,10942
3144,11041
3242,11136
3335,11230
3430,11324
3528,11417
3620,11513
3716,11609
3806,11703
3901,11799
3998,11894
4093,11990
4184,12080
4279,12172
4376,12265
4472,12362
4562,12455
4656,12548
4752,12642
4842,12734
4938,12829
5030,12919
5129,13010
5221,13107
5315,13202
5410,13289
5505,13379
5598,13469
5694,13558
5788,13652
5882,13740
5977,13829
6066,13918
6162,14007
6262,14098
6351,14187
6441,14274
6529,14365
6622,14451
6716,14542
6806,14632
6904,14726
6991,14811
7088,14901
7184,14986
7269,15079
7360,15171
7449,15258
7539,15350
7637,15442
7729,15535
7821,15626
7913,15715
7999,15806
8088,15897
8185,15987
8280,16080
8370,16171
8462,16261
8554,16355
8649,62
8736,156
8833,245
8932,334
9023,427
9115,521
9205,613
9302,702
9397,791
9493,884
9592,979
9688,1068
9785,1156
9881,1247
9971,1341
10064,1431
10164,1519
10256,1614
10357,1700
10456,1793
10546,1882
10635,1975
10733,2065
10831,2153
10929,2244
11024,2336
11118,2426
11217,2523
11321,2614
11413,2705
11508,2797
11600,2892
11698,2986
11792,3079
11890,3170
11979,3262
12072,3357
12167,3452
12259,3545
12352,3642
12450,3735
12545,3824
12643,3915
12741,4011
12835,4108
12930,4197
13024,4294
13125,4387
13217,4483
13310,4576
13413,4667
13508,4760
13601,4856
13694,4947
13792,5042
13884,5136
13980,5227
14077,5318
14176,5411
14272,5499
14365,5594
14460,5683
14553,5773
14650,5862
14749,5952
14839,6044
14935,6133
15031,6226
15127,6318
15221,6410
15317,6501
15413,6595
15507,6685
15604,6774
15697,6870
15791,6963
15883,7054
15980,7148
16072,7241
16160,7336
16250,7428
16342,7522
56,7620
151,7711
242,7806
340,7899
436,7990
527,8084
625,8177
722,8273
817,8365
915,8462
1007,8558
1102,8649
1198,8740
1298,8833
1396,8927
1491,9023
1592,9118
1693,9208
1789,9303
1879,9396
1987,9485
2080,9578
2173,9668
2265,9763
2365,9858
2463,9953
2563,10043
2662,10134
2760,10226
2854,10323
2955,10410
3048,10505
3146,10595
3241,10689
3336,10787
3437,10880
3531,10972
3629,11065
3728,11159
3818,11250
3913,11348
4009,11438
4104,11533
4200,11627
4293,11725
4393,11818
4492,11912
4592,12009
4682,12102
4783,12197
4876,12285
4973,12385
5067,12475
5165,12569
5257,12664
5354,12753
5456,12851
5552,12945
5644,13037
5745,13127
5846,13220
5939,13318
6034,13405
6128,13499
6227,13594
6322,13681
6414,13771
6514,13859
6612,13949
6707,14036
6803,14127
6898,14220
6992,14308
7085,14396
7182,14490
7278,14580
7369,14665
7466,14759
7552,14848
7653,14941
7745,15032
7836,15123
7928,15212
8020,15305
8112,15394
8203,15487
8299,15575
8393,15670
8487,15765
8582,15853
8679,15945
8768,16035
8860,16130
8959,16216
9054,16304
9151,16
9242,106
9338,199
9434,287
9531,384
9624,474
9716,562
9811,651
9904,750
10001,836
10096,930
10193,1024
10286,1110
10386,1199
10474,1289
10568,1379
10665,1466
10760,1562
10850,1649
10947,1740
11043,1826
11137,1920
11227,2008
11320,2096
11416,2186
11508,2279
11601,2366
11701,2456
11792,2553
11883,2643
11977,2727
12066,2819
12159,2910
12251,3004
12348,3096
12439,3189
12529,3284
12626,3376
12722,3469
12808,3561
12909,3656
12999,3746
13099,3838
13190,3928
13285,4019
13379,4109
13473,4205
13571,4295
13662,4391
13753,4482
13851,4576
13943,4667
14041,4762
14133,4852
14228,4943
14322,5037
14419,5125
14511,5216
14607,5305
14700,5399
14792,5487
14886,5579
14985,5672
15083,5759
15174,5847
15267,5935
15361,6026
15452,6112
15544,6203
15637,6299
15730,6385
15825,6476
15918,6567
16008,6662
16101,6749
16191,6839
16285,6927
16375,7018
81,7108
174,7202
264,7293
363,7383
462,7476
556,7570
649,7661
741,7753
834,7850
927,7936
1025,8026
1118,8118
1212,8211
1307,8300
1403,8391
1495,8482
1590,8574
1687,8666
1780,8757
1873,8846
1968,8937
2059,9031
2153,9122
2248,9211
2346,9298
2440,9391
2532,9479
2626,9570
2716,9661
2813,9747
2902,9838
3008,9929
3094,10018
3189,10106
3281,10197
3375,10286
3470,10374
3566,10463
3660,10553
3746,10640
3834,10733
3925,10821
4019,10913
4110,11008
4207,11099
4299,11189
4390,11279
4488,11370
4585,11461
4677,11553
4772,11646
4863,11736
4956,11830
5047,11925
5147,12016
5238,12104
5330,12193
5427,12285
5522,12375
5616,12471
5707,12563
5802,12652
5898,12747
5990,12835
6083,12927
6176,13020
6267,13113
6365,13205
6462,13296
6558,13386
6651,13477
6740,13566
6838,13657
6935,13744
7027,13836
7119,13926
7221,14017
7311,14107
7403,14198
7500,14285
7591,14378
7683,14467
7779,14559
7872,14649
7963,14736
8058,14831
8153,14926
8239,15012
8335,15103
8427,15196
8526,15289
8618,15384
8714,15476
8805,15566
8899,15656
8995,15749
9089,15843
9188,15937
9285,16030
9378,16121
9469,16214
9569,16306
9668,13
9760,108
9853,199
9953,291
10047,382
10144,478
10241,571
10337,661
10430,750
10524,845
10621,943
10716,1035
10809,1127
10908,1212
11000,1306
11098,1396
11188,1484
11282,1574
11379,1668
11473,1760
11569,1846
11665,1938
11755,2030
11849,2121
11941,2210
12034,2305
12129,2390
12222,2485
12314,2577
12411,2670
12503,2763
12600,2854
12693,2940
12790,3035
12881,3133
12975,3225
13072,3317
13171,3411
13268,3502
13364,3601
13454,3693
13556,3785
13649,3876
13747,3970
13841,4062
13942,4159
14032,4250
14132,4344
14227,4439
14326,4533
14421,4626
14515,4716
14610,4811
14716,4905
14804,5000
14905,5093
14999,5191
15098,5281
15200,5371
15297,5463
15394,5552
15487,5642
15584,5737
15678,5830
15783,5924
15874,6018
15971,6106
16072,6203
16164,6292
16260,6391
16351,6483
60,6576
159,6670
253,6761
351,6852
456,6949
552,7045
644,7142
741,7235
845,7328
939,7424
1037,7526
1137,7622
1235,7714
1335,7810
1432,7905
1531,7996
1629,8094
1735,8191
1825,8283
1922,8379
2023,8473
2127,8568
2220,8663
2322,8760
2416,8851
2509,8946
2602,9040
2706,9131
2803,9227
2898,9318
2994,9410
3091,9503
3191,9595
3288,9688
3380,9778
3479,9872
3574,9965
3670,10057
3763,10147
3856,10240
3948,10332
4045,10420
4141,10515
4236,10604
4330,10695
4423,10789
4519,10887
4613,10981
4711,11068
4807,11163
4900,11252
4994,11347
5093,11443
5184,11535
5279,11627
5377,11717
5472,11816
5562,11909
5660,11999
5757,12092
5857,12184
5950,12268
6045,12366
6142,12458
6233,12554
6335,12644
6426,12738
6519,12834
6619,12923
6713,13016
6804,13107
6902,13193
6992,13288
7088,13384
7183,13475
7280,13566
7372,13653
7466,13748
7562,13834
7655,13921
7744,14018
7843,14105
7934,14195
8032,14287
8119,14379
8212,14471
8307,14563
8402,14656
8492,14745
8588,14831
8685,14924
8779,15018
8874,15108
8971,15198
9072,15292
9166,15384
9267,15475
9358,15572
9454,15664
9549,15757
9645,15851
9734,15944
9836,16037
9932,16128
10029,16219
10124,16311
10219,21
10311,110
10408,204
10508,297
10599,391
10691,487
10787,579
10886,671
10978,763
11077,852
11167,945
11263,1033
11359,1119
11455,1216
11550,1307
11642,1395
11731,1485
11824,1581
11917,1667
12009,1759
12099,1846
12190,1936
12282,2028
12382,2120
12475,2208
12566,2295
12660,2383
12753,2478
12847,2569
12942,2656
13030,2744
13120,2833
13217,2927
13313,3019
13403,3113
13503,3201
13597,3296
13687,3385
13782,3480
13873,3570
13970,3663
14061,3755
14157,3846
14245,3934
14342,4023
14439,4117
14531,4210
14627,4307
14721,4395
14813,4487
14905,4578
14997,4669
15090,4758
15184,4847
15280,4941
15372,5026
15463,5120
15554,5208
15646,5296
15740,5382
15836,5479
15935,5563
16020,5656
16105,5745
16204,5833
16290,5922
16382,6013
94,6102
186,6191
278,6282
374,6368
464,6455
557,6546
655,6638
747,6727
847,6816
939,6910
1031,6998
1118,7087
1216,7180
1310,7264
1400,7356
1494,7449
1588,7544
1681,7635
1776,7727
1874,7818
1969,7909
2061,7997
2159,8085
2249,8178
2341,8270
2437,8366
2531,8456
2627,8545
2717,8636
2811,8728
2905,8819
2997,8908
3090,8997
3184,9091
3281,9180
3375,9268
3466,9355
3556,9447
3651,9534
3748,9629
3831,9714
3928,9799
4018,9889
4111,9979
4204,10067
4297,10160
4386,10248
4477,10338
4568,10423
4664,10513
4758,10604
4852,10695
4942,10782
5037,10874
5131,10964
5224,11056
5317,11145
5413,11243
5511,11333
5604,11422
5696,11510
5790,11605
5888,11697
5982,11787
6070,11879
6164,11974
6257,12061
6348,12152
6445,12242
6542,12339
6634,12428
6729,12519
6825,12614
6924,12703
7013,12798
7109,12890
7203,12979
7295,13076
7385,13166
7481,13252
7576,13346
7667,13438
7758,13530
7858,13622
7945,13712
8033,13799
8132,13887
8226,13979
8315,14069
8412,14161
8507,14251
8602,14337
8694,14432
8791,14521
8882,14610
8978,14704
9074,14794
9168,14885
9263,14976
9359,15070
9453,15163
9548,15254
9648,15349
9741,15448
9835,15538
9939,15629
10027,15725
10122,15811
10216,15909
10311,16002
10407,16095
10505,16188
10602,16280
10698,16379
10797,87
10893,180
10988,275
11086,367
11181,466
11278,556
11371,646
11468,738
11567,836
11659,930
11756,1025
11851,1115
11947,1209
12034,1300
12132,1391
12230,1485
12323,1576
12422,1666
12524,1758
12615,1853
12711,1944
12805,2036
12899,2124
12995,2218
13092,2319
13186,2404
13288,2497
13384,2592
13485,2685
13584,2774
13680,2868
13778,2966
13877,3054
13973,3147
14065,3245
14165,3340
14264,3436
14360,3530
14456,3623
14554,3721
14652,3811
14755,3905
14849,3999
14945,4092