# Pre-Califiguration: HARD_REV:0x11,MPC:0x05,GX_M:0x75,VOSS_M:0x41,VOSC_M:0x41,PH_M:0x52,PHR_M:0x00,GX_N:0x76,VOSS_N:0x02,VOSC_N:0x42,PH_N:0x51,PHR_N:0x00
MASTER_RAW,NONIUS_RAW
15820,955
15919,1054
16014,1144
16108,1237
16201,1328
16292,1418
16383,1512
92,1603
183,1692
281,1782
374,1870
467,1960
563,2049
657,2139
752,2226
846,2311
943,2404
1040,2491
1135,2580
1227,2667
1323,2757
1420,2843
1516,2933
1609,3025
1703,3115
1800,3206
1895,3296
1994,3387
2093,3478
2187,3571
2280,3661
2376,3754
2470,3846
2568,3936
2662,4025
2753,4119
2850,4208
2948,4298
3042,4391
3137,4484
3230,4578
3319,4670
3413,4763
3506,4853
3597,4944
3688,5036
3778,5125
3871,5218
3959,5307
4046,5399
4140,5488
4228,5576
4320,5669
4412,5758
4504,5845
4594,5934
4690,6022
4784,6115
4877,6202
4970,6289
5064,6379
5158,6467
5254,6557
5347,6645
5446,6736
5541,6825
5634,6916
5732,7009
5828,7101
5923,7194
6018,7287
6114,7380
6210,7474
6307,7565
6402,7659
6497,7754
6594,7849
6691,7942
6785,8035
6880,8126
6973,8219
7070,8315
7162,8412
7259,8505
7356,8599
7448,8694
7539,8789
7638,8884
7730,8979
7822,9071
7918,9162
8007,9255
8098,9350
8186,9441
8279,9528
8375,9620
8468,9714
8561,9803
8650,9892
8749,9982
8842,10073
8935,10160
9029,10248
9123,10336
9220,10428
9316,10512
9411,10600
9505,10687
9601,10779
9695,10868
9790,10958
9885,11045
9983,11134
10076,11222
10170,11313
10266,11404
10363,11496
10454,11583
10552,11674
10648,11766
10746,11857
10840,11950
10933,12038
11021,12125
11115,12218
11207,12309
11302,12400
11396,12488
11490,12582
11581,12673
11674,12762
11762,12857
11853,12946
11948,13039
12039,13129
12126,13219
12212,13306
12301,13400
12391,13491
12485,13577
12578,13666
12664,13755
12752,13842
12847,13930
12944,14019
13032,14103
13125,14192
13217,14280
13313,14367
13407,14453
13500,14543
13589,14631
13682,14722
13777,14807
13872,14899
13967,14990
14064,15078
14159,15165
14254,15258
14349,15348
14441,15439
14537,15531
14630,15621
14723,15716
14816,15809
14913,15902
15010,15994
15100,16088
15195,16181
15292,16270
15383,16364
15478,74
15570,165
15665,260
15757,354
15851,448
15941,545
16038,637
16131,728
16220,822
16308,917
12,1007
104,1099
195,1193
291,1283
384,1376
480,1464
571,1552
665,1642
758,1733
855,1821
948,1910
1040,1999
1132,2082
1228,2174
1327,2261
1420,2351
1515,2439
1612,2525
1708,2615
1803,2706
1899,2797
1996,2886
2093,2975
2190,3066
2282,3154
2378,3248
2473,3340
2572,3431
2667,3522
2761,3613
2857,3707
2952,3798
3044,3892
3137,3979
3231,4068
3325,4163
3422,4254
3514,4345
3604,4438
3700,4529
3794,4626
3884,4717
3969,4809
4059,4903
4149,4993
4243,5085
4337,5174
4429,5263
4525,5358
4619,5447
4714,5536
4807,5625
4903,5713
4997,5804
5093,5894
5187,5982
5284,6069
5381,6157
5476,6245
5573,6336
5671,6424
5768,6512
5866,6606
5965,6694
6060,6789
6159,6880
6255,6970
6352,7061
6452,7157
6552,7250
6645,7341
6744,7435
6838,7531
6938,7627
7034,7721
7132,7817
7227,7912
7322,8007
7420,8100
7519,8193
7612,8291
7707,8386
7802,8486
7897,8583
7993,8677
8084,8773
8180,8871
8270,8965
8366,9059
8462,9153
8559,9250
8655,9345
8752,9436
8846,9534
8940,9626
9040,9723
9141,9813
9238,9904
9336,9995
9433,10084
9532,10176
9628,10266
9727,10358
9824,10446
9921,10537
10023,10629
10119,10721
10217,10814
10318,10905
10419,10997
10518,11089
10615,11182
10711,11276
10809,11369
10905,11463
11003,11557
11101,11654
11198,11746
11289,11839
11383,11935
11481,12032
11575,12121
11669,12213
11767,12308
11863,12400
11956,12498
12048,12592
12138,12687
12227,12780
12319,12875
12412,12968
12506,13062
12600,13155
12691,13247
12788,13340
12881,13434
12974,13524
13067,13614
13161,13704
13255,13794
13352,13881
13448,13973
13543,14062
13634,14152
13729,14237
13829,14327
13925,14417
14019,14505
14114,14594
14212,14684
14308,14776
14403,14868
14497,14954
14593,15046
14689,15140
14783,15230
14878,15318
14972,15412
15068,15506
15161,15597
15258,15692
15352,15783
15443,15874
15540,15969
15633,16064
15727,16159
15818,16249
15910,16342
16000,55
16091,144
16186,239
16273,334
16364,427
74,522
162,612
255,707
343,801
440,895
531,986
625,1077
717,1169
816,1259
905,1349
999,1438
1093,1528
1190,1617
1283,1707
1376,1794
1472,1883
1569,1971
1662,2060
1759,2147
1852,2238
1947,2324
2042,2412
2139,2499
2235,2586
2328,2677
2426,2765
2521,2854
2616,2945
2711,3032
2805,3120
2899,3210
2996,3304
3092,3391
3185,3483
3281,3576
3373,3670
3463,3761
3554,3849
3645,3939
3736,4026
3829,4116
3917,4208
4003,4299
4093,4390
4182,4485
4272,4576
4363,4667
4458,4758
4551,4851
4643,4937
4735,5029
4824,5119
4919,5207
5010,5297
5104,5385
5194,5473
5290,5559
5383,5645
5477,5731
5569,5816
5661,5904
5758,5992
5852,6076
5944,6162
6041,6248
6133,6337
6226,6422
6316,6507
6412,6592
6506,6683
6600,6772
6692,6860
6790,6947
6882,7032
6974,7121
7068,7214
7159,7298
7249,7389
7339,7475
7429,7566
7525,7658
7620,7748
7708,7838
7801,7926
7887,8016
7977,8105
8066,8195
8158,8285
8246,8375
8338,8465
8424,8556
8516,8650
8606,8741
8697,8832
8791,8924
8881,9012
8975,9101
9069,9187
9162,9280
9256,9370
9349,9459
9440,9547
9536,9637
9629,9722
9721,9812
9815,9898
9909,9989
10004,10074
10098,10159
10194,10250
10285,10336
10383,10426
10478,10513
10575,10600
10666,10689
10756,10779
10850,10866
10941,10956
11035,11043
11125,11137
11217,11225
11313,11315
11406,11404
11496,11497
11589,11588
11681,11678
11773,11770
11861,11863
11956,11953
12041,12045
12131,12135
12215,12225
12303,12313
12395,12406
12489,12496
12579,12590
12668,12681
12759,12771
12853,12863
12946,12957
13041,13045
13130,13133
13223,13223
13316,13314
13409,13403
13504,13491
13597,13575
13691,13666
13786,13753
13880,13838
13977,13926
14070,14016
14162,14102
14259,14189
14357,14276
14450,14361
14541,14448
14638,14534
14735,14622
14829,14709
14924,14797
15019,14888
15115,14977
15205,15065
15304,15153
15400,15242
15495,15334
15586,15427
15680,15519
15772,15607
15868,15700
15959,15793
16055,15883
16147,15977
16235,16071
16326,16164
31,16252
127,16343
219,50
312,142
407,235
498,327
588,425
688,515
781,607
876,698
968,790
1065,882
1162,976
1258,1064
1354,1155
1452,1246
1546,1338
1642,1428
1737,1514
1833,1603
1929,1692
2025,1781
2125,1869
2222,1960
2316,2047
2413,2136
2514,2228
2606,2318
2702,2409
2797,2499
2895,2588
2993,2681
3083,2773
3177,2865
3276,2957
3366,3051
3462,3143
3556,3236
3646,3334
3737,3428
3829,3522
3924,3617
4014,3715
4109,3812
4200,3905
4293,3994
4389,4087
4485,4186
4577,4281
4670,4374
4772,4474
4862,4568
4957,4664
5054,4760
5152,4853
5254,4950
5349,5044
5445,5141
5546,5234
5646,5325
5743,5418
5840,5508
5938,5602
6038,5694
6136,5786
6234,5882
6330,5971
6430,6063
6528,6159
6627,6250
6726,6342
6826,6434
6925,6528
7021,6622
7120,6716
7215,6810
7309,6907
7411,7000
7508,7097
7601,7193
7695,7287
7793,7387
7888,7481
7981,7577
8071,7674
8164,7774
8259,7874
8352,7974
8446,8065
8543,8161
8636,8257
8729,8353
8825,8448
8925,8545
9022,8643
9117,8739
9214,8835
9307,8932
9401,9027
9498,9116
9595,9209
9695,9303
9788,9396
9886,9487
9983,9577
10079,9672
10176,9761
10272,9851
10368,9941
10463,10030
10563,10116
10660,10205
10754,10293
10851,10381
10942,10470
11039,10561
11133,10649
11226,10737
11321,10827
11415,10916
11511,11006
11606,11098
11699,11188
11793,11277
11887,11370
11977,11459
12067,11550
12155,11645
12246,11738
12335,11830
12431,11921
12519,12014
12612,12103
12707,12193
12799,12284
12894,12379
12989,12474
13084,12565
13179,12661
13270,12752
13370,12845
13461,12940
13557,13028
13650,13123
13745,13214
13848,13303
13945,13396
14042,13488
14138,13580
14228,13673
14330,13759
14426,13850
14523,13940
14622,14032
14714,14125
14812,14214
14909,14299
15002,14390
15104,14481
15201,14573
15291,14665
15387,14755
15488,14849
15582,14940
15673,15033
15769,15130
15864,15220
15956,15310
16048,15406
16145,15502
16235,15595
16329,15687
35,15783
124,15878
219,15974
316,16070
408,16164
502,16255
597,16347
690,57
787,152
878,250
974,341
1071,437
1167,531
1260,628
1358,723
1454,810
1552,902
1643,997
1737,1086
1831,1177
1928,1268
2026,1357
2125,1445
2222,1533
2312,1625
2407,1713
2503,1803
2597,1891
2693,1976
2789,2063
2884,2152
2976,2242
3067,2329
3160,2420
3253,2505
3348,2594
3438,2685
3532,2773
3620,2862
3716,2952
3807,3044
3899,3131
3984,3224
4073,3316
4164,3407
4255,3496
4349,3587
4442,3677
4530,3772
4622,3863
4714,3952
4810,4039
4906,4131
4998,4222
5089,4312
5187,4407
5281,4501
5377,4591
5470,4686
5565,4777
5663,4866
5756,4957
5852,5053
5947,5142
6044,5230
6141,5322
6233,5412
6329,5502
6425,5589
6524,5679
6618,5768
6713,5858
6807,5947
6904,6037
6998,6127
7094,6217
7188,6308
7282,6397
7375,6487
7468,6577
7560,6667
7657,6760
7747,6852
7842,6945
7933,7037
8026,7129
8113,7222
8205,7316
8295,7410
8389,7505
8481,7598
8577,7692
8667,7783
8760,7882
8857,7973
8948,8068
9046,8161
9143,8254
9238,8350
9331,8439
9426,8534
9518,8629
9614,8722
9712,8815
9808,8906
9902,9001
9997,9093
10092,9184
10184,9277
10279,9369
10374,9458
10471,9545
10566,9636
10661,9723
10758,9811
10854,9899
10946,9989
11043,10080
11135,10166
11230,10254
11321,10340
11414,10432
11508,10518
11603,10605
11694,10694
11791,10786
11885,10876
11976,10966
12066,11054
12154,11145
12244,11238
12332,11329
12423,11418
12519,11512
12611,11603
12702,11694
12796,11787
12890,11881
12988,11975
13083,12064
13178,12154
13273,12247
13368,12339
13461,12435
13559,12529
13653,12621
13753,12715
13849,12809
13947,12899
14046,12993
14142,13088
14237,13178
14335,13272
14433,13364
14527,13455
14627,13545
14723,13638
14821,13729
14920,13819
15017,13911
15115,14001
15213,14092
15306,14184
15402,14278
15495,14368
15594,14457
15691,14548
15789,14641
15886,14733
15981,14823
16075,14917
16170,15008
16262,15102
16353,15195
62,15292
157,15387
250,15481
346,15575
439,15670
538,15769
634,15864
730,15962
825,16057
921,16155
1017,16245
1116,16340
1212,53
1313,148
1409,246
1503,342
1605,440
1701,532
1799,626
1893,722
1991,815
2087,911
2187,1005
2284,1092
2383,1185
2481,1281
2578,1370
2675,1463
2771,1553
2868,1645
2962,1733
3058,1823
3155,1912
3250,2002
3344,2092
3436,2185
3537,2274
3632,2363
3727,2456
3815,2547
3907,2638
4000,2729
4092,2821
4184,2912
4274,3003
4371,3095
4463,3190
4559,3282
4656,3375
4752,3467
4844,3561
4941,3655
5037,3752
5132,3847
5229,3936
5324,4025
5419,4119
5518,4212
5616,4308
5711,4403
5808,4496
5905,4591
6004,4683
6099,4777
6197,4869
6292,4962
6392,5052
6487,5145
6583,5239
6679,5331
6776,5422
6873,5514
6966,5603
7061,5695
7154,5785
7252,5872
7348,5963
7438,6052
7533,6143
7629,6236
7726,6323
7815,6413
7904,6504
7997,6596
8086,6687
8180,6776
8274,6871
8363,6959
8455,7052
8545,7145
8640,7234
8731,7330
8822,7423
8916,7515
9009,7606
9102,7697
9200,7791
9294,7886
9387,7980
9482,8070
9578,8163
9667,8254
9765,8346
9859,8436
9953,8529
10044,8623
10141,8718
10238,8810
10332,8902
10426,8991
10523,9082
10614,9174
10708,9264
10809,9353
10903,9444
10998,9529
11088,9620
11181,9708
11279,9797
11368,9883
11460,9974
11556,10061
11645,10149
11737,10239
11830,10326
11925,10411
12016,10497
12107,10588
12190,10675
12279,10763
12374,10853
12467,10942
12556,11032
12650,11124
12744,11217
12837,11308
12929,11400
13021,11491
13117,11583
13212,11676
13306,11769
13402,11858
13496,11952
13596,12048
13688,12136
13782,12228
13877,12319
13975,12413
14074,12504
14172,12599
14269,12689
14366,12784
14460,12876
14555,12968
14653,13061
14750,13154
14845,13248
14942,13342
15036,13431
15133,13524
15229,13613
15323,13703
15420,13794
15513,13882
15609,13973
15701,14064
15793,14155
15890,14243
15980,14336
16073,14425
16167,14514
16253,14604
16344,14693
53,14782
146,14874
233,14963
327,15050
417,15147
514,15238
608,15334
699,15426
794,15518
885,15608
978,15701
1072,15797
1164,15889
1262,15979
1360,16072
1452,16167
1547,16258
1641,16348
1737,57
1831,150
1922,241
2017,329
2114,420
2204,511
2303,605
2398,699
2490,791
2585,879
2678,969
2771,1062
2866,1152
2956,1239
3052,1325
3143,1413
3237,1504
3328,1590
3418,1679
3515,1768
3602,1857
3695,1947
3785,2033
3878,2118
3963,2207
4049,2298
4140,2384
4235,2473
4326,2559
4422,2649
4511,2741
4605,2832
4700,2920
4792,3012
4884,3102
4984,3195
5078,3283
5174,3377
5271,3470
5364,3561
5461,3656
5559,3747
5657,3839
5749,3931
5846,4020
5941,4116
6040,4210
6138,4301
6234,4396
6337,4488
6432,4581
6527,4677
6623,4767
6718,4859
6815,4953
6912,5045
7008,5137
7101,5230
7199,5323
7297,5416
7396,5507
7491,5596
7583,5686
7677,5775
7771,5865
7866,5955
7956,6047
8046,6142
8137,6230
8230,6320
8322,6413
8417,6500
8511,6594
8604,6682
8697,6775
8796,6870
8891,6958
8981,7051
9075,7145
9167,7238
9268,7331
9358,7423
9454,7515
9549,7612
9648,7706
9740,7797
9836,7891
9938,7983
10033,8075
10127,8165
10218,8257
10313,8354
10407,8447
10510,8543
10605,8631
10698,8725
10791,8818
10890,8913
10983,9004
11078,9095
11174,9187
11266,9278
11362,9368
11458,9462
11553,9548
11644,9642
11741,9730
11835,9822
11930,9911
12024,9999
12114,10089
12203,10179
12296,10269
12389,10357
12485,10446
12583,10539
12676,10629
12771,10721
12869,10811
12966,10903
13062,10999
13160,11094
13255,11186
13359,11281
13453,11377
13552,11468
13653,11564
13752,11659
13852,11758
13954,11856
14054,11950
14156,12050
14254,12142
14358,12238
14454,12334
14557,12432
14658,12530
14758,12630
14858,12726
14961,12824
15059,12922
15157,13022
15257,13118
15358,13215
15459,13312
15556,13411
15652,13507
15749,13599
15845,13698
15943,13791
16039,13886
16134,13981
16226,14079
16319,14171
28,14269
127,14361
224,14455
319,14547
413,14642
512,14739
604,14834
705,14928
801,15023
896,15119
992,15216
1091,15308
1185,15406
1282,15502
1383,15597
1482,15693
1573,15790
1671,15888
1765,15983
1865,16077
1961,16174
2061,16267
2153,16360
2252,69
2350,164
2449,261
2544,356
2643,451
2741,544
2833,635
2926,732
3021,822
3120,916
3210,1007
3307,1100
3398,1192
3494,1278
3588,1369
3683,1458
3776,1548
3871,1639
3955,1725
4049,1812
4145,1901
4235,1991
4328,2079
4424,2165
4518,2255
4613,2343
4708,2435
4805,2525
4898,2615
4994,2701
5091,2792
5188,2887
5286,2977
5381,3067
5481,3158
5578,3251
5677,3347
5773,3436
5868,3533
5969,3628
6065,3721
6164,3815
6264,3909
6361,3999
6461,4094
6554,4188
6657,4280
6756,4375
6851,4472
6947,4567
7044,4660
7141,4760
7234,4853
7329,4947
7424,5045
7518,5142
7617,5234
7712,5331
7804,5426
7897,5517
7992,5612
8079,5704
8172,5797
8263,5889
8357,5982
8450,6075
8545,6172
8634,6265
8731,6354
8827,6450
8918,6539
9010,6636
9103,6733
9200,6821
9295,6918
9392,7011
9484,7106
9577,7200
9675,7297
9775,7394
9867,7487
9963,7584
10059,7676
10152,7773
10244,7869
10346,7964
10436,8056
10530,8148
10624,8242
10720,8334
10815,8431
10911,8527
11004,8622
11098,8714
11187,8804
11280,8899
11375,8988
11465,9081
11559,9176
11651,9266
11745,9356
11840,9449
11932,9534
12021,9625
12113,9716
12199,9801
12290,9892
12384,9979
12475,10070
12567,10155
12661,10243
12754,10328
12851,10414
12942,10502
13038,10592
13132,10682
13226,10771
13320,10858
13418,10944
13512,11031
13608,11119
13706,11209
13802,11300
13898,11389
13993,11478
14089,11568
14187,11662
14287,11753
14383,11841
14479,11933
14579,12027
14670,12120
14772,12206
14869,12298
14962,12387
15060,12479
15160,12573
15256,12668
15351,12760
15447,12854
15537,12946
15632,13036
15726,13129
15820,13217
15915,13312
16009,13405
16104,13494
16194,13584
16283,13676
16375,13768
81,13856
174,13949
268,14041
360,14129
451,14220
546,14308
638,14396
732,14487
825,14579
918,14669
1014,14758
1106,14848
1202,14936
1295,15030
1388,15118
1484,15212
1574,15305
1674,15397
1767,15490
1857,15582
1949,15671
2044,15768
2140,15857
2233,15954
2328,16046
2425,16140
2518,16231
2610,16323
2705,29
2798,124
2890,214
2982,310
3077,402
3166,495
3261,588
3355,681
3448,776
3535,869
3631,956
3723,1047
3815,1138
3903,1231
3988,1318
4078,1409
4173,1497
4261,1587
4352,1676
4446,1765
4535,1854
4630,1943
4723,2031
4819,2119
4914,2207
5005,2294
5099,2382
5193,2466
5289,2557
5385,2644
5480,2736
5573,2823
5672,2909
5768,3001
5866,3093
5964,3184
6060,3275
6157,3366
6255,3452
6351,3549
6450,3638
6548,3730
6643,3824
6738,3915
6835,4001
6934,4094
7028,4188
7128,4282
7221,4375
7314,4468
7409,4560
7510,4655
7602,4747
7697,4838
7794,4932
7888,5025
7979,5116
8069,5209
8157,5304
8253,5397
8348,5487
8440,5577
8535,5669
8630,5760
8726,5851
8823,5944
8918,6037
9011,6127
9105,6218
9202,6310
9291,6400
9391,6494
9486,6585
9584,6680
9678,6773
9780,6864
9874,6955
9971,7051
10068,7142
10163,7237
10263,7332
10361,7427
10457,7522
10555,7622
10648,7719
10747,7815
10849,7907
10938,8002
11034,8095
11133,8189
11228,8284
11320,8382
11417,8479
11511,8576
11606,8670
11700,8768
11798,8862
11889,8959
11986,9052
12079,9148
12172,9243
12266,9338
12357,9429
12452,9521
12547,9616
12642,9706
12737,9801
12831,9890
12932,9983
13025,10078
13122,10168
13220,10258
13318,10349
13418,10439
13512,10530
13610,10621
13710,10709
13808,10798
13909,10891
14009,10981
14108,11076
14205,11168
14305,11260
14406,11352
14507,11444
14607,11534
14708,11630
14805,11726
14898,11819
15002,11912
15100,12007
15202,12096
15295,12186
15389,12281
15488,12377
15584,12467
15687,12567
15782,12657
15876,12751
15970,12847
16064,12940
16160,13035
16252,13126
16345,13218
51,13313
144,13408
240,13501
337,13591
431,13683
523,13774
619,13865
714,13955
807,14048
898,14141
1000,14231
1090,14322
1183,14411
1281,14502
1372,14596
1466,14687
1566,14778
1660,14870
1755,14963
1847,15052
1946,15147
2042,15238
2135,15328
2230,15426
2326,15520
2420,15613
2516,15707
2607,15805
2702,15899
2796,15993
2888,16088
2984,16181
3076,16273
3169,16369
3263,79
3357,172
3447,268
3539,366
3633,457
3726,552
3816,648
3908,741
3994,836
4084,928
4173,1023
4270,1114
4361,1206
4455,1298
4551,1388
4648,1478
4736,1570
4834,1658
4930,1748
5027,1838
5120,1931
5217,2018
5311,2105
5407,2192
5504,2285
5604,2373
5702,2464
5801,2552
5896,2642
5993,2730
6092,2821
6188,2910
6290,2999
6388,3090
6484,3179
6584,3269
6680,3361
6778,3453
6877,3547
6969,3638
7067,3732
7163,3824
7261,3914
7356,4001
7451,4092
7546,4183
7640,4277
7735,4369
7829,4464
7920,4555
8012,4648
8103,4744
8191,4836
8285,4929
8380,5018
8472,5110
8565,5204
8659,5293
8755,5385
8849,5475
8941,5568
9034,5659
9127,5749
9224,5841
9314,5930
9409,6023
9503,6111
9599,6200
9693,6291
9788,6380
9883,6473
9978,6561
10071,6653
10164,6747
10261,6836
10357,6928
10451,7018
10543,7110
10638,7204
10734,7296
10828,7391
10919,7480
11012,7574
11104,7671
11195,7767
11290,7860
11381,7951
11469,8043
11566,8133
11660,8227
11753,8326
11842,8415
11938,8509
12030,8604
12114,8702
12203,8789
12295,8886
12386,8976
12479,9073
12573,9167
12664,9259
12756,9350
12847,9441
12943,9533
13036,9622
13132,9714
13225,9801
13323,9891
13417,9980
13513,10073
13608,10160
13708,10246
13803,10336
13899,10425
13998,10511
14096,10601
14195,10688
14293,10779
14387,10871
14484,10961
14583,11052
14680,11140
14775,11230
14876,11321
14973,11411
15070,11506
15166,11595
15262,11686
15359,11781
15455,11871
15545,11962
15641,12057
15737,12145
15833,12232
15931,12324
16025,12416
16118,12509
16213,12603
16301,12699
10,12793
101,12886
194,12980
287,13073
379,13166
473,13259
566,13353
661,13443
757,13540
849,13630
945,13717
1039,13808
1136,13901
1231,13991
1326,14083
1415,14175
1514,14265
1607,14357
1707,14448
1803,14538
1898,14629
1990,14722
2088,14811
2182,14902
2282,14993
2375,15086
2471,15180
2565,15274
2660,15367
2756,15459
2849,15553
2942,15646
3037,15742
3132,15837
3228,15929
3324,16027
3418,16120
3514,16215
3604,16306
3697,13
3790,109
3884,207
3976,305
4068,399
4158,491
4249,588
4343,682
4439,776
4536,869
4632,962
4725,1059
4823,1152
4920,1246
5019,1337
5118,1430
5212,1520
5309,1611
5413,1702
5513,1794
5612,1888
5712,1979
5807,2066
5910,2154
6011,2246
6109,2340
6209,2430
6308,2523
6410,2612
6514,2704
6613,2798
6711,2890
6812,2984
6909,3077
7010,3169
7115,3263
7212,3359
7310,3450
7410,3549
7508,3642
7605,3739
7702,3838
7795,3927
7891,4020
7985,4115
8081,4208
8177,4303
8273,4400
8369,4494
8462,4593
8565,4687
8658,4784
8756,4877
8851,4973
8946,5065
9042,5159
9138,5254
9235,5350
9332,5444
9432,5537
9529,5632
9630,5722
9727,5813
9823,5908
9921,5997
10019,6091
10118,6186
10216,6275
10310,6364
10407,6461
10505,6552
10604,6642
10702,6735
10795,6829
10889,6922
10987,7012
11080,7108
11176,7202
11269,7297
11366,7390
11458,7485
11556,7580
11648,7676
11740,7770
11834,7865
11926,7960
12019,8051
12111,8143
12197,8236
12286,8331
12380,8427
12472,8520
12564,8614
12658,8711
12749,8802
12844,8894
12934,8989
13031,9083
13128,9174
13221,9266
13311,9359
13410,9445
13503,9538
13597,9633
13691,9725
13786,9810
13885,9895
13982,9983
14077,10073
14175,10165
14272,10250
14367,10338
14460,10431
14558,10521
14653,10609
14751,10697
14848,10784
14943,10874
15043,10962
15140,11055
15229,11145
15325,11232
15419,11323
15516,11414
15613,11507
15704,11599
15797,11689
15893,11776
15987,11871
16079,11962
16172,12056
16257,12145
16348,12235
54,12324
149,12415
245,12508
336,12602
429,12692
523,12787
613,12879
707,12967
803,13059
895,13157
991,13247
1085,13336
1180,13427
1273,13519
1369,13610
1461,13698
1556,13786
1649,13878
1743,13967
1839,14055
1932,14140
2027,14228
2122,14319
2217,14407
2313,14495
2407,14582
2505,14670
2595,14760
2688,14852
2782,14939
2875,15032
2966,15123
3060,15213
3154,15304
3246,15394
3334,15481
3428,15576
3523,15669
3613,15762
3702,15852
3795,15947
3884,16040
3969,16126
4055,16217
4145,16307
4239,15
4328,110
4420,200
4513,295
4606,384
4696,475
4789,568
4882,661
4977,751
5071,840
5165,934
5261,1023
5351,1116
5444,1208
5540,1294
5635,1384
5727,1470
5824,1561
5919,1649
6014,1734
6110,1823
6201,1913
6296,1999
6394,2088
6489,2171
6586,2262
6678,2352
6775,2436
6870,2524
6965,2611
7059,2700
7151,2790
7242,2881
7335,2969
7427,3060
7525,3147
7615,3236
7709,3323
7803,3415
7893,3509
7983,3600
8069,3692
8159,3781
8248,3869
8343,3955
8434,4044
8524,4134
8618,4223
8711,4316
8802,4409
8898,4500
8988,4591
9081,4682
9175,4771
9266,4865
9356,4954
9453,5045
9548,5133
9639,5222
9735,5313
9825,5402
9918,5492
10011,5579
10102,5669
10199,5757
10292,5849
10386,5936
10484,6021
10580,6110
10667,6202
10762,6293
10856,6380
10949,6470
11042,6561
11136,6652
11226,6744
11320,6833
11412,6923
11507,7012
11595,7106
11690,7200
11783,7293
11877,7386
11968,7485
12055,7573
12143,7667
12233,7759
12320,7856
12411,7950
12504,8039
12593,8131
12686,8226
12779,8323
12873,8417
12964,8510
13056,8605
13154,8701
13250,8796
13349,8887
13443,8981
13536,9075
13633,9169
13728,9254
13825,9352
13919,9442
14014,9532
14113,9621
14212,9713
14305,9805
14402,9893
14499,9982
14600,10072
14693,10159
14791,10246
14888,10338
14982,10427
15081,10513
15177,10601
15271,10691
15363,10782
15461,10870
15555,10958
15649,11049
15743,11138
15838,11228
15931,11321
16025,11410
16123,11499
16211,11594
16302,11687
6,11777
97,11870
191,11959
288,12051
378,12141
474,12230
568,12319
662,12413
757,12506
849,12599
941,12692
1039,12787
1132,12877
1233,12969
1324,13060
1423,13154
1517,13246
1617,13337
1714,13425
1812,13516
1910,13607
2003,13698
2100,13791
2199,13878
2300,13971
2392,14061
2490,14152
2589,14240
2683,14332
2778,14423
2874,14517
2968,14611
3072,14702
3167,14793
3263,14888
3357,14982
3453,15078
3546,15172
3643,15266
3740,15364
3835,15462
3926,15557
4016,15655
4111,15753
4209,15849
4304,15946
4402,16046
4498,16147
4596,16242
4691,16338
4790,56
4889,152
4985,249
5085,346
5182,445
5282,544
5383,643
5479,737
5581,833
5679,930
5777,1024
5875,1122
5975,1218
6076,1310
6180,1404
6276,1495
6376,1586
6476,1677
6573,1769
6672,1860
6771,1952
6869,2040
6967,2132
7064,2221
7158,2314
7260,2402
7355,2494
7451,2581
7542,2675
7638,2765
7734,2855
7827,2943
7922,3038
8014,3128
8104,3218
8192,3310
8287,3404
8380,3494
8471,3588
8566,3682
8662,3771
8757,3862
8852,3952
8948,4042
9039,4133
9132,4225
9228,4315
9320,4410
9418,4503
9513,4594
9604,4690
9701,4782
9798,4874
9891,4963
9984,5051
10077,5144
10177,5232
10274,5324
10368,5414
10467,5500
10560,5594
10661,5681
10751,5769
10847,5862
10939,5952
11035,6039
11129,6131
11229,6218
11324,6308
11417,6401
11509,6488
11603,6579
11699,6672
11791,6762
11881,6852
11974,6945
12068,7036
12159,7132
12252,7228
12342,7320
12435,7412
12532,7505
12627,7599
12720,7692
12819,7789
12914,7882
13006,7979
13103,8070
13201,8163
13301,8258
13398,8351
13494,8447
13588,8541
13689,8635
13788,8729
13886,8825
13984,8915
14086,9010
14183,9104
14280,9193
14377,9284
14476,9378
14578,9469
14673,9558
14769,9647
14868,9736
14966,9828
15065,9918
15160,10008
15258,10099
15353,10187
15445,10273
15546,10364
15642,10454
15735,10543
15833,10633
15931,10724
16021,10809
16114,10903
16205,10992
16295,11081
2,11169
94,11260
190,11353
288,11448
376,11536
471,11628
560,11718
657,11814
753,11912
845,12000
938,12091
1036,12179
1128,12273
1222,12364
1315,12456
1412,12550
1506,12644
1602,12737
1700,12831
1792,12923
1882,13016
1982,13109
2077,13201
2168,13293
2268,13384
2361,13475
2458,13570
2554,13658
2646,13750
2744,13842
2836,13934
2930,14025
3022,14116
3114,14206
3208,14296
3303,14387
3396,14474
3483,14566
3579,14657
3671,14748
3764,14842
3859,14936
3948,15025
4032,15121
4119,15215
4210,15305
4302,15397
4397,15493
4491,15584
4581,15679
4674,15770
4768,15867
4862,15961
4956,16055
5051,16151
5144,16240
5242,16333
5338,40
5427,130
5520,225
5620,321
5718,414
5810,508
5908,603
6003,695
6103,788
6198,881
6297,972
6389,1064
6484,1153
6580,1242
6673,1332
6770,1419
6864,1509
6963,1597
7058,1685
7153,1777
7246,1864
7341,1954
7434,2039
7529,2125
7622,2213
7719,2304
7814,2396
7903,2486
7996,2570
8084,2661
8176,2752
8269,2843
8361,2930
8455,3023
8548,3113
8641,3200
8732,3294
8826,3386
8925,3478
9018,3567
9115,3663
9206,3757
9302,3849
9394,3936
9495,4022
9589,4117
9685,4208
9777,4301
9876,4392
9969,4486
10065,4578
10158,4672
10257,4763
10350,4854
10443,4945
10540,5041
10636,5133
10734,5224
10826,5315
10923,5406
11017,5495
11112,5590
11203,5681
11298,5768
11393,5857
11487,5948
11581,6039
11673,6132
11764,6219
11855,6312
11944,6404
12035,6493
12126,6586
12211,6679
12304,6772
12399,6863
12490,6961
12581,7053
12674,7145
12765,7240
12859,7332
12953,7428
13048,7522
13139,7615
13237,7715
13330,7808
13427,7901
13522,7998
13617,8088
13711,8180
13810,8276
13908,8371
14002,8471
14104,8564
14199,8659
14296,8754
14392,8848
14488,8937
14584,9032
14682,9128
14785,9220
14880,9314
14975,9406
15077,9497
15175,9589
15271,9681
15368,9771
15469,9865
15568,9953
15661,10040
15753,10131
15851,10221
15945,10312
16041,10404
16142,10493
16232,10583
16321,10675
30,10763
125,10858
217,10948
314,11037
410,11129
510,11223
603,11317
701,11410
798,11507
896,11600
992,11694
1086,11787
1182,11880
1280,11976
1376,12071
1474,12163
1573,12254
1669,12347
1767,12443
1868,12539
1965,12634
2065,12728
2161,12822
2259,12914
2358,13010
2456,13103
2548,13198
2645,13289
2742,13382
2836,13477
2938,13571
3034,13661
3128,13754
3224,13845
3318,13936
3410,14028
3506,14119
3603,14213
3696,14306
3786,14398
3877,14486
3970,14577
4057,14665
4149,14757
4244,14850
4338,14942
4431,15033
4523,15131
4616,15225
4713,15319
4809,15411
4900,15507
4997,15596
5092,15693
5184,15786
5282,15882
5375,15973
5474,16069
5572,16160
5669,16254
5762,16348
5860,52
5955,148
6052,240
6149,338
6243,429
6340,524
6442,612
6537,707
6632,799
6727,891
6826,979
6922,1072
7017,1161
7111,1251
7206,1341
7300,1431
7400,1518
7492,1606
7585,1697
7682,1783
7773,1873
7867,1959
7958,2047
8049,2134
8140,2222
8227,2311
8324,2399
8418,2489
8510,2580
8603,2667
8694,2756
8790,2845
8887,2933
8981,3023
9073,3113
9164,3207
9257,3298
9351,3390
9448,3482
9546,3575
9639,3667
9738,3761
9829,3850
9927,3939
10020,4029
10110,4120
10210,4212
10305,4304
10401,4401
10499,4492
10592,4582
10685,4676
10784,4769
10876,4862
10971,4956
11063,5046
11158,5133
11253,5225
11347,5320
11441,5409
11533,5500
11625,5592
11720,5680
11813,5769
11906,5856
11994,5945
12083,6038
12172,6127
12263,6218
12354,6308
12443,6394
12536,6486
12629,6575
12722,6664
12816,6757
12909,6848
13000,6941
13096,7035
13192,7128
13289,7220
13381,7313
13476,7404
13570,7495
13666,7589
13758,7686
13853,7779
13949,7868
14048,7962
14145,8051
14238,8142
14336,8237
14429,8330
14524,8423
14622,8513
14722,8603
14814,8697
14905,8788
15003,8881
15096,8974
15192,9064
15289,9157
15384,9249
15478,9335
15569,9426
15663,9514
15756,9604
15851,9693
15946,9782
16038,9869
16131,9954
16220,10045
16313,10130
18,10217
109,10303
200,10391
295,10481
389,10570
481,10657
575,10744
668,10834
763,10927
855,11013
947,11105
1043,11195
1138,11285
1232,11376
1327,11470
1420,11562
1517,11655
1609,11746
1707,11841
1802,11932
1898,12026
1992,12114
2087,12204
2180,12295
2277,12391
2372,12484
2465,12579
2560,12673
2656,12764
2752,12859
2848,12955
2944,13051
3036,13144
3133,13236
3223,13328
3316,13424
3410,13515
3500,13605
3598,13697
3687,13788
3782,13882
3869,13977
3960,14066
4048,14154
4138,14247
4231,14342
4325,14430
4416,14523
4508,14611
4600,14705
4694,14798
4790,14891
4889,14983
4980,15078
5079,15170
5177,15265
5267,15361
5362,15453
5458,15546
5558,15641
5656,15735
5751,15830
5849,15928
5947,16020
6043,16116
6144,16210
6238,16301
6333,9
6431,104
6529,200
6625,294
6721,388
6819,478
6915,576
7014,671
7109,762
7206,851
7300,944
7396,1036
7490,1127
7583,1220
7679,1309
7773,1399
7870,1491
7959,1580
8049,1668
8141,1758
8234,1846
8331,1937
8422,2025
8518,2114
8611,2198
8706,2289
8801,2378
8895,2467
8991,2555
9085,2648
9183,2736
9277,2826
9371,2920
9470,3011
9566,3104
9660,3194
9759,3288
9859,3379
9953,3471
10049,3568
10146,3662
10243,3754
10338,3849
10434,3942
10533,4035
10632,4128
10729,4225
10826,4320
10923,4418
11018,4510
11114,4609
11207,4703
11308,4801
11404,4897
11497,4991
11595,5088
11691,5188
11783,5282
11881,5376
11975,5473
12067,5567
12162,5663
12251,5755
12346,5850
12441,5945
12534,6041
12631,6133
12730,6228
12826,6322
12919,6418
13015,6517
13114,6611
13214,6707
13312,6803
13407,6897
13506,6997
13605,7095
13705,7193
13804,7287
13903,7387
14000,7488
14100,7585
14200,7682
14302,7780
14402,7878
14503,7978
14602,8071
14701,8168
14801,8266
14900,8363
14998,8462
15100,8560
15198,8654
15299,8753
15396,8851
15493,8942
15588,9041
15686,9137
15787,9232
15882,9328
15981,9421
16078,9515
16173,9608
16262,9700
16354,9791
64,9884
162,9977
261,10068
355,10155
450,10248
545,10337
640,10429
738,10520
832,10606
929,10700
1028,10790
1128,10879
1224,10967
1319,11063
1414,11152
1511,11239
1607,11335
1702,11425
1801,11515
1897,11609
1993,11701
2090,11795
2187,11888
2282,11981
2379,12071
2481,12160
2573,12251
2670,12344
2764,12437
2863,12530
2956,12626
3048,12721
3145,12811
3238,12903
3330,12995
3425,13090
3521,13180
3612,13272
3709,13362
3798,13454
3885,13548
3974,13638
4063,13730
4155,13818
4248,13908
4338,14001
4431,14093
4523,14181
4619,14268
4711,14357
4805,14450
4902,14538
4994,14630
5088,14721
5181,14811
5277,14903
5373,14998
5468,15090
5566,15183
5663,15276
5755,15367
5853,15462
5950,15558
6046,15650
6143,15746
6237,15840
6335,15935
6430,16030
6529,16125
6627,16216
6721,16309
6816,22
6912,115
7006,214
7104,307
7200,403
7295,499
7390,592
7481,687
7576,783
7670,874
7759,969
7855,1059
7948,1152
8039,1243
8129,1334
8224,1425
8314,1515
8407,1608
8501,1695
8596,1789
8690,1878
8781,1966
8877,2053
8971,2142
9066,2231
9160,2323
9251,2410
9347,2495
9440,2583
9536,2672
9632,2762
9726,2852
9822,2941
9917,3029
10015,3118
10113,3207
10206,3297
10302,3385
10394,3474
10490,3567
10581,3658
10679,3748
10771,3839
10872,3927
10962,4011
11056,4099
11152,4193
11242,4281
11335,4373
11426,4464
11522,4556
11611,4646
11704,4737
11795,4827
11884,4918
11977,5003
12070,5094
12155,5183
12243,5272
12331,5361
12419,5447
12510,5537
12605,5622
12696,5711
12785,5796
12878,5884
12968,5970
13061,6057
13152,6143
13248,6233
13341,6320
13437,6406
13530,6496
13621,6583
13714,6673
13805,6761
13906,6850
13999,6941
14092,7033
14183,7125
14281,7216
14373,7305
14469,7398
14565,7488
14660,7581
14753,7675
14847,7769
14939,7860
15035,7954
15130,8044
15224,8136
15320,8228
15412,8324
15503,8416
15597,8508
15690,8601
15781,8696
15874,8788
15970,8881
16059,8975
16152,9067
16242,9155
16329,9247
38,9340
128,9427
221,9518
312,9608
404,9698
496,9788
590,9875
680,9963
775,10053
867,10141
961,10231
1054,10313
1149,10406
1246,10490
1339,10576
1435,10665
1528,10754
1622,10844
1718,10931
1812,11017
1908,11109
2002,11199
2099,11287
2194,11381
2290,11472
2383,11560
2479,11652
2574,11745
2672,11833
2766,11926
2861,12019
2955,12107
3047,12197
3138,12284
3233,12380
3329,12469
3420,12561
3512,12657
3604,12748
3698,12840
3786,12934
3881,13026
3967,13115
4052,13205
4142,13296
4234,13387
4329,13478
4420,13569
4516,13657
4604,13745
4697,13837
4792,13927
4885,14015
4983,14103
5078,14194
5168,14282
5262,14371
5359,14460
5454,14550
5551,14638
5646,14724
5746,14818
5838,14905
5936,14995
6032,15088
6129,15183
6224,15275
6319,15370
6415,15462
6511,15554
6609,15647
6703,15742
6801,15837
6901,15934
6994,16027
7093,16123
7189,16216
7288,16310
7383,22
7475,118
7569,213
7666,308
7760,407
7855,504
7951,600
8041,693
8131,791
8229,884
8322,982
8417,1078
8510,1169
8609,1262
8702,1353
8797,1444
8892,1537
8994,1626
9088,1722
9185,1812
9282,1904
9381,1994
9480,2082
9574,2174
9669,2263
9775,2355
9872,2446
9968,2539
10067,2632
10160,2723
10260,2811
10359,2902
10459,2992
10557,3087
10658,3181
10754,3275
10852,3366
10950,3457
11045,3553
11143,3647
11240,3742
11336,3837
11430,3931
11528,4022
11623,4114
11722,4209
11812,4303
11908,4397
12003,4493
12093,4588
12181,4681
12275,4776
12366,4869
12460,4962
12554,5053
12650,5146
12743,5237
12835,5329
12930,5420
13029,5511
13121,5603
13219,5693
13308,5783
13409,5874
13505,5965
13597,6054
13697,6143
13795,6234
13891,6320
13983,6410
14081,6503
14177,6594
14275,6684
14373,6774
14469,6863
14565,6959
14661,7052
14758,7142
14857,7234
14949,7330
15046,7428
15141,7520
15236,7614
15331,7710
15424,7804
15522,7900
15616,7992
15707,8085
15805,8181
15900,8280
15990,8374
16086,8467
16176,8563
16264,8657
16358,8751
65,8848
154,8940
251,9032
342,9126
440,9221
533,9312
626,9406
717,9497
814,9584
910,9673
1007,9763
1101,9852
1196,9945
1289,10037
1384,10125
1483,10217
1579,10302
1677,10388
1770,10478
1866,10566
1966,10656
2060,10744
2158,10832
2256,10922
2351,11012
2446,11101
2539,11193
2635,11282
2727,11372
2825,11465
2920,11558
3016,11651
3111,11744
3206,11832
3301,11925
3393,12023
3484,12114
3581,12203
3674,12291
3763,12387
3859,12482
3948,12574
4036,12667
4131,12759
4224,12854
4312,12946
4403,13037
4497,13131
4587,13221
4685,13313
4778,13406
4871,13497
4966,13586
5061,13676
5156,13764
5251,13851
5347,13937
5438,14023
5535,14113
5632,14200
5727,14288
5823,14376
5920,14462
6015,14550
6115,14639
6209,14727
6305,14817
6401,14906
6495,14994
6589,15084
6687,15172
6785,15259
6877,15352
6971,15442
7067,15535
7161,15623
7254,15718
7347,15811
7440,15901
7534,15998
7628,16090
7720,16183
7814,16272
7907,16366
7999,74
8085,167
8178,260
8267,356
8361,450
8452,541
8545,631
8642,725
8729,819
8821,911
8914,1003
9009,1093
9104,1183
9200,1274
9293,1365
9389,1454
9479,1544
9577,1629
9669,1716
9765,1804
9863,1896
9957,1984
10052,2070
10148,2158
10240,2246
10340,2336
10434,2423
10530,2512
10627,2602
10720,2688
10815,2779
10911,2866
11006,2956
11097,3049
11193,3139
11287,3231
11382,3322
11478,3413
11571,3508
11661,3597
11752,3691
11844,3788
11937,3878
12032,3970
12119,4060
12208,4153
12298,4242
12389,4341
12481,4437
12570,4529
12660,4620
12757,4717
12851,4813
12946,4907
13039,5001
13130,5092
13225,5188
13321,5280
13418,5370
13512,5460
13607,5555
13700,5647
13793,5737
13891,5826
13986,5918
14081,6010
14179,6100
14277,6192
14372,6280
14467,6368
14564,6459
14660,6554
14759,6644
14851,6733
14949,6824
15045,6918
15142,7012
15233,7106
15327,7200
15424,7292
15518,7385
15616,7478
15710,7575
15803,7669
15899,7766
15992,7862
16087,7956
16178,8046
16265,8142
16356,8239
64,8335
159,8430
253,8527
347,8621
441,8717
534,8811
627,8904
723,8997
819,9094
914,9187
1011,9281
1107,9373
1203,9465
1297,9556
1392,9647
1492,9738
1588,9832
1682,9923
1780,10011
1879,10103
1977,10194
2069,10285
2166,10376
2263,10465
2361,10553
2463,10640
2558,10728
2657,10817
2751,10906
2845,10999
2939,11090
3035,11177
3131,11272
3226,11363
3322,11454
3416,11548
3514,11639
3606,11733
3698,11825
3793,11921
3887,12016
3975,12107
4067,12196
4161,12290
4250,12383
4346,12478
4443,12573
4535,12668
4629,12762
4727,12858
4821,12949
4917,13045
5010,13140
5105,13233
5206,13328
5300,13421
5399,13516
5496,13606
5592,13697
5693,13791
5791,13885
5886,13978
5983,14067
6081,14159
6184,14250
6278,14344
6372,14432
6470,14528
6572,14619
6670,14708
6768,14801
6866,14896
6961,14986
7059,15079
7156,15170
7250,15270
7348,15364
7445,15459
7544,15551
7639,15650
7736,15747
7831,15845
7928,15941
8022,16039
8112,16133
8206,16228
8301,16321
8393,35
8489,130
8585,230
8683,326
8773,427
8871,525
8963,619
9060,719
9155,813
9255,908
9354,1002
9450,1096
9543,1189
9644,1281
9737,1373
9836,1470
9937,1566
10033,1656
10133,1746
10229,1834
10323,1922
10417,2016
10512,2104
10611,2194
10707,2279
10802,2371
10896,2459
10997,2552
11093,2639
11185,2728
11277,2817
11368,2904
11462,2994
11556,3082
11649,3172
11740,3258
11831,3351
11923,3439
12016,3528
12102,3621
12188,3714
12278,3801
12363,3891
12456,3978
12548,4063
12638,4154
12730,4243
12822,4332
12913,4425
13004,4514
13097,4604
13189,4693
13280,4782
13375,4871
13466,4958
13562,5046
13654,5135
13748,5224
13840,5311
13933,5395
14024,5482
14122,5568
14216,5654
14311,5742
14403,5827
14499,5912
14593,6000
14687,6087
14780,6172
14873,6259
14966,6346
15066,6432
15156,6519
15249,6604
15343,6693
15434,6780
15531,6869
15620,6959
15713,7049
15805,7138
15897,7230
15988,7323
16079,7415
16170,7505
16259,7596
16349,7688
53,7780
144,7873
233,7968
330,8060
425,8147
519,8241
612,8335
703,8426
795,8519
891,8612
984,8706
1076,8798
1169,8890
1266,8982
1362,9077
1454,9170
1550,9265
1647,9355
1738,9444
1834,9535
1925,9625
2020,9715
2118,9803
2217,9889
2308,9979
2403,10068
2500,10156
2595,10244
2689,10334
2785,10422
2877,10510
2970,10597
3062,10684
3159,10770
3249,10860
3341,10947
3433,11037
3526,11126
3616,11217
3707,11304
3801,11397
3893,11485
3980,11578
4066,11667
4153,11759
4244,11845
4338,11938
4431,12027
4521,12117
4612,12200
4701,12290
4796,12380
4891,12470
4985,12556
5078,12646
5168,12738
5262,12830
5356,12921
5451,13006
5544,13094
5638,13185
5731,13273
5824,13359
5922,13447
6017,13534
6107,13618
6207,13706
6300,13795
6394,13881
6492,13967
6588,14050
6680,14136
6773,14221
6869,14304
6961,14389
7054,14474
7147,14562
7241,14647
7333,14735
7422,14824
7515,14909
7609,14997
7704,15085
7793,15174
7885,15264
7974,15354
8063,15443
8156,15535
8245,15625
8335,15716
8429,15809
8521,15901
8615,15992
8708,16085
8803,16177
8894,16269
8986,16359
9082,67
9174,158
9271,251
9366,345
9461,439
9555,529
9650,621
9743,715
9840,805
9931,894
10027,985
10122,1077
10218,1170
10316,1259
10407,1348
10504,1433
10600,1522
10694,1613
10791,1704
10884,1791
10978,1879
11071,1970
11169,2057
11260,2144
11354,2232
11444,2321
11543,2411
11633,2501
11729,2588
11824,2678
11915,2766
12004,2857
12092,2950
12180,3042
12272,3134
12365,3224
12459,3314
12550,3406
12643,3500
12733,3593
12824,3687
12923,3778
13015,3869
13109,3962
13205,4052
13298,4144
13396,4236
13491,4331
13585,4426
13683,4520
13779,4612
13877,4704
13972,4794
14070,4887
14165,4980
14262,5073
14359,5164
14456,5253
14555,5344
14651,5437
14747,5526
14840,5615
14942,5705
15043,5795
15136,5881
15232,5968
15328,6058
15428,6148
15521,6238
15620,6327
15711,6415
15808,6507
15903,6595
15997,6684
16092,6778
16186,6868
16276,6959
16376,7052
83,7143
178,7236
270,7331
369,7423
463,7514
562,7611
661,7708
758,7804
852,7900
951,7994
1050,8087
1150,8182
1246,8278
1340,8372
1439,8468
1535,8563
1637,8661
1732,8758
1831,8852
1932,8946
2032,9041
2128,9138
2228,9229
2329,9323
2428,9419
2523,9509
2620,9599
2717,9692
2816,9783
2915,9875
3008,9965
3104,10058
3199,10149
3296,10243
3394,10334
3487,10424
3581,10516
3674,10606
3769,10696
3863,10788
3951,10879
4041,10974
4135,11064
4225,11158
4322,11252
4415,11347
4509,11440
4603,11535
4695,11628
4794,11726
4890,11819
4983,11917
5078,12009
5176,12101
5272,12195
5370,12291
5462,12384
5558,12479
5659,12576
5755,12671
5853,12766
5944,12862
6044,12954
6140,13048
6236,13142
6330,13237
6426,13330
6523,13422
6619,13514
6719,13607
6814,13697
6911,13786
7005,13879
7105,13967
7201,14061
7292,14147
7386,14238
7486,14330
7581,14414
7673,14503
7768,14596
7863,14687
7958,14776
8047,14865
8137,14955
8230,15047
8320,15139
8415,15232
8507,15321
8598,15415
8697,15509
8791,15603
8885,15696
8977,15791
9073,15885
9168,15981
9264,16072
9361,16166
9453,16256
9548,16348
9649,57
9744,154
9837,249
9935,341
10032,436
10126,531
10224,621
10319,717
10416,810
10508,904
10602,995
10699,1087
10794,1176
10891,1269
10986,1361
11079,1450
11172,1541
11265,1630
11359,1719
11451,1807
11545,1896
11634,1985
11726,2072
11822,2160
11911,2246
12003,2336
12094,2423
12181,2515
12268,2601
12361,2689
12449,2782
12543,2868
12632,2959
12724,3049
12812,3141
12908,3234
13000,3325
13092,3418
13183,3508
13280,3605
13372,3694
13463,3786
13554,3874
13649,3966
13745,4056
13841,4145
13933,4242
14029,4332
14125,4425
14220,4514
14315,4610
14406,4702
14499,4794
14596,4885
14690,4978
14782,5067
14879,5157
14974,5248
15069,5339
15163,5428
15255,5519
15352,5608
15447,5696
15541,5785
15630,5873
15720,5960
15814,6047
15908,6137
16002,6225
16091,6314
16184,6401
16272,6490
16363,6577
70,6667
163,6757
255,6850
355,6938
444,7026
534,7119
629,7214
717,7303
813,7396
907,7487
1000,7579
1097,7673
1192,7766
1284,7862
1380,7956
1474,8046
1569,8134
1664,8225
1759,8316
1853,8411
1945,8504
2039,8595
2137,8688
2233,8781
2326,8876
2418,8968
2513,9054
2607,9144
2703,9235
2798,9324
2889,9413
2978,9503
3069,9593
3162,9680
3254,9771
3346,9858
3439,9949
3529,10033
3618,10120
3712,10208
3801,10294
3892,10380
3973,10468
4060,10556
4153,10643
4239,10730
4329,10821
4421,10908
4511,10994
4598,11086
4694,11177
4790,11263
4876,11351
4970,11444
5062,11532
5154,11624
5244,11719
5342,11810
5434,11902
5526,11992
5624,12082
5715,12171
5807,12262
5904,12354
5995,12442
6089,12534
6185,12627
6281,12718
6376,12808
6468,12902
6563,12992
6658,13084
6755,13171
6847,13261
6941,13351
7036,13446
7127,13531
7221,13617
7313,13709
7405,13797
7500,13885
7592,13972
7686,14059
7778,14147
7867,14234
7959,14321
8049,14408
8138,14497
8229,14586
8322,14675
8417,14762
8505,14851
8595,14939
8690,15029
8782,15118
8878,15205
8972,15297
9064,15391
9157,15483
9252,15575
9350,15667
9440,15759
9534,15850
9628,15945
9721,16034
9816,16129
9910,16222
10003,16312
10100,21
10196,112
10292,206
10384,301
10479,394
10575,486
10671,578
10766,670
10859,761
10951,855
11046,946
11142,1039
11237,1128
11328,1220
11420,1308
11515,1399
11606,1489
11697,1577
11792,1664
11883,1752
11973,1839
12066,1932
12151,2021
12238,2108
12331,2197
12427,2286
12515,2375
12608,2464
12700,2553
12792,2642
12885,2732
12982,2822
13078,2912
13167,3006
13265,3097
13362,3188
13455,3279
13552,3375
13650,3468
13745,3557
13843,3653
13941,3746
14038,3843
14138,3933
14233,4022
14332,4116
14432,4208
14525,4304
14622,4401
14723,4493
14819,4584
14918,4681
15016,4773
15113,4868
15207,4958
15309,5048
15407,5143
15502,5235
15598,5329
15692,5418
15786,5508
15887,5599
15980,5693
16076,5783
16173,5871
16264,5963
16359,6053
67,6142
159,6234
257,6325
352,6413
446,6505
543,6596
640,6689
734,6782
831,6873
923,6966
1023,7059
1115,7152
1214,7247
1311,7342
1406,7434
1503,7529
1602,7626
1695,7719
1790,7814
1887,7908
1988,8002
2088,8094
2178,8187
2276,8286
2369,8379
2465,8472
2560,8565
2656,8656
2750,8754
2845,8846
2939,8936
3032,9028
3126,9120
3217,9210
3314,9303
3404,9393
3495,9481
3588,9568
3683,9657
3773,9746
3866,9832
3951,9919
4043,10008
4127,10095
4219,10183
4311,10272
4401,10356
4493,10446
4585,10534
4677,10622
4769,10707
4862,10796
4956,10886
5050,10976
5147,11066
5240,11157
5332,11245
5429,11337
5521,11433
5616,11524
5713,11617
5810,11708
5904,11802
6002,11895
6093,11988
6194,12082
6291,12171
6386,12265
6485,12359
6580,12453
6677,12548
6773,12645
6870,12739
6965,12834
7058,12929
7152,13025
7251,13117
7344,13210
7438,13303
7531,13399
7627,13493
7723,13584
7815,13676
7907,13767
8001,13860
8091,13950
8183,14040
8276,14132
8369,14223
8461,14316
8558,14406
8650,14497
8740,14586
8837,14681
8933,14772
9027,14863
9122,14956
9218,15044
9313,15135
9409,15230
9502,15323
9597,15418
9693,15511
9789,15608
9883,15700
9980,15793
10076,15891
10171,15986
10266,16082
10362,16176
10457,16270
10551,16358
10649,72
10743,168
10836,261
10930,355
11019,447
11114,543
11210,637
11305,731
11395,821
11489,913
11584,1005
11673,1097
11762,1188
11853,1281
11950,1370
12041,1459
12126,1547
12215,1635
12301,1723
12391,1809
12483,1898
12577,1985
12667,2073
12759,2158
12850,2243
12942,2331
13036,2421
13132,2509
13223,2594
13322,2684
13414,2773
13504,2862
13598,2952
13692,3040
13786,3128
13882,3219
13980,3310
14075,3405
14168,3495
14264,3585
14360,3678
14457,3770
14551,3861
14646,3949
14740,4039
14834,4133
14928,4224
15025,4316
15122,4409
15218,4504
15312,4598
15409,4689
15500,4782
15592,4875
15687,4969
15780,5062
15878,5152
15968,5245
16064,5335
16155,5424
16243,5516
16336,5605
44,5694
137,5784
229,5877
325,5963
417,6049
508,6139
600,6228
696,6316
789,6407
886,6495
979,6586
1073,6673
1168,6758
1264,6850
1360,6945
1458,7035
1549,7125
1642,7217
1737,7311
1836,7399
1932,7493
2025,7587
2125,7679
2219,7772
2312,7867
2407,7962
2503,8051
2595,8141
2691,8236
2787,8328
2883,8424
2978,8519
3070,8614
3161,8708
3257,8800
3350,8894
3442,8988
3532,9078
3628,9170
3721,9264
3813,9358
3900,9450
3988,9539
4079,9632
4172,9719
4263,9810
4353,9901
4444,9991
4538,10082
4629,10171
4724,10258
4817,10345
4912,10436
5004,10526
5101,10614
5194,10704
5292,10793
5389,10881
5484,10974
5579,11062
5674,11153
5775,11245
5868,11338
5966,11429
6060,11521
6155,11614
6250,11705
6348,11799
6447,11890
6541,11987
6643,12078
6736,12166
6834,12257
6929,12349
7030,12444
7124,12537
7220,12630
7312,12728
7411,12817
7509,12909
7603,13004
7697,13099
7792,13193
7889,13285
7979,13376
8068,13467
8164,13558
8257,13650
8351,13741
8443,13832
8540,13924
8634,14015
8733,14104
8826,14193
8924,14281
9022,14371
9116,14461
9212,14553
9309,14641
9406,14730
9506,14822
9602,14914
9700,15004
9798,15095
9897,15188
9993,15281
10092,15373
10190,15466
10291,15560
10387,15657
10486,15751
10586,15845
10685,15941
10778,16037
10880,16132
10978,16227
11075,16320
11170,31
11267,130
11365,226
11460,322
11558,421
11654,516
11747,611
11843,710
11942,806
12034,903
12123,1000
12215,1099
12308,1191
12402,1285
12498,1377
12593,1472
12691,1563
12787,1660
12883,1747
12977,1839
13075,1933
13172,2025
13268,2115
13364,2207
13462,2298
13560,2390
13659,2482
13756,2574
13853,2665
13950,2759
14048,2849
14149,2940
14245,3033
14343,3126
14443,3221
14536,3317
14635,3410
14734,3505
14830,3597
14931,3693
15024,3791
15123,3883
15219,3971
15316,4061
15413,4160
15509,4256
15600,4350
15695,4446
15794,4538
15888,4632
15983,4723
16079,4819
16173,4915
16261,5009
16348,5099
58,5192
151,5284
243,5376
337,5465
435,5559
526,5648
618,5738
712,5825
807,5916
905,6002
1000,6091
1094,6180
1188,6272
1283,6361
1377,6448
1474,6538
1569,6628
1666,6718
1763,6808
1857,6898
1953,6989
2050,7080
2145,7170
2243,7264
2338,7357
2434,7447
2528,7540
2623,7635
2718,7728
2810,7819
2904,7916
3000,8007
3097,8099
3188,8194
3277,8285
3375,8379
3469,8474
3561,8568
3653,8663
3744,8757
3838,8853
3927,8946
4015,9040
4105,9133
4194,9228
4290,9319
4383,9411
4475,9502
4567,9595
4661,9684
4752,9774
4847,9866
4942,9951
5036,10041
5130,10135
5225,10219
5321,10311
5417,10398
5512,10491
5607,10581
5705,10667
5799,10754
5889,10846
5988,10933
6085,11024
6182,11114
6275,11205
6367,11297
6462,11386
6562,11478
6655,11570
6752,11664
6848,11756
6944,11845
7037,11938
7128,12028
7222,12119
7317,12208
7407,12299
7506,12392
7595,12481
7688,12577
7779,12669
7871,12760
7960,12853
8047,12943
8140,13036
8231,13126
8318,13213
8409,13306
8502,13395
8594,13484
8683,13572
8776,13661
8870,13749
8961,13835
9056,13923
9146,14011
9242,14099
9337,14185
9428,14269
9521,14355
9616,14444
9705,14529
9799,14619
9893,14706
9987,14790
10083,14881
10176,14968
10272,15055
10367,15144
10462,15229
10552,15319
10647,15407
10739,15501
10832,15594
10928,15683
11023,15775
11115,15867
11209,15958
11297,16051
11392,16142
11484,16232
11576,16323
11666,30
11763,122
11854,214
11942,310
12035,403
12123,496
12209,590
12297,679
12387,775
12480,869
12570,960
12665,1055
12755,1142
12844,1234
12935,1322
13030,1409
13126,1501
13217,1590
13310,1682
13408,1771
13500,1856
13592,1943
13687,2030
13781,2121
13877,2210
13972,2295
14069,2382
14164,2473
14258,2561
14348,2652
14451,2738
14547,2831
14639,2918
14734,3011
14826,3098
14920,3189
15014,3280
15112,3369
15206,3460
15296,3550
15394,3642
15487,3734
15579,3824
15669,3916
15759,4001
15855,4090
15945,4184
16036,4275
16123,4369
16214,4462
16302,4550
9,4643
104,4732
193,4825
282,4916
372,5007
465,5098
555,5186
651,5279
743,5367
833,5457
929,5544
1023,5631
1117,5723
1207,5811
1306,5899
1403,5983
1495,6071
1592,6161
1684,6246
1774,6335
1869,6426
1966,6515
2063,6604
2161,6691
2255,6781
2349,6873
2446,6963
2539,7055
2633,7148
2731,7240
2829,7335
2923,7427
3018,7521
3112,7614
3208,7709
3303,7805
3393,7902
3485,7995
3582,8088
3677,8184
3768,8280
3860,8378
3951,8471
4041,8568
4134,8666
4228,8764
4317,8860
4416,8955
4510,9049
4602,9142
4700,9241
4795,9335
4891,9426
4987,9519
5083,9612
5183,9703
5280,9795
5379,9887
5480,9979
5576,10069
5666,10160
5770,10252
5866,10344
5965,10433
6064,10523
6162,10614
6262,10704
6359,10797
6456,10890
6554,10980
6651,11069
6751,11162
6846,11253
6943,11344
7039,11440
7139,11535
7237,11623
7331,11720
7427,11813
7522,11908
7620,12000
7717,12096
7811,12186
7906,12278
7999,12371
8090,12466
8183,12562
8279,12658
8376,12752
8469,12842
8563,12937
8659,13031
8758,13124
8854,13217
8948,13309
9043,13400
9142,13489
9241,13580
9335,13671
9435,13760
9530,13850
9625,13940
9724,14029
9823,14115
9923,14206
10017,14294
10118,14383
10213,14470
10313,14558
10413,14648
10510,14739
10608,14828
10702,14918
10799,15010
10897,15101
10995,15192
11092,15286
11188,15374
11286,15469
11380,15562
11473,15655
11565,15750
11664,15842
11760,15940
11854,16035
11944,16131
12041,16220
12126,16312
12216,25
12312,118
12401,212
12493,311
12587,408
12680,500
12775,597
12870,693
12960,791
13057,883
13147,977
13245,1070
13340,1165
13436,1255
13525,1349
13623,1438
13719,1531
13817,1621
13910,1707
14008,1798
14107,1892
14202,1982
14299,2072
14395,2160
14489,2251
14587,2339
14682,2424
14778,2516
14875,2606
14970,2697
15067,2784
15161,2877
15260,2967
15353,3057
15445,3148
15540,3236
15635,3330
15728,3421
15823,3512
15919,3605
16013,3696
16103,3788
16196,3877
16286,3963
16377,4054
88,4146
181,4237
273,4329
368,4421
461,4512
554,4603
648,4696
744,4787
836,4876
936,4965
1029,5057
1130,5143
1222,5233
1318,5320
1417,5410
1511,5497
1609,5583
1708,5670
1801,5757
1898,5842
1989,5930
2087,6018
2184,6103
2281,6188
2378,6272
2477,6359
2570,6445
2665,6535
2762,6620
2855,6708
2944,6800
3042,6889
3134,6977
3230,7067
3325,7155
3414,7246
3508,7336
3599,7427
3691,7518
3784,7608
3875,7701
3963,7796
4049,7891
4139,7980
4233,8071
4324,8160
4416,8248
4508,8341
4602,8434
4693,8530
4781,8622
4878,8716
4969,8808
5059,8902
5157,8995
5253,9083
5345,9176
5440,9268
5535,9361
5635,9450
5728,9540
5820,9629
5914,9718
6013,9808
6108,9900
6204,9989
6298,10074
6396,10163
6490,10249
6583,10337
6680,10425
6776,10515
6867,10607
6962,10698
7057,10785
7152,10877
7246,10963
7340,11055
7434,11146
7529,11237
7620,11327
7712,11419
7806,11512
7897,11605
7991,11695
8078,11786
8171,11880
8266,11974
8355,12066
8451,12156
8542,12249
8636,12343
8730,12434
8823,12524
8916,12616
9008,12709
9103,12802
9201,12896
9294,12989
9390,13079
9483,13172
9574,13262
9675,13353
9769,13441
9865,13532
9959,13625
10056,13711
10148,13801
10242,13888
10342,13978
10436,14066
10535,14155
10634,14247
10724,14336
10819,14424
10911,14514
11006,14603
11099,14691
11199,14779
11290,14870
11384,14960
11478,15053
11568,15145
11663,15237
11756,15328
11846,15421
11939,15516
12029,15609
12119,15704
12209,15799
12296,15892
12386,15985
12477,16086
12568,16178
12663,16272
12759,16364
12852,73
12943,168
13039,265
13132,361
13228,457
13323,553
13418,647
13513,738
13605,834
13699,926
13796,1020
13894,1115
13992,1204
14085,1294
14184,1383
14276,1472
14374,1562
14470,1649
14566,1739
14666,1832
14758,1920
14857,2009
14949,2099
15047,2186
15144,2275
15239,2362
15334,2451
15435,2543
15531,2629
15622,2720
15714,2812
15812,2904
15906,2993
16000,3083
16097,3173
16184,3265
16279,3358
16366,3451
79,3543
173,3636
269,3731
365,3821
456,3913
548,4003
646,4094
742,4186
837,4279
932,4374
1030,4471
1127,4564
1222,4654
1320,4749
1415,4842
1510,4934
1608,5026
1704,5117
1801,5211
1898,5301
1998,5394
2097,5485
2193,5575
2292,5668
2384,5759
2486,5851
2582,5944
2677,6031
2774,6122
2870,6213
2970,6303
3066,6395
3159,6491
3253,6581
3350,6673
3444,6763
3542,6859
3637,6951
3731,7049
3823,7140
3916,7237
4007,7332
4100,7429
4193,7526
4287,7623
4382,7720
4476,7821
4573,7915
4670,8014
4762,8105
4859,8200
4957,8300
5053,8397
5149,8495
5246,8592
5341,8691
5441,8786
5539,8882
5636,8978
5733,9074
5831,9167
5927,9261
6030,9354
6128,9447
6221,9538
6321,9632
6419,9724
6517,9816
6610,9908
6705,9996
6805,10085
6899,10175
6996,10266
7096,10356
7187,10446
7280,10533
7374,10622
7470,10714
7564,10803
7660,10892
7753,10981
7845,11070
7941,11162
8030,11254
8121,11344
8211,11436
8303,11528
8398,11621
8491,11714
8584,11806
8675,11900
8767,11992
8862,12080
8958,12167
9052,12258
9146,12350
9240,12442
9339,12532
9430,12626
9524,12717
9617,12806
9715,12898
9809,12991
9902,13082
9999,13171
10093,13259
10190,13349
10285,13437
10379,13526
10474,13611
10572,13702
10663,13791
10756,13879
10853,13963
10947,14050
11040,14140
11134,14226
11228,14314
11323,14402
11412,14490
11507,14578
11598,14664
11690,14756
11782,14845
11873,14934
11966,15025
12058,15117
12145,15207
12234,15298
12325,15389
12415,15479
12509,15572
12600,15666
12693,15762
12785,15856
12878,15944
12972,16039
13063,16134
13155,16227
13253,16317
13344,27
13438,120
13535,214
13631,308
13720,400
13817,492
13916,586
14007,677
14103,772
14200,865
14295,955
14390,1044
14485,1134
14584,1225
14678,1314
14774,1403
14865,1494
14962,1582
15056,1672
15151,1762
15243,1849
15339,1936
15431,2020
15521,2109
15617,2195
15710,2285
15806,2371
15901,2461
15992,2548
16083,2639
16173,2728
16262,2817
16350,2906
58,2996
148,3086
241,3177
333,3269
423,3361
513,3453
611,3545
703,3636
797,3726
891,3819
982,3911
1079,3996
1174,4090
1264,4181
1360,4274
1454,4366
1545,4457
1641,4551
1735,4642
1829,4732
1927,4828
2019,4917
2116,5009
2205,5098
2301,5188
2399,5279
2495,5366
2587,5456
2679,5546
2774,5635
2867,5722
2963,5809
3055,5898
3146,5985
3240,6074
3334,6161
3424,6248
3516,6336
3608,6426
3699,6515
3791,6604
3882,6694
3970,6784
4059,6873
4145,6961
4232,7055
4328,7149
4420,7241
4512,7332
4607,7427
4697,7519
4789,7608
4882,7704
4973,7798
5070,7894
5161,7986
5255,8078
5355,8169
5446,8263
5539,8357
5634,8450
5726,8542
5824,8635
5918,8728
6009,8822
6109,8911
6202,9006
6298,9097
6393,9189
6488,9280
6585,9371
6680,9463
6773,9552
6867,9640
6959,9729
7056,9820
7149,9910
7246,9996
7336,10086
7434,10171
7527,10260
7620,10350
7713,10438
7806,10526
7897,10613
7989,10702
8081,10790
8169,10879
8260,10967
8353,11057
8444,11148
8541,11236
8634,11331
8728,11424
8820,11513
8914,11606
9008,11701
9101,11793
9198,11886
9291,11978
9387,12071
9481,12161
9580,12251
9675,12345
9772,12440
9867,12535
9963,12627
10057,12718
10153,12812
10249,12906
10343,12999
10441,13093
10538,13184
10633,13275
10729,13366
10825,13457
10919,13546
11016,13638
11111,13729
11204,13819
11299,13908
11393,13997
11485,14086
11576,14177
11671,14268
11767,14356
11861,14445
11957,14533
12048,14624
12137,14715
12223,14804
12316,14895
12406,14986
12502,15083
12598,15173
12689,15265
12786,15359
12875,15453
12973,15543
13066,15640
13160,15734
13253,15830
13351,15926
13447,16021
13548,16115
13645,16209
13743,16302
13841,12
13934,108
14036,206
14135,302
14233,397
14329,491
14424,588
14526,686
14627,777
14724,873
14822,968
14919,1061
15016,1155
15114,1245
15209,1336
15310,1432
15404,1522
15500,1614
15600,1702
15694,1795
15794,1885
15889,1979
15985,2071
16082,2161
16174,2251
16268,2340
16365,2435
72,2525
170,2619
266,2713
366,2804
459,2894
554,2987
650,3083
749,3176
850,3270
946,3366
1045,3462
1141,3556
1238,3653
1337,3750
1436,3843
1532,3937
1632,4030
1731,4122
1831,4218
1931,4320
2027,4413
2127,4509
2227,4603
2325,4699
2425,4792
2523,4888
2622,4982
2719,5075
2815,5172
2912,5264
3008,5352
3108,5444
3203,5538
3300,5628
3392,5719
3488,5812
3583,5901
3678,5991
3772,6081
3864,6172
3954,6265
4044,6357
4137,6445
4229,6536
4323,6627
4417,6719
4509,6807
4607,6900
4703,6997
4795,7088
4891,7182
4984,7273
5081,7366
5178,7461
5275,7555
5368,7649
5465,7743
5561,7836
5657,7931
5752,8021
5849,8114
5942,8207
6039,8301
6139,8394
6234,8488
6329,8580
6426,8675
6521,8769
6616,8862
6713,8952
6811,9045
6904,9139
7001,9230
7098,9319
7190,9409
7286,9499
7379,9591
7473,9679
7567,9768
7664,9854
7758,9945
7852,10036
7941,10124
8033,10211
8123,10300
8216,10390
8308,10480
8400,10570
8490,10656
8585,10745
8679,10839
8777,10931
8870,11019
8966,11111
9062,11204
9157,11295
9251,11392
9347,11485
9444,11577
9537,11670
9633,11764
9731,11858
9825,11952
9923,12042
10021,12135
10118,12227
10212,12320
10308,12417
10405,12512
10501,12604
10598,12699
10697,12793
10791,12889
10888,12983
10977,13076
11075,13167
11173,13258
11266,13349
11359,13441
11452,13533
11548,13627
11645,13718
11736,13807
11829,13898
11921,13988
12014,14077
12105,14165
12193,14254
12281,14345
12375,14435
12464,14523
12557,14615
12650,14701
12745,14791
12840,14882
12932,14974
13026,15066
13120,15156
13210,15249
13308,15337
13402,15431
13499,15523
13592,15617
13686,15709
13781,15802
13879,15896
13973,15991
14068,16083
14162,16176
14258,16264
14352,16354
14450,65
14544,160
14639,254
14734,345
14828,435
14924,532
15019,625
15113,714
15206,806
15301,896
15392,984
15489,1075
15580,1164
15673,1254
15766,1341
15864,1433
15954,1521
16043,1607
16134,1694
16222,1778
16309,1865
17,1955
108,2043
199,2130
292,2217
384,2301
479,2393
569,2481
664,2570
759,2655
852,2743
946,2837
1042,2927
1131,3015
1224,3107
1319,3200
1416,3292
1511,3382
1604,3474
1702,3566
1792,3661
1888,3751
1985,3848
2083,3937
2176,4024
2270,4117
2365,4209
2459,4304
2555,4398
2652,4493
2746,4588
2838,4683
2931,4775
3025,4866
3120,4957
3216,5052
3309,5146
3403,5236
3494,5327
3588,5420
3678,5512
3772,5605
3862,5694
3949,5783
4036,5874
4128,5967
4218,6057
4312,6145
4404,6238
4499,6325
4590,6416
4683,6507
4778,6597
4871,6692
4964,6783
5057,6876
5156,6969
5247,7061
5346,7155
5442,7250
5534,7339
5629,7437
5730,7530
5824,7627
5918,7720
6012,7813
6109,7909
6207,8001
6303,8094
6397,8190
6496,8286
6595,8380
6687,8478
6782,8570
6878,8659
6971,8756
7065,8849
7161,8941
7256,9036
7349,9128
7442,9220
7538,9308
7633,9398
7724,9490
7813,9578
7908,9669
7996,9759
8087,9848
8178,9935
8274,10024
8364,10110
8458,10200
8554,10285
8647,10374
8738,10462
8832,10552
8925,10638
9016,10727
9115,10814
9213,10903
9308,10993
9402,11083
9495,11174
9591,11265
9682,11354
9778,11446
9877,11538
9971,11630
10069,11726
10165,11817
10261,11911
10360,12003
10456,12097
10554,12184
10649,12278
10746,12372
10842,12467
10938,12563
11035,12659
11133,12753
11227,12847
11321,12943
11417,13037
11514,13134
11608,13227
11703,13319
11797,13416
11894,13509
11989,13600
12081,13693
12171,13783
12264,13878
12355,13972
12449,14065
12545,14156
12640,14247
12732,14338
12832,14430
12927,14522
13025,14614
13117,14706
13213,14800
13314,14891
13411,14988
13506,15082
13607,15176
13704,15269
13802,15362
13900,15455
14002,15552
14100,15648
14196,15743
14298,15843
14394,15937
14498,16035
14594,16128
14690,16224
14790,16321
14887,35
14989,129
15087,224
15181,323
15277,419
15374,515
15472,612
15566,707
15660,801
15757,895
15856,990
15950,1083
16043,1176
16140,1265
16231,1360
16321,1450
36,1541
128,1634
220,1726
314,1816
409,1904
501,1994
597,2082
694,2169
788,2258
887,2345
982,2439
1075,2524
1170,2615
1267,2704
1359,2791
1458,2880
1558,2971
1651,3059
1748,3149
1842,3242
1938,3336
2032,3426
2128,3517
2224,3606
2322,3699
2417,3795
2515,3884
2608,3972
2702,4063
2795,4156
2893,4250
2986,4341
3080,4433
3169,4524
3263,4616
3360,4710
3455,4804
3545,4894
3637,4988
3730,5078
3820,5166
3912,5259
3998,5349
4085,5442
4181,5532
4275,5621
4365,5713
4456,5800
4547,5890
4644,5977
4736,6065
4823,6154
4921,6243
5012,6333
5111,6422
5207,6514
5301,6601
5393,6693
5492,6782
5587,6872
5684,6965
5778,7058
5875,7147
5970,7243
6065,7334
6165,7427
6262,7522
6358,7617
6450,7709
6549,7802
6642,7896
6742,7991
6835,8084
6930,8178
7027,8274
7123,8366
7216,8463
7312,8557
7408,8653
7498,8750
7597,8841
7689,8935
7779,9028
7875,9120
7967,9214
8055,9307
8148,9400
8241,9491
8334,9585
8429,9674
8521,9766
8614,9853
8704,9942
8802,10032
8898,10124
8994,10211
9087,10302
9183,10389
9279,10478
9371,10566
9467,10656
9563,10741
9659,10832
9754,10918
9848,11007
9943,11099
10040,11186
10133,11275
10232,11365
10327,11458
10420,11551
10519,11642
10613,11733
10706,11825
10802,11915
10899,12007
10992,12098
11085,12186
11178,12274
11270,12367
11365,12459
11459,12551
11552,12642
11646,12734
11737,12829
11829,12918
11922,13009
12013,13102
12099,13192
12183,13280
12269,13370
12363,13463
12455,13550
12547,13641
12640,13727
12729,13814
12820,13904
12910,13993
13003,14081
13096,14167
13188,14255
13288,14342
13382,14430
13476,14521
13568,14611
13661,14698
13755,14789
13850,14878
13942,14966
14039,15058
14135,15146
14230,15235
14326,15327
14416,15419
14514,15506
14611,15602
14706,15695
14796,15789
14889,15886
14986,15977
15083,16070
15175,16162
15272,16255
15365,16348
15456,57
15552,149
15648,240
15740,337
15833,433
15928,528
16017,620
16111,715
16199,807
16293,901
0,991
95,1085
185,1177
280,1268
371,1360
467,1455
556,1542
654,1632
746,1724
839,1809
937,1897
1032,1988
1128,2077
1224,2166
1318,2253
1414,2343
1511,2433
1605,2518
1702,2608
1796,2699
1891,2789
1988,2877
2084,2968
2182,3061
2279,3152
2374,3244
2473,3335
2568,3427
2664,3522
2761,3614
2852,3708
2948,3797
3048,3890
3139,3978
3235,4072
3331,4161
3421,4253
3516,4347
3608,4441
3702,4534
3794,4628
3885,4720
3974,4812
4066,4904
4155,4997
4249,5090
4344,5181
4438,5271
4531,5361
4630,5452
4724,5544
4816,5633
4910,5725
5005,5813
5104,5902
5203,5990
5295,6081
5393,6168
5489,6259
5586,6349
5682,6439
5779,6531
5878,6619
5977,6711
6075,6802
6173,6894
6272,6987
6370,7081
6470,7172
6568,7268
6665,7360
6762,7457
6857,7553
6954,7647
7058,7742
7154,7838
7249,7931
7344,8024
7441,8121
7540,8218
7638,8317
7733,8410
7829,8508
7923,8605
8017,8703
8112,8802
8203,8896
8298,8992
8396,9087
8493,9186
8587,9279
8687,9372
8781,9468
8878,9560
8974,9655
9074,9750
9174,9845
9268,9936
9367,10026
9462,10114
9561,10210
9659,10301
9761,10392
9861,10483
9959,10572
10059,10665
10156,10758
10258,10851
10359,10943
10455,11036
10556,11131
10653,11222
10752,11317
10851,11411
10949,11506
11047,11597
11142,11692
11240,11788
11339,11883
11433,11980
11529,12075
11622,12164
11719,12257
11814,12353
11909,12447
12003,12545
12094,12641
12186,12737
12277,12830
12370,12925
12463,13020
12556,13117
12650,13209
12744,13301
12839,13394
12932,13484
13025,13578
13122,13667
13217,13758
13313,13846
13410,13938
13502,14028
13598,14116
13696,14206
13794,14295
13890,14386
13987,14477
14082,14564
14176,14653
14274,14742
14370,14835
14464,14924
14563,15014
14662,15110
14755,15200
14852,15292
14942,15384
15041,15476
15136,15571
15234,15662
15328,15754
15420,15850
15515,15945
15607,16040
15700,16134
15795,16226
15887,16315
15980,27
16074,124
16165,219
16255,309
16342,406
52,500
143,598
236,690
332,786
422,879
515,969
611,1063
706,1155
798,1245
890,1336
985,1426
1079,1519
1176,1607
1271,1696
1363,1785
1460,1875
1558,1963
1655,2051
1747,2140
1847,2228
1944,2317
2039,2407
2132,2495
2227,2585
2327,2674
2422,2762
2514,2852
2611,2938
2708,3028
2804,3118
2901,3212
2995,3304
3089,3396
3185,3485
3275,3576
3370,3670
3465,3760
3556,3855
3648,3944
3742,4031
3831,4121
3923,4214
4010,4309
4099,4398
4188,4490
4280,4584
4371,4675
4462,4768
4556,4856
4650,4948
4747,5041
4838,5129
4928,5220
5023,5308
5119,5396
5209,5488
5301,5575
5396,5660
5490,5746
5583,5834
5675,5921
5771,6007
5866,6094
5960,6177
6057,6264
6153,6354
6246,6439
6339,6525
6433,6613
6526,6699
6619,6787
6714,6877
6809,6967
6903,7056
6997,7147
7089,7235
7180,7321
7273,7411
7362,7503
7456,7594
7552,7684
7646,7774
7735,7864
7829,7956
7917,8045
8005,8135
8092,8224
8188,8317
8277,8408
8365,8496
8456,8586
8548,8677
8638,8770
8733,8861
8822,8955
8916,9046
9010,9131
9100,9224
9192,9310
9289,9400
9385,9491
9478,9579
9571,9670
9667,9758
9761,9850
9857,9934
9951,10024
10045,10113
10140,10202
10231,10287
10328,10375
10425,10465
10516,10553
10613,10642
10709,10731
10802,10819
10895,10911
10989,10998
11080,11088
11175,11177
11270,11270
11359,11357
11452,11448
11541,11541
11635,11635
11731,11728
11823,11820
11914,11911
12005,12003
12090,12093
12178,12184
12267,12275
12359,12365
12451,12455
12538,12548
12631,12641
12724,12733
12819,12825
12909,12916
12998,13006
13095,13099
13188,13189
13280,13280
13376,13371
13469,13456
13561,13544
13660,13633
13755,13723
13850,13808
13944,13898
14037,13985
14132,14073
14231,14160
14324,14248
14421,14332
14517,14419
14611,14507
14711,14598
14807,14686
14898,14774
14992,14862
15092,14947
15186,15040
15278,15130
15373,15221
15466,15311
15560,15402
15656,15494
15748,15582
15843,15677
15936,15770
16027,15863
16121,15958
16214,16050
16307,16143
16,16234
104,16324
197,34
291,129
389,220
482,313
576,404
672,499
767,591
862,683
955,779
1054,871
1148,961
1244,1051
1341,1143
1438,1234
1534,1323
1631,1413
1725,1507
1823,1594
1919,1683
2021,1773
2112,1861
2213,1950
2309,2040
2407,2131
2503,2219
2601,2312
2694,2401
2788,2491
2884,2582
2981,2674
3072,2767
3171,2859
3267,2953
3361,3049
3456,3139
3553,3237
3645,3335
3739,3428
3831,3523
3924,3618
4014,3716
4107,3810
4200,3904
4292,3995
4388,4089
4485,4188
4578,4285
4676,4380
4769,4477
4868,4572
4963,4667
5061,4763
5157,4858
5253,4957
5351,5049
5448,5143
5550,5237
5645,5331
5749,5423
5848,5518
5946,5612
6044,5704
6144,5795
6239,5889
6337,5981
6437,6069
6537,6163
6637,6259
6734,6350
6833,6443
6932,6537
7029,6629
7125,6728
7225,6821
7321,6914
7418,7012
7515,7107
7611,7204
7711,7299
7805,7396
7901,7496
7996,7593
8083,7692
8177,7788
8273,7884
8368,7985
8460,8078
8557,8171
8651,8271
8747,8366
8844,8464
8939,8562
9035,8658
9133,8752
9229,8852
9326,8948
9420,9041
9518,9134
9614,9230
9710,9322
9811,9414
9907,9507
10005,9595
10098,9688
10199,9778
10293,9871
10391,9959
10485,10048
10582,10134
10679,10222
10776,10311
10870,10401
10965,10492
11063,10579
11154,10670
11251,10759
11344,10848
11440,10941
11535,11028
11630,11119
11720,11208
11818,11299
11908,11392
12001,11485
12092,11576
12182,11668
12271,11764
12360,11855
12455,11949
12549,12039
12638,12130
12731,12219
12823,12313
12921,12406
13017,12498
13112,12591
13207,12686
13305,12780
13398,12870
13493,12966
13589,13058
13689,13152
13785,13245
13877,13333
13972,13429
14071,13519
14168,13611
14267,13700
14365,13790
14462,13882
14558,13974
14656,14060
14748,14148
14848,14244
14946,14335
15042,14425
15142,14515
15233,14607
15329,14697
15423,14789
15521,14880
15618,14974
15715,15066
15806,15156
15901,15252
15996,15345
16090,15437
16182,15533
16269,15628
16364,15722
74,15818
167,15916
256,16012
352,16107
445,16198
542,16291
637,2
733,95
826,192
918,287
1016,382
1108,479
1207,569
1303,664
1399,761
1494,852
1595,946
1691,1035
1784,1127
1878,1219
1975,1306
2073,1401
2172,1491
2263,1578
2358,1665
2452,1756
2546,1843
2640,1934
2739,2023
2835,2107
2926,2196
3017,2287
3115,2377
3206,2466
3301,2548
3393,2641
3486,2727
3577,2816
3669,2907
3762,2999
3854,3089
3946,3180
4032,3269
4120,3360
4212,3454
4302,3548
4396,3636
4489,3729
4581,3823
4673,3911
4768,4002
4859,4092
4952,4183
5050,4273
5143,4363
5237,4458
5332,4547
5428,4643
5525,4735
5618,4827
5715,4920
5809,5010
5905,5103
6001,5193
6100,5283
6196,5374
6294,5462
6388,5552
6484,5642
6582,5733
6672,5827
6769,5912
6864,6002
6956,6092
7053,6183
7149,6270
7241,6359
7336,6451
7432,6542
7528,6629
7620,6723
7715,6813
7811,6907
7904,7001
7991,7092
8081,7184
8170,7278
8262,7375
8356,7468
8452,7562
8548,7654
8637,7754
8731,7849
8825,7942
8917,8035
9009,8125
9105,8215
9203,8315
9295,8407
9391,8502
9483,8595
9583,8692
9677,8787
9775,8877
9870,8969
9964,9064
10060,9153
10154,9246
10254,9336
10348,9426
10441,9515
10538,9604
10635,9692
10729,9782
10822,9871
10920,9960
11016,10047
11111,10141
11204,10230
11299,10313
11393,10401
11486,10491
11574,10584
11666,10673
11760,10760
11854,10847
11947,10936
12039,11027
12129,11120
12219,11211
12309,11300
12399,11393
12490,11482
12587,11575
12679,11667
12772,11761
12867,11857
12958,11952
13053,12041
13149,12131
13244,12220
13341,12315
13437,12410
13534,12499
13629,12596
13724,12689
13822,12784
13921,12874
14021,12967
14118,13061
14214,13152
14311,13247
14406,13344
14508,13436
14606,13524
14701,13616
14802,13707
14898,13800
14994,13888
15095,13981
15189,14074
15285,14162
15384,14253
15479,14341
15574,14436
15668,14527
15766,14620
15864,14710
15958,14802
16055,14895
16152,14989
16242,15085
16332,15177
41,15271
135,15367
232,15462
325,15557
424,15654
515,15747
611,15846
707,15943
808,16038
907,16136
1001,16230
1101,16323
1198,35
1294,131
1392,225
1488,325
1587,419
1683,516
1783,607
1879,704
1979,800
2077,894
2174,989
2270,1080
2368,1174
2464,1265
2567,1360
2664,1447
2757,1538
2857,1627
2952,1720
3048,1808
3144,1901
3238,1995
3336,2082
3429,2170
3523,2260
3620,2350
3714,2442
3804,2532
3899,2623
3985,2717
4080,2806
4173,2898
4264,2990
4363,3083
4457,3177
4547,3271
4645,3365
4740,3458
4835,3553
4934,3648
5028,3740
5122,3836
5221,3928
5318,4019
5415,4113
5510,4207
5608,4302
5705,4393
5803,4490
5899,4584
5993,4679
6092,4768
6191,4864
6287,4956
6386,5047
6480,5142
6575,5233
6672,5326
6769,5416
6867,5506
6960,5598
7058,5689
7152,5778
7245,5868
7343,5958
7433,6049
7531,6139
7620,6229
7717,6318
7812,6408
7902,6499
7994,6590
8086,6679
8176,6772
8265,6864
8359,6957
8452,7046
8544,7140
8640,7233
8729,7326
8821,7418
8918,7511
9014,7605
9102,7701
9198,7791
9294,7886
9387,7978
9480,8067
9576,8159
9670,8251
9763,8348
9859,8442
9955,8535
10051,8623
10142,8719
10238,8809
10331,8901
10431,8992
10525,9081
10620,9172
10714,9265
10808,9352
10900,9443
10995,9534
11088,9624
11183,9714
11278,9799
11370,9886
11465,9971
11557,10062
11651,10148
11741,10236
11833,10326
11923,10412
12014,10500
12103,10587
12190,10675
12280,10765
12376,10857
12469,10945
12562,11035
12654,11124
12749,11217
12840,11312
12932,11402
13025,11494
13124,11584
13218,11678
13315,11769
13409,11863
13503,11957
13597,12053
13695,12144
13792,12232
13887,12325
13985,12414
14082,12508
14178,12603
14272,12697
14369,12792
14466,12884
14560,12976
14659,13069
14755,13163
14850,13252
14946,13347
15042,13440
15142,13531
15239,13622
15331,13712
15428,13803
15521,13891
15619,13984
15711,14072
15803,14162
15896,14253
15990,14342
16083,14436
16176,14526
16265,14614
16356,14702
59,14791
155,14886
249,14977
341,15066
434,15159
524,15247
616,15342
710,15434
803,15527
897,15619
992,15710
1088,15805
1182,15897
1273,15991
1369,16083
1463,16177
1560,16267
1652,16358
1747,67
1841,159
1937,254
2030,344
2124,436
2222,527
2318,618
2411,710
2504,800
2597,889
2691,978
2783,1072
2874,1161
2971,1249
3063,1337
3158,1427
3249,1518
3344,1604
3434,1693
3527,1782
3624,1868
3710,1958
3798,2045
3890,2132
3979,2222
4066,2308
4156,2395
4249,2484
4341,2574
4438,2661
4527,2755
4627,2842
4720,2931
4812,3027
4905,3116
5002,3207
5096,3302
5193,3395
5289,3486
5382,3581
5481,3672
5578,3764
5675,3859
5770,3947
5867,4041
5963,4134
6062,4223
6159,4320
6259,4416
6356,4512
6451,4601
6549,4694
6647,4789
6748,4880
6839,4973
6934,5066
7033,5160
7131,5249
7227,5341
7318,5436
7417,5525
7509,5617
7606,5709
7702,5796
7796,5888
7889,5979
7985,6069
8074,6163
8164,6250
8256,6340
8351,6432
8443,6522
8535,6615
8628,6707
8723,6800
8819,6891
8912,6985
9011,7077
9104,7171
9195,7263
9294,7356
9386,7447
9483,7541
9577,7636
9674,7728
9767,7823
9861,7914
9963,8009
10055,8101
10148,8193
10247,8284
10341,8378
10436,8475
10534,8568
10632,8661
10724,8754
10821,8845
10919,8937
11015,9029
11108,9122
11202,9213
11296,9307
11393,9397
11487,9485
11581,9576
11676,9667
11773,9758
11868,9847
11963,9936
12056,10024
12143,10114
12235,10204
12330,10297
12422,10383
12518,10477
12611,10569
12705,10659
12801,10751
12899,10844
12997,10937
13095,11030
13192,11124
13292,11215
13391,11311
13491,11407
13588,11500
13685,11597
13787,11693
13890,11790
13986,11887
14087,11983
14189,12081
14290,12177
14392,12268
14493,12368
14590,12465
14692,12563
14792,12663
14890,12760
14991,12860
15095,12958
15192,13057
15293,13153
15390,13251
15491,13347
15587,13444
15685,13539
15785,13634
15880,13728
15979,13824
16075,13919
16170,14020
16258,14111
16357,14208
71,14301
167,14395
261,14486
356,14578
452,14676
548,14773
643,14867
739,14963
836,15055
933,15153
1031,15253
1128,15346
1224,15444
1322,15537
1421,15632
1517,15726
1611,15824
1709,15921
1808,16016
1905,16114
2000,16210
2098,16298
2194,11
2291,106
2391,198
2486,294
2583,390
2680,484
2772,579
2866,674
2965,768
3063,859
3157,951
3251,1042
3343,1132
3442,1222
3536,1311
3627,1403
3721,1493
3815,1583
3906,1671
3992,1761
4085,1851
4179,1938
4273,2024
4370,2115
4462,2204
4553,2290
4652,2383
4748,2472
4839,2560
4935,2651
5035,2742
5130,2833
5226,2920
5325,3009
5420,3103
5518,3197
5618,3293
5719,3385
5815,3476
5912,3569
6011,3663
6107,3759
6206,3852
6304,3945
6400,4035
6499,4128
6595,4226
6694,4322
6790,4421
6887,4511
6988,4609
7085,4703
7180,4799
7275,4893
7370,4989
7469,5084
7563,5180
7656,5275
7750,5366
7844,5459
7938,5556
8030,5648
8120,5743
8211,5835
8304,5933
8397,6023
8490,6115
8584,6209
8676,6301
8772,6396
8865,6488
8957,6582
9052,6676
9149,6768
9242,6863
9339,6957
9434,7056
9526,7149
9622,7244
9718,7336
9814,7431
9906,7525
10001,7623
10100,7717
10194,7809
10289,7907
10388,7999
10481,8095
10574,8189
10666,8285
10766,8375
10857,8471
10953,8561
11047,8658
11140,8754
11228,8848
11323,8939
11416,9031
11509,9121
11604,9214
11696,9309
11788,9399
11882,9485
11972,9575
12066,9665
12154,9754
12240,9843
12334,9929
12427,10017
12517,10106
12611,10191
12702,10282
12798,10369
12888,10455
12985,10543
13077,10632
13175,10718
13270,10806
13368,10894
13460,10983
13556,11074
13652,11166
13748,11253
13848,11342
13946,11431
14038,11520
14136,11611
14236,11704
14335,11793
14426,11886
14525,11979
14625,12068
14719,12156
14815,12246
14911,12336
15010,12429
15105,12524
15204,12616
15298,12708
15394,12802
15489,12895
15582,12987
15679,13081
15771,13171
15864,13264
15956,13355
16052,13447
16146,13536
16232,13630
16323,13717
30,13810
126,13899
219,13988
310,14079
405,14171
495,14259
590,14350
684,14439
773,14530
870,14618
962,14707
1055,14799
1150,14888
1247,14978
1338,15068
1429,15158
1524,15254
1618,15345
1713,15435
1809,15526
1904,15622
1997,15714
2092,15808
2181,15898
2277,15993
2370,16088
2467,16179
2560,16270
2652,16363
2749,72
2842,164
2934,259
3030,354
3121,441
3213,537
3301,630
3394,720
3486,810
3580,904
3670,995
3761,1088
3850,1178
3941,1269
4031,1359
4120,1447
4211,1539
4302,1630
4394,1718
4487,1803
4579,1893
4673,1981
4765,2070
4861,2157
4952,2245
5044,2333
5142,2421
5241,2510
5334,2598
5430,2681
5528,2773
5625,2867
5721,2957
5815,3045
5913,3136
6009,3225
6105,3316
6205,3406
6300,3498
6397,3592
6495,3683
6588,3778
6685,3870
6787,3957
6884,4046
6981,4140
7075,4231
7170,4325
7268,4420
7365,4512
7461,4603
7550,4699
7648,4791
7746,4884
7837,4978
7930,5068
8022,5163
8110,5254
8203,5348
8299,5441
8393,5534
8488,5625
8581,5716
8674,5805
8771,5896
8868,5989
8962,6078
9062,6169
9152,6262
9247,6356
9342,6448
9442,6539
9540,6628
9638,6724
9730,6817
9826,6911
9924,7005
10026,7097
10120,7192
10219,7289
10314,7383
10411,7478
10510,7574
10609,7668
10706,7764
10799,7861
10888,7957
10988,8049
11087,8144
11180,8242
11276,8338
11375,8433
11468,8530
11563,8626
11661,8720
11753,8817
11849,8912
11948,9007
12038,9103
12131,9196
12219,9294
12310,9385
12406,9480
12498,9570
12593,9667
12691,9757
12785,9845
12881,9942
12979,10031
13077,10123
13176,10213
13274,10304
13371,10393
13471,10488
13568,10577
13665,10670
13766,10758
13865,10849
13968,10941
14064,11038
14166,11127
14265,11216
14362,11310
14465,11402
14564,11495
14665,11591
14761,11683
14860,11776
14959,11870
15057,11965
15157,12056
15256,12148
15360,12238
15450,12331
15549,12424
15641,12521
15739,12615
15836,12710
15931,12803
16025,12899
16125,12995
16214,13090
16308,13181
16,13274
109,13368
205,13463
300,13554
393,13645
483,13737
580,13831
677,13922
771,14013
867,14103
958,14195
1053,14286
1149,14379
1243,14471
1340,14563
1436,14654
1527,14747
1625,14837
1719,14929
1815,15022
1909,15113
2004,15203
2100,15298
2195,15394
2291,15485
2383,15578
2482,15672
2575,15770
2667,15866
2759,15958
2854,16053
2952,16151
3044,16242
3137,16333
3231,45
3323,139
3418,237
3511,332
3603,428
3694,520
3788,612
3880,706
3965,804
4055,894
4147,987
4239,1083
4334,1172
4427,1264
4521,1358
4612,1449
4708,1540
4805,1630
4899,1722
4996,1811
5092,1901
5190,1988
5284,2075
5382,2166
5477,2256
5573,2342
5671,2434
5770,2522
5869,2611
5968,2701
6066,2793
6161,2885
6258,2972
6354,3063
6453,3153
6553,3243
6651,3334
6748,3427
6841,3520
6945,3609
7038,3702
7133,3798
7230,3888
7325,3975
7421,4064
7518,4159
7613,4251
7709,4342
7800,4435
7896,4529
7988,4620
8077,4716
8170,4808
8262,4899
8358,4993
8449,5083
8541,5176
8632,5268
8726,5360
8823,5450
8915,5542
9009,5634
9104,5723
9197,5813
9288,5904
9384,5994
9477,6083
9571,6176
9664,6267
9761,6359
9856,6448
9954,6539
10050,6627
10142,6721
10237,6811
10329,6903
10424,6993
10521,7085
10617,7179
10709,7273
10805,7368
10898,7460
10991,7554
11082,7649
11173,7744
11267,7837
11360,7927
11453,8022
11545,8114
11637,8209
11730,8304
11824,8396
11916,8487
12004,8584
12095,8676
12182,8774
12273,8865
12366,8957
12456,9050
12549,9143
12643,9237
12733,9330
12830,9422
12927,9512
13019,9603
13114,9693
13211,9785
13302,9875
13400,9962
13496,10053
13591,10146
13686,10232
13780,10318
13879,10406
13975,10496
14075,10585
14173,10677
14273,10764
14364,10851
14466,10941
14562,11033
14661,11125
14761,11216
14858,11304
14955,11396
15054,11483
15150,11579
15244,11667
15341,11762
15439,11853
15529,11948
15628,12040
15726,12132
15822,12222
15917,12313
16009,12405
16105,12496
16193,12593
16286,12687
16377,12781
84,12877
180,12970
276,13062
367,13155
461,13246
556,13341
649,13437
740,13524
836,13615
934,13709
1032,13800
1127,13889
1219,13981
1312,14073
1412,14165
1511,14258
1603,14347
1698,14436
1789,14529
1886,14620
1984,14715
2077,14805
2174,14897
2267,14992
2367,15082
2463,15174
2555,15268
2651,15359
2749,15456
2845,15548
2939,15640
3033,15736
3129,15831
3223,15925
3318,16020
3408,16114
3507,16210
3600,16302
3696,13
3788,108
3879,205
3970,298
4062,392
4154,490
4249,583
4345,677
4439,776
4536,868
4631,963
4728,1056
4822,1150
4917,1241
5016,1333
5117,1428
5215,1516
5318,1610
5415,1700
5515,1790
5612,1883
5710,1976
5811,2070
5910,2158
6013,2251
6113,2340
6213,2431
6316,2523
6416,2615
6518,2711
6618,2800
6718,2895
6819,2988
6918,3081
7016,3174
7118,3270
7216,3364
7313,3457
7411,3556
7511,3646
7610,3741
7707,3838
7806,3931
7904,4025
7998,4121
8090,4212
8189,4309
8281,4405
8378,4504
8474,4599
8566,4697
8666,4792
8765,4888
8858,4982
8957,5073
9056,5169
9151,5268
9247,5360
9347,5453
9448,5546
9546,5638
9641,5732
9739,5822
9839,5916
9939,6008
10036,6104
10131,6197
10232,6288
10328,6377
10421,6470
10516,6563
10616,6657
10713,6750
10812,6843
10905,6936
11003,7031
11099,7121
11192,7215
11283,7310
11379,7405
11476,7503
11573,7597
11661,7691
11759,7785
11849,7882
11944,7976
12037,8066
12125,8159
12214,8259
12306,8350
12397,8443
12486,8541
12580,8636
12675,8731
12770,8823
12863,8915
12959,9010
13054,9102
13145,9195
13239,9288
13333,9379
13429,9470
13526,9559
13621,9648
13716,9745
13812,9833
13909,9921
14002,10011
14100,10097
14201,10187
14294,10280
14393,10367
14490,10457
14585,10547
14684,10637
14780,10723
14878,10810
14970,10900
15069,10990
15163,11076
15263,11169
15358,11261
15449,11349
15544,11443
15636,11535
15736,11625
15831,11715
15923,11809
16015,11901
16107,11994
16199,12085
16288,12177
16378,12265
93,12358
182,12450
272,12542
367,12637
462,12730
558,12822
648,12914
742,13004
836,13096
932,13188
1028,13280
1121,13370
1216,13463
1311,13549
1402,13640
1498,13732
1593,13824
1687,13911
1786,14001
1879,14089
1973,14176
2064,14265
2161,14354
2258,14443
2352,14534
2447,14625
2544,14711
2636,14801
2727,14892
2820,14981
2917,15072
3010,15164
3102,15255
3194,15348
3289,15436
3384,15527
3474,15616
3566,15707
3656,15800
3751,15896
3840,15987
3927,16080
4009,16173
4102,16261
4193,16352
4288,62
4380,156
4470,247
4561,340
4650,430
4747,525
4843,620
4932,709
5030,799
5118,893
5212,983
5308,1073
5399,1162
5493,1254
5586,1342
5686,1432
5783,1521
5876,1610
5973,1698
6070,1786
6162,1874
6258,1963
6353,2053
6449,2133
6542,2222
6641,2312
6738,2403
6833,2491
6930,2578
7024,2667
7118,2754
7206,2844
7304,2935
7393,3022
7484,3112
7584,3202
7675,3293
7766,3383
7858,3472
7950,3567
8037,3657
8129,3748
8221,3838
8309,3928
8400,4018
8491,4106
8583,4198
8680,4289
8770,4380
8868,4473
8959,4564
9049,4653
9145,4748
9235,4839
9334,4927
9424,5021
9515,5112
9612,5198
9706,5288
9800,5377
9897,5467
9991,5556
10084,5646
10176,5739
10270,5822
10363,5911
10460,6001
10552,6093
10648,6181
10742,6269
10835,6359
10929,6450
11024,6539
11113,6630
11207,6718
11301,6812
11392,6903
11487,6991
11579,7085
11672,7179
11757,7273
11854,7365
11948,7461
12040,7555
12126,7649
12214,7743
12302,7839
12396,7933
12487,8027
12578,8117
12674,8208
12763,8308
12860,8404
12952,8494
13049,8590
13141,8684
13236,8782
13333,8871
13425,8966
13518,9061
13620,9154
13718,9248
13810,9340
13909,9429
14005,9520
14102,9612
14199,9702
14296,9796
14394,9885
14486,9971
14582,10059
14682,10150
14781,10239
14872,10331
14970,10422
15065,10508
15168,10597
15261,10682
15356,10773
15452,10864
15545,10954
15642,11044
15736,11130
15829,11221
15926,11311
16018,11401
16114,11492
16203,11582
16291,11676
1,11774
92,11865
189,11955
281,12046
374,12136
464,12226
564,12320
658,12413
753,12507
846,12598
943,12691
1034,12781
1133,12873
1227,12968
1325,13061
1420,13151
1516,13241
1610,13336
1706,13426
1804,13512
1905,13607
2001,13698
2099,13790
2195,13880
2295,13971
2392,14061
2486,14151
2584,14243
2684,14335
2782,14425
2880,14515
2977,14609
3071,14703
3166,14793
3262,14887
3358,14988
3453,15082
3552,15178
3647,15272
3743,15368
3841,15468
3933,15560
4026,15656
4119,15758
4213,15853
4309,15957
4406,16057
4504,16155
4601,16249
4698,16348
4794,60
4893,158
4993,256
5091,353
5190,453
5291,552
5390,649
5488,746
5587,842
5691,936
5788,1034
5888,1132
5987,1224
6086,1317
6188,1409
6284,1503
6384,1594
6483,1689
6584,1778
6681,1872
6786,1963
6882,2054
6977,2144
7077,2236
7169,2326
7270,2417
7363,2504
7464,2592
7557,2681
7654,2772
7748,2865
7843,2962
7934,3051
8029,3143
8117,3235
8213,3327
8304,3418
8397,3512
8490,3602
8583,3697
8674,3789
8772,3882
8867,3970
8965,4060
9056,4155
9152,4247
9249,4338
9343,4431
9436,4522
9533,4617
9628,4706
9724,4799
9815,4889
9915,4984
10010,5076
10106,5167
10202,5256
10296,5345
10395,5433
10489,5528
10588,5616
10679,5705
10774,5794
10870,5881
10967,5975
11062,6065
11158,6154
11253,6243
11347,6334
11438,6425
11534,6515
11632,6605
11726,6696
11818,6788
11912,6882
12007,6972
12099,7067
12190,7162
12281,7254
12377,7348
12468,7440
12560,7534
12657,7634
12754,7726
12846,7824
12948,7919
13044,8010
13136,8102
13233,8198
13334,8295
13432,8387
13531,8481
13625,8576
13727,8671
13823,8767
13923,8860
14023,8951
14121,9047
14217,9136
14315,9228
14415,9321
14514,9414
14616,9505
14715,9592
14810,9685
14908,9780
15006,9870
15104,9957
15201,10053
15297,10137
15394,10225
15489,10316
15587,10405
15682,10492
15778,10579
15878,10671
15968,10760
16064,10851
16154,10944
16249,11035
16339,11122
46,11213
139,11305
232,11394
326,11489
423,11580
517,11674
611,11768
704,11859
796,11953
890,12044
985,12134
1083,12225
1174,12316
1270,12410
1365,12503
1457,12596
1554,12692
1653,12783
1745,12877
1841,12968
1936,13063
2032,13155
2128,13250
2224,13341
2319,13435
2414,13527
2512,13615
2606,13709
2699,13800
2795,13893
2887,13983
2982,14075
3075,14164
3166,14256
3261,14347
3352,14437
3445,14527
3534,14617
3630,14713
3725,14803
3816,14892
3907,14986
3991,15078
4084,15173
4177,15267
4265,15362
4359,15456
4452,15548
4543,15643
4638,15735
4728,15825
4824,15926
4921,16019
5013,16112
5106,16206
5204,16296
5298,4
5391,99
5487,195
5584,290
5678,380
5777,475
5875,569
5969,666
6062,757
6159,848
6257,938
6357,1030
6450,1120
6547,1208
6642,1298
6739,1391
6836,1479
6926,1569
7024,1655
7119,1747
7216,1836
7310,1923
7403,2012
7494,2103
7590,2187
7686,2275
7777,2365
7871,2455
7968,2542
8057,2633
8146,2722
8238,2814
8330,2904
8426,2994
8518,3087
8611,3177
8705,3268
8797,3361
8893,3453
8986,3543
9081,3636
9178,3728
9272,3820
9370,3912
9467,4000
9559,4085
9652,4180
9748,4275
9846,4370
9940,4461
10037,4553
10130,4644
10226,4739
10320,4831
10415,4921
10513,5013
10607,5108
10706,5199
10800,5295
10895,5385
10988,5472
11085,5561
11179,5652
11275,5745
11364,5838
11458,5928
11552,6016
11646,6106
11738,6196
11830,6289
11921,6379
12013,6471
12106,6562
12194,6656
12282,6748
12372,6843
12466,6934
12560,7028
12652,7123
12745,7217
12839,7309
12931,7408
13024,7500
13117,7599
13213,7692
13310,7787
13401,7884
13498,7977
13595,8068
13691,8164
13789,8259
13886,8352
13980,8447
14077,8542
14178,8640
14274,8734
14372,8828
14470,8920
14566,9016
14663,9109
14761,9201
14862,9297
14959,9386
15059,9481
15155,9570
15255,9663
15352,9753
15448,9844
15543,9934
15637,10024
15735,10113
15830,10202
15931,10293
16022,10383
16123,10472
16213,10565
16303,10654
11,10749
106,10839
198,10930
299,11022
395,11114
489,11209
585,11306
682,11394
781,11489
880,11583
975,11678
1071,11772
1165,11869
1264,11963
1361,12056
1462,12146
1560,12237
1659,12331
1752,12427
1851,12522
1949,12617
2050,12712
2146,12808
2244,12900
2341,12995
2439,13089
2537,13184
2633,13276
2726,13371
2825,13463
2918,13557
3013,13647
3113,13744
3204,13836
3301,13924
3396,14018
3489,14108
3584,14198
3682,14290
3774,14383
3865,14474
3953,14566
4046,14658
4139,14751
4229,14839
4323,14935
4415,15024
4510,15119
4606,15212
4699,15308
4795,15400
4894,15494
4984,15588
5080,15683
5175,15776
5270,15871
5366,15965
5466,16057
5558,16154
5656,16245
5750,16338
5847,48
5944,139
6042,231
6140,327
6236,420
6332,514
6432,605
6524,696
6622,787
6719,877
6814,970
6908,1060
7006,1151
7103,1240
7197,1332
7294,1422
7389,1508
7481,1597
7577,1689
7669,1776
7759,1861
7858,1951
7950,2042
8040,2128
8128,2217
8221,2303
8316,2392
8408,2482
8501,2567
8595,2656
8690,2746
8785,2837
8877,2925
8972,3019
9065,3110
9158,3199
9252,3292
9349,3383
9444,3474
9536,3570
9630,3660
9729,3751
9823,3845
9919,3934
10014,4023
10108,4116
10206,4205
10300,4302
10398,4395
10493,4489
10587,4578
10681,4671
10775,4766
10868,4856
10965,4949
11061,5038
11157,5135
11248,5225
11342,5313
11433,5402
11526,5494
11620,5585
11714,5674
11807,5768
11898,5855
11992,5947
12081,6037
12166,6126
12256,6213
12346,6303
12440,6391
12532,6483
12627,6573
12719,6664
12812,6753
12904,6848
12998,6940
13091,7030
13185,7123
13280,7216
13373,7311
13472,7402
13566,7492
13659,7588
13756,7683
13854,7774
13951,7868
14043,7960
14139,8051
14235,8143
14329,8235
14426,8327
14521,8421
14617,8514
14715,8606
14812,8696
14905,8789
15001,8878
15097,8971
15191,9062
15287,9155
15383,9244
15477,9332
15571,9423
15665,9511
15762,9600
15853,9692
15945,9780
16039,9868
16131,9957
16221,10042
16309,10130
16,10216
106,10304
200,10392
294,10483
386,10571
476,10657
573,10744
669,10833
764,10924
856,11012
950,11103
1046,11197
1141,11288
1234,11381
1324,11472
1421,11564
1519,11652
1615,11749
1709,11842
1804,11935
1897,12028
1993,12116
2089,12203
2181,12299
2280,12391
2376,12487
2473,12579
2567,12674
2658,12767
2754,12864
2849,12954
2942,13051
3035,13146
3130,13237
3227,13332
3319,13424
3413,13517
3505,13608
3600,13699
3689,13794
3779,13886
3872,13977
3959,14068
4052,14159
4142,14249
4238,14340
4326,14433
4417,14526
4514,14618
4606,14709
4699,14804
4794,14895
4887,14986
4981,15082
5079,15177
5172,15267
5267,15361
5366,15457
5464,15550
5560,15643
5658,15739
5756,15834
5853,15929
5949,16023
6044,16118
6142,16212
6241,16304
6336,13
6434,107
6531,201
6628,297
6725,388
6822,486
6917,574
7017,671
7114,762
7209,855
7305,948
7398,1042
7495,1133
7590,1223
7680,1313
7774,1405
7873,1496
7967,1584
8059,1673
8147,1762
8243,1850
8332,1938
8427,2029
8519,2119
8613,2206
8710,2294
8807,2383
8900,2470
8993,2560
9092,2649
9184,2745
9284,2834
9376,2924
9472,3014
9567,3105
9666,3195
9760,3288
9856,3385
9954,3483
10052,3574
10148,3668
10249,3759
10346,3855
10447,3944
10539,4039
10638,4136
10733,4232
10829,4324
10927,4421
11024,4520
11119,4614
11217,4709
11310,4807
11407,4902
11507,5000
11599,5097
11695,5189
11790,5288
11888,5386
11982,5478
12076,5573
12164,5670
12257,5763
12351,5857
12444,5952
12541,6045
12635,6140
12733,6236
12829,6330
12929,6421
13023,6518
13118,6614
13217,6708
13317,6806
13414,6902
13512,7001
13610,7099
13711,7197
13809,7294
13909,7390
14010,7487
14108,7587
14208,7686
14311,7785
14409,7885
14506,7981
14610,8077
14707,8172
14812,8274
14906,8367
15007,8469
15104,8563
15203,8662
15299,8760
15399,8852
15497,8952
15590,9048
15691,9141
15789,9237
15890,9333
15986,9425
16078,9517
16177,9609
16269,9704
16361,9795
70,9888
166,9978
261,10069
356,10160
449,10247
552,10337
647,10429
741,10519
841,10612
936,10701
1035,10794
1132,10882
1225,10971
1325,11064
1418,11153
1516,11246
1614,11337
1710,11428
1808,11524
1903,11613
1996,11705
2095,11798
2195,11893
2292,11983
2389,12075
2483,12165
2579,12253
2674,12347
2772,12438
2865,12536
2958,12627
3049,12720
3147,12814
3242,12908
3337,13001
3427,13093
3521,13185
3619,13277
3711,13371
3802,13461
3892,13551
3980,13642
4071,13734
4158,13824
4250,13914
4341,14004
4439,14096
4527,14184
4622,14272
4718,14364
4811,14452
4901,14542
4996,14633
5092,14725
5184,14814
5280,14909
5373,15000
5470,15093
5569,15186
5663,15278
5760,15371
5854,15464
5951,15559
6048,15653
6143,15747
6239,15842
6339,15935
6436,16032
6533,16124
6629,16215
6723,16314
6819,23
6911,118
7010,212
7102,307
7201,402
7292,498
7389,593
7481,689
7582,781
7675,875
7765,967
7857,1059
7948,1151
8040,1244
8131,1333
8223,1426
8313,1518
8408,1609
8502,1699
8592,1787
8689,1879
8783,1965
8877,2058
8966,2145
9062,2234
9156,2321
9253,2410
9348,2497
9445,2585
9536,2672
9630,2760
9725,2850
9821,2942
9917,3029
10015,3114
10107,3207
10203,3296
10299,3385
10394,3476
10487,3567
10582,3657
10678,3750
10772,3839
10870,3928
10960,4014
11054,4103
11151,4195
11241,4282
11336,4374
11431,4463
11521,4555
11612,4648
11702,4737
11795,4824
11886,4917
11975,5004
12069,5092
12154,5180
12243,5268
12332,5359
12419,5443
12509,5532
12601,5621
12691,5708
12784,5794
12875,5881
12970,5970
13058,6055
13152,6144
13242,6231
13335,6316
13431,6406
13525,6492
13619,6584
13715,6672
13806,6761
13899,6851
13994,6940
14088,7031
14179,7123
14276,7211
14373,7301
14466,7395
14557,7487
14651,7581
14744,7672
14843,7764
14938,7856
15033,7949
15125,8044
15221,8134
15314,8226
15406,8317
15501,8411
15593,8506
15684,8602
15777,8694
15870,8787
15967,8877
16057,8972
16146,9061
16237,9153
16324,9248
29,9337
122,9430
212,9519
308,9602
400,9693
490,9782
583,9869
674,9957
768,10047
861,10134
955,10222
1050,10310
1143,10398
1241,10486
1336,10574
1430,10663
1522,10751
1615,10839
1711,10928
1806,11018
1904,11103
1998,11194
2096,11282
2186,11373
2286,11466
2383,11558
2477,11646
2575,11739
2667,11829
2759,11922
2854,12014
2948,12104
3043,12192
3137,12281
3228,12376
3322,12466
3415,12556
3505,12649
3600,12743
3692,12836
3783,12926
3873,13017
3960,13112
4049,13202
4139,13295
4229,13383
4323,13472
4417,13564
4509,13652
4601,13742
4697,13831
4787,13919
4884,14008
4974,14096
5070,14187
5165,14275
5256,14367
5354,14452
5451,14544
5546,14634
5640,14722
5738,14812
5837,14901
5933,14993
6029,15084
6122,15175
6212,15270
6315,15360
6412,15455
6509,15546
6608,15641
6700,15735
6799,15830
6899,15923
6993,16021
7092,16116
7183,16211
7282,16304
7377,16
7470,110
7564,205
7662,301
7756,397
7850,494
7945,594
8036,687
8130,783
8222,875
8316,973
8411,1069
8510,1161
8603,1255
8699,1344
8796,1439
8889,1530
8989,1622
9085,1716
9179,1806
9276,1898
9377,1988
9470,2079
9569,2166
9666,2259
9769,2349
9863,2438
9962,2529
10057,2621
10158,2714
10260,2803
10356,2896
10452,2987
10549,3079
10649,3169
10746,3264
10846,3358
10945,3454
11042,3547
11136,3644
11236,3737
11332,3830
11427,3921
11519,4013
11613,4104
11710,4202
11807,4293
11902,4391
11995,4486
12086,4582
12177,4677
12266,4768
12363,4860
12455,4951
12547,5043
12644,5141
12739,5232
12830,5322
12925,5414
13019,5506
13115,5596
13210,5687
13306,5777
13400,5865
13495,5957
13593,6047
13689,6137
13790,6225
13882,6313
13978,6404
14076,6495
14170,6586
14268,6673
14367,6769
14459,6859
14557,6950
14651,7044
14751,7133
14845,7226
14941,7320
15035,7414
15131,7507
15229,7603
15325,7699
15418,7795
15511,7892
15609,7986
15702,8079
15797,8172
15892,8269
15986,8363
16075,8458
16168,8555
16259,8648
16353,8744
59,8839
152,8931
246,9025
340,9119
432,9210
522,9308
616,9397
714,9486
809,9576
904,9666
994,9756
1092,9845
1187,9937
1286,10025
1381,10118
1477,10204
1575,10292
1664,10380
1759,10471
1855,10561
1956,10649
2055,10737
2149,10825
2245,10913
2342,11006
2438,11095
2535,11186
2630,11275
2725,11368
2820,11455
2915,11550
3010,11640
3105,11736
3200,11830
3295,11922
3386,12017
3481,12105
3575,12196
3665,12284
3756,12379
3851,12472
3942,12569
4032,12660
4122,12753
4213,12846
4307,12939
4398,13030
4492,13123
4582,13214
4679,13306
4771,13396
4869,13487
4963,13578
5054,13668
5152,13756
5245,13845
5341,13935
5437,14021
5529,14108
5625,14197
5722,14283
5816,14371
5909,14457
6012,14547
6106,14633
6204,14721
6300,14809
6393,14897
6489,14988
6586,15077
6679,15167
6776,15257
6872,15347
6965,15437
7064,15529
7153,15620
7248,15712
7344,15805
7439,15898
7533,15991
7625,16085
7714,16175
7810,16267
7903,16358
7993,72
8078,163
8174,257
8265,352
8354,443
8448,539
8540,629
8633,722
8728,815
8821,907
8914,999
9009,1088
9100,1180
9198,1271
9289,1360
9385,1449
9474,1540
9573,1629
9668,1716
9763,1803
9859,1894
9954,1982
10052,2069
10146,2157
10239,2243
10332,2331
10429,2420
10526,2508
10625,2597
10718,2688
10811,2774
10907,2863
11004,2953
11098,3045
11191,3136
11286,3231
11381,3319
11474,3412
11567,3504
11659,3596
11753,3692
11846,3783
11933,3878
12027,3966
12113,4058
12203,4152
12293,4246
12389,4340
12480,4434
12576,4529
12669,4625
12760,4718
12852,4811
12945,4906
13038,4998
13133,5089
13224,5184
13319,5278
13417,5371
13512,5464
13604,5552
13702,5644
13800,5735
13896,5829
13990,5921
14085,6013
14181,6102
14280,6191
14374,6283
14469,6375
14566,6465
14658,6557
14757,6647
14858,6739
14954,6829
15046,6923
15141,7015
15238,7106
15333,7199
15427,7295
15525,7388
15619,7482
15713,7575
15806,7673
15899,7768
15995,7862
16089,7958
16181,8051
16270,8143
16362,8240
71,8336
167,8430
259,8527
353,8624
449,8720
541,8815
633,8910
727,9008
823,9101
917,9195
1015,9284
1113,9381
1206,9471
1305,9562
1399,9653
1497,9746
1594,9836
1690,9932
1787,10019
1885,10104
1982,10199
2080,10287
2177,10377
2277,10466
2372,10556
2465,10648
2562,10737
2657,10825
2757,10914
2854,11005
2951,11097
3046,11186
3141,11278
3236,11370
3330,11464
3428,11556
3520,11648
3617,11740
3708,11838
3804,11928
3896,12022
3984,12114
4076,12202
4168,12298
4263,12390
4355,12488
4451,12582
4548,12678
4638,12772
4735,12866
4833,12960
4931,13055
5029,13149
5120,13244
5216,13336
5312,13432
5409,13521
5505,13617
5602,13709
5701,13801
5798,13893
5898,13988
5992,14077
6093,14168
6193,14262
6291,14353
6390,14446
6489,14538
6587,14630
6683,14720
6780,14812
6876,14906
6974,15000
7072,15092
7169,15185
7267,15282
7365,15375
7463,15469
7560,15568
7657,15666
7753,15763
7845,15858
7938,15952
8032,16050
8126,16148
8217,16240
8314,16338
8408,49
8504,147
8598,247
8696,345
8791,441
8889,538
8986,638
9083,732
9179,828
9273,922
9367,1018
9465,1114
9562,1208
9662,1299
9756,1395
9856,1486
9949,1576
10053,1668
10150,1761
10248,1851
10341,1941
10440,2032
10534,2122
10630,2209
10727,2300
10824,2390
10920,2478
11011,2564
11107,2653
11201,2742
11294,2833
11389,2924
11482,3013
11577,3100
11667,3191
11758,3280
11853,3371
11944,3462
12032,3549
12121,3644
12209,3730
12299,3819
12387,3908
12478,3994
12567,4083
12661,4175
12754,4266
12845,4353
12934,4445
13023,4535
13117,4622
13213,4710
13305,4804
13400,4893
13492,4980
13582,5070
13676,5160
13773,5245
13865,5335
13960,5421
14051,5506
14146,5594
14240,5680
14332,5765
14430,5849
14523,5936
14617,6021
14713,6110
14808,6195
14901,6284
14995,6369
15088,6455
15182,6543
15277,6633
15368,6721
15460,6809
15553,6896
15648,6989
15742,7079
15832,7167
15924,7256
16018,7349
16111,7441
16198,7531
16285,7624
16376,7718
88,7807
179,7901
267,7995
360,8085
454,8179
546,8273
639,8365
734,8454
826,8550
919,8642
1016,8739
1110,8831
1203,8923
1297,9014
1392,9108
1488,9201
1583,9293
1676,9384
1774,9474
1866,9565
1962,9655
2058,9744
2153,9833
2252,9926
2348,10011
2440,10101
2537,10189
2630,10278
2725,10364
2821,10456
2911,10542
3005,10632
3099,10720
3191,10807
3286,10897
3381,10985
3473,11072
3563,11164
3656,11253
3748,11341
3838,11433
3927,11521
4013,11610
4105,11700
4195,11795
4284,11888
4376,11979
4470,12067
4562,12151
4654,12238
4747,12329
4842,12419
4936,12511
5024,12601
5120,12693
5215,12783
5306,12868
5401,12958
5494,13047
5589,13134
5682,13222
5781,13309
5874,13400
5968,13486
6067,13573
6160,13660
6253,13748
6352,13835
6445,13920
6537,14004
6631,14093
6729,14177
6822,14263
6918,14349
7010,14436
7102,14520
7200,14607
7294,14694
7386,14781
7479,14867
7569,14955
7662,15044
7754,15136
7847,15224
7942,15314
8030,15406
8115,15497
8205,15587
8302,15680
8391,15771
8483,15865
8577,15956
8670,16047
8763,16141
8856,16231
8948,16321
9042,31
9139,124
9231,215
9325,308
9420,400
9516,492
9612,585
9709,681
9805,772
9899,863
9994,955
10087,1045
10184,1138
10283,1226
10376,1316
10476,1408
10568,1499
10665,1586
10759,1672
10854,1763
10948,1849
11044,1939
11141,2029
11235,2118
11329,2206
11422,2297
11516,2382
11610,2472
11704,2564
11794,2654
11888,2743
11978,2831
12075,2923
12161,3017
12248,3108
12341,3198
12434,3291
12525,3384
12619,3480
12716,3573
12810,3665
12900,3757
12996,3851
13091,3942
13186,4032
13278,4126
13373,4221
13473,4317
13566,4408
13663,4502
13758,4593
13856,4686
13955,4781
14052,4874
14149,4963
14246,5056
14344,5147
14443,5237
14537,5330
14637,5424
14735,5509
14827,5603
14925,5692
15026,5782
15122,5871
15224,5957
15317,6046
15412,6139
15513,6229
15609,6317
15704,6406
15801,6497
15898,6585
15995,6679
16089,6769
16182,6863
16274,6954
16365,7045
79,7138
173,7232
269,7327
366,7423
464,7518
559,7610
655,7704
752,7803
849,7901
947,7995
1044,8085
1145,8181
1245,8277
1345,8373
1443,8471
1542,8564
1641,8661
1738,8755
1842,8853
1938,8951
2038,9048
2131,9137
2231,9232
2330,9329
2431,9423
2526,9514
2627,9605
2728,9700
2825,9791
2921,9884
3019,9972
3118,10069
3214,10158
3310,10253
3404,10343
3496,10436
3592,10526
3687,10616
3787,10709
3876,10798
3967,10894
4058,10987
4152,11079
4243,11175
4341,11269
4435,11363
4526,11460
4625,11552
4721,11650
4816,11743
4913,11840
5006,11935
5104,12035
5197,12126
5295,12217
5392,12313
5488,12408
5584,12504
5684,12601
5782,12696
5879,12792
5977,12888
6073,12985
6171,13077
6266,13171
6364,13264
6464,13360
6563,13451
6657,13543
6753,13634
6852,13726
6948,13820
7045,13910
7139,13999
7237,14090
7337,14180
7429,14270
7525,14363
7621,14450
7716,14541
7807,14631
7901,14725
7991,14811
8085,14906
8176,14999
8272,15092
8365,15183
8457,15276
8552,15366
8646,15461
8744,15556
8838,15651
8934,15743
9029,15839
9127,15931
9222,16028
9317,16124
9412,16216
9506,16305
9605,20
9703,116
9802,211
9895,303
9991,397
10088,492
10183,588
10281,681
10378,776
10474,872
10572,960
10667,1055
10766,1145
10858,1242
10953,1332
11052,1419
11144,1510
11239,1600
11332,1692
11430,1782
11519,1870
11611,1964
11706,2049
11797,2138
11888,2224
11983,2316
12074,2405
12163,2493
12251,2583
12341,2672
12433,2764
12526,2854
12619,2948
12711,3039
12801,3130
12895,3219
12988,3310
13078,3405
13170,3499
13266,3589
13360,3681
13458,3775
13549,3869
13641,3960
13739,4049
13835,4141
13930,4238
14025,4331
14123,4426
14214,4518
14310,4607
14404,4703
14502,4795
14598,4887
14693,4978
14789,5071
14883,5164
14978,5255
15076,5346
15171,5433
15264,5522
15358,5614
15451,5705
15550,5793
15644,5881
15738,5970
15829,6060
15927,6149
16018,6238
16115,6327
16203,6415
16293,6505
16382,6595
89,6687
182,6773
279,6866
372,6957
467,7046
557,7143
651,7240
747,7328
841,7421
935,7513
1032,7606
1127,7703
1221,7796
1316,7890
1413,7983
1508,8074
1606,8166
1700,8258
1793,8352
1888,8449
1986,8537
2080,8631
2173,8724
2270,8818
2367,8912
2459,9002
2554,9092
2650,9187
2742,9276
2834,9369
2931,9458
3025,9548
3116,9633
3210,9723
3305,9812
3397,9902
3489,9991
3578,10078
3670,10166
3763,10257
3852,10345
3940,10431
4029,10521
4115,10610
4204,10698
4295,10787
4388,10876
4480,10964
4571,11054
4664,11144
4756,11233
4850,11324
4943,11417
5033,11508
5125,11596
5217,11692
5316,11786
5406,11875
5504,11968
5602,12061
5692,12150
5788,12241
5879,12332
5975,12426
6075,12517
6169,12610
6264,12701
6361,12794
6454,12886
6549,12980
6645,13072
6739,13161
6832,13249
6927,13342
7026,13432
7118,13522
7212,13613
7304,13699
7402,13789
7494,13881
7585,13968
7677,14051
7775,14143
7867,14231
7960,14318
8048,14407
8144,14499
8233,14586
8326,14674
8413,14766
8508,14855
8602,14945
8691,15036
8788,15125
8880,15218
8976,15307
9072,15400
9167,15494
9263,15586
9356,15676
9447,15771
9546,15865
9639,15959
9737,16055
9832,16149
9930,16236
10021,16331
10116,38
10212,133
10309,225
10405,319
10500,414
10595,504
10694,601
10787,695
10884,789
10978,879
11079,972
11168,1064
11259,1156
11351,1244
11447,1333
11546,1426
11639,1518
11727,1604
11822,1695
11915,1782
12007,1872
12097,1960
12185,2049
12276,2141
12367,2232
12463,2320
12554,2412
12650,2500
12742,2587
12836,2677
12929,2769
13023,2861
13119,2954
13214,3048
13307,3140
13405,3232
13503,3324
13599,3421
13693,3512
13793,3607
13890,3701
13988,3794
14088,3888
14188,3979
14285,4071
14382,4167
14481,4259
14581,4355
14678,4450
14778,4545
14875,4636
14973,4734
15072,4830
15170,4921
15264,5015
15366,5106
15462,5199
15563,5290
15657,5383
15752,5475
15850,5567
15946,5656
16042,5753
16141,5841
16236,5931
16326,6022
35,6113
133,6205
227,6298
321,6385
416,6478
514,6569
608,6663
704,6754
803,6848
901,6942
995,7034
1092,7127
1189,7220
1289,7314
1387,7411
1483,7506
1576,7604
1673,7701
1768,7795
1868,7891
1968,7986
2064,8078
2163,8172
2258,8267
2351,8361
2446,8455
2544,8550
2637,8643
2733,8738
2831,8831
2925,8924
3019,9018
3114,9109
3210,9200
3302,9290
3392,9381
3488,9472
3580,9561
3672,9649
3764,9736
3850,9825
3943,9910
4030,10001
4123,10090
4211,10177
4306,10266
4398,10351
4495,10439
4584,10529
4675,10619
4767,10704
4861,10791
4952,10882
5048,10970
5141,11063
5237,11153
5332,11243
5425,11340
5523,11431
5619,11521
5715,11615
5811,11712
5910,11804
6006,11900
6104,11990
6202,12087
6293,12175
6391,12267
6486,12363
6584,12455
6683,12553
6779,12651
6873,12746
6972,12843
7069,12937
7166,13034
7260,13129
7354,13220
7450,13316
7545,13409
7640,13502
7732,13597
7828,13686
7922,13780
8013,13869
8103,13961
8194,14055
8289,14147
8382,14241
8479,14334
8570,14421
8665,14513
8761,14601
8857,14694
8950,14787
9045,14876
9139,14967
9239,15060
9331,15156
9426,15250
9520,15345
9615,15438
9714,15533
9807,15629
9904,15725
10000,15821
10098,15915
10194,16012
10287,16106
10387,16200
10480,16293
10577,0
10676,95
10767,191
10861,286
10960,383
11049,476
11141,569
11237,666
11330,758
11427,852
11517,943
11607,1037
11701,1125
11796,1220
11887,1313
11976,1401
12068,1488
12152,1578
12243,1667
12332,1754
12420,1840
12513,1929
12609,2017
12698,2105
12794,2193
12883,2278
12977,2367
13070,2455
13161,2543
13253,2632
13347,2720
13445,2809
13537,2897
13637,2986
13731,3072
13823,3169
13920,3259
14017,3350
14113,3441
14207,3534
14305,3625
14401,3716
14496,3809
14592,3899
14689,3988
14781,4079
14879,4174
14975,4266
15072,4359
15165,4455
15261,4546
15356,4641
15452,4734
15546,4823
15639,4916
15731,5012
15826,5103
15922,5196
16019,5285
16109,5377
16203,5470
16291,5561
16381,5651
89,5741
182,5829
278,5919
370,6009
463,6098
556,6187
650,6273
746,6364
839,6453
932,6540
1028,6631
1126,6722
1224,6809
1311,6904
1409,6992
1503,7085
1600,7176
1693,7268
1788,7360
1886,7453
1982,7544
2082,7639
2174,7733
2272,7829
2368,7918
2458,8011
2557,8101
2647,8196
2745,8291
2842,8382
2938,8480
3032,8572
3125,8667
3220,8761
3309,8857
3406,8949
3500,9040
3592,9138
3681,9232
3772,9323
3866,9413
3955,9504
4039,9596
4133,9688
4226,9776
4320,9865
4410,9955
4503,10046
4597,10135
4693,10225
4787,10314
4879,10404
4973,10491
5065,10581
5165,10671
5256,10762
5354,10851
5450,10941
5545,11031
5640,11123
5737,11212
5833,11305
5931,11397
6030,11488
6123,11583
6220,11673
6317,11768
6415,11861
6514,11956
6610,12049
6708,12140
6802,12228
6897,12322
7000,12413
7093,12510
7191,12599
7287,12695
7379,12788
7475,12882
7573,12975
7670,13074
7762,13165
7859,13255
7951,13347
8040,13441
8133,13534
8227,13627
8321,13715
8419,13803
8508,13897
8606,13986
8702,14077
8796,14165
8896,14255
8992,14344
9088,14435
9181,14523
9282,14615
9383,14706
9476,14797
9572,14886
9673,14978
9773,15069
9867,15159
9965,15254
10063,15349
10162,15442
10259,15536
10356,15634
10456,15723
10554,15820
10655,15917
10753,16014
10852,16112
10950,16203
11048,16297
11143,11
11242,106
11336,203
11434,299
11530,394
11629,494
11722,590
11819,688
11915,786
12010,881
12099,976
12191,1071
12285,1168
12380,1260
12473,1353
12567,1446
12665,1540
12762,1633
12857,1727
12951,1817
13050,1910
13143,2001
13241,2093
13339,2184
13436,2280
13533,2370
13632,2462
13733,2553
13830,2641
13930,2734
14027,2829
14125,2922
14219,3014
14319,3104
14415,3198
14514,3293
14610,3383
14709,3480
14806,3576
14903,3668
15003,3766
15102,3858
15197,3952
15294,4042
15389,4134
15484,4231
15583,4323
15673,4424
15770,4515
15863,4611
15955,4706
16053,4800
16142,4892
16235,4984
16326,5079
37,5171
128,5263
221,5352
314,5445
408,5535
504,5625
595,5715
691,5803
783,5894
883,5983
976,6073
1073,6162
1167,6251
1263,6342
1358,6430
1453,6518
1548,6611
1643,6699
1741,6788
1836,6880
1933,6975
2028,7063
2121,7152
2221,7244
2317,7338
2412,7431
2505,7522
2600,7617
2696,7710
2796,7804
2889,7901
2984,7995
3078,8083
3175,8176
3269,8270
3361,8365
3451,8458
3547,8556
3641,8652
3735,8745
3825,8841
3916,8936
4000,9028
4092,9122
4185,9218
4278,9311
4369,9401
4461,9493
4557,9581
4648,9675
4742,9766
4836,9855
4931,9946
5026,10035
5121,10125
5216,10214
5310,10301
5405,10391
5502,10481
5594,10570
5692,10663
5790,10749
5887,10841
5982,10931
6073,11015
6172,11107
6265,11198
6362,11289
6462,11378
6558,11472
6650,11565
6748,11653
6844,11749
6937,11842
7033,11932
7126,12027
7218,12115
7313,12204
7403,12293
7495,12389
7592,12480
7684,12575
7777,12667
7867,12754
7958,12849
8048,12941
8133,13032
8224,13124
8314,13212
8408,13302
8502,13390
8592,13482
8682,13572
8775,13656
8869,13749
8961,13833
9054,13921
9146,14011
9237,14095
9329,14181
9422,14272
9517,14359
9611,14445
9707,14530
9799,14617
9897,14706
9988,14792
10078,14878
10176,14965
10273,15053
10366,15145
10461,15232
10552,15320
10647,15405
10741,15500
10833,15594
10924,15685
11020,15776
11114,15868
11208,15958
11300,16048
11397,16144
11488,16236
11577,16326
11670,31
11767,123
11854,218
11947,314
12040,407
12123,497
12210,589
12301,683
12392,775
12483,871
12576,962
12664,1055
12755,1144
12850,1235
12943,1327
13033,1417
13126,1505
13218,1596
13311,1684
13408,1775
13505,1864
13597,1951
13691,2036
13788,2125
13884,2215
13980,2302
14073,2391
14166,2476
14262,2566
14358,2657
14454,2745
14551,2832
14646,2923
14738,3012
14833,3103
14927,3191
15022,3282
15115,3371
15206,3464
15301,3558
15395,3648
15486,3739
15581,3829
15672,3916
15766,4008
15860,4097
15951,4190
16041,4282
16134,4371
16221,4464
16310,4559
17,4650
106,4740
197,4830
288,4924
380,5013
468,5101
560,5193
653,5284
749,5374
840,5461
937,5549
1024,5636
1120,5727
1217,5816
1311,5906
1404,5993
1498,6079
1595,6170
1687,6256
1781,6344
1878,6433
1976,6519
2072,6612
2163,6696
2260,6789
2357,6878
2454,6969
2547,7062
2643,7153
2738,7246
2834,7339
2928,7434
3023,7529
3117,7624
3209,7720
3308,7815
3399,7911
3499,8006
3592,8100
3685,8194
3778,8291
3869,8389
3960,8483
4051,8576
4143,8676
4240,8769
4330,8866
4422,8963
4516,9056
4611,9152
4708,9248
4804,9342
4902,9435
4995,9527
5092,9620
5195,9714
5290,9804
5385,9896
5484,9988
5583,10080
5682,10170
5779,10260
5879,10350
5975,10443
6072,10533
6169,10623
6268,10712
6368,10803
6467,10897
6563,10988
6661,11078
6759,11169
6856,11262
6960,11356
7052,11448
7149,11542
7249,11638
7341,11731
7438,11824
7532,11919
7629,12014
7727,12105
7820,12195
7914,12289
8012,12387
8102,12479
8196,12573
8290,12668
8382,12761
8476,12855
8576,12948
8672,13040
8765,13132
8863,13225
8960,13317
9055,13410
9150,13503
9252,13593
9349,13682
9446,13771
9543,13863
9641,13949
9737,14038
9835,14126
9934,14217
10033,14305
10130,14392
10224,14482
10323,14571
10421,14657
10520,14748
10618,14841
10713,14932
10807,15022
10908,15114
11005,15202
11102,15296
11199,15389
11293,15481
11392,15576
11486,15667
11580,15763
11674,15858
11770,15952
11865,16044
11958,16138
12049,16234
12135,16326
12226,37
12320,129
12413,228
12502,324
12600,421
12692,516
12782,612
12876,706
12976,801
13072,894
13163,988
13255,1083
13354,1177
13450,1267
13541,1359
13633,1451
13734,1541
13828,1635
13925,1723
14020,1816
14118,1906
14213,1996
14311,2081
14404,2169
14501,2258
14599,2348
14697,2439
14793,2528
14885,2620
14981,2708
15077,2795
15171,2887
15264,2976
15362,3066
15458,3157
15553,3248
15648,3339
15742,3431
15840,3522
15930,3616
16025,3707
16115,3799
16207,3888
16294,3975
5,4068
94,4157
190,4250
286,4340
377,4435
471,4524
567,4614
662,4705
757,4795
850,4887
948,4977
1044,5070
1134,5155
1234,5244
1329,5333
1425,5420
1526,5508
1619,5593
1716,5681
1811,5766
1910,5851
2004,5940
2104,6026
2197,6110
2297,6198
2391,6286
2489,6368
2580,6453
2673,6544
2770,6631
2865,6718
2957,6807
3051,6898
3145,6990
3238,7076
3330,7166
3422,7254
3518,7346
3610,7438
3704,7527
3795,7619
3885,7712
3971,7803
4055,7895
4147,7987
4242,8077
4335,8169
4426,8258
4519,8351
4608,8447
4703,8543
4792,8633
4882,8725
4983,8817
5075,8908
5170,8999
5263,9093
5358,9185
5453,9275
5548,9367
5641,9458
5738,9551
5830,9638
5927,9727
6020,9815
6118,9906
6212,9991
6307,10081
6405,10173
6496,10261
6592,10350
6691,10439
6784,10526
6880,10616
6977,10706
7068,10796
7162,10883
7254,10974
7352,11062
7444,11152
7534,11245
7627,11337
7723,11430
7816,11522
7905,11612
7997,11707
8090,11801
8184,11893
8271,11985
8365,12076
8457,12168
8551,12257
8644,12350
8737,12442
8831,12535
8923,12627
9015,12719
9112,12814
9205,12907
9302,12997
9398,13088
9494,13178
9588,13266
9686,13360
9780,13455
9874,13540
9967,13631
10063,13720
10157,13808
10253,13895
10352,13985
10445,14075
10541,14164
10637,14254
10730,14338
10824,14429
10918,14517
11013,14606
11111,14697
11202,14787
11293,14876
11390,14971
11484,15061
11578,15151
11670,15244
11761,15340
11851,15429
11945,15521
12036,15616
12125,15710
12213,15805
12303,15903
12392,15996
12485,16093
12579,16187
12674,16277
12766,16368
12861,80
12950,177
13044,273
13140,370
13234,464
13326,556
13419,650
13519,743
13613,838
13707,933
13804,1024
13897,1117
13994,1207
14094,1299
14187,1388
14281,1478
14380,1570
14478,1656
14575,1749
14672,1837
14765,1927
14862,2015
14960,2102
15050,2192
15146,2277
15239,2368
15342,2455
15439,2546
15530,2635
15624,2725
15721,2813
15815,2904
15911,2993
16005,3085
16099,3174
16187,3264
16283,3358
16373,3456
80,3548
174,3640
266,3731
361,3828
457,3918
552,4004
648,4098
746,4190
838,4285
934,4379
1031,4471
1126,4561
1224,4656
1319,4754
1416,4844
1514,4936
1608,5029
1705,5122
1801,5215
1899,5307
1999,5396
2098,5486
2193,5576
2289,5667
2385,5758
2489,5850
2581,5942
2677,6033
2775,6125
2869,6215
2966,6303
3064,6393
3158,6484
3254,6576
3348,6673
3442,6764
3541,6855
3638,6951
3733,7046
3826,7142
3914,7233
4003,7330
4097,7430
4193,7525
4288,7622
4380,7718
4473,7817
4571,7916
4664,8010
4760,8105
4856,8201
4955,8297
5052,8394
5146,8494
5245,8592
5343,8687
5441,8786
5536,8878
5638,8970
5734,9066
5832,9161
5927,9256
6026,9351
6122,9441
6217,9534
6316,9626
6414,9721
6509,9814
6608,9902
6700,9990
6797,10081
6896,10173
6996,10262
7092,10352
7181,10444
7278,10531
7375,10619
7468,10709
7560,10797
7652,10888
7746,10978
7842,11072
7934,11159
8026,11251
8116,11341
8206,11432
8296,11522
8388,11616
8482,11708
8575,11800
8671,11889
8762,11983
8856,12076
8953,12163
9044,12250
9131,12344
9229,12433
9326,12526
9423,12615
9515,12706
9610,12800
9702,12892
9802,12984
9895,13075
9995,13164
10085,13251
10178,13342
10274,13432
10367,13516
10464,13604
10561,13692
10653,13781
10748,13868
10837,13957
10936,14043
11029,14130
11124,14217
11218,14301
11310,14392
11402,14477
11494,14564
11587,14654
11679,14742
11775,14830
11865,14918
11958,15011
12048,15103
12135,15193
12223,15284
12312,15376
12404,15469
12498,15561
12587,15655
12678,15745
12772,15839
12864,15934
12957,16024
13049,16117
13143,16211
13241,16303
13333,12
13426,105
13519,201
13616,293
13709,387
13805,480
13898,573
13995,666
14090,756
14183,848
14279,938
14374,1032
14469,1121
14566,1212
14661,1299
14758,1392
14848,1484
14944,1568
15039,1656
15134,1744
15229,1831
15321,1918
15416,2004
15508,2094
15599,2185
15695,2269
15789,2356
15876,2447
15971,2533
16066,2622
16154,2712
16244,2800
16331,2889
39,2978
131,3068
225,3161
317,3251
410,3345
500,3433
592,3525
684,3616
779,3710
870,3800
964,3891
1061,3980
1156,4069
1247,4162
1340,4256
1438,4347
1528,4439
1622,4531
1719,4622
1813,4716
1908,4806
2001,4898
2094,4987
2192,5078
2287,5169
2380,5257
2473,5348
2568,5436
2660,5525
2752,5614
2847,5702
2940,5792
3032,5876
3130,5965
3221,6054
3313,6140
3402,6228
3494,6316
3586,6404
3683,6492
3773,6583
3865,6672
3948,6761
4033,6854
4126,6946
4216,7035
4307,7128
4401,7218
4490,7312
4582,7407
4672,7496
4768,7590
4859,7683
4950,7776
5044,7869
5134,7966
5232,8056
5327,8147
5425,8241
5519,8334
5612,8428
5710,8523
5801,8616
5893,8709
5989,8801
6085,8894
6180,8983
6275,9074
6371,9166
6467,9260
6560,9350
6654,9440
6754,9528
6845,9618
6940,9707
7038,9796
7130,9884
7221,9974
7317,10065
7413,10150
7506,10237
7600,10327
7690,10415
7782,10503
7875,10592
7973,10682
8060,10770
8150,10856
8241,10949
8329,11038
8423,11127
8516,11218
8609,11310
8700,11402
8797,11492
8893,11584
8986,11678
9079,11769
9175,11866
9268,11958
9363,12051
9460,12141
9553,12233
9650,12322
9743,12416
9841,12509
9938,12606
10033,12696
10132,12790
10226,12881
10322,12974
10418,13067
10513,13161
10612,13252
10706,13342
10799,13434
10895,13526
10993,13617
11088,13707
11181,13797
11275,13888
11368,13978
11463,14064
11557,14155
11653,14243
11746,14334
11839,14422
11934,14512
12027,14601
12115,14693
12206,14782
12292,14872
12382,14966
12479,15056
12573,15149
12668,15240
12760,15333
12858,15425
12953,15520
13045,15615
13142,15710
13236,15806
13332,15902
13425,15994
13522,16089
13618,16182
13720,16278
13818,16371
13915,84
14011,180
14110,275
14208,369
14306,467
14401,564
14499,657
14598,753
14696,849
14793,942
14895,1035
14992,1128
15088,1222
15189,1314
15285,1405
15382,1498
15482,1589
15577,1680
15671,1771
15770,1865
15867,1957
15965,2047
16059,2138
16155,2229
16249,2323
16342,2412
54,2503
145,2599
245,2691
341,2783
440,2874
538,2969
634,3066
730,3160
830,3255
927,3349
1028,3444
1125,3541
1224,3638
1318,3732
1421,3832
1519,3922
1618,4015
1715,4110
1817,4204
1915,4302
2015,4402
2113,4497
2214,4591
2315,4685
2411,4779
2512,4876
2610,4974
2709,5066
2808,5158
2904,5252
2998,5343
3096,5437
3190,5530
3288,5622
3384,5714
3477,5805
3576,5896
3671,5985
3764,6074
3858,6165
3948,6255
4037,6348
4130,6443
4221,6530
4321,6618
4412,6710
4508,6805
4602,6898
4699,6990
4792,7083
4888,7176
4983,7266
5076,7362
5176,7453
5269,7548
5364,7644
5461,7741
5557,7835
5655,7926
5751,8019
5846,8114
5945,8206
6045,8300
6140,8395
6236,8485
6334,8585
6427,8678
6526,8773
6620,8864
6718,8952
6815,9046
6910,9135
7004,9230
7098,9324
7192,9412
7292,9504
7386,9593
7476,9684
7574,9772
7669,9863
7762,9952
7855,10042
7947,10131
8035,10217
8127,10308
8223,10397
8312,10487
8404,10577
8497,10666
8593,10755
8686,10848
8784,10938
8882,11028
8975,11120
9070,11210
9165,11302
9257,11394
9356,11490
9453,11584
9547,11678
9640,11772
9739,11865
9838,11962
9932,12055
10029,12147
10128,12240
10228,12331
10321,12427
10415,12522
10513,12616
10609,12711
10706,12806
10805,12896
10899,12990
10995,13085
11089,13179
11184,13271
11279,13366
11374,13455
11468,13548
11561,13639
11654,13730
11749,13820
11841,13910
11936,14001
12028,14089
12121,14178
12205,14268
12294,14358
12390,14448
12482,14539
12576,14627
12665,14716
12759,14808
12853,14900
12945,14992
13043,15080
13136,15171
13230,15266
13324,15356
13418,15450
13512,15543
13610,15635
13706,15727
13801,15821
13893,15914
13991,16010
14089,16101
14181,16194
14282,16287
14375,16376
14472,86
14568,182
14664,275
14759,367
14851,462
14947,552
15043,646
15138,739
15233,827
15325,919
15422,1011
15512,1099
15609,1188
15699,1276
15793,1365
15885,1455
15973,1545
16069,1630
16160,1720
16249,1809
16341,1895
47,1980
138,2069
233,2152
322,2244
412,2333
506,2421
603,2507
695,2597
791,2686
886,2772
980,2866
1074,2958
1164,3048
1262,3138
1356,3228
1450,3320
1545,3414
1638,3507
1736,3600
1830,3693
1929,3789
2021,3878
2117,3969
2212,4061
2307,4152
2399,4250
2496,4341
2591,4435
2689,4531
2782,4623
2877,4715
2968,4809
3065,4903
3158,4997
3251,5089
3345,5184
3439,5276
3534,5368
3626,5455
3720,5549
3808,5640
3898,5729
3986,5821
4077,5912
4171,6004
4260,6096
4352,6185
4444,6276
4539,6367
4631,6459
4727,6550
4818,6639
4918,6733
5011,6823
5102,6915
5201,7009
5294,7104
5389,7196
5485,7288
5581,7384
5676,7479
5774,7575
5868,7666
5966,7764
6062,7862
6155,7957
6253,8050
6349,8140
6446,8234
6543,8332
6639,8423
6734,8518
6831,8613
6925,8711
7022,8806
7118,8897
7209,8988
7307,9081
7396,9174
7492,9264
7584,9355
7680,9448
7775,9540
7867,9626
7960,9717
8048,9805
8136,9892
8229,9981
8323,10067
8414,10160
8509,10246
8603,10336
8695,10423
8789,10509
8882,10598
8979,10687
9075,10775
9170,10864
9264,10953
9359,11042
9453,11133
9547,11225
9642,11319
9738,11405
9832,11496
9930,11593
10029,11685
10127,11776
10225,11870
10321,11964
10418,12059
10512,12148
10609,12239
10707,12333
10802,12428
10900,12524
10995,12621
11092,12712
11187,12809
11285,12904
11378,13001
11477,13093
11570,13189
11668,13285
11764,13377
11858,13473
11951,13566
12048,13658
12134,13751
12224,13844
12318,13936
12418,14029
12508,14121
12600,14212
12702,14304
12797,14396
12891,14489
12987,14577
13084,14673
13182,14766
13280,14856
13374,14951
13474,15046
13570,15139
13669,15237
13771,15329
13867,15427
13965,15521
14068,15620
14161,15713
14258,15807
14360,15905
14459,16002
14562,16098
14663,16195
14759,16290
14854,16381
14951,96
15051,192
15147,289
15247,386
15345,483
15442,580
15539,673
15633,769
15729,868
15829,961
15925,1054
16019,1146
16111,1238
16204,1332
16294,1425
5,1514
99,1606
196,1693
289,1784
378,1875
475,1964
571,2056
665,2146
758,2230
854,2321
951,2411
1048,2502
1142,2589
1238,2679
1335,2766
1429,2854
1525,2945
1622,3038
1721,3129
1815,3216
1913,3304
2011,3398
2107,3491
2201,3582
2298,3674
2394,3770
2486,3860
2580,3951
2679,4038
2773,4130
2868,4221
2961,4317
3056,4409
3152,4502
3246,4594
3338,4687
3433,4777
3522,4874
3612,4964
3710,5057
3800,5148
3891,5238
3978,5330
4069,5420
4158,5511
4251,5602
4343,5691
4436,5782
4533,5869
4623,5957
4715,6046
4808,6137
4903,6225
4995,6312
5091,6402
5186,6495
5281,6583
5379,6675
5471,6766
5566,6856
5665,6947
5759,7038
5855,7133
5953,7223
6051,7316
6146,7409
6244,7501
6342,7597
6434,7693
6528,7787
6626,7881
6723,7975
6816,8067
6912,8163
7008,8256
7101,8353
7199,8447
7295,8540
7391,8635
7482,8732
7579,8829
7671,8922
7764,9016
7862,9107
7953,9201
8044,9294
8136,9382
8226,9478
8318,9570
8416,9661
8510,9753
8601,9840
8697,9934
8793,10020
8887,10109
8980,10199
9076,10290
9172,10380
9264,10466
9362,10556
9458,10646
9553,10732
9649,10820
9742,10909
9841,10998
9935,11084
10031,11174
10128,11267
10221,11357
10318,11447
10415,11540
10509,11630
10606,11721
10702,11811
10794,11902
10889,11996
10987,12090
11079,12178
11173,12269
11266,12358
11361,12449
11454,12541
11545,12632
11637,12725
11728,12819
11821,12911
11913,13004
12005,13094
12092,13187
12178,13275
12270,13366
12361,13456
12450,13543
12538,13635
12632,13722
12724,13811
12815,13901
12908,13989
13000,14078
13096,14163
13187,14251
13281,14338
13374,14428
13470,14517
13562,14606
13655,14693
13751,14784
13849,14873
13943,14961
14038,15053
14133,15145
14226,15235
14323,15323
14417,15418
14518,15509
14608,15602
14707,15697
14802,15789
14895,15882
14989,15974
15084,16070
15179,16163
15273,16255
15366,16348
15461,55
15557,152
15648,247
15743,341
15835,436
15931,527
16025,625
16117,718
16205,809
16293,902
2,997
95,1091
184,1184
284,1275
373,1366
469,1455
559,1547
660,1634
750,1725
846,1815
945,1906
1039,1992
1133,2084
1226,2171
1320,2261
1418,2350
1514,2439
1610,2528
1706,2616
1802,2704
1898,2796
1999,2888
2095,2980
2188,3070
2288,3163
2386,3252
2482,3346
2578,3436
2674,3530
2772,3620
2864,3714
2957,3807
3051,3899
3148,3991
3244,4081
3337,4171
3430,4264
3523,4360
3620,4454
3715,4545
3807,4641
3896,4735
3985,4827
4075,4918
4166,5010
4264,5100
4360,5194
4450,5284
4544,5377
4641,5465
4735,5558
4826,5647
4925,5738
5022,5827
5118,5919
5216,6008
5312,6097
5408,6184
5506,6277
5601,6363
5701,6453
5799,6542
5895,6636
5991,6724
6089,6819
6186,6911
6286,7002
6386,7096
6485,7187
6584,7283
6681,7378
6781,7473
6880,7569
6974,7665
7076,7760
7171,7860
7270,7955
7370,8047
7463,8141
7558,8237
7655,8333
7749,8433
7846,8530
7946,8627
8038,8723
8132,8821
8225,8918
8320,9017
8414,9113
8515,9205
8613,9303
8712,9394
8806,9492
8900,9587
8999,9680
9098,9771
9199,9863
9295,9957
9395,10049
9491,10139
9590,10234
9691,10324
9789,10414
9889,10506
9987,10597
10086,10694
10182,10784
10284,10876
10381,10972
10483,11063
10584,11154
10679,11248
10775,11342
10878,11438
10973,11531
11074,11625
11172,11716
11266,11813
11363,11912
11462,12010
11559,12105
11655,12194
11747,12288
11840,12384
11935,12480
12032,12573
12124,12666
12214,12765
12304,12861
12399,12958
12495,13051
12588,13142
12683,13235
12774,13331
12868,13423
12964,13515
13061,13605
13157,13695
13253,13788
13346,13879
13441,13967
13537,14056
13633,14148
13726,14238
13823,14330
13921,14418
14021,14507
14115,14598
14211,14688
14309,14779
14404,14870
14505,14957
14598,15052
14693,15143
14787,15232
14884,15326
14982,15419
15079,15513
15172,15603
15267,15696
15362,15792
15458,15886
15551,15981
15645,16076
15738,16170
15831,16264
15926,16356
16020,66
16112,162
16201,257
16292,352
0,447
95,541
185,636
278,731
376,825
468,918
560,1012
650,1103
743,1196
839,1287
934,1374
1032,1466
1126,1557
1221,1648
1317,1738
1415,1827
1506,1913
1599,2002
1697,2094
1795,2184
1890,2271
1986,2359
2086,2448
2184,2537
2278,2628
2372,2715
2467,2805
2564,2895
2661,2985
2752,3073
2849,3164
2946,3259
3041,3349
3133,3441
3228,3535
3325,3620
3417,3718
3510,3812
3601,3902
3697,3986
3787,4079
3881,4171
3968,4263
4059,4359
4150,4451
4238,4543
4335,4632
4429,4728
4516,4820
4607,4909
4702,4997
4797,5091
4890,5181
4981,5273
5076,5360
5169,5446
5259,5536
5356,5625
5452,5713
5545,5800
5643,5890
5737,5976
5829,6061
5925,6146
6023,6234
6113,6319
6211,6407
6305,6495
6400,6583
6491,6671
6584,6755
6676,6847
6773,6934
6867,7023
6965,7110
7058,7200
7148,7293
7238,7380
7334,7471
7429,7564
7522,7651
7612,7744
7706,7833
7797,7924
7890,8015
7978,8104
8062,8196
8155,8285
8245,8376
8339,8471
8432,8561
8522,8651
8613,8745
8703,8837
8797,8932
8894,9018
8984,9106
9078,9199
9170,9288
9265,9377
9356,9471
9456,9556
9552,9647
9645,9740
9736,9829
9831,9918
9927,10006
10023,10090
10115,10182
10210,10267
10306,10356
10403,10443
10498,10534
10593,10621
10683,10708
10779,10797
10874,10886
10969,10974
11062,11067
11152,11155
11243,11250
11337,11339
11435,11431
11526,11522
11619,11615
11714,11709
11804,11803
11896,11894
11987,11988
12076,12080
12162,12167
12252,12260
12342,12347
12430,12442
12518,12534
12616,12627
12710,12721
12798,12813
12890,12903
12988,12994
13080,13083
13171,13174
13263,13265
13358,13354
13455,13447
13552,13534
13642,13620
13742,13712
13836,13799
13930,13883
14027,13973
14118,14061
14214,14150
14312,14236
14405,14325
14500,14410
14601,14498
14696,14590
14793,14674
14888,14762
14982,14852
15075,14940
15172,15032
15270,15121
15368,15211
15459,15301
15552,15394
15646,15487
15739,15580
15836,15666
15929,15758
16023,15855
16115,15948
16209,16042
16299,16135
7,16225
104,16317
192,25
288,118
378,211
473,307
568,403
664,491
756,587
854,676
950,770
1043,863
1138,953
1237,1047
1333,1138
1430,1227
1524,1318
1623,1410
1721,1500
1819,1592
1915,1680
2014,1769
2106,1858
2208,1951
2305,2040
2399,2130
2496,2218
2594,2308
2691,2399
2790,2489
2883,2580
2979,2674
3075,2767
3166,2859
3260,2949
3355,3043
3452,3139
3549,3234
3641,3330
3737,3422
3828,3518
3919,3615
4009,3710
4101,3805
4193,3903
4288,3995
4381,4091
4478,4186
4575,4282
4669,4378
4765,4478
4863,4570
4961,4667
5058,4761
5155,4856
5256,4954
5350,5048
5446,5144
5547,5238
5644,5330
5746,5423
5846,5515
5943,5610
6043,5702
6142,5796
6242,5889
6344,5981
6442,6076
6540,6168
6640,6259
6736,6353
6834,6447
6935,6542
7033,6638
7131,6732
7228,6826
7324,6922
7424,7016
7520,7112
7615,7209
7709,7305
7811,7401
7904,7501
8003,7600
8090,7699
8184,7797
8278,7896
8374,7993
8469,8086
8563,8184
8660,8279
8757,8377
8852,8475
8946,8574
9046,8669
9142,8770
9241,8866
9334,8956
9431,9055
9530,9146
9627,9241
9721,9334
9822,9429
9917,9518
10017,9611
10110,9701
10206,9789
10305,9880
10404,9971
10497,10059
10597,10150
10693,10241
10788,10330
10886,10416
10981,10506
11077,10596
11176,10686
11266,10776
11362,10861
11458,10955
11550,11046
11649,11140
11739,11229
11832,11321
11925,11411
12018,11507
12110,11595
12197,11687
12288,11784
12380,11877
12471,11967
12566,12061
12661,12152
12754,12241
12849,12337
12941,12427
13035,12521
13132,12615
13226,12710
13322,12803
13418,12896
13517,12988
13613,13082
13711,13173
13804,13268
13902,13357
13999,13453
14099,13543
14194,13633
14291,13726
14390,13816
14484,13904
14581,13996
14680,14088
14775,14176
14876,14269
14969,14357
15068,14449
15165,14544
15259,14633
15355,14724
15449,14815
15547,14909
15642,15001
15738,15093
15837,15191
15931,15281
16023,15373
16116,15470
16211,15564
16302,15662
9,15754
99,15850
193,15947
290,16043
382,16134
475,16230
571,16324
668,37
761,128
857,226
953,318
1052,413
1147,510
1241,603
1334,699
1432,792
1528,884
1623,976
1721,1067
1817,1159
1908,1248
2009,1341
2106,1433
2200,1523
2298,1611
2396,1699
2489,1787
2587,1876
2676,1965
2774,2054
2868,2142
2962,2232
3055,2318
3148,2406
3244,2494
3336,2584
3430,2673
3524,2764
3616,2852
3709,2941
3799,3032
3891,3126
3979,3216
4065,3308
4158,3400
4253,3494
4341,3584
4433,3676
4525,3767
4616,3858
4711,3950
4805,4038
4899,4129
4992,4223
5088,4314
5183,4406
5278,4500
5374,4592
5469,4683
5562,4775
5661,4867
5755,4958
5851,5048
5950,5142
6041,5233
6141,5321
6237,5415
6334,5502
6431,5592
6524,5685
6622,5775
6717,5864
6811,5955
6906,6044
7002,6134
7099,6225
7192,6312
7289,6402
7383,6492
7476,6585
7567,6677
7663,6767
7756,6860
7851,6954
7947,7044
8037,7137
8125,7231
8214,7327
8308,7420
8403,7513
8498,7610
8589,7704
8683,7800
8781,7894
8872,7989
8964,8082
9060,8177
9152,8272
9249,8364
9342,8454
9440,8553
9536,8648
9629,8740
9729,8835
9824,8928
9919,9018
10011,9109
10105,9201
10203,9294
10298,9386
10395,9474
10495,9564
10593,9652
10684,9743
10778,9833
10875,9921
10967,10010
11065,10100
11161,10189
11251,10276
11346,10365
11440,10455
11535,10543
11628,10630
11723,10719
11812,10807
11905,10897
12002,10988
12089,11080
12183,11174
12266,11263
12361,11355
12453,11445
12547,11539
12639,11632
12732,11727
12824,11815
12919,11911
13015,12003
13112,12098
13208,12186
13301,12274
13397,12371
13493,12466
13591,12560
13688,12651
13782,12745
13880,12839
13977,12933
14078,13026
14173,13121
14274,13214
14367,13307
14467,13399
14562,13486
14658,13577
14757,13671
14854,13763
14953,13854
15050,13945
15149,14034
15247,14127
15341,14218
15441,14310
15537,14403
15632,14491
15727,14582
15826,14672
15918,14769
16015,14861
16111,14955
16203,15048
16297,15142
8,15234
100,15330
194,15425
290,15520
383,15615
480,15711
577,15808
674,15906
772,16003
868,16099
965,16193
1063,16284
1159,16379
1254,95
1352,188
1450,289
1544,383
1645,478
1738,572
1838,668
1936,759
2035,857
2134,952
2236,1047
2331,1133
2432,1229
2523,1317
2622,1410
2719,1504
2816,1597
2916,1685
3012,1774
3101,1867
3200,1956
3295,2046
3391,2138
3485,2227
3577,2316
3673,2407
3768,2497
3862,2590
3952,2679
4044,2772
4131,2862
4227,2955
4324,3045
4416,3142
4510,3234
4605,3325
4701,3422
4792,3513
4889,3608
4986,3700
5082,3792
5174,3887
5274,3981
5370,4073
5468,4167
5564,4258
5662,4350
5758,4450
5856,4544
5953,4637
6052,4731
6149,4821
6243,4917
6341,5010
6438,5103
6536,5194
6629,5285
6721,5376
6824,5467
6921,5557
7017,5649
7108,5739
7203,5831
7299,5920
7393,6010
7488,6100
7582,6187
7677,6278
7771,6367
7863,6457
7953,6549
8043,6639
8133,6730
8228,6823
8321,6917
8412,7007
8502,7099
8595,7191
8691,7283
8782,7380
8874,7473
8967,7561
9061,7656
9154,7746
9251,7843
9346,7937
9438,8028
9532,8118
9627,8210
9725,8301
9817,8399
9911,8489
10004,8584
10096,8675
10194,8769
10293,8861
10384,8952
10477,9043
10576,9134
10670,9223
10766,9311
10856,9400
10951,9490
11045,9578
11141,9666
11232,9755
11324,9844
11416,9930
11511,10018
11602,10109
11696,10198
11789,10284
11884,10370
11974,10460
12061,10547
12150,10636
12239,10721
12331,10812
12425,10905
12518,10997
12609,11085
12699,11178
12793,11269
12884,11357
12982,11449
13075,11541
13172,11634
13264,11727
13360,11820
13457,11915
13552,12007
13647,12097
13746,12188
13837,12278
13934,12375
14032,12466
14130,12559
14225,12653
14321,12744
14415,12840
14510,12932
14609,13022
14708,13117
14805,13208
14896,13301
14995,13392
15091,13483
15188,13576
15283,13668
15379,13755
15472,13846
15566,13938
15660,14026
15755,14116
15848,14207
15942,14297
16032,14388
16126,14476
16216,14568
16306,14657
12,14746
104,14838
197,14927
287,15019
381,15109
474,15201
566,15291
661,15386
751,15476
845,15572
940,15666
1033,15756
1124,15850
1222,15945
1313,16036
1409,16130
1505,16220
1595,16310
1693,17
1787,109
1880,198
1979,291
2078,386
2167,475
2262,567
2359,658
2452,752
2544,840
2635,931
2731,1022
2823,1111
2916,1201
3009,1288
3101,1376
3197,1465
3292,1554
3383,1643
3472,1728
3564,1816
3656,1904
3743,1994
3838,2081
3929,2170
4014,2258
4101,2346
4197,2435
4286,2521
4380,2612
4474,2701
4565,2791
4659,2879
4753,2971
4848,3062
4942,3152
5036,3244
5136,3336
5227,3429
5323,3523
5419,3615
5517,3711
5617,3803
5713,3894
5806,3983
5902,4074
5999,4167
6094,4260
6192,4359
6292,4450
6391,4543
6487,4636
6581,4731
6680,4824
6776,4916
6872,5007
6971,5099
7064,5191
7162,5287
7260,5376
7353,5468
7448,5558
7539,5648
7637,5741
7732,5832
7827,5921
7921,6008
8011,6098
8102,6188
8190,6281
8285,6371
8379,6462
8471,6556
8566,6646
8658,6736
8751,6831
8845,6920
8940,7016
9032,7104
9129,7196
9224,7290
9321,7386
9412,7479
9510,7573
9604,7665
9699,7754
9793,7850
9891,7948
9987,8039
10084,8132
10178,8223
10273,8317
10368,8409
10467,8500
10560,8594
10658,8687
10752,8778
10846,8870
10941,8959
11044,9053
11134,9148
11228,9241
11323,9335
11418,9423
11514,9510
11604,9601
11704,9688
11799,9777
11890,9868
11984,9961
12078,10049
12167,10140
12258,10228
12352,10321
12442,10407
12537,10499
12636,10590
12730,10682
12827,10774
12927,10867
13019,10959
13117,11050
13218,11144
13312,11239
13416,11334
13512,11431
13613,11523
13708,11617
13810,11716
13912,11812
14017,11908
14117,12007
14210,12104
14313,12195
14411,12295
14514,12391
14615,12490
14715,12588
14815,12685
14911,12783
15015,12881
15115,12977
15211,13077
15314,13175
15412,13270
15511,13368
15605,13465
15705,13558
15802,13655
15901,13749
15996,13845
16091,13938
16189,14034
16280,14130
16376,14224
88,14319
182,14415
279,14513
374,14601
467,14697
562,14787
665,14887
760,14978
855,15074
951,15167
1049,15266
1145,15359
1239,15456
1336,15552
1430,15645
1528,15747
1627,15845
1727,15938
1818,16034
1917,16130
2011,16221
2110,16312
2213,23
2304,117
2403,214
2500,309
2593,404
2691,499
2786,592
2882,684
2976,779
3072,870
3166,961
3264,1051
3358,1144
3451,1235
3544,1324
3641,1413
3731,1507
3825,1592
3916,1681
4005,1770
4094,1858
4187,1949
4283,2037
4376,2122
4467,2212
4565,2301
4658,2391
4755,2478
4852,2565
4946,2659
5044,2747
5141,2839
5236,2932
5334,3023
5432,3114
5530,3205
5629,3294
5727,3391
5823,3483
5917,3579
6017,3674
6114,3769
6214,3861
6311,3953
6408,4046
6507,4136
6605,4234
6702,4328
6798,4420
6895,4518
6992,4614
7089,4709
7182,4803
7278,4901
7377,4996
7470,5088
7567,5186
7659,5278
7756,5374
7848,5469
7941,5561
8030,5653
8123,5750
8213,5843
8306,5933
8398,6026
8490,6118
8584,6213
8676,6306
8773,6398
8865,6492
8958,6585
9054,6680
9148,6770
9242,6864
9339,6960
9434,7056
9531,7148
9626,7241
9720,7339
9814,7436
9911,7531
10007,7619
10103,7717
10195,7811
10291,7911
10387,8001
10482,8092
10574,8189
10667,8284
10759,8376
10858,8471
10953,8564
11049,8657
11138,8751
11232,8845
11325,8936
11414,9027
11507,9119
11601,9211
11692,9304
11784,9393
11875,9483
11971,9574
12062,9665
12150,9752
12240,9838
12331,9925
12422,10014
12512,10102
12608,10190
12701,10275
12793,10365
12890,10454
12979,10539
13078,10628
13175,10714
13263,10799
13360,10890
13454,10977
13552,11067
13646,11157
13747,11246
13841,11334
13937,11425
14033,11516
14130,11605
14227,11697
14324,11786
14419,11877
14520,11971
14616,12060
14713,12151
14812,12239
14906,12334
15004,12423
15098,12515
15195,12607
15288,12701
15384,12792
15475,12882
15575,12978
15667,13070
15763,13163
15858,13255
15951,13347
16043,13437
16136,13526
16225,13617
16314,13707
24,13799
113,13890
205,13977
297,14069
391,14157
482,14243
573,14337
667,14432
765,14520
855,14608
949,14696
1042,14788
1139,14877
1233,14968
1325,15059
1418,15151
1509,15240
1603,15332
1698,15421
1791,15516
1887,15610
1986,15703
2077,15797
2170,15890
2262,15980
2360,16075
2450,16168
2543,16258
2639,16349
2732,58
2827,151
2919,245
3011,337
3105,429
3196,522
3290,613
3379,710
3472,799
3565,888
3655,981
3747,1072
3839,1162
3926,1253
4009,1344
4101,1432
4193,1521
4285,1612
4375,1698
4466,1790
4558,1879
4654,1961
4749,2049
4841,2140
4934,2226
5025,2317
5123,2404
5220,2493
5313,2581
5410,2668
5506,2757
5602,2846
5698,2937
5795,3026
5890,3113
5989,3202
6087,3296
6181,3389
6279,3479
6376,3570
6470,3660
6567,3753
6665,3846
6762,3937
6861,4025
6954,4118
7050,4210
7150,4302
7245,4393
7337,4489
7432,4581
7526,4674
7619,4765
7717,4860
7814,4954
7908,5046
8001,5139
8089,5234
8184,5323
8275,5418
8370,5507
8463,5598
8556,5688
8650,5780
8746,5869
8840,5963
8933,6056
9032,6147
9126,6238
9224,6327
9320,6420
9412,6512
9507,6608
9603,6697
9701,6787
9798,6882
9894,6974
9992,7069
10088,7167
10187,7258
10285,7353
10382,7450
10476,7545
10577,7638
10670,7733
10763,7831
10859,7926
10961,8020
11054,8113
11148,8211
11245,8307
11342,8403
11438,8497
11527,8595
11626,8687
11719,8783
11815,8880
11912,8975
12001,9074
12096,9166
12188,9260
12280,9352
12375,9448
12467,9537
12568,9630
12661,9723
12759,9813
12850,9904
12945,9995
13040,10089
13137,10181
13236,10271
13334,10362
13428,10453
13527,10546
13628,10633
13730,10723
13827,10817
13922,10905
14025,10997
14124,11088
14225,11180
14323,11271
14424,11363
14524,11453
14620,11550
14721,11643
14821,11738
14919,11831
15013,11924
15113,12021
15213,12110
15311,12203
15406,12295
15506,12387
15605,12481
15698,12578
15793,12672
15890,12763
15982,12857
16081,12951
16176,13044
16263,13139
16355,13231
68,13327
159,13417
253,13510
346,13603
441,13693
536,13789
627,13879
719,13969
815,14060
911,14150
1006,14242
1105,14336
1203,14426
1296,14512
1386,14608
1484,14699
1577,14789
1674,14879
1766,14971
1861,15066
1955,15159
2054,15252
2151,15346
2242,15438
2340,15531
2435,15626
2527,15721
2621,15815
2715,15910
2810,16008
2899,16103
3000,16194
3091,16285
3186,16375
3281,89
3374,183
3464,281
3559,378
3646,469
3737,560
3828,660
3919,754
4009,848
4100,939
4192,1031
4284,1126
4377,1217
4469,1310
4567,1400
4661,1492
4754,1582
4847,1671
4943,1759
5037,1850
5135,1939
5231,2033
5324,2117
5424,2209
5523,2294
5620,2387
5717,2476
5814,2562
5910,2650
6008,2739
6104,2828
6201,2918
6302,3011
6397,3100
6496,3190
6596,3280
6692,3373
6792,3470
6885,3558
6983,3648
7080,3741
7178,3831
7270,3922
7368,4010
7460,4100
7554,4192
7654,4287
7745,4380
7839,4475
7935,4567
8026,4659
8121,4754
8209,4843
8305,4934
8397,5030
8492,5120
8581,5216
8677,5306
8767,5396
8862,5487
8955,5580
9049,5671
9143,5764
9236,5853
9329,5943
9422,6034
9516,6124
9609,6212
9711,6306
9801,6394
9892,6488
9986,6577
10083,6668
10178,6757
10270,6851
10367,6940
10462,7031
10560,7125
10653,7217
10743,7312
10839,7404
10934,7493
11027,7590
11120,7683
11214,7780
11305,7872
11396,7968
11487,8058
11578,8152
11675,8243
11770,8341
11860,8434
11950,8528
12042,8622
12133,8713
12220,8809
12308,8902
12402,8994
12493,9085
12587,9182
12680,9273
12776,9363
12868,9455
12959,9550
13053,9640
13152,9729
13246,9820
13340,9908
13435,9997
13532,10088
13629,10172
13726,10262
13821,10350
13917,10439
14018,10531
14113,10619
14211,10708
14308,10797
14403,10885
14501,10975
14604,11064
14701,11156
14799,11246
14894,11338
14989,11430
15088,11521
15188,11614
15281,11704
15379,11797
15474,11889
15573,11983
15668,12076
15759,12164
15851,12254
15946,12346
16042,12437
16136,12532
16225,12625
16319,12718
29,12816
119,12910
211,13004
306,13094
403,13190
496,13279
589,13373
683,13465
776,13557
872,13645
965,13739
1061,13832
1156,13923
1255,14014
1348,14101
1444,14195
1536,14286
1635,14379
1731,14466
1825,14560
1921,14652
2017,14742
2113,14836
2206,14927
2303,15019
2402,15114
2495,15206
2590,15299
2683,15392
2778,15482
2872,15576
2969,15673
3067,15768
3160,15864
3255,15955
3350,16051
3443,16146
3536,16238
3629,16333
3724,42
3818,141
3909,232
3999,325
4090,422
4183,519
4277,615
4376,707
4473,801
4568,894
4661,990
4758,1085
4853,1179
4950,1270
5047,1361
5144,1451
5246,1547
5342,1641
5442,1730
5537,1822
5643,1909
5743,2001
5842,2094
5942,2184
6041,2276
6143,2368
6243,2460
6343,2550
6444,2643
6548,2736
6645,2828
6748,2919
6844,3011
6941,3107
7045,3200
7146,3296
7246,3390
7344,3484
7442,3581
7540,3676
7637,3771
7733,3865
7829,3955
7928,4050
8021,4145
8114,4242
8208,4337
8307,4435
8403,4531
8500,4627
8595,4723
8692,4816
8789,4912
8888,5004
8984,5104
9084,5198
9178,5291
9274,5385
9374,5477
9474,5571
9569,5666
9665,5758
9766,5851
9865,5943
9962,6035
10061,6130
10159,6223
10255,6311
10355,6403
10452,6493
10550,6587
10648,6680
10740,6774
10838,6867
10931,6958
11027,7052
11123,7152
11218,7244
11312,7337
11410,7432
11501,7526
11594,7621
11687,7717
11782,7809
11874,7903
11965,7996
12058,8091
12148,8185
12239,8283
12328,8376
12419,8470
12514,8564
12609,8657
12700,8749
12793,8842
12888,8939
12977,9033
13075,9125
13167,9216
13263,9309
13359,9400
13452,9491
13549,9583
13643,9674
13741,9765
13834,9856
13928,9946
14027,10033
14125,10121
14221,10213
14317,10298
14415,10389
14514,10478
14605,10567
14704,10656
14804,10744
14900,10834
14995,10923
15090,11014
15184,11106
15281,11194
15376,11281
15471,11373
15566,11466
15665,11558
15756,11649
15850,11738
15944,11830
16036,11926
16127,12018
16222,12108
16314,12193
22,12286
114,12381
205,12473
294,12563
391,12656
484,12750
580,12840
672,12933
766,13028
861,13121
953,13210
1049,13303
1140,13393
1240,13484
1333,13575
1433,13665
1528,13752
1618,13845
1714,13933
1805,14022
1899,14110
1995,14199
2092,14290
2186,14378
2281,14470
2375,14559
2470,14647
2566,14740
2661,14827
2754,14914
2848,15007
2942,15094
3036,15183
3128,15273
3217,15368
3312,15459
3403,15553
3498,15642
3591,15736
3682,15829
3778,15921
3864,16014
3951,16107
4036,16197
4126,16286
4219,16377
4309,88
4400,178
4494,273
4586,367
4678,458
4771,550
4866,640
4958,731
5053,822
5146,914
5238,1005
5334,1096
5425,1188
5518,1280
5620,1366
5713,1455
5810,1544
5902,1633
6000,1723
6092,1810
6187,1900
6287,1986
6382,2075
6477,2162
6574,2249
6667,2337
6761,2425
6855,2515
6947,2601
7047,2687
7144,2778
7236,2865
7329,2958
7421,3049
7514,3138
7608,3227
7704,3319
7796,3408
7885,3502
7979,3590
8066,3684
8153,3771
8244,3867
8338,3952
8430,4041
8522,4134
8614,4225
8709,4314
8795,4405
8893,4498
8987,4589
9077,4682
9173,4773
9265,4865
9360,4956
9451,5043
9542,5133
9639,5225
9732,5315
9828,5406
9926,5494
10015,5584
10109,5673
10204,5760
10300,5851
10394,5939
10486,6029
10585,6118
10677,6207
10769,6296
10864,6388
10959,6476
11051,6565
11143,6656
11239,6748
11330,6835
11423,6930
11516,7023
11607,7117
11696,7209
11789,7300
11882,7396
11975,7491
12064,7586
12150,7682
12241,7775
12331,7868
12425,7962
12515,8054
12608,8150
12703,8241
12796,8339
12888,8430
12982,8527
13076,8618
13173,8716
13267,8808
13362,8903
13456,8999
13551,9094
13649,9183
13743,9273
13842,9366
13937,9463
14032,9552
14129,9640
14225,9730
14325,9822
14422,9910
14523,10002
14617,10092
14715,10180
14809,10269
14908,10356
15004,10446
15103,10535
15199,10624
15293,10715
15387,10804
15485,10892
15578,10982
15673,11071
15767,11163
15861,11254
15958,11345
16048,11437
16142,11524
16235,11614
16324,11710
29,11802
129,11894
217,11986
313,12081
406,12166
500,12252
595,12349
689,12444
781,12534
881,12628
971,12720
1071,12815
1161,12906
1256,12999
1355,13090
1453,13183
1549,13276
1647,13368
1744,13461
1839,13551
1940,13638
2037,13729
2134,13821
2232,13913
2330,14001
2429,14091
2520,14183
2620,14277
2718,14367
2815,14455
2912,14551
3007,14641
3107,14736
3202,14829
3298,14924
3392,15019
3488,15115
3589,15210
3680,15308
3779,15403
3878,15499
3963,15597
4055,15693
4154,15793
4249,15891
4346,15989
4443,16087
4539,16187
4635,16282
4736,16376
4830,92
4925,189
5027,291
5131,388
5227,485
5324,583
5423,685
5521,782
5623,879
5723,975
5827,1067
5921,1162
6022,1261
6120,1355
6221,1444
6324,1539
6425,1632
6520,1724
6618,1814
6721,1906
6822,1994
6922,2088
7018,2176
7112,2268
7213,2357
7310,2450
7403,2538
7495,2631
7594,2725
7689,2812
7788,2904
7879,2993
7972,3085
8060,3176
8149,3267
8242,3357
8339,3452
8432,3544
8526,3640
8620,3732
8711,3827
8806,3917
8902,4002
8995,4095
9090,4186
9186,4279
9284,4371
9381,4464
9472,4560
9569,4649
9662,4741
9760,4834
9860,4923
9949,5017
10049,5110
10142,5201
10236,5291
10333,5379
10430,5468
10523,5561
10618,5652
10712,5738
10809,5828
10906,5918
11002,6007
11099,6098
11193,6188
11289,6278
11380,6366
11479,6459
11574,6547
11662,6639
11761,6731
11852,6826
11948,6920
12044,7009
12132,7100
12224,7193
12318,7290
12410,7388
12506,7482
12602,7574
12698,7670
12792,7767
12886,7863
12984,7956
13076,8047
13176,8137
13276,8233
13373,8328
13471,8421
13566,8517
13668,8612
13765,8702
13866,8800
13963,8894
14063,8991
14161,9082
14262,9177
14358,9268
14458,9358
14556,9451
14654,9544
14755,9633
14851,9722
14951,9812
15046,9902
15142,9997
15244,10083
15338,10173
15436,10261
15532,10352
15624,10439
15723,10526
15818,10616
15911,10709
16008,10798
16102,10889
16193,10973
16286,11066
16377,11161
87,11251
178,11343
271,11432
367,11527
457,11619
554,11713
648,11805
743,11897
839,11994
930,12083
1025,12171
1123,12263
1216,12357
1310,12448
1402,12544
1500,12638
1595,12730
1689,12826
1785,12917
1878,13008
1977,13102
2073,13197
2169,13287
2261,13383
2359,13474
2454,13565
2548,13657
2647,13747
2737,13836
2832,13929
2925,14021
3021,14110
3112,14204
3204,14295
3301,14384
3395,14474
3487,14567
3580,14659
3669,14749
3762,14842
3852,14935
3944,15026
4031,15117
4121,15212
4215,15307
4304,15400
4398,15494
4491,15589
4586,15684
4682,15776
4772,15870
4866,15967
4956,16060
5053,16154
5148,16245
5244,16335
5334,46
5435,140
5529,232
5625,329
5722,426
5819,517
5914,608
6011,701
6109,792
6204,884
6299,976
6397,1069
6490,1160
6585,1250
6683,1340
6780,1432
6876,1523
6970,1612
7066,1699
7165,1785
7255,1875
7350,1962
7446,2052
7541,2146
7638,2229
7729,2322
7823,2408
7917,2493
8012,2582
8098,2674
8188,2767
8284,2857
8378,2945
8470,3036
8566,3125
8657,3215
8751,3310
8847,3402
8938,3493
9036,3586
9125,3678
9222,3771
9315,3863
9412,3954
9510,4041
9606,4134
9700,4228
9795,4322
9891,4415
9989,4508
10083,4599
10177,4693
10275,4783
10372,4876
10464,4967
10562,5063
10656,5155
10751,5245
10844,5337
10942,5428
11038,5519
11130,5609
11222,5700
11316,5790
11415,5881
11506,5970
11601,6061
11692,6151
11784,6245
11878,6339
11970,6427
12057,6517
12149,6611
12238,6705
12328,6802
12420,6893
12513,6984
12605,7078
12700,7169
12790,7267
12882,7363
12980,7457
13073,7550
13169,7645
13261,7739
13358,7837
13455,7933
13550,8024
13648,8115
13744,8213
13835,8305
13936,8400
14034,8497
14129,8593
14227,8687
14323,8783
14420,8876
14522,8969
14623,9065
14722,9159
14816,9251
14911,9344
15011,9435
15112,9527
15210,9621
15304,9710
15400,9804
15497,9891
15598,9983
15692,10073
15787,10161
15885,10255
15981,10344
16080,10433
16172,10524
16260,10618
16356,10709
67,10799
161,10889
251,10980
351,11074
450,11167
544,11262
640,11353
736,11444
833,11540
928,11634
1029,11731
1124,11825
1225,11920
1324,12014
1419,12107
1516,12200
1612,12289
1708,12385
1807,12478
1904,12577
2005,12673
2099,12766
2197,12862
2294,12958
2394,13052
2492,13143
2591,13235
2692,13329
2788,13426
2883,13518
2982,13615
3074,13703
3168,13791
3263,13887
3360,13978
3455,14073
3544,14163
3640,14255
3734,14345
3827,14436
3917,14527
4009,14619
4101,14713
4196,14803
4288,14897
4378,14990
4475,15082
4568,15178
4664,15271
4755,15362
4852,15456
4948,15547
5045,15643
5137,15736
5231,15832
5330,15925
5426,16024
5521,16116
5617,16208
5715,16298
5811,10
5909,101
6006,198
6103,292
6198,385
6296,477
6393,570
6490,663
6584,753
6685,844
6788,938
6877,1029
6971,1118
7065,1212
7163,1302
7263,1388
7355,1474
7450,1568
7543,1656
7639,1744
7732,1831
7825,1920
7920,2009
8010,2097
8101,2186
8189,2274
8284,2359
8380,2451
8470,2535
8564,2627
8655,2720
8750,2808
8845,2897
8939,2987
9035,3079
9132,3172
9225,3263
9320,3354
9415,3445
9509,3538
9602,3631
9697,3722
9791,3817
9888,3906
9982,3996
10078,4086
10175,4178
10273,4269
10363,4366
10461,4460
10556,4552
10652,4643
10746,4735
10844,4827
10935,4922
11030,5014
11127,5106
11222,5197
11311,5287
11405,5378
11499,5465
11594,5556
11688,5647
11783,5739
11873,5830
11964,5919
12057,6008
12144,6101
12233,6189
12319,6276
12413,6367
12505,6456
12596,6550
12692,6640
12785,6735
12878,6823
12972,6914
13067,7009
13161,7101
13253,7193
13350,7283
13443,7373
13541,7470
13638,7566
13729,7658
13828,7749
13923,7842
14017,7939
14115,8029
14212,8122
14308,8213
14409,8302
14505,8395
14599,8489
14696,8581
14793,8675
14886,8768
14982,8861
15078,8950
15173,9045
15266,9138
15363,9226
15458,9316
15557,9406
15652,9499
15745,9588
15836,9676
15930,9760
16022,9849
16116,9940
16207,10027
16296,10116
7,10201
95,10290
188,10376
280,10464
375,10555
462,10641
558,10732
652,10823
745,10916
841,11005
938,11092
1031,11183
1126,11277
1221,11363
1316,11456
1410,11553
1504,11641
1602,11735
1696,11829
1790,11922
1891,12016
1987,12105
2081,12198
2175,12288
2267,12382
2363,12477
2459,12572
2554,12667
2648,12761
2745,12856
2841,12951
2934,13043
3028,13134
3120,13230
3216,13325
3311,13418
3402,13511
3496,13599
3591,13693
3684,13788
3778,13879
3869,13973
3956,14063
4044,14152
4134,14243
4226,14335
4319,14429
4412,14520
4508,14610
4599,14704
4696,14795
4792,14889
4886,14983
4981,15076
5073,15170
5172,15263
5270,15356
5364,15453
5460,15547
5557,15642
5653,15736
5751,15834
5843,15930
5946,16021
6044,16118
6143,16209
6241,16300
6335,12
6431,110
6530,200
6629,292
6727,389
6825,482
6922,581
7018,674
7111,764
7209,855
7301,948
7399,1040
7493,1132
7588,1222
7683,1315
7781,1407
7874,1494
7967,1586
8056,1672
8147,1760
8241,1850
8337,1941
8428,2028
8523,2115
8618,2207
8714,2296
8811,2385
8898,2476
8999,2562
9097,2654
9193,2746
9287,2840
9383,2930
9478,3022
9573,3110
9671,3204
9766,3296
9865,3390
9962,3484
10060,3582
10157,3676
10253,3767
10351,3863
10450,3955
10551,4045
10647,4140
10741,4239
10837,4334
10934,4428
11031,4524
11130,4625
11225,4719
11318,4815
11414,4911
11514,5006
11607,5103
11706,5202
11801,5294
11897,5390
11989,5488
12087,5582
12176,5677
12268,5774
12360,5866
12458,5963
12549,6057
12648,6153
12746,6245
12839,6341
12936,6441
13034,6535
13131,6632
13230,6726
13324,6821
13425,6920
13524,7017
13625,7113
13724,7211
13823,7306
13923,7407
14022,7506
14123,7605
14224,7701
14323,7799
14422,7899
14525,7998
14626,8093
14721,8190
14827,8285
14925,8385
15022,8484
15120,8581
15221,8679
15319,8776
15418,8876
15513,8973
15612,9068
15709,9160
15805,9252
15905,9351
16001,9442
16098,9534
16191,9629
16287,9724
16379,9817
87,9906
184,10001
280,10092
375,10180
470,10272
568,10363
665,10452
764,10540
861,10630
953,10719
1053,10809
1148,10900
1244,10991
1340,11083
1435,11175
1538,11266
1637,11359
1729,11450
1830,11542
1926,11637
2023,11730
2117,11825
2215,11916
2311,12008
2411,12098
2507,12186
2602,12276
2699,12372
2793,12464
2887,12559
2982,12650
3077,12744
3170,12839
3264,12929
3359,13022
3453,13114
3547,13208
3640,13301
3732,13389
3825,13482
3915,13574
4003,13669
4093,13755
4182,13848
4273,13938
4370,14026
4461,14117
4555,14206
4647,14299
4739,14391
4834,14481
4931,14568
5024,14659
5119,14749
5213,14840
5306,14933
5402,15028
5500,15119
5598,15214
5693,15309
5789,15403
5885,15496
5980,15587
6080,15681
6177,15776
6274,15874
6367,15970
6464,16061
6560,16158
6658,16251
6753,16345
6847,52
6945,149
7038,245
7137,340
7230,436
7326,529
7419,625
7513,718
7608,813
7702,907
7797,998
7891,1091
7981,1184
8071,1274
8161,1369
8257,1459
8346,1553
8438,1642
8532,1729
8628,1818
8719,1907
8816,1999
8909,2084
9004,2175
9100,2262
9195,2355
9288,2440
9382,2534
9474,2618
9573,2708
9669,2797
9761,2883
9859,2970
9949,3058
10048,3151
10145,3241
10241,3330
10335,3421
10430,3512
10526,3602
10623,3692
10715,3782
10809,3873
10903,3958
10998,4044
11090,4134
11186,4227
11278,4319
11369,4410
11462,4498
11555,4592
11650,4679
11740,4767
11827,4860
11921,4949
12013,5039
12100,5131
12186,5220
12276,5306
12363,5393
12454,5480
12549,5570
12640,5661
12728,5747
12819,5830
12911,5917
13005,6007
13094,6092
13190,6181
13283,6265
13375,6355
13469,6441
13565,6531
13654,6618
13747,6708
13842,6799
13941,6888
14034,6976
14128,7067
14219,7158
14314,7249
14412,7341
14507,7432
14598,7526
14692,7618
14789,7716
14885,7808
14981,7898
15074,7992
15168,8083
15258,8176
15351,8269
15449,8362
15540,8457
15635,8549
15728,8639
15818,8731
15912,8826
16006,8917
16097,9011
16187,9106
16276,9195
16368,9287
71,9377
164,9466
256,9555
348,9645
442,9736
532,9827
626,9912
719,10001
812,10086
906,10171
1001,10260
1096,10349
1190,10438
1285,10525
1381,10612
1473,10699
1570,10789
1661,10878
1757,10969
1854,11058
1946,11147
2040,11236
2136,11329
2234,11416
2330,11510
2426,11599
2519,11689
2610,11782
2705,11872
2801,11966
2894,12055
2993,12143
3082,12230
3178,12324
3271,12414
3368,12507
3462,12599
3551,12694
3643,12785
3732,12880
3823,12972
3915,13062
4002,13155
4092,13245
4184,13334
4276,13426
4368,13517
4457,13607
4552,13695
4643,13787
4738,13872
4834,13964
4928,14051
5022,14140
5115,14231
5211,14320
5307,14408
5400,14497
5495,14589
5592,14678
5688,14767
5783,14855
5880,14947
5977,15039
6074,15132
6169,15222
6269,15313
6365,15405
6460,15502
6556,15599
6651,15690
6747,15784
6843,15879
6942,15974
7038,16070
7135,16162
7231,16256
7332,16351
7424,64
7517,157
7612,256
7704,350
7803,448
7899,547
7991,642
8083,736
8175,832
8268,927
8364,1022
8460,1117
8553,1209
8652,1300
8746,1395
8840,1486
8936,1580
9030,1671
9131,1763
9228,1854
9326,1946
9423,2033
9521,2122
9619,2212
9716,2303
9811,2394
9912,2482
10010,2575
10107,2667
10209,2758
10305,2852
10403,2943
10504,3036
10601,3127
10698,3222
10798,3317
10895,3407
10993,3500
11093,3596
11185,3688
11282,3784
11379,3878
11473,3970
11571,4063
11666,4156
11762,4248
11857,4346
11951,4441
12045,4533
12133,4627
12223,4719
12315,4818
12412,4912
12505,5001
12599,5095
12690,5189
12784,5279
12877,5371
12972,5461
13070,5552
13165,5645
13259,5732
13355,5823
13450,5913
13547,6003
13646,6094
13739,6185
13836,6270
13935,6362
14031,6451
14127,6541
14224,6629
14320,6723
14412,6816
14510,6909
14610,6998
14703,7092
14796,7183
14894,7279
14988,7373
15084,7465
15181,7562
15277,7656
15369,7751
15466,7845
15563,7943
15659,8035
15752,8128
15847,8225
15938,8319
16033,8415
16124,8508
16218,8605
16307,8699
15,8796
108,8889
198,8982
294,9075
388,9168
480,9261
570,9352
667,9446
764,9539
854,9629
953,9717
1047,9804
1145,9899
1237,9987
1330,10077
1431,10167
1526,10255
1622,10341
1718,10430
1813,10519
1910,10608
2006,10694
2104,10783
2201,10873
2297,10966
2395,11053
2488,11143
2584,11234
2680,11325
2777,11419
2873,11510
2969,11603
3061,11693
3156,11787
3255,11882
3343,11974
3439,12064
3535,12157
3631,12248
3721,12342
3817,12432
3904,12529
3994,12624
4088,12719
4174,12812
4266,12905
4362,12995
4455,13089
4554,13182
4641,13271
4738,13364
4832,13454
4925,13549
5020,13637
5116,13727
5216,13813
5307,13903
5401,13993
5498,14079
5595,14169
5691,14255
5789,14344
5885,14430
5979,14520
6076,14607
6174,14694
6268,14784
6364,14874
6460,14963
6558,15051
6653,15143
6747,15232
6844,15323
6938,15412
7035,15501
7130,15597
7225,15689
7317,15779
7413,15874
7507,15968
7602,16061
7693,16155
7786,16243
7882,16337
7971,44
8057,139
8148,232
8241,329
8335,420
8426,514
8519,609
8608,701
8704,795
8799,884
8893,976
8986,1067
9081,1162
9175,1250
9270,1340
9363,1429
9458,1522
9553,1614
9650,1700
9747,1788
9839,1877
9935,1964
10031,2051
10128,2139
10220,2228
10318,2318
10416,2404
10512,2492
10608,2582
10701,2671
10796,2761
10889,2850
10984,2940
11082,3035
11175,3126
11270,3216
11367,3307
11458,3400
11553,3492
11643,3584
11738,3679
11830,3770
11924,3863
12016,3953
12107,4044
12193,4140
12286,4236
12376,4330
12470,4422
12561,4517
12653,4613
12746,4708
12839,4801
12931,4893
13025,4990
13121,5083
13215,5176
13312,5270
13406,5361
13504,5453
13600,5544
13693,5637
13791,5731
13884,5816
13979,5905
14075,5999
14173,6096
14268,6185
14364,6276
14459,6366
14556,6454
14652,6546
14749,6638
14842,6728
14943,6821
15035,6915
15131,7006
15228,7098
15324,7194
15419,7284
15516,7379
15609,7476
15706,7573
15797,7666
15896,7763
15988,7857
16081,7951
16177,8046
16263,8139
16355,8235
66,8332
157,8426
252,8520
346,8616
439,8712
533,8806
628,8904
723,8996
819,9092
914,9187
1013,9282
1109,9376
1202,9463
1299,9556
1396,9649
1490,9740
1585,9832
1683,9922
1780,10014
1878,10102
1977,10193
2074,10281
2169,10370
2268,10460
2364,10554
2463,10642
2555,10729
2654,10820
2750,10912
2846,11002
2945,11089
3039,11182
3135,11277
3232,11367
3326,11458
3422,11550
3517,11640
3612,11736
3703,11831
3799,11925
3892,12018
3980,12108
4076,12199
4164,12294
4259,12387
4354,12484
4450,12577
4539,12673
4635,12766
4731,12863
4825,12960
4923,13054
5019,13146
5114,13239
5210,13335
5307,13430
5405,13521
5502,13615
5600,13708
5699,13798
5798,13888
5893,13980
5992,14075
6091,14167
6189,14258
6285,14347
6385,14440
6484,14529
6581,14624
6680,14717
6780,14810
6873,14903
6970,14994
7068,15089
7165,15183
7267,15280
7362,15373
7462,15470
7556,15564
7651,15657
7743,15752
7840,15854
7933,15951
8028,16048
8120,16146
8212,16240
8306,16333
8408,50
8500,146
8598,245
8693,342
8792,437
8884,535
8981,633
9081,730
9174,828
9269,923
9367,1019
9461,1111
9562,1203
9659,1296
9756,1390
9850,1484
9952,1576
10048,1666
10145,1758
10238,1850
10338,1941
10432,2029
10530,2119
10626,2206
10724,2294
10822,2386
10917,2475
11009,2563
11104,2652
11197,2742
11291,2831
11386,2920
11480,3008
11571,3098
11665,3188
11758,3279
11850,3366
11940,3459
12030,3548
12118,3638
12209,3727
12294,3820
12386,3906
12475,3994
12565,4082
12656,4171
12748,4261
12839,4350
12932,4439
13025,4529
13117,4619
13214,4709
13303,4800
13394,4889
13487,4978
13579,5067
13673,5153
13767,5242
13862,5330
13955,5419
14048,5503
14141,5588
14237,5675
14330,5760
14424,5848
14517,5932
14613,6020
14706,6107
14800,6194
14894,6280
14990,6368
15083,6454
15177,6540
15269,6630
15363,6717
15460,6803
15550,6892
15643,6981
15734,7074
15827,7162
15923,7254
16015,7345
16103,7437
16196,7528
16280,7622
16371,7714
78,7807
172,7898
262,7993
355,8081
447,8173
543,8266
634,8356
728,8453
822,8545
915,8640
1007,8732
1103,8825
1199,8917
1294,9007
1394,9101
1485,9194
1580,9289
1673,9381
1769,9472
1864,9562
1962,9652
2057,9742
2153,9829
2247,9922
2340,10008
2438,10095
2533,10184
2629,10273
2718,10361
2813,10448
2907,10537
3001,10624
3094,10710
3188,10799
3279,10889
3373,10980
3467,11071
3559,11160
3650,11248
3746,11339
3833,11427
3923,11517
4008,11609
4098,11698
4188,11790
4281,11879
4372,11971
4466,12063
4556,12149
4646,12234
4739,12328
4833,12417
4927,12506
5016,12594
5113,12683
5206,12779
5302,12866
5394,12956
5488,13044
5583,13133
5677,13223
5774,13310
5869,13398
5962,13485
6058,13571
6154,13655
6247,13743
6345,13829
6440,13913
6537,14000
6630,14086
6724,14171
6818,14259
6914,14346
7007,14431
7098,14517
7191,14604
7289,14690
7380,14774
7473,14864
7565,14953
7654,15042
7747,15130
7841,15220
7931,15308
8023,15400
8111,15492
8200,15584
8291,15673
8387,15763
8481,15857
8569,15949
8660,16040
8755,16134
8850,16224
8943,16312
9042,23
9132,117
9225,209
9319,302
9414,394
9508,490
9605,580
9700,671
9795,765
9892,859
9984,947
10082,1040
10178,1131
10274,1226
10367,1313
10462,1403
10559,1492
10654,1578
10752,1667
10845,1759
10943,1845
11037,1934
11129,2024
11224,2111
11321,2199
11413,2285
11507,2377
11600,2466
11697,2553
11789,2645
11878,2735
11972,2824
12061,2918
12149,3009
12240,3101
12334,3192
12424,3286
12518,3375
12613,3470
12702,3563
12790,3655
12889,3750
12983,3843
13074,3933
13170,4021
13267,4111
13367,4206
13461,4303
13556,4396
13655,4491
13752,4585
13845,4676
13944,4768
14036,4859
14135,4955
14234,5045
14331,5137
14431,5229
14529,5318
14627,5410
14723,5496
14819,5591
14915,5680
15009,5769
15108,5859
15209,5947
15306,6037
15402,6126
15498,6215
15596,6307
15690,6394
15788,6488
15883,6574
15978,6666
16072,6757
16167,6845
16262,6939
16355,7029
63,7124
159,7218
259,7313
351,7407
445,7500
544,7595
641,7691
738,7788
837,7883
932,7980
1029,8072
1127,8168
1230,8260
1327,8357
1425,8456
1521,8550
1623,8648
1724,8742
1819,8835
1918,8932
2015,9024
2114,9119
2215,9216
2317,9307
2414,9402
2512,9494
2606,9588
2702,9680
2804,9772
2899,9866
3000,9957
3097,10049
3189,10140
3286,10232
3382,10322
3478,10412
3573,10505
3668,10600
3766,10690
3857,10782
3946,10873
4039,10966
4129,11058
4224,11152
4319,11246
4412,11342
4506,11437
4604,11529
4697,11628
4789,11721
4887,11820
4981,11912
5076,12007
5172,12102
5269,12196
5368,12291
5465,12387
5563,12478
5659,12573
5752,12671
5850,12765
5951,12861
6048,12956
6145,13050
6239,13147
6338,13240
6436,13330
6531,13425
6629,13517
6728,13604
6825,13700
6922,13791
7016,13882
7114,13974
7210,14062
7306,14154
7399,14245
7494,14337
7588,14425
7683,14512
7780,14604
7873,14695
7966,14784
8055,14874
8147,14968
8244,15060
8336,15151
8428,15245
8521,15336
8615,15428
8709,15522
8806,15620
8901,15713
8994,15807
9093,15902
9187,15998
9283,16092
9379,16186
9475,16277
9571,16369
9665,85
9759,179
9859,272
9955,364
10054,459
10150,553
10245,648
10342,740
10440,834
10535,927
10633,1018
10727,1111
10823,1201
10918,1293
11012,1386
11104,1475
11201,1564
11296,1655
11390,1744
11484,1834
11579,1922
11669,2011
11759,2101
11852,2189
11945,2280
12039,2370
12125,2456
12213,2550
12302,2638
12394,2727
12487,2817
12580,2905
12671,2996
12764,3089
12856,3181
12947,3271
13039,3363
13129,3457
13222,3549
13317,3640
13412,3736
13507,3827
13604,3917
13695,4004
13791,4098
13887,4192
13981,4282
14073,4376
14172,4468
14267,4563
14357,4657
14455,4748
14549,4840
14647,4935
14741,5026
14834,5118
14932,5208
15026,5297
15121,5391
15215,5480
15309,5570
15402,5657
15498,5746
15592,5836
15688,5925
15781,6015
15873,6102
15967,6191
16064,6281
16154,6367
16244,6459
16333,6549
41,6638
136,6727
225,6818
318,6912
411,7002
506,7093
599,7188
693,7276
790,7367
884,7463
977,7557
1073,7652
1167,7743
1260,7839
1356,7927
1452,8021
1550,8112
1643,8203
1738,8297
1831,8391
1927,8484
2019,8578
2121,8669
2212,8766
2307,8858
2401,8947
2498,9041
2590,9132
2685,9222
2782,9313
2875,9404
2964,9493
3062,9582
3155,9671
3246,9761
3341,9847
3433,9937
3525,10025
3616,10111
3706,10201
3797,10287
3883,10376
3970,10464
4059,10551
4146,10641
4241,10730
4329,10814
4417,10908
4510,10999
4601,11087
4696,11175
4788,11263
4881,11355
4973,11446
5066,11538
5156,11630
5251,11722
5345,11813
5439,11907
5533,12000
5628,12090
5722,12178
5815,12267
5913,12362
6009,12453
6101,12544
6197,12636
6291,12732
6386,12823
6481,12913
6580,13008
6673,13096
6767,13188
6861,13276
6956,13367
7050,13457
7144,13545
7240,13636
7333,13724
7430,13815
7521,13901
7616,13988
7709,14077
7798,14167
7892,14254
7984,14344
8072,14433
8161,14519
8254,14609
8347,14699
8441,14787
8532,14878
8626,14966
8718,15055
8816,15146
8912,15239
9000,15330
9095,15421
9189,15514
9285,15605
9383,15700
9475,15792
9566,15888
9666,15980
9761,16074
9854,16169
9946,16258
10044,16351
10139,62
10240,155
10333,249
10427,343
10523,436
10618,524
10714,621
10805,714
10903,805
10998,897
11093,987
11189,1081
11280,1170
11371,1261
11469,1352
11563,1443
11652,1534
11748,1622
11840,1712
11935,1802
12028,1891
12114,1979
12201,2068
12291,2156
12385,2244
12476,2334
12565,2423
12661,2513
12753,2603
12849,2695
12943,2785
13037,2879
13134,2969
13231,3059
13324,3154
13423,3246
13518,3340
13616,3434
13713,3527
13811,3622
13908,3717
14005,3810
14103,3901
14202,3992
14301,4082
14396,4181
14493,4274
14592,4372
14694,4464
14792,4558
14887,4654
14982,4746
15087,4839
15181,4932
15281,5026
15381,5117
15474,5207
15572,5301
15669,5391
15765,5486
15862,5577
15961,5668
16055,5759
16149,5848
16247,5940
16337,6032
50,6125
140,6212
236,6305
329,6397
426,6489
522,6584
620,6671
716,6763
810,6856
909,6950
1005,7046
1102,7138
1199,7231
1297,7324
1394,7422
1488,7519
1588,7612
1685,7709
1781,7803
1878,7899
1974,7993
2073,8086
2167,8181
2265,8275
2358,8365
2457,8459
2552,8555
2645,8648
2740,8743
2836,8841
2932,8929
3023,9023
3119,9112
3213,9204
3308,9295
3397,9386
3492,9475
3585,9564
3676,9651
3769,9742
3859,9829
3946,9913
4036,10003
4127,10092
4216,10182
4308,10268
4400,10355
4490,10442
4585,10531
4680,10617
4772,10708
4863,10796
4957,10885
5053,10977
5144,11064
5240,11156
5335,11250
5429,11343
5523,11434
5622,11526
5718,11616
5814,11710
5912,11808
6009,11899
6103,11996
6204,12087
6297,12176
6393,12268
6486,12361
6584,12459
6681,12554
6779,12650
6871,12748
6970,12844
7064,12935
7162,13032
7256,13125
7354,13218
7447,13313
7543,13405
7639,13499
7731,13592
7823,13686
7917,13777
8011,13868
8101,13961
8193,14053
8288,14143
8382,14236
8478,14323
8568,14417
8661,14508
8757,14600
8851,14689
8943,14782
9039,14874
9134,14969
9230,15059
9325,15154
9421,15245
9515,15342
9613,15433
9708,15529
9804,15625
9902,15717
9998,15812
10092,15910
10189,16005
10285,16102
10380,16195
10477,16288
10573,16383
10666,93
10763,186
10858,281
10954,377
11043,468
11137,561
11231,659
11322,754
11418,846
11509,940
11604,1030
11697,1125
11788,1215
11879,1304
11969,1396
12065,1482
12151,1574
12238,1660
12327,1747
12420,1834
12511,1921
12600,2009
12694,2097
12787,2184
12879,2272
12971,2361
13063,2450
13157,2536
13250,2623
13343,2709
13439,2799
13535,2890
13629,2979
13722,3066
13820,3159
13918,3250
14009,3340
14107,3433
14201,3524
14295,3617
14389,3711
14489,3800
14587,3892
14680,3984
14774,4072
14871,4163
14966,4256
15063,4352
15159,4444
15253,4540
15349,4635
15443,4728
15534,4817
15627,4912
15727,5005
15821,5095
15917,5187
16009,5279
16100,5372
16192,5461
16281,5550
16375,5642
83,5732
174,5820
270,5910
360,5997
457,6090
549,6180
644,6269
734,6358
830,6445
926,6535
1021,6623
1116,6710
1212,6803
1303,6891
1399,6984
1495,7075
1588,7165
1684,7258
1783,7350
1882,7445
1977,7539
2071,7632
2166,7722
2262,7816
2358,7910
2451,8003
2548,8095
2645,8188
2739,8282
2834,8377
2929,8472
3021,8567
3117,8660
3207,8754
3303,8848
3398,8941
3490,9033
3582,9126
3676,9222
3767,9312
3859,9405
3945,9497
4034,9589
4127,9678
4219,9772
4310,9858
4401,9946
4495,10035
4587,10128
4680,10217
4772,10307
4868,10393
4964,10481
5060,10569
5154,10659
5251,10749
5345,10840
5440,10932
5539,11025
5636,11116
5731,11205
5826,11298
5924,11389
6022,11481
6119,11573
6212,11667
6310,11759
6407,11850
6502,11945
6603,12037
6699,12128
6794,12218
6892,12312
6990,12403
7085,12502
7182,12597
7280,12688
7374,12782
7472,12879
7566,12972
7659,13062
7755,13155
7850,13248
7949,13341
8037,13434
8129,13528
8220,13617
8314,13707
8409,13797
8504,13891
8598,13979
8696,14071
8790,14159
8886,14249
8983,14340
9080,14430
9176,14519
9270,14608
9374,14701
9470,14790
9569,14881
9661,14973
9761,15062
9864,15155
9964,15248
10059,15344
10155,15435
10256,15531
10354,15626
10455,15717
10554,15815
10654,15910
10752,16007
10848,16104
10948,16199
11048,16292
11142,2
11238,101
11334,199
11429,295
11524,393
11625,489
11718,588
11812,682
11908,778
12007,873
12100,971
12189,1064
12281,1162
12374,1256
12469,1348
12563,1443
12660,1538
12762,1632
12857,1721
12953,1813
13046,1908
13144,1997
13238,2092
13335,2181
13432,2273
13532,2367
13629,2458
13726,2549
13821,2641
13921,2735
14022,2826
14119,2921
14220,3013
14318,3108
14417,3201
14514,3295
14611,3387
14712,3483
14809,3574
14905,3669
15003,3764
15102,3861
15198,3953
15296,4045
15393,4136
15488,4229
15582,4325
15675,4419
15772,4516
15869,4609
15964,4702
16054,4799
16149,4896
16240,4985
16330,5080
41,5173
134,5263
227,5355
319,5447
414,5537
504,5628
604,5718
696,5807
790,5896
887,5986
979,6076
1074,6165
1169,6255
1266,6345
1360,6430
1458,6524
1555,6613
1652,6701
1744,6791
1840,6883
1935,6975
2031,7065
2129,7155
2227,7248
2317,7342
2415,7433
2513,7529
2606,7619
2699,7714
2795,7809
2889,7901
2985,7995
3079,8084
3175,8178
3272,8272
3360,8367
3456,8460
3548,8558
3641,8650
3733,8747
3825,8839
3915,8936
4004,9028
4093,9121
4182,9217
4275,9311
4367,9399
4462,9491
4556,9580
4648,9672
4741,9760
4835,9854
4931,9945
5026,10030
5120,10120
5217,10208
5312,10298
5405,10393
5501,10480
5595,10569
5692,10660
5789,10749
5884,10836
5978,10928
6073,11016
6174,11104
6271,11196
6362,11285
6461,11381
6556,11470
6649,11565
6741,11657
6838,11748
6933,11839
7028,11933
7122,12023
7215,12115
7310,12203
7404,12294
7496,12384
7587,12478
7682,12570
7773,12664
7865,12755
7956,12849
8041,12940
8134,13031
8224,13123
8314,13214
8404,13302
8496,13393
8588,13479
8682,13570
8776,13657
8870,13744
8960,13832
9053,13920
9145,14007
9236,14093
9333,14184
9427,14270
9519,14356
9613,14438
9709,14527
9801,14614
9894,14699
9987,14786
10083,14877
10175,14966
10269,15052
10363,15141
10455,15226
10550,15319
10643,15406
10737,15500
10832,15592
10926,15680
11021,15774
11114,15864
11208,15958
11301,16048
11393,16144
11485,16231
11577,16322
11669,29
11763,121
11850,216
11941,308
12035,403
12121,497
12208,590
12294,683
12386,775
12479,869
12571,963
12666,1052
12755,1143
12847,1237
12942,1326
13034,1417
13127,1504
13220,1592
13317,1682
13409,1773
13502,1862
13597,1948
13691,2037
13789,2124
13881,2215
13977,2303
14071,2390
14168,2478
14263,2563
14357,2653
14451,2745
14546,2829
14639,2920
14737,3010
14829,3098
14926,3190
15017,3280
15115,3372
15207,3465
15301,3552
15395,3646
15487,3738
15580,3829
15673,3918
15763,4007
15858,4098
15950,4187
16040,4280
16132,4372
16222,4467
16309,4559
13,4650
106,4742
197,4832
290,4924
380,5013
475,5104
567,5195
656,5283
748,5373
843,5462
934,5549
1028,5636
1119,5726
1215,5815
1312,5904
1406,5990
1503,6080
1593,6169
1689,6255
1782,6342
1882,6433
1977,6524
2073,6610
2168,6701
2266,6794
2357,6883
2452,6972
2546,7067
2643,7157
2739,7250
2836,7342
2931,7437
3023,7531
3119,7627
3216,7720
3311,7815
3403,7909
3498,8001
3591,8098
3682,8195
3780,8292
3869,8389
3961,8484
4050,8585
4140,8681
4237,8774
4329,8869
4425,8966
4519,9060
4613,9154
4715,9246
4808,9343
4902,9437
4999,9531
5095,9627
5195,9720
5293,9810
5387,9900
5485,9994
5585,10082
5688,10171
5784,10264
5879,10354
5977,10446
6075,10538
6174,10628
6275,10719
6372,10810
6469,10901
6566,10990
6664,11081
6760,11175
6858,11267
6957,11360
7059,11452
7156,11544
7250,11637
7348,11733
7443,11827
7538,11921
7635,12014
7729,12110
7824,12201
7923,12294
8016,12388
8108,12481
8201,12576
8296,12669
8387,12766
8481,12862
8579,12956
8676,13047
8775,13140
8866,13235
8967,13324
9059,13415
9159,13506
9254,13594
9352,13687
9449,13777
9547,13865
9648,13958
9744,14044
9843,14135
9941,14222
10038,14310
10139,14399
10231,14487
10329,14577
10427,14668
10528,14756
10623,14846
10722,14938
10818,15028
10916,15120
11012,15212
11107,15302
11203,15399
11303,15491
11396,15582
11493,15673
11589,15767
11679,15863
11773,15961
11871,16055
11962,16148
12054,16239
12145,16336
12234,48
12326,141
12419,236
12515,335
12607,429
12701,528
12792,622
12885,718
12982,813
13080,909
13172,1001
13268,1093
13365,1185
13457,1278
13556,1370
13650,1459
13748,1552
13842,1646
13936,1735
14032,1824
14129,1914
14231,2006
14326,2095
14421,2183
14514,2273
14612,2360
14710,2454
14801,2542
14899,2632
14992,2721
15091,2810
15184,2899
15280,2989
15370,3078
15468,3171
15566,3263
15662,3354
15752,3444
15850,3534
15940,3625
16036,3719
16131,3811
16222,3903
16313,3990
20,4077
111,4171
205,4262
301,4356
394,4449
487,4538
579,4630
676,4721
771,4815
871,4902
960,4992
1055,5078
1153,5170
1251,5258
1346,5350
1445,5434
1543,5524
1640,5610
1735,5696
1827,5784
1924,5867
2023,5953
2117,6040
2216,6126
2313,6212
2412,6299
2505,6387
2596,6474
2693,6562
2785,6647
2883,6735
2975,6825
3068,6913
3165,7006
3259,7098
3350,7186
3448,7276
3540,7368
3634,7455
3721,7548
3812,7638
3901,7734
3985,7824
4075,7915
4171,8008
4259,8099
4352,8193
4446,8284
4536,8376
4630,8470
4723,8562
4816,8655
4912,8745
5002,8837
5097,8932
5193,9025
5288,9116
5379,9205
5472,9297
5568,9388
5663,9480
5757,9569
5853,9662
5949,9749
6046,9836
6143,9926
6237,10020
6332,10110
6428,10197
6525,10287
6618,10375
6710,10462
6809,10552
6908,10641
6999,10727
7094,10815
7187,10908
7282,11000
7377,11089
7468,11179
7562,11268
7655,11363
7748,11451
7839,11547
7933,11638
8025,11732
8117,11827
8206,11917
8296,12011
8394,12103
8488,12190
8575,12284
8670,12375
8763,12469
8860,12562
8955,12652
9049,12745
9141,12839
9238,12929
9332,13020
9426,13116
9522,13208
9615,13298
9709,13388
9808,13482
9903,13568
10000,13658
10092,13750
10187,13837
10283,13927
10380,14016
10477,14106
10572,14195
10666,14282
10758,14371
10855,14458
10948,14545
11042,14638
11136,14724
11233,14816
11328,14906
11422,14997
11515,15091
11609,15179
11701,15273
11796,15366
11888,15458
11981,15554
12069,15650
12154,15741
12243,15837
12333,15930
12425,16028
12516,16126
12612,16219
12702,16310
12794,20
12889,115
12987,213
13078,305
13172,403
13270,497
13362,591
13455,685
13553,780
13647,871
13744,965
13839,1057
13937,1149
14031,1237
14129,1330
14223,1423
14322,1513
14417,1604
14512,1693
14608,1778
14704,1870
14802,1957
14898,2045
14994,2136
15089,2224
15184,2314
15283,2399
15376,2490
15471,2579
15565,2668
15663,2756
15755,2851
15853,2940
15944,3032
16039,3122
16134,3214
16225,3307
16316,3399
26,3488
123,3584
213,3677
308,3770
400,3861
500,3954
594,4046
689,4136
784,4229
879,4324
974,4418
1070,4510
1164,4605
1263,4698
1362,4792
1458,4882
1556,4975
1654,5069
1749,5164
1845,5255
1944,5345
2041,5438
2137,5528
2236,5622
2331,5711
2428,5801
2528,5891
2625,5981
2723,6071
2816,6165
2917,6257
3013,6350
3109,6439
3203,6531
3299,6623
3392,6714
3487,6809
3584,6904
3679,6995
3773,7090
3865,7187
3955,7283
4049,7378
4141,7476
4237,7571
4337,7667
4429,7767
4526,7867
4617,7962
4717,8055
4814,8152
4907,8250
5002,8348
5099,8445
5195,8542
5293,8639
5388,8737
5489,8835
5587,8929
5685,9023
5781,9117
5876,9211
5976,9306
6073,9400
6173,9492
6270,9583
6369,9677
6464,9767
6561,9860
6659,9950
6751,10042
6848,10131
6946,10220
7042,10310
7140,10398
7233,10488
7330,10581
7424,10668
7518,10758
7612,10848
7706,10936
7799,11028
7891,11119
7985,11210
8072,11299
8165,11389
8259,11483
8350,11573
8441,11664
8535,11758
8632,11845
8721,11940
8815,12035
8909,12125
9003,12211
9100,12302
9187,12396
9284,12486
9380,12579
9477,12672
9571,12762
9665,12856
9760,12947
9855,13037
9950,13126
10049,13215
10140,13302
10237,13394
10329,13483
10422,13571
10522,13659
10618,13749
10711,13835
10806,13922
10899,14008
10995,14096
11090,14183
11182,14268
11278,14358
11367,14447
11455,14533
11552,14619
11646,14708
11738,14801
11828,14889
11919,14980
12014,15071
12103,15164
12189,15252
12279,15345
12368,15438
12463,15530
12557,15619
12651,15716
12740,15807
12832,15903
12924,15994
13018,16089
13110,16181
13207,16271
13302,16363
13396,74
13489,170
13585,265
13677,358
13772,450
13865,544
13960,638
14059,732
14153,825
14250,912
14346,1004
14441,1095
14535,1186
14634,1276
14729,1366
14823,1457
14916,1543
15010,1631
15106,1716
15201,1806
15295,1893
15386,1983
15481,2070
15574,2158
15668,2246
15764,2334
15856,2423
15950,2511
16039,2598
16130,2685
16216,2777
16308,2865
13,2959
110,3050
199,3137
293,3228
384,3317
478,3411
572,3504
665,3593
754,3688
850,3778
944,3872
1035,3961
1130,4051
1225,4140
1317,4232
1413,4325
1511,4418
1603,4512
1694,4603
1786,4696
1881,4787
1978,4875
2073,4967
2166,5060
2261,5148
2357,5238
2451,5329
2548,5416
2640,5507
2736,5596
2833,5683
2925,5772
3016,5858
3109,5947
3201,6038
3295,6127
3384,6214
3476,6298
3569,6389
3664,6478
3752,6569
3846,6657
3933,6748
4023,6836
4110,6927
4197,7018
4291,7112
4380,7203
4472,7294
4565,7391
4659,7480
4749,7576
4843,7669
4939,7765
5030,7857
5125,7949
5219,8043
5311,8134
5405,8227
5498,8319
5591,8415
5689,8505
5783,8602
5876,8693
5975,8787
6070,8880
6164,8976
6259,9066
6358,9155
6452,9245
6547,9336
6641,9427
6739,9516
6832,9607
6920,9695
7021,9788
7118,9876
7210,9964
7302,10052
7400,10141
7493,10227
7584,10318
7681,10405
7770,10492
7864,10581
7956,10669
8046,10755
8135,10845
8229,10938
8321,11027
8412,11115
8504,11206
8598,11297
8692,11390
8786,11481
8880,11577
8974,11667
9070,11760
9162,11855
9256,11949
9355,12041
9447,12133
9545,12219
9639,12315
9736,12408
9832,12498
9928,12593
10027,12688
10120,12782
10217,12877
10316,12967
10413,13060
10509,13153
10605,13244
10697,13338
10791,13430
10889,13520
10983,13609
11082,13703
11176,13792
11275,13882
11366,13971
11456,14063
11551,14151
11645,14238
11741,14327
11836,14418
11926,14508
12018,14598
12110,14691
12198,14779
12288,14868
12382,14960
12478,15053
12570,15145
12664,15242
12758,15336
12854,15428
12948,15522
13044,15616
13138,15709
13238,15805
13331,15900
13426,15995
13522,16090
13618,16184
13715,16279
13814,16372
13913,85
14010,183
14109,278
14208,375
14303,471
14402,566
14504,661
14600,755
14701,852
14794,946
14895,1038
14993,1130
15090,1226
15188,1317
15287,1410
15387,1501
15484,1595
15580,1690
15674,1777
15770,1866
15868,1959
15967,2047
16064,2140
16160,2232
16250,2326
16346,2416
55,2506
151,2599
245,2692
344,2784
438,2880
535,2973
633,3068
733,3162
830,3258
929,3351
1026,3447
1123,3541
1223,3636
1318,3735
1421,3830
1519,3923
1618,4017
1717,4110
1816,4204
1917,4302
2014,4397
2114,4494
2210,4592
2312,4685
2411,4779
2509,4875
2604,4967
2701,5062
2800,5155
2898,5250
2994,5345
3089,5434
3188,5523
3285,5618
3383,5710
3474,5802
3571,5893
3665,5984
3758,6075
3856,6165
3944,6256
4035,6345
4127,6439
4222,6529
4316,6619
4410,6708
4502,6798
4597,6892
4690,6983
4787,7076
4879,7171
4981,7267
5075,7359
5168,7455
5265,7549
5359,7644
5457,7733
5547,7827
5648,7920
5745,8016
5842,8107
5939,8198
6037,8294
6134,8388
6230,8481
6325,8575
6420,8669
6520,8763
6614,8856
6706,8945
6805,9037
6900,9133
6995,9223
7093,9312
7189,9403
7282,9497
7379,9587
7471,9675
7563,9763
7658,9854
7751,9942
7846,10028
7935,10119
8027,10209
8119,10299
8214,10385
8305,10476
8400,10564
8490,10654
8586,10745
8676,10836
8772,10926
8864,11019
8962,11111
9057,11200
9155,11295
9248,11387
9346,11480
9439,11574
9539,11667
9636,11765
9731,11857
9827,11950
9926,12044
10020,12138
10115,12228
10213,12320
10311,12415
10409,12510
10503,12604
10601,12697
10697,12788
10791,12884
10887,12980
10984,13074
11077,13169
11172,13264
11269,13357
11362,13445
11455,13536
11549,13625
11645,13719
11737,13807
11834,13897
11924,13988
12014,14078
12102,14168
12193,14255
12286,14344
12377,14433
12466,14523
12559,14613
12653,14704
12749,14793
12839,14887
12934,14979
13025,15069
13119,15157
13213,15250
13308,15342
13403,15435
13502,15529
13595,15623
13690,15715
13786,15808
13880,15905
13976,15997
14072,16088
14164,16180
14260,16270
14359,16364
14454,72
14550,166
14645,258
14740,353
14834,443
14928,536
15024,628
15116,721
15210,810
15302,903
15395,993
15492,1081
15587,1172
15680,1262
15773,1352
15865,1439
15958,1524
16046,1614
16138,1702
16228,1788
16319,1877
30,1963
118,2050
214,2139
301,2224
394,2313
485,2401
577,2489
672,2575
768,2665
860,2753
957,2845
1047,2935
1143,3024
1236,3115
1332,3206
1427,3298
1519,3392
1616,3487
1712,3578
1808,3670
1901,3762
1997,3858
2093,3946
2187,4038
2281,4131
2378,4225
2471,4314
2572,4411
2665,4508
2756,4602
2852,4695
2948,4786
3038,4880
3134,4971
3227,5066
3322,5158
3415,5250
3511,5341
3603,5434
3694,5524
3787,5617
3876,5707
3964,5798
4052,5889
4145,5981
4236,6073
4330,6162
4421,6251
4514,6341
4608,6434
4699,6528
4794,6617
4885,6707
4981,6800
5076,6890
5170,6986
5264,7077
5361,7171
5456,7263
5551,7359
5650,7456
5746,7550
5841,7643
5939,7737
6034,7832
6133,7927
6229,8021
6324,8114
6420,8209
6516,8304
6608,8398
6705,8493
6803,8587
6900,8681
6992,8777
7087,8868
7182,8960
7278,9053
7370,9145
7462,9237
7558,9332
7650,9422
7745,9511
7837,9600
7928,9689
8021,9780
8111,9866
8198,9954
8289,10046
8386,10133
8478,10218
8572,10306
8662,10395
8759,10480
8853,10568
8947,10658
9038,10746
9134,10834
9230,10927
9328,11014
9424,11107
9519,11196
9614,11287
9708,11377
9804,11468
9899,11561
10000,11655
10093,11749
10189,11842
10285,11935
10381,12028
10481,12118
10580,12208
10676,12304
10767,12400
10866,12495
10964,12586
11057,12683
11158,12780
11255,12872
11353,12971
11444,13064
11538,13156
11633,13252
11726,13347
11821,13441
11916,13532
12010,13626
12104,13719
12195,13813
12285,13902
12378,13997
12474,14087
12569,14181
12665,14273
12758,14369
12855,14455
12955,14550
13052,14643
13143,14732
13243,14826
13336,14917
13436,15013
13537,15107
13632,15200
13735,15295
13832,15389
13927,15484
14026,15583
14132,15678
14227,15771
14325,15870
14424,15967
14523,16062
14621,16159
14723,16253
14821,16346
14916,61
15012,157
15112,258
15213,349
15307,449
15403,543
15500,639
15596,735
15693,831
15787,924
15885,1019
15980,1112
16073,1203
16170,1295
16260,1388
16355,1483
64,1570
155,1660
254,1749
346,1839
438,1930
531,2025
630,2108
720,2198
816,2289
912,2376
1007,2468
1102,2555
1201,2642
1295,2731
1393,2821
1485,2911
1581,3001
1678,3090
1772,3180
1869,3273
1970,3364
2067,3453
2160,3545
2262,3638
2352,3731
2447,3823
2543,3912
2639,4003
2729,4092
2832,4183
2921,4274
3015,4369
3113,4462
3201,4557
3298,4649
3392,4742
3481,4833
3575,4924
3668,5017
3759,5110
3853,5200
3939,5290
4030,5382
4116,5470
4207,5560
4298,5649
4392,5738
4486,5831
4576,5919
4674,6007
4768,6096
4861,6186
4955,6273
5048,6363
5142,6454
5236,6545
5332,6632
5430,6720
5524,6814
5617,6906
5716,6997
5810,7088
5910,7180
6004,7270
6097,7364
6196,7454
6291,7551
6389,7648
6485,7742
6581,7838
6676,7930
6770,8025
6870,8117
6959,8209
7057,8303
7154,8399
7246,8495
7344,8591
7436,8684
7532,8776
7628,8875
7719,8968
7816,9058
7906,9153
7998,9245
8091,9338
8180,9430
8270,9523
8365,9613
8462,9704
8556,9797
8651,9886
8742,9973
8837,10063
8933,10155
9029,10248
9122,10334
9215,10422
9313,10511
9409,10600
9505,10690
9598,10780
9694,10868
9791,10957
9886,11043
9984,11132
10080,11224
10178,11315
10271,11405
10366,11492
10462,11589
10558,11677
10653,11769
10747,11862
10840,11954
10936,12045
11032,12133
11128,12222
11218,12317
11313,12405
11405,12499
11496,12590
11590,12684
11680,12771
11772,12868
11863,12958
11957,13046
12047,13138
12138,13230
12222,13320
12312,13410
12405,13500
12495,13587
12587,13677
12681,13770
12772,13858
12865,13946
12954,14032
13048,14123
13143,14210
13235,14299
13329,14385
13422,14472
13517,14563
13609,14652
13704,14740
13799,14829
13894,14922
13988,15010
14085,15097
14179,15192
14275,15279
14371,15373
14466,15464
14562,15556
14658,15646
14752,15738
14847,15833
14940,15925
15036,16020
15130,16115
15225,16210
15318,16301
15414,10
15505,105
15599,197
15699,293
15789,386
15882,481
15976,573
16071,669
16163,762
16250,854
16341,947
49,1043
142,1134
234,1226
326,1315
419,1407
515,1498
609,1587
702,1680
799,1768
889,1858
992,1948
1084,2036
1179,2124
1279,2211
1374,2305
1466,2392
1561,2479
1654,2568
1751,2658
1850,2748
1947,2842
2045,2930
2138,3022
2235,3111
2333,3201
2428,3293
2525,3387
2618,3479
2714,3571
2813,3665
2904,3756
3000,3851
3097,3940
3190,4029
3288,4121
3380,4215
3471,4308
3567,4401
3661,4490
3752,4586
3847,4682
3938,4775
4024,4859
4118,4954
4209,5046
4303,5138
4396,5229
4490,5319
4582,5409
4679,5502
4772,5592
4868,5682
4968,5771
5059,5862
5157,5950
5252,6038
5346,6128
5441,6216
5537,6307
5638,6395
5738,6488
5839,6579
5936,6668
6027,6761
6126,6851
6228,6943
6328,7035
6423,7128
6517,7220
6615,7313
6714,7411
6811,7508
6911,7602
7007,7698
7103,7793
7200,7889
7300,7983
7401,8077
7494,8175
7586,8270
7686,8367
7782,8463
7880,8560
7974,8657
8065,8752
8156,8850
8254,8947
8349,9041
8447,9135
8543,9230
8637,9327
8737,9424
8833,9517
8928,9612
9024,9707
9122,9800
9221,9892
9320,9982
9416,10074
9517,10165
9615,10253
9716,10344
9815,10433
9913,10529
10010,10619
10111,10711
10213,10807
10308,10900
10406,10991
10504,11081
10605,11177
10704,11267
10799,11363
10898,11455
10997,11551
11093,11642
11191,11738
11286,11832
11381,11931
11480,12024
11570,12120
11668,12210
11763,12305
11859,12401
11952,12494
12046,12591
12134,12686
12225,12780
12317,12877
12412,12969
12504,13062
12595,13158
12689,13251
12785,13342
12883,13433
12975,13527
13071,13619
13165,13711
13260,13800
13357,13890
13453,13978
13548,14068
13645,14155
13738,14245
13834,14337
13928,14425
14027,14512
14121,14602
14218,14694
14318,14784
14414,14877
14507,14967
14602,15059
14699,15149
14794,15239
14887,15330
14988,15420
15079,15514
15174,15608
15267,15700
15362,15796
15459,15888
15551,15985
15646,16080
15741,16173
15835,16261
15927,16356
16020,69
16112,161
16203,259
16290,352
16382,446
91,538
182,633
271,725
366,821
461,914
553,1005
645,1098
736,1188
833,1277
930,1371
1021,1462
1117,1553
1212,1639
1305,1732
1402,1820
1496,1908
1592,1998
1691,2084
1784,2169
1878,2260
1977,2350
2071,2439
2167,2528
2264,2617
2364,2706
2458,2793
2552,2884
2648,2975
2741,3064
2837,3156
2932,3243
3024,3335
3120,3423
3218,3516
3311,3609
3402,3701
3493,3793
3587,3883
3679,3972
3771,4063
3862,4153
3952,4245
4038,4338
4126,4428
4214,4521
4311,4611
4403,4704
4495,4797
4584,4886
4676,4976
4767,5067
4862,5158
4956,5245
5050,5333
5141,5421
5238,5511
5331,5602
5423,5687
5520,5773
5614,5859
5708,5946
5800,6030
5896,6116
5990,6203
6083,6287
6172,6375
6269,6462
6364,6551
6459,6639
6553,6725
6648,6811
6740,6898
6829,6989
6925,7077
7021,7165
7113,7256
7206,7346
7301,7433
7392,7526
7485,7616
7575,7707
7666,7800
7757,7890
7845,7981
7936,8066
8026,8158
8113,8247
8203,8338
8295,8428
8386,8518
8479,8606
8569,8698
8657,8790
8750,8883
8842,8973
8936,9063
9029,9151
9123,9243
9218,9331
9312,9423
9404,9508
9497,9599
9592,9691
9689,9777
9780,9865
9872,9953
9966,10042
10064,10128
10161,10216
10256,10307
10347,10392
10445,10478
10535,10571
10630,10658
10723,10746
10813,10833
10907,10922
11001,11010
11101,11100
11188,11190
11283,11280
11374,11371
11468,11465
11557,11558
11650,11646
11740,11739
11834,11830
11925,11920
12017,12017
12104,12107
12192,12198
12280,12289
12367,12378
12458,12466
12549,12561
12642,12655
12733,12746
12827,12838
12920,12929
13015,13019
13107,13111
13197,13200
13292,13287
13384,13379
13478,13468
13572,13555
13667,13643
13762,13728
13856,13819
13949,13907
14048,13992
14144,14079
14242,14165
14336,14252
14429,14341
14526,14429
14618,14515
14714,14600
14806,14692
14908,14779
15000,14867
15095,14955
15192,15048
15282,15135
15376,15224
15472,15315
15566,15407
15656,15498
15752,15587
15848,15681
15942,15771
16034,15867
16127,15959
16218,16051
16308,16143
16,16236
107,16324
198,35
293,127
389,219
479,312
574,403
667,501
763,593
858,681
953,774
1049,868
1145,961
1240,1049
1336,1140
1436,1231
1530,1322
1626,1411
1723,1501
1819,1589
1918,1680
2015,1771
2113,1861
2208,1949
2305,2038
2401,2129
2496,2218
2590,2306
2691,2395
2783,2485
2882,2578
2974,2667
3070,2760
3164,2853
3257,2946
3352,3039
3446,3134
3541,3225
3634,3321
3731,3417
3823,3516
3917,3608
4003,3703
4095,3800
4189,3893
4284,3984
4374,4080
4469,4178
4564,4272
4661,4369
4757,4466
4855,4560
4951,4652
5047,4750
5142,4846
5241,4939
5338,5035
5434,5130
5534,5223
5632,5316
5729,5409
5827,5502
5929,5596
6028,5687
6128,5779
6226,5869
6323,5963
6420,6058
6520,6149
6617,6239
6717,6331
6814,6424
6912,6519
7011,6612
7107,6708
7202,6801
7300,6897
7397,6990
7494,7087
7590,7182
7687,7282
7784,7375
7882,7473
7975,7571
8063,7669
8156,7768
8250,7866
8345,7963
8442,8056
8537,8152
8632,8253
8724,8348
8822,8445
8921,8543
9014,8637
9110,8730
9209,8824
9305,8922
9397,9021
9494,9117
9592,9205
9690,9300
9785,9391
9878,9483
9977,9575
10072,9665
10173,9753
10271,9845
10365,9937
10461,10023
10556,10113
10653,10202
10748,10292
10845,10383
10942,10471
11039,10561
11131,10647
11228,10736
11321,10826
11415,10917
11508,11005
11603,11094
11696,11185
11790,11276
11883,11367
11976,11459
12063,11551
12153,11647
12240,11739
12336,11830
12427,11924
12521,12017
12616,12108
12711,12194
12800,12285
12892,12378
12989,12469
13084,12565
13179,12659
13274,12751
13368,12846
13465,12936
13562,13031
13656,13125
13753,13213
13848,13306
13943,13398
14042,13492
14138,13582
14239,13670
14332,13765
14430,13856
14527,13944
14621,14034
14717,14123
14816,14212
14913,14302
15011,14395
15104,14486
15203,14578
15297,14668
15395,14758
15491,14850
15584,14943
15676,15035
15771,15129
15865,15220
15962,15316
16058,15410
16148,15501
16239,15599
16331,15693
40,15786
132,15884
222,15978
316,16073
411,16166
506,16259
600,16353
697,63
791,157
885,255
984,349
1076,444
1171,537
1266,630
1360,721
1458,814
1553,907
1648,997
1744,1089
1839,1179
1935,1271
2034,1362
2128,1451
2221,1542
2317,1629
2413,1722
2508,1810
2602,1899
2697,1983
2792,2071
2887,2161
2981,2247
3074,2338
3165,2426
3261,2516
3353,2606
3443,2689
3538,2779
3630,2873
3724,2961
3812,3053
3902,3140
3988,3229
4078,3320
4168,3408
4261,3504
4352,3594
4446,3683
4540,3777
4632,3869
4725,3956
4818,4046
4911,4136
5008,4231
5097,4324
5193,4417
5287,4509
5378,4599
5473,4690
5572,4783
5666,4878
5765,4965
5860,5059
5955,5148
6051,5237
6145,5327
6243,5420
6339,5510
6437,5600
6528,5687
6624,5775
6717,5868
6814,5957
6911,6045
7009,6135
7102,6225
7194,6315
7291,6401
7386,6493
7477,6586
7571,6677
7668,6769
7758,6858
7850,6952
7942,7044
8033,7135
8124,7228
8218,7320
8309,7415
8398,7510
8493,7602
8584,7700
8676,7798
8769,7888
8864,7984
8958,8072
9054,8170
9146,8263
9242,8357
9339,8451
9436,8544
9527,8640
9621,8730
9715,8825
9815,8917
9907,9009
10002,9101
10099,9193
10195,9284
10290,9375
10387,9464
10480,9554
10578,9643
10672,9733
10768,9821
10862,9906
10958,9998
11052,10087
11148,10174
11244,10262
11331,10351
11425,10438
11520,10525
11611,10616
11704,10704
11799,10793
11891,10883
11985,10974
12074,11061
12161,11152
12252,11243
12341,11337
12434,11426
12525,11520
12618,11612
12714,11707
12807,11799
12904,11891
12996,11984
13090,12074
13183,12164
13275,12259
13374,12350
13471,12445
13569,12536
13663,12627
13757,12720
13854,12816
13952,12910
14051,13004
14151,13095
14248,13188
14342,13278
14439,13370
14538,13463
14635,13553
14731,13647
14828,13737
14924,13828
15021,13917
15121,14011
15218,14102
15315,14195
15412,14283
15506,14372
15603,14464
15699,14554
15796,14646
15888,14739
15983,14830
16076,14923
16174,15015
16264,15112
16359,15207
68,15299
161,15389
255,15486
350,15583
448,15680
542,15777
639,15875
738,15969
834,16064
929,16159
1029,16252
1129,16349
1220,60
1318,157
1414,254
1514,350
1610,441
1708,537
1803,631
1902,724
1997,820
2095,916
2191,1008
2289,1098
2384,1192
2487,1286
2583,1374
2679,1467
2778,1561
2872,1648
2968,1740
3063,1830
3160,1918
3257,2008
3356,2097
3449,2188
3545,2277
3642,2364
3728,2458
3824,2547
3913,2641
4003,2733
4093,2826
4189,2916
4282,3009
4373,3101
4469,3194
4563,3285
4658,3377
4754,3472
4851,3564
4944,3656
5037,3752
5136,3846
5234,3937
5331,4030
5425,4124
5519,4215
5617,4307
5716,4406
5814,4500
5908,4596
6006,4686
6109,4783
6202,4873
6298,4963
6395,5058
6491,5150
6585,5243
6683,5334
6780,5426
6876,5517
6970,5605
7062,5693
7159,5782
7250,5875
7348,5962
7441,6055
7537,6146
7629,6232
7726,6320
7815,6414
7908,6505
7999,6597
8087,6687
8174,6776
8269,6867
8357,6957
8453,7051
8544,7144
8638,7233
8734,7324
8827,7419
8914,7512
9011,7607
9106,7700
9202,7794
9293,7885
9382,7979
9479,8069
9571,8158
9664,8253
9758,8346
9854,8436
9949,8526
10048,8621
10145,8712
10238,8804
10328,8897
10424,8990
10520,9079
10615,9172
10708,9258
10802,9347
10896,9435
10990,9526
11082,9610
11173,9702
11267,9790
11363,9878
11459,9965
11552,10054
11638,10139
11731,10227
11820,10319
11916,10406
12006,10493
12095,10581
12180,10672
12274,10760
12365,10849
12459,10939
12549,11026
12645,11116
12736,11207
12829,11300
12924,11394
13016,11484
13108,11575
13205,11664
13301,11758
13396,11853
13491,11945
13583,12043
13681,12131
13778,12217
13871,12307
13971,12402
14066,12497
14161,12593
14257,12686
14354,12778
14448,12873
14543,12962
14639,13057
14738,13149
14834,13240
14931,13331
15023,13423
15121,13513
15218,13601
15313,13696
15409,13782
15503,13872
15596,13963
15687,14052
15784,14144
15882,14235
15974,14322
16065,14416
16154,14506
16242,14594
16335,14685
43,14775
134,14864
226,14954
317,15049
408,15137
505,15229
598,15322
691,15415
781,15505
876,15600
968,15693
1058,15785
1155,15876
1249,15969
1344,16066
1437,16156
1532,16249
1629,16335
1721,42
1818,133
1913,228
2006,319
2100,412
2194,505
2287,596
2382,686
2477,780
2572,871
2665,955
2760,1045
2853,1137
2943,1229
3037,1317
3129,1406
3222,1489
3312,1576
3406,1666
3499,1754
3592,1843
3683,1931
3773,2020
3864,2106
3955,2196
4041,2280
4131,2367
4224,2457
4318,2545
4410,2636
4502,2724
4596,2814
4690,2903
4779,2996
4873,3087
4967,3179
5062,3270
5159,3362
5256,3455
5352,3550
5448,3644
5545,3739
5641,3831
5736,3919
5832,4007
5930,4098
6024,4193
6123,4285
6221,4378
6318,4473
6415,4566
6509,4661
6605,4756
6706,4847
6801,4942
6896,5034
6995,5124
7089,5214
7188,5310
7283,5400
7379,5490
7472,5582
7566,5672
7659,5765
7753,5854
7851,5944
7945,6032
8034,6123
8122,6211
8211,6302
8309,6394
8402,6485
8496,6579
8589,6671
8680,6759
8776,6853
8871,6943
8965,7035
9060,7127
9151,7223
9249,7314
9342,7407
9439,7500
9535,7594
9630,7690
9723,7782
9818,7875
9915,7972
10008,8059
10104,8150
10205,8241
10295,8339
10391,8433
10488,8522
10584,8617
10682,8708
10778,8802
10870,8892
10967,8983
11062,9076
11157,9171
11252,9263
11344,9352
11440,9444
11538,9533
11629,9625
11725,9717
11820,9804
11915,9890
12009,9979
12098,10071
12188,10158
12281,10250
12376,10340
12469,10431
12563,10520
12660,10613
12752,10703
12850,10793
12945,10887
13044,10982
13143,11074
13238,11166
13338,11260
13441,11357
13537,11452
13637,11548
13737,11645
13837,11738
13933,11836
14034,11933
14139,12031
14243,12126
14338,12222
14437,12321
14536,12414
14641,12510
14741,12608
14842,12705
14939,12804
15040,12905
15140,13002
15240,13100
15336,13196
15436,13296
15535,13390
15633,13488
15726,13586
15827,13679
15927,13774
16023,13870
16120,13962
16209,14059
16303,14153
16,14249
107,14343
209,14437
305,14533
399,14626
494,14720
590,14814
686,14907
783,15003
876,15100
973,15195
1069,15294
1169,15387
1262,15484
1361,15580
1460,15675
1557,15771
1656,15867
1752,15963
1846,16058
1947,16155
2042,16246
2136,16340
2235,51
2334,145
2432,241
2524,334
2624,430
2720,525
2813,618
2910,711
2999,806
3100,898
3195,992
3291,1084
3386,1174
3478,1261
3575,1357
3670,1445
3766,1536
3857,1623
3950,1711
4033,1799
4133,1889
4221,1980
4318,2068
4413,2158
4507,2248
4605,2338
4697,2427
4794,2515
4889,2604
4987,2694
5085,2783
5182,2877
5279,2971
5372,3062
5471,3154
5571,3244
5670,3338
5770,3431
5864,3529
5963,3624
6064,3715
6160,3808
6256,3902
6356,3997
6455,4088
6557,4184
6654,4275
6749,4374
6846,4471
6942,4566
7042,4661
7138,4758
7233,4853
7333,4948
7426,5043
7519,5139
7614,5237
7711,5331
7803,5424
7897,5518
7995,5615
8084,5708
8177,5799
8266,5895
8356,5990
8451,6080
8545,6174
8640,6270
8732,6361
8832,6450
8922,6546
9024,6640
9116,6735
9208,6830
9301,6925
9395,7019
9490,7113
9588,7208
9684,7302
9783,7401
9878,7501
9972,7593
10064,7686
10162,7780
10255,7876
10352,7970
10448,8065
10546,8159
10638,8251
10732,8346
10828,8443
10917,8536
11014,8629
11111,8723
11201,8817
11295,8914
11386,9005
11480,9099
11577,9190
11668,9281
11763,9373
11854,9460
11946,9550
12035,9639
12124,9727
12215,9818
12308,9906
12397,9993
12491,10082
12589,10168
12679,10258
12773,10348
12866,10433
12960,10521
13053,10609
13152,10698
13244,10786
13340,10874
13437,10961
13532,11049
13629,11139
13728,11228
13823,11318
13920,11406
14011,11501
14112,11588
14211,11681
14309,11773
14407,11867
14504,11956
14604,12047
14701,12138
14796,12226
14889,12320
14990,12411
15086,12503
15180,12597
15276,12687
15372,12780
15464,12873
15559,12968
15659,13058
15750,13151
15841,13244
15938,13334
16031,13426
16126,13519
16215,13608
16307,13700
14,13793
105,13884
199,13971
291,14062
386,14152
478,14241
569,14333
660,14421
759,14511
853,14600
945,14691
1039,14781
1129,14872
1225,14963
1321,15052
1417,15146
1509,15235
1603,15327
1697,15423
1787,15516
1885,15608
1979,15700
2075,15792
2166,15885
2264,15981
2358,16074
2451,16166
2545,16256
2637,16346
2732,58
2828,150
2922,244
3012,340
3103,434
3197,526
3289,617
3383,711
3474,803
3567,895
3657,986
3750,1077
3839,1166
3927,1256
4017,1346
4110,1436
4196,1527
4288,1616
4380,1708
4474,1795
4568,1881
4659,1969
4755,2056
4849,2147
4944,2236
5040,2323
5134,2416
5227,2502
5322,2589
5419,2677
5516,2767
5613,2854
5708,2946
5806,3035
5903,3125
6002,3215
6102,3307
6201,3397
6293,3490
6389,3582
6489,3675
6580,3766
6677,3858
6776,3950
6877,4036
6973,4130
7068,4224
7163,4319
7261,4413
7357,4505
7453,4600
7547,4694
7640,4786
7734,4880
7833,4970
7925,5065
8020,5156
8110,5248
8202,5340
8294,5437
8390,5528
8483,5622
8580,5709
8672,5799
8766,5893
8861,5982
8954,6073
9054,6164
9149,6258
9243,6351
9342,6445
9438,6535
9532,6629
9629,6718
9725,6813
9825,6907
9921,7001
10016,7094
10114,7189
10211,7282
10307,7378
10406,7475
10502,7570
10600,7667
10699,7762
10792,7855
10888,7954
10985,8048
11083,8141
11174,8238
11269,8332
11368,8431
11467,8529
11562,8625
11656,8717
11753,8813
11846,8913
11941,9006
12035,9105
12126,9195
12217,9289
12315,9385
12408,9477
12498,9570
12596,9660
12690,9753
12787,9848
12888,9941
12985,10033
13078,10124
13172,10218
13274,10306
13372,10397
13473,10489
13569,10577
13663,10665
13764,10761
13863,10853
13966,10943
14067,11033
14165,11126
14264,11218
14362,11311
14460,11402
14559,11494
14664,11587
14762,11683
14862,11776
14963,11871
15059,11966
15158,12059
15256,12148
15355,12240
15451,12336
15550,12431
15649,12524
15741,12620
15840,12715
15939,12808
16033,12903
16125,12995
16217,13091
16309,13185
19,13277
115,13374
202,13468
298,13559
397,13647
491,13741
584,13833
678,13926
775,14019
869,14106
966,14195
1057,14287
1152,14383
1250,14477
1346,14567
1442,14657
1533,14750
1628,14839
1722,14932
1819,15023
1915,15115
2014,15211
2108,15303
2201,15401
2295,15494
2390,15588
2481,15681
2577,15774
2669,15873
2768,15969
2865,16060
2957,16151
3053,16244
3146,16339
3234,51
3332,151
3427,241
3520,336
3611,433
3702,527
3796,622
3887,720
3976,814
4065,909
4155,1001
4248,1091
4341,1187
4435,1281
4531,1370
4624,1461
4722,1552
4813,1641
4912,1731
5009,1820
5100,1912
5197,1997
5293,2087
5390,2179
5486,2266
5588,2356
5686,2443
5783,2533
5878,2622
5976,2712
6080,2802
6180,2894
6275,2983
6367,3074
6468,3163
6568,3258
6666,3348
6761,3438
6861,3530
6960,3624
7054,3717
7154,3809
7245,3902
7341,3988
7441,4079
7535,4172
7626,4263
7720,4357
7816,4454
7912,4544
8005,4639
8095,4732
8185,4824
8279,4916
8367,5011
8460,5097
8555,5193
8650,5286
8744,5375
8835,5468
8931,5558
9027,5651
9117,5743
9209,5834
9302,5925
9400,6018
9498,6106
9591,6198
9688,6283
9782,6374
9878,6465
9972,6556
10064,6648
10158,6741
10251,6829
10351,6922
10445,7019
10542,7111
10634,7201
10728,7294
10820,7386
10915,7480
11011,7575
11103,7669
11197,7766
11286,7857
11380,7952
11477,8041
11567,8134
11663,8230
11755,8322
11846,8416
11940,8511
12029,8606
12118,8705
12207,8799
12298,8891
12388,8981
12477,9076
12571,9169
12667,9258
12758,9350
12854,9443
12947,9532
13040,9625
13136,9716
13236,9809
13330,9897
13425,9986
13522,10074
13615,10165
13716,10252
13808,10343
13907,10430
14001,10519
14099,10610
14198,10699
14298,10788
14396,10875
14491,10968
14594,11057
14690,11150
14785,11239
14883,11333
14981,11423
15077,11512
15173,11605
15268,11698
15368,11790
15463,11883
15557,11975
15651,12064
15748,12156
15842,12249
15940,12339
16035,12434
16129,12525
16219,12619
16312,12713
18,12805
113,12901
206,12994
297,13089
390,13183
486,13271
582,13364
676,13459
771,13549
864,13640
958,13731
1055,13823
1149,13917
1245,14008
1341,14096
1434,14186
1534,14281
1625,14372
1725,14461
1817,14555
1912,14646
2007,14738
2108,14830
2202,14922
2298,15017
2394,15109
2492,15203
2585,15296
2681,15388
2777,15480
2870,15577
2966,15671
3062,15763
3155,15859
3252,15954
3342,16048
3439,16144
3534,16238
3630,16330
3722,41
3817,136
3909,230
3997,330
4093,423
4184,516
4278,613
4375,710
4466,805
4565,901
4661,990
4759,1081
4852,1178
4953,1273
5052,1366
5149,1457
5248,1550
5347,1641
5444,1729
5543,1821
5643,1914
5742,2008
5844,2099
5946,2190
6047,2282
6145,2371
6250,2464
6350,2554
6454,2648
6547,2740
6650,2834
6755,2924
6853,3019
6953,3115
7051,3204
7150,3304
7251,3398
7349,3493
7449,3588
7546,3686
7644,3783
7743,3876
7838,3966
7937,4057
8034,4158
8127,4254
8222,4349
8318,4443
8413,4540
8513,4636
8609,4735
8704,4831
8799,4922
8896,5016
8997,5112
9095,5209
9194,5305
9291,5397
9389,5495
9492,5590
9588,5681
9687,5772
9783,5865
9883,5962
9979,6053
10077,6142
10173,6236
10271,6329
10370,6423
10469,6515
10566,6606
10665,6699
10760,6792
10852,6887
10951,6977
11047,7071
11143,7169
11239,7262
11333,7356
11431,7452
11523,7546
11617,7640
11711,7737
11805,7834
11897,7931
11991,8023
12084,8113
12170,8211
12259,8305
12350,8399
12443,8493
12539,8592
12631,8686
12724,8779
12819,8871
12914,8967
13009,9060
13102,9150
13193,9242
13287,9336
13384,9430
13480,9520
13573,9613
13672,9701
13770,9794
13869,9879
13964,9969
14063,10058
14156,10146
14253,10237
14349,10329
14444,10416
14546,10505
14642,10594
14739,10685
14834,10773
14930,10866
15031,10952
15123,11042
15219,11135
15314,11226
15409,11314
15505,11406
15601,11498
15695,11588
15790,11679
15885,11775
15982,11869
16074,11958
16162,12051
16253,12138
16344,12228
55,12319
146,12410
237,12504
334,12600
425,12693
521,12784
615,12878
710,12969
802,13061
895,13152
991,13242
1084,13338
1181,13428
1271,13522
1368,13612
1464,13699
1558,13788
1654,13881
1750,13969
1842,14058
1941,14145
2031,14235
2129,14325
2225,14414
2319,14502
2414,14596
2505,14681
2606,14769
2698,14859
2792,14948
2886,15043
2979,15131
3069,15221
3163,15311
3257,15405
3346,15494
3439,15591
3534,15684
3626,15775
3715,15869
3802,15960
3897,16050
3988,16141
4075,16233
4161,16323
4257,34
4348,125
4440,220
4532,309
4621,405
4717,500
4809,589
4903,677
4994,770
5086,864
5182,954
5276,1044
5370,1135
5465,1228
5561,1318
5657,1403
5752,1492
5844,1581
5944,1671
6040,1760
6137,1849
6234,1934
6327,2024
6421,2110
6518,2201
6613,2287
6710,2377
6804,2463
6897,2553
6990,2642
7086,2731
7180,2823
7275,2910
7369,2999
7462,3088
7556,3175
7649,3264
7738,3355
7831,3449
7923,3540
8017,3633
8105,3725
8195,3815
8288,3905
8381,3991
8470,4081
8559,4172
8654,4263
8746,4353
8843,4448
8936,4537
9027,4635
9121,4723
9213,4815
9310,4908
9400,4999
9489,5087
9586,5173
9680,5262
9775,5355
9870,5444
9967,5535
10059,5624
10154,5713
10248,5802
10337,5891
10433,5980
10530,6069
10623,6159
10714,6245
10810,6335
10906,6426
10999,6517
11089,6606
11186,6695
11277,6788
11367,6881
11463,6969
11557,7065
11647,7157
11741,7250
11829,7342
11922,7437
12015,7533
12109,7629
12190,7721
12280,7816
12370,7908
12466,8006
12555,8098
12654,8189
12742,8281
12838,8379
12927,8475
13020,8572
13118,8663
13210,8756
13310,8852
13406,8947
13501,9040
13598,9132
13692,9224
13789,9318
13885,9407
13980,9498
14075,9589
14173,9683
14267,9771
14365,9861
14465,9951
14564,10041
14662,10129
14755,10218
14854,10309
14947,10398
15046,10487
15142,10575
15239,10664
15337,10751
15431,10839
15523,10932
15621,11020
15715,11111
15809,11202
15903,11292
15996,11383
16088,11473
16181,11567
16272,11658
16364,11749
73,11840
164,11931
260,12028
356,12118
452,12205
543,12294
635,12389
730,12481
825,12575
917,12671
1012,12764
1108,12857
1204,12949
1301,13040
1394,13132
1492,13221
1589,13315
1691,13410
1788,13496
1882,13586
1981,13678
2076,13768
2173,13860
2273,13949
2369,14040
2467,14134
2562,14221
2659,14316
2757,14407
2856,14501
2950,14590
3045,14681
3144,14776
3241,14871
3335,14967
3434,15066
3532,15159
3630,15252
3722,15347
3820,15443
3916,15544
4002,15642
4095,15738
4190,15837
4292,15934
4386,16032
4483,16130
4581,16228
4676,16325
4775,38
4877,138
4969,237
5067,333
5169,431
5268,532
5369,630
5469,725
5568,824
5667,917
5769,1015
5865,1110
5962,1204
6062,1298
6164,1390
6266,1486
6364,1577
6463,1668
6565,1758
6663,1849
6757,1942
6859,2034
6955,2124
7054,2213
7148,2304
7248,2397
7349,2487
7441,2576
7538,2665
7631,2759
7727,2846
7823,2938
7915,3026
8006,3121
8100,3213
8194,3304
8282,3396
8377,3489
8471,3584
8563,3671
8656,3766
8751,3858
8846,3948
8943,4036
9039,4128
9129,4222
9226,4314
9321,4407
9416,4501
9508,4594
9603,4688
9697,4776
9796,4867
9889,4962
9983,5050
10078,5142
10179,5235
10272,5323
10367,5414
10465,5502
10559,5591
10657,5684
10754,5772
10848,5862
10940,5950
11040,6041
11133,6127
11230,6220
11322,6310
11416,6399
11511,6487
11604,6579
11697,6670
11791,6762
11886,6855
11980,6942
12071,7039
12162,7132
12254,7226
12346,7319
12440,7416
12535,7512
12632,7605
12722,7701
12820,7792
12920,7888
13013,7982
13110,8073
13202,8167
13304,8263
13399,8355
13497,8451
13597,8547
13697,8642
13793,8735
13894,8830
13991,8923
14087,9016
14185,9113
14284,9205
14384,9295
14481,9383
14582,9471
14681,9565
14781,9656
14877,9748
14976,9837
15071,9926
15167,10019
15266,10106
15359,10192
15456,10281
15551,10372
15650,10459
15743,10550
15837,10641
15933,10730
16026,10818
16121,10907
16212,10997
16305,11087
13,11179
106,11270
197,11363
293,11454
385,11547
479,11640
572,11733
670,11825
761,11918
856,12009
949,12100
1045,12191
1137,12280
1233,12373
1327,12465
1424,12560
1519,12655
1616,12747
1707,12838
1803,12933
1894,13023
1995,13117
2088,13210
2184,13302
2277,13394
2372,13487
2469,13577
2568,13667
2663,13760
2754,13851
2848,13944
2944,14033
3035,14124
3127,14217
3218,14306
3311,14398
3410,14487
3497,14578
3591,14669
3681,14761
3774,14855
3862,14947
3954,15041
4044,15132
4132,15224
4225,15317
4315,15408
4407,15503
4497,15595
4594,15692
4690,15788
4782,15882
4871,15975
4968,16069
5061,16162
5153,16254
5249,16347
5346,54
5440,146
5535,240
5631,334
5731,429
5826,522
5920,615
6017,706
6112,798
6208,891
6303,980
6402,1070
6498,1162
6590,1253
6689,1343
6782,1433
6878,1524
6975,1608
7070,1698
7167,1785
7259,1874
7353,1960
7448,2053
7538,2141
7633,2226
7731,2317
7822,2402
7912,2493
8006,2582
8095,2670
8186,2762
8279,2853
8369,2942
8463,3031
8559,3122
8652,3214
8744,3305
8843,3394
8938,3488
9028,3578
9122,3669
9215,3761
9309,3854
9408,3946
9501,4034
9597,4127
9693,4221
9789,4312
9880,4402
9981,4495
10070,4589
10165,4679
10263,4773
10359,4864
10457,4958
10552,5049
10644,5139
10737,5232
10835,5325
10934,5414
11024,5505
11120,5599
11211,5689
11307,5775
11399,5865
11489,5958
11580,6047
11675,6138
11769,6229
11859,6320
11952,6409
12042,6503
12132,6593
12220,6683
12311,6776
12404,6872
12492,6965
12585,7058
12680,7152
12771,7245
12864,7337
12959,7431
13058,7528
13151,7626
13240,7717
13338,7812
13433,7910
13525,8004
13623,8096
13720,8188
13819,8282
13911,8377
14007,8473
14106,8570
14202,8664
14303,8757
14399,8853
14497,8945
14591,9041
14690,9134
14789,9228
14888,9321
14985,9411
15082,9503
15182,9594
15275,9684
15377,9775
15471,9866
15569,9952
15664,10047
15760,10139
15857,10226
15949,10317
16046,10408
16144,10497
16229,10586
16320,10677
32,10766
129,10858
227,10949
321,11040
413,11132
512,11225
603,11321
703,11413
801,11509
894,11602
994,11695
1089,11789
1181,11882
1279,11977
1376,12071
1476,12161
1570,12257
1669,12351
1769,12446
1870,12541
1965,12636
2064,12728
2163,12821
2262,12917
2355,13011
2453,13105
2554,13201
2648,13292
2745,13386
2838,13479
2933,13572
3033,13665
3127,13755
3220,13849
3317,13937
3412,14025
3505,14121
3600,14211
3692,14302
3788,14396
3880,14485
3965,14576
4056,14670
4152,14760
4245,14849
4336,14943
4435,15034
4524,15128
4616,15222
4713,15318
4807,15410
4900,15505
4995,15597
5088,15692
5182,15786
5277,15881
5374,15975
5475,16070
5572,16159
5666,16251
5759,16345
5856,57
5957,146
6051,237
6149,330
6243,427
6341,519
6435,611
6537,703
6629,797
6726,887
6824,978
6919,1067
7013,1157
7106,1251
7203,1340
7298,1428
7394,1517
7485,1605
7580,1692
7675,1777
7770,1862
7865,1951
7955,2041
8047,2129
8136,2218
8228,2307
8321,2394
8413,2483
8503,2572
8599,2662
8693,2753
8787,2842
8883,2931
8973,3021
9066,3110
9162,3202
9254,3294
9348,3386
9443,3479
9537,3570
9635,3661
9725,3753
9824,3847
9917,3937
10017,4025
10111,4116
10207,4208
10304,4302
10394,4393
10492,4484
10585,4578
10681,4674
10776,4764
10868,4856
10960,4947
11057,5039
11151,5133
11246,5222
11339,5312
11434,5402
11528,5492
11618,5581
11709,5672
11802,5761
11897,5851
11989,5944
12079,6029
12166,6120
12256,6210
12347,6300
12437,6387
12528,6480
12622,6572
12716,6661
12808,6753
12900,6844
12996,6934
13089,7026
13180,7120
13275,7215
13370,7304
13465,7397
13557,7492
13654,7583
13752,7677
13844,7769
13936,7862
14035,7955
14133,8044
14231,8135
14324,8229
14423,8319
14516,8413
14610,8504
14705,8597
14805,8690
14896,8780
14991,8870
15086,8962
15184,9057
15279,9145
15375,9234
15471,9328
15565,9418
15656,9506
15748,9591
15842,9679
15935,9767
16027,9853
16121,9942
16209,10030
16298,10119
5,10207
99,10296
191,10382
283,10469
374,10561
466,10649
562,10737
652,10824
748,10918
842,11007
940,11094
1034,11186
1123,11277
1220,11365
1316,11458
1411,11550
1509,11640
1599,11734
1695,11824
1786,11918
1883,12012
1979,12104
2071,12193
2170,12287
2265,12375
2360,12467
2452,12562
2546,12657
2642,12754
2738,12848
2832,12940
2924,13032
3021,13126
3115,13217
3210,13312
3300,13407
3394,13497
3486,13591
3578,13683
3670,13776
3762,13867
3857,13958
3945,14048
4034,14140
4122,14233
4214,14324
4311,14417
4401,14508
4493,14600
4585,14689
4679,14780
4774,14872
4869,14966
4968,15061
5063,15155
5157,15248
5254,15340
5347,15432
5442,15527
5536,15621
5637,15719
5737,15811
5830,15908
5922,16007
6020,16096
6124,16191
6218,16279
6314,16373
6412,84
6506,179
6606,274
6702,367
6798,460
6896,555
6994,649
7091,743
7184,833
7280,926
7375,1019
7469,1109
7562,1202
7662,1290
7756,1377
7845,1471
7939,1558
8029,1647
8125,1734
8216,1824
8307,1914
8400,2003
8495,2091
8590,2178
8683,2268
8778,2358
8874,2450
8971,2537
9064,2628
9160,2716
9252,2807
9350,2899
9446,2990
9544,3081
9641,3170
9737,3265
9835,3361
9930,3454
10028,3546
10124,3640
10221,3735
10314,3829
10416,3923
10512,4012
10606,4104
10704,4202
10802,4298
10899,4396
10992,4492
11090,4585
11189,4681
11281,4778
11384,4875
11480,4970
11573,5066
11668,5164
11764,5258
11858,5353
11953,5449
12048,5541
12139,5638
12229,5734
12321,5827
12415,5921
12511,6016
12608,6112
12704,6208
12796,6300
12895,6394
12996,6490
13094,6584
13189,6679
13287,6778
13384,6874
13480,6971
13577,7063
13679,7163
13779,7261
13877,7361
13975,7458
14076,7560
14174,7653
14275,7755
14374,7851
14477,7954
14576,8050
14675,8143
14779,8237
14875,8337
14973,8433
15072,8534
15170,8633
15272,8729
15369,8825
15466,8920
15566,9018
15667,9112
15761,9202
15859,9298
15952,9397
16048,9490
16141,9580
16235,9672
16327,9765
40,9856
135,9948
232,10040
326,10131
423,10223
519,10310
612,10398
710,10493
806,10579
902,10671
998,10762
1096,10851
1192,10943
1289,11035
1386,11125
1479,11215
1580,11309
1677,11399
1772,11490
1869,11584
1966,11673
2064,11764
2159,11857
2255,11954
2354,12046
2446,12136
2547,12223
2641,12311
2739,12406
2834,12503
2925,12596
3022,12688
3117,12781
3208,12876
3303,12967
3395,13059
3492,13152
3583,13243
3674,13338
3763,13430
3855,13520
3946,13612
4036,13701
4128,13792
4218,13882
4313,13970
4402,14061
4497,14152
4589,14241
4681,14331
4778,14420
4874,14511
4963,14599
5056,14693
5150,14787
5249,14871
5345,14967
5440,15058
5539,15151
5629,15243
5722,15337
5822,15430
5921,15527
6014,15623
6110,15717
6208,15811
6306,15904
6403,15996
6505,16096
6597,16191
6691,16286
6788,16377
6882,87
6975,182
7068,274
7165,371
7263,466
7357,563
7450,657
7545,751
7641,848
7736,939
7828,1033
7923,1123
8013,1215
8102,1312
8194,1398
8285,1490
8382,1582
8473,1671
8563,1760
8660,1848
8757,1937
8848,2027
8941,2118
9038,2205
9132,2294
9223,2382
9320,2470
9413,2556
9509,2644
9604,2731
9699,2822
9791,2907
9885,3001
9982,3090
10078,3177
10175,3271
10272,3363
10369,3450
10462,3538
10559,3630
10653,3720
10746,3815
10842,3902
10939,3990
11034,4079
11126,4170
11219,4260
11314,4351
11404,4443
11497,4534
11587,4624
11681,4713
11775,4802
11866,4893
11958,4984
12049,5071
12135,5161
12221,5249
12312,5339
12403,5429
12492,5516
12583,5605
12675,5695
12764,5781
12858,5865
12946,5954
13042,6040
13136,6130
13225,6216
13321,6306
13410,6392
13507,6479
13598,6567
13693,6657
13789,6744
13882,6833
13974,6923
14073,7014
14167,7106
14261,7196
14359,7288
14453,7380
14545,7472
14640,7564
14736,7657
14831,7749
14926,7843
15017,7938
15113,8029
15207,8122
15302,8214
15394,8305
15486,8402
15581,8497
15677,8588
15769,8681
15861,8776
15954,8869
16045,8961
16134,9050
16226,9146
16316,9236
23,9327
113,9418
204,9511
299,9598
390,9685
482,9774
577,9863
671,9951
763,10037
856,10129
950,10215
1046,10305
1143,10391
1236,10479
1325,10565
1420,10651
1517,10743
1614,10830
1707,10920
1798,11008
1897,11099
1994,11188
2087,11277
2184,11367
2279,11458
2372,11550
2469,11641
2564,11734
2657,11825
2754,11916
2848,12007
2941,12099
3036,12183
3131,12278
3224,12370
3319,12461
3410,12554
3504,12647
3596,12737
3688,12830
3781,12921
3872,13013
3957,13106
4046,13195
4135,13288
4228,13380
4319,13469
4416,13558
4507,13648
4597,13737
4690,13829
4785,13916
4877,14003
4971,14096
5064,14183
5165,14271
5260,14362
5354,14449
5446,14539
5543,14632
5643,14723
5739,14810
5833,14901
5930,14990
6024,15081
6122,15172
6217,15267
6317,15362
6412,15454
6510,15546
6606,15639
6704,15735
6798,15829
6896,15926
6992,16019
7091,16115
7185,16209
7278,16304
7375,18
7471,111
7566,207
7659,300
7756,398
7852,494
7945,589
8038,687
8128,783
8221,877
8316,973
8412,1068
8507,1165
8602,1255
8698,1348
8794,1441
8890,1535
8986,1625
9083,1715
9184,1808
9279,1899
9376,1988
9475,2081
9570,2170
9669,2259
9766,2351
9862,2441
9961,2532
10063,2622
10161,2715
10259,2806
10360,2898
10458,2989
10557,3081
10655,3177
10751,3273
10849,3367
10945,3457
11042,3552
11143,3647
11237,3739
11333,3834
11430,3925
11526,4013
11621,4108
11712,4202
11812,4299
11906,4394
11998,4488
12089,4585
12177,4677
12268,4770
12362,4862
12456,4954
12553,5048
12645,5143
12739,5235
12833,5326
12932,5419
13024,5510
13116,5598
13207,5693
13309,5781
13406,5872
13503,5961
13596,6051
13693,6137
13790,6227
13887,6318
13984,6407
14081,6500
14177,6590
14274,6681
14370,6770
14465,6863
14564,6957
14659,7046
14753,7139
14848,7232
14948,7325
15042,7420
15138,7515
15231,7611
15325,7706
15420,7799
15519,7895
15613,7988
15707,8084
15801,8177
15897,8271
15989,8367
16080,8464
16175,8560
16263,8658
16357,8749
64,8843
159,8940
248,9033
340,9127
433,9219
526,9310
624,9404
721,9495
813,9581
908,9674
1002,9763
1097,9852
1192,9942
1287,10034
1385,10124
1481,10210
1575,10298
1674,10393
1771,10481
1864,10571
1962,10655
2055,10740
2154,10830
2251,10919
2348,11008
2445,11097
2538,11188
2636,11280
2729,11373
2823,11465
2917,11556
3013,11650
3106,11742
3204,11835
3300,11927
3396,12019
3487,12113
3580,12199
3671,12290
3765,12385
3859,12479
3946,12573
4038,12665
4129,12758
4221,12853
4312,12945
4404,13039
4499,13130
4592,13221
4682,13313
4779,13404
4873,13495
4966,13585
5060,13674
5159,13761
5252,13850
5347,13938
5442,14025
5536,14113
5630,14200
5729,14289
5828,14378
5923,14466
6016,14553
6116,14638
6213,14729
6308,14816
6407,14906
6502,14994
6597,15086
6691,15175
6789,15264
6881,15357
6972,15447
7070,15538
7162,15630
7259,15721
7353,15814
7448,15906
7539,16003
7633,16096
7728,16186
7818,16276
7915,16369
8003,78
8091,172
8182,266
8275,362
8367,456
8463,548
8553,644
8645,731
8739,826
8832,917
8924,1006
9015,1101
9110,1190
9204,1280
9302,1371
9392,1461
9489,1551
9584,1641
9681,1729
9780,1814
9871,1902
9968,1993
10064,2081
10156,2168
10257,2258
10348,2348
10446,2432
10542,2524
10636,2610
10730,2700
10826,2787
10924,2877
11018,2968
11112,3061
11205,3151
11299,3240
11393,3334
11488,3427
11580,3519
11673,3612
11772,3706
11859,3798
11953,3891
12046,3983
12132,4074
12218,4167
12312,4260
12404,4355
12496,4452
12587,4545
12680,4641
12772,4736
12867,4829
12964,4926
13057,5016
13149,5109
13245,5201
13339,5295
13436,5386
13529,5478
13623,5573
13720,5664
13816,5756
13914,5845
14011,5936
14106,6026
14203,6117
14296,6208
14393,6298
14487,6389
14587,6483
14680,6576
14780,6666
14873,6756
14970,6847
15066,6942
15161,7033
15259,7127
15357,7221
15450,7316
15543,7409
15636,7500
15731,7597
15825,7691
15921,7790
16018,7886
16110,7980
16202,8074
16291,8167
16383,8260
93,8356
184,8452
273,8551
368,8646
465,8739
561,8839
658,8933
750,9028
848,9122
941,9214
1036,9305
1133,9398
1232,9492
1327,9583
1419,9673
1519,9767
1616,9861
1715,9947
1807,10037
1905,10127
2003,10219
2101,10309
2200,10398
2298,10490
2395,10580
2492,10665
2584,10757
2686,10848
2780,10936
2876,11028
2973,11118
3069,11211
3165,11302
3258,11393
3355,11484
3453,11578
3545,11670
3640,11762
3733,11856
3827,11950
3917,12045
4007,12137
4100,12228
4194,12318
4287,12414
4380,12512
4476,12607
4570,12702
4667,12797
4760,12890
4854,12986
4950,13079
5050,13174
5145,13267
5244,13364
5339,13461
5435,13553
5535,13647
5631,13736
5731,13829
5826,13922
5926,14013
6026,14105
6124,14197
6220,14287
6318,14378
6418,14471
6517,14563
6615,14658
6715,14750
6811,14839
6908,14933
7008,15027
7103,15120
7201,15213
7299,15312
7392,15403
7488,15499
7586,15596
7683,15692
7779,15791
7873,15886
7967,15984
8061,16083
8156,16176
8247,16272
8344,16368
8441,81
8535,179
8631,275
8727,371
8820,470
8919,566
9017,663
9114,762
9206,855
9303,955
9403,1049
9499,1146
9596,1239
9696,1333
9790,1426
9884,1516
9984,1608
10082,1701
10181,1791
10276,1880
10376,1971
10473,2062
10569,2151
10665,2244
10760,2330
10857,2418
10950,2507
11048,2596
11140,2685
11235,2771
11328,2862
11421,2953
11515,3042
11605,3132
11700,3220
11792,3309
11880,3401
11974,3491
12063,3579
12151,3673
12237,3762
12328,3855
12421,3940
12512,4025
12601,4116
12690,4206
12784,4296
12877,4384
12970,4476
13064,4569
13154,4659
13242,4749
13337,4837
13431,4927
13524,5012
13618,5102
13710,5190
13803,5278
13900,5364
13992,5451
14086,5539
14182,5625
14276,5712
14373,5799
14464,5886
14559,5970
14654,6058
14744,6143
14844,6229
14937,6315
15029,6403
15121,6491
15217,6580
15311,6667
15401,6752
15497,6842
15589,6932
15685,7022
15776,7113
15866,7202
15961,7292
16054,7386
16142,7480
16233,7570
16320,7664
29,7757
123,7849
214,7942
307,8032
402,8124
492,8217
586,8309
679,8402
773,8497
864,8592
961,8687
1056,8776
1145,8870
1245,8960
1340,9057
1435,9146
1530,9239
1626,9332
1720,9423
1815,9514
1910,9602
2009,9696
2103,9784
2197,9872
2293,9963
2388,10049
2483,10137
2577,10229
2673,10315
2768,10403
2862,10492
2954,10583
3050,10671
3142,10759
3234,10846
3329,10937
3420,11027
3511,11115
3604,11204
3697,11296
3789,11382
3882,11474
3969,11563
4058,11656
4146,11746
4237,11839
4327,11927
4419,12017
4510,12108
4604,12195
4697,12284
4787,12370
4876,12461
4972,12551
5066,12641
5163,12730
5256,12822
5351,12911
5444,13000
5538,13090
5633,13178
5730,13266
5826,13355
5922,13446
6014,13533
6108,13618
6206,13706
6299,13794
6397,13875
6490,13964
6584,14049
6681,14137
6775,14220
6863,14309
6960,14395
7057,14481
7151,14564
7242,14650
7336,14735
7428,14824
7521,14912
7617,15000
7708,15089
7802,15179
7893,15269
7981,15359
8072,15448
8161,15543
8253,15634
8345,15723
8437,15814
8530,15907
8625,16003
8714,16095
8812,16190
8901,16279
8997,16367
9092,79
9187,170
9282,264
9380,359
9470,450
9565,540
9662,631
9757,727
9851,817
9945,914
10042,1004
10139,1097
10235,1187
10327,1276
10426,1361
10522,1451
10620,1543
10713,1633
10808,1721
10906,1810
10995,1898
11091,1986
11188,2076
11282,2164
11377,2252
11470,2340
11565,2432
11658,2519
11752,2610
11842,2701
11935,2791
12031,2880
12119,2972
12207,3065
12298,3157
12390,3248
12481,3344
12576,3436
12670,3530
12766,3624
12858,3716
12952,3810
13049,3902
13143,3990
13239,4081
13333,4175
13430,4270
13527,4367
13618,4460
13715,4556
13815,4648
13912,4738
14006,4832
14105,4924
14204,5018
14300,5110
14397,5199
14495,5290
14595,5382
14693,5473
14788,5565
14887,5655
14987,5743
15085,5830
15181,5920
15275,6009
15371,6102
15467,6190
15566,6278
15663,6368
15759,6460
15857,6549
15954,6642
16052,6730
16143,6822
16238,6913
16329,7007
41,7100
134,7194
228,7286
325,7384
421,7478
517,7573
613,7669
717,7763
812,7859
911,7956
1007,8047
1101,8145
1205,8240
1303,8335
1404,8431
1500,8527
1599,8626
1694,8720
1790,8817
1894,8913
1994,9007
2095,9099
2193,9196
2293,9290
2394,9386
2493,9476
2587,9571
2686,9662
2785,9758
2884,9847
2979,9941
3075,10033
3174,10122
3273,10216
3366,10308
3464,10404
3562,10494
3655,10586
3752,10677
3844,10768
3935,10858
4025,10953
4115,11047
4212,11140
4304,11234
4399,11329
4494,11425
4592,11518
4684,11613
4779,11712
4877,11805
4974,11903
5072,11998
5164,12094
5262,12185
5358,12281
5459,12375
5554,12471
5651,12572
5751,12666
5845,12760
5939,12855
6042,12949
6138,13045
6232,13138
6333,13235
6431,13327
6529,13423
6628,13514
6726,13606
6821,13697
6918,13790
7015,13881
7111,13970
7209,14061
7304,14153
7400,14244
7495,14337
7590,14426
7685,14513
7779,14604
7875,14696
7969,14785
8059,14878
8150,14974
8246,15064
8341,15156
8431,15252
8530,15341
8623,15438
8718,15529
8814,15624
8911,15717
9006,15812
9100,15906
9196,16000
9291,16097
9387,16193
9485,16285
9578,16380
9676,91
9773,185
9869,280
9966,377
10064,470
10163,563
10259,658
10352,749
10449,844
10546,934
10644,1027
10741,1122
10833,1212
10929,1306
11027,1399
11122,1490
11220,1580
11312,1667
11400,1757
11493,1849
11587,1939
11680,2026
11776,2115
11871,2206
11963,2295
12053,2383
12141,2472
12231,2562
12318,2651
12410,2740
12502,2833
12591,2925
12686,3017
12778,3108
12871,3199
12964,3290
13055,3382
13151,3477
13244,3569
13341,3661
13432,3754
13528,3847
13623,3936
13718,4026
13812,4120
13909,4212
13999,4307
14098,4401
14194,4497
14289,4588
14386,4680
14479,4771
14575,4865
14671,4957
14770,5050
14865,5143
14957,5232
15057,5325
15150,5415
15242,5504
15337,5593
15427,5683
15525,5771
15622,5861
15715,5952
15812,6041
15907,6133
15999,6223
16091,6311
16182,6402
16272,6488
16364,6580
70,6668
163,6760
259,6848
349,6942
443,7035
538,7126
634,7215
728,7309
820,7403
914,7496
1012,7589
1107,7680
1205,7776
1299,7872
1396,7964
1488,8056
1585,8148
1681,8240
1774,8333
1869,8428
1965,8523
2064,8618
2158,8709
2250,8803
2351,8896
2442,8992
2537,9081
2630,9173
2726,9263
2823,9352
2915,9441
3007,9534
3103,9624
3195,9713
3286,9799
3381,9888
3466,9979
3561,10068
3655,10154
3747,10245
3839,10333
3926,10419
4011,10507
4103,10596
4192,10686
4284,10774
4373,10861
4468,10952
4559,11044
4651,11133
4744,11221
4836,11312
4929,11404
5020,11496
5112,11585
5207,11678
5301,11771
5394,11865
5494,11957
5588,12049
5680,12139
5776,12230
5871,12318
5964,12412
6058,12507
6158,12600
6254,12691
6346,12784
6441,12876
6536,12966
6628,13057
6729,13149
6825,13243
6918,13332
7014,13423
7108,13513
7203,13600
7296,13691
7391,13780
7484,13868
7573,13958
7669,14044
7764,14132
7856,14220
7946,14311
8040,14400
8128,14487
8222,14576
8312,14664
8405,14753
8498,14844
8590,14935
8681,15022
8776,15115
8873,15208
8967,15299
9060,15390
9156,15486
9252,15576
9344,15667
9440,15762
9538,15855
9633,15951
9724,16044
9824,16136
9918,16228
10014,16324
10109,29
10204,124
10300,216
10395,310
10489,405
10586,497
10682,592
10778,685
10875,779
10969,871
11064,964
11157,1055
11249,1145
11344,1237
11438,1327
11532,1415
11626,1505
11719,1598
11814,1686
11907,1774
11995,1864
12090,1956
12179,2042
12268,2134
12361,2222
12451,2312
12544,2401
12636,2490
12730,2578
12825,2671
12922,2766
13011,2854
13111,2947
13205,3038
13302,3129
13400,3221
13495,3314
13591,3411
13686,3504
13786,3602
13883,3694
13981,3789
14079,3881
14177,3972
14274,4063
14374,4157
14473,4253
14570,4345
14669,4443
14769,4539
14865,4635
14965,4728
15061,4823
15164,4913
15261,5004
15357,5098
15456,5194
15553,5281
15648,5374
15745,5467
15845,5560
15942,5650
16037,5744
16134,5836
16222,5923
16316,6014
27,6105
121,6197
218,6288
313,6379
411,6471
504,6568
602,6656
700,6748
794,6842
891,6937
988,7030
1085,7124
1185,7218
1280,7309
1373,7406
1470,7502
1570,7597
1665,7692
1764,7788
1862,7885
1962,7979
2057,8070
2152,8164
2249,8258
2344,8355
2443,8448
2541,8545
2636,8639
2730,8730
2822,8828
2918,8918
3012,9010
3105,9102
3201,9193
3292,9281
3387,9372
3481,9464
3573,9552
3666,9639
3756,9731
3849,9821
3938,9907
4024,9996
4118,10083
4207,10170
4299,10261
4392,10347
4483,10433
4574,10525
4668,10610
4763,10698
4854,10787
4944,10876
5040,10964
5137,11057
5235,11149
5329,11239
5424,11331
5519,11425
5615,11519
5711,11611
5804,11708
5902,11798
6000,11892
6097,11990
6193,12080
6289,12169
6384,12264
6482,12358
6581,12454
6675,12550
6771,12647
6868,12740
6963,12836
7061,12931
7159,13025
7253,13121
7349,13217
7443,13312
7540,13405
7634,13495
7730,13589
7822,13681
7915,13773
8006,13865
8100,13958
8192,14050
8282,14140
8378,14231
8472,14324
8567,14415
8661,14506
8756,14596
8849,14691
8942,14781
9038,14873
9134,14967
9232,15058
9326,15150
9421,15247
9516,15339
9612,15435
9711,15527
9805,15623
9901,15717
9997,15811
10092,15907
10187,16002
10282,16099
10381,16194
10476,16286
10570,16377
10665,89
10758,183
10849,279
10945,377
11041,470
11135,564
11228,660
11324,755
11414,845
11509,935
11603,1030
11697,1121
11790,1210
11881,1301
11970,1393
12062,1482
12148,1572
12235,1657
12325,1745
12416,1835
12507,1922
12604,2011
12695,2098
12784,2190
12875,2273
12971,2359
13063,2448
13154,2534
13248,2622
13344,2713
13441,2800
13535,2892
13628,2982
13720,3070
13817,3160
13913,3251
14006,3342
14102,3433
14194,3524
14295,3615
14390,3705
14488,3800
14581,3892
14676,3980
14771,4069
14869,4163
14965,4258
15064,4352
15158,4446
15254,4540
15348,4634
15443,4725
15535,4819
15631,4911
15724,5003
15822,5095
15911,5184
16007,5279
16097,5370
16191,5459
16281,5549
16372,5640
81,5729
174,5819
268,5910
362,5998
456,6086
550,6175
643,6265
735,6352
828,6443
924,6531
1017,6621
1118,6708
1212,6802
1305,6891
1404,6983
1496,7075
1589,7166
1682,7258
1781,7348
1879,7441
1971,7535
2066,7627
2162,7723
2261,7814
2355,7907
2449,8001
2543,8094
2639,8184
2736,8280
2828,8374
2921,8468
3019,8562
3113,8656
3205,8747
3301,8845
3392,8937
3483,9029
3577,9124
3670,9221
3767,9312
3855,9399
3942,9495
4034,9585
4124,9675
4212,9766
4305,9854
4396,9945
4492,10034
4583,10123
4676,10213
4772,10302
4862,10391
4960,10479
5057,10569
5151,10660
5246,10747
5342,10839
5437,10932
5533,11020
5626,11110
5726,11198
5825,11292
5922,11381
6015,11474
6114,11569
6210,11658
6306,11753
6406,11847
6499,11943
6594,12034
6691,12123
6789,12214
6888,12308
6985,12399
7083,12497
7177,12588
7274,12681
7368,12777
7460,12873
7558,12965
7655,13060
7750,13151
7843,13244
7938,13337
8030,13427
8122,13521
8214,13612
8307,13705
8401,13794
8497,13886
8593,13977
8693,14065
8786,14154
8887,14244
8979,14335
9075,14425
9174,14517
9267,14605
9367,14695
9465,14785
9561,14873
9660,14965
9756,15059
9853,15150
9953,15241
10051,15338
10147,15431
10248,15524
10346,15617
10444,15711
10542,15809
10644,15903
10739,15997
10836,16096
10937,16190
11036,16288
11132,16382
11231,94
11328,189
11424,286
11519,384
11615,480
11710,577
11808,675
11905,772
11999,868
12092,962
12180,1056
12271,1155
12366,1248
12459,1341
12554,1437
12652,1528
12748,1623
12843,1716
12945,1808
13039,1901
13135,1989
13230,2080
13329,2171
13425,2266
13518,2359
13618,2450
13714,2540
13816,2630
13914,2721
14011,2814
14109,2906
14207,3000
14306,3096
14402,3190
14503,3283
14603,3376
14696,3471
14793,3563
14890,3657
14990,3753
15085,3848
15184,3939
15279,4028
15373,4121
15470,4217
15567,4312
15659,4407
15757,4504
15850,4601
15947,4692
16042,4787
16133,4877
16222,4972
16311,5064
21,5159
115,5249
207,5340
298,5431
393,5522
488,5615
584,5702
677,5791
771,5879
868,5974
961,6063
1058,6153
1152,6240
1248,6329
1342,6419
1437,6505
1535,6596
1629,6684
1725,6775
1821,6864
1916,6957
2013,7047
2106,7137
2205,7229
2302,7322
2398,7416
2493,7507
2586,7602
2679,7697
2774,7787
2870,7878
2964,7975
3057,8065
3151,8157
3243,8252
3341,8346
3434,8441
3525,8536
3620,8630
3711,8726
3803,8816
3895,8913
3980,9006
4069,9096
4161,9192
4253,9285
4347,9376
4436,9469
4529,9560
4625,9650
4722,9741
4814,9830
4904,9922
4999,10010
5094,10098
5189,10189
5283,10276
5378,10364
5474,10454
5570,10545
5668,10634
5757,10722
5855,10812
5952,10901
6048,10993
6145,11081
6236,11173
6333,11262
6429,11351
6526,11442
6623,11534
6717,11626
6813,11719
6909,11812
7001,11903
7092,11995
7185,12088
7279,12175
7374,12264
7464,12355
7558,12449
7651,12541
7746,12633
7834,12726
7926,12819
8014,12910
8104,13000
8195,13092
8282,13184
8374,13273
8466,13361
8557,13452
8652,13538
8746,13628
8839,13716
8929,13805
9023,13889
9114,13980
9208,14067
9299,14152
9393,14237
9485,14320
9580,14412
9672,14496
9763,14584
9861,14670
9954,14757
10046,14844
10140,14931
10234,15021
10327,15111
10422,15197
10510,15282
10609,15373
10704,15466
10798,15555
10889,15645
10983,15733
11074,15826
11167,15921
11259,16012
11352,16103
11447,16193
11544,16285
11630,16378
11722,86
11812,180
11906,271
11998,365
12089,458
12174,549
12260,646
12352,739
12442,833
12531,925
12625,1010
12717,1103
12810,1194
12901,1284
12992,1376
13084,1467
13174,1557
13269,1645
13364,1732
13456,1821
13553,1906
13646,1996
13741,2083
13836,2171
13931,2260
14027,2347
14121,2436
14216,2523
14316,2611
14407,2701
14504,2789
14598,2879
14690,2970
14784,3059
14878,3148
14977,3239
15067,3330
15161,3421
15254,3510
15348,3602
15443,3690
15535,3786
15623,3874
15716,3965
15809,4050
15903,4142
15996,4233
16088,4325
16177,4415
16261,4509
16351,4602
57,4691
146,4782
241,4873
330,4967
422,5058
513,5147
607,5236
700,5325
793,5413
885,5506
979,5592
1073,5681
1167,5767
1259,5856
1353,5946
1446,6032
1540,6119
1637,6210
1731,6296
1828,6383
1917,6470
2015,6558
2111,6650
2207,6736
2303,6826
2398,6919
2493,7010
2588,7104
2683,7193
2778,7289
2870,7383
2972,7474
3067,7566
3156,7665
3250,7757
3345,7854
3437,7950
3531,8042
3625,8131
3722,8232
3818,8328
3908,8425
3994,8519
4084,8618
4179,8712
4273,8809
4369,8904
4460,9001
4553,9094
4653,9191
4748,9283
4842,9380
4933,9471
5034,9564
5131,9656
5232,9748
5324,9839
5423,9932
5521,10020
5620,10112
5718,10203
5815,10291
5911,10385
6009,10475
6107,10565
6202,10654
6305,10745
6404,10834
6502,10926
6603,11018
6698,11112
6794,11204
6895,11297
6989,11390
7087,11481
7182,11575
7279,11672
7380,11765
7475,11859
7570,11951
7662,12048
7758,12137
7855,12228
7951,12321
8045,12416
8138,12510
8232,12602
8322,12702
8420,12795
8514,12893
8609,12984
8706,13078
8803,13171
8901,13263
8995,13355
9097,13445
9191,13535
9290,13628
9389,13717
9481,13805
9580,13897
9678,13986
9779,14073
9875,14161
9971,14249
10069,14338
10168,14426
10263,14516
10358,14607
10464,14695
10564,14786
10660,14874
10755,14963
10850,15058
10948,15148
11047,15241
11141,15334
11235,15423
11333,15518
11428,15614
11521,15705
11618,15798
11713,15893
11808,15988
11903,16086
11995,16178
12086,16269
12175,16364
12262,76
12358,171
12451,268
12545,362
12639,458
12733,555
12823,652
12920,748
13016,840
13109,935
13203,1027
13297,1119
13393,1213
13491,1307
13586,1397
13679,1490
13776,1581
13870,1670
13964,1762
14062,1851
14158,1941
14253,2030
14352,2117
14447,2210
14544,2298
14641,2387
14735,2478
14836,2566
14928,2656
15020,2746
15117,2836
15212,2925
15310,3017
15401,3105
15500,3198
15591,3288
15688,3380
15784,3471
15878,3562
15976,3653
16068,3745
16157,3840
16246,3929
16339,4015
49,4105
141,4194
231,4286
325,4379
417,4472
513,4564
611,4654
707,4744
801,4836
896,4924
990,5016
1090,5104
1183,5197
1274,5283
1372,5373
1471,5462
1564,5547
1664,5632
1762,5718
1858,5804
1956,5893
2048,5977
2145,6062
2242,6150
2337,6237
2434,6322
2528,6409
2625,6497
2719,6583
2814,6672
2908,6758
3002,6847
3093,6936
3189,7029
3285,7118
3377,7207
3469,7295
3563,7387
3653,7480
3744,7574
3840,7665
3925,7757
4009,7849
4098,7936
4190,8031
4281,8120
4373,8211
4467,8303
4560,8394
4651,8488
4744,8584
4838,8677
4931,8769
5028,8862
5123,8954
5216,9044
5307,9136
5406,9226
5501,9317
5594,9407
5688,9500
5786,9592
5877,9679
5974,9767
6070,9856
6162,9947
6259,10037
6358,10126
6452,10215
6541,10302
6635,10392
6731,10480
6830,10569
6924,10656
7019,10745
7110,10834
7210,10926
7303,11015
7393,11105
7485,11196
7583,11286
7676,11377
7767,11468
7860,11564
7955,11656
8042,11748
8132,11842
8224,11936
8314,12030
8407,12118
8504,12209
8595,12298
8690,12393
8779,12486
8872,12577
8969,12670
9065,12766
9158,12856
9252,12948
9345,13042
9441,13134
9537,13223
9631,13311
9728,13404
9822,13492
9914,13583
10010,13670
10105,13761
10202,13849
10296,13940
10389,14030
10490,14116
10583,14205
10680,14294
10772,14382
10871,14470
10966,14560
11062,14651
11156,14742
11249,14828
11343,14917
11436,15009
11527,15102
11621,15194
11713,15287
11806,15383
11894,15473
11991,15568
12081,15662
12167,15755
12256,15849
12346,15944
12440,16041
12530,16134
12621,16228
12715,16321
12809,32
12901,127
12996,222
13092,317
13183,411
13280,510
13373,605
13466,699
13564,792
13657,886
13753,976
13848,1068
13947,1161
14042,1252
14138,1340
14232,1430
14332,1522
14428,1616
14522,1701
14621,1791
14716,1880
14812,1970
14908,2055
15005,2144
15101,2234
15194,2322
15290,2410
15388,2499
15484,2589
15580,2677
15674,2769
15767,2857
15858,2948
15959,3041
16049,3133
16143,3221
16234,3314
16325,3406
33,3501
131,3591
223,3687
314,3779
411,3872
505,3962
600,4053
696,4144
791,4237
887,4331
979,4425
1078,4519
1174,4609
1274,4702
1368,4800
1468,4892
1565,4985
1658,5074
1751,5168
1849,5261
1949,5354
2047,5442
2144,5532
2244,5624
2343,5716
2438,5805
2537,5900
2630,5986
2730,6078
2823,6171
2921,6261
3020,6350
3112,6442
3208,6534
3306,6626
3400,6720
3497,6812
3590,6908
3685,7002
3780,7096
3875,7191
3966,7289
4057,7382
4148,7480
4242,7576
4338,7678
4432,7770
4527,7865
4626,7963
4721,8058
4816,8154
4912,8254
5006,8348
5102,8449
5198,8546
5293,8641
5395,8739
5492,8835
5589,8933
5690,9027
5786,9122
5885,9215
5977,9312
6075,9404
6170,9494
6271,9584
6374,9678
6469,9769
6565,9862
6661,9953
6757,10046
6853,10130
6950,10221
7048,10309
7143,10400
7233,10489
7328,10579
7424,10665
7520,10756
7615,10849
7706,10940
7800,11029
7897,11120
7988,11210
8076,11299
8164,11390
8260,11480
8352,11572
8444,11666
8539,11758
8630,11849
8720,11944
8816,12035
8910,12122
9001,12210
9094,12303
9191,12395
9288,12487
9379,12578
9476,12673
9569,12761
9668,12855
9759,12944
9851,13033
9948,13126
10044,13215
10135,13303
10230,13391
10331,13482
10426,13570
10519,13657
10615,13745
10711,13833
10805,13919
10902,14010
10992,14093
11086,14179
11181,14266
11273,14354
11365,14442
11461,14531
11551,14616
11644,14706
11732,14796
11826,14886
11919,14973
12010,15067
12101,15153
12186,15245
12278,15339
12367,15431
12461,15522
12552,15616
12643,15707
12740,15800
12834,15897
12926,15990
13012,16083
13105,16177
13202,16271
13297,16361
13391,70
13484,161
13579,256
13675,350
13770,441
13861,534
13956,627
14050,720
14145,814
14241,904
14335,996
14433,1087
14527,1179
14622,1269
14721,1354
14814,1446
14910,1537
15006,1621
15098,1708
15192,1798
15287,1888
15378,1972
15473,2062
15565,2150
15658,2239
15754,2326
15848,2416
15939,2502
16031,2592
16123,2684
16209,2771
16298,2855
7,2948
98,3038
189,3127
281,3217
375,3309
471,3400
562,3493
653,3585
745,3675
835,3770
931,3861
1025,3948
1119,4039
1213,4129
1307,4220
1401,4315
1501,4409
1592,4500
1686,4591
1781,4683
1875,4774
1968,4866
2064,4956
2161,5046
2252,5137
2346,5227
2442,5315
2537,5406
2629,5495
2724,5583
2819,5675
2911,5763
3002,5850
3096,5939
3191,6028
3284,6114
3375,6202
3467,6291
3559,6378
3648,6470
3744,6559
3834,6645
3923,6737
4008,6828
4097,6916
4187,7008
4280,7097
4368,7191
4460,7285
4550,7377
4644,7469
4742,7564
4833,7654
4926,7748
5017,7842
5107,7936
5203,8028
5298,8119
5391,8213
5484,8307
5581,8402
5678,8492
5771,8586
5863,8681
5959,8776
6057,8867
6149,8956
6248,9050
6345,9140
6438,9231
6533,9323
6629,9414
6723,9502
6819,9591
6914,9683
7010,9770
7103,9860
7196,9948
7293,10041
7386,10125
7478,10213
7572,10304
7667,10391
7759,10477
7853,10565
7943,10655
8035,10743
8124,10832
8216,10921
8307,11013
8399,11104
8492,11194
8585,11285
8679,11377
8771,11468
8863,11558
8964,11650
9054,11745
9150,11840
9246,11936
9339,12025
9436,12118
9532,12205
9627,12296
9724,12391
9819,12485
9913,12579
10009,12674
10104,12764
10202,12857
10298,12954
10395,13044
10492,13140
10588,13230
10685,13323
10779,13415
10876,13502
10971,13593
11065,13685
11160,13775
11256,13862
11349,13955
11440,14041
11533,14130
11627,14222
11721,14312
11817,14402
11911,14492
12001,14582
12092,14671
12182,14763
12271,14851
12366,14941
12458,15034
12552,15129
12650,15221
12744,15312
12834,15405
12929,15502
13022,15597
13118,15688
13217,15785
13312,15880
13406,15975
13504,16069
13598,16166
13695,16259
13792,16352
13889,64
13989,161
14087,256
14188,352
14284,445
14384,542
14481,640
14579,731
14677,828
14772,921
14873,1013
14967,1110
15067,1202
15165,1294
15263,1384
15361,1479
15460,1571
15557,1663
15655,1753
15747,1847
15845,1938
15943,2028
16037,2118
16132,2212
16227,2303
16322,2391
32,2481
125,2573
224,2666
320,2762
416,2856
509,2948
609,3039
705,3136
808,3232
902,3329
999,3425
1101,3516
1199,3612
1300,3706
1395,3802
1495,3895
1596,3989
1691,4082
1789,4180
1889,4279
1988,4371
2086,4465
2186,4561
2284,4660
2383,4752
2482,4849
2580,4944
2676,5037
2774,5131
2870,5226
2971,5318
3068,5409
3164,5501
3259,5591
3355,5681
3449,5775
3544,5868
3639,5957
3732,6046
3829,6138
3918,6228
4010,6319
4100,6411
4192,6502
4285,6593
4380,6681
4473,6773
4571,6865
4668,6961
4761,7054
4855,7144
4951,7237
5046,7331
5143,7423
5239,7513
5333,7609
5428,7704
5529,7798
5621,7892
5717,7989
5813,8081
5908,8176
6008,8265
6102,8360
6201,8456
6297,8551
6394,8644
6488,8736
6585,8828
6682,8922
6780,9011
6873,9102
6971,9193
7065,9285
7158,9376
7252,9469
7348,9560
7444,9645
7538,9737
7630,9829
7727,9918
7821,10007
7915,10094
8003,10183
8093,10271
8186,10360
8275,10448
8368,10539
8463,10631
8559,10721
8653,10811
8743,10899
8841,10994
8934,11081
9031,11176
9127,11270
9222,11363
9320,11455
9414,11549
9509,11641
9605,11739
9702,11830
9799,11924
9894,12019
9991,12110
10091,12200
10186,12293
10282,12389
10375,12482
10473,12575
10571,12669
10667,12764
10761,12862
10859,12955
10951,13050
11050,13140
11145,13233
11240,13327
11330,13417
11426,13509
11522,13601
11616,13692
11709,13783
11806,13873
11899,13964
11991,14051
12083,14144
12168,14232
12259,14320
12354,14412
12444,14498
12534,14589
12627,14682
12724,14773
12814,14863
12911,14953
13006,15044
13100,15137
13195,15227
13288,15319
13382,15413
13474,15505
13573,15596
13668,15690
13762,15783
13859,15877
13951,15970
14048,16065
14144,16159
14240,16250
14336,16340
14432,49
14525,142
14622,235
14719,329
14812,421
14905,516
15004,607
15097,697
15189,788
15285,881
15380,971
15476,1064
15566,1153
15659,1242
15750,1329
15848,1421
15936,1509
16031,1599
16122,1685
16211,1769
16301,1857
9,1945
100,2032
194,2119
287,2209
375,2297
470,2383
560,2472
655,2561
750,2649
841,2738
937,2827
1032,2917
1120,3010
1220,3101
1319,3197
1411,3284
1503,3378
1600,3467
1696,3558
1794,3651
1889,3748
1983,3839
2079,3926
2173,4020
2267,4114
2364,4207
2461,4301
2555,4394
2646,4490
2746,4582
2841,4677
2934,4775
3025,4863
3116,4957
3215,5052
3307,5144
3397,5233
3495,5328
3589,5420
3679,5510
3772,5604
3864,5695
3951,5785
4037,5874
4127,5964
4221,6055
4311,6148
4407,6239
4501,6328
4594,6416
4684,6509
4782,6604
4873,6694
4970,6786
5065,6879
5163,6973
5255,7065
5350,7160
5446,7251
5542,7344
5636,7438
5735,7532
5831,7631
5925,7726
6021,7822
6120,7918
6214,8011
6310,8102
6404,8201
6502,8295
6602,8389
6693,8481
6792,8579
6884,8670
6982,8764
7079,8858
7170,8951
7265,9043
7362,9135
7453,9230
7546,9321
7641,9413
7733,9501
7829,9591
7921,9680
8015,9771
8101,9861
8192,9948
8285,10033
8374,10124
8468,10208
8565,10297
8657,10385
8751,10479
8844,10565
8939,10653
9034,10740
9127,10829
9223,10920
9317,11008
9414,11101
9513,11187
9604,11279
9703,11370
9799,11462
9895,11555
9990,11647
10089,11741
10185,11834
10283,11928
10378,12021
10475,12114
10568,12204
10667,12295
10765,12391
10865,12488
10958,12582
11056,12679
11155,12774
11247,12869
11342,12960
11438,13057
11535,13152
11632,13246
11725,13343
11821,13438
11918,13529
12009,13621
12098,13715
12189,13809
12281,13900
12374,13993
12471,14086
12566,14179
12663,14267
12757,14364
12851,14454
12946,14545
13047,14635
13142,14729
13244,14821
13337,14915
13438,15011
13533,15104
13633,15197
13731,15293
13829,15388
13929,15483
14024,15580
14124,15676
14226,15772
14326,15870
14423,15965
14519,16061
14621,16155
14722,16251
14819,16348
14916,59
15012,156
15112,253
15210,347
15305,445
15402,545
15499,640
15598,736
15694,831
15790,925
15885,1018
15979,1114
16075,1206
16169,1298
16260,1392
16352,1481
63,1571
159,1666
248,1755
343,1845
439,1936
533,2023
628,2109
723,2200
820,2286
918,2378
1010,2465
1110,2551
1207,2641
1298,2730
1393,2823
1490,2913
1589,3003
1683,3092
1785,3186
1876,3275
1973,3366
2067,3460
2165,3551
2260,3644
2358,3736
2452,3827
2547,3919
2640,4007
2734,4095
2830,4188
2928,4279
3024,4374
3116,4470
3210,4560
3304,4655
3398,4744
3488,4838
3580,4926
3676,5018
3765,5113
3858,5205
3944,5294
4033,5386
4125,5476
4214,5566
4305,5656
4398,5748
4493,5834
4586,5924
4680,6016
4774,6106
4867,6194
4962,6282
5058,6371
5153,6461
5245,6551
5339,6640
5438,6730
5532,6821
5629,6914
5724,7006
5819,7095
5916,7187
6014,7280
6110,7375
6207,7467
6302,7564
6396,7659
6495,7750
6591,7845
6685,7939
6783,8035
6881,8126
6973,8222
7069,8317
7164,8412
7259,8508
7355,8604
7448,8696
7544,8793
7640,8888
7731,8983
7825,9073
7918,9163
8011,9258
8101,9354
8190,9444
8282,9535
8376,9626
8471,9718
8564,9810
8663,9897
8756,9986
8850,10076
8944,10166
9037,10258
9132,10343
9229,10435
9323,10525
9421,10611
9515,10702
9612,10789
9708,10882
9802,10968
9898,11054
9996,11145
10089,11236
10187,11326
10280,11415
10377,11508
10469,11596
10565,11688
10664,11780
10757,11872
10854,11963
10946,12053
11039,12140
11128,12229
11225,12321
11317,12412
11413,12504
11508,12597
11598,12690
11691,12782
11783,12873
11874,12965
11966,13055
12058,13149
12145,13241
12232,13329
12321,13422
12411,13511
12501,13600
12595,13689
12686,13776
12776,13862
12870,13951
12964,14037
13054,14127
13148,14217
13242,14308
13336,14394
13430,14484
13522,14570
13617,14661
13715,14749
13809,14840
13903,14928
13998,15015
14095,15107
14189,15198
14283,15290
14380,15382
14477,15471
14568,15567
14663,15662
14761,15749
14855,15847
14947,15940
15044,16032
15139,16125
15237,16216
15329,16309
15424,19
15515,118
15612,211
15704,305
15796,400
15891,492
15983,585
16079,680
16169,774
16259,868
16350,960
57,1052
153,1143
246,1236
338,1329
432,1420
525,1509
621,1601
715,1688
808,1779
903,1868
999,1958
1095,2045
1188,2137
1284,2224
1380,2313
1478,2404
1577,2491
1671,2580
1763,2671
1863,2764
1962,2853
2055,2937
2147,3031
2246,3124
2345,3214
2441,3307
2536,3399
2632,3491
2730,3584
2824,3678
2919,3773
3013,3863
3109,3954
3205,4043
3297,4135
3394,4228
3485,4322
3582,4417
3674,4510
3765,4602
3855,4697
3949,4788
4040,4880
4132,4971
4224,5062
4321,5154
4411,5244
4505,5335
4598,5428
4695,5518
4788,5610
4883,5699
4979,5786
5077,5877
5172,5967
5269,6056
5363,6147
5458,6235
5557,6324
5655,6415
5752,6503
5852,6594
5949,6684
6049,6775
6150,6870
6244,6963
6343,7053
6444,7147
6539,7242
6638,7336
6738,7431
6836,7526
6935,7621
7032,7718
7127,7815
7221,7911
7319,8007
7420,8099
7521,8195
7615,8291
7712,8386
7803,8485
7900,8585
7994,8680
8088,8777
8182,8875
8280,8973
8372,9067
8466,9163
8563,9256
8663,9352
8758,9443
8854,9541
8953,9636
9051,9729
9146,9820
9249,9914
9342,10005
9445,10095
9542,10185
9643,10278
9739,10369
9841,10463
9938,10553
10034,10644
10136,10737
10232,10828
10335,10921
10432,11014
10531,11107
10633,11200
10730,11294
10827,11391
10924,11488
11023,11577
11120,11675
11219,11769
11314,11862
11412,11959
11510,12054
11604,12148
11698,12241
11793,12335
11889,12428
11983,12525
12076,12619
12168,12714
12257,12811
12348,12908
12442,13002
12537,13093
12630,13189
12726,13283
12819,13376
12914,13468
13009,13558
13103,13647
13198,13739
13294,13828
13391,13919
13490,14009
13582,14098
13676,14187
13771,14277
13870,14369
13970,14458
14065,14547
14160,14636
14256,14727
14352,14816
14447,14912
14544,15000
14637,15090
14738,15182
14834,15276
14928,15367
15022,15460
15118,15551
15213,15647
15308,15740
15402,15833
15496,15929
15590,16022
15683,16116
15776,16210
15871,16302
15963,13
16057,105
16150,200
16236,293
16328,392
42,487
129,579
222,672
313,766
405,861
500,954
593,1047
685,1136
780,1229
874,1321
970,1411
1064,1501
1159,1593
1255,1681
1349,1768
1443,1860
1545,1949
1640,2038
1735,2126
1828,2216
1925,2303
2020,2394
2118,2481
2212,2569
2310,2655
2408,2746
2503,2839
2594,2926
2688,3019
2787,3108
2886,3198
2978,3287
3076,3377
3169,3472
3261,3564
3354,3653
3446,3747
3538,3839
3632,3927
3724,4018
3817,4110
3904,4201
3995,4295
4085,4386
4178,4479
4266,4570
4355,4661
4450,4755
4542,4842
4637,4935
4727,5024
4821,5115
4917,5205
5007,5294
5100,5383
5194,5471
5289,5558
5381,5647
5476,5735
5568,5821
5662,5910
5757,5998
5853,6082
5948,6167
6043,6254
6135,6341
6232,6425
6322,6513
6418,6603
6513,6689
6608,6777
6703,6866
6797,6955
6887,7046
6979,7130
7073,7220
7167,7307
7259,7398
7351,7491
7449,7578
7534,7669
7628,7760
7724,7853
7811,7942
7905,8033
7996,8121
8082,8209
8169,8301
8260,8391
8349,8485
8443,8577
8536,8668
8627,8757
8720,8851
8814,8942
8905,9032
8997,9118
9090,9208
9181,9299
9278,9389
9369,9479
9465,9570
9562,9661
9652,9750
9749,9838
9840,9927
9935,10015
10030,10100
10120,10189
10219,10276
10313,10364
10412,10452
10505,10541
10600,10629
10690,10716
10787,10804
10882,10897
10975,10987
11066,11073
11162,11165
11254,11254
11348,11346
11441,11439
11532,11530
11622,11624
11715,11716
11807,11806
11898,11896
11991,11990
12078,12080
12167,12173
12253,12259
12347,12352
12436,12444
12527,12534
12617,12626
12710,12721
12802,12813
12892,12901
12985,12995
13077,13082
13174,13175
13267,13267
13358,13356
13452,13445
13546,13534
13641,13622
13738,13709
13835,13796
13924,13884
14023,13972
14118,14059
14215,14147
14311,14232
14404,14318
14499,14410
14595,14495
14692,14582
14790,14668
14881,14758
14974,14846
15074,14936
15168,15025
15264,15115
15360,15206
15453,15299
15546,15388
15640,15479
15734,15571
15829,15662
15921,15755
16015,15849
16109,15943
16198,16033
16288,16128
16377,16217
89,16308
183,17
279,108
372,204
462,293
557,390
651,483
747,575
844,670
935,760
1034,852
1130,942
1226,1036
1324,1125
1416,1217
1514,1306
1613,1396
1708,1488
1808,1578
1902,1667
2001,1755
2097,1847
2194,1934
2289,2025
2387,2116
2485,2204
2579,2296
2677,2384
2771,2476
2869,2566
2963,2655
3060,2749
3154,2843
3249,2936
3342,3031
3435,3121
3531,3215
3628,3312
3717,3409
3812,3505
3905,3600
3993,3695
4087,3791
4176,3883
4272,3976
4370,4070
4461,4167
4557,4264
4655,4357
4750,4459
4845,4554
4937,4649
5038,4742
5136,4838
5235,4935
5333,5027
5430,5119
5526,5219
5629,5312
5724,5408
5824,5495
5923,5587
6020,5682
6120,5774
6219,5866
6320,5961
6418,6054
6516,6146
6611,6234
6712,6332
6808,6425
6909,6518
7007,6609
7104,6703
7201,6797
7299,6895
7396,6990
7493,7081
7588,7182
7685,7278
7781,7373
7877,7473
7970,7574
8061,7669
8156,7765
8250,7862
8347,7962
8442,8056
8531,8152
8628,8249
8725,8346
8823,8444
8916,8540
9011,8636
9109,8729
9203,8826
9301,8923
9394,9021
9497,9114
9594,9204
9690,9299
9785,9387
9882,9482
9980,9574
10072,9665
10172,9757
10266,9845
10364,9933
10458,10023
10559,10116
10659,10205
10754,10291
10847,10381
10939,10469
11037,10558
11131,10650
11228,10737
11324,10826
11415,10916
11514,11009
11605,11098
11698,11189
11791,11280
11881,11368
11973,11462
12069,11554
12158,11646
12246,11738
12337,11829
12428,11925
12521,12016
12615,12105
12708,12198
12801,12287
12898,12380
12987,12473
13085,12570
13178,12663
13275,12756
13373,12848
13468,12940
13564,13033
13658,13128
13755,13221
13855,13313
13951,13401
14046,13495
14139,13585
14239,13673
14337,13769
14434,13861
14531,13947
14630,14040
14728,14132
14827,14222
14924,14312
15020,14402
15115,14493
15209,14582
15303,14675
15400,14769
15496,14861
15594,14950
15686,15044
15782,15137
15875,15229
15972,15322
16066,15417
16157,15511
16245,15606
16340,15702
50,15798
140,15892
237,15986
328,16082
426,16177
519,16270
611,16366
709,76
804,171
899,263
996,360
1088,459
1186,551
1280,645
1374,735
1471,829
1566,920
1664,1017
1762,1107
1854,1198
1950,1290
2045,1378
2145,1469
2240,1558
2335,1650
2429,1734
2527,1822
2621,1910
2715,2001
2810,2091
2907,2177
3000,2262
3094,2352
3186,2436
3280,2529
3375,2621
3468,2710
3560,2801
3652,2889
3744,2979
3836,3067
3923,3164
4013,3255
4100,3345
4189,3433
4287,3528
4377,3618
4470,3710
4560,3803
4652,3896
4747,3981
4842,4070
4932,4160
5029,4253
5123,4346
5216,4442
5311,4534
5407,4626
5505,4716
5600,4810
5696,4901
5793,4991
5890,5083
5985,5172
6081,5265
6175,5358
6272,5446
6367,5538
6465,5628
6561,5718
6657,5809
6755,5897
6848,5986
6944,6075
7040,6167
7134,6259
7226,6350
7323,6436
7418,6528
7510,6619
7604,6707
7696,6800
7788,6891
7883,6985
7977,7078
8063,7169
8159,7265
8248,7357
8340,7455
8430,7549
8527,7641
8623,7738
8716,7833
8810,7926
8903,8020
8998,8110
9094,8205
9188,8302
9281,8395
9380,8490
9476,8587
9571,8678
9665,8772
9759,8864
9856,8957
9952,9054
10049,9143
10145,9232
10240,9323
10334,9414
10428,9505
10527,9596
10625,9688
10719,9774
10812,9862
10905,9951
11000,10041
11095,10127
11189,10218
11284,10305
11379,10394
11474,10486
11566,10571
11660,10658
11753,10747
11851,10838
11940,10929
12031,11022
12117,11113
12209,11200
12298,11291
12391,11382
12479,11479
12574,11566
12665,11661
12760,11754
12860,11845
12954,11938
13045,12033
13143,12120
13239,12214
13333,12305
13428,12399
13524,12494
13620,12589
13717,12683
13814,12775
13914,12871
14011,12961
14108,13055
14205,13145
14301,13236
14400,13330
14499,13425
14595,13514
14692,13607
14790,13700
14886,13794
14983,13884
15082,13973
15177,14063
15276,14153
15370,14245
15470,14336
15566,14426
15662,14519
15758,14612
15851,14704
15948,14797
16042,14886
16141,14981
16232,15077
16325,15173
33,15268
123,15360
221,15455
315,15548
411,15647
509,15743
605,15838
704,15935
798,16030
895,16129
994,16223
1092,16314
1187,29
1284,122
1384,219
1482,314
1574,408
1673,504
1769,599
1866,697
1966,790
2066,886
2163,976
2257,1071
2359,1162
2458,1253
2552,1346
2649,1436
2749,1528
2844,1619
2940,1711
3036,1800
3133,1889
3226,1983
3321,2073
3418,2161
3512,2249
3609,2342
3702,2431
3796,2522
3885,2613
3974,2705
4068,2797
4160,2890
4250,2983
4347,3075
4446,3166
4538,3260
4629,3354
4728,3448
4824,3540
4918,3634
5013,3727
5108,3822
5207,3913
5306,4006
5400,4098
5497,4195
5593,4285
5692,4380
5785,4479
5883,4570
5979,4665
6077,4757
6177,4849
6276,4942
6371,5037
6464,5130
6563,5219
6666,5312
6759,5405
6851,5495
6947,5584
7042,5676
7133,5766
7231,5856
7327,5943
7423,6035
7515,6124
7607,6217
7702,6302
7795,6393
7887,6484
7982,6575
8068,6664
8157,6753
8252,6848
8341,6940
8436,7035
8528,7125
8622,7217
8713,7310
8805,7401
8900,7495
8996,7589
9086,7678
9181,7773
9273,7867
9367,7960
9462,8052
9557,8145
9650,8238
9749,8331
9845,8422
9939,8515
10033,8607
10127,8699
10226,8790
10317,8883
10408,8974
10504,9066
10601,9157
10694,9248
10791,9335
10882,9425
10976,9512
11071,9604
11161,9692
11258,9779
11352,9867
11444,9955
11536,10041
11626,10129
11721,10219
11815,10304
11907,10397
12001,10484
12089,10572
12176,10662
12267,10749
12358,10838
12451,10928
12543,11019
12634,11112
12730,11201
12820,11293
12919,11385
13011,11473
13105,11567
13198,11660
13291,11754
13387,11849
13484,11940
13578,12033
13676,12127
13774,12217
13870,12306
13962,12402
14062,12493
14159,12585
14253,12679
14350,12772
14443,12866
14543,12959
14640,13054
14734,13146
14833,13237
14929,13330
15026,13422
15118,13511
15220,13603
15313,13693
15405,13786
15504,13875
15595,13965
15692,14055
15790,14143
15881,14235
15970,14327
16064,14415
16159,14503
16249,14594
16338,14684
42,14777
135,14870
228,14957
318,15048
413,15141
507,15234
600,15325
691,15417
782,15509
879,15602
972,15694
1070,15788
1156,15881
1255,15974
1354,16067
1445,16157
1538,16248
1633,16337
1727,46
1823,141
1917,232
2014,327
2107,416
2200,507
2293,601
2389,695
2486,784
2582,874
2671,966
2765,1053
2862,1145
2955,1235
3045,1321
3142,1408
3236,1500
3326,1588
3414,1676
3505,1762
3599,1850
3693,1939
3784,2028
3876,2117
3962,2206
4049,2296
4141,2380
4233,2466
4328,2557
4417,2643
4513,2735
4603,2828
4700,2918
4789,3009
4885,3099
4980,3191
5075,3284
5170,3373
5264,3468
5365,3564
5463,3655
5558,3747
5653,3838
5748,3932
5848,4019
5943,4115
6040,4204
6138,4300
6235,4391
6332,4488
6429,4583
6527,4677
6621,4768
6719,4859
6814,4951
6910,5046
7010,5138
7107,5231
7202,5323
7296,5416
7394,5508
7490,5598
7589,5689
7679,5781
7774,5868
7867,5958
7960,6048
8048,6133
8140,6229
8231,6321
8323,6413
8419,6504
8513,6594
8605,6685
8699,6777
8795,6870
8891,6960
8983,7055
9079,7148
9171,7241
9267,7330
9363,7426
9459,7521
9551,7615
9649,7708
9746,7802
9843,7895
9935,7988
10035,8078
10127,8172
10221,8267
10319,8357
10416,8453
10508,8542
10604,8639
10703,8732
10801,8825
10895,8918
10991,9010
11086,9101
11180,9194
11277,9285
11372,9374
11463,9466
11557,9556
11651,9647
11748,9736
11841,9825
11936,9915
12032,10006
12122,10095
12211,10184
12305,10272
12399,10363
12495,10454
12588,10546
12682,10637
12780,10727
12878,10820
12976,10911
13070,11005
13167,11100
13265,11192
13363,11288
13462,11381
13564,11477
13664,11573
13759,11670
13863,11765
13962,11863
14061,11960
14166,12056
14267,12150
14367,12247
14468,12340
14569,12441
14668,12537
14768,12638
14871,12736
14971,12838
15071,12933
15170,13029
15268,13127
15368,13228
15467,13321
15562,13418
15662,13516
15758,13610
15856,13707
15954,13805
16053,13898
16146,13992
16238,14090
16331,14185
45,14275
140,14369
232,14464
330,14559
426,14651
521,14748
618,14844
715,14938
815,15035
909,15130
1006,15224
1098,15319
1199,15415
1292,15512
1392,15612
1486,15703
1587,15801
1686,15896
1781,15993
1879,16092
1974,16183
2071,16275
2170,16371
2266,81
2362,176
2463,270
2558,365
2656,462
2748,556
2847,650
2941,740
3035,835
3133,924
3227,1021
3324,1109
3413,1198
3508,1291
3599,1378
3694,1469
3791,1562
3881,1652
3970,1741
4062,1828
4155,1918
4248,2004
4345,2092
4439,2177
4527,2265
4624,2357
4722,2447
4822,2537
4916,2624
5010,2717
5104,2808
5202,2900
5301,2989
5395,3083
5497,3176
5595,3269
5695,3363
5793,3453
5891,3547
5987,3645
6084,3737
6183,3833
6281,3927
6381,4017
6477,4109
6575,4201
6671,4298
6769,4394
6868,4488
6964,4581
7054,4678
7152,4775
7248,4871
7347,4966
7444,5058
7539,5156
7633,5251
7725,5346
7823,5438
7917,5535
8010,5625
8098,5719
8193,5815
8288,5912
8377,6003
8477,6096
8569,6191
8656,6284
8750,6376
8845,6470
8938,6564
9035,6656
9128,6749
9225,6845
9321,6938
9413,7031
9506,7125
9602,7221
9699,7319
9795,7414
9890,7506
9982,7604
10082,7697
10175,7795
10267,7892
10364,7981
10458,8077
10552,8170
10648,8265
10739,8358
10832,8455
10932,8547
11024,8637
11117,8732
11213,8828
11303,8921
11396,9014
11493,9106
11584,9195
11677,9288
11769,9378
11863,9471
11955,9558
12047,9649
12139,9737
12224,9828
12315,9910
12409,10001
12497,10087
12592,10173
12686,10262
12781,10351
12875,10440
12967,10528
13064,10618
13157,10704
13253,10790
13347,10877
13444,10967
13542,11056
13636,11147
13737,11233
13833,11323
13929,11415
14027,11503
14118,11596
14216,11685
14314,11779
14412,11868
14511,11964
14605,12054
14707,12142
14802,12232
14902,12322
14997,12414
15091,12509
15187,12599
15283,12694
15378,12786
15470,12879
15564,12969
15662,13063
15760,13154
15853,13247
15947,13342
16036,13433
16131,13524
16221,13612
16309,13704
18,13793
105,13885
199,13975
292,14064
389,14152
481,14244
572,14331
662,14424
758,14511
852,14606
948,14694
1040,14784
1132,14876
1228,14964
1321,15057
1418,15148
1510,15239
1605,15332
1698,15424
1793,15516
1888,15610
1984,15705
2077,15793
2172,15886
2267,15980
2360,16075
2452,16168
2544,16254
2639,16349
2731,60
2824,154
2920,246
3013,337
3105,430
3199,524
3291,617
3384,708
3479,802
3569,896
3661,986
3749,1074
3844,1166
3930,1256
4021,1348
4109,1440
4198,1527
4294,1616
4383,1704
4475,1793
4568,1880
4662,1972
4755,2061
4848,2145
4946,2229
5037,2319
5133,2411
5227,2498
5323,2588
5417,2677
5515,2763
5610,2854
5704,2946
5801,3033
5899,3122
5999,3212
6089,3305
6195,3396
6293,3490
6388,3579
6481,3671
6578,3762
6677,3855
6775,3946
6872,4034
6967,4125
7063,4219
7161,4309
7256,4406
7353,4498
7451,4593
7543,4686
7638,4782
7733,4874
7830,4966
7924,5062
8014,5155
8107,5247
8201,5336
8295,5427
8385,5523
8476,5613
8574,5705
8668,5796
8764,5885
8861,5978
8951,6070
9048,6162
9144,6255
9243,6350
9339,6439
9434,6530
9532,6626
9627,6717
9728,6809
9820,6904
9916,6998
10012,7089
10111,7186
10212,7282
10309,7377
10408,7474
10502,7567
10600,7662
10698,7761
10790,7858
10887,7952
10984,8045
11082,8143
11177,8234
11275,8330
11365,8429
11465,8522
11560,8620
11653,8718
11749,8816
11846,8910
11940,9001
12039,9099
12126,9194
12214,9287
12308,9379
12404,9473
12498,9566
12596,9660
12689,9752
12787,9844
12879,9937
12978,10028
13073,10118
13171,10211
13272,10305
13368,10395
13463,10485
13567,10577
13662,10667
13760,10756
13859,10845
13959,10935
14062,11033
14163,11123
14263,11214
14360,11306
14459,11399
14561,11492
14661,11583
14762,11679
14861,11772
14959,11866
15058,11964
15150,12056
15249,12149
15351,12240
15448,12333
15545,12426
15640,12520
15739,12614
15834,12708
15933,12801
16027,12894
16120,12992
16215,13088
16305,13180
12,13275
106,13368
201,13458
296,13553
391,13646
488,13737
583,13829
677,13922
772,14011
865,14106
959,14194
1053,14286
1147,14377
1244,14470
1338,14562
1431,14653
1531,14741
1625,14833
1720,14925
1816,15020
1913,15112
2007,15203
2101,15296
2194,15390
2291,15489
2386,15582
2480,15674
2572,15771
2669,15866
2765,15958
2861,16052
2953,16150
3046,16243
3139,16335
3233,44
3323,138
3418,237
3514,330
3604,423
3695,521
3789,615
3884,709
3970,803
4057,901
4150,993
4242,1086
4338,1174
4431,1268
4525,1361
4616,1452
4715,1543
4809,1634
4905,1725
4995,1814
5090,1906
5192,1992
5289,2080
5388,2172
5483,2261
5579,2351
5678,2438
5773,2526
5872,2616
5972,2706
6065,2797
6166,2886
6264,2978
6362,3066
6456,3158
6559,3247
6657,3338
6750,3432
6849,3524
6947,3615
7042,3709
7139,3800
7242,3889
7333,3977
7427,4069
7520,4160
7621,4252
7712,4349
7804,4441
7901,4532
7991,4626
8082,4720
8176,4814
8268,4906
8358,4995
8450,5090
8545,5182
8641,5273
8733,5363
8826,5457
8923,5545
9018,5639
9111,5730
9203,5821
9296,5914
9391,6005
9486,6096
9576,6185
9671,6273
9770,6363
9867,6456
9959,6548
10059,6640
10149,6729
10243,6819
10342,6911
10437,7004
10528,7096
10620,7191
10717,7279
10810,7376
10905,7467
11000,7561
11090,7657
11183,7752
11277,7844
11370,7939
11464,8029
11557,8120
11648,8215
11738,8312
11828,8403
11922,8499
12012,8594
12103,8689
12191,8780
12280,8878
12375,8968
12466,9063
12560,9151
12651,9247
12745,9340
12840,9429
12933,9519
13029,9612
13125,9702
13221,9791
13317,9883
13407,9972
13508,10060
13604,10152
13697,10241
13797,10329
13892,10420
13991,10504
14087,10593
14183,10687
14284,10777
14380,10865
14477,10955
14577,11043
14676,11135
14772,11224
14869,11317
14961,11405
15065,11498
15161,11591
15255,11684
15353,11778
15448,11868
15541,11962
15643,12054
15738,12141
15830,12230
15924,12322
16017,12416
16112,12513
16203,12602
16298,12697
4,12792
99,12886
193,12978
285,13071
377,13164
473,13259
569,13350
664,13446
757,13538
853,13630
943,13720
1038,13810
1134,13903
1231,13992
1326,14082
1421,14176
1521,14269
1612,14356
1706,14447
1804,14539
1900,14633
1995,14720
2093,14813
2190,14904
2289,15000
2382,15091
2478,15186
2571,15278
2665,15370
2762,15465
2856,15560
2949,15650
3046,15747
3140,15844
3236,15937
3328,16030
3423,16128
3516,16222
3613,16316
3705,23
3800,119
3893,213
3983,307
4073,403
4166,500
4258,591
4355,689
4449,780
4546,882
4643,973
4738,1069
4835,1160
4933,1251
5030,1346
5127,1435
5226,1526
5326,1618
5425,1711
5525,1804
5622,1895
5721,1986
5826,2078
5925,2167
6023,2262
6123,2351
6223,2443
6324,2533
6425,2625
6527,2719
6629,2812
6731,2908
6831,3001
6931,3093
7029,3188
7126,3280
7226,3375
7325,3469
7426,3566
7520,3664
7620,3757
7718,3853
7817,3944
7916,4035
8008,4130
8103,4229
8197,4327
8289,4420
8390,4514
8489,4612
8584,4707
8681,4805
8776,4899
8871,4995
8972,5093
9068,5185
9168,5278
9265,5373
9360,5468
9456,5562
9555,5653
9655,5745
9754,5841
9852,5932
9951,6024
10048,6115
10144,6210
10244,6303
10342,6395
10437,6484
10535,6580
10635,6671
10732,6765
10826,6861
10920,6953
11015,7045
11111,7138
11208,7230
11303,7328
11399,7423
11491,7516
11585,7612
11681,7708
11772,7802
11869,7898
11958,7991
12049,8084
12137,8178
12230,8269
12325,8366
12415,8463
12507,8557
12599,8650
12690,8746
12786,8840
12879,8934
12972,9028
13064,9118
13160,9211
13256,9297
13350,9391
13447,9487
13541,9575
13635,9670
13735,9763
13831,9850
13925,9939
14020,10027
14117,10116
14215,10205
14314,10297
14410,10384
14507,10472
14604,10559
14702,10649
14798,10737
14893,10828
14991,10923
15084,11009
15183,11103
15279,11192
15377,11283
15468,11372
15564,11463
15659,11552
15752,11646
15850,11739
15943,11829
16039,11922
16132,12014
16222,12106
16312,12196
19,12282
117,12375
208,12469
301,12566
389,12657
485,12748
579,12840
677,12935
766,13028
861,13118
958,13209
1048,13304
1141,13392
1238,13484
1335,13573
1424,13665
1523,13757
1621,13843
1714,13935
1809,14026
1904,14114
2001,14200
2095,14290
2194,14380
2286,14467
2377,14557
2474,14645
2568,14736
2662,14826
2757,14919
2854,15008
2944,15098
3039,15188
3131,15280
3223,15374
3315,15465
3408,15555
3500,15645
3593,15742
3684,15833
3775,15925
3865,16018
3954,16107
4041,16200
4130,16289
4220,16380
4315,88
4407,185
4497,276
4587,370
4680,461
4775,551
4867,648
4962,741
5053,831
5145,920
5246,1011
5341,1102
5435,1192
5530,1283
5626,1373
5720,1462
5816,1556
5912,1642
6009,1729
6105,1819
6200,1906
6290,1996
6389,2083
6483,2171
6577,2260
6674,2346
6773,2434
6863,2520
6960,2611
7053,2698
7148,2786
7243,2875
7337,2964
7433,3055
7522,3147
7616,3240
7709,3330
7803,3422
7894,3512
7988,3602
8077,3694
8167,3785
8257,3875
8348,3965
8444,4052
8537,4140
8626,4234
8720,4323
8810,4417
8903,4508
8996,4603
9088,4694
9185,4784
9275,4876
9371,4966
9467,5056
9559,5148
9654,5236
9747,5326
9841,5415
9936,5507
10027,5597
10125,5686
10220,5775
10315,5863
10409,5954
10503,6041
10600,6128
10689,6218
10782,6308
10879,6399
10971,6492
11067,6582
11161,6674
11251,6763
11345,6855
11435,6945
11530,7038
11622,7128
11716,7220
11807,7317
11898,7412
11991,7508
12083,7603
12169,7699
12258,7791
12348,7884
12440,7980
12534,8071
12626,8163
12718,8258
12811,8353
12906,8449
12998,8546
13092,8640
13188,8733
13284,8829
13380,8924
13477,9017
13574,9109
13669,9201
13765,9297
13860,9385
13956,9479
14052,9572
14151,9660
14250,9756
14346,9844
14446,9931
14540,10020
14637,10111
14735,10201
14833,10290
14933,10378
15027,10468
15120,10557
15219,10648
15314,10734
15412,10824
15501,10916
15601,11006
15696,11096
15790,11189
15886,11279
15979,11370
16076,11458
16168,11549
16256,11642
16350,11736
59,11827
153,11919
241,12012
337,12101
431,12190
525,12283
620,12376
718,12468
813,12563
904,12654
1002,12746
1095,12840
1190,12934
1286,13028
1384,13119
1480,13210
1577,13300
1675,13391
1772,13484
1871,13575
1966,13668
2063,13758
2165,13848
2258,13939
2357,14031
2457,14123
2554,14213
2651,14305
2751,14396
2844,14490
2942,14583
3039,14676
3137,14771
3230,14858
3329,14955
3422,15051
3519,15148
3616,15243
3716,15340
3811,15436
3904,15534
3998,15630
4089,15726
4186,15827
4282,15925
4380,16022
4476,16124
4572,16225
4671,16318
4767,31
4869,129
4967,228
5062,329
5158,429
5266,523
5362,623
5460,718
5562,819
5656,916
5756,1010
5858,1104
5957,1198
6059,1292
6163,1385
6259,1480
6355,1572
6455,1665
6560,1759
6657,1848
6755,1939
6857,2030
6956,2122
7053,2212
7149,2300
7247,2392
7345,2485
7441,2574
7535,2665
7634,2757
7727,2847
7825,2938
7913,3030
8006,3117
8098,3213
8192,3304
8283,3399
8376,3494
8469,3585
8564,3676
8656,3765
8748,3858
8844,3953
8936,4039
9030,4133
9129,4221
9223,4314
9320,4409
9416,4504
9506,4596
9602,4687
9702,4777
9798,4871
9892,4964
9988,5056
10083,5148
10179,5236
10274,5327
10369,5415
10466,5506
10564,5595
10661,5684
10756,5773
10852,5863
10948,5955
11041,6041
11131,6136
11226,6224
11324,6313
11421,6405
11515,6494
11608,6584
11704,6677
11800,6768
11895,6860
11987,6952
12079,7045
12167,7141
12258,7235
12350,7332
12448,7423
12542,7520
12639,7610
12735,7705
12829,7802
12924,7899
13023,7988
13121,8083
13219,8177
13312,8271
13410,8367
13509,8460
13609,8554
13709,8648
13805,8744
13904,8840
14002,8935
14098,9027
14191,9122
14299,9214
14396,9302
14498,9393
14596,9488
14695,9580
14791,9669
14888,9761
14988,9850
15083,9940
15179,10030
15276,10117
15375,10207
15471,10297
15569,10384
15662,10474
15753,10563
15853,10653
15952,10744
16045,10832
16136,10923
16229,11015
16318,11107
28,11196
124,11285
212,11378
307,11471
399,11560
495,11654
587,11749
687,11840
782,11933
872,12028
965,12118
1057,12207
1158,12299
1251,12390
1346,12487
1440,12578
1535,12672
1629,12767
1728,12859
1825,12952
1918,13046
2012,13142
2108,13233
2207,13327
2301,13416
2393,13509
2490,13599
2586,13692
2677,13782
2774,13873
2864,13965
2965,14056
3055,14148
3147,14238
3240,14328
3334,14416
3426,14507
3520,14603
3609,14692
3704,14784
3798,14876
3885,14967
3974,15060
4067,15153
4155,15251
4249,15346
4341,15438
4433,15529
4525,15620
4619,15716
4714,15813
4806,15906
4898,16002
4993,16096
5089,16186
5183,16279
5277,16373
5369,82
5470,173
5564,269
5665,360
5759,457
5856,550
5950,642
6045,736
6139,827
6237,921
6334,1011
6430,1102
6527,1192
6622,1282
6718,1373
6812,1465
6910,1552
7009,1641
7101,1727
7196,1816
7291,1906
7386,1995
7482,2083
7574,2169
7669,2257
7765,2348
7856,2440
7949,2527
8037,2616
8130,2706
8220,2796
8314,2886
8412,2977
8503,3069
8597,3160
8686,3250
8781,3342
8876,3430
8967,3521
9061,3611
9160,3707
9252,3798
9347,3893
9442,3980
9542,4071
9638,4162
9729,4257
9828,4349
9922,4442
10019,4533
10113,4626
10211,4720
10308,4810
10403,4903
10499,4998
10595,5088
10689,5180
10784,5272
10880,5363
10971,5456
11066,5547
11161,5636
11254,5728
11347,5819
11441,5912
11533,5998
11626,6091
11719,6180
11815,6274
11904,6366
11995,6454
12086,6545
12172,6635
12261,6731
12356,6821
12446,6916
12539,7008
12629,7101
12726,7195
12820,7290
12909,7387
13005,7480
13098,7576
13190,7672
13290,7767
13382,7863
13480,7956
13581,8053
13670,8145
13767,8239
13865,8335
13962,8429
14059,8523
14157,8619
14253,8712
14353,8807
14448,8902
14547,8994
14647,9089
14745,9185
14841,9277
14943,9370
15035,9458
15134,9549
15230,9638
15329,9733
15427,9824
15524,9913
15621,10005
15719,10095
15807,10187
15907,10276
16003,10365
16099,10451
16192,10545
16285,10636
16376,10725
88,10821
181,10910
277,11004
373,11096
469,11191
563,11283
660,11378
759,11470
853,11563
950,11657
1050,11752
1144,11844
1242,11939
1338,12035
1434,12127
1532,12218
1631,12312
1731,12407
1826,12501
1924,12593
2023,12690
2118,12785
2217,12878
2312,12973
2413,13067
2512,13165
2606,13256
2704,13351
2799,13445
2898,13535
2990,13626
3087,13719
3187,13810
3279,13905
3373,13995
3468,14088
3561,14179
3658,14272
3749,14359
3840,14450
3931,14542
4021,14634
4117,14725
4206,14817
4302,14910
4394,15002
4488,15093
4581,15189
4674,15284
4769,15379
4868,15470
4959,15564
5056,15657
5149,15753
5246,15848
5343,15940
5440,16035
5535,16130
5630,16221
5723,16311
5824,22
5924,115
6019,212
6119,300
6212,391
6307,488
6401,582
6501,673
6597,764
6693,857
6791,948
6889,1040
6982,1130
7078,1216
7173,1305
7266,1399
7364,1488
7455,1576
7550,1665
7646,1753
7741,1843
7836,1929
7925,2015
8019,2104
8106,2194
8199,2281
8290,2370
8382,2459
8475,2549
8564,2639
8661,2727
8758,2811
8851,2903
8949,2996
9040,3088
9137,3177
9231,3270
9323,3359
9419,3451
9514,3544
9610,3634
9706,3727
9797,3820
9892,3914
9989,4001
10083,4090
10180,4182
10275,4275
10369,4368
10463,4463
10560,4556
10659,4649
10752,4740
10842,4831
10939,4923
11033,5017
11124,5107
11220,5201
11315,5289
11409,5382
11504,5474
11595,5561
11689,5652
11780,5739
11871,5828
11964,5918
12056,6008
12146,6098
12235,6190
12322,6279
12414,6369
12505,6459
12600,6551
12693,6639
12786,6731
12877,6822
12970,6914
13064,7008
13158,7100
13253,7193
13349,7284
13437,7376
13534,7472
13631,7561
13728,7656
13823,7749
13921,7839
14015,7934
14112,8027
14208,8115
14305,8208
14403,8298
14494,8393
14589,8487
14688,8578
14786,8672
14881,8763
14973,8855
15070,8945
15165,9037
15260,9128
15354,9215
15450,9308
15545,9398
15638,9489
15733,9576
15825,9662
15920,9750
16012,9838
16106,9927
16196,10017
16284,10103
16372,10194
85,10279
175,10366
268,10456
361,10543
452,10633
547,10721
636,10810
731,10898
825,10988
922,11080
1014,11170
1112,11262
1207,11352
1301,11442
1398,11535
1493,11626
1585,11721
1678,11817
1774,11907
1867,12000
1963,12088
2059,12180
2151,12271
2250,12364
2343,12458
2440,12554
2532,12650
2629,12741
2727,12832
2817,12927
2914,13019
3009,13116
3100,13208
3192,13302
3289,13396
3384,13488
3471,13580
3566,13674
3662,13765
3752,13852
3847,13945
3933,14039
4022,14131
4113,14220
4204,14315
4299,14405
4392,14499
4484,14587
4577,14681
4666,14776
4761,14869
4857,14962
4952,15053
5051,15147
5147,15237
5241,15331
5336,15425
5431,15520
5528,15613
5627,15708
5724,15803
5818,15902
5916,15993
6014,16088
6112,16183
6209,16277
6304,16368
6404,78
6500,171
6595,265
6693,362
6792,455
6887,549
6985,642
7080,736
7173,828
7270,920
7365,1014
7464,1106
7555,1196
7649,1285
7749,1374
7846,1464
7934,1556
8024,1644
8116,1731
8213,1819
8304,1908
8397,1999
8492,2089
8585,2175
8678,2264
8774,2354
8869,2442
8966,2533
9061,2620
9153,2709
9248,2803
9348,2894
9442,2986
9539,3077
9635,3170
9735,3262
9830,3355
9925,3448
10019,3541
10118,3633
10217,3731
10311,3824
10408,3917
10504,4009
10606,4102
10702,4198
10796,4294
10894,4389
10992,4485
11087,4583
11181,4677
11276,4774
11376,4872
11469,4966
11566,5064
11662,5158
11758,5254
11850,5347
11948,5440
12041,5536
12129,5631
12223,5728
12316,5825
12413,5922
12507,6011
12604,6105
12700,6202
12792,6300
12890,6395
12988,6491
13085,6583
13183,6681
13281,6776
13382,6873
13479,6966
13576,7066
13676,7160
13772,7257
13876,7353
13975,7455
14069,7557
14170,7654
14271,7748
14374,7848
14475,7945
14571,8040
14673,8141
14771,8239
14867,8336
14965,8430
15067,8531
15168,8629
15268,8725
15365,8822
15462,8918
15558,9012
15657,9108
15754,9204
15851,9299
15948,9392
16046,9483
16141,9577
16234,9671
16325,9765
39,9855
132,9945
229,10038
324,10129
418,10219
513,10309
610,10397
711,10488
804,10577
901,10664
993,10761
1090,10846
1194,10936
1289,11031
1385,11123
1481,11213
1580,11304
1672,11399
1769,11489
1866,11581
1966,11671
2060,11766
2156,11860
2252,11951
2349,12044
2445,12133
2540,12225
2634,12314
2738,12407
2830,12500
2926,12594
3019,12689
3113,12782
3207,12874
3300,12967
3397,13062
3488,13152
3580,13242
3672,13335
3767,13425
3857,13516
3948,13608
4032,13698
4126,13789
4219,13883
4311,13971
4399,14062
4494,14151
4590,14241
4681,14330
4775,14420
4868,14512
4963,14602
5053,14692
5143,14784
5243,14872
5342,14964
5435,15058
5530,15151
5631,15244
5724,15337
5823,15429
5918,15528
6017,15620
6115,15712
6208,15808
6302,15901
6395,15995
6493,16091
6592,16187
6688,16278
6782,16372
6879,85
6975,181
7072,275
7166,372
7263,470
7357,560
7451,657
7542,745
7634,838
7728,929
7823,1023
7916,1118
8008,1211
8099,1302
8189,1395
8280,1484
8376,1579
8468,1665
8562,1754
8653,1844
8749,1934
8843,2023
8933,2112
9028,2199
9126,2286
9218,2378
9315,2465
9409,2554
9503,2640
9598,2730
9693,2818
9790,2904
9881,2992
9978,3084
10073,3173
10165,3261
10262,3353
10360,3442
10460,3534
10551,3625
10643,3713
10740,3805
10830,3894
10929,3984
11019,4072
11114,4158
11208,4249
11302,4342
11393,4432
11483,4522
11573,4614
11666,4707
11761,4793
11854,4882
11944,4971
12035,5058
12121,5150
12207,5238
12296,5325
12387,5414
12477,5501
12569,5587
12658,5677
12748,5761
12843,5851
12934,5937
13025,6027
13117,6113
13210,6200
13303,6286
13394,6375
13485,6463
13582,6549
13676,6639
13771,6729
13864,6818
13957,6907
14052,6997
14147,7084
14241,7177
14337,7271
14428,7360
14526,7454
14621,7544
14717,7637
14807,7728
14901,7823
14996,7918
15089,8008
15185,8100
15279,8194
15372,8286
15464,8378
15557,8472
15654,8563
15745,8660
15837,8751
15928,8842
16021,8935
16110,9028
16200,9121
16290,9209
16381,9300
88,9389
180,9479
274,9573
365,9659
457,9750
548,9838
639,9926
736,10014
830,10100
924,10189
1014,10274
1111,10366
1204,10452
1299,10539
1394,10627
1491,10715
1585,10801
1679,10890
1772,10981
1868,11068
1963,11159
2058,11248
2154,11336
2249,11427
2346,11519
2438,11612
2534,11704
2628,11796
2725,11886
2820,11977
2915,12070
3007,12155
3099,12241
3193,12333
3285,12428
3380,12520
3470,12612
3561,12703
3656,12798
3749,12891
3836,12982
3930,13072
4013,13166
4105,13257
4196,13347
4283,13437
4379,13528
4471,13615
4563,13708
4655,13796
4748,13882
4842,13973
4938,14063
5035,14154
5128,14243
5226,14332
5319,14419
5413,14508
5507,14597
5604,14685
5698,14776
5797,14864
5892,14957
5991,15047
6088,15137
6182,15230
6277,15323
6374,15417
6470,15511
6571,15606
6663,15701
6759,15791
6858,15887
6954,15985
7048,16079
7148,16170
7243,16264
7341,16359
7436,73
7529,170
7621,264
7717,361
7812,457
7908,554
7999,648
8092,746
8187,841
8283,932
8375,1031
8473,1124
8561,1216
8660,1309
8755,1401
8852,1493
8948,1587
9045,1682
9140,1770
9238,1859
9336,1951
9434,2043
9529,2132
9630,2222
9727,2310
9823,2403
9923,2495
10027,2586
10117,2676
10215,2767
10316,2857
10415,2949
10510,3046
10608,3139
10710,3231
10811,3322
10905,3416
10999,3509
11097,3604
11195,3699
11290,3794
11388,3888
11486,3977
11580,4067
11675,4161
11769,4257
11864,4350
11959,4445
12050,4539
12145,4636
12233,4731
12324,4826
12416,4919
12509,5012
12606,5101
12699,5194
12791,5283
12886,5378
12980,5465
13077,5560
13172,5650
13267,5739
13364,5829
13458,5922
13554,6010
13652,6100
13747,6188
13846,6277
13941,6366
14034,6460
14132,6549
14231,6641
14325,6730
14422,6823
14518,6913
14612,7005
14711,7099
14805,7190
14901,7282
14999,7378
15095,7473
15190,7570
15285,7661
15382,7756
15475,7854
15571,7949
15665,8039
15757,8131
15850,8227
15945,8324
16038,8421
16129,8517
16222,8610
16311,8707
19,8801
112,8896
206,8990
298,9086
392,9177
487,9268
581,9361
674,9454
769,9540
865,9632
959,9724
1057,9815
1151,9905
1246,9993
1340,10081
1437,10170
1532,10259
1629,10348
1724,10436
1821,10523
1915,10614
2014,10703
2109,10793
2203,10882
2301,10970
2398,11059
2492,11148
2590,11237
2683,11329
2782,11418
2879,11514
2970,11606
3068,11696
3162,11790
3254,11885
3347,11978
3445,12069
3540,12161
3628,12251
3725,12344
3819,12436
3908,12530
3997,12622
4085,12718
4175,12813
4272,12901
4366,12998
4455,13091
4549,13179
4644,13272
4738,13361
4834,13452
4927,13541
5019,13633
5110,13720
5208,13809
5304,13898
5399,13985
5492,14074
5589,14164
5685,14249
5783,14338
5877,14424
5972,14510
6068,14600
6167,14688
6261,14777
6357,14865
6452,14952
6547,15042
6641,15134
6739,15222
6832,15317
6931,15408
7027,15495
7120,15584
7218,15679
7308,15771
7403,15864
7498,15957
7589,16050
7681,16143
7774,16235
7868,16324
7959,35
8047,129
8135,221
8228,317
8320,411
8414,504
8505,596
8598,686
8691,777
8782,869
8876,960
8971,1052
9065,1142
9158,1235
9254,1324
9347,1416
9444,1508
9540,1595
9637,1685
9730,1773
9826,1862
9922,1948
10016,2038
10110,2124
10208,2212
10304,2300
10399,2387
10493,2476
10590,2567
10685,2656
10778,2744
10869,2834
10968,2923
11064,3012
11159,3104
11252,3194
11344,3284
11438,3378
11533,3470
11627,3562
11720,3658
11810,3748
11905,3843
11993,3936
12087,4025
12176,4118
12263,4211
12356,4308
12447,4400
12539,4494
12631,4589
12727,4684
12817,4778
12911,4869
13007,4966
13101,5059
13193,5152
13289,5244
13382,5341
13477,5430
13573,5524
13668,5613
13762,5705
13862,5800
13957,5886
14049,5977
14147,6069
14242,6161
14338,6252
14437,6342
14534,6432
14629,6522
14727,6613
14821,6708
14920,6796
15015,6887
15110,6981
15203,7075
15296,7172
15395,7262
15492,7356
15587,7453
15679,7552
15777,7643
15872,7739
15964,7833
16058,7926
16149,8020
16239,8109
16330,8206
37,8304
131,8399
225,8499
321,8594
413,8688
510,8786
605,8878
699,8971
791,9067
889,9162
984,9256
1079,9347
1174,9441
1270,9534
1368,9625
1463,9713
1562,9806
1656,9896
1754,9986
1850,10077
1949,10166
2045,10260
2145,10348
2242,10438
2337,10527
2432,10615
2528,10706
2626,10794
2725,10884
2819,10974
2917,11066
3014,11158
3110,11249
3208,11340
3301,11434
3393,11528
3489,11619
3586,11710
3680,11801
3772,11897
3864,11992
3953,12082
4045,12174
4139,12268
4232,12360
4327,12453
4421,12551
4515,12645
4609,12740
4703,12836
4800,12930
4897,13025
4993,13122
5087,13212
5184,13308
5283,13398
5382,13495
5478,13585
5576,13678
5671,13774
5768,13863
5870,13957
5967,14048
6066,14141
6160,14234
6258,14325
6361,14414
6459,14507
6556,14600
6652,14692
6749,14782
6847,14877
6949,14970
7042,15060
7140,15157
7235,15254
7330,15349
7428,15441
7527,15536
7622,15632
7719,15729
7816,15829
7912,15925
8002,16021
8094,16118
8188,16213
8286,16308
8380,21
8473,119
8568,214
8662,312
8758,410
8853,506
8951,604
9050,701
9144,800
9242,895
9340,991
9439,1083
9531,1179
9634,1271
9731,1364
9828,1459
9922,1550
10023,1642
10120,1732
10218,1825
10314,1918
10411,2005
10507,2094
10604,2183
10696,2271
10796,2360
10891,2451
10986,2538
11081,2628
11172,2717
11270,2806
11363,2897
11455,2985
11547,3074
11642,3164
11737,3253
11824,3346
11917,3434
12011,3525
12098,3615
12182,3706
12270,3796
12363,3885
12453,3971
12545,4061
12636,4151
12726,4239
12820,4327
12909,4419
13003,4508
13094,4598
13185,4688
13279,4777
13369,4868
13464,4956
13555,5043
13647,5133
13744,5223
13840,5311
13935,5396
14023,5481
14120,5569
14210,5658
14307,5741
14401,5825
14494,5911
14589,6000
14683,6087
14783,6172
14876,6260
14970,6346
15064,6435
15158,6519
15251,6609
15344,6697
15434,6785
15528,6871
15621,6963
15714,7054
15809,7144
15902,7235
15992,7326
16082,7414
16177,7505
16266,7601
16355,7699
63,7786
152,7878
242,7970
335,8062
429,8154
520,8248
615,8338
710,8434
802,8530
895,8622
990,8715
1085,8809
1181,8901
1277,8995
1371,9083
1467,9177
1564,9272
1658,9364
1754,9455
1851,9544
1945,9634
2039,9722
2134,9809
2229,9901
2324,9990
2418,10076
2515,10163
2609,10255
2703,10345
2798,10433
2890,10524
2985,10610
3080,10697
3173,10785
3262,10872
3355,10961
3451,11052
3543,11144
3634,11234
3726,11322
3822,11411
3909,11501
3994,11590
4086,11684
4175,11775
4265,11864
4359,11953
4451,12046
4540,12133
4630,12220
4726,12310
4817,12399
4911,12490
5004,12581
5097,12671
5187,12758
5283,12849
5380,12938
5478,13027
5569,13117
5666,13205
5757,13293
5855,13379
5948,13469
6041,13555
6135,13641
6231,13729
6324,13816
6424,13902
6518,13989
6612,14075
6705,14160
6802,14243
6897,14328
6991,14415
7085,14500
7179,14589
7273,14679
7365,14762
7455,14850
7551,14937
7642,15025
7735,15112
7828,15202
7920,15292
8011,15384
8099,15477
8187,15565
8282,15660
8373,15750
8464,15840
8558,15932
8650,16029
8744,16124
8837,16213
8933,16303
9026,13
9119,105
9212,195
9308,291
9405,384
9498,479
9595,568
9693,664
9785,754
9879,848
9974,938
10072,1028
10170,1120
10263,1212
10359,1300
10456,1391
10550,1479
10647,1567
10743,1656
10839,1745
10931,1834
11027,1924
11118,2011
11214,2100
11307,2187
11403,2279
11496,2368
11591,2457
11682,2546
11778,2636
11872,2727
11962,2818
12052,2907
12145,2997
12233,3089
12323,3183
12417,3274
12510,3366
12604,3461
12697,3554
12789,3647
12881,3740
12977,3833
13070,3925
13167,4014
13260,4106
13358,4202
13454,4295
13550,4388
13645,4485
13742,4576
13844,4668
13939,4761
14035,4853
14133,4945
14227,5038
14324,5130
14423,5222
14521,5313
14617,5405
14713,5495
14811,5585
14912,5676
15010,5764
15106,5856
15202,5942
15300,6031
15397,6121
15495,6209
15588,6299
15682,6387
15781,6478
15878,6572
15974,6662
16069,6751
16160,6842
16256,6934
16348,7026
60,7121
155,7216
251,7311
349,7403
443,7498
539,7593
635,7690
734,7784
831,7882
928,7973
1024,8068
1125,8163
1228,8261
1322,8355
1425,8453
1522,8549
1619,8646
1718,8739
1817,8833
1915,8931
2019,9026
2113,9118
2213,9215
2314,9310
2415,9402
2512,9496
2610,9592
2705,9683
2804,9773
2903,9864
2999,9955
3097,10046
3194,10137
3289,10231
3384,10322
3483,10413
3578,10506
3672,10597
3768,10686
3860,10780
3947,10873
4036,10969
4133,11060
4228,11154
4322,11248
4416,11340
4510,11438
4604,11531
4697,11631
4793,11725
4890,11824
4984,11917
5083,12013
5182,12108
5277,12200
5372,12294
5470,12388
5567,12484
5658,12582
5756,12677
5856,12769
5952,12868
6051,12961
6153,13058
6248,13148
6343,13242
6443,13337
6540,13431
6639,13523
6734,13614
6831,13705
6925,13797
7027,13890
7120,13980
7217,14067
7312,14161
7406,14251
7501,14340
7596,14431
7690,14520
7787,14612
7884,14703
7973,14794
8064,14885
8158,14974
8250,15068
8341,15160
8440,15252
8531,15347
8630,15439
8725,15536
8816,15630
8909,15721
9010,15817
9099,15914
9197,16006
9295,16098
9393,16192
9486,16289
9585,16380
9681,92
9779,186
9871,285
9968,375
10060,472
10158,564
10258,661
10353,755
10451,847
10546,939
10645,1035
10742,1125
10837,1215
10929,1309
11027,1399
11118,1488
11217,1580
11311,1669
11404,1757
11492,1847
11589,1936
11683,2022
11777,2114
11869,2203
11959,2293
12052,2381
12141,2471
12230,2561
12321,2651
12410,2740
12505,2830
12596,2924
12687,3013
12774,3103
12868,3195
12966,3287
13055,3382
13147,3474
13242,3567
13337,3658
13433,3751
13526,3846
13620,3934
13712,4022
13807,4112
13901,4209
13999,4302
14093,4393
14185,4490
14280,4583
14379,4674
14474,4767
14570,4860
14667,4951
14764,5041
14857,5136
14950,5228
15046,5317
15141,5406
15233,5495
15330,5587
15427,5677
15520,5767
15616,5854
15708,5943
15803,6032
15895,6121
15989,6208
16080,6297
16170,6387
16262,6479
16350,6569
60,6660
152,6750
248,6843
339,6932
432,7024
523,7114
618,7203
714,7296
811,7389
906,7481
998,7577
1092,7670
1186,7762
1284,7857
1379,7950
1474,8042
1569,8133
1666,8224
1760,8317
1852,8413
1945,8506
2042,8600
2141,8694
2237,8789
2330,8879
2426,8970
2523,9060
2615,9153
2708,9244
2802,9334
2897,9425
2989,9514
3081,9603
3173,9692
3269,9779
3360,9870
3451,9956
3545,10042
3635,10133
3724,10222
3816,10311
3905,10398
3993,10483
4079,10571
4170,10660
4260,10748
4351,10838
4441,10930
4531,11019
4627,11109
4721,11196
4810,11287
4904,11380
4994,11472
5086,11564
5184,11652
5274,11747
5371,11837
5462,11929
5556,12025
5650,12115
5746,12202
5842,12294
5936,12383
6030,12477
6126,12568
6220,12662
6315,12753
6412,12846
6508,12937
6605,13031
6699,13126
6790,13211
6884,13301
6983,13391
7075,13481
7169,13572
7261,13659
7359,13747
7450,13835
7544,13924
7635,14010
7733,14100
7826,14190
7916,14279
8004,14367
8094,14455
8184,14543
8276,14632
8370,14719
8462,14807
8555,14896
8650,14989
8747,15080
8840,15173
8928,15266
9025,15356
9122,15445
9217,15536
9311,15631
9405,15722
9501,15815
9595,15913
9691,16005
9784,16100
9879,16193
9976,16286
10067,16376
10162,86
10265,176
10356,270
10451,367
10547,459
10643,553
10739,643
10834,738
10930,831
11023,923
11119,1015
11215,1106
11304,1198
11401,1289
11491,1377
11586,1467
11680,1561
11772,1649
11865,1738
11959,1825
12049,1916
12137,2001
12228,2094
12319,2182
12410,2271
12505,2364
12598,2451
12687,2543
12779,2629
12873,2722
12968,2814
13068,2907
13166,2996
13259,3089
13356,3181
13449,3274
13546,3368
13643,3462
13740,3558
13838,3652
13937,3743
14035,3839
14129,3931
14230,4021
14328,4110
14429,4205
14525,4304
14621,4397
14723,4491
14817,4585
14914,4680
15011,4773
15111,4867
15208,4962
15309,5054
15407,5149
15506,5237
15604,5334
15699,5426
15799,5517
15892,5609
15986,5701
16083,5790
16180,5881
16267,5970
16362,6061
74,6151
171,6243
267,6333
358,6426
456,6519
554,6611
650,6702
745,6794
841,6886
941,6981
1039,7075
1136,7169
1233,7265
1327,7359
1424,7454
1522,7550
1620,7646
1717,7741
1815,7836
1912,7931
2006,8024
2104,8115
2201,8211
2296,8306
2396,8401
2490,8496
2587,8591
2679,8686
2778,8778
2868,8870
2963,8963
3062,9056
3152,9148
3248,9238
3340,9327
3432,9419
3527,9510
3619,9598
3709,9687
3803,9774
3894,9863
3978,9952
4069,10037
4161,10125
4249,10215
4343,10306
4437,10392
4529,10478
4620,10567
4713,10657
4807,10743
4900,10830
4995,10920
5088,11011
5183,11102
5278,11195
5373,11282
5471,11376
5564,11470
5658,11562
5752,11654
5847,11748
5946,11845
6042,11939
6141,12031
6236,12125
6333,12216
6430,12308
6528,12403
6626,12498
6721,12595
6819,12690
6912,12787
7006,12883
7104,12979
7201,13072
7295,13163
7391,13256
7485,13353
7580,13447
7676,13540
7771,13631
7865,13723
7958,13816
8048,13907
8143,14002
8236,14095
8327,14185
8422,14274
8512,14364
8606,14455
8702,14545
8801,14638
8895,14731
8987,14823
9084,14913
9179,15008
9274,15102
9370,15195
9464,15287
9562,15381
9661,15476
9751,15570
9850,15666
9944,15760
10037,15854
10133,15951
10229,16048
10327,16138
10420,16232
10519,16327
10612,36
10707,134
10801,229
10899,324
10993,419
11089,512
11179,608
11273,701
11365,794
11460,886
11551,979
11646,1074
11735,1161
11826,1252
11919,1342
12011,1432
12098,1520
12187,1611
12277,1700
12364,1787
12457,1874
12548,1960
12642,2049
12733,2138
12823,2225
12916,2312
13008,2402
13103,2487
13197,2574
13290,2661
13387,2751
13484,2843
13575,2929
13669,3017
13766,3109
13860,3198
13954,3289
14053,3382
14147,3473
14241,3566
14335,3659
14433,3749
14530,3844
14624,3932
14720,4021
14820,4116
14912,4205
15007,4298
15101,4392
15197,4488
15293,4581
15392,4675
15488,4766
15582,4861
15676,4951
15765,5044
15861,5135
15953,5228
16044,5318
16139,5410
16231,5497
16319,5588
26,5680
120,5772
214,5860
310,5948
399,6037
491,6126
587,6216
681,6303
775,6392
869,6480
964,6575
1062,6665
1155,6750
1250,6843
1345,6932
1444,7022
1538,7114
1634,7206
1729,7296
1824,7388
1921,7482
2018,7574
2111,7666
2210,7764
2304,7854
2399,7949
2494,8043
2587,8136
2685,8228
2780,8321
2873,8417
2967,8512
3064,8605
3157,8701
3245,8793
3341,8887
3432,8983
3525,9073
3617,9167
3713,9261
3804,9351
3895,9443
3982,9532
4071,9624
4165,9718
4255,9807
4348,9898
4439,9987
4532,10075
4628,10165
4721,10255
4814,10344
4909,10433
5003,10522
5099,10611
5193,10704
5294,10791
5385,10880
5480,10971
5575,11063
5673,11154
5772,11243
5865,11337
5963,11425
6060,11520
6157,11614
6253,11702
6349,11799
6447,11894
6547,11984
6643,12078
6736,12168
6833,12259
6934,12349
7030,12443
7125,12539
7224,12635
7319,12728
7412,12822
7509,12918
7605,13011
7699,13106
7792,13197
7890,13288
7981,13381
8073,13474
8167,13567
8264,13656
8356,13748
8453,13839
8547,13927
8641,14016
8738,14109
8830,14199
8931,14288
9026,14380
9127,14470
9223,14559
9319,14650
9415,14741
9511,14830
9612,14918
9708,15012
9808,15104
9903,15198
10005,15290
10101,15383
10200,15477
10300,15571
10395,15667
10496,15763
10596,15859
10695,15955
10792,16048
10890,16145
10987,16239
11083,16335
11182,47
11278,143
11376,236
11471,335
11569,434
11663,530
11761,628
11857,727
11951,822
12044,921
12138,1015
12226,1109
12322,1204
12415,1296
12510,1391
12607,1484
12703,1579
12800,1670
12894,1763
12991,1855
13087,1947
13185,2038
13281,2131
13380,2221
13477,2313
13574,2403
13671,2494
13770,2590
13867,2679
13963,2773
14063,2863
14161,2957
14260,3046
14359,3143
14458,3237
14555,3333
14653,3426
14754,3522
14848,3616
14944,3710
15046,3802
15138,3895
15240,3987
15333,4080
15427,4177
15525,4272
15622,4366
15716,4459
15809,4553
15905,4648
16000,4742
16092,4838
16184,4932
16274,5025
16366,5118
75,5210
169,5301
261,5389
355,5480
450,5568
541,5661
638,5753
731,5843
826,5932
921,6021
1017,6109
1113,6199
1205,6290
1302,6378
1396,6469
1491,6559
1588,6647
1682,6737
1774,6829
1872,6917
1971,7005
2066,7098
2162,7192
2260,7282
2356,7374
2451,7466
2545,7560
2642,7656
2736,7747
2832,7839
2928,7935
3019,8026
3113,8120
3210,8213
3300,8309
3394,8405
3486,8498
3579,8591
3673,8687
3766,8778
3855,8871
3945,8968
4033,9061
4125,9155
4213,9246
4305,9338
4400,9429
4493,9523
4588,9616
4679,9708
4774,9796
4868,9883
4964,9973
5053,10061
5149,10153
5243,10243
5338,10330
5435,10419
5531,10506
5628,10598
5722,10688
5818,10779
5914,10867
6014,10955
6108,11044
6199,11136
6297,11227
6390,11317
6484,11408
6583,11497
6680,11593
6771,11686
6868,11774
6961,11868
7060,11961
7152,12050
7243,12142
7336,12232
7429,12320
7522,12411
7615,12505
7710,12599
7799,12689
7894,12781
7983,12874
8072,12965
8162,13059
8251,13144
8339,13238
8432,13328
8524,13417
8617,13508
8706,13595
8797,13681
8894,13769
8986,13859
9080,13946
9172,14031
9264,14118
9354,14206
9451,14291
9545,14379
9639,14464
9731,14551
9823,14639
9918,14725
10012,14812
10105,14899
10200,14990
10294,15079
10387,15167
10483,15254
10578,15345
10672,15434
10763,15523
10858,15617
10952,15707
11047,15798
11140,15888
11233,15980
11324,16074
11413,16166
11507,16257
11599,16346
11694,54
11783,146
11871,241
11965,334
12053,430
12141,520
12229,612
12319,706
12410,799
12501,894
12591,983
12684,1075
12775,1167
12871,1259
12961,1351
13051,1434
13148,1523
13242,1614
13336,1701
13431,1790
13524,1882
13616,1972
13715,2057
13808,2144
13905,2231
13994,2321
14092,2413
14187,2503
14284,2590
14379,2674
14473,2763
14568,2851
14664,2941
14755,3033
14851,3123
14942,3213
15039,3302
15132,3392
15228,3485
15319,3574
15414,3667
15501,3757
15597,3849
15689,3937
15784,4026
15878,4116
15969,4209
16060,4300
16150,4391
16237,4484
16325,4575
30,4669
123,4757
215,4847
306,4939
395,5029
489,5122
581,5213
675,5301
768,5393
861,5482
953,5569
1045,5658
1140,5746
1234,5832
1328,5923
1425,6010
1520,6098