master,nonius
6667,5002
6705,4994
6710,4856
6754,4934
6778,5191
6808,5083
6842,4976
6848,5035
6881,5270
6899,5219
6928,5054
6965,5183
6965,5319
7014,5287
7042,5194
7063,5145
7071,5393
7089,5367
7108,5188
7139,5238
7165,5482
7184,5470
7198,5288
7238,5312
7255,5500
7280,5564
7305,5471
7329,5453
7338,5609
7359,5595
7365,5492
7396,5394
7399,5544
7421,5697
7458,5513
7474,5521
7475,5666
7496,5698
7540,5483
7554,5521
7550,5708
7596,5788
7605,5623
7633,5568
7643,5783
7655,5852
7705,5819
7693,5607
7702,5747
7740,5852
7752,5727
7756,5635
7796,5788
7801,5940
7831,5797
7835,5727
7847,5813
7849,5946
7893,5933
7909,5747
7934,5754
7924,5994
7956,6022
7986,5757
7980,5859
8022,6054
8057,6040
8069,5901
8085,5899
8109,6096
8140,6075
8148,5935
8162,5912
8182,6135
8202,6184
8240,5969
8256,5963
8283,6229
8305,6198
8348,6045
8358,6017
8378,6238
8411,6289
8434,6170
8479,6105
8482,6205
8532,6378
8553,6349
8589,6179
8599,6301
8630,6436
8666,6383
8710,6208
8700,6291
8732,6516
8770,6520
8799,6289
8834,6437
8871,6597
8885,6625
8924,6346
8942,6404
8957,6644
8991,6640
9018,6452
9056,6485
9081,6678
9125,6675
9165,6526
9145,6545
9177,6781
9213,6730
9240,6585
9238,6600
9276,6855
9305,6899
9330,6715
9335,6686
9383,6879
9420,6910
9442,6786
9456,6735
9465,6797
9508,6976
9547,6777
9573,6749
9573,6942
9607,7017
9628,6906
9637,6880
9660,6930
9682,7101
9698,7052
9693,6856
9741,6969
9746,7158
9803,7024
9828,7035
9825,7098
9838,7118
9885,7070
9917,7101
9934,7186
9926,7174
9963,7135
9993,7127
10001,7221
10028,7231
10036,7192
10070,7228
10098,7269
10088,7287
10117,7244
10157,7261
10161,7312
10194,7351
10202,7305
10232,7304
10244,7366
10278,7420
10304,7391
10335,7374
10361,7424
10391,7469
10395,7461
10439,7475
10479,7496
10494,7580
10525,7571
10536,7540
10570,7589
10585,7669
10611,7665
10650,7637
10699,7649
10704,7727
10734,7765
10790,7726
10825,7757
10847,7828
10867,7880
10908,7867
10924,7837
10954,7927
10991,7992
11041,7982
11078,7994
11113,8041
11113,8116
11153,8125
11180,8117
11204,8149
11240,8248
11259,8238
11289,8230
11353,8267
11355,8356
11396,8398
11420,8367
11468,8373
11471,8455
11517,8526
11525,8481
11583,8505
11606,8562
11622,8671
11675,8647
11687,8613
11701,8684
11700,8768
11753,8741
11757,8709
11784,8774
11809,8886
11858,8877
11889,8821
11887,8882
11902,8982
11952,8997
11967,8951
12001,8981
12023,9071
12017,9113
12048,9095
12054,9060
12081,9173
12097,9219
12129,9215
12133,9171
12175,9239
12184,9332
12218,9337
12232,9275
12250,9336
12249,9451
12289,9416
12287,9371
12323,9423
12332,9504
12352,9563
12398,9501
12399,9483
12397,9608
12422,9636
12432,9572
12466,9597
12474,9688
12499,9765
12531,9715
12525,9697
12546,9771
12563,9866
12623,9860
12624,9795
12638,9874
12669,9987
12697,10005
12713,9963
12734,10007
12766,10144
12782,10139
12829,10071
12823,10108
12855,10247
12877,10329
12907,10230
12929,10276
12936,10401
12946,10492
12991,10417
13021,10411
13046,10558
13088,10610
13096,10603
13145,10603
13166,10710
13201,10578
13219,10905
13223,10922
13240,10813
13295,10765
13320,10929
13334,11043
13358,10953
13403,10949
13413,11078
13451,11287
13472,11192
13508,11142
13528,11263
13560,11429
13565,11460
13621,11284
13623,11331
13637,11565
13677,11503
13704,11418
13715,11504
13746,11648
13756,11702
13767,11533
13801,11536
13807,11819
13843,11844
13868,11659
13874,11682
13906,11833
13932,11932
13948,11773
13951,11748
13969,11971
14011,12118
14042,11929
14053,11830
14077,12045
14094,12178
14105,12070
14126,11956
14129,12144
14164,12275
14188,12282
14209,12083
14237,12183
14239,12340
14259,12245
14265,12151
14285,12238
14296,12431
14322,12396
14340,12221
14373,12262
14375,12454
14406,12424
14421,12339
14425,12399
14453,12600
14451,12560
14479,12351
14500,12426
14517,12613
14535,12661
14552,12476
14560,12503
14590,12684
14614,12686
14621,12499
14629,12546
14651,12765
14677,12810
14697,12633
14727,12613
14751,12833
14758,12937
14786,12727
14794,12720
14834,12942
14843,12984
14874,12860
14893,12757
14920,13033
14940,13046
14959,12951
14995,12891
14997,12889
15033,13184
15049,12965
15079,13005
15107,13119
15144,13283
15156,13092
15194,13073
15187,13276
15236,13318
15276,13272
15297,13181
15334,13280
15343,13435
15364,13405
15404,13244
15398,13394
15458,13558
15474,13378
15494,13319
15532,13465
15558,13664
15563,13467
15600,13445
15629,13557
15647,13721
15669,13613
15712,13497
15724,13614
15756,13750
15750,13677
15800,13547
15825,13725
15834,13816
15869,13805
15892,13646
15901,13789
15928,13945
15938,13816
15948,13692
15986,13799
16004,13983
16024,13818
16050,13743
16055,13853
16068,14004
16097,13892
16141,13824
16141,13878
16165,14078
16172,13968
16216,13850
16226,13986
16256,14125
16275,14075
16295,13859
16318,14004
16321,14137
16317,14161
16341,13961
16367,14020
0,14212
16,14107
28,14016
32,14122
52,14242
100,14170
108,14068
127,14128
157,14257
168,14284
214,14097
206,14183
209,14293
242,14295
240,14150
260,14192
303,14333
320,14318
332,14184
348,14242
360,14398
416,14374
424,14270
448,14306
480,14503
510,14426
537,14271
568,14365
566,14581
612,14448
658,14348
646,14437
674,14567
674,14617
735,14514
746,14510
768,14624
812,14620
870,14486
879,14592
893,14755
935,14730
973,14533
987,14657
1019,14851
1071,14737
1093,14638
1110,14699
1142,14920
1182,14893
1229,14703
1235,14876
1265,14987
1303,14967
1320,14777
1330,14946
1378,15086
1405,15069
1414,14863
1450,14912
1478,15124
1528,15069
1540,15053
1532,15055
1585,15042
1608,15028
1657,15105
1660,15154
1687,15114
1727,15106
1761,15171
1736,15202
1769,15177
1801,15161
1822,15228
1862,15266
1872,15221
1900,15218
1930,15299
1934,15326
1954,15288
2000,15284
2011,15346
2047,15372
2062,15338
2101,15333
2089,15417
2111,15417
2117,15418
2171,15395
2187,15456
2186,15498
2216,15448
2248,15454
2271,15537
2266,15550
2320,15518
2361,15502
2365,15570
2360,15603
2404,15575
2429,15545
2425,15616
2453,15678
2503,15617
2505,15626
2531,15712
2547,15741
2581,15673
2597,15685
2608,15763
2608,15803
2671,15778
2680,15775
2692,15859
2726,15870
2774,15826
2814,15852
2799,15936
2853,15962
2879,15908
2905,15933
2923,16011
2959,16041
2999,16032
3000,16032
3047,16117
3051,16146
3082,16113
3123,16135
3155,16197
3193,16250
3188,16246
3237,16265
3270,16359
3297,2
3344,16348
3379,2
3396,94
3412,112
3472,123
3492,128
3518,206
3560,246
3581,222
3625,258
3639,324
3670,391
3685,376
3733,385
3751,471
3769,523
3807,493
3837,517
3859,614
3899,684
3947,628
3957,649
3969,751
4018,804
4029,753
4063,775
4074,859
4113,930
4109,903
4134,898
4152,1001
4159,1068
4206,1001
4222,982
4242,1109
4255,1157
4303,1085
4286,1097
4334,1226
4344,1269
4402,1206
4381,1219
4405,1336
4441,1409
4447,1331
4469,1311
4481,1453
4506,1499
4539,1410
4549,1453
4563,1533
4585,1596
4609,1535
4634,1553
4629,1677
4648,1699
4674,1604
4692,1612
4713,1781
4735,1812
4750,1713
4758,1750
4782,1858
4806,1901
4827,1832
4835,1834
4855,1977
4903,2032
4895,1946
4915,1953
4941,2120
4949,2140
4983,2054
5001,2105
5001,2223
5045,2281
5068,2185
5090,2233
5109,2408
5158,2432
5167,2350
5190,2380
5200,2539
5242,2590
5259,2528
5288,2528
5296,2670
5329,2746
5354,2655
5376,2704
5404,2866
5430,2908
5438,2840
5478,2838
5516,2992
5538,3100
5572,3012
5584,3014
5606,3170
5641,3243
5660,3173
5677,3193
5706,3300
5759,3384
5770,3312
5796,3318
5813,3481
5832,3565
5868,3418
5891,3467
5912,3606
5934,3675
5957,3567
5973,3571
6003,3727
6019,3787
6043,3697
6073,3687
6085,3841
6125,3885
6131,3819
6151,3823
6178,3945
6172,3991
6185,3901
6228,3916
6270,4032
6253,4067
6296,4012
6296,3974
6328,4120
6335,4182
6369,4074
6376,4075
6422,4197
6405,4247
6444,4158
6450,4154
6475,4289
6472,4312
6502,4275
6540,4239
6562,4333
6577,4409
6590,4338
6600,4319
6618,4435
6640,4495
6652,4436
6668,4360
6698,4474
6694,4548
6724,4491
6716,4449
6746,4540
6767,4620
6766,4547
6819,4503
6819,4613
6847,4685
6871,4605
6881,4583
6894,4682
6921,4771
6955,4725
6973,4645
6973,4727
7008,4842
7018,4777
7040,4720
7071,4830
7098,4926
7112,4880
7145,4814
7160,4916
7174,4992
7206,4984
7225,4920
7254,4976
7290,5079
7317,5053
7331,5005
7365,5053
7378,5175
7405,5149
7417,5099
7464,5142
7485,5261
7482,5252
7533,5176
7548,5234
7584,5323
7608,5317
7628,5271
7688,5306
7699,5407
7718,5424
7727,5360
7764,5389
7805,5491
7839,5502
7859,5439
7875,5465
7905,5556
7919,5610
7948,5542
7983,5527
8004,5641
8018,5665
8040,5616
8067,5593
8087,5673
8114,5722
8151,5695
8164,5656
8193,5743
8199,5801
8238,5745
8256,5720
8280,5794
8283,5859
8308,5822
8324,5767
8375,5830
8375,5907
8391,5875
8419,5831
8436,5893
8443,5966
8486,5934
8495,5881
8512,5933
8524,6007
8546,5985
8570,5930
8609,5972
8620,6026
8635,6037
8676,5959
8688,5997
8708,6087
8704,6079
8730,6010
8759,6039
8778,6115
8783,6135
8791,6064
8830,6075
8855,6169
8871,6167
8872,6108
8908,6121
8925,6199
8934,6228
8966,6189
8995,6155
9031,6217
9037,6272
9032,6242
9069,6194
9114,6286
9107,6343
9140,6307
9159,6269
9191,6298
9232,6369
9218,6391
9256,6307
9300,6376
9313,6436
9340,6449
9377,6399
9421,6402
9437,6487
9465,6509
9504,6447
9523,6497
9541,6581
9574,6592
9600,6530
9655,6565
9670,6627
9676,6658
9725,6636
9767,6618
9791,6694
9805,6739
9842,6698
9881,6695
9930,6754
9954,6824
9976,6803
10027,6789
10043,6826
10079,6893
10089,6879
10137,6862
10167,6927
10178,6954
10186,6967
10252,6938
10271,6953
10281,7033
10289,7040
10321,6995
10353,6986
10394,7097
10438,7114
10430,7056
10469,7089
10494,7129
10515,7183
10545,7143
10575,7157
10582,7222
10614,7234
10630,7232
10676,7210
10702,7249
10708,7290
10719,7281
10761,7249
10803,7315
10799,7367
10815,7343
10848,7314
10864,7371
10888,7446
10928,7430
10949,7378
10970,7406
10967,7499
10991,7511
11031,7469
11037,7465
11054,7531
11055,7550
11100,7526
11131,7533
11143,7583
11161,7614
11187,7604
11208,7584
11226,7648
11214,7702
11274,7650
11289,7633
11310,7711
11333,7752
11347,7743
11422,7738
11406,7786
11436,7817
11448,7823
11486,7819
11504,7853
11495,7920
11547,7917
11576,7894
11608,7911
11637,7995
11652,8029
11673,7987
11713,8008
11708,8111
11768,8161
11798,8126
11844,8111
11852,8196
11876,8252
11931,8255
11949,8237
11967,8300
11997,8392
12015,8395
12066,8349
12082,8441
12102,8517
12129,8552
12177,8532
12207,8557
12237,8670
12260,8699
12287,8673
12318,8704
12367,8759
12373,8826
12402,8795
12446,8832
12462,8913
12460,9010
12531,8979
12547,8977
12555,9053
12585,9165
12608,9154
12636,9112
12657,9166
12669,9286
12704,9287
12732,9226
12749,9282
12777,9422
12801,9411
12836,9392
12854,9423
12882,9543
12907,9562
12939,9529
12922,9535
12945,9657
12976,9679
13000,9644
13010,9643
13030,9728
13042,9814
13101,9755
13099,9766
13111,9825
13130,9944
13162,9894
13154,9862
13200,9909
13214,10026
13224,10008
13264,9952
13252,10027
13261,10137
13289,10149
13311,10068
13326,10097
13344,10229
13368,10240
13392,10170
13380,10191
13409,10333
13433,10384
13457,10269
13457,10291
13477,10463
13516,10488
13530,10432
13542,10415
13549,10533
13573,10613
13605,10556
13637,10500
13653,10646
13675,10771
13682,10729
13714,10643
13718,10737
13752,10847
13769,10863
13792,10817
13813,10879
13821,11041
13856,11034
13890,10956
13888,11019
13923,11123
13950,11215
13985,11087
14019,11171
14037,11330
14072,11366
14078,11280
14117,11287
14118,11444
14162,11508
14178,11434
14219,11437
14227,11585
14255,11672
14275,11608
14310,11588
14338,11706
14348,11811
14372,11748
14404,11738
14420,11872
14454,11945
14477,11919
14515,11884
14534,11980
14557,12092
14581,12091
14607,11995
14611,12058
14645,12202
14653,12160
14670,12115
14699,12180
14721,12277
14740,12280
14775,12228
14788,12281
14803,12372
14815,12381
14843,12327
14873,12363
14897,12482
14913,12494
14922,12404
14932,12439
14972,12549
14986,12573
15013,12494
15012,12501
15022,12626
15048,12652
15066,12577
15096,12558
15117,12675
15129,12737
15151,12663
15159,12650
15183,12762
15173,12810
15227,12739
15222,12731
15271,12819
15271,12886
15286,12822
15306,12762
15328,12876
15352,12926
15354,12861
15385,12856
15398,12975
15414,13001
15430,12946
15452,12903
15447,12997
15478,13074
15495,13005
15528,12966
15567,13074
15561,13132
15595,13092
15627,13055
15633,13140
15658,13210
15679,13161
15695,13129
15751,13199
15739,13289
15756,13248
15785,13211
15788,13285
15838,13386
15871,13312
15895,13279
15914,13353
15918,13447
15980,13414
15963,13365
16008,13435
16026,13560
16044,13524
16084,13458
16124,13529
16174,13621
16181,13596
16200,13552
16244,13614
16274,13704
16288,13676
16310,13642
16348,13698
16370,13794
0,13742
48,13686
60,13754
76,13858
102,13828
150,13800
182,13825
205,13944
234,13905
260,13861
302,13917
297,13996
312,13987
354,13914
404,13984
416,14070
410,14052
446,13980
484,14042
489,14126
506,14118
527,14031
568,14092
592,14175
633,14154
612,14111
644,14155
684,14253
706,14207
714,14141
750,14198
758,14284
774,14240
806,14193
838,14243
830,14313
866,14307
882,14246
912,14294
903,14368
930,14351
975,14287
969,14355
994,14414
1013,14411
1017,14339
1067,14383
1082,14446
1089,14425
1125,14375
1133,14434
1177,14479
1174,14484
1197,14413
1225,14476
1225,14515
1237,14506
1257,14465
1291,14514
1307,14603
1322,14544
1357,14517
1379,14574
1406,14618
1426,14616
1454,14580
1460,14633
1515,14682
1530,14677
1578,14636
1608,14695
1598,14744
1626,14716
1668,14702
1709,14743
1701,14813
1746,14792
1762,14772
1791,14825
1839,14887
1861,14862
1905,14838
1943,14879
1963,14970
1981,14935
2041,14908
2064,14959
2066,15030
2119,15019
2164,14998
2190,15048
2204,15111
2222,15094
2270,15078
2305,15130
2314,15164
2340,15144
2391,15142
2424,15204
2447,15264
2476,15238
2507,15237
2552,15296
2567,15329
2582,15311
2639,15307
2642,15357
2686,15414
2693,15380
2746,15388
2761,15435
2751,15468
2785,15453
2830,15444
2835,15511
2871,15558
2904,15517
2920,15523
2933,15577
2955,15615
2981,15581
3021,15556
3031,15649
3049,15688
3089,15630
3091,15623
3117,15703
3132,15742
3184,15707
3205,15710
3204,15762
3226,15792
3246,15768
3274,15788
3288,15826
3295,15877
3338,15832
3358,15822
3397,15886
3410,15951
3416,15901
3448,15869
3463,15948
3469,16013
3489,15973
3525,15955
3525,16028
3559,16083
3591,16059
3584,16023
3622,16111
3641,16166
3655,16106
3704,16097
3702,16179
3710,16244
3770,16204
3790,16212
3813,16282
3830,16295
3885,16286
3874,16298
3914,16370
3908,51
3964,0
3985,0
4001,74
4022,159
4045,143
4081,119
4114,190
4139,266
4151,229
4173,257
4213,327
4245,398
4292,416
4325,390
4335,455
4389,543
4405,535
4430,541
4468,602
4493,691
4500,680
4536,670
4578,762
4576,863
4622,838
4654,856
4678,920
4704,1010
4728,1014
4766,990
4789,1081
4812,1195
4851,1174
4856,1132
4888,1241
4932,1335
4933,1303
4990,1308
4994,1384
5001,1469
5038,1429
5055,1425
5092,1530
5096,1590
5122,1581
5149,1562
5169,1684
5191,1744
5206,1711
5244,1698
5272,1770
5264,1842
5289,1837
5310,1804
5334,1913
5347,1995
5376,1938
5384,1933
5406,2029
5416,2108
5438,2044
5464,2043
5495,2150
5506,2242
5520,2168
5521,2145
5559,2271
5568,2331
5597,2249
5599,2237
5601,2368
5649,2469
5654,2391
5667,2373
5689,2467
5695,2557
5721,2494
5752,2460
5768,2611
5761,2651
5790,2599
5809,2537
5839,2670
5859,2759
5876,2712
5894,2694
5896,2843
5928,2905
5942,2818
5962,2824
6010,2938
6024,3026
6059,2981
6064,2966
6092,3076
6128,3182
6130,3103
6166,3097
6185,3241
6233,3330
6218,3234
6266,3225
6278,3381
6305,3486
6317,3403
6357,3372
6383,3516
6396,3616
6448,3567
6452,3527
6495,3657
6501,3761
6539,3715
6546,3695
6589,3799
6613,3892
6636,3861
6660,3803
6693,3936
6720,4054
6728,3990
6765,3933
6802,4053
6793,4142
6822,4100
6852,4046
6891,4157
6886,4244
6916,4204
6952,4168
6984,4285
7007,4373
7034,4296
7036,4274
7064,4350
7062,4448
7090,4384
7118,4327
7138,4430
7167,4527
7176,4491
7185,4433
7229,4503
7245,4587
7246,4564
7245,4507
7287,4595
7320,4674
7322,4638
7353,4575
7378,4658
7403,4744
7406,4747
7454,4652
7431,4713
7454,4813
7488,4822
7486,4726
7532,4750
7528,4878
7542,4885
7567,4787
7591,4825
7633,4931
7629,4913
7659,4841
7661,4879
7679,4961
7705,4984
7722,4897
7756,4947
7766,5048
7774,5065
7795,4982
7830,5002
7839,5082
7851,5122
7860,5074
7894,5034
7919,5141
7925,5225
7955,5132
7987,5104
8005,5215
8031,5275
8061,5204
8086,5203
8106,5291
8142,5354
8166,5284
8172,5290
8224,5350
8231,5440
8257,5389
8271,5359
8317,5424
8337,5521
8367,5460
8385,5431
8408,5491
8458,5585
8456,5550
8511,5511
8556,5569
8574,5670
8602,5655
8670,5592
8653,5649
8697,5731
8715,5724
8741,5653
8785,5713
8821,5833
8819,5777
8861,5756
8916,5782
8922,5889
8920,5882
8949,5825
9009,5843
9029,5943
9052,5946
9087,5907
9099,5920
9144,5995
9151,6008
9185,5975
9223,5987
9241,6047
9248,6077
9270,6040
9308,6028
9326,6085
9330,6141
9357,6089
9389,6076
9423,6148
9431,6199
9454,6146
9476,6104
9503,6186
9542,6244
9550,6213
9583,6153
9605,6239
9621,6259
9639,6241
9671,6215
9698,6274
9696,6338
9718,6300
9714,6267
9769,6287
9773,6380
9791,6363
9815,6297
9825,6333
9863,6409
9858,6409
9896,6353
9930,6374
9932,6431
9954,6455
9975,6401
10019,6430
10035,6475
10057,6497
10089,6478
10101,6487
10122,6534
10135,6553
10148,6518
10191,6513
10211,6563
10216,6622
10266,6578
10309,6565
10321,6632
10347,6684
10374,6660
10405,6632
10434,6683
10482,6744
10490,6739
10540,6718
10571,6737
10601,6813
10601,6805
10648,6767
10671,6829
10693,6879
10716,6912
10748,6855
10804,6899
10817,6990
10866,6996
10878,6945
10923,6975
10943,7048
10991,7073
11022,7029
11052,7034
11082,7125
11118,7160
11145,7145
11175,7151
11221,7183
11205,7253
11245,7210
11275,7223
11309,7253
11303,7316
11353,7311
11388,7283
11419,7341
11438,7384
11477,7383
11513,7395
11509,7401
11547,7447
11573,7481
11596,7459
11646,7455
11640,7508
11657,7544
11683,7534
11717,7518
11712,7596
11745,7627
11772,7589
11804,7583
11830,7638
11850,7702
11877,7691
11905,7657
11916,7693
11935,7771
11957,7752
11990,7730
12012,7792
12004,7838
12031,7821
12075,7818
12095,7844
12095,7879
12113,7906
12142,7868
12152,7898
12158,7951
12189,7989
12215,7943
12251,7984
12239,8028
12253,8033
12300,8046
12320,8043
12315,8105
12335,8166
12375,8143
12395,8122
12421,8182
12440,8258
12442,8222
12481,8211
12502,8252
12486,8331
12543,8323
12561,8298
12613,8364
12601,8450
12646,8464
12692,8438
12689,8472
12709,8557
12767,8601
12789,8583
12812,8592
12830,8682
12856,8743
12907,8709
12907,8736
12919,8799
12957,8867
13000,8890
13045,8850
13050,8941
13070,9044
13102,9046
13146,9018
13177,9093
13193,9182
13219,9237
13242,9187
13296,9258
13286,9355
13337,9427
13350,9356
13371,9406
13420,9511
13447,9597
13469,9540
13489,9595
13502,9691
13536,9749
13559,9688
13575,9702
13606,9815
13638,9896
13670,9881
13704,9860
13701,9943
13737,10037
13757,10063
13766,10012
13792,10092
13804,10204
13826,10174
13854,10117
13870,10202
13876,10331
13901,10313
13935,10265
13935,10319
13979,10424
13992,10452
14009,10383
14010,10405
14036,10523
14066,10590
14070,10496
14093,10527
14089,10661
14133,10675
14150,10628
14176,10610
14184,10732
14214,10826
14230,10728
14229,10719
14257,10847
14265,10907
14281,10814
14299,10806
14341,10905
14325,11002
14368,10966
14361,10875
14370,11015
14414,10892
14405,11143
14440,11256
14469,11043
14473,11045
14507,11215
14521,11384
14541,11127
14560,11172
14581,11316
14607,11448
14620,11263
14646,11303
14671,11502
14674,11606
14689,11469
14737,11405
14765,11546
14787,11767
14785,11639
14834,11600
14828,11597
14846,11902
14904,11843
14922,11716
14945,11828
14944,11997
14983,11971
15021,11840
15033,11884
15079,12072
15093,12105
15123,11989
15147,12005
15159,12293
15174,12297
15208,12170
15246,12151
15266,12335
15288,12334
15338,12265
15352,12254
15368,12470
15404,12528
15433,12343
15462,12405
15465,12563
15503,12657
15522,12463
15533,12479
15547,12717
15579,12719
15611,12619
15633,12547
15623,12775
15657,12818
15693,12710
15707,12734
15733,12884
15750,12924
15777,12773
15808,12696
15834,12943
15824,12978
15852,12853
15883,12808
15884,13003
15921,13041
15952,12873
15945,12874
15969,13017
15987,13136
16001,13057
16041,12879
16051,13180
16061,13168
16094,13072
16101,13010
16127,13124
16139,13289
16165,13203
16193,13053
16219,13207
16212,13380
16253,13167
16261,13083
16275,13317
16293,13365
16290,13288
16330,13134
16353,13311
16350,13416
16378,13354
22,13216
34,13384
68,13504
84,13372
117,13268
127,13449
150,13561
184,13381
182,13328
220,13416
258,13598
257,13536
287,13406
309,13609
348,13678
371,13671
392,13485
407,13603
436,13758
468,13668
519,13571
518,13667
548,13894
566,13805
632,13652
658,13804
670,13900
704,13764
719,13733
754,13743
778,14012
830,13892
850,13723
883,13946
902,14084
945,14026
979,13890
985,14016
1008,14177
1054,14134
1090,13937
1106,14082
1134,14238
1180,14136
1199,14062
1228,14165
1263,14275
1301,14136
1301,14091
1357,14291
1395,14399
1397,14255
1413,14147
1441,14365
1465,14393
1501,14372
1527,14195
1515,14371
1582,14462
1610,14361
1626,14264
1653,14474
1656,14563
1707,14371
1734,14303
1746,14505
1751,14567
1798,14411
1806,14367
1834,14506
1854,14652
1878,14410
1885,14405
1900,14580
1912,14697
1948,14604
1979,14484
1978,14603
2024,14745
2048,14480
2067,14470
2071,14669
2122,14759
2133,14545
2163,14555
2173,14733
2211,14805
2201,14613
2239,14559
2236,14817
2258,14813
2297,14665
2315,14631
2306,14827
2351,14931
2373,14724
2408,14719
2412,14952
2445,14963
2498,14776
2514,14778
2534,14871
2569,15039
2564,14838
2630,14836
2630,14951
2652,15072
2687,14957
2686,14858
2720,15068
2750,15142
2783,15013
2794,14938
2823,15161
2877,15201
2903,15017
2911,14993
2967,15169
3001,15181
3045,15101
3031,15123
3079,15306
3117,15300
3145,15201
3166,15154
3191,15376
3234,15458
3264,15324
3276,15400
3326,15423
3336,15364
3386,15419
3411,15482
3436,15506
3491,15474
3527,15494
3517,15581
3555,15607
3605,15543
3631,15588
3645,15672
3683,15680
3718,15637
3721,15676
3753,15747
3763,15761
3799,15738
3834,15749
3844,15817
3879,15814
3869,15795
3904,15812
3933,15909
3936,15896
3984,15887
4014,15907
4020,15985
4044,15973
4064,15938
4096,15972
4089,16046
4138,16064
4152,16050
4174,16064
4176,16135
4183,16139
4214,16115
4240,16125
4252,16207
4298,16214
4312,16168
4326,16218
4339,16270
4360,16288
4387,16259
4408,16284
4405,16368
4434,16372
4484,16321
4492,16348
4508,34
4506,59
4543,35
4541,28
4551,125
4614,137
4596,93
4624,142
4665,198
4670,234
4693,193
4716,223
4743,330
4761,314
4801,307
4813,310
4821,411
4853,450
4853,411
4877,421
4911,508
4949,572
4975,528
4992,549
5025,615
5049,707
5059,693
5101,678
5121,780
5161,875
5169,836
5207,827
5229,957
5269,1001
5288,965
5306,993
5354,1086
5375,1164
5396,1145
5418,1137
5442,1274
5470,1357
5503,1347
5534,1325
5550,1438
5598,1546
5596,1500
5639,1474
5662,1593
5682,1663
5700,1661
5714,1672
5782,1777
5784,1850
5820,1821
5824,1822
5846,1958
5886,2005
5893,1961
5929,1969
5930,2081
5967,2164
5996,2137
6007,2115
6031,2237
6035,2286
6068,2265
6072,2237
6112,2347
6138,2452
6143,2395
6187,2371
6187,2483
6205,2541
6217,2493
6234,2439
6271,2597
6285,2639
6267,2606
6313,2543
6341,2689
6345,2799
6335,2838
6369,2903
6391,2707
6418,2649
6440,2961
6450,3014
6468,2778
6509,2813
6503,2995
6527,3044
6549,2969
6547,2863
6564,3106
6588,3152
6605,2986
6613,3017
6617,3187
6653,3285
6671,3069
6689,3073
6715,3269
6711,3382
6749,3214
6760,3234
6777,3493
6797,3464
6847,3399
6847,3314
6855,3537
6882,3621
6908,3403
6927,3419
6943,3656
6984,3658
7018,3567
7029,3583
7045,3778
7062,3852
7094,3714
7112,3736
7148,3966
7160,3932
7196,3803
7220,3820
7231,4032
7269,4176
7303,4004
7326,3957
7361,4085
7367,4225
7393,4196
7433,4046
7452,4256
7477,4324
7522,4203
7553,4162
7541,4374
7577,4472
7603,4319
7635,4279
7643,4483
7661,4603
7717,4421
7714,4426
7741,4569
7768,4688
7829,4555
7822,4501
7851,4620
7866,4784
7904,4630
7920,4582
7950,4650
7935,4881
7983,4691
8009,4652
8002,4709
8039,4928
8067,4825
8086,4722
8102,4777
8098,5030
8148,5000
8157,4784
8192,4860
8192,5062
8213,5035
8241,4887
8251,4979
8283,5063
8297,5091
8314,4918
8355,4931
8376,5164
8392,5172
8398,5004
8426,5020
8440,5212
8453,5234
8468,5034
8495,5103
8517,5270
8531,5307
8573,5152
8575,5103
8556,5259
8628,5414
8632,5195
8645,5138
8662,5310
8689,5449
8708,5347
8747,5201
8741,5359
8775,5491
8807,5507
8803,5272
8834,5415
8848,5536
8898,5443
8919,5322
8936,5440
8942,5600
8981,5459
9016,5374
9033,5547
9073,5656
9095,5537
9137,5458
9150,5478
9186,5752
9222,5687
9240,5545
9254,5636
9282,5800
9309,5712
9353,5604
9364,5652
9383,5873
9438,5914
9473,5682
9511,5711
9534,5948
9568,5929
9612,5746
9642,5837
9658,5980
9703,6006
9719,5926
9775,5859
9747,6049
9817,6107
9870,5936
9856,5943
9882,6088
9919,6177
9962,5979
9989,5984
10000,6218
10045,6298
10097,6153
10117,6062
10127,6272
10173,6343
10213,6121
10240,6114
10251,6259
10268,6399
10306,6296
10333,6176
10328,6234
10367,6464
10391,6387
10417,6239
10433,6262
10441,6537
10489,6359
10515,6254
10505,6388
10552,6520
10574,6435
10612,6276
10614,6342
10649,6566
10677,6560
10696,6387
10714,6433
10720,6617
10752,6644
10788,6429
10788,6446
10792,6620
10813,6683
10863,6511
10861,6469
10873,6658
10913,6755
10924,6511
10958,6509
10975,6595
10988,6806
11012,6556
11051,6575
11028,6758
11074,6837
11120,6725
11117,6615
11123,6743
11149,6864
11192,6697
11198,6644
11231,6773
11244,6908
11283,6950
11312,6757
11338,6946
11347,6876
11402,6867
11419,6899
11439,6953
11458,6946
11496,6908
11534,6955
11556,7028
11582,7046
11589,6996
11633,7040
11660,7091
11679,7131
11730,7077
11744,7106
11756,7173
11805,7202
11842,7172
11887,7169
11886,7252
11899,7289
11938,7273
11993,7259
12019,7344
12024,7370
12068,7354
12102,7372
12142,7434
12169,7479
12184,7476
12207,7472
12229,7522
12241,7546
12268,7564
12292,7566
12318,7578
12388,7660
12397,7677
12422,7646
12455,7676
12489,7730
12478,7744
12516,7717
12534,7759
12568,7812
12590,7860
12614,7818
12631,7805
12635,7867
12649,7936
12695,7886
12702,7878
12724,7973
12744,8034
12761,7995
12794,7964
12817,8041
12825,8093
12860,8084
12890,8066
12886,8102
12902,8168
12936,8180
12962,8142
12971,8176
12980,8251
13007,8253
13014,8208
13041,8238
13070,8295
13082,8352
13112,8316
13122,8314
13139,8389
13169,8442
13155,8387
13192,8394
13212,8438
13218,8494
13252,8455
13260,8457
13286,8546
13307,8621
13315,8590
13351,8544
13357,8612
13375,8704
13416,8712
13418,8675
13462,8716
13464,8817
13503,8833
13525,8790
13527,8837
13577,8927
13601,8979
13610,8909
13642,8980
13640,9076
13674,9089
13708,9084
13739,9077
13752,9170
13775,9245
13809,9215
13823,9253
13842,9313
13877,9418
13892,9424
13940,9384
13957,9477
13970,9601
14012,9590
14037,9570
14032,9630
14082,9767
14137,9772
14151,9759
14165,9799
14200,9948
14212,9973
14238,9900
14270,9945
14290,10124
14306,10136
14356,10068
14365,10120
14379,10277
14413,10303
14435,10258
14435,10286
14479,10426
14496,10495
14527,10375
14541,10430
14588,10570
14602,10666
14632,10566
14647,10590
14662,10719
14678,10773
14691,10728
14718,10714
14741,10831
14751,10951
14773,10883
14810,10837
14814,10948
14818,11009
14865,10973
14862,10940
14876,11026
14908,11120
14922,11076
14947,11061
14965,11121
14985,11249
14977,11259
14991,11131
15019,11200
15038,11325
15062,11326
15088,11252
15092,11288
15105,11452
15115,11424
15120,11362
15165,11390
15175,11493
15175,11568
15181,11448
15225,11440
15231,11587
15246,11491
15277,11714
15289,11577
15314,11516
15340,11602
15358,11775
15370,11781
15378,11610
15414,11705
15432,11928
15453,11853
15477,11711
15496,11808
15517,11972
15513,12003
15545,11850
15564,11906
15593,12123
15632,12131
15652,11983
15664,12005
15684,12231
15719,12224
15780,12143
15754,12134
15799,12321
15813,12260
15866,12277
15853,12218
15885,12471
15889,12506
15941,12386
15959,12354
15999,12543
16007,12597
16055,12475
16063,12406
16093,12615
16116,12752
16164,12603
16173,12587
16202,12728
16240,12876
16246,12670
16285,12666
16296,12888
16338,13000
16365,12764
13,12736
9,12971
40,13055
76,12963
103,12851
107,12985
131,13126
170,12964
196,12930
209,13067
229,13243
263,13049
267,13019
295,13117
306,13260
364,13222
372,13080
384,13180
404,13339
436,13189
449,13132
463,13316
468,13440
498,13324
526,13188
558,13370
564,13434
592,13294
620,13257
608,13403
639,13537
691,13479
717,13294
710,13467
741,13617
765,13552
786,13371
790,13512
817,13632
825,13483
853,13430
866,13506
874,13701
890,13599
929,13448
926,13611
949,13693
993,13651
1016,13504
1023,13614
1042,13815
1081,13771
1130,13576
1120,13744
1169,13828
1200,13716
1206,13658
1236,13748
1228,13898
1288,13804
1293,13705
1309,13801
1352,13979
1379,13862
1432,13772
1422,13870
1492,14090
1484,13977
1521,13834
1547,14004
1581,14149
1647,13976
1639,13904
1657,14019
1707,14189
1765,14040
1783,13998
1799,14049
1827,14273
1847,14144
1902,14037
1921,14176
1950,14340
1984,14199
2013,14097
2034,14366
2082,14448
2124,14198
2142,14156
2174,14333
2182,14473
2242,14365
2281,14258
2301,14460
2324,14543
2351,14367
2380,14426
2403,14577
2443,14638
2465,14438
2491,14413
2503,14621
2557,14653
2593,14550
2624,14500
2624,14594
2636,14698
2690,14520
2723,14546
2726,14738
2740,14702
2795,14594
2816,14574
2822,14768
2836,14808
2887,14621
2897,14620
2884,14728
2927,14877
2936,14665
2969,14673
2979,14899
3013,14829
3034,14775
3045,14784
3086,14958
3103,14927
3155,14783
3155,14841
3165,15001
3175,14955
3225,14841
3222,14807
3226,15023
3251,15065
3305,14812
3288,14843
3303,15149
3363,15005
3368,14993
3392,14898
3422,15144
3450,14958
3465,15047
3485,15117
3500,15104
3543,15062
3539,15123
3583,15176
3588,15167
3624,15119
3640,15161
3663,15247
3685,15231
3683,15193
3757,15260
3771,15303
3785,15310
3831,15279
3845,15296
3884,15383
3914,15386
3926,15369
3977,15395
3985,15459
4011,15462
4045,15454
4068,15491
4082,15557
4134,15558
4126,15536
4164,15582
4178,15632
4208,15654
4256,15616
4296,15670
4307,15753
4333,15741
4402,15710
4410,15756
4418,15848
4460,15860
4476,15831
4517,15852
4545,15957
4570,15947
4602,15921
4614,15980
4636,16044
4664,16046
4679,16007
4706,16080
4727,16126
4757,16150
4802,16118
4819,16171
4836,16251
4845,16254
4887,16213
4899,16241
4913,16308
4942,16342
4961,16281
4985,16320
4998,20
5027,40
5037,9
5055,12
5080,97
5097,118
5127,75
5151,105
5141,195
5183,207
5199,161
5206,195
5234,258
5252,282
5266,238
5278,272
5304,351
5340,385
5338,347
5370,335
5387,466
5398,448
5434,411
5428,451
5446,533
5461,568
5478,504
5488,520
5524,624
5552,646
5570,606
5602,630
5618,752
5615,755
5645,705
5672,735
5697,842
5694,879
5744,856
5743,853
5775,975
5811,1008
5827,969
5821,992
5865,1139
5895,1139
5925,1118
5917,1147
5945,1269
5985,1325
6019,1257
6044,1289
6073,1420
6096,1452
6110,1430
6144,1458
6162,1612
6195,1676
6204,1602
6255,1651
6252,1751
6282,1848
6303,1768
6333,1799
6376,1966
6409,2036
6410,1970
6444,1999
6474,2130
6498,2244
6526,2160
6566,2160
6562,2310
6598,2392
6636,2320
6650,2330
6688,2503
6704,2560
6716,2537
6740,2470
6788,2611
6794,2726
6815,2659
6833,2627
6854,2781
6883,2883
6892,2806
6906,2742
6938,2896
6966,2984
6986,2904
7022,2880
7016,3036
7044,3128
7069,3040
7083,3007
7096,3128
7121,3215
7136,3160
7164,3119
7187,3207
7181,3325
7211,3263
7213,3227
7245,3319
7251,3392
7267,3364
7283,3338
7314,3413
7319,3498
7355,3450
7347,3382
7391,3494
7395,3601
7407,3561
7431,3489
7455,3570
7485,3686
7472,3638
7500,3601
7525,3639
7549,3751
7549,3672
7572,3776
7600,3731
7619,3696
7630,3835
7652,3961
7676,3848
7708,3814
7717,3981
7737,4076
7762,3980
7783,3875
7813,4107
7836,4198
7869,4039
7907,4017
7899,4155
7933,4266
7970,4196
7985,4089
7995,4210
8017,4388
8039,4273
8076,4225
8107,4388
8129,4507
8184,4302
8191,4325
8206,4471
8241,4610
8266,4552
8302,4394
8318,4586
8344,4659
8382,4624
8416,4509
8445,4709
8464,4822
8478,4758
8521,4628
8547,4813
8550,4888
8596,4890
8625,4774
8636,4866
8690,5052
8710,4982
8752,4789
8778,4921
8770,5072
8808,5153
8854,4919
8863,4975
8891,5187
8907,5165
8933,4995
8950,5072
8968,5258
8990,5204
9028,5009
9032,5100
9062,5242
9091,5283
9125,5118
9138,5155
9141,5300
9171,5421
9218,5139
9238,5186
9247,5457
9261,5393
9300,5251
9312,5207
9334,5437
9344,5448
9376,5388
9382,5316
9392,5473
9425,5557
9455,5476
9469,5341
9489,5461
9500,5598
9560,5493
9582,5342
9568,5444
9586,5698
9636,5526
9645,5384
9675,5617
9701,5703
9711,5597
9735,5487
9719,5610
9759,5740
9800,5633
9822,5560
9844,5570
9868,5791
9906,5782
9922,5613
9953,5715
9969,5802
10023,5849
10043,5638
10060,5714
10069,5904
10115,5929
10173,5713
10169,5823
10180,5943
10232,5976
10250,5854
10278,5822
10286,6016
10337,6072
10367,5957
10385,5885
10443,6057
10461,6145
10508,5954
10545,5944
10563,6129
10587,6241
10634,6123
10670,6024
10700,6160
10733,6339
10765,6209
10804,6079
10818,6199
10834,6365
10868,6350
10948,6138
10942,6227
10964,6476
10982,6414
11030,6239
11045,6286
11097,6490
11118,6463
11170,6285
11183,6445
11196,6596
11230,6495
11278,6378
11297,6439
11302,6623
11336,6582
11365,6464
11391,6489
11398,6707
11414,6663
11478,6530
11462,6510
11506,6780
11537,6783
11539,6594
11591,6553
11593,6732
11621,6825
11654,6682
11667,6751
11684,6772
11717,6728
11728,6726
11752,6789
11738,6814
11775,6791
11789,6776
11821,6819
11829,6863
11837,6837
11880,6815
11914,6885
11906,6908
11937,6889
11973,6861
11977,6914
12013,6977
12016,6975
12054,6930
12050,6937
12076,6996
12084,6998
12127,6971
12125,7011
12173,7084
12157,7084
12209,7025
12236,7058
12247,7130
12268,7154
12280,7097
12314,7120
12332,7186
12373,7210
12391,7173
12421,7191
12447,7235
12463,7300
12492,7260
12503,7263
12531,7314
12545,7359
12572,7348
12619,7327
12627,7402
12641,7465
12668,7472
12724,7447
12724,7484
12771,7550
12806,7570
12832,7547
12856,7553
12883,7623
12897,7666
12937,7625
12973,7671
13001,7734
13024,7785
13028,7755
13054,7785
13098,7848
13121,7897
13161,7866
13179,7853
13199,7929
13220,8009
13266,7989
13305,7969
13302,8044
13331,8105
13352,8124
13377,8092
13399,8126
13411,8201
13442,8215
13478,8189
13490,8212
13503,8288
13542,8313
13564,8272
13573,8327
13589,8365
13609,8392
13613,8376
13634,8382
13671,8460
13682,8506
13718,8451
13714,8462
13748,8570
13770,8590
13794,8572
13809,8547
13819,8639
13847,8696
13867,8689
13886,8650
13896,8717
13913,8784
13934,8764
13965,8728
13960,8788
13995,8871
13999,8909
14021,8817
14029,8880
14069,8973
14052,8960
14092,8915
14086,8964
14110,9083
14148,9095
14145,9039
14185,9067
14180,9162
14237,9177
14221,9120
14271,9161
14281,9296
14302,9320
14317,9270
14336,9296
14361,9386
14381,9449
14383,9445
14413,9409
14425,9533
14475,9593
14487,9575
14519,9552
14540,9664
14563,9761
14582,9774
14620,9730
14617,9806
14652,9902
14658,9926
14694,9873
14709,9950
14759,10109
14789,10138
14801,10073
14837,10149
14875,10269
14870,10300
14914,10238
14926,10310
14968,10434
14981,10488
15002,10454
15048,10462
15066,10614
15100,10699
15118,10608
15149,10646
15165,10791
15185,10868
15209,10780
15219,10799
15261,10952
15301,11032
15318,10946
15342,10943
15381,11102
15384,11194
15394,11134
15436,11092
15469,11219
15457,11305
15495,11235
15529,11240
15551,11348
15576,11450
15585,11400
15613,11365
15628,11456
15658,11596
15645,11507
15678,11466
15704,11547
15712,11674
15734,11644
15752,11582
15777,11631
15803,11775
15816,11751
15837,11652
15841,11707
15861,11839
15874,11854
15920,11775
15922,11802
15921,11894
15942,11924
15946,11849
15998,11848
16021,12003
16038,12054
16028,11950
16057,11951
16083,12065
16095,12104
16125,12044
16117,12019
16154,12149
16153,12235
16190,12148
16218,12091
16244,12218
16262,12272
16260,12218
16308,12204
16304,12297
16342,12360
16341,12296
0,12293
9,12419
38,12498
38,12417
81,12385
101,12497
133,12583
160,12511
187,12483
207,12602
243,12671
249,12625
284,12573
316,12695
317,12784
351,12730
373,12679
432,12788
418,12879
487,12839
498,12792
518,12872
547,12965
582,12921
618,12875
641,13003
667,13072
708,13047
724,12980
776,13070
802,13165
812,13126
842,13074
857,13142
894,13259
904,13218
960,13176
990,13267
995,13335
1025,13295
1051,13259
1084,13324
1115,13415
1115,13378
1165,13322
1222,13400
1215,13497
1250,13462
1281,13416
1302,13462
1338,13571
1318,13530
1379,13452
1398,13523
1430,13613
1410,13566
1447,13514
1469,13579
1503,13673
1494,13622
1529,13574
1566,13622
1600,13724
1574,13680
1638,13620
1656,13684
1678,13778
1702,13744
1700,13690
1746,13728
1746,13820
1760,13787
1820,13724
1820,13794
1832,13858
1842,13842
1868,13773
1926,13836
1918,13938
1932,13903
1954,13829
2002,13891
2028,13979
2018,13936
2064,13884
2110,13952
2119,14008
2134,13986
2162,13942
2194,13974
2217,14066
2213,14045
2260,13983
2309,14056
2291,14126
2320,14081
2354,14041
2382,14095
2399,14192
2438,14168
2468,14093
2523,14177
2549,14246
2558,14232
2621,14177
2629,14237
2656,14321
2676,14293
2716,14251
2747,14316
2759,14401
2797,14376
2851,14319
2871,14387
2897,14473
2915,14447
2957,14405
2986,14440
3002,14557
3043,14507
3093,14475
3125,14538
3144,14588
3188,14586
3240,14538
3258,14611
3284,14675
3293,14657
3342,14618
3370,14680
3376,14732
3392,14724
3442,14700
3492,14741
3503,14788
3528,14795
3565,14764
3580,14800
3594,14868
3614,14850
3676,14814
3707,14877
3721,14931
3721,14923
3779,14893
3785,14941
3808,14981
3815,14973
3837,14935
3863,14982
3880,15044
3901,15022
3929,14983
3939,15050
3972,15084
3981,15092
4011,15045
4039,15086
4053,15119
4049,15111
4081,15085
4117,15124
4139,15175
4133,15161
4153,15119
4166,15176
4181,15240
4199,15230
4237,15190
4247,15228
4250,15274
4271,15276
4301,15227
4337,15269
4327,15343
4351,15338
4385,15295
4405,15346
4419,15397
4431,15381
4487,15370
4461,15402
4504,15455
4532,15461
4578,15420
4559,15433
4607,15511
4612,15531
4628,15477
4676,15552
4684,15618
4710,15613
4740,15551
4769,15614
4781,15673
4815,15691
4841,15656
4860,15693
4878,15771
4906,15763
4942,15754
4978,15797
5004,15865
5010,15854
5048,15847
5060,15897
5078,15969
5111,16015
5158,15970
5172,16004
5192,16092
5224,16100
5242,16059
5268,16099
5301,16175
5332,16191
5344,16162
5393,16207
5428,16278
5434,16333
5455,16313
5479,16331
5500,39
5510,44
5554,10
5591,66
5615,113
5631,147
5653,138
5684,171
5705,249
5713,294
5741,228
5757,276
5757,363
5789,371
5839,349
5836,353
5856,450
5880,462
5909,430
5914,457
5932,556
5940,584
5974,533
5994,560
6020,663
6034,677
6043,622
6062,656
6074,731
6084,773
6122,706
6124,757
6144,833
6180,880
6182,821
6204,855
6214,894
6242,954
6243,922
6275,953
6308,1040
6303,1091
6331,1042
6334,1043
6346,1155
6398,1204
6413,1133
6418,1147
6422,1262
6450,1290
6472,1272
6504,1269
6516,1368
6538,1410
6546,1368
6580,1378
6604,1484
6620,1545
6640,1524
6662,1494
6685,1623
6706,1702
6717,1673
6744,1662
6782,1799
6794,1894
6820,1839
6842,1841
6872,1932
6902,2059
6909,2020
6956,1990
6980,2118
7002,2210
7032,2164
7042,2186
7075,2305
7093,2386
7131,2337
7140,2343
7188,2474
7210,2603
7236,2567
7272,2717
7304,2505
7336,2576
7318,2775
7356,2867
7404,2740
7422,2752
7440,3006
7470,3047
7525,2854
7536,2924
7552,3126
7578,3190
7608,3004
7620,3102
7640,3250
7651,3377
7698,3181
7736,3166
7732,3449
7758,3468
7772,3340
7804,3343
7820,3477
7861,3591
7857,3519
7885,3365
7911,3659
7923,3660
7953,3596
7986,3555
7983,3639
8007,3779
8021,3670
8031,3627
8053,3782
8068,3826
8078,3782
8104,3702
8107,3884
8114,3999
8150,3910
8197,3797
8198,3877
8222,4019
8242,4036
8245,3838
8281,3948
8281,4111
8313,4040
8332,3934
8339,3950
8362,4234
8376,4156
8409,4051
8406,4069
8428,4248
8452,4118
8476,4054
8504,4115
8515,4374
8531,4399
8563,4185
8583,4222
8597,4499
8626,4362
8671,4245
8686,4302
8696,4492
8744,4552
8768,4372
8771,4352
8810,4554
8823,4631
8841,4463
8857,4402
8884,4671
8929,4732
8957,4575
8992,4550
9005,4820
9048,4825
9068,4709
9097,4610
9122,4822
9138,4922
9179,4738
9204,4719
9240,4924
9259,5011
9292,4919
9332,4869
9361,4978
9355,5135
9392,5097
9452,4924
9462,5024
9482,5183
9520,5102
9566,5014
9574,5063
9613,5277
9663,5234
9697,5071
9711,5219
9730,5406
9761,5345
9804,5182
9793,5208
9844,5420
9879,5426
9910,5242
9911,5283
9931,5510
9961,5553
10019,5363
10012,5323
10024,5499
10069,5568
10118,5400
10108,5376
10154,5613
10159,5601
10185,5530
10195,5457
10224,5678
10267,5681
10276,5495
10317,5485
10302,5679
10314,5741
10368,5566
10362,5498
10397,5717
10414,5816
10455,5601
10456,5567
10477,5697
10486,5869
10520,5730
10547,5602
10566,5853
10593,5879
10621,5780
10658,5627
10675,5831
10660,5972
10734,5800
10736,5702
10737,5815
10720,6008
10758,5834
10802,5762
10823,5812
10829,6036
10901,5990
10924,5854
10934,5882
10941,6050
10978,6098
11016,5878
11042,5928
11051,6109
11081,6155
11124,6066
11138,6000
11161,6144
11182,6211
11212,6093
11254,6006
11264,6189
11287,6243
11341,6183
11376,6081
11399,6293
11428,6359
11453,6323
11490,6152
11524,6336
11558,6397
11579,6285
11621,6220
11647,6277
11661,6515
11712,6497
11741,6261
11764,6314
11794,6572
11824,6446
11854,6368
11891,6402
11891,6630
11937,6584
11967,6429
12003,6443
12026,6717
12074,6697
12084,6550
12108,6540
12146,6784
12167,6780
12181,6747
12229,6601
12267,6817
12287,6895
12292,6725
12330,6672
12342,6741
12367,6922
12409,6817
12393,6748
12431,6891
12431,6849
12485,6866
12507,6912
12512,6970
12522,6936
12562,6914
12579,6975
12613,7006
12613,6988
12630,6975
12649,6979
12672,7061
12699,7058
12694,7010
12732,7034
12716,7100
12760,7101
12767,7075
12801,7078
12819,7153
12861,7160
12853,7111
12873,7138
12889,7190
12892,7216
12933,7165
12956,7186
12943,7251
12965,7284
12976,7239
13015,7223
13033,7309
13055,7343
13092,7294
13092,7294
13120,7348
13134,7382
13136,7380
13176,7348
13219,7425
13233,7455
13241,7479
13271,7423
13261,7484
13311,7534
13348,7540
13358,7530
13375,7563
13398,7608
13413,7619
13454,7612
13469,7643
13503,7710
13519,7740
13525,7725
13570,7746
13577,7784
13630,7843
13653,7803
13670,7821
13698,7900
13702,7966
13729,7929
13763,7902
13783,8003
13817,8061
13846,8030
13865,8037
13894,8076
13892,8173
13938,8167
13954,8138
13993,8207
14009,8309
14036,8294
14043,8263
14089,8336
14111,8400
14137,8423
14154,8398
14196,8439
14212,8530
14226,8568
14244,8499
14260,8536
14305,8627
14329,8660
14352,8669
14365,8669
14381,8747
14419,8806
14430,8748
14438,8751
14462,8826
14476,8898
14499,8853
14501,8840
14531,8901
14551,8989
14557,8993
14577,8933
14598,9025
14622,9084
14632,9084
14664,9032
14690,9099
14691,9199
14699,9172
14725,9156
14729,9196
14751,9299
14771,9341
14795,9243
14807,9278
14832,9395
14849,9421
14850,9388
14895,9382
14912,9511
14922,9534
14925,9468
14947,9499
14973,9607
14989,9658
14985,9583
15021,9606
15059,9702
15051,9752
15082,9720
15102,9715
15127,9796
15152,9886
15148,9838
15180,9823
15177,9936
15202,10040
15215,9986
15275,9979
15291,10040
15323,10153
15325,10156
15354,10119
15396,10162
15414,10348
15414,10294
15464,10276
15459,10336
15492,10495
15521,10501
15541,10441
15581,10514
15589,10627
15641,10695
15640,10607
15652,10655
15693,10794
15726,10860
15740,10802
15766,10808
15804,10957
15818,10838
15864,11159
15891,11096
15909,10969
15929,11159
15956,11324
15985,11294
16031,11091
16044,11277
16053,11417
16080,11471
16133,11287
16143,11307
16123,11597
16184,11570
16214,11438
16250,11479
16264,11744
16283,11744
16330,11620
16354,11600
16346,11866
12,11842
34,11667
34,11729
63,11943
71,12019
111,11825
107,11809
135,12088
161,12130
189,11966
197,11949
222,12160
233,12195
244,12017
284,12058
303,12217
328,12300
344,12098
338,12120
378,12269
388,12362
414,12202
436,12186
432,12371
452,12447
486,12297
504,12214
506,12443
541,12439
561,12418
573,12307
587,12501
611,12587
654,12351
675,12392
683,12627
699,12692
741,12484
739,12468
753,12587
769,12714
811,12601
830,12536
855,12701
863,12819
901,12664
919,12587
921,12771
957,12879
977,12740
1019,12689
1004,12819
1056,12931
1088,12801
1116,12762
1123,12914
1170,13039
1208,12953
1227,12876
1249,13044
1281,13159
1322,13008
1349,12942
1349,13118
1385,13253
1429,13141
1441,13077
1471,13201
1491,13339
1549,13205
1567,13130
1591,13251
1623,13389
1678,13264
1715,13202
1725,13444
1727,13505
1811,13371
1810,13324
1834,13453
1875,13572
1897,13543
1932,13384
1960,13522
1970,13680
2046,13488
2058,13475
2066,13704
2110,13737
2157,13651
2170,13509
2192,13659
2234,13811
2260,13626
2272,13572
2276,13798
2322,13858
2339,13671
2365,13663
2383,13875
2413,13889
2424,13790
2449,13723
2477,13934
2498,14012
2512,13801
2555,13769
2561,13978
2587,14038
2632,13818
2659,13781
2654,14042
2680,14028
2715,13970
2739,13842
2745,14105
2763,14129
2803,13985
2810,13978
2814,14129
2829,14154
2879,14031
2879,13969
2919,14191
2913,14221
2971,14100
2979,14018
3014,14210
3040,14242
3042,14113
3075,14071
3083,14263
3099,14325
3159,14164
3159,14141
3159,14337
3199,14385
3253,14177
3223,14195
3271,14389
3301,14404
3321,14309
3332,14182
3372,14398
3409,14503
3446,14312
3473,14295
3472,14510
3518,14498
3540,14316
3561,14292
3582,14608
3616,14563
3654,14474
3678,14440
3696,14638
3740,14649
3775,14458
3795,14520
3794,14638
3846,14671
3873,14487
3902,14601
3934,14809
3980,14789
4029,14553
4017,14627
4023,14788
4071,14945
4121,14659
4138,14738
4153,14945
4181,14949
4227,14757
4239,14859
4260,14919
4306,14919
4325,14859
4371,14800
4369,15104
4416,15139
4445,14919
4471,14933
4470,15147
4519,15022
4547,15065
4572,15137
4597,15137
4604,15099
4643,15142
4648,15183
4671,15198
4678,15174
4725,15175
4739,15249
4736,15254
4782,15220
4794,15264
4810,15336
4817,15301
4852,15260
4874,15301
4884,15372
4890,15360
4936,15328
4946,15355
4952,15412
4984,15417
4998,15377
5031,15406
5056,15468
5036,15468
5068,15414
5080,15470
5102,15506
5110,15516
5135,15451
5159,15504
5168,15564
5188,15548
5224,15538
5240,15557
5264,15630
5264,15644
5267,15586
5319,15625
5307,15688
5352,15720
5368,15659
5368,15686
5395,15752
5405,15766
5428,15738
5468,15752
5473,15813
5488,15829
5500,15805
5542,15830
5542,15900
5582,15914
5579,15907
5625,15923
5659,15989
5661,16009
5685,15984
5726,16004
5751,16077
5763,16118
5789,16102
5813,16109
5829,16193
5868,16218
5877,16190
5913,16216
5915,16284
5959,16336
5975,16291
6005,16324
6039,31
6052,46
6069,39
6079,35
6113,110
6156,182
6170,162
6196,205
6226,237
6258,328
6276,293
6301,329
6333,389
6366,470
6361,423
6393,415
6433,499
6447,585
6471,579
6499,537
6523,651
6527,733
6549,707
6581,675
6599,765
6623,829
6637,819
6647,781
6684,878
6702,966
6732,921
6736,881
6763,990
6773,1042
6773,1031
6807,1019
6829,1083
6843,1153
6861,1146
6847,1103
6906,1181
6915,1261
6931,1257
6955,1206
6963,1281
6974,1364
6995,1364
7023,1335
7029,1350
7044,1471
7063,1451
7065,1438
7117,1484
7143,1603
7145,1579
7157,1521
7161,1577
7207,1701
7211,1691
7213,1635
7253,1675
7247,1800
7289,1817
7293,1759
7330,1761
7341,1900
7383,1965
7391,1885
7389,1941
7423,2050
7443,2052
7449,1994
7491,2060
7504,2203
7522,2242
7546,2126
7564,2192
7592,2342
7615,2399
7650,2292
7675,2325
7690,2288
7738,2387
7732,2602
7749,2593
7797,2460
7830,2579
7832,2843
7877,2735
7907,2627
7915,2731
7943,2947
7973,2883
8009,2845
8025,2888
8053,3085
8074,3147
8096,2948
8123,3021
8147,3319
8176,3200
8200,3130
8245,3194
8278,3398
8294,3406
8318,3258
8350,3375
8355,3580
8390,3618
8444,3446
8458,3458
8478,3677
8496,3716
8540,3528
8551,3604
8569,3805
8583,3851
8639,3762
8662,3719
8675,4003
8707,4038
8756,3801
8744,3805
8762,3984
8794,4102
8830,3881
8845,3873
8854,4048
8888,4177
8917,3985
8935,4031
8935,4168
8945,4234
8991,4067
9011,4077
9014,4169
9014,4343
9048,4202
9062,4150
9068,4284
9104,4384
9127,4301
9173,4193
9163,4285
9171,4481
9205,4440
9225,4271
9231,4393
9265,4539
9276,4452
9312,4357
9300,4442
9330,4605
9362,4540
9406,4363
9400,4484
9421,4640
9429,4631
9466,4448
9503,4601
9521,4696
9549,4743
9569,4569
9596,4631
9595,4779
9624,4838
9678,4666
9676,4622
9702,4908
9712,4862
9768,4747
9760,4769
9791,4959
9821,4958
9856,4831
9899,4808
9899,5047
9952,5069
9988,4870
9996,4894
10028,5093
10050,5128
10094,5035
10104,4938
10146,5149
10173,5195
10215,5091
10249,5036
10258,5181
10309,5343
10340,5200
10348,5127
10371,5285
10398,5466
10440,5274
10471,5175
10505,5389
10510,5486
10557,5463
10592,5299
10623,5503
10670,5598
10685,5435
10739,5370
10737,5474
10756,5669
10798,5574
10848,5439
10842,5517
10874,5732
10913,5638
10924,5561
10955,5559
10986,5763
11021,5772
11039,5617
11063,5621
11067,5764
11112,5805
11132,5658
11188,5669
11192,5872
11213,5909
11260,5762
11261,5699
11271,5904
11301,5941
11320,5805
11326,5732
11350,5948
11386,5977
11398,5788
11414,5784
11427,5936
11449,5981
11479,5865
11515,5849
11524,5976
11542,6091
11581,6041
11578,5878
11622,6061
11614,6162
11656,6014
11666,5912
11678,6047
11697,6167
11733,6082
11743,5924
11764,6011
11790,6200
11806,6170
11826,5961
11866,6118
11860,6256
11887,6200
11916,6012
11928,6120
11976,6366
11992,6242
12045,6113
12055,6135
12068,6399
12091,6393
12132,6131
12138,6217
12154,6427
12173,6456
12233,6310
12237,6324
12241,6430
12288,6491
12318,6304
12336,6316
12348,6542
12400,6592
12421,6427
12448,6417
12475,6564
12489,6662
12549,6571
12540,6467
12582,6601
12620,6711
12636,6709
12656,6532
12681,6640
12721,6812
12719,6750
12779,6569
12826,6651
12826,6878
12864,6894
12878,6686
12918,6662
12934,6970
12966,6908
13005,6775
13018,6785
13065,7025
13066,7001
13089,6896
13107,6871
13146,7109
13156,7073
13206,7032
13210,6846
13218,7168
13264,7069
13300,7066
13310,7135
13321,7168
13351,7111
13379,7119
13383,7197
13409,7217
13414,7193
13449,7194
13472,7259
13490,7272
13514,7250
13520,7240
13536,7304
13551,7343
13577,7312
13585,7293
13595,7341
13607,7403
13635,7385
13639,7344
13670,7394
13700,7452
13719,7436
13720,7406
13733,7440
13761,7493
13769,7491
13797,7469
13802,7496
13817,7545
13833,7567
13867,7542
13873,7571
13894,7604
13912,7627
13928,7593
13954,7597
13964,7700
13989,7712
14005,7693
14021,7675
14049,7725
14083,7789
14108,7745
14103,7763
14105,7829
14137,7875
14169,7844
14190,7838
14206,7887
14250,7949
14258,7935
14268,7932
14310,7978
14326,8058
14350,8047
14365,8022
14389,8075
14433,8169
14429,8155
14457,8151
14489,8220
14503,8251
14530,8282
14559,8250
14567,8299
14612,8365
14630,8379
14664,8367
14670,8431
14708,8487
14718,8535
14761,8497
14757,8566
14783,8631
14849,8692
14841,8663
14869,8671
14891,8755
14931,8801
14928,8774
14968,8805
14986,8873
15021,8951
15054,8934
15062,8924
15083,9039
15119,9112
15137,9089
15151,9067
15193,9155
15215,9236
15227,9221
15229,9191
15268,9273
15307,9373
15305,9354
15327,9281
15346,9376
15366,9499
15376,9473
15396,9430
15422,9463
15446,9608
15456,9598
15480,9566
15493,9587
15523,9705
15519,9714
15533,9629
15557,9675
15574,9813
15577,9821
15626,9744
15622,9772
15642,9885
15644,9963
15658,9875
15710,9868
15720,10000
15732,10044
15751,9983
15773,9991
15782,10089
15807,10169
15813,10072
15841,10073
15868,10208
15895,10296
15896,10232
15937,10194
15926,10311
15954,10390
15960,10365
15998,10340
16028,10442
16040,10515
16054,10511
16084,10482
16083,10535
16124,10641
16143,10651
16169,10593
16199,10651
16227,10801
16237,10811
16252,10757
16284,10821
16316,10972
16336,10938
16358,10898
16372,10882
6,10886
45,11133
65,11256
88,11038
134,11048
142,11268
167,11348
208,11228
249,11231
265,11299
286,11514
319,11485
364,11370
375,11595
400,11625
467,11661
470,11542
480,11630
512,11862
553,11782
570,11624
598,11813
613,11957
647,11969
699,11841
707,11921
708,12140
786,12046
812,11922
810,12049
838,12263
882,12239
922,12054
935,12119
959,12357
991,12323
1012,12140
1003,12251
1065,12457
1078,12413
1091,12212
1119,12331
1123,12532
1161,12510
1201,12371
1221,12388
1239,12545
1253,12575
1267,12411
1285,12501
1304,12656
1324,12664
1348,12440
1373,12519
1370,12739
1417,12697
1426,12570
1422,12566
1435,12827
1464,12758
1498,12574
1526,12685
1532,12822
1542,12842
1576,12692
1599,12747
1598,12935
1648,12954
1676,12728
1688,12768
1692,13018
1720,12972
1772,12788
1779,12891
1782,13039
1812,13040
1842,12879
1859,12891
1878,13160
1906,13170
1928,12922
1943,13011
1982,13225
2020,13093
2034,13025
2048,13082
2070,13271
2122,13261
2144,13056
2169,13157
2173,13350
2233,13366
2255,13145
2263,13213
2303,13415
2323,13372
2357,13276
2365,13321
2401,13525
2429,13496
2491,13353
2489,13402
2511,13556
2565,13609
2605,13475
2613,13479
2649,13665
2693,13634
2707,13453
2751,13530
2775,13737
2787,13793
2839,13540
2872,13671
2881,13816
2927,13822
2941,13605
2993,13696
2997,13890
3053,13890
3064,13705
3085,13798
3129,13990
3167,13892
3196,13814
3225,13855
3254,14061
3261,13999
3311,13837
3320,13927
3340,14124
3376,14062
3388,13962
3422,13991
3420,14135
3464,14169
3484,13930
3517,14067
3514,14211
3560,14237
3574,14059
3572,14066
3616,14257
3642,14179
3663,14091
3675,14123
3697,14276
3722,14280
3738,14148
3740,14182
3764,14334
3775,14242
3826,14149
3818,14248
3834,14430
3884,14366
3898,14181
3897,14303
3916,14461
3923,14408
3976,14234
3990,14304
4010,14554
4040,14463
4056,14278
4056,14322
4072,14514
4116,14474
4135,14327
4154,14373
4150,14602
4196,14484
4211,14383
4225,14420
4236,14637
4272,14591
4299,14441
4329,14539
4336,14685
4384,14706
4394,14455
4424,14516
4442,14768
4484,14725
4500,14553
4522,14728
4523,14835
4574,14750
4590,14598
4620,14675
4617,14875
4657,14868
4697,14692
4716,14755
4717,14956
4771,14833
4804,14765
4820,14868
4841,15033
4873,14994
4909,14863
4936,14934
4959,15097
4977,15156
5017,14971
5045,14924
5075,15148
5103,15173
5126,15034
5160,15018
5162,15280
5228,15286
5250,15102
5240,15153
5274,15376
5297,15210
5313,15246
5352,15317
5383,15315
5404,15284
5436,15337
5458,15401
5470,15424
5498,15366
5510,15398
5544,15484
5567,15487
5588,15432
5588,15484
5610,15536
5624,15558
5659,15529
5681,15527
5700,15604
5709,15612
5739,15583
5761,15607
5774,15672
5770,15682
5803,15631
5827,15647
5825,15717
5845,15735
5875,15677
5885,15701
5897,15773
5905,15789
5927,15735
5939,15757
5965,15831
5977,15833
6001,15817
6009,15821
6031,15879
6047,15913
6075,15874
6077,15905
6097,15949
6099,15953
6133,15929
6145,15955
6161,16035
6197,16041
6211,16013
6237,16015
6241,16098
6265,16120
6282,16067
6314,16107
6314,16161
6350,16214
6372,16190
6380,16171
6396,16249
6404,16298
6442,16269
6460,16270
6493,16349
6508,14
6509,16381
6548,10
6562,63
6604,141
6624,65
6640,82
6646,173
6679,237
6705,228
6732,203
6768,295
6797,385
6829,356
6832,356
6870,436
6884,489
6916,470
6934,462
6960,552
7002,632
6998,629
7038,634
7073,694
7094,804
7104,792
7124,782
7146,836
7178,958
7206,971
7242,936
7254,996
7288,1090
7306,1067
7322,1080
7328,1133
7376,1279
7394,1263
7425,1222
7434,1250
7454,1384
7470,1360
7514,1348
7536,1394
7556,1529
7575,1521
7586,1477
7610,1483
7634,1668
7650,1641
7655,1604
7680,1625
7700,1761
7714,1770
7728,1686
7727,1709
7778,1861
7792,1857
7791,1776
7827,1846
7868,1941
7868,1993
7867,1895
7902,1921
7917,2068
7919,2093
7937,1991
7959,2012
7993,2172
8013,2198
8003,2094
8033,2135
8069,2264
8064,2296
8086,2190
8099,2260
8141,2400
8145,2451
8159,2359
8191,2369
8211,2525
8230,2551
8257,2498
8274,2476
8306,2616
8306,2682
8324,2630
8364,2614
8402,2724
8414,2810
8404,2766
8448,2749
8473,2854
8502,2933
8521,2885
8537,2868
8583,3021
8597,3082
8627,3054
8647,3021
8688,3107
8697,3208
8716,3186
8750,3172
8800,3266
8821,3394
8850,3350
8883,3354
8908,3365
8905,3555
8943,3534
8975,3463
9017,3525
9027,3636
9051,3655
9075,3592
9123,3657
9149,3787
9167,3807
9222,3750
9240,3790
9278,3929
9318,3978
9324,3902
9377,3898
9413,4047
9411,4106
9420,4012
9476,4020
9493,4170
9505,4217
9545,4129
9593,4123
9630,4246
9627,4337
9644,4261
9695,4253
9726,4347
9742,4404
9767,4347
9787,4297
9828,4422
9845,4521
9863,4456
9896,4407
9902,4498
9919,4569
9926,4517
9956,4464
9986,4565
9998,4638
10008,4577
10039,4518
10058,4619
10060,4699
10096,4658
10125,4602
10143,4687
10167,4764
10169,4716
10181,4665
10254,4723
10231,4811
10263,4780
10271,4722
10310,4736
10322,4882
10316,4842
10359,4788
10390,4824
10403,4936
10415,4891
10444,4856
10463,4891
10493,4990
10509,4985
10533,4921
10567,4917
10597,5045
10600,5048
10636,4976
10668,5015
10712,5096
10700,5125
10738,5079
10751,5054
10783,5154
10788,5197
10831,5143
10830,5137
10897,5220
10911,5280
10921,5207
10978,5213
11017,5291
11027,5349
11037,5301
11090,5283
11130,5367
11142,5436
11148,5406
11196,5337
11236,5440
11260,5543
11257,5464
11301,5427
11349,5500
11369,5571
11376,5549
11404,5499
11474,5573
11482,5654
11524,5622
11552,5567
11590,5642
11612,5706
11620,5702
11668,5640
11704,5720
11728,5790
11753,5791
11776,5727
11799,5785
11830,5860
11841,5854
11894,5809
11900,5810
11944,5932
11957,5926
11991,5885
12017,5906
12030,5984
12063,5985
12080,5931
12114,5966
12144,6016
12168,6036
12170,5994
12204,6000
12248,6075
12238,6092
12237,6050
12287,6031
12289,6114
12309,6147
12318,6094
12344,6042
12364,6145
12380,6181
12377,6149
12408,6107
12436,6166
12455,6253
12485,6197
12520,6165
12526,6208
12533,6294
12562,6260
12572,6202
12602,6246
12603,6342
12618,6302
12665,6244
12686,6286
12686,6368
12709,6369
12728,6301
12750,6326
12770,6407
12784,6423
12818,6370
12845,6385
12866,6440
12878,6468
12893,6430
12917,6439
12951,6500
12965,6533
12976,6503
13001,6468
13030,6546
13042,6601
13082,6550
13101,6533
13108,6595
13147,6649
13161,6619
13177,6581
13239,6663
13253,6719
13282,6710
13270,6658
13302,6720
13318,6782
13362,6775
13388,6737
13406,6786
13438,6861
13465,6885
13489,6815
13531,6855
13559,6931
13570,6941
13584,6917
13634,6928
13658,7018
13662,7048
13711,7004
13732,7028
13752,7110
13782,7124
13813,7073
13834,7086
13862,7151
13877,7215
13925,7168
13939,7170
13981,7233
13985,7303
14019,7277
14031,7243
14059,7322
14048,7366
14094,7341
14106,7332
14144,7376
14142,7441
14166,7431
14204,7404
14207,7469
14247,7512
14263,7518
14285,7455
14319,7527
14327,7583
14333,7571
14335,7535
14366,7599
14385,7642
14406,7644
14416,7604
14435,7643
14452,7700
14468,7704
14488,7656
14490,7698
14524,7751
14543,7775
14541,7721
14572,7736
14590,7800
14589,7832
14621,7805
14625,7817
14651,7880
14664,7900
14686,7861
14696,7870
14729,7919
14747,7985
14758,7944
14757,7919
14781,8004
14820,8068
14811,8017
14829,8025
14861,8074
14887,8129
14901,8121
14924,8100
14948,8148
14975,8222
14969,8222
15000,8192
15030,8236
15054,8324
15071,8311
15086,8284
15116,8352
15142,8432
15167,8420
15178,8393
15185,8441
15225,8537
15229,8563
15269,8496
15285,8564
15311,8660
15341,8690
15387,8675
15393,8706
15426,8786
15444,8827
15457,8802
15477,8818
15542,8930
15532,8968
15551,8957
15590,8974
15620,9078
15640,9158
15670,9104
15689,9105
15715,9214
15743,9290
15741,9257
15801,9286
15839,9359
15880,9465
15883,9437
15917,9427
15943,9513
15957,9598
15970,9587
15986,9569
16017,9658
16044,9795
16084,9757
16094,9712
16118,9821
16146,9918
16153,9911
16178,9874
16197,9936
16231,10077
16251,10053
16271,10013
16279,10073
16313,10198
16322,10153
16337,10102
16365,10129
9,10275
16383,10288
10,10207
45,10261
66,10360
60,10376
74,10320
99,10353
120,10516
148,10482
170,10410
210,10450
220,10604
238,10618
256,10556
285,10535
303,10698
319,10760
319,10649
361,10679
373,10788
381,10873
390,10790
430,10756
446,10914
490,10986
480,10915
520,10894
552,11045
541,11112
586,11024
604,11012
641,11162
661,11227
678,11177
695,11150
737,11248
746,11345
766,11309
796,11270
833,11372
851,11525
873,11466
901,11430
913,11527
957,11649
967,11556
1006,11554
1046,11652
1045,11753
1097,11746
1123,11674
1157,11796
1197,11923
1203,11889
1251,11817
1297,11933
1299,12046
1327,12031
1375,11963
1413,12046
1410,12186
1478,12168
1487,12113
1521,12194
1547,12294
1569,12287
1599,12238
1645,12289
1679,12407
1696,12420
1715,12376
1778,12421
1812,12536
1834,12527
1850,12481
1900,12498
1910,12645
1942,12647
1956,12589
1992,12635
1994,12742
2028,12732
2048,12670
2098,12718
2118,12810
2138,12812
2152,12750
2213,12783
2227,12891
2231,12868
2248,12811
2315,12862
2315,12964
2314,12966
2334,12893
2377,12927
2396,13023
2384,12993
2431,12940
2441,12982
2470,13063
2470,13075
2486,13003
2521,13029
2521,13141
2553,13123
2560,13064
2593,13083
2613,13169
2633,13185
2663,13133
2711,13163
2699,13237
2715,13243
2739,13191
2751,13201
2763,13297
2799,13287
2835,13243
2835,13269
2861,13353
2885,13346
2905,13299
2949,13319
2959,13439
2977,13427
3001,13365
3062,13379
3053,13485
3077,13475
3121,13421
3145,13457
3175,13549
3181,13553
3217,13489
3241,13527
3293,13607
3285,13626
3312,13560
3375,13583
3377,13697
3389,13689
3429,13643
3475,13666
3513,13756
3505,13784
3535,13703
3589,13745
3623,13831
3634,13839
3681,13797
3697,13815
3726,13905
3731,13917
3783,13857
3819,13893
3836,13966
3855,13985
3880,13926
3919,13956
3925,14053
3967,14054
3985,14001
4041,14047
4049,14113
4079,14111
4105,14081
4145,14102
4177,14193
4165,14175
4217,14126
4238,14165
4287,14246
4282,14252
4288,14210
4349,14244
4365,14313
4357,14315
4409,14268
4424,14277
4450,14359
4473,14370
4486,14334
4504,14334
4526,14404
4538,14400
4578,14373
4584,14365
4610,14445
4623,14459
4634,14432
4672,14402
4668,14466
4686,14494
4703,14482
4725,14450
4756,14517
4772,14554
4793,14509
4812,14503
4816,14537
4845,14592
4847,14545
4877,14531
4905,14602
4909,14635
4939,14590
4973,14584
4958,14635
4977,14702
4997,14651
5032,14622
5045,14694
5069,14752
5087,14718
5105,14677
5127,14739
5165,14809
5174,14768
5185,14731
5231,14787
5223,14854
5271,14816
5273,14805
5283,14859
5317,14901
5341,14883
5365,14863
5397,14913
5416,14970
5434,14972
5467,14928
5493,14970
5496,15045
5509,15019
5548,14991
5583,15048
5600,15099
5630,15103
5648,15082
5664,15120
5692,15173
5708,15170
5736,15174
5774,15193
5813,15281
5816,15271
5847,15243
5880,15294
5900,15360
5938,15360
5955,15344
5988,15378
6022,15432
6044,15456
6070,15424
6084,15442
6100,15530
6134,15540
6161,15509
6174,15526
6210,15618
6252,15638
6256,15586
6292,15634
6308,15694
6318,15720
6342,15688
6363,15700
6383,15774
6419,15806
6425,15771
6443,15783
6458,15870
6478,15895
6504,15857
6518,15855
6560,15921
6571,15977
6565,15925
6598,15932
6622,15979
6630,16016
6650,15974
6660,15979
6695,16033
6697,16099
6729,16048
6738,16047
6751,16081
6761,16143
6777,16105
6785,16087
6819,16172
6824,16229
6843,16198
6847,16161
6865,16242
6905,16307
6909,16243
6923,16246
6929,16324
6965,16357
6974,16363
6991,16313
7015,16383
7037,71
7053,31
7069,18
7104,60
7146,136
7134,130
7155,117
7176,181
7184,238
7210,240
7223,183
7250,242
7278,354
7310,334
7322,310
7337,381
7390,460
7408,435
7418,430
7428,486
7474,558
7490,558
7504,558
7529,577
7556,706
7591,721
7606,701
7630,734
7654,851
7670,872
7698,802
7720,892
7737,972
7772,1016
7812,967
7847,1023
7879,1163
7880,1200
7911,1158
7937,1177
7985,1336
8005,1381
8025,1309
8037,1370
8091,1458
8109,1525
8135,1480
8155,1509
8199,1637
8197,1695
8241,1652
8242,1667
8279,1795
8298,1858
8350,1838
8354,1808
8396,1925
8394,2006
8438,1958
8450,1970
8493,2045
8489,2156
8488,2127
8524,2049
8553,2184
8573,2294
8579,2256
8601,2217
8625,2289
8653,2388
8662,2381
8669,2302
8713,2382
8733,2510
8752,2504
8756,2405
8792,2460
8813,2575
8835,2599
8840,2551
8864,2606
8900,2716
8888,2732
8926,2800
8940,2718
8974,2626
8967,2817
9012,2942
9035,2799
9037,2717
9065,2885
9076,2999
9111,2923
9145,2792
9151,3031
9185,3117
9208,3140
9248,2920
9247,3002
9246,3278
9277,3328
9310,3048
9331,3169
9352,3326
9384,3334
9418,3210
9420,3272
9445,3544
9491,3479
9527,3384
9557,3429
9564,3644
9599,3618
9645,3485
9663,3525
9666,3751
9692,3800
9732,3616
9775,3603
9782,3848
9829,3941
9862,3700
9898,3768
9876,3982
9951,4069
9985,3856
10005,3886
10017,4161
10065,4216
10103,3993
10135,3985
10183,4245
10196,4306
10236,4154
10274,4172
10296,4290
10320,4408
10352,4299
10396,4264
10418,4534
10447,4540
10489,4433
10510,4359
10521,4581
10573,4641
10598,4575
10616,4438
10650,4699
10691,4719
10729,4681
10746,4571
10766,4696
10788,4820
10830,4768
10848,4640
10881,4755
10885,4907
10925,4809
10931,4722
10951,4804
10997,4965
11000,4948
11007,4784
11061,4857
11038,5064
11086,5064
11114,4822
11116,4882
11150,5094
11171,5050
11196,4903
11183,4933
11223,5171
11253,5067
11269,4925
11276,4985
11294,5180
11324,5116
11336,4983
11355,5060
11370,5248
11385,5311
11419,5042
11435,5075
11449,5221
11477,5331
11512,5182
11515,5125
11534,5269
11564,5418
11600,5199
11619,5183
11632,5318
11654,5457
11691,5287
11715,5201
11709,5425
11733,5520
11775,5369
11803,5299
11819,5409
11832,5575
11872,5446
11921,5359
11909,5518
11960,5616
11998,5582
12018,5428
12040,5560
12057,5713
12115,5545
12125,5495
12163,5555
12174,5790
12203,5700
12225,5555
12249,5662
12280,5845
12297,5739
12333,5635
12360,5640
12373,5919
12403,5902
12445,5787
12455,5756
12485,6013
12520,5991
12548,5798
12574,5835
12591,6046
12636,6016
12656,5873
12698,5919
12737,6089
12746,6165
12769,6046
12797,5959
12785,6138
12832,6162
12873,6085
12892,6001
12896,6252
12937,6296
12971,6056
12997,6077
12999,6122
13024,6336
13067,6302
13073,6117
13094,6365
13141,6438
13139,6332
13176,6176
13166,6276
13194,6453
13214,6278
13234,6205
13250,6376
13255,6516
13289,6349
13305,6299
13323,6361
13325,6577
13358,6438
13369,6330
13386,6410
13419,6585
13436,6562
13443,6372
13474,6463
13486,6568
13503,6633
13532,6404
13555,6426
13562,6661
13558,6695
13591,6452
13611,6525
13629,6723
13646,6732
13665,6529
13674,6582
13710,6736
13704,6782
13755,6590
13766,6598
13810,6756
13804,6852
13830,6703
13854,6662
13868,6852
13893,6865
13909,6725
13928,6698
13943,6937
13957,6979
13993,6794
14007,6720
14029,6963
14048,7017
14082,6904
14099,6800
14118,7038
14148,7081
14170,7040
14178,6927
14220,7040
14240,7204
14273,7000
14291,6972
14310,7140
14339,7254
14352,7239
14407,7051
14391,7051
14421,7217
14473,7195
14469,7272
14516,7325
14563,7304
14571,7303
14601,7373
14621,7405
14657,7393
14643,7387
14690,7420
14719,7484
14749,7493
14769,7473
14805,7540
14811,7600
14846,7605
14866,7582
14884,7636
14907,7688
14942,7696
14950,7662
14979,7694
14994,7780
15028,7778
15036,7790
15054,7801
15068,7848
15102,7890
15112,7828
15134,7859
15168,7929
15190,7974
15211,7939
15197,7944
15237,8004
15255,8037
15266,7994
15273,7962
15277,8071
15321,8111
15312,8087
15333,8054
15368,8116
15376,8172
15384,8126
15396,8114
15422,8196
15454,8256
15453,8216
15480,8194
15496,8248
15505,8312
15515,8306
15543,8257
15545,8325
15573,8383
15579,8356
15605,8355
15643,8382
15653,8483
15647,8453
15689,8419
15696,8493
15740,8578
15740,8564
15788,8524
15814,8588
15816,8648
15832,8650
15850,8615
15892,8646
15887,8753
15905,8794
15944,8748
15979,8783
16005,8913
16005,8915
16033,8856
16045,8894
16078,8971
16103,9014
16117,8973
16149,9048
16177,9169
16203,9189
16221,9186
16252,9154
16264,9321
16324,9327
16324,9306
16355,9336
24,9439
22,9534
54,9484
76,9500
104,9592
122,9676
141,9643
165,9642
191,9760
253,9869
283,9825
290,9825
326,9910
349,10057
371,9999
411,9995
451,10081
485,10173
471,10243
524,10150
537,10259
584,10355
585,10365
616,10322
638,10390
674,10518
696,10524
718,10433
734,10536
768,10651
766,10692
804,10568
846,10663
846,10744
880,10775
900,10703
923,10746
942,10899
955,10921
959,10826
998,10821
1021,10967
1027,11032
1030,10895
1070,10985
1093,11076
1116,11101
1113,11018
1159,11042
1175,11185
1177,11234
1213,11120
1221,11107
1263,11287
1283,11307
1284,11224
1326,11233
1359,11365
1355,11445
1364,11332
1392,11334
1418,11498
1443,11549
1462,11468
1492,11475
1522,11595
1548,11679
1558,11580
1600,11562
1632,11698
1658,11758
1671,11685
1697,11659
1750,11808
1772,11888
1760,11822
1808,11795
1843,11932
1846,12016
1882,11940
1909,11897
1928,12045
1954,12104
1985,12023
2015,12027
2041,12175
2089,12253
2103,12178
2145,12135
2169,12264
2193,12361
2196,12302
2263,12287
2304,12391
2330,12484
2351,12437
2380,12371
2409,12490
2427,12589
2431,12549
2484,12504
2536,12602
2591,12690
2576,12647
2634,12608
2669,12717
2693,12806
2706,12753
2777,12728
2807,12815
2810,12908
2842,12898
2884,12827
2920,12937
2929,13015
2941,12964
2996,12912
3004,13024
3037,13088
3056,13050
3100,13026
3137,13108
3134,13174
3153,13119
3198,13090
3216,13175
3254,13258
3260,13195
3295,13150
3338,13224
3340,13312
3348,13254
3374,13199
3378,13260
3384,13365
3429,13311
3433,13265
3481,13306
3472,13411
3470,13378
3510,13314
3534,13396
3562,13464
3560,13417
3586,13364
3615,13436
3623,13519
3652,13475
3685,13404
3678,13465
3708,13578
3704,13528
3756,13472
3761,13519
3791,13607
3787,13579
3827,13525
3857,13573
3889,13657
3881,13630
3913,13569
3953,13632
3964,13708
3985,13682
4021,13626
4041,13665
4039,13775
4079,13736
4085,13703
4121,13739
4145,13843
4169,13819
4193,13768
4236,13810
4250,13916
4261,13883
4270,13831
4322,13889
4337,13958
4353,13943
4400,13910
4418,13932
4458,14025
4470,14034
4490,13976
4528,14017
4560,14065
4576,14096
4618,14066
4645,14067
4676,14165
4676,14193
4711,14123
4742,14143
4793,14233
4805,14256
4821,14195
4853,14235
4876,14297
4917,14339
4917,14261
4968,14281
4977,14363
5001,14388
5041,14333
5081,14379
5083,14439
5127,14477
5131,14411
5169,14429
5191,14504
5209,14523
5212,14488
5273,14492
5272,14551
5309,14590
5319,14534
5339,14532
5353,14620
5381,14640
5397,14582
5415,14582
5433,14660
5453,14677
5489,14633
5489,14635
5493,14711
5509,14745
5525,14690
5552,14676
5567,14731
5597,14771
5601,14741
5620,14722
5629,14770
5664,14791
5680,14776
5695,14753
5701,14836
5733,14871
5746,14839
5769,14815
5806,14880
5799,14905
5812,14868
5836,14868
5862,14923
5876,14964
5886,14951
5914,14913
5924,14987
5939,15002
5964,14975
5998,14960
6010,15043
6048,15070
6062,15063
6078,15035
6097,15080
6108,15138
6130,15107
6162,15094
6172,15154
6194,15206
6244,15185
6235,15164
6259,15228
6288,15276
6308,15237
6322,15238
6357,15278
6386,15360
6398,15333
6440,15306
6453,15364
6472,15403
6488,15399
6514,15398
6549,15438
6563,15503
6611,15507
6621,15478
6650,15548
6682,15599
6711,15608
6719,15583
6757,15621
6775,15691
6793,15709
6843,15693
6851,15718
6877,15788
6917,15823
6937,15799
6953,15832
6980,15883
7021,15918
7033,15889
7049,15928
7099,16000
7118,16024
7139,15997
7157,16030
7169,16096
7212,16115
7229,16096
7245,16120
7269,16167
7303,16233
7311,16189
7331,16199
7353,16245
7371,16311
7395,16275
7407,16290
7428,16336
7432,27
7458,16374
7474,16354
7492,32
7536,74
7540,25
7547,41
7589,73
7609,174
7608,144
7609,97
7636,158
7658,242
7664,190
7666,201
7699,254
7714,300
7715,282
7745,237
7757,303
7811,384
7819,354
7813,337
7861,404
7871,490
7890,471
7893,426
7934,479
7941,587
7959,587
7966,527
7992,588
8044,668
8059,684
8046,658
8075,691
8100,770
8120,812
8142,722
8169,793
8196,899
8229,915
8254,881
8264,909
8312,1050
8316,1082
8313,1037
8373,1053
8398,1167
8418,1232
8430,1179
8466,1195
8507,1315
8517,1359
8532,1308
8569,1336
8596,1453
8629,1527
8630,1499
8657,1535
8717,1628
8759,1725
8753,1676
8814,1674
8835,1806
8855,1905
8863,1848
8926,1846
8946,1960
8982,2085
9002,2038
9002,2023
9070,2121
9082,2238
9092,2220
9129,2170
9180,2284
9216,2401
9237,2409
9266,2335
9297,2460
9331,2577
9343,2547
9371,2491
9405,2587
9436,2706
9423,2715
9452,2633
9497,2682
9509,2845
9519,2840
9532,2756
9577,2838
9601,2951
9618,2942
9626,2854
9654,2886
9688,3050
9700,3047
9723,2937
9781,3001
9775,3109
9777,3176
9803,3072
9825,3098
9845,3233
9859,3257
9869,3173
9911,3179
9911,3315
9943,3364
9944,3284
10000,3271
10002,3432
10016,3467
10048,3376
10072,3396
10114,3508
10134,3584
10135,3504
10159,3473
10199,3601
10233,3681
10234,3579
10251,3592
10297,3738
10317,3783
10333,3715
10372,3708
10383,3803
10411,3896
10426,3842
10484,3796
10512,3901
10516,3990
10542,3946
10584,3903
10600,4006
10622,4095
10650,4069
10677,4012
10727,4097
10731,4220
10762,4153
10793,4124
10817,4218
10836,4304
10847,4288
10888,4237
10946,4304
10974,4418
10976,4407
11036,4352
11064,4424
11117,4527
11126,4506
11169,4447
11197,4499
11230,4648
11247,4635
11289,4571
11311,4625
11356,4732
11355,4763
11410,4694
11457,4717
11469,4813
11478,4860
11530,4799
11546,4805
11598,4914
11596,4965
11628,4897
11655,4879
11689,4997
11733,5059
11742,4982
11786,4959
11823,5085
11826,5124
11850,5084
11884,5053
11892,5118
11912,5216
11911,5162
11954,5119
11977,5217
11991,5269
12013,5216
12028,5172
12066,5226
12086,5319
12088,5289
12138,5220
12122,5288
12150,5353
12159,5312
12169,5264
12210,5318
12216,5398
12234,5374
12256,5327
12268,5362
12300,5432
12296,5415
12313,5366
12351,5394
12359,5474
12387,5494
12397,5413
12429,5453
12465,5517
12471,5542
12482,5494
12506,5499
12530,5585
12542,5610
12581,5526
12580,5553
12605,5623
12620,5665
12625,5617
12674,5593
12704,5666
12709,5725
12718,5682
12762,5630
12795,5735
12809,5787
12831,5744
12839,5700
12893,5786
12887,5862
12927,5824
12960,5767
12976,5833
12998,5919
13036,5895
13050,5858
13086,5898
13109,5969
13139,5970
13152,5919
13189,5961
13216,6047
13241,6042
13241,6001
13295,6046
13333,6111
13350,6120
13364,6067
13420,6086
13426,6187
13438,6186
13489,6140
13494,6156
13532,6263
13576,6268
13597,6223
13609,6249
13649,6315
13637,6332
13689,6297
13718,6298
13734,6355
13763,6419
13778,6360
13812,6368
13826,6420
13858,6478
13870,6445
13917,6427
13917,6486
13955,6549
13951,6501
13977,6481
14001,6520
14021,6583
14030,6544
14061,6530
14075,6587
14103,6641
14101,6591
14110,6578
14143,6615
14158,6696
14188,6674
14202,6618
14207,6667
14211,6726
14250,6702
14280,6667
14280,6695
14288,6766
14300,6751
14316,6701
14355,6747
14361,6813
14377,6811
14401,6775
14409,6798
14440,6875
14455,6865
14469,6813
14470,6850
14508,6910
14527,6926
14537,6885
14554,6892
14581,6980
14606,6976
14626,6934
14642,6951
14660,7025
14688,7031
14719,6999
14712,7020
14736,7082
14766,7098
14796,7064
14801,7079
14837,7165
14836,7199
14873,7161
14880,7147
14916,7225
14947,7253
14959,7221
14977,7239
15000,7281
15033,7328
15047,7306
15061,7319
15102,7381
15141,7432
15166,7417
15186,7410
15200,7459
15227,7500
15244,7483
15265,7493
15302,7543
15324,7632
15348,7611
15382,7592
15402,7650
15430,7709
15459,7715
15478,7727
15518,7757
15541,7842
15568,7807
15602,7816
15606,7857
15652,7942
15686,7946
15696,7921
15710,7958
15754,8020
15762,8036
15779,8026
15792,8092
15855,8157
15868,8137
15862,8146
15913,8181
15943,8233
15957,8269
15953,8240
16000,8268
16034,8333
16033,8342
16061,8318
16053,8319
16083,8423
16109,8423
16134,8414
16149,8431
16158,8488
16157,8492
16183,8460
16204,8484
16220,8542
16242,8584
16260,8547
16279,8569
16296,8601
16320,8648
16329,8639
16333,8625
16363,8679
16376,8749
12,8709
25,8711
57,8775
91,8843
79,8812
86,8794
105,8866
121,8951
145,8930
159,8902
218,8989
227,9038
234,9033
258,9028
284,9091
330,9174
340,9149
359,9120
395,9170
417,9296
411,9279
430,9258
472,9322
513,9413
521,9440
541,9382
571,9446
599,9571
627,9581
627,9521
658,9576
709,9724
749,9734
749,9685
781,9744
817,9861
843,9921
854,9881
884,9905
932,10047
940,10100
976,10048
1002,10074
1058,10230
1082,10282
1094,10195
1119,10235
1177,10391
1194,10434
1213,10391
1264,10389
1325,10552
1325,10623
1339,10562
1376,10584
1416,10720
1462,10816
1471,10767
1495,10762
1520,10879
1554,10963
1556,10901
1617,10914
1639,11029
1663,11097
1675,11047
1719,11035
1742,11144
1767,11276
1769,11179
1805,11142
1853,11287
1853,11342
1867,11345
1912,11265
1928,11354
1964,11449
1967,11421
1991,11335
1999,11437
2012,11550
2048,11498
2048,11464
2084,11548
2100,11639
2116,11599
2142,11549
2166,11600
2194,11752
2206,11706
2236,11630
2258,11709
2276,11801
2276,11776
2310,11739
2333,11808
2346,11912
2355,11891
2390,11823
2422,11890
2454,12003
2462,11975
2490,11920
2528,11957
2546,12093
2552,12084
2583,12044
2616,12079
2643,12196
2661,12185
2689,12140
2721,12171
2744,12283
2756,12279
2786,12238
2807,12267
2843,12397
2857,12403
2877,12328
2913,12376
2943,12460
2967,12497
2989,12423
3011,12477
3060,12569
3056,12593
3089,12534
3137,12569
3169,12650
3179,12683
3227,12633
3261,12667
3263,12779
3297,12810
3333,12735
3384,12759
3396,12882
3407,12916
3434,12856
3486,12855
3508,12986
3540,13018
3560,12938
3592,12966
3634,13091
3656,13125
3708,13041
3735,13077
3763,13174
3796,13200
3812,13150
3832,13159
3880,13274
3887,13319
3926,13242
3946,13254
3978,13340
4014,13387
4021,13331
4058,13299
4096,13405
4090,13442
4125,13401
4167,13377
4203,13483
4195,13540
4208,13478
4230,13440
4255,13529
4277,13570
4275,13532
4300,13503
4336,13578
4346,13609
4350,13566
4378,13555
4393,13628
4422,13691
4406,13611
4444,13596
4468,13655
4486,13724
4496,13679
4516,13642
4556,13720
4549,13766
4557,13714
4593,13681
4612,13742
4617,13817
4638,13750
4681,13711
4691,13792
4712,13864
4717,13825
4753,13769
4756,13815
4781,13923
4799,13863
4828,13809
4841,13900
4853,13957
4875,13929
4914,13876
4914,13949
4942,14040
4966,14000
4996,13932
5011,14013
5026,14084
5060,14062
5088,13977
5100,14066
5120,14124
5124,14106
5171,14067
5185,14108
5228,14209
5243,14190
5257,14139
5272,14170
5328,14249
5342,14254
5384,14208
5395,14241
5421,14334
5443,14322
5476,14257
5509,14314
5519,14391
5553,14386
5567,14346
5603,14376
5613,14471
5659,14470
5687,14428
5701,14445
5743,14545
5735,14535
5778,14489
5790,14508
5834,14610
5866,14603
5890,14574
5904,14590
5932,14670
5962,14686
5982,14648
6015,14663
6034,14733
6042,14765
6092,14729
6102,14722
6096,14796
6144,14822
6174,14774
6176,14769
6211,14855
6234,14858
6251,14835
6256,14840
6280,14907
6297,14949
6307,14883
6317,14889
6356,14932
6358,14969
6389,14962
6413,14921
6406,14979
6435,15025
6437,14972
6469,14962
6463,15039
6498,15069
6517,15023
6525,15012
6536,15054
6574,15095
6560,15072
6602,15050
6604,15120
6644,15150
6652,15150
6678,15125
6700,15164
6708,15203
6735,15203
6742,15163
6751,15215
6794,15276
6796,15254
6838,15242
6828,15288
6869,15323
6892,15321
6906,15290
6923,15325
6933,15410
6961,15393
6985,15357
6997,15419
7033,15489
7053,15474
7051,15433
7077,15485
7142,15557
7141,15548
7169,15509
7185,15560
7213,15623
7220,15650
7254,15595
7259,15630
7292,15684
7310,15730
7350,15688
7356,15705
7391,15811
7416,15794
7440,15792
7482,15784
7504,15875
7531,15928
7546,15868
7573,15917
7593,15989
7631,16056
7635,16000
7667,16024
7715,16083
7713,16151
7757,16121
7772,16099
7807,16200
7847,16266
7869,16251
7886,16252
7908,16322
7966,0
7960,16368
7994,16334
8026,31
8060,131
8082,131
8094,86
8132,168
8166,236
8177,198
8190,185
8219,239
8236,318
8249,331
8267,300
8305,315
8325,432
8323,419
8357,379
8352,408
8400,506
8402,516
8435,445
8442,492
8486,587
8485,610
8509,549
8492,543
8544,657
8546,677
8550,628
8582,666
8599,700
8588,736
8624,707
8634,721
8669,811
8697,837
8690,802
8726,814
8745,916
8773,951
8783,893
8793,924
8824,987
8840,1062
8878,1045
8880,1011
8912,1113
8950,1194
8936,1126
8970,1090
8999,1188
9016,1312
9056,1265
9065,1244
9086,1337
9144,1427
9125,1445
9181,1387
9187,1449
9237,1574
9250,1566
9260,1515
9298,1579
9322,1698
9344,1763
9374,1685
9412,1739
9432,1851
9454,1888
9482,1814
9509,1878
9548,2045
9588,2103
9623,2027
9643,2060
9663,2201
9709,2238
9731,2178
9762,2214
9791,2343
9826,2402
9865,2367
9885,2411
9950,2565
9947,2620
9970,2527
10006,2570
10019,2706
10067,2790
10078,2748
10132,2946
10192,2824
10208,2827
10227,3065
10248,3090
10305,2926
10329,2984
10346,3179
10388,3210
10425,2995
10430,3119
10449,3365
10461,3365
10521,3163
10521,3235
10533,3407
10570,3418
10615,3256
10633,3323
10628,3546
10651,3553
10692,3362
10724,3342
10732,3598
10736,3656
10792,3483
10802,3486
10802,3634
10843,3766
10847,3596
10864,3589
10862,3710
10885,3813
10927,3627
10951,3653
10954,3871
10981,3981
10990,3879
11027,3687
11036,3846
11070,4058
11112,3896
11126,3780
11134,3977
11182,4059
11194,3986
11210,3894
11218,4044
11264,4181
11273,4070
11303,4021
11319,4207
11341,4283
11385,4191
11399,4042
11431,4194
11437,4358
11477,4279
11503,4149
11518,4338
11534,4499
11584,4416
11590,4246
11618,4319
11628,4560
11700,4504
11718,4399
11711,4397
11741,4628
11757,4637
11805,4511
11819,4549
11851,4719
11888,4725
11923,4577
11918,4587
11964,4851
11982,4841
12028,4677
12060,4664
12090,4920
12116,4934
12144,4797
12176,4798
12198,5034
12231,5053
12265,4872
12289,4856
12307,5093
12335,5105
12372,5021
12386,4954
12422,5211
12460,5222
12490,5118
12518,5084
12513,5224
12559,5329
12609,5157
12593,5145
12631,5341
12685,5413
12708,5292
12741,5219
12758,5397
12748,5512
12774,5429
12826,5316
12848,5446
12869,5544
12877,5513
12913,5351
12911,5435
12941,5573
12972,5496
12983,5403
13003,5489
12998,5659
13028,5586
13046,5455
13067,5489
13060,5659
13096,5664
13122,5489
13134,5593
13156,5689
13153,5735
13163,5548
13197,5592
13203,5776
13225,5753
13234,5604
13262,5630
13278,5769
13292,5775
13326,5634
13328,5674
13338,5826
13378,5848
13399,5677
13405,5710
13455,5898
13453,5942
13467,5776
13504,5718
13503,5911
13525,5980
13552,5840
13562,5766
13586,6014
13610,6033
13648,5893
13658,5811
13686,6014
13695,6077
13728,5991
13741,5908
13755,6075
13793,6160
13801,6006
13827,5974
13857,6125
13863,6231
13896,6146
13937,6005
13953,6175
13960,6290
14004,6226
14037,6098
14052,6242
14086,6338
14106,6185
14133,6159
14144,6248
14160,6410
14196,6377
14220,6211
14229,6352
14265,6487
14293,6509
14321,6302
14358,6405
14383,6557
14399,6527
14427,6437
14441,6416
14470,6698
14482,6554
14519,6415
14551,6521
14570,6668
14597,6777
14600,6589
14638,6542
14684,6800
14684,6809
14729,6616
14748,6763
14757,6771
14783,6715
14812,6739
14821,6803
14853,6801
14865,6760
14877,6799
14888,6875
14912,6861
14933,6795
14926,6858
14964,6914
14970,6912
14996,6866
15030,6879
15046,6955
15047,6945
15082,6923
15092,6930
15112,7021
15123,7023
15148,6985
15149,6989
15156,7052
15173,7079
15212,7015
15221,7032
15231,7108
15257,7113
15291,7072
15267,7101
15319,7152
15327,7167
15343,7159
15365,7123
15367,7206
15400,7238
15421,7210
15447,7214
15466,7282
15496,7294
15502,7296
15534,7258
15553,7340
15559,7370
15592,7343
15600,7340
15642,7412
15668,7440
15663,7439
15690,7400
15724,7481
15752,7534
15766,7524
15790,7502
15802,7550
15832,7615
15862,7602
15876,7592
15917,7636
15935,7711
15964,7698
15961,7673
15997,7729
16019,7796
16053,7779
16069,7779
16111,7818
16147,7907
16155,7910
16195,7896
16213,7939
16237,7999
16275,8033
16272,8001
16305,8046
16356,8112
16383,8179
21,8124
41,8163
79,8244
112,8282
126,8250
154,8261
179,8367
210,8420
231,8376
240,8421
294,8498
312,8532
341,8527
356,8508
391,8621
418,8700
433,8640
463,8625
513,8709
535,8777
539,8748
562,8720
585,8792
617,8858
619,8869
636,8842
669,8900
675,8969
687,8944
708,8932
739,9010
746,9067
775,9045
778,9010
806,9088
836,9158
856,9145
858,9092
888,9157
908,9241
920,9242
954,9186
965,9231
977,9319
992,9339
1005,9265
1015,9309
1061,9435
1055,9453
1086,9371
1139,9426
1143,9523
1171,9580
1178,9482
1205,9559
1253,9679
1273,9663
1274,9590
1296,9645
1322,9804
1358,9820
1361,9746
1390,9772
1406,9920
1440,9970
1454,9899
1498,9904
1530,10051
1551,10099
1560,10040
1609,10046
1627,10192
1661,10244
1668,10204
1731,10212
1773,10321
1783,10389
1789,10340
1811,10341
1874,10463
1886,10569
1915,10535
1967,10510
2001,10646
2001,10745
2027,10707
2064,10693
2116,10829
2123,10910
2162,11098
2196,11066
2262,10844
2272,10920
2301,11194
2326,11199
2370,11061
2386,11033
2417,11316
2458,11423
2478,11261
2516,11274
2532,11532
2580,11568
2606,11429
2624,11382
2640,11536
2681,11670
2727,11568
2731,11516
2766,11745
2785,11817
2813,11650
2862,11610
2851,11853
2891,11875
2933,11855
2959,11678
2950,11980
2957,12011
3001,11865
3023,11795
3027,12017
3070,12091
3091,12042
3109,11909
3097,12023
3128,12199
3157,12014
3181,12000
3194,12152
3210,12286
3241,12099
3260,12044
3283,12227
3287,12342
3324,12166
3360,12134
3346,12220
3362,12409
3397,12359
3408,12195
3436,12342
3450,12489
3479,12414
3519,12294
3527,12399
3541,12589
3581,12515
3619,12365
3630,12526
3657,12682
3661,12525
3705,12477
3724,12524
3746,12790
3760,12669
3789,12569
3799,12699
3826,12810
3876,12800
3902,12648
3900,12716
3930,12975
3961,12861
3981,12730
4017,12760
4024,13024
4070,12994
4080,12813
4094,12922
4122,13145
4167,13065
4169,12869
4199,12978
4231,13168
4265,13202
4277,13021
4327,13041
4327,13307
4364,13268
4398,13111
4416,13119
4442,13363
4492,13347
4501,13214
4544,13226
4562,13423
4590,13464
4626,13306
4654,13321
4664,13526
4706,13598
4734,13448
4762,13450
4771,13552
4820,13622
4850,13480
4862,13462
4889,13708
4917,13687
4939,13563
4973,13576
4997,13763
5011,13806
5028,13631
5065,13600
5089,13854
5113,13864
5125,13692
5139,13664
5155,13795
5185,13855
5191,13705
5215,13707
5234,13924
5256,13936
5266,13778
5288,13744
5297,13963
5318,14000
5338,13912
5360,13772
5375,13942
5380,14088
5406,13923
5413,13844
5447,14072
5444,14124
5477,13932
5501,13881
5512,13954
5519,14123
5535,13997
5559,13906
5573,14115
5579,14162
5617,14002
5629,13961
5621,14115
5659,14235
5681,14133
5705,14033
5715,14123
5734,14283
5762,14144
5773,14094
5806,14170
5817,14319
5828,14283
5844,14143
5881,14292
5900,14416
5905,14290
5951,14209
5953,14280
5959,14448
6002,14306
6020,14220
6049,14289
6075,14543
6107,14440
6115,14302
6145,14384
6157,14571
6188,14397
6210,14393
6237,14515
6261,14683
6273,14645
6317,14399
6307,14591
6341,14729
6380,14731
6406,14545
6434,14540
6456,14784
6480,14810
6504,14705
6520,14660
6576,14848
6584,14849
6610,14693
6636,14709
6671,14917
6697,14795
6723,14835
6729,14907
6756,14903
6788,14873
6818,14912
6837,14973
6879,14999
6891,14952
6909,14979
6936,15080
6968,15066
6968,15018
6998,15027
7022,15104
7040,15120
7050,15082
7084,15114
7093,15179
7113,15193
7129,15140
7155,15159
7169,15235
7205,15237
7229,15190
7233,15221
7237,15255
7251,15289
7273,15259
7283,15248
7328,15316
7348,15342
7345,15313
7370,15294
7378,15356
7398,15398
7416,15348
7428,15345
7444,15416
7477,15436
7480,15420
7511,15399
7527,15468
7546,15503
7580,15480
7591,15469
7593,15517
7621,15581
7618,15542
7661,15515
7674,15577
7680,15628
7700,15609
7730,15606
7738,15645
7760,15724
7782,15702
7811,15680
7824,15720
7864,15765
7880,15798
7911,15750
7931,15773
7945,15852
7981,15868
7986,15822
8009,15862
8031,15943
8064,15965
8105,15919
8098,15956
8117,16018
8156,16053
8174,16032
8192,16029
8230,16120
8255,16169
8270,16122
8319,16131
8317,16215
8359,16270
8389,16241
8413,16233
8442,16316
8469,16383
8501,16352
8499,16357
8545,35
8583,125
8598,99
8609,86
8660,195
8696,234
8740,260
8734,221
8767,298
8808,387
8828,394
8862,378
8902,449
8911,534
8957,550
8974,499
9009,539
9029,622
9073,676
9055,636
9105,665
9134,773
9151,796
9175,785
9201,804
9236,875
9246,936
9244,883
9286,885
9324,985
9342,1030
9356,986
9367,963
9407,1079
9426,1124
9403,1067
9452,1110
9488,1154
9501,1228
9483,1184
9517,1157
9540,1258
9542,1319
9564,1272
9588,1223
9614,1341
9648,1420
9654,1372
9662,1362
9710,1418
9718,1487
9736,1478
9753,1418
9783,1529
9817,1641
9807,1589
9833,1547
9849,1589
9901,1713
9905,1703
9917,1661
9941,1719
9975,1855
9989,1855
10010,1799
10047,1843
10068,1982
10083,2036
10129,1925
10152,1967
10186,2130
10194,2109
10227,2070
10256,2109
10306,2247
10309,2280
10308,2196
10345,2239
10376,2411
10410,2438
10405,2370
10467,2385
10489,2553
10529,2599
10543,2539
10591,2558
10622,2682
10643,2776
10650,2718
10700,2692
10737,2852
10762,2917
10796,2884
10848,2898
10872,3039
10893,3097
10896,3056
10959,3062
11000,3184
10996,3283
11039,3231
11067,3211
11132,3307
11140,3425
11179,3413
11189,3368
11239,3462
11275,3595
11297,3541
11332,3512
11372,3570
11402,3702
11424,3712
11444,3631
11466,3721
11482,3808
11500,3827
11529,3768
11555,3799
11587,3936
11600,3928
11609,3858
11653,3903
11707,4025
11696,4038
11720,3933
11754,3945
11772,4078
11778,4103
11790,4036
11810,4025
11840,4162
11854,4200
11873,4107
11899,4097
11909,4232
11939,4261
11945,4197
11964,4187
12001,4305
12011,4332
12030,4256
12058,4250
12080,4370
12090,4420
12104,4349
12136,4317
12165,4421
12183,4519
12199,4430
12217,4406
12231,4490
12257,4575
12270,4518
12288,4471
12320,4554
12340,4647
12350,4601
12376,4564
12420,4658
12447,4755
12448,4691
12473,4661
12511,4738
12521,4810
12551,4801
12577,4710
12627,4790
12635,4906
12645,4876
12678,4828
12696,4850
12730,4973
12751,4976
12758,4908
12806,4974
12829,5046
12823,5053
12864,4995
12912,5007
12923,5116
12941,5161
12988,5086
13001,5109
13030,5214
13067,5210
13086,5180
13114,5157
13138,5281
13158,5328
13170,5260
13211,5262
13247,5369
13274,5413
13305,5363
13321,5342
13349,5449
13365,5509
13401,5452
13434,5435
13460,5524
13467,5583
13524,5528
13542,5493
13584,5582
13572,5657
13610,5604
13620,5578
13656,5648
13664,5720
13694,5664
13727,5660
13741,5704
13747,5767
13759,5731
13806,5675
13789,5761
13834,5830
13863,5777
13880,5740
13892,5803
13897,5884
13927,5838
13928,5778
13944,5818
13966,5918
13970,5876
14010,5836
14024,5876
14021,5959
14067,5920
14061,5858
14077,5913
14089,5979
14103,5971
14137,5907
14143,5922
14149,6028
14165,6004
14197,5950
14213,5983
14233,6082
14248,6061
14280,6015
14275,6039
14310,6121
14314,6118
14342,6041
14376,6094
14374,6161
14386,6168
14414,6106
14444,6132
14470,6206
14479,6208
14495,6175
14523,6194
14531,6256
14569,6278
14569,6241
14603,6238
14621,6310
14661,6334
14665,6294
14697,6303
14717,6350
14732,6379
14766,6344
14768,6363
14808,6430
14819,6453
14859,6422
14881,6450
14904,6500
14926,6534
14958,6514
14984,6492
15004,6574
15024,6600
15050,6577
15086,6575
15110,6632
15140,6689
15156,6672
15187,6647
15202,6692
15231,6744
15278,6762
15295,6718
15312,6776
15335,6841
15369,6828
15395,6799
15406,6843
15433,6907
15465,6880
15469,6887
15509,6919
15532,6997
15566,6996
15590,6966
15581,6985
15628,7074
15654,7043
15678,7006
15710,7038
15716,7118
15747,7127
15758,7070
15758,7116
15784,7171
15810,7177
15836,7154
15841,7170
15859,7233
15887,7250
15889,7181
15913,7201
15945,7276
15959,7282
15963,7276
15991,7270
16005,7343
16015,7363
16030,7331
16063,7316
16085,7382
16084,7412
16091,7369
16112,7368
16120,7434
16144,7462
16176,7444
16183,7429
16206,7505
16248,7531
16257,7509
16280,7492
16308,7561
16334,7600
16348,7570
16356,7572
16367,7646
47,7667
38,7635
61,7641
87,7717
107,7758
112,7751
126,7725
181,7785
179,7847
231,7825
231,7789
256,7850
298,7920
310,7924
324,7915
360,7964
397,8046
408,8035
444,8018
438,8067
484,8149
520,8161
536,8123
556,8162
587,8229
628,8256
626,8213
661,8278
719,8343
715,8377
749,8373
802,8394
827,8474
866,8522
895,8495
921,8527
959,8606
964,8648
999,8636
1025,8671
1076,8755
1087,8819
1124,8795
1132,8794
1186,8889
1211,8978
1240,8950
1267,8935
1304,9046
1330,9112
1358,9078
1389,9060
1407,9148
1443,9268
1478,9228
1486,9206
1528,9294
1552,9386
1574,9323
1544,9311
1599,9414
1626,9496
1636,9473
1661,9453
1689,9493
1700,9604
1739,9609
1737,9525
1760,9607
1791,9693
1807,9689
1833,9613
1857,9669
1867,9766
1885,9778
1911,9691
1925,9770
1945,9889
1971,9883
1978,9801
1996,9857
2029,9977
2015,9982
2061,9889
2076,9956
2112,10099
2126,10097
2134,10022
2188,10064
2182,10194
2206,10236
2224,10148
2254,10185
2301,10347
2311,10375
2305,10260
2368,10298
2401,10448
2403,10478
2409,10396
2464,10419
2481,10561
2494,10645
2496,10517
2528,10568
2582,10531
2616,10653
2650,10891
2666,10888
2702,10696
2716,10838
2734,11026
2771,10996
2808,10828
2827,10880
2862,11179
2880,11120
2938,11028
2957,11130
2967,11313
3009,11316
3046,11193
3055,11252
3096,11473
3133,11518
3183,11284
3215,11389
3223,11619
3279,11695
3299,11399
3333,11528
3335,11709
3401,11828
3428,11661
3427,11684
3470,11933
3504,11963
3528,11806
3545,11829
3572,11981
3607,12103
3648,11903
3691,11959
3710,12136
3733,12187
3755,12040
3796,12084
3784,12220
3825,12367
3861,12206
3871,12158
3879,12349
3929,12433
3957,12377
3977,12207
3967,12357
3990,12515
4003,12383
4039,12301
4067,12473
4076,12608
4096,12448
4106,12388
4137,12527
4150,12686
4165,12544
4204,12433
4209,12510
4227,12767
4245,12628
4271,12470
4295,12667
4293,12787
4319,12684
4338,12601
4370,12653
4380,12860
4404,12829
4426,12617
4424,12771
4434,12916
4479,12843
4524,12667
4515,12755
4555,12972
4565,13019
4611,12812
4605,12831
4651,13093
4671,13062
4680,12874
4686,12902
4732,13140
4720,13158
4776,13009
4790,12964
4795,13223
4828,13192
4833,13091
4872,13045
4886,13275
4915,13295
4959,13219
4974,13097
4986,13337
5019,13425
5035,13245
5080,13247
5105,13483
5122,13498
5162,13364
5186,13324
5211,13528
5224,13580
5250,13402
5277,13361
5306,13558
5315,13601
5345,13527
5355,13434
5404,13654
5425,13714
5457,13603
5506,13527
5535,13758
5542,13800
5590,13730
5600,13622
5614,13760
5640,13864
5694,13820
5698,13696
5732,13877
5762,13938
5761,13893
5798,13758
5836,13818
5838,14038
5857,13969
5885,13817
5909,13921
5939,14124
5944,14085
5977,13908
6005,13975
6025,14159
6035,14161
6046,13971
6082,14086
6098,14214
6141,14168
6144,13957
6166,14036
6172,14260
6206,14201
6208,14045
6218,14126
6244,14315
6242,14320
6270,14097
6293,14177
6307,14346
6317,14323
6327,14182
6355,14100
6349,14361
6378,14343
6376,14173
6382,14212
6449,14396
6446,14425
6455,14269
6468,14192
6510,14468
6505,14453
6537,14285
6538,14292
6559,14546
6585,14526
6589,14327
6619,14363
6660,14511
6662,14552
6690,14427
6700,14414
6738,14514
6754,14629
6760,14469
6812,14421
6804,14573
6832,14702
6854,14534
6860,14479
6905,14617
6915,14761
6925,14664
6946,14545
6977,14779
6993,14807
7035,14637
7066,14600
7088,14742
7117,14911
7142,14841
7148,14668
7195,14791
7206,14924
7213,14789
7252,14755
7295,14890
7311,15041
7329,14985
7366,14914
7399,14902
7433,15106
7440,15077
7466,14916
7484,14992
7516,15210
7562,15185
7578,15061
7602,15059
7656,15190
7680,15150
7701,15189
7717,15246
7753,15271
7749,15195
7781,15254
7805,15331
7852,15353
7851,15312
7870,15306
7912,15406
7948,15422
7952,15415
7974,15400
8010,15466
8024,15481
8048,15462
8077,15473
8071,15529
8101,15557
8133,15528
8135,15533
8134,15576
8166,15622
8191,15601
8191,15558
8216,15636
8232,15674
8248,15647
8280,15622
8300,15675
8311,15733
8325,15717
8345,15691
8359,15727
8372,15794
8415,15777
8446,15759
8440,15795
8456,15865
8486,15849
8518,15832
8510,15858
8559,15899
8568,15942
8589,15899
8586,15893
8633,15981
8631,16020
8663,15968
8697,15993
8712,16040
8745,16077
8759,16057
8776,16064
8807,16155
8840,16176
8860,16154
8880,16151
8893,16231
8935,16293
8975,16272
8978,16255
8985,16310
9021,1
9035,16351
9054,16361
9094,35
9120,106
9157,97
9170,84
9224,134
9264,237
9272,225
9282,190
9337,243
9358,342
9388,325
9396,304
9431,361
9462,450
9509,491
9515,448
9553,485
9604,601
9611,656
9643,599
9660,638
9710,763
9738,797
9759,762
9790,803
9858,902
9885,960
9907,938
9923,966
9972,1038
10015,1105
10037,1096
10058,1091
10057,1183
10115,1305
10111,1249
10150,1244
10183,1327
10219,1426
10229,1386
10256,1372
10300,1454
10324,1552
10358,1540
10370,1449
10408,1581
10429,1690
10434,1652
10461,1615
10485,1664
10505,1769
10517,1777
10527,1679
10537,1758
10550,1873
10551,1871
10585,1813
10616,1838
10673,1976
10665,1968
10671,1879
10686,1930
10742,2043
10728,2051
10750,1983
10780,2027
10808,2128
10808,2186
10829,2074
10865,2132
10894,2246
10893,2294
10911,2192
10948,2224
10957,2377
10972,2427
11007,2314
11029,2333
11066,2478
11067,2529
11066,2470
11148,2480
11173,2611
11192,2680
11208,2718
11234,2741
11282,2595
11294,2681
11310,2844
11334,2906
11376,2738
11397,2801
11397,3023
11441,3050
11465,2879
11474,2927
11501,3123
11547,3220
11580,3034
11613,3054
11642,3276
11662,3388
11692,3292
11734,3224
11738,3423
11772,3497
11840,3354
11851,3348
11852,3574
11905,3704
11948,3543
11971,3445
12003,3675
12009,3791
12038,3799
12085,3649
12093,3847
12136,3967
12172,3884
12203,3783
12240,3966
12262,4092
12295,4033
12309,3918
12329,4090
12358,4223
12404,4055
12415,4055
12443,4183
12461,4339
12481,4249
12503,4144
12530,4116
12549,4402
12555,4338
12600,4185
12634,4342
12637,4539
12681,4416
12694,4325
12693,4385
12717,4579
12753,4540
12773,4401
12801,4439
12798,4664
12828,4631
12829,4444
12848,4504
12858,4670
12878,4718
12904,4517
12904,4551
12937,4758
12958,4768
12989,4658
12995,4560
13023,4801
13018,4856
13045,4671
13072,4646
13068,4854
13105,4911
13119,4721
13142,4670
13156,4900
13186,4960
13214,4898
13214,4798
13241,4946
13254,5060
13273,4833
13304,4830
13313,4939
13329,5115
13391,4929
13388,4962
13401,5143
13439,5231
13455,5050
13468,5008
13519,5135
13518,5282
13534,5126
13574,5030
13594,5192
13614,5335
13640,5193
13660,5122
13686,5314
13698,5408
13717,5383
13759,5221
13766,5305
13784,5547
13817,5413
13859,5301
13877,5425
13897,5574
13913,5518
13935,5350
13967,5459
13989,5651
14030,5544
14045,5438
14068,5571
14092,5714
14133,5707
14149,5515
14180,5576
14190,5781
14225,5752
14266,5574
14270,5660
14298,5898
14326,5876
14332,5664
14368,5751
14403,5974
14446,5897
14441,5757
14477,5867
14509,5982
14507,6027
14555,5824
14569,5918
14589,6066
14593,6033
14625,5902
14632,5855
14663,6083
14683,6113
14684,6014
14706,5942
14738,6139
14766,6120
14766,6040
14788,6000
14826,6194
14832,6145
14837,6089
14852,6053
14870,6293
14894,6213
14890,6107
14904,6081
14930,6282
14938,6282
14942,6126
14980,6111
15003,6304
15014,6337
15014,6103
15044,6115
15073,6284
15065,6349
15073,6171
15117,6183
15117,6349
15147,6381
15167,6286
15172,6233
15189,6411
15205,6475
15225,6310
15257,6227
15283,6471
15287,6545
15303,6431
15333,6303
15350,6528
15357,6585
15388,6392
15389,6406
15444,6532
15446,6636
15484,6480
15486,6445
15522,6685
15552,6626
15576,6585
15602,6551
15606,6662
15626,6742
15650,6653
15688,6582
15706,6715
15730,6844
15754,6664
15772,6588
15802,6776
15820,6938
15832,6743
15884,6754
15896,6886
15920,6855
15945,6856
15958,6917
16016,6966
16039,6937
16074,6952
16096,6992
16112,7034
16157,7009
16155,7004
16197,7088
16222,7117
16261,7112
16274,7106
16308,7161
16319,7220
16356,7182
16355,7184
7,7248
42,7301
83,7261
86,7270
133,7343
167,7373
178,7351
191,7356
221,7413
255,7467
269,7445
261,7415
311,7485
333,7535
353,7505
353,7475
383,7556
410,7569
431,7591
455,7550
453,7585
489,7661
508,7653
521,7599
537,7675
565,7685
606,7686
591,7673
603,7685
640,7776
643,7780
658,7736
661,7760
708,7818
740,7836
742,7806
749,7842
784,7882
790,7910
830,7886
844,7919
880,7958
894,7993
920,7953
918,7971
968,8055
1010,8073
1012,8042
1028,8061
1068,8131
1070,8163
1100,8120
1118,8168
1132,8218
1153,8243
1185,8234
1206,8234
1250,8322
1282,8322
1285,8330
1312,8345
1364,8432
1406,8473
1405,8431
1434,8455
1470,8545
1508,8595
1506,8565
1543,8572
1552,8653
1594,8725
1604,8710
1664,8678
1674,8790
1702,8851
1726,8832
1761,8856
1828,8924
1841,9008
1858,8997
1877,9001
1929,9095
1954,9172
1996,9165
2009,9157
2049,9216
2075,9332
2106,9361
2139,9303
2161,9421
2205,9477
2227,9509
2267,9455
2302,9539
2339,9685
2352,9657
2373,9623
2415,9684
2473,9819
2463,9837
2505,9775
2527,9831
2557,9949
2567,9981
2597,9905
2641,9979
2665,10093
2670,10102
2692,10063
2725,10099
2737,10220
2741,10241
2785,10133
2799,10221
2820,10300
2848,10342
2856,10262
2886,10271
2910,10408
2930,10418
2942,10349
2960,10377
2970,10530
2991,10533
3009,10412
3020,10459
3047,10608
3072,10603
3075,10521
3097,10553
3123,10702
3135,10697
3137,10686
3185,10659
3235,10801
3231,10825
3242,10746
3269,10742
3302,10882
3310,10966
3338,10864
3356,10875
3369,11004
3411,11088
3419,11005
3438,10922
3474,11036
3493,11013
3529,11246
3544,11239
3559,11080
3606,11113
3593,11357
3645,11424
3663,11262
3707,11286
3729,11478
3749,11544
3781,11459
3803,11449
3833,11663
3864,11655
3892,11491
3917,11565
3920,11768
3978,11866
3997,11690
4014,11723
4030,11916
4048,11932
4110,11782
4130,11839
4137,11982
4194,12145
4209,12033
4237,11949
4283,12194
4271,12281
4338,12215
4358,12018
4372,12223
4410,12400
4436,12270
4474,12187
4500,12407
4514,12536
4544,12421
4578,12287
4606,12524
4617,12628
4658,12605
4691,12395
4707,12643
4741,12748
4741,12680
4797,12503
4799,12623
4825,12856
4830,12712
4871,12605
4878,12792
4922,12866
4934,12832
4964,12723
4973,12735
4988,12969
5017,12922
5033,12806
5055,12800
5058,13051
5085,13010
5105,12810
5121,12901
5137,13065
5141,13077
5188,12933
5163,12999
5202,13116
5214,13154
5221,12981
5238,12988
5256,13164
5289,13176
5321,13032
5333,13012
5345,13211
5357,13278
5393,13144
5381,13099
5433,13309
5452,13327
5465,13128
5488,13144
5506,13384
5526,13378
5530,13312
5539,13221
5582,13427
5608,13500
5616,13322
5636,13276
5646,13430
5672,13550
5723,13388
5733,13377
5749,13468
5779,13641
5804,13463
5829,13387
5849,13579
5853,13664
5890,13526
5916,13482
5945,13618
5940,13762
5956,13658
6002,13563
6010,13717
6043,13841
6053,13728
6080,13610
6120,13840
6144,13880
6156,13799
6196,13689
6221,13770
6257,13921
6263,13885
6277,13759
6309,13879
6340,14042
6372,14028
6396,13835
6412,13898
6444,14116
6465,14051
6485,13913
6512,13998
6543,14214
6577,14122
6576,14006
6614,14062
6643,14244
6668,14210
6689,14041
6711,14124
6715,14242
6753,14300
6781,14135
6800,14159
6818,14358
6849,14442
6874,14198
6882,14243
6922,14457
6926,14414
6964,14240
6988,14284
6975,14504
7001,14506
7034,14313
7041,14323
7039,14520
7068,14529
7083,14435
7103,14354
7111,14541
7137,14591
7139,14406
7168,14380
7186,14538
7216,14630
7202,14538
7226,14438
7256,14584
7267,14692
7272,14552
7267,14481
7325,14691
7325,14701
7343,14572
7359,14522
7383,14690
7401,14740
7403,14657
7434,14490
7436,14699
7466,14848
7484,14829
7510,14593
7518,14685
7546,14870
7560,14646
7582,14599
7619,14737
7615,14909
7647,14885
7667,14643
7685,14853
7699,15017
7732,14873
7732,14746
7774,14776
7784,15034
7820,14951
7832,14836
7863,14893
7900,15073
7908,15154
7929,14959
7970,14899
7999,15184
8027,15120
8029,15059
8075,15021
8105,15225
8126,15233
8156,15138
8180,15111
8208,15335
8236,15326
8250,15219
8296,15119
8324,15334
8354,15427
8379,15357
8391,15386
8437,15435
8457,15391
8501,15393
8533,15476
8581,15529
8593,15500
8603,15498
8621,15562
8672,15594
8684,15601
8710,15572
8740,15636
8777,15683
8794,15677
8803,15676
8835,15741
8882,15783
8907,15811
8898,15762
8943,15808
8968,15846
8991,15876
9012,15830
9018,15865
9056,15950
9078,15926
9083,15916
9128,15952
9159,16003
9157,16022
9177,15973
9197,16003
9217,16069
9223,16085
9267,16041
9237,16069
9288,16122
9296,16130
9328,16121
9332,16115
9363,16177
9409,16209
9420,16194
9420,16187
9461,16259
9479,16306
9484,16270
9491,16223
9529,16322
9567,16375
9582,16346
9579,16347
9625,1
9643,62
9663,57
9678,30
9706,87
9734,162
9748,147
9776,143
9828,192
9854,242
9845,272
9870,226
9915,291
9933,395
9971,375
9965,366
10011,388
10047,492
10072,504
10071,477
10131,511
10163,627
10171,625
10195,606
10220,636
10256,728
10289,787
10302,774
10333,765
10369,889
10410,897
10432,902
10455,917
10525,998
10508,1059
10532,1055
10573,1058
10611,1162
10646,1267
10653,1211
10695,1217
10752,1307
10769,1419
10776,1401
10829,1360
10876,1485
10914,1586
10927,1590
10956,1538
10998,1642
11008,1732
11046,1762
11064,1665
11116,1782
11104,1906
11144,1917
11181,1870
11217,1951
11238,2047
11263,2065
11281,1981
11327,2031
11358,2189
11366,2229
11391,2117
11429,2203
11463,2316
11463,2354
11476,2272
11516,2289
11535,2426
11542,2464
11548,2381
11556,2399
11591,2562
11589,2490
11621,2671
11647,2630
11674,2444
11676,2493
11710,2763
11714,2659
11745,2507
11757,2614
11783,2774
11813,2747
11846,2687
11845,2717
11836,2921
11880,2860
11891,2706
11933,2794
11920,2986
11970,2941
11964,2883
11998,2991
12004,3131
12043,3170
12055,2935
12092,2989
12086,3190
12113,3231
12156,3064
12173,3089
12181,3369
12203,3345
12249,3247
12266,3245
12289,3453
12325,3555
12351,3301
12355,3385
12374,3526
12396,3594
12428,3465
12460,3494
12464,3612
12494,3743
12531,3602
12558,3556
12578,3806
12614,3902
12642,3790
12676,3757
12685,3973
12710,3975
12754,3891
12787,3900
12793,4023
12817,4191
12873,4019
12893,3997
12893,4232
12937,4272
12991,4247
13005,4115
13016,4291
13048,4405
13093,4268
13113,4206
13142,4350
13174,4507
13188,4541
13236,4332
13230,4471
13282,4607
13288,4458
13320,4394
13332,4539
13374,4682
13407,4675
13424,4540
13428,4645
13456,4790
13503,4811
13539,4607
13535,4707
13549,4895
13567,4833
13599,4703
13609,4813
13631,4959
13678,4961
13674,4796
13690,4800
13718,5024
13745,4928
13736,4771
13768,4927
13770,5110
13788,4993
13806,4870
13826,4986
13833,5147
13855,5157
13878,4947
13892,5005
13920,5165
13936,5146
13948,5003
13965,5031
13989,5181
14003,5285
14009,5067
14021,5087
14055,5292
14062,5284
14095,5098
14109,5119
14131,5393
14137,5342
14163,5195
14189,5234
14207,5410
14241,5397
14237,5312
14268,5303
14289,5504
14331,5470
14335,5321
14362,5344
14364,5593
14399,5539
14409,5351
14456,5383
14468,5621
14497,5612
14506,5416
14526,5434
14542,5696
14568,5625
14615,5515
14630,5542
14658,5755
14658,5784
14682,5565
14728,5575
14749,5794
14759,5757
14796,5706
14816,5714
14860,5899
14866,5926
14881,5695
14924,5769
14945,5939
14960,6003
14986,5909
15002,5837
15038,5942
15082,6065
15071,5874
15112,5950
15138,6051
15167,6086
15190,5975
15230,6022
15255,6188
15273,6222
15288,5997
15324,6056
15357,6171
15365,6269
15373,6113
15397,6071
15431,6329
15471,6352
15489,6115
15488,6138
15515,6350
15549,6369
15555,6173
15591,6217
15609,6407
15629,6447
15620,6247
15669,6257
15684,6467
15679,6489
15719,6307
15733,6351
15749,6547
15767,6565
15769,6373
15799,6328
15814,6563
15829,6586
15823,6349
15845,6373
15873,6569
15880,6593
15899,6428
15939,6421
15929,6637
15951,6643
15969,6443
15993,6443
16013,6643
16013,6686
16028,6552
16076,6471
16088,6761
16115,6723
16132,6623
16144,6581
16152,6649
16165,6819
16178,6676
16216,6627
16217,6793
16261,6865
16279,6695
16267,6647
16340,6789
16350,6783
16332,6780
1,6853
39,6883
53,6839
67,6858
94,6922
137,6931
149,6918
151,6921
201,7003
221,7013
237,6986
262,7017
301,7081
325,7099
347,7065
371,7069
395,7139
457,7189
449,7144
495,7168
514,7220
560,7268
574,7241
624,7245
649,7335
681,7364
679,7337
722,7365
742,7408
788,7456
804,7456
822,7458
858,7506
884,7569
930,7540
958,7526
988,7605
1010,7677
1048,7649
1087,7645
1120,7680
1153,7754
1162,7752
1182,7738
1215,7779
1233,7847
1250,7845
1276,7826
1292,7870
1330,7945
1363,7931
1370,7895
1413,7931
1428,8009
1462,8012
1448,7971
1463,8019
1508,8085
1516,8067
1526,8022
1570,8111
1622,8136
1606,8140
1618,8104
1649,8151
1671,8183
1681,8209
1704,8170
1716,8189
1749,8261
1758,8276
1772,8247
1795,8302
1826,8360
1846,8384
1896,8343
1880,8373
1921,8463
1935,8434
1951,8419
1961,8450
2016,8533
2022,8539
2054,8506
2064,8546
2106,8628
2120,8646
2130,8604
2164,8658
2204,8731
2232,8776
2254,8735
2267,8770
2314,8869
2343,8887
2343,8872
2388,8878
2440,8976
2458,9018
2455,8992
2489,9025
2539,9105
2550,9142
2572,9141
2599,9149
2632,9246
2658,9309
2666,9291
2726,9297
2751,9388
2790,9466
2779,9431
2833,9431
2878,9518
2913,9655
2918,9613
2963,9590
2993,9702
3015,9793
3033,9744
3079,9778
3118,9850
3125,9959
3147,9929
3183,9929
3240,10022
3258,10164
3286,10162
3312,10046
3332,10168
3372,10301
3401,10295
3430,10252
3472,10342
3502,10456
3514,10489
3543,10446
3576,10480
3593,10593
3633,10649
3647,10559
3691,10617
3698,10765
3711,10775
3743,10696
3760,10721
3793,10841
3783,10906
3820,10834
3850,10850
3864,10969
3893,11026
3904,10927
3912,10900
3954,11067
3968,11138
3985,11018
3991,11003
4027,11185
4023,11229
4041,11099
4060,11115
4072,11226
4069,11302
4105,11207
4119,11160
4148,11289
4152,11380
4186,11306
4208,11288
4212,11379
4246,11449
4256,11429
4259,11388
4313,11494
4309,11587
4336,11529
4357,11472
4399,11585
4390,11664
4402,11643
4443,11576
4461,11662
4477,11786
4502,11782
4512,11697
4532,11792
4573,11902
4584,11898
4615,11828
4657,11889
4667,11993
4679,12025
4701,11947
4721,11996
4771,12107
4786,12162
4789,12061
4833,12094
4888,12229
4879,12240
4916,12192
4932,12220
4970,12306
4969,12385
5023,12308
5051,12328
5065,12451
5084,12504
5119,12461
5137,12424
5169,12569
5193,12610
5233,12543
5252,12562
5284,12660
5336,12758
5336,12689
5370,12678
5409,12762
5420,12863
5449,12795
5473,12775
5509,12892
5528,12991
5546,12910
5593,12881
5599,12961
5635,13070
5640,13015
5648,12963
5710,13038
5714,13156
5742,13091
5754,13056
5764,13121
5807,13224
5830,13172
5851,13132
5864,13190
5893,13279
5894,13268
5927,13195
5957,13258
5965,13345
5983,13322
5997,13262
5997,13285
6021,13379
6032,13350
6042,13304
6076,13360
6096,13444
6108,13443
6134,13374
6127,13405
6168,13491
6164,13466
6170,13406
6196,13450
6235,13529
6237,13534
6251,13463
6265,13482
6303,13573
6304,13607
6343,13544
6348,13531
6368,13638
6386,13665
6406,13583
6424,13601
6468,13694
6474,13731
6496,13669
6502,13670
6529,13750
6560,13789
6585,13746
6597,13702
6601,13800
6637,13846
6649,13799
6693,13779
6694,13891
6732,13922
6745,13878
6780,13844
6804,13900
6802,13994
6854,13933
6860,13903
6894,13993
6920,14053
6938,14012
6964,13968
6978,14076
7015,14110
7045,14091
7045,14047
7089,14116
7111,14213
7141,14190
7151,14111
7179,14177
7210,14268
7244,14249
7266,14189
7296,14248
7319,14328
7334,14323
7370,14264
7396,14317
7410,14413
7441,14378
7471,14333
7493,14372
7521,14470
7563,14463
7596,14419
7587,14458
7611,14533
7660,14543
7661,14506
7696,14518
7715,14595
7745,14593
7758,14559
7794,14565
7813,14628
7855,14666
7858,14593
7879,14619
7885,14705
7937,14718
7936,14678
7955,14681
7973,14735
7985,14770
8008,14731
8019,14728
8040,14762
8048,14826
8097,14777
8082,14760
8107,14820
8128,14848
8149,14829
8169,14794
8193,14848
8190,14883
8217,14853
8237,14829
8253,14864
8280,14941
8274,14912
8288,14864
8292,14919
8308,14978
8339,14976
8348,14923
8383,14968
8385,15049
8441,15062
8451,14983
8462,15010
8479,15091
8524,15091
8533,15041
8536,15051
8576,15124
8616,15144
8613,15099
8647,15118
8646,15190
8705,15229
8717,15198
8707,15178
8752,15260
8790,15288
8783,15246
8820,15246
8849,15334
8902,15351
8924,15342
8933,15335
8961,15401
8997,15421
9026,15416
9033,15424
9082,15490
9104,15524
9152,15534
9161,15508
9186,15547
9213,15635
9245,15646
9275,15585
9293,15647
9333,15699
9373,15707
9399,15713
9417,15726
9457,15815
9523,15831
9539,15798
9580,15848
9594,15908
9636,15955
9646,15924
9682,15942
9708,16027
9748,16060
9770,16032
9814,16053
9821,16112
9852,16170
9871,16139
9909,16121
9935,16202
9983,16261
10003,16244
10019,16253
10047,16279
10085,16353
10110,16336
10118,16312
10140,16366
10172,50
10180,34
10214,9
10230,69
10252,134
10268,132
10252,84
10291,141
10337,203
10353,201
10353,163
10367,190
10427,289
10429,283
10455,253
10469,282
10489,338
10498,356
10520,327
10549,370
10588,428
10598,478
10595,423
10637,440
10653,540
10674,542
10687,513
10711,523
10744,624
10769,635
10783,631
10805,653
10852,723
10874,791
10911,749
10905,738
10962,847
10976,910
10996,868
11020,862
11035,948
11071,1023
11084,1008
11100,1014
11176,1094
11190,1158
11192,1160
11216,1137
11259,1227
11298,1328
11318,1313
11333,1277
11373,1367
11401,1446
11431,1457
11447,1449
11491,1523
11530,1645
11547,1641
11573,1587
11605,1669
11641,1821
11651,1846
11676,1793
11714,1848
11752,1946
11774,2029
11798,1937
11846,2000
11866,2139
11903,2195
11912,2140
11952,2171
11994,2321
12018,2370
12035,2335
12067,2312
12105,2483
12135,2529
12155,2492
12157,2478
12209,2642
12237,2711
12249,2631
12292,2630
12334,2782
12339,2849
12359,2781
12390,2748
12408,2908
12424,2986
12444,2940
12462,2879
12510,3006
12505,3101
12538,3064
12556,2993
12573,3106
12578,3227
12609,3163
12626,3092
12657,3176
12668,3291
12667,3235
12708,3205
12729,3273
12741,3371
12732,3340
12766,3270
12772,3335
12808,3435
12816,3393
12824,3355
12842,3392
12864,3532
12886,3507
12895,3446
12917,3491
12942,3600
12945,3605
12969,3537
12973,3611
13006,3689
13025,3737
13037,3617
13075,3687
13098,3804
13118,3804
13153,3743
13162,3768
13190,3880
13192,3919
13228,3847
13233,3882
13290,3991
13269,4036
13315,3946
13338,3990
13350,4082
13368,4135
13419,4052
13419,4084
13456,4185
13456,4257
13484,4167
13533,4171
13539,4308
13577,4345
13607,4278
13619,4282
13653,4420
13671,4485
13717,4418
13727,4394
13756,4517
13788,4577
13804,4523
13848,4514
13861,4613
13886,4685
13916,4624
13954,4632
13974,4740
13988,4812
14022,4745
14068,4729
14065,4855
14092,4899
14122,4878
14158,4840
14164,4933
14215,5002
14221,4951
14270,4917
14278,5028
14290,5098
14347,5040
14336,4993
14374,5116
14381,5180
14425,5111
14429,5069
14439,5171
14469,5235
14493,5196
14516,5146
14531,5232
14549,5305
14585,5263
14589,5189
14609,5278
14629,5357
14641,5324
14675,5255
14671,5325
14697,5413
14707,5373
14723,5303
14740,5391
14755,5447
14777,5415
14790,5341
14799,5422
14808,5480
14840,5456
14852,5381
14863,5469
14895,5559
14909,5513
14916,5470
14945,5532
14964,5601
14974,5551
14996,5504
15016,5594
15040,5644
15052,5610
15070,5564
15090,5619
15104,5722
15129,5669
15158,5640
15178,5685
15194,5783
15228,5748
15246,5682
15270,5764
15304,5842
15310,5800
15336,5740
15348,5804
15366,5876
15400,5868
15416,5802
15445,5859
15456,5945
15492,5931
15510,5894
15536,5935
15566,6019
15603,5986
15620,5929
15630,5995
15656,6081
15690,6066
15712,6005
15726,6059
15750,6154
15796,6151
15814,6103
15836,6135
15870,6210
15902,6207
15918,6154
15926,6208
15947,6302
15999,6272
16005,6234
16033,6265
16062,6357
16089,6358
16112,6300
16149,6335
16176,6417
16189,6402
16218,6372
16252,6410
16280,6496
16294,6475
16338,6443
16330,6471
16374,6544
4,6540
42,6505
40,6544
83,6599
111,6612
117,6574
134,6591
155,6651
187,6669
209,6624
213,6647
269,6707
255,6715
303,6667
311,6681
325,6763
351,6751
347,6711
349,6727
393,6797
419,6815
435,6747
422,6766
456,6860
475,6839
497,6798
495,6805
525,6863
549,6873
547,6835
581,6849
596,6926
624,6941
651,6897
655,6903
663,6963
701,6985
707,6955
725,6939
753,7029
781,7033
781,7003
815,7017
820,7062
870,7104
905,7060
891,7049
934,7138
965,7164
984,7133
987,7125
1030,7189
1057,7231
1094,7194
1089,7201
1120,7269
1160,7302
1186,7270
1217,7301
1223,7358
1268,7422
1275,7376
1303,7363
1364,7428
1392,7476
1400,7453
1430,7450
1461,7529
1503,7583
1505,7546
1553,7546
1604,7642
1619,7693
1643,7669
1673,7675
1723,7731
1737,7787
1777,7775
1781,7747
1841,7819
1861,7915
1907,7897
1911,7891
1960,7956
2012,8006
2025,8003
2047,7989
2094,8059
2128,8117
2167,8144
2166,8108
2214,8164
2264,8230
2260,8256
2282,8216
2304,8248
2347,8355
2366,8335
2398,8318
2428,8367
2444,8449
2486,8462
2482,8416
2538,8454
2527,8529
2566,8547
2590,8506
2603,8541
2651,8625
2643,8638
2671,8624
2713,8594
2697,8706
2727,8729
2739,8683
2773,8713
2805,8786
2826,8815
2836,8768
2832,8786
2873,8862
2891,8891
2886,8876
2923,8834
2948,8950
2994,8990
3008,8952
3023,8962
3060,9031
3076,9108
3080,9085
3111,9052
3135,9118
3162,9219
3167,9213
3189,9160
3225,9259
3229,9335
3275,9336
3299,9269
3335,9367
3355,9441
3383,9460
3425,9427
3448,9485
3439,9581
3476,9602
3495,9563
3526,9610
3568,9732
3582,9765
3608,9720
3633,9763
3662,9886
3670,9932
3715,9862
3735,9925
3762,10065
3803,10095
3829,10029
3854,10074
3891,10204
3905,10273
3946,10202
3992,10235
4022,10383
4026,10450
4038,10365
4096,10406
4107,10529
4130,10613
4143,10557
4185,10541
4210,10688
4236,10824
4268,10753
4301,10729
4312,10840
4354,10978
4380,10924
4417,10963
4440,10917
4480,10926
4479,11158
4528,11233
4525,11019
4579,11036
4585,11210
4613,11401
4642,11298
4651,11231
4674,11381
4702,11524
4728,11351
4760,11292
4762,11462
4788,11646
4831,11599
4840,11404
4853,11572
4874,11786
4894,11621
4923,11518
4933,11659
4908,11824
4964,11802
4980,11588
4996,11640
4998,11891
5026,11806
5050,11707
5061,11831
5059,11973
5087,11983
5110,11812
5113,11849
5125,12027
5184,12012
5168,11868
5188,11928
5204,12064
5210,12087
5244,11914
5264,11953
5274,12214
5281,12210
5326,12013
5332,12017
5361,12266
5361,12321
5399,12073
5427,12209
5438,12360
5456,12414
5485,12248
5498,12196
5524,12450
5545,12491
5572,12389
5595,12298
5588,12506
5629,12608
5663,12523
5693,12403
5715,12590
5736,12640
5765,12601
5765,12561
5800,12713
5827,12792
5830,12679
5874,12623
5904,12749
5934,12942
5936,12886
5965,12753
5980,12851
6030,12993
6057,12887
6075,12832
6105,13022
6137,13149
6175,13093
6179,12927
6218,13075
6216,13244
6254,13209
6297,13045
6320,13094
6340,13300
6361,13310
6389,13168
6434,13318
6439,13390
6476,13348
6521,13237
6509,13265
6547,13506
6575,13481
6590,13273
6636,13368
6641,13559
6662,13544
6678,13414
6706,13375
6724,13665
6749,13634
6776,13443
6781,13455
6815,13685
6833,13715
6857,13476
6861,13522
6893,13707
6888,13748
6918,13624
6929,13581
6949,13758
6960,13824
6975,13709
6994,13668
7012,13617
7019,13871
7045,13720
7055,13655
7081,13854
7097,13929
7098,13792
7132,13682
7158,13800
7163,13961
7194,13815
7191,13746
7219,13856
7241,14035
7251,13901
7256,13746
7271,13835
7307,14083
7322,13928
7356,13845
7384,14000
7410,14075
7404,14140
7423,13935
7449,13978
7479,14141
7489,14078
7517,13965
7549,14025
7543,14219
7585,14166
7606,14024
7604,14081
7634,14231
7658,14305
7682,14084
7727,14096
7757,14357
7765,14395
7787,14161
7817,14155
7853,14325
7881,14422
7882,14355
7905,14220
7936,14440
7960,14493
7984,14331
8026,14310
8048,14421
8076,14565
8075,14403
8109,14335
8145,14454
8163,14639
8201,14536
8224,14368
8255,14557
8302,14673
8322,14678
8322,14547
8365,14661
8385,14813
8411,14653
8437,14560
8451,14605
8476,14837
8523,14867
8532,14630
8546,14674
8608,14910
8612,14912
8635,14770
8675,14753
8710,14955
8703,14952
8739,14843
8763,14841
8815,15010
8835,14991
8838,14876
8854,14880
8884,15080
8904,15084
8914,15029
8949,15063
8971,15074
8997,15015
8993,15029
9007,15093
9049,15121
9055,15058
9093,15074
9115,15148
9140,15164
9154,15128
9140,15126
9164,15172
9192,15204
9204,15159
9218,15161
9254,15216
9263,15233
9291,15199
9287,15217
9294,15263
9333,15305
9359,15267
9349,15240
9368,15309
9402,15345
9428,15320
9440,15298
9446,15339
9502,15388
9514,15382
9524,15339
9545,15393
9594,15466
9619,15453
9609,15407
9643,15467
9672,15530
9699,15505
9719,15493
9730,15542
9756,15597
9820,15610
9819,15574
9836,15586
9884,15662
9908,15707
9950,15668
9973,15685
9993,15764
10041,15788
10059,15764
10061,15765
10110,15830
10135,15878
10166,15864
10195,15844
10219,15931
10252,16000
10282,15980
10324,15976
10345,16039
10396,16110
10406,16098
10427,16077
10489,16170
10514,16230
10538,16234
10573,16218
10606,16264
10649,16330
10675,16353
10689,16321
10742,6
10771,87
10810,96
10775,57
10842,119
10884,200
10918,228
10948,216
10967,220
10997,337
11041,339
11045,311
11077,362
11134,449
11134,490
11169,445
11199,466
11224,552
11262,574
11283,567
11278,544
11316,616
11315,691
11330,682
11344,652
11387,711
11408,799
11430,751
11435,741
11479,815
11507,901
11511,874
11537,829
11561,884
11561,972
11581,939
11609,931
11630,976
11647,1055
11668,1036
11702,1010
11683,1049
11710,1158
11740,1178
11753,1098
11780,1177
11820,1258
11828,1295
11837,1236
11871,1287
11915,1383
11917,1401
11949,1336
11965,1394
12005,1510
12011,1540
12031,1478
12057,1498
12101,1650
12104,1702
12119,1601
12152,1652
12168,1788
12196,1826
12214,1759
12244,1778
12282,1932
12304,1982
12331,1915
12362,1954
12392,2084
12428,2141
12430,2117
12456,2108
12480,2221
12512,2346
12534,2254
12574,2246
12586,2398
12634,2502
12626,2447
12663,2426
12678,2582
12724,2651
12753,2599
12776,2532
12827,2595
12832,2691
12891,2887
12887,2945
12931,2727
12956,2791
12989,2987
13009,3068
13025,2915
13061,2971
13077,3175
13089,3237
13127,3107
13169,3097
13187,3310
13185,3393
13224,3184
13251,3223
13274,3440
13304,3508
13316,3372
13344,3384
13362,3612
13404,3693
13418,3501
13428,3506
13460,3722
13490,3814
13498,3638
13506,3636
13550,3788
13552,3922
13578,3704
13581,3700
13592,3902
13630,3919
13641,3786
13657,3790
13685,3961
13688,4011
13728,3897
13709,3813
13729,4039
13761,4105
13773,3985
13801,3933
13797,4059
13821,4148
13823,4002
13861,3893
13845,4183
13883,4199
13907,4083
13937,3997
13911,4167
13957,4299
13968,4179
14001,4075
14001,4169
14021,4345
14039,4231
14057,4163
14078,4421
14089,4477
14123,4308
14136,4228
14159,4538
14193,4551
14189,4442
14237,4365
14246,4413
14273,4676
14292,4556
14298,4421
14335,4652
14359,4730
14402,4579
14408,4508
14438,4720
14473,4849
14475,4638
14518,4620
14530,4789
14538,4966
14575,4905
14606,4736
14630,4886
14648,5070
14696,4950
14703,4868
14734,5060
14760,5143
14784,4985
14796,4904
14830,5108
14850,5261
14884,5154
14911,5064
14953,5237
14968,5326
14998,5224
15012,5126
15050,5248
15078,5402
15098,5364
15130,5201
15156,5359
15184,5498
15180,5319
15202,5228
15230,5453
15264,5554
15296,5460
15310,5328
15348,5454
15364,5634
15374,5529
15407,5432
15432,5574
15446,5686
15472,5607
15476,5467
15505,5582
15526,5742
15546,5654
15565,5545
15568,5692
15576,5805
15611,5660
15628,5552
15643,5692
15654,5812
15662,5728
15684,5626
15716,5778
15750,5946
15734,5799
15754,5624
15772,5835
15794,5940
15802,5790
15840,5693
15840,5844
15868,6002
15858,5840
15898,5746
15918,5900
15924,6030
15952,5845
15983,5785
16000,5948
15996,6056
16010,6017
16042,5830
16062,6068
16102,6130
16104,5960
16124,5880
16148,6072
16180,6164
16202,6125
16230,5969
16252,6007
16289,6223
16292,6190
16316,5994
16356,6168
16360,6338
16383,6190
9,6048
44,6282
65,6351
94,6244
122,6140
150,6286
162,6410
206,6306
238,6204
272,6360
302,6460
314,6434
328,6280
386,6427
413,6548
432,6434
444,6400
476,6427
511,6656
536,6562
564,6404
582,6552
606,6662
634,6682
662,6510
692,6724
718,6783
742,6758
770,6552
812,6749
850,6829
845,6698
888,6635
915,6763
958,6863
957,6926
995,6841
1026,6880
1048,6854
1067,6846
1100,6900
1112,6951
1133,6911
1174,6907
1185,6973
1214,6999
1249,6976
1254,6960
1273,7027
1316,7062
1353,7023
1345,7035
1357,7091
1375,7095
1404,7072
1387,7073
1418,7113
1471,7161
1475,7136
1495,7110
1527,7175
1541,7199
1567,7162
1553,7147
1583,7207
1621,7273
1647,7225
1651,7207
1651,7241
1686,7293
1690,7253
1697,7252
1728,7298
1771,7347
1776,7331
1799,7295
1806,7364
1807,7389
1866,7383
1852,7377
1878,7420
1928,7466
1962,7429
1968,7430
1982,7486
2026,7522
2048,7526
2062,7483
2104,7554
2140,7640
2170,7620
2164,7592
2215,7648
2245,7705
2236,7674
2270,7696
2298,7728
2325,7805
2346,7768
2368,7766
2425,7843
2475,7895
2482,7899
2512,7917
2535,7944
2587,8010
2591,8022
2645,8018
2677,8033
2719,8133
2737,8129
2765,8101
2788,8148
2825,8228
2859,8253
2869,8229
2903,8260
2958,8359
2959,8387
2979,8357
3037,8378
3057,8490
3085,8551
3123,8496
3179,8522
3192,8624
3229,8649
3248,8638
3274,8679
3305,8729
3332,8815
3344,8765
3394,8762
3420,8866
3445,8934
3452,8897
3469,8886
3521,8971
3554,9048
3562,9047
3583,9037
3610,9098
3649,9179
3675,9136
3675,9119
3711,9189
3722,9291
3755,9270
3766,9246
3780,9314
3817,9370
3809,9365
3814,9292
3838,9356
3893,9465
3874,9473
3905,9394
3925,9456
3959,9553
3971,9582
3977,9537
4017,9548
4029,9633
4032,9663
4065,9606
4076,9612
4112,9748
4118,9775
4122,9729
4128,9764
4176,9880
4188,9910
4199,9839
4233,9840
4249,9991
4283,10045
4301,9993
4318,9977
4329,10115
4373,10205
4408,10101
4417,10114
4436,10240
4454,10314
4482,10274
4510,10250
4515,10363
4580,10455
4585,10431
4606,10408
4643,10509
4656,10658
4675,10625
4708,10564
4740,10654
4780,10787
4787,10833
4799,10717
4844,10838
4869,10911
4883,10961
4917,10889
4942,10954
4971,11084
5013,11130
5023,11029
5073,11123
5090,11274
5104,11327
5146,11259
5166,11252
5184,11409
5213,11478
5240,11396
5241,11381
5293,11538
5317,11613
5343,11578
5368,11551
5407,11678
5424,11766
5446,11698
5486,11681
5492,11804
5508,11901
5539,11860
5555,11795
5597,11917
5605,12002
5607,11972
5641,11925
5664,12017
5696,12130
5708,12106
5742,12062
5761,12101
5769,12234
5791,12189
5799,12145
5853,12188
5855,12269
5854,12290
5891,12238
5936,12251
5918,12369
5936,12366
5960,12303
5964,12304
5990,12427
5998,12443
6029,12388
6025,12359
6057,12462
6077,12505
6075,12431
6105,12421
6112,12522
6112,12598
6135,12512
6144,12488
6157,12568
6183,12638
6224,12574
6230,12525
6269,12635
6252,12733
6283,12649
6284,12596
6314,12721
6330,12798
6346,12736
6374,12685
6406,12786
6396,12880
6428,12808
6456,12782
6462,12847
6475,12938
6519,12905
6540,12883
6565,12922
6576,13060
6608,13014
6620,12945
6651,13026
6671,13109
6686,13108
6710,13051
6735,13090
6755,13204
6815,13199
6829,13150
6847,13185
6860,13273
6880,13284
6937,13236
6928,13262
6944,13368
6991,13382
7039,13353
7052,13346
7061,13453
7113,13487
7155,13461
7163,13421
7205,13519
7208,13597
7236,13528
7252,13496
7285,13605
7314,13671
7325,13625
7369,13591
7386,13681
7415,13753
7441,13701
7478,13673
7494,13748
7518,13813
7540,13796
7574,13742
7581,13786
7609,13891
7665,13856
7669,13810
7663,13871
7704,13920
7744,13944
7743,13866
7738,13908
7777,13979
7807,13989
7816,13939
7840,13968
7861,14037
7889,14046
7906,14002
7902,13992
7936,14089
7964,14110
7964,14062
7983,14037
8020,14106
8026,14151
8043,14097
8051,14069
8054,14151
8069,14195
8098,14136
8126,14121
8124,14197
8160,14230
8190,14200
8175,14170
8203,14212
8211,14272
8247,14256
8279,14198
8282,14261
8308,14342
8318,14322
8337,14267
8361,14303
8381,14380
8399,14362
8434,14325
8439,14359
8461,14433
8504,14421
8524,14375
8537,14401
8564,14488
8593,14478
8622,14438
8641,14459
8665,14557
8709,14553
8723,14515
8745,14511
8768,14588
8789,14637
8835,14604
8844,14595
8877,14652
8907,14706
8939,14685
8967,14660
8971,14726
9013,14775
9042,14756
9061,14714
9098,14764
9136,14832
9171,14827
9180,14780
9218,14848
9253,14941
9293,14919
9305,14881
9345,14921
9369,14981
9407,14989
9419,14939
9422,14976
9467,15052
9524,15067
9552,15014
9547,15051
9575,15127
9617,15151
9641,15127
9666,15121
9704,15194
9729,15226
9739,15170
9784,15196
9820,15269
9864,15287
9850,15286
9885,15275
9895,15325
9955,15373
9941,15343
9963,15331
10000,15395
10016,15429
10062,15376
10058,15404
10089,15442
10126,15468
10148,15455
10148,15434
10174,15476
10203,15529
10216,15534
10222,15484
10263,15519
10291,15573
10299,15590
10319,15533
10313,15573
10356,15636
10365,15620
10378,15582
10382,15599
10414,15682
10447,15687
10448,15644
10436,15684
10498,15727
10537,15770
10535,15716
10551,15691
10579,15779
10623,15799
10621,15769
10609,15782
10661,15847
10695,15887
10705,15859
10718,15850
10739,15918
10772,15964
10793,15921
10798,15929
10863,15981
10886,16055
10899,16028
10911,15995
10963,16069
10983,16127
11004,16133
11027,16097
11078,16152
11116,16242
11118,16247
11156,16215
11172,16253
11222,16342
11232,16335
11258,16337
11303,16377
11333,76
11365,98
11379,69
11395,116
11470,210
11490,225
11499,208
11516,238
11584,296
11607,339
11622,330
11658,347
11692,439
11745,505
11731,495
11783,518
11809,568
11855,692
11855,677
11892,610
11921,718
11960,817
11986,800
12018,784
12040,860
12072,965
12086,984
12127,918
12168,988
12174,1108
12191,1135
12221,1048
12263,1097
12270,1213
12290,1261
12287,1187
12349,1233
12365,1356
12376,1364
12403,1302
12421,1345
12438,1458
12443,1501
12482,1402
12492,1478
12552,1552
12536,1586
12554,1502
12582,1547
12595,1678
12605,1702
12626,1649
12644,1645
12664,1749
12664,1774
12708,1698
12697,1713
12734,1836
12735,1909
12738,1813
12786,1828
12796,1948
12807,1989
12853,1929
12879,1951
12903,2064
12901,2123
12917,2075
12933,2066
12979,2166
12995,2241
13007,2167
13045,2201
13049,2316
13051,2400
13095,2341
13109,2314
13125,2438
13157,2535
13173,2475
13225,2583
13225,2553
13263,2561
13285,2719
13311,2789
13325,2601
13365,2691
13373,2771
13400,2995
13420,2807
13442,2737
13478,3039
13492,3124
13539,2996
13544,2921
13582,3212
13586,3258
13630,3098
13658,3116
13678,3246
13702,3352
13746,3210
13747,3251
13774,3444
13808,3537
13832,3405
13864,3406
13864,3613
13903,3715
13942,3585
13953,3540
13991,3719
13988,3840
14027,3715
14047,3591
14069,3919
14107,4019
14121,3813
14133,3813
14175,4001
14197,4090
14219,3979
14247,3948
14261,4055
14283,4174
14313,4046
14323,3951
14355,4209
14353,4305
14407,4107
14417,4121
14415,4267
14452,4403
14477,4297
14481,4167
14483,4291
14509,4492
14535,4313
14563,4283
14550,4403
14582,4554
14587,4377
14613,4333
14649,4483
14663,4623
14666,4456
14676,4383
14693,4552
14723,4610
14722,4455
14742,4417
14764,4535
14777,4701
14796,4560
14798,4482
14806,4591
14841,4747
14851,4570
14872,4524
14876,4716
14911,4825
14904,4643
14939,4628
14970,4707
14962,4908
14988,4802
15002,4719
15041,4831
15065,4982
15066,4873
15090,4767
15134,4788
15126,5046
15158,4946
15173,4816
15208,5017
15228,5102
15254,4996
15274,4946
15288,5031
15306,5193
15325,5012
15365,4985
15384,5161
15403,5271
15429,5241
15450,5098
15516,5212
15524,5336
15542,5198
15551,5170
15581,5337
15628,5450
15628,5244
15660,5260
15704,5274
15718,5534
15732,5432
15768,5346
15810,5519
15819,5597
15865,5430
15877,5430
15902,5653
15957,5730
15959,5513
15999,5517
16036,5651
16053,5751
16087,5731
16078,5556
16116,5703
16153,5840
16178,5728
16201,5656
16222,5767
16247,5912
16268,5793
16291,5742
16319,5831
16372,5972
16360,5862
26,5758
33,5971
57,6057
63,5999
57,5807
113,6035
137,6093
126,5946
164,5896
201,5975
189,6180
224,6078
246,5904
272,6102
283,6159
299,6028
304,5944
336,6162
344,6258
356,6028
388,5973
434,6165
447,6254
438,6144
464,6024
494,6096
492,6252
524,6148
504,6060
566,6222
568,6374
592,6225
599,6137
640,6296
654,6389
674,6290
698,6178
735,6359
769,6486
770,6420
778,6267
832,6419
869,6513
876,6420
875,6294
936,6372
947,6562
966,6489
986,6377
1012,6455
1038,6606
1064,6460
1087,6380
1143,6469
1154,6739
1166,6639
1205,6449
1238,6642
1282,6778
1288,6686
1316,6568
1362,6704
1402,6850
1404,6816
1438,6650
1471,6790
1499,6928
1517,6824
1558,6712
1590,6850
1631,7049
1627,6888
1653,6820
1710,7046
1742,6945
1761,6970
1792,7015
1831,7046
1862,7024
1871,7017
1917,7067
1971,7117
1980,7118
1995,7082
2040,7162
2047,7195
2107,7183
2117,7185
2116,7247
2169,7283
2201,7269
2203,7243
2241,7308
2271,7341
2303,7348
2324,7320
2336,7350
2374,7424
2413,7389
2404,7395
2429,7427
2468,7491
2489,7475
2490,7439
2507,7491
2549,7555
2557,7527
2583,7508
2591,7548
2615,7608
2637,7588
2643,7558
2661,7594
2715,7645
2732,7652
2739,7607
2751,7655
2787,7713
2800,7718
2791,7674
2827,7706
2864,7763
2874,7756
2877,7724
2891,7763
2901,7813
2923,7812
2964,7790
2969,7830
3001,7886
3023,7895
3035,7882
3078,7889
3113,7957
3123,7978
3137,7939
3161,7979
3207,8040
3197,8062
3258,8015
3245,8070
3273,8134
3317,8160
3343,8149
3362,8176
3386,8220
3424,8252
3446,8253
3478,8277
3510,8362
3521,8407
3544,8377
3584,8381
3620,8482
3661,8528
3660,8503
3705,8512
3735,8576
3763,8667
3781,8627
3821,8615
3841,8733
3877,8815
3901,8799
3913,8783
3977,8869
3989,8963
4019,8957
4047,8930
4084,9004
4096,9117
4129,9131
4154,9082
4208,9162
4224,9283
4255,9288
4269,9240
4320,9298
4355,9438
4347,9446
4365,9414
4413,9453
4431,9560
4468,9582
4470,9568
4504,9551
4540,9707
4586,9744
4566,9686
4621,9694
4631,9857
4657,9869
4677,9821
4689,9814
4731,9951
4739,10030
4748,9958
4776,9948
4800,10071
4813,10122
4818,10086
4857,10058
4868,10156
4866,10217
4905,10205
4925,10175
4926,10226
4963,10333
4985,10307
4995,10259
4993,10326
5019,10436
5056,10392
5073,10318
5086,10426
5086,10512
5099,10529
5124,10430
5159,10506
5143,10647
5173,10636
5199,10579
5218,10627
5245,10745
5252,10802
5283,10693
5308,10746
5318,10873
5344,10924
5370,10841
5391,10851
5401,10994
5439,11084
5453,10985
5485,10992
5502,11106
5498,11207
5522,11104
5562,11088
5592,11250
5599,11325
5640,11265
5651,11267
5679,11377
5710,11458
5743,11470
5768,11390
5777,11497
5806,11620
5822,11600
5862,11566
5880,11677
5912,11764
5941,11765
5967,11689
6003,11741
6017,11909
6035,11929
6061,11848
6073,11881
6116,12051
6144,12072
6144,11996
6190,12004
6202,12168
6225,12182
6265,12137
6261,12153
6303,12252
6335,12317
6348,12260
6379,12229
6400,12354
6436,12438
6448,12364
6486,12348
6505,12486
6527,12528
6543,12493
6564,12457
6601,12556
6629,12645
6652,12590
6646,12523
6674,12631
6692,12739
6708,12680
6729,12626
6761,12694
6775,12795
6771,12755
6803,12720
6805,12773
6840,12875
6866,12834
6880,12778
6882,12808
6908,12922
6919,12911
6959,12832
6929,12861
6974,12973
6981,12979
7009,12919
6999,12929
7024,13012
7046,13045
7058,12971
7070,12976
7089,13064
7106,13085
7117,13021
7133,13028
7157,13102
7177,13145
7177,13082
7193,13050
7206,13154
7236,13227
7240,13154
7266,13110
7291,13208
7311,13301
7333,13228
7365,13171
7361,13260
7373,13364
7420,13289
7432,13233
7446,13334
7472,13411
7517,13372
7526,13341
7546,13401
7560,13483
7599,13469
7613,13416
7633,13459
7671,13549
7713,13545
7717,13478
7724,13542
7756,13643
7804,13628
7825,13571
7829,13602
7871,13701
7894,13730
7930,13669
7945,13663
7965,13777
8024,13804
8041,13759
8070,13747
8093,13850
8127,13883
8159,13853
8193,13808
8187,13902
8240,13977
8255,13936
8258,13910
8298,13985
8348,14055
8356,14008
8382,13976
8405,14043
8449,14103
8465,14081
8495,14041
8517,14109
8548,14188
8572,14158
8587,14121
8634,14167
8628,14240
8665,14216
8670,14179
8695,14209
8725,14300
8759,14288
8793,14240
8787,14277
8814,14356
8858,14342
8866,14281
8880,14302
8909,14385
8930,14404
8977,14345
8965,14358
8977,14426
9006,14433
9038,14398
9043,14410
9058,14448
9074,14493
9094,14456
9118,14446
9114,14490
9126,14538
9147,14479
9183,14467
9191,14543
9222,14573
9243,14556
9250,14509
9267,14567
9316,14647
9346,14604
9353,14548
9348,14605
9393,14663
9411,14650
9429,14599
9454,14647
9478,14710
9514,14721
9521,14665
9538,14694
9567,14765
9604,14775
9637,14733
9641,14766
9674,14817
9709,14842
9727,14791
9739,14814
9768,14894
9808,14909
9835,14863
9854,14882
9887,14948
9925,14972
9951,14938
9961,14949
10001,15010
10025,15051
10054,15026
10080,15022
10116,15084
10156,15124
10173,15099
10220,15090
10239,15134
10264,15210
10311,15193
10312,15175
10357,15227
10404,15281
10449,15297
10436,15264
10461,15305
10514,15370
10538,15387
10568,15342
10584,15365
10623,15461
10657,15471
10675,15444
10687,15463
10758,15532
10774,15556
10801,15523
10805,15532
10852,15602
10912,15638
10921,15611
10948,15591
10981,15664
11001,15723
11022,15666
11033,15703
11065,15755
11120,15808
11107,15771
11115,15745
11144,15818
11190,15862
11208,15852
11210,15838
11246,15890
11275,15929
11296,15928
11307,15908
11327,15943
11374,15971
11385,15980
11387,15944
11409,15989
11421,16030
11450,16072
11461,16019
11464,16064
11494,16112
11534,16135
11517,16087
11538,16088
11555,16159
11577,16166
11601,16144
11633,16153
11651,16224
11680,16235
11693,16231
11697,16214
11717,16277
11747,16317
11747,16303
11780,16275
11802,16368
11822,34
11830,16378
11862,16364
11882,50
11924,114
11925,94
11929,73
11985,142
12037,197
12036,201
12049,167
12073,235
12098,320
12130,307
12156,267
12191,353
12214,456
12232,426
12244,394
12260,472
12300,577
12306,592
12350,556
12383,582
12409,701
12439,727
12455,708
12491,742
12529,857
12555,884
12581,869
12620,912
12633,992
12670,1037
12690,1032
12730,1068
12773,1142
12787,1227
12808,1181
12822,1222
12865,1329
12873,1377
12914,1349
12943,1350
12965,1489
12996,1561
13002,1533
13027,1529
13069,1621
13097,1713
13117,1693
13141,1695
13184,1803
13197,1878
13225,1856
13236,1822
13269,1926
13292,2013
13311,1995
13329,1937
13349,2018
13387,2166
13389,2127
13413,2111
13429,2149
13459,2275
13462,2281
13504,2227
13518,2264
13530,2370
13553,2381
13571,2520
13568,2346
13602,2290
13602,2476
13632,2652
13664,2468
13658,2417
13689,2563
13702,2740
13716,2566
13734,2452
13734,2703
13749,2772
13771,2707
13790,2580
13804,2761
13822,2906
13844,2721
13869,2709
13858,2782
13900,2973
13922,2815
13942,2838
13952,2988
13976,3045
13986,2966
14021,2869
14048,3027
14046,3191
14060,3165
14101,3048
14108,3228
14132,3344
14150,3291
14186,3160
14208,3345
14222,3454
14234,3364
14284,3283
14302,3393
14336,3678
14347,3475
14374,3408
14384,3643
14420,3735
14430,3592
14460,3549
14490,3639
14538,3898
14540,3848
14566,3696
14592,3918
14622,4023
14634,3934
14672,3839
14701,3999
14728,4128
14731,4066
14750,3996
14802,4177
14834,4282
14838,4091
14880,4037
14875,4162
14914,4377
14942,4286
14952,4162
14972,4306
15004,4484
15022,4404
15058,4336
15068,4425
15108,4541
15118,4458
15158,4376
15168,4528
15200,4708
15214,4632
15248,4430
15268,4669
15284,4752
15317,4704
15322,4524
15364,4782
15378,4835
15402,4749
15405,4659
15423,4805
15443,4939
15475,4759
15477,4713
15506,4879
15507,5011
15521,4784
15533,4800
15555,4957
15577,5064
15591,4981
15609,4808
15644,5015
15653,5118
15665,4965
15677,4875
15677,5078
15707,5080
15733,5074
15737,4917
15753,5127
15761,5171
15769,5069
15788,5000
15815,5148
15841,5229
15852,5121
15839,5036
15892,5218
15902,5266
15912,5116
15944,5075
15980,5218
15990,5344
15994,5220
16018,5139
16040,5327
16058,5402
16082,5345
16084,5168
16123,5359
16140,5481
16158,5307
16200,5311
16216,5444
16218,5492
16250,5388
16276,5406
16300,5510
16323,5597
16345,5491
8,5405
24,5674
41,5673
60,5501
120,5457
136,5671
156,5781
181,5603
200,5550
236,5806
275,5844
279,5716
319,5663
329,5813
381,5883
419,5708
455,5703
471,5949
511,5987
505,5800
561,5768
598,5920
621,6074
643,5855
673,5934
711,6077
724,6136
761,5945
781,5976
811,6179
817,6189
825,6095
888,6046
909,6162
924,6291
964,6104
975,6039
1017,6322
1033,6332
1063,6160
1092,6148
1114,6388
1114,6425
1151,6275
1172,6186
1204,6312
1222,6482
1232,6199
1257,6225
1287,6415
1303,6469
1312,6269
1353,6264
1362,6432
1390,6454
1396,6306
1426,6304
1450,6492
1458,6546
1473,6403
1522,6403
1540,6561
1548,6580
1560,6554
1572,6456
1600,6630
1604,6650
1618,6454
1648,6480
1664,6638
1694,6668
1709,6523
1728,6486
1757,6696
1776,6798
1785,6520
1836,6526
1872,6807
1888,6741
1910,6605
1944,6631
1959,6851
1971,6853
1977,6603
2021,6675
2046,6845
2071,6951
2095,6731
2132,6759
2157,6955
2195,6977
2215,6869
2263,6820
2289,6971
2290,7119
2301,6933
2367,7025
2416,7031
2439,7015
2429,7017
2481,7108
2522,7154
2553,7088
2565,7115
2607,7191
2639,7190
2641,7181
2693,7196
2713,7274
2760,7294
2773,7258
2798,7282
2831,7366
2907,7373
2915,7351
2933,7365
2975,7464
3009,7478
3025,7434
3041,7458
3062,7532
3119,7570
3146,7563
3152,7562
3193,7621
3215,7666
3247,7631
3265,7621
3319,7715
3333,7757
3360,7716
3349,7705
3400,7778
3451,7857
3445,7816
3482,7816
3529,7856
3532,7938
3562,7896
3570,7846
3586,7956
3638,7982
3626,7965
3642,7950
3681,8000
3706,8070
3724,8046
3729,8014
3749,8082
3775,8131
3797,8131
3809,8092
3810,8120
3859,8190
3870,8166
3879,8157
3903,8191
3908,8260
3919,8248
3941,8213
3980,8254
3988,8318
3993,8316
4001,8279
3998,8288
4052,8379
4056,8388
4082,8349
4096,8392
4130,8449
4141,8483
4146,8442
4165,8453
4195,8542
4213,8569
4235,8539
4252,8534
4282,8625
4304,8689
4330,8691
4374,8658
4372,8748
4404,8813
4422,8791
4425,8777
4465,8866
4486,8938
4505,8934
4547,8909
4565,8996
4594,9078
4624,9078
4666,9052
4670,9121
4703,9222
4722,9242
4751,9192
4782,9263
4825,9395
4828,9446
4853,9361
4866,9446
4947,9564
4957,9597
4978,9536
5012,9599
5016,9722
5066,9792
5080,9719
5124,9773
5141,9890
5193,9949
5184,9899
5229,9931
5271,10053
5286,10106
5290,10064
5328,10086
5369,10186
5364,10290
5402,10240
5426,10256
5465,10326
5461,10427
5499,10405
5515,10404
5539,10463
5559,10581
5589,10591
5620,10521
5640,10596
5658,10717
5665,10722
5718,10664
5711,10700
5746,10686
5747,10835
5760,11027
5798,10821
5790,10753
5813,10886
5848,11030
5834,10987
5887,10879
5890,11078
5903,11167
5926,11126
5945,10955
5975,11097
5967,11277
5985,11245
6021,11089
6032,11161
6037,11353
6069,11360
6081,11127
6101,11160
6107,11419
6124,11349
6148,11265
6157,11275
6154,11488
6183,11588
6217,11385
6227,11421
6244,11610
6260,11660
6310,11467
6314,11468
6334,11743
6341,11733
6375,11693
6385,11622
6405,11817
6433,11896
6439,11786
6464,11729
6493,11974
6522,12016
6564,11993
6583,11819
6601,11947
6611,12162
6629,12061
6649,11949
6693,12086
6714,12232
6738,12203
6746,12059
6772,12201
6830,12387
6857,12395
6853,12219
6889,12298
6933,12441
6945,12545
6958,12346
6982,12433
7014,12559
7022,12648
7039,12430
7081,12487
7139,12720
7139,12735
7161,12595
7188,12585
7213,12776
7248,12843
7258,12725
7274,12663
7318,12893
7343,12975
7351,12887
7365,12741
7409,12878
7438,13032
7445,12990
7454,12836
7496,12986
7516,13149
7543,13024
7560,12932
7583,13080
7609,13224
7620,13114
7642,12999
7664,13047
7686,13215
7697,13211
7731,13078
7747,13163
7764,13320
7800,13241
7818,13156
7826,13214
7837,13395
7854,13380
7869,13195
7891,13191
7918,13375
7937,13492
7951,13319
7977,13277
7984,13453
7991,13573
8008,13310
8043,13301
8047,13514
8063,13567
8069,13445
8095,13316
8104,13546
8132,13588
8126,13468
8148,13368
8180,13576
8190,13688
8193,13617
8191,13427
8233,13613
8264,13680
8254,13690
8288,13504
8327,13533
8338,13741
8355,13725
8372,13568
8393,13621
8424,13813
8462,13809
8470,13625
8499,13657
8532,13858
8546,13875
8566,13680
8589,13682
8615,13901
8635,13955
8674,13814
8686,13772
8738,13936
8736,14050
8760,13870
8786,13834
8825,14045
8851,14085
8862,14002
8909,13898
8948,13976
8986,14204
8996,14038
9034,14009
9061,14067
9095,14253
9116,14231
9153,14109
9183,14211
9201,14321
9232,14244
9262,14158
9290,14128
9336,14407
9362,14395
9377,14254
9402,14291
9449,14491
9459,14417
9502,14284
9526,14344
9580,14548
9597,14548
9580,14400
9649,14388
9659,14545
9677,14600
9697,14408
9741,14425
9784,14638
9805,14696
9806,14520
9836,14491
9870,14727
9907,14774
9910,14598
9955,14519
9975,14685
10008,14774
9999,14683
10061,14619
10077,14669
10098,14857
10084,14704
10113,14625
10130,14762
10170,14924
10184,14717
10178,14671
10218,14744
10245,14895
10253,14855
10271,14702
10311,14791
10336,14932
10344,14934
10330,14789
10368,14796
10400,15034
10417,14913
10415,14771
10445,14833
10489,15055
10507,14991
10528,14876
10548,14885
10588,15010
10574,14972
10600,14994
10624,15062
10664,15074
10656,15010
10682,15041
10707,15109
10774,15149
10768,15098
10789,15117
10832,15184
10856,15187
10892,15180
10904,15182
10920,15245
10976,15266
11004,15242
11007,15240
11037,15320
11063,15359
11107,15339
11133,15337
11141,15405
11181,15454
11235,15424
11235,15403
11280,15473
11307,15534
11322,15508
11356,15514
11386,15562
11428,15606
11453,15609
11476,15608
11507,15657
11558,15690
11573,15721
11583,15700
11605,15718
11669,15827
11681,15834
11706,15787
11738,15828
11764,15882
11798,15934
11815,15885
11845,15905
11909,15982
11927,16048
11933,15983
11957,15993
12001,16051
12023,16129
12039,16089
12060,16078
12077,16168
12120,16216
12124,16193
12149,16202
12178,16258
12201,16341
12233,16316
12230,16280
12264,16331
12293,9
12313,16381
12341,16368
12365,33
12372,80
12415,90
12430,49
12442,93
12460,150
12470,159
12478,140
12500,159
12529,244
12560,272
12535,182
12565,211
12587,311
12614,300
12615,286
12637,277
12665,368
12689,387
12709,367
12709,383
12720,411
12741,469
12727,413
12764,428
12780,492
12828,554
12829,536
12840,524
12870,582
12880,650
12895,607
12917,591
12960,681
12972,740
12972,711
12988,721
13046,782
13048,872
13061,863
13109,855
13133,937
13145,1013
13155,984
13186,973
13209,1052
13253,1175
13275,1141
13283,1117
13320,1199
13349,1305
13366,1320
13406,1287
13414,1376
13446,1476
13466,1471
13501,1442
13532,1496
13564,1661
13594,1662
13616,1594
13656,1689
13656,1827
13698,1853
13714,1780
13742,1843
13762,1973
13798,2019
13838,1955
13842,2011
13870,2164
13902,2216
13928,2111
13948,2191
13982,2330
14007,2359
14038,2328
14044,2369
14066,2471
14088,2525
14138,2478
14154,2488
14153,2628
14186,2683
14214,2591
14244,2650
14248,2800
14286,2839
14310,2756
14308,2781
14344,2923
14350,2961
14368,2881
14406,2870
14408,3050
14444,3112
14460,3018
14484,3002
14494,3123
14524,3189
14548,3091
14558,3104
14570,3268
14566,3293
14618,3220
14621,3184
14623,3343
14646,3368
14664,3308
14688,3276
14700,3411
14696,3469
14724,3352
14746,3370
14749,3512
14777,3527
14782,3448
14789,3481
14832,3575
14832,3603
14841,3532
14861,3507
14889,3677
14927,3754
14943,3654
14951,3648
14991,3762
14996,3848
14998,3757
15013,3750
15039,3866
15071,3928
15101,3848
15119,3853
15133,3982
15165,4030
15177,3969
15205,3960
15211,4109
15251,4133
15271,4049
15318,4086
15310,4198
15364,4253
15383,4177
15406,4178
15430,4310
15442,4346
15477,4288
15501,4282
15516,4406
15559,4485
15578,4423
15598,4407
15620,4521
15648,4583
15680,4515
15686,4546
15728,4614
15756,4664
15809,4609
15824,4631
15838,4738
15864,4788
15890,4704
15904,4728
15934,4842
15965,4887
15969,4808
16002,4833
16019,4925
16060,4953
16098,4910
16101,4919
16132,5007
16167,5063
16173,4998
16208,4980
16216,5098
16238,5120
16288,5072
16282,5074
16300,5170
16346,5198
16367,5140
13,5146
13,5229
32,5250
60,5188
59,5201
81,5306
104,5309
105,5254
169,5259
172,5354
180,5370
197,5292
201,5321
249,5393
260,5404
271,5341
307,5351
313,5426
339,5461
341,5406
349,5387
365,5490
401,5501
415,5427
425,5452
432,5542
475,5524
471,5480
467,5492
515,5582
531,5585
563,5523
562,5531
581,5625
622,5620
650,5566
662,5605
656,5678
700,5662
694,5609
730,5654
749,5738
776,5708
800,5665
808,5702
832,5785
856,5778
899,5730
934,5770
924,5852
976,5849
1015,5802
1024,5849
1048,5926
1101,5926
1121,5862
1151,5911
1181,5993
1215,5980
1246,5928
1247,5995
1271,6073
1322,6076
1345,6008
1365,6056
1397,6146
1461,6143
1457,6107
1483,6131
1527,6211
1560,6194
1598,6158
1620,6211
1651,6292
1706,6267
1723,6261
1746,6281
1784,6366
1816,6342
1828,6308
1858,6326
1878,6412
1940,6427
1942,6377
1980,6423
2008,6493
2045,6488
2055,6447
2084,6480
2119,6565
2152,6571
2183,6516
2174,6541
2239,6633
2258,6629
2272,6563
2318,6615
2339,6689
2360,6676
2369,6630
2390,6665
2420,6719
2436,6734
2460,6668
2476,6699
2503,6760
2520,6796
2558,6742
2578,6749
2602,6825
2607,6845
2650,6775
2640,6772
2663,6865
2702,6864
2700,6804
2714,6836
2750,6912
2779,6932
2774,6858
2784,6877
2813,6937
2829,6966
2857,6911
2859,6929
2890,6983
2931,7010
2952,6966
2975,6987
2991,7057
3009,7079
3039,7015
3051,7037
3074,7102
3111,7151
3110,7100
3133,7109
3177,7150
3217,7210
3210,7152
3245,7187
3277,7245
3315,7285
3337,7260
3353,7252
3392,7328
3426,7348
3454,7342
3466,7334
3506,7398
3536,7442
3560,7436
3592,7436
3604,7487
3648,7536
3702,7537
3698,7531
3714,7575
3776,7638
3772,7632
3804,7618
3860,7678
3868,7743
3909,7728
3940,7733
3961,7774
3987,7855
4025,7839
4039,7815
4059,7871
4095,7933
4129,7943
4149,7937
4154,7966
4204,8028
4222,8084
4250,8051
4272,8075
4330,8128
4336,8190
4375,8146
4363,8157
4408,8233
4405,8287
4439,8255
4484,8272
4507,8325
4519,8413
4553,8381
4556,8360
4594,8423
4618,8490
4606,8460
4644,8456
4663,8519
4721,8580
4701,8563
4724,8528
4751,8593
4779,8635
4776,8662
4795,8635
4820,8674
4839,8741
4854,8759
4886,8714
4922,8746
4947,8851
4926,8822
4947,8759
4969,8800
4997,8892
4993,8901
5008,8866
5037,8874
5027,8927
5040,9019
5062,8938
5080,8962
5120,9020
5121,9081
5127,9043
5151,9010
5183,9107
5193,9178
5212,9126
5240,9126
5240,9194
5273,9279
5288,9268
5322,9248
5348,9326
5341,9426
5372,9422
5378,9372
5421,9435
5433,9521
5461,9551
5472,9497
5508,9565
5524,9690
5564,9715
5576,9671
5613,9692
5624,9819
5645,9867
5668,9792
5705,9853
5738,10015
5750,10028
5788,9972
5791,10009
5835,10153
5870,10228
5885,10166
5897,10205
5919,10323
5957,10378
5981,10365
6019,10371
6032,10460
6062,10601
6088,10552
6109,10528
6143,10606
6155,10763
6206,10723
6223,10687
6241,10766
6261,10936
6289,10947
6302,10859
6334,10936
6355,11058
6393,11071
6419,11014
6453,11036
6449,11196
6466,11266
6493,11189
6526,11198
6538,11323
6569,11387
6589,11324
6603,11339
6627,11438
6658,11526
6688,11470
6688,11412
6716,11547
6733,11641
6747,11570
6773,11553
6775,11630
6808,11740
6840,11721
6852,11652
6857,11702
6874,11815
6899,11831
6909,11723
6943,11767
6946,11910
6968,11908
6973,11821
7011,11849
7008,11961
7035,12006
7044,11916
7064,11883
7072,12020
7079,12077
7112,12009
7117,11951
7125,12095
7163,12157
7173,12081
7171,12053
7217,12170
7218,12244
7248,12174
7278,12130
7284,12218
7297,12307
7351,12285
7347,12253
7372,12315
7390,12416
7428,12409
7450,12358
7448,12423
7492,12512
7513,12507
7537,12451
7559,12493
7572,12614
7602,12650
7638,12577
7638,12594
7662,12721
7719,12745
7721,12695
7777,12661
7794,12804
7828,12862
7830,12776
7848,12790
7889,12904
7907,12953
7943,12915
7977,12875
7998,12997
8016,13068
8048,13034
8058,12974
8091,13067
8095,13147
8181,13155
8187,13088
8192,13143
8204,13238
8252,13240
8282,13169
8270,13237
8313,13324
8377,13341
8396,13264
8407,13299
8424,13386
8456,13432
8491,13346
8509,13355
8519,13475
8565,13513
8576,13453
8602,13414
8610,13516
8658,13576
8687,13547
8689,13479
8724,13575
8736,13650
8761,13598
8800,13546
8810,13608
8828,13712
8867,13681
8883,13619
8880,13676
8912,13744
8956,13733
8942,13667
8968,13708
8966,13766
8983,13791
9024,13723
9021,13730
9029,13823
9085,13833
9093,13791
9096,13768
9124,13853
9158,13879
9182,13798
9182,13798
9189,13897
9218,13924
9235,13875
9231,13836
9244,13913
9276,13994
9294,13929
9326,13860
9296,13958
9357,13995
9384,13962
9391,13922
9394,13991
9435,14080
9483,14042
9470,13973
9502,14031
9539,14127
9579,14096
9607,14038
9607,14098
9641,14177
9677,14173
9684,14099
9700,14155
9730,14223
9779,14228
9811,14192
9825,14203
9857,14291
9897,14290
9925,14255
9940,14282
9974,14347
9992,14374
10032,14307
10052,14349
10092,14411
10124,14444
10159,14430
10181,14419
10217,14484
10239,14534
10277,14510
10286,14483
10332,14526
10358,14600
10420,14590
10414,14548
10457,14614
10480,14666
10533,14664
10537,14619
10581,14688
10621,14757
10657,14755
10685,14701
10696,14726
10734,14835
10776,14823
10810,14776
10818,14808
10849,14893
10879,14893
10897,14834
10913,14858
10960,14938
10985,14949
11006,14916
11024,14934
11054,14986
11095,15044
11117,15001
11114,14989
11159,15047
11193,15093
11209,15041
11219,15027
11236,15094
11296,15144
11296,15095
11285,15085
11327,15136
11343,15202
11357,15155
11391,15115
11401,15170
11433,15233
11465,15205
11467,15190
11466,15222
11499,15272
11518,15271
11554,15238
11552,15254
11581,15315
11580,15312
11611,15283
11615,15300
11641,15369
11667,15367
11677,15325
11693,15342
11720,15406
11762,15422
11753,15398
11778,15408
11807,15476
11831,15500
11859,15455
11873,15469
11939,15532
11943,15589
11959,15545
11991,15526
12012,15620
12046,15650
12048,15633
12080,15626
12106,15713
12152,15728
12156,15742
12198,15730
12196,15766
12232,15819
12259,15829
12271,15803
12310,15866
12341,15922
12373,15931
12390,15897
12410,15953
12450,16014
12481,16035
12494,16019
12534,16034
12556,16135
12601,16169
12616,16133
12630,16148
12667,16231
12707,16277
12719,16251
12755,16262
12765,16321
12804,16382
12829,16349
12857,16363
12885,71
12911,119
12920,103
12964,102
12996,188
13037,239
13038,211
13062,224
13088,277
13130,356
13128,336
13140,323
13158,382
13197,487
13226,470
13240,437
13248,499
13301,605
13311,587
13315,537
13353,588
13391,708
13383,680
13409,656
13435,685
13457,809
13483,773
13491,751
13509,781
13532,893
13551,882
13541,827
13574,852
13596,958
13607,966
13608,906
13637,935
13656,1029
13663,1063
13676,994
13704,1000
13722,1122
13740,1150
13734,1098
13764,1115
13779,1194
13800,1248
13786,1151
13816,1203
13836,1310
13836,1312
13866,1249
13880,1294
13914,1394
13906,1410
13958,1356
13962,1390
13976,1516
13998,1544
14017,1495
14029,1490
14068,1630
14090,1682
14106,1630
14152,1652
14160,1796
14174,1862
14210,1796
14238,1802
14246,1950
14266,2030
14308,1946
14336,1958
14336,2099
14368,2189
14380,2109
14414,2126
14425,2254
14456,2357
14485,2269
14500,2307
14546,2444
14566,2535
14584,2445
14614,2476
14634,2625
14661,2707
14692,2627
14717,2662
14747,2804
14768,2885
14802,2793
14825,2809
14839,2966
14871,3041
14905,2951
14912,2959
14953,3145
14975,3225
15013,3109
15019,3133
15053,3119
15077,3195
15087,3412
15133,3414
15147,3264
15181,3323
15193,3593
15219,3447
15213,3428
15267,3425
15281,3703
15289,3681
15309,3447
15355,3584
15363,3797
15393,3742
15398,3600
15425,3715
15454,3858
15463,3860
15477,3715
15490,3723
15508,4022
15529,3905
15545,3831
15567,3890
15588,4087
15604,4018
15596,3896
15636,3950
15666,4091
15678,4075
15690,3896
15692,4027
15724,4191
15742,4200
15742,4020
15760,4164
15790,4236
15790,4118
15817,4118
15817,4125
15840,4280
15873,4195
15895,4109
15905,4265
15908,4421
15947,4251
15949,4217
15997,4381
16005,4473
16009,4377
16047,4315
16049,4383
16100,4570
16112,4552
16137,4406
16158,4578
16182,4727
16202,4602
16222,4464
16260,4646
16303,4705
16319,4705
16328,4616
16360,4775
0,4801
28,4773
55,4691
60,4850
108,4970
122,4846
151,4769
191,4917
202,5034
213,5033
250,4794
289,5054
316,5182
336,5040
362,4961
412,5075
440,5253
461,5170
468,5029
508,5203
544,5279
555,5220
583,5151
597,5271
656,5359
664,5232
686,5233
705,5412
763,5516
769,5356
803,5293
825,5479
856,5485
864,5479
905,5330
937,5504
968,5644
979,5461
1016,5391
1030,5632
1052,5670
1059,5521
1087,5473
1118,5694
1148,5726
1150,5634
1176,5568
1213,5756
1213,5795
1254,5634
1272,5584
1299,5715
1310,5832
1313,5672
1335,5671
1389,5769
1387,5877
1417,5687
1436,5679
1465,5871
1467,5952
1469,5717
1473,5715
1505,5920
1521,5884
1535,5782
1555,5757
1586,5964
1596,5929
1598,5770
1651,5870
1672,6072
1690,6046
1686,5875
1729,5873
1736,6027
1755,6080
1783,5863
1783,5919
1833,6117
1830,6085
1837,5921
1878,5972
1926,6178
1911,6158
1925,5905
1989,6011
2005,6226
2030,6093
2065,6012
2108,6038
2147,6313
2164,6253
2176,6084
2216,6196
2275,6343
2277,6316
2290,6164
2326,6272
2368,6374
2382,6412
2403,6252
2440,6294
2493,6483
2503,6501
2522,6276
2574,6368
2623,6603
2643,6563
2655,6374
2696,6385
2749,6649
2771,6570
2784,6423
2826,6547
2865,6708
2885,6685
2887,6551
2941,6624
2991,6823
2992,6637
3047,6605
3065,6655
3100,6889
3123,6869
3145,6701
3193,6747
3225,6975
3229,6941
3268,6719
3315,6917
3309,6906
3355,6895
3363,6927
3390,6999
3437,6979
3443,6972
3477,6981
3491,7060
3519,7049
3523,7015
3561,7055
3591,7122
3604,7107
3632,7066
3635,7105
3681,7169
3708,7138
3714,7130
3745,7151
3744,7208
3773,7209
3798,7169
3791,7210
3836,7273
3849,7265
3863,7225
3885,7255
3893,7309
3897,7294
3906,7273
3937,7297
3975,7356
3988,7375
4000,7340
4036,7371
4050,7421
4069,7410
4067,7383
4109,7392
4113,7473
4141,7492
4145,7431
4164,7471
4191,7526
4217,7561
4239,7539
4261,7550
4295,7622
4322,7642
4324,7630
4350,7646
4394,7701
4398,7731
4440,7701
4458,7711
4494,7796
4506,7838
4543,7796
4570,7808
4611,7882
4621,7956
4676,7919
4665,7904
4693,7978
4739,8044
4742,8050
4763,8017
4815,8097
4827,8156
4854,8139
4894,8126
4922,8218
4936,8294
4973,8278
4984,8250
5019,8309
5064,8401
5058,8422
5084,8400
5106,8429
5156,8514
5177,8549
5199,8497
5227,8559
5261,8659
5257,8679
5314,8652
5318,8680
5320,8792
5378,8817
5400,8775
5404,8786
5433,8913
5472,8926
5487,8928
5517,8922
5535,9010
5569,9060
5592,9038
5606,9034
5620,9120
5644,9202
5678,9152
5682,9140
5690,9220
5721,9294
5724,9289
5755,9263
5773,9305
5807,9398
5823,9405
5818,9333
5853,9401
5858,9497
5876,9498
5882,9420
5906,9473
5930,9594
5952,9588
5956,9542
5979,9554
6015,9689
6009,9708
6025,9635
6041,9629
6031,9745
6062,9793
6086,9713
6106,9734
6126,9823
6106,9876
6143,9814
6145,9835
6178,9930
6192,9972
6205,9919
6242,9893
6235,10031
6260,10116
6288,10056
6320,10032
6322,10127
6339,10252
6368,10194
6370,10155
6418,10284
6427,10389
6441,10369
6477,10306
6499,10419
6514,10547
6543,10523
6590,10488
6613,10545
6626,10690
6651,10699
6668,10634
6683,10707
6708,10827
6737,10891
6781,10813
6799,10858
6814,11000
6839,11062
6894,10980
6900,11028
6905,11155
6941,11259
6983,11162
6993,11173
7010,11324
7063,11412
7090,11335
7112,11342
7121,11456
7155,11561
7173,11535
7197,11480
7231,11615
7264,11729
7308,11706
7326,11641
7343,11742
7363,11813
7400,11842
7415,11799
7441,11841
7457,11981
7492,11988
7512,11932
7532,11962
7550,12061
7595,12157
7612,12023
7611,12043
7653,12180
7684,12226
7703,12166
7716,12148
7714,12262
7754,12330
7779,12260
7793,12233
7807,12348
7824,12423
7855,12346
7854,12330
7862,12393
7876,12498
7916,12458
7926,12367
7937,12435
7983,12564
7997,12523
8015,12473
8013,12530
8036,12616
8048,12594
8068,12512
8073,12541
8087,12654
8095,12655
8141,12594
8157,12607
8178,12719
8192,12744
8192,12667
8208,12682
8221,12792
8263,12831
8265,12738
8288,12708
8333,12853
8332,12924
8362,12822
8400,12798
8412,12928
8429,12993
8467,12915
8489,12887
8527,13011
8544,13081
8560,13012
8580,12968
8592,13061
8625,13165
8643,13133
8707,13072
8685,13154
8740,13262
8786,13232
8796,13161
8818,13230
8851,13320
8895,13313
8929,13269
8910,13321
8975,13413
9010,13430
9030,13366
9038,13383
9078,13475
9108,13530
9136,13455
9154,13459
9178,13559
9239,13614
9254,13546
9283,13522
9278,13617
9330,13701
9360,13646
9411,13621
9411,13686
9463,13777
9492,13742
9503,13691
9516,13749
9557,13857
9607,13814
9604,13748
9622,13833
9650,13917
9687,13865
9747,13810
9729,13873
9756,13951
9792,13947
9822,13903
9852,13929
9856,14008
9908,14007
9930,13978
9947,13995
9974,14060
9986,14073
10005,14017
10033,14019
10068,14101
10068,14114
10113,14081
10087,14063
10118,14142
10148,14168
10174,14108
10173,14101
10189,14172
10249,14211
10254,14176
10288,14138
10278,14209
10312,14249
10322,14200
10343,14155
10343,14224
10393,14289
10405,14268
10405,14188
10431,14248
10447,14338
10464,14306
10484,14258
10486,14299
10528,14378
10542,14373
10564,14310
10585,14343
10638,14420
10651,14410
10665,14360
10675,14374
10716,14474
10716,14465
10765,14434
10784,14432
10796,14521
10830,14539
10868,14485
10903,14515
10938,14591
10965,14612
10995,14575
10987,14566
11020,14650
11079,14687
11105,14649
11130,14660
11173,14700
11199,14745
11221,14736
11266,14702
11293,14771
11314,14825
11359,14808
11378,14774
11402,14835
11434,14924
11475,14912
11484,14859
11513,14898
11553,14967
11583,14969
11607,14937
11643,14972
11678,15066
11704,15062
11752,15036
11762,15043
11800,15148
11846,15152
11848,15122
11886,15135
11921,15200
11945,15239
11961,15195
11980,15208
12034,15278
12068,15326
12067,15270
12089,15280
12128,15334
12164,15396
12181,15366
12198,15318
12230,15412
12261,15453
12287,15440
12277,15424
12301,15462
12343,15533
12353,15495
12381,15470
12393,15533
12450,15586
12446,15577
12441,15544
12478,15607
12508,15638
12520,15647
12546,15603
12541,15624
12571,15685
12587,15677
12593,15665
12619,15677
12659,15732
12647,15744
12683,15714
12687,15734
12721,15787
12735,15813
12751,15765
12736,15773
12797,15858
12805,15871
12816,15846
12840,15837
12868,15926
12874,15941
12904,15946
12938,15920
12933,15991
12976,16046
13020,16029
13020,16015
13021,16081
13053,16135
13083,16067
13091,16119
13131,16181
13166,16238
13189,16211
13197,16203
13247,16294
13255,16341
13295,16319
13297,16309
13343,8
13367,81
13369,58
13413,49
13433,125
13463,209
13481,201
13528,145
13545,234
13583,328
13599,331
13614,289
13641,365
13656,478
13698,471
13721,425
13753,475
13771,592
13795,607
13829,558
13854,629
13876,755
13898,751
13928,715
13970,770
13976,884
14003,888
14030,830
14053,916
14068,1019
14077,1045
14123,1000
14142,1024
14161,1155
14187,1179
14223,1107
14235,1183
14265,1287
14263,1320
14269,1242
14309,1313
14305,1433
14361,1445
14366,1396
14413,1409
14419,1562
14429,1571
14447,1485
14460,1544
14487,1645
14500,1682
14526,1602
14526,1636
14546,1762
14566,1768
14598,1725
14614,1751
14612,1844
14639,1872
14644,1752
14656,1822
14670,1937
14710,1916
14710,1867
14726,1905
14740,2022
14770,2032
14773,1961
14771,2009
14785,2099
14821,2135
14817,2046
14855,2065
14853,2209
14883,2226
14891,2163
14921,2197
14917,2359
14971,2387
14982,2288
14982,2326
15008,2452
15024,2470
15062,2414
15085,2464
15114,2615
15136,2636
15148,2532
15180,2618
15196,2614
15217,2808
15258,2878
15261,2770
15295,2712
15328,2903
15345,3035
15355,2918
15375,2890
15417,3042
15455,3192
15477,3189
15494,3047
15525,3235
15529,3393
15567,3231
15583,3155
15612,3305
15630,3480
15666,3390
15677,3386
15740,3518
15762,3694
15782,3541
15802,3483
15814,3716
15854,3873
15878,3686
15908,3668
15913,3858
15969,3920
15987,3747
16026,3783
16049,4019
16083,4093
16074,3895
16108,3886
16154,4055
16151,4241
16177,4045
16219,4041
16241,4202
16265,4306
16279,4121
16302,4181
16329,4322
16351,4352
16353,4279
5,4197
35,4408
48,4469
84,4278
92,4318
122,4518
137,4539
152,4426
168,4383
206,4586
222,4611
228,4462
237,4470
280,4668
284,4712
283,4466
304,4536
326,4714
340,4715
357,4523
377,4571
393,4761
425,4773
437,4607
447,4613
492,4826
505,4773
513,4601
537,4810
544,4848
560,4886
588,4701
606,4767
634,4971
636,4889
673,4840
716,4832
723,5018
743,4950
766,4850
780,4942
831,5141
825,5019
865,4905
890,5025
919,5207
947,5143
972,5019
1007,5229
1047,5303
1046,5242
1085,5117
1118,5214
1144,5356
1174,5302
1182,5151
1230,5364
1232,5473
1276,5327
1308,5275
1342,5345
1369,5583
1400,5327
1433,5327
1485,5534
1499,5569
1531,5537
1550,5409
1591,5599
1637,5663
1622,5592
1665,5488
1708,5681
1748,5784
1750,5713
1768,5578
1820,5698
1846,5796
1864,5703
1884,5624
1936,5841
1956,5902
1983,5840
2027,5703
2047,5925
2075,5983
2110,5775
2129,5779
2161,5979
2189,6017
2186,5884
2225,5856
2257,5929
2254,6093
2283,5860
2305,5844
2361,6140
2367,6138
2388,5948
2429,5981
2456,6116
2493,6178
2459,6004
2517,5987
2533,6185
2522,6167
2561,6029
2607,6018
2612,6240
2620,6255
2626,6058
2638,6084
2692,6276
2674,6236
2686,6148
2720,6066
2756,6300
2764,6305
2786,6115
2792,6109
2847,6310
2834,6356
2856,6166
2880,6190
2892,6413
2896,6374
2924,6197
2950,6240
2993,6395
2989,6454
3005,6263
3028,6203
3047,6533
3094,6476
3075,6323
3139,6300
3165,6536
3205,6545
3211,6434
3257,6444
3285,6600
3305,6613
3320,6497
3354,6504
3399,6658
3403,6705
3423,6549
3469,6621
3499,6777
3534,6811
3543,6618
3581,6639
3632,6874
3630,6873
3661,6732
3694,6682
3742,6944
3779,6937
3781,6745
3825,6811
3857,6973
3885,7000
3899,6857
3938,6843
3966,7012
3978,6958
4021,6992
4041,7067
4086,7080
4090,7058
4129,7065
4139,7145
4197,7161
4213,7107
4251,7155
4276,7226
4330,7277
4341,7205
4342,7222
4373,7298
4400,7354
4450,7306
4446,7312
4504,7371
4520,7412
4546,7385
4560,7382
4584,7446
4601,7505
4607,7442
4653,7457
4659,7504
4699,7557
4737,7558
4733,7523
4761,7590
4797,7639
4803,7606
4807,7595
4817,7640
4844,7688
4880,7666
4880,7627
4886,7696
4936,7737
4938,7728
4936,7693
4968,7740
4986,7795
4992,7784
5009,7758
5042,7808
5043,7867
5077,7855
5077,7831
5123,7872
5131,7929
5154,7927
5165,7910
5182,7920
5204,7985
5218,7999
5238,7979
5254,7976
5284,8080
5309,8102
5335,8083
5341,8084
5371,8171
5396,8197
5430,8196
5439,8181
5471,8275
5489,8327
5530,8297
5522,8296
5554,8403
5596,8453
5628,8437
5641,8450
5664,8509
5704,8579
5723,8567
5727,8551
5765,8623
5789,8717
5805,8713
5842,8696
5866,8753
5877,8858
5894,8856
5944,8843
5970,8865
5977,8977
6013,8989
6033,8985
6060,9010
6083,9129
6113,9163
6149,9139
6174,9152
6190,9248
6216,9338
6244,9300
6281,9322
6298,9412
6299,9501
6329,9456
6369,9479
6381,9549
6409,9623
6428,9592
6452,9603
6483,9657
6496,9773
6550,9775
6532,9759
6557,9823
6591,9929
6601,9969
6616,9857
6686,9938
6684,10083
6702,10077
6718,10009
6728,10040
6753,10178
6749,10179
6797,10115
6797,10127
6819,10263
6828,10290
6847,10208
6862,10252
6882,10363
6906,10436
6908,10332
6917,10350
6956,10440
6975,10503
6973,10415
7012,10421
7032,10527
7037,10606
7042,10564
7071,10503
7081,10613
7070,10679
7097,10634
7117,10610
7127,10679
7135,10797
7166,10734
7195,10715
7214,10790
7222,10862
7264,10884
7264,10845
7273,10849
7285,10983
7315,11021
7337,10941
7335,10960
7378,11117
7398,11187
7428,11076
7448,11105
7461,11249
7491,11318
7530,11269
7544,11231
7562,11380
7598,11448
7614,11376
7645,11384
7677,11505
7679,11616
7735,11580
7767,11541
7763,11641
7784,11756
7828,11739
7862,11706
7866,11759
7921,11906
7941,11897
7981,11852
7978,11876
7999,12013
8044,12046
8076,11977
8101,11991
8123,12116
8133,12217
8184,12133
8200,12126
8224,12248
8256,12336
8284,12269
8311,12247
8355,12354
8353,12429
8396,12404
8420,12364
8447,12467
8457,12566
8505,12525
8504,12458
8537,12566
8559,12684
8586,12665
8624,12586
8658,12642
8685,12751
8708,12759
8751,12667
8732,12727
8764,12810
8793,12859
8817,12783
8837,12772
8862,12893
8875,12942
8895,12865
8903,12828
8934,12948
8962,12999
8953,12935
8991,12899
9001,12986
9037,13065
9053,13013
9074,12964
9082,13018
9108,13114
9119,13055
9139,13015
9163,13076
9185,13165
9186,13157
9197,13063
9216,13126
9248,13210
9263,13191
9284,13120
9301,13177
9337,13261
9351,13280
9381,13180
9396,13219
9405,13316
9456,13342
9452,13272
9470,13260
9502,13361
9533,13409
9559,13363
9579,13345
9588,13421
9624,13478
9679,13432
9685,13417
9712,13514
9739,13581
9780,13527
9811,13480
9819,13582
9839,13649
9892,13624
9927,13556
9938,13628
9972,13733
10026,13704
10042,13620
10060,13709
10091,13789
10146,13779
10163,13736
10169,13781
10200,13867
10268,13860
10290,13809
10278,13850
10322,13927
10347,13937
10388,13874
10415,13921
10461,13993
10495,14009
10520,13974
10537,13990
10576,14050
10620,14095
10658,14052
10668,14044
10675,14118
10727,14153
10753,14107
10767,14116
10785,14187
10806,14265
10870,14207
10881,14172
10912,14236
10951,14318
10967,14283
11005,14222
11032,14300
11051,14358
11112,14329
11095,14305
11109,14349
11161,14411
11166,14421
11171,14343
11218,14384
11226,14469
11232,14444
11253,14392
11264,14439
11316,14490
11336,14485
11342,14446
11372,14475
11409,14554
11421,14539
11429,14504
11445,14513
11432,14576
11496,14568
11488,14526
11497,14541
11540,14606
11572,14628
11583,14579
11581,14595
11597,14620
11610,14650
11629,14625
11647,14609
11670,14680
11691,14697
11726,14666
11760,14645
11751,14712
11790,14757
11798,14721
11806,14702
11827,14757
11865,14813
11894,14784
11903,14773
11924,14817
11971,14887
11984,14860
12004,14804
12043,14871
12064,14946
12106,14930
12126,14902
12124,14914
12168,15009
12182,15001
12234,14965
12275,14993
12271,15081
12317,15092
12337,15063
12354,15078
12380,15169
12440,15183
12442,15134
12460,15147
12492,15250
12524,15256
12561,15212
12568,15249
12611,15305
12631,15359
12660,15309
12685,15315
12711,15387
12749,15436
12772,15410
12784,15393
12826,15462
12870,15519
12880,15502
12894,15481
12934,15546
12970,15598
12998,15604
13010,15582
13045,15647
13083,15693
13116,15684
13127,15685
13154,15722
13175,15778
13189,15793
13219,15777
13243,15798
13283,15861
13295,15864
13315,15841
13321,15889
13379,15949
13387,15968
13406,15924
13435,15955
13444,16034
13458,16022
13466,16028
13492,16027
13516,16088
13526,16086
13556,16054
13548,16102
13592,16150
13600,16178
13608,16129
13630,16152
13658,16249
13654,16233
13686,16187
13688,16209
13724,16278
13726,16314
13752,16263
13762,16278
13792,16360
13798,16383
13804,16339
13841,16367
13853,25
13848,51
13876,39
13898,37
13925,100
13944,126
13960,120
13987,122
14001,192
14015,243
14054,203
14050,253
14086,314
14110,349
14114,334
14160,344
14176,414
14198,491
14213,433
14262,471
14271,554
14295,601
14322,603
14342,604
14356,680
14399,802
14397,736
14442,733
14458,835
14513,886
14518,900
14524,888
14565,981
14597,1047
14599,1035
14635,1057
14661,1131
14677,1177
14689,1193
14749,1166
14759,1282
14790,1351
14797,1349
14841,1294
14849,1461
14881,1549
14901,1473
14945,1484
14959,1574
14965,1697
15012,1666
15024,1651
15046,1752
15082,1844
15104,1834
15123,1809
15154,1919
15167,2025
15196,1950
15204,1962
15239,2049
15244,2160
15280,2114
15291,2067
15303,2205
15325,2298
15357,2240
15371,2358
15399,2171
15435,2259
15454,2488
15450,2485
15453,2332
15508,2367
15514,2584
15525,2551
15546,2395
15558,2496
15578,2682
15610,2646
15609,2515
15606,2622
15644,2771
15655,2739
15685,2601
15707,2748
15711,2886
15735,2812
15727,2717
15749,2702
15774,2945
15781,2880
15792,2809
15807,2900
15836,3070
15833,3031
15854,2821
15882,2990
15900,3138
15889,3009
15913,2924
15953,3111
15979,3193
16003,3181
16004,3076
16047,3191
16075,3335
16092,3257
16081,3165
16147,3329
16169,3491
16166,3385
16185,3296
16217,3548
16238,3625
16284,3528
16290,3493
16294,3655
16345,3747
16362,3613
10,3592
52,3787
61,3902
70,3771
120,3732
141,3945
185,4073
195,3909
225,3885
265,4106
285,4182
291,3965
341,3964
343,4174
390,4260
412,4161
437,4056
474,4322
510,4418
526,4262
568,4196
567,4433
608,4492
631,4321
668,4316
701,4521
719,4607
761,4414
774,4413
821,4678
837,4687
867,4553
893,4583
918,4793
950,4774
948,4666
1002,4677
1035,4848
1024,4839
1060,4804
1084,4690
1120,4985
1139,4950
1138,4755
1201,4821
1221,5036
1221,4964
1234,4828
1269,4873
1289,5049
1321,5059
1319,4925
1362,4976
1372,5133
1398,5129
1390,4990
1438,5060
1448,5245
1440,5112
1466,4994
1482,5009
1527,5237
1513,5151
1551,5013
1583,5148
1591,5326
1607,5197
1637,5079
1650,5211
1668,5324
1676,5249
1689,5104
1727,5224
1740,5414
1751,5300
1771,5178
1804,5306
1808,5490
1837,5290
1858,5267
1907,5451
1917,5563
1955,5356
1993,5313
2017,5404
2057,5569
2047,5403
2103,5393
2125,5560
2142,5678
2168,5498
2202,5458
2230,5629
2250,5731
2266,5602
2332,5532
2358,5719
2356,5811
2405,5715
2425,5594
2488,5722
2495,5874
2542,5656
2556,5694
2606,5884
2635,5953
2654,5788
2679,5713
2711,5967
2727,6005
2747,5831
2793,5844
2803,6027
2861,6098
2862,5977
2883,5898
2941,6131
2959,6159
2961,6037
3031,5945
3065,6142
3065,6185
3090,6040
3122,6070
3179,6196
3203,6267
3177,6143
3250,6122
3268,6208
3291,6309
3313,6217
3339,6161
3379,6367
3415,6438
3417,6205
3441,6222
3465,6439
3493,6478
3501,6287
3530,6245
3556,6436
3587,6506
3613,6283
3629,6264
3671,6453
3673,6527
3701,6441
3711,6331
3749,6551
3731,6607
3729,6443
3763,6355
3797,6613
3809,6673
3817,6463
3839,6417
3877,6639
3863,6696
3899,6456
3905,6433
3946,6733
3975,6765
3963,6634
3965,6498
4009,6743
4033,6812
4017,6511
4049,6590
4065,6757
4095,6871
4096,6672
4123,6597
4141,6711
4160,6841
4161,6663
4189,6646
4230,6754
4254,6930
4247,6740
4290,6739
4330,6901
4346,7011
4355,6786
4392,6825
4430,6906
4464,7028
4485,6925
4489,6852
4524,6964
4566,7122
4552,6994
4598,7063
4631,7097
4657,7088
4681,7085
4725,7156
4753,7187
4767,7191
4805,7173
4828,7229
4853,7261
4899,7258
4917,7240
4923,7315
4964,7364
4996,7341
5014,7351
5033,7387
5052,7482
5102,7477
5112,7444
5158,7462
5176,7554
5188,7554
5226,7546
5250,7568
5274,7668
5298,7662
5336,7638
5355,7661
5380,7735
5409,7741
5423,7741
5459,7772
5499,7849
5499,7871
5530,7855
5549,7845
5571,7927
5589,7956
5624,7928
5625,7940
5673,8000
5692,8064
5696,8016
5727,8021
5739,8093
5754,8140
5796,8127
5805,8095
5821,8155
5845,8193
5859,8186
5863,8151
5885,8224
5895,8283
5927,8263
5938,8225
5948,8263
5956,8352
5998,8313
5986,8296
6012,8349
6022,8411
6040,8407
6056,8362
6085,8419
6100,8481
6115,8485
6128,8449
6153,8489
6167,8571
6166,8576
6194,8533
6212,8583
6252,8633
6230,8665
6264,8630
6295,8624
6299,8725
6321,8770
6364,8738
6371,8745
6405,8847
6433,8904
6444,8876
6470,8867
6476,8974
6510,9030
6536,9013
6537,9009
6585,9086
6601,9185
6617,9204
6645,9157
6671,9259
6714,9356
6716,9336
6750,9322
6782,9361
6788,9508
6828,9513
6840,9454
6865,9534
6877,9677
6917,9683
6934,9632
6961,9672
6990,9820
7022,9885
7044,9798
7060,9836
7095,9973
7131,10004
7153,9975
7168,9989
7198,10083
7208,10208
7242,10177
7268,10150
7283,10242
7306,10380
7343,10328
7358,10318
7382,10370
7402,10514
7436,10524
7466,10472
7498,10546
7491,10646
7527,10665
7555,10565
7570,10666
7610,10794
7640,10844
7640,10755
7665,10794
7677,10915
7693,10949
7736,10922
7744,10806
7720,10863
7773,10935
7793,11082
7811,11214
7828,11076
7849,11065
7886,11288
7908,11249
7909,11218
7923,11086
7925,11269
7947,11377
7981,11325
7976,11198
8011,11357
8021,11473
8025,11338
8037,11309
8052,11453
8084,11560
8082,11433
8112,11336
8124,11468
8145,11564
8168,11552
8175,11422
8201,11508
8224,11719
8230,11742
8246,11629
8273,11565
8302,11789
8300,11838
8326,11724
8336,11621
8355,11853
8380,11973
8385,11786
8431,11761
8456,11921
8478,12021
8498,11902
8527,11877
8561,12071
8627,12125
8597,12019
8636,11956
8680,12151
8720,12258
8730,12334
8737,12065
8774,12223
8801,12465
8822,12436
8838,12258
8894,12365
8912,12496
8963,12541
8975,12392
9001,12343
9028,12591
9080,12630
9092,12539
9124,12468
9165,12697
9183,12815
9211,12689
9260,12600
9266,12848
9308,12862
9337,12739
9349,12732
9403,12789
9431,12988
9431,12961
9464,12856
9504,12870
9543,13095
9560,13115
9576,12953
9619,12963
9651,13194
9680,13180
9700,12981
9734,13068
9784,13230
9790,13232
9812,13188
9848,13134
9875,13333
9897,13348
9903,13279
9925,13195
9971,13417
9972,13393
9996,13265
10025,13298
10047,13358
10081,13528
10114,13482
10119,13255
10160,13455
10170,13596
10196,13373
10208,13349
10221,13436
10265,13637
10251,13629
10274,13383
10317,13532
10335,13697
10341,13555
10332,13452
10370,13526
10414,13702
10406,13702
10433,13467
10445,13584
10483,13710
10500,13698
10506,13591
10546,13599
10568,13799
10588,13720
10616,13630
10653,13605
10682,13827
10668,13903
10681,13663
10720,13688
10756,13839
10810,13964
10788,13795
10825,13716
10851,13881
10889,13993
10911,13935
10929,13795
10996,13898
11031,14057
11034,14051
11063,13884
11101,13947
11149,14191
11153,14069
11190,13971
11220,14051
11258,14220
11276,14205
11314,14068
11340,14102
11363,14234
11389,14287
11409,14141
11457,14139
11477,14407
11513,14308
11539,14190
11564,14134
11624,14390
11608,14429
11637,14256
11681,14258
11713,14495
11749,14540
11767,14457
11800,14339
11836,14567
11854,14585
11892,14408
11886,14378
11937,14585
11961,14670
11981,14561
12025,14468
12049,14509
12088,14716
12080,14637
12134,14502
12140,14604
12162,14788
12190,14780
12219,14559
12234,14607
12275,14796
12270,14825
12287,14589
12313,14723
12345,14892
12360,14890
12346,14672
12404,14722
12428,14876
12420,14898
12457,14701
12486,14754
12513,14985
12499,14985
12535,14742
12565,14799
12584,15033
12574,15002
12602,14804
12618,14841
12628,14945
12636,15042
12642,14873
12677,14895
12714,15032
12711,15116
12719,15036
12738,14898
12744,15033
12760,15150
12786,15062
12820,14956
12830,15080
12864,15146
12861,15132
12880,14980
12896,15066
12944,15263
12965,15097
12969,15028
13014,15122
13012,15301
13045,15241
13073,15079
13077,15221
13123,15436
13118,15252
13130,15315
13168,15385
13206,15353
13221,15356
13262,15396
13280,15474
13288,15445
13333,15409
13369,15469
13392,15527
13409,15559
13445,15501
13457,15553
13493,15613
13508,15637
13545,15613
13553,15644
13589,15718
13623,15717
13641,15720
13669,15731
13703,15825
13719,15834
13747,15795
13767,15845
13807,15917
13843,15937
13855,15921
13897,15909
13921,16006
13945,16049
13962,16033
13974,16030
14012,16117
14030,16163
14057,16139
14066,16124
14115,16204
14139,16267
14175,16223
14181,16254
14198,16344
14228,34
14262,16348
14270,16356
14302,16
14314,86
14336,38
14346,42
14374,140
14392,196
14418,152
14446,136
14437,196
14466,265
14500,232
14505,202
14532,293
14536,363
14547,331
14566,315
14577,375
14605,430
14602,404
14642,384
14673,447
14685,523
14695,488
14696,473
14717,508
14735,581
14761,549
14761,546
14771,599
14801,679
14817,633
14833,613
14833,691
14873,748
14871,733
14896,683
14908,771
14929,854
14964,825
14964,800
14986,876
15020,976
15022,950
15064,926
15072,1022
15124,1103
15136,1065
15156,1114
15198,1166
15200,1241
15206,1208
15241,1215
15254,1275
15275,1398
15325,1371
15341,1373
15371,1497
15375,1549
15405,1537
15441,1546
15467,1645
15495,1713
15516,1708
15539,1715
15548,1802
15603,1885
15618,1864
15616,1840
15671,1974
15690,2045
15724,2028
15740,2020
15770,2122
15783,2236
15801,2208
15843,2173
15841,2303
15881,2401
15905,2345
15947,2361
15961,2461
15981,2547
16022,2528
16035,2489
16050,2640
16091,2703
16109,2687
16118,2646
16150,2744
16193,2874
16214,2791
16226,2761
16268,2940
16276,2998
16310,2944
16299,2906
16338,3050
16364,3150
5,3055
25,3032
16,3157
53,3217
75,3151
103,3151
117,3301
122,3332
170,3270
166,3261
184,3376
210,3412
230,3320
239,3313
252,3453
264,3494
296,3418
325,3437
329,3557
350,3590
367,3508
384,3467
381,3611
399,3623
411,3548
410,3578
458,3716
476,3744
480,3654
508,3686
527,3775
547,3801
562,3738
569,3699
610,3846
624,3878
631,3810
654,3850
685,3950
733,3977
733,3912
743,3963
785,4070
825,4073
833,4016
848,4074
880,4176
926,4171
918,4111
936,4172
982,4288
1016,4286
1065,4215
1074,4298
1099,4407
1117,4391
1183,4326
1174,4433
1214,4509
1245,4501
1287,4443
1306,4533
1336,4616
1385,4593
1391,4526
1412,4633
1456,4723
1492,4673
1514,4630
1518,4744
1556,4813
1604,4792
1647,4725
1653,4835
1685,4920
1725,4900
1781,4847
1775,4928
1824,5022
1854,4979
1888,4917
1899,5030
1925,5105
1968,5061
2006,5008
1998,5133
2043,5191
2072,5129
2076,5092
2127,5199
2182,5279
2168,5199
2203,5174
2238,5279
2265,5357
2301,5262
2310,5263
2325,5348
2372,5385
2394,5335
2427,5311
2420,5418
2468,5455
2479,5400
2501,5380
2521,5442
2513,5487
2581,5429
2584,5416
2564,5522
2607,5543
2656,5477
2636,5457
2648,5560
2684,5606
2714,5510
2728,5526
2740,5589
2764,5619
2770,5552
2792,5555
2804,5638
2844,5667
2866,5600
2872,5584
2878,5687
2918,5725
2928,5635
2942,5654
2970,5740
3020,5766
3028,5696
3033,5702
3090,5780
3080,5805
3155,5768
3148,5765
3182,5835
3209,5865
3247,5807
3262,5823
3276,5917
3334,5928
3338,5892
3363,5907
3381,5973
3408,5993
3453,5951
3479,5979
3505,6041
3517,6053
3569,6025
3595,6035
3612,6125
3660,6151
3681,6107
3729,6106
3742,6177
3762,6193
3789,6168
3806,6161
3815,6265
3888,6290
3898,6252
3922,6229
3954,6309
3992,6342
4001,6313
4014,6308
4054,6379
4102,6437
4116,6394
4132,6382
4159,6432
4208,6498
4243,6459
4256,6441
4274,6496
4307,6548
4337,6539
4356,6499
4384,6574
4393,6627
4435,6601
4451,6564
4473,6631
4503,6685
4523,6681
4546,6627
4563,6689
4609,6747
4607,6734
4644,6696
4652,6731
4684,6796
4700,6779
4728,6744
4729,6791
4758,6847
4784,6860
4786,6778
4814,6830
4852,6896
4856,6877
4864,6849
4876,6871
4908,6931
4914,6941
4933,6883
4941,6898
4969,6980
4980,6966
4971,6922
5009,6951
5023,6993
5031,7029
5045,6963
5069,6972
5102,7048
5120,7060
5142,7016
5138,7016
5149,7111
5185,7113
5204,7090
5219,7080
5241,7165
5282,7196
5277,7136
5301,7134
5321,7200
5344,7241
5355,7204
5373,7207
5408,7273
5424,7329
5432,7291
5486,7298
5508,7350
5498,7408
5532,7392
5554,7382
5590,7442
5616,7506
5634,7504
5666,7474
5693,7527
5719,7579
5743,7580
5763,7564
5789,7603
5803,7689
5845,7697
5871,7671
5893,7691
5904,7768
5922,7775
5970,7757
6008,7791
6044,7870
6060,7925
6072,7890
6094,7909
6111,7979
6157,8042
6174,8000
6201,8004
6229,8078
6249,8130
6270,8109
6294,8114
6332,8197
6352,8265
6376,8224
6401,8225
6421,8318
6426,8386
6457,8349
6504,8341
6533,8415
6552,8500
6570,8477
6584,8466
6590,8503
6626,8601
6652,8584
6675,8562
6685,8631
6705,8690
6703,8717
6747,8662
6757,8706
6776,8773
6812,8810
6832,8779
6842,8798
6866,8884
6897,8917
6897,8867
6907,8853
6905,8952
6931,8989
6945,8936
6980,8936
6986,9034
7010,9102
7031,9047
7037,9029
7037,9113
7057,9191
7082,9138
7093,9104
7126,9174
7130,9252
7162,9248
7176,9205
7195,9253
7200,9334
7221,9365
7257,9284
7256,9306
7264,9442
7294,9478
7334,9431
7328,9435
7359,9589
7379,9635
7399,9559
7423,9596
7423,9724
7474,9792
7511,9751
7523,9739
7537,9838
7572,9958
7599,9914
7623,9877
7642,9989
7657,10119
7705,10103
7723,10046
7737,10123
7741,10270
7792,10251
7820,10238
7844,10258
7884,10428
7894,10486
7937,10401
7963,10448
7964,10587
8020,10660
8029,10597
8060,10612
8077,10707
8107,10794
8144,10892
8154,10882
8172,10810
8193,10795
8243,11077
8270,11039
8263,10962
8308,10922
8348,11046
8355,11199
8399,11175
8424,11096
8444,11188
8476,11382
8510,11399
8512,11214
8544,11326
8576,11527
8597,11531
8608,11419
8640,11406
8676,11630
8694,11622
8715,11541
8753,11529
8756,11762
8774,11843
8817,11709
8804,11646
8855,11741
8858,11939
8863,11806
8904,11698
8904,11948
8940,12008
8954,11906
8997,11779
8999,11967
9028,12125
9034,11928
9046,11851
9076,11996
9081,12118
9101,12090
9107,11941
9132,12040
9158,12184
9170,12125
9161,11989
9213,12073
9242,12328
9254,12307
9253,12140
9281,12164
9310,12306
9332,12396
9334,12303
9361,12198
9397,12388
9408,12496
9423,12352
9436,12292
9463,12442
9500,12569
9503,12407
9546,12389
9585,12417
9607,12674
9611,12536
9632,12434
9688,12554
9724,12753
9733,12749
9745,12564
9821,12657
9832,12845
9858,12836
9862,12798
9896,12738
9949,12907
9967,12998
10000,12787
10005,12755
10058,13026
10082,13097
10122,12918
10145,12881
10174,13087
10229,13143
10229,13065
10277,12941
10311,13118
10356,13329
10339,13170
10396,13078
10433,13152
10479,13377
10471,13224
10517,13133
10542,13224
10574,13467
10605,13377
10644,13338
10669,13365
10701,13513
10747,13524
10751,13325
10798,13377
10844,13612
10856,13598
10876,13449
10887,13448
10953,13649
10957,13683
10973,13568
11007,13521
11042,13695
11061,13752
11072,13613
11116,13597
11141,13724
11179,13823
11178,13701
11201,13577
11232,13760
11246,13876
11256,13745
11284,13674
11327,13788
11364,13927
11351,13817
11371,13728
11413,13819
11405,13967
11434,13912
11462,13764
11484,13866
11514,14042
11503,13937
11515,13834
11541,13902
11581,14103
11603,14087
11594,13832
11628,13935
11654,14094
11674,14143
11666,13914
11701,13949
11737,14117
11739,14171
11775,13972
11782,13968
11824,14167
11834,14242
11855,13975
11869,14023
11901,14229
11929,14272
11937,14163
11974,14090
12032,14196
12046,14403
12046,14184
12097,14123
12135,14290
12149,14440
12191,14281
12196,14217
12248,14323
12236,14496
12270,14483
12314,14296
12324,14375
12341,14421
12377,14395
12393,14469
12457,14533
12462,14528
12509,14453
12524,14536
12548,14615
12576,14593
12605,14545
12629,14593
12651,14667
12697,14662
12707,14623
12725,14646
12779,14746
12803,14735
12817,14673
12835,14736
12852,14814
12900,14814
12907,14780
12918,14776
12974,14870
12981,14888
13010,14860
13033,14841
13084,14918
13099,14935
13123,14908
13149,14915
13177,14984
13196,15022
13239,14985
13242,15004
13265,15037
13268,15080
13304,15068
13302,15044
13342,15102
13380,15152
13400,15125
13400,15100
13406,15165
13442,15210
13478,15178
13482,15154
13502,15218
13518,15230
13544,15237
13549,15211
13588,15243
13595,15281
13605,15288
13630,15239
13650,15289
13645,15345
13665,15339
13691,15285
13700,15333
13698,15375
13739,15377
13739,15337
13762,15396
13768,15428
13800,15425
13810,15378
13834,15424
13842,15475
13874,15486
13889,15451
13894,15478
13928,15554
13936,15576
13962,15524
13968,15540
13985,15603
14012,15620
14046,15591
14064,15592
14066,15675
14092,15720
14119,15663
14147,15691
14185,15761
14197,15786
14195,15755
14253,15785
14273,15854
14287,15897
14309,15852
14335,15868
14343,15951
14378,15993
14420,15967
14443,15975
14463,16067
14473,16109
14515,16087
14527,16081
14569,16159
14589,16221
14605,16196
14629,16201
14651,16267
14685,16343
14711,16293
14753,16317
14775,1
14781,57
14829,78
14841,31
14872,99
14901,234
14915,173
14941,157
14947,210
14984,324
15017,315
15035,278
15071,360
15097,453
15119,442
15141,395
15159,480
15171,589
15191,565
15248,542
15258,597
15275,693
15288,690
15321,656
15330,722
15348,830
15378,831
15398,780
15422,846
15444,978
15476,928
15470,890
15497,937
15517,1059
15535,1009
15562,945
15578,1039
15589,1134
15609,1125
15628,1064
15637,1136
15641,1220
15668,1183
15705,1164
15704,1234
15716,1295
15740,1284
15742,1259
15772,1320
15784,1422
15790,1358
15818,1348
15812,1412
15848,1505
15865,1467
15907,1447
15907,1524
15941,1605
15943,1575
15959,1568
15977,1642
16005,1737
16035,1726
16072,1686
16076,1809
16092,1868
16124,1832
16151,1845
16154,1945
16182,2053
16204,1997
16229,1989
16257,2128
16285,2223
16311,2168
16337,2153
16364,2282
16375,2371
55,2317
68,2312
76,2455
105,2324
134,2638
170,2610
181,2466
223,2576
253,2753
276,2729
278,2722
341,2691
363,2909
391,2887
413,2799
445,2922
483,3097
498,3010
528,2917
524,3035
584,3253
600,3226
620,3094
655,3195
685,3440
699,3343
717,3241
773,3397
801,3547
794,3427
834,3348
863,3456
892,3624
912,3526
928,3483
974,3700
1002,3732
1031,3632
1050,3586
1087,3785
1131,3883
1136,3749
1127,3687
1179,3872
1186,4032
1210,3869
1206,3811
1248,4014
1270,4066
1267,3862
1296,3867
1334,4060
1360,4124
1351,3983
1389,3932
1403,4175
1433,4216
1439,4029
1463,4045
1478,4230
1501,4263
1506,4068
1538,4097
1552,4363
1570,4290
1589,4195
1600,4261
1608,4366
1637,4397
1649,4182
1662,4283
1719,4454
1709,4468
1742,4270
1769,4316
1774,4470
1800,4565
1815,4378
1848,4462
1886,4659
1906,4587
1922,4452
1955,4430
1968,4719
2010,4631
2042,4523
2053,4667
2087,4825
2099,4798
2127,4576
2160,4742
2221,4931
2213,4883
2251,4671
2281,4800
2300,4986
2338,4909
2365,4773
2406,4888
2442,5048
2436,5015
2490,4912
2538,5004
2579,5202
2568,5078
2619,4973
2648,5188
2674,5272
2703,5165
2728,5022
2768,5196
2801,5336
2837,5222
2865,5175
2907,5326
2917,5434
2934,5283
2987,5224
2998,5349
3059,5566
3087,5355
3094,5315
3125,5475
3157,5600
3169,5414
3193,5373
3251,5596
3267,5676
3280,5505
3326,5472
3360,5610
3376,5708
3410,5516
3438,5513
3492,5606
3504,5790
3496,5660
3530,5584
3554,5737
3568,5828
3594,5664
3630,5643
3658,5852
3671,5905
3680,5719
3692,5703
3722,5951
3735,5928
3758,5785
3777,5723
3799,5941
3833,5980
3847,5805
3852,5732
3863,5997
3903,6043
3903,5865
3923,5799
3961,5957
3967,6081
3977,5909
3993,5871
4011,6087
4031,6115
4043,5913
4065,5863
4081,6063
4114,6123
4117,5973
4148,5975
4172,6121
4207,6186
4203,6094
4252,5986
4255,6128
4285,6268
4298,6065
4324,6104
4356,6340
4388,6323
4392,6124
4422,6128
4458,6314
4478,6392
4492,6260
4537,6174
4560,6382
4590,6477
4594,6256
4644,6226
4674,6392
4698,6546
4730,6384
4750,6408
4755,6462
4801,6575
4825,6517
4860,6404
4898,6589
4920,6664
4930,6533
4966,6469
4964,6582
5004,6744
5034,6546
5055,6554
5087,6601
5104,6782
5128,6632
5177,6601
5182,6702
5203,6855
5234,6766
5254,6674
5289,6891
5307,6960
5325,6845
5360,6782
5385,6784
5405,7037
5429,6971
5460,6787
5477,6911
5515,7097
5502,7106
5532,7018
5572,7050
5609,7030
5628,7030
5642,7057
5664,7130
5675,7119
5706,7103
5716,7144
5717,7179
5753,7181
5770,7151
5785,7158
5805,7239
5823,7225
5833,7221
5865,7235
5875,7289
5889,7277
5896,7266
5901,7274
5934,7336
5950,7348
5970,7298
5986,7313
5991,7409
6038,7391
6040,7362
6046,7346
6066,7424
6078,7436
6109,7403
6124,7422
6120,7472
6137,7512
6157,7466
6173,7481
6191,7543
6211,7575
6229,7545
6242,7534
6266,7623
6282,7646
6300,7592
6330,7600
6345,7657
6381,7719
6385,7689
6413,7697
6441,7751
6463,7823
6497,7829
6527,7791
6540,7824
6558,7921
6570,7905
6612,7908
6621,7948
6662,8001
6667,8021
6702,8001
6725,8041
6743,8140
6780,8148
6793,8125
6834,8141
6848,8218
6876,8272
6909,8253
6933,8271
6963,8363
6975,8390
6987,8378
7051,8381
7053,8474
7078,8541
7095,8503
7134,8489
7168,8582
7176,8672
7214,8668
7234,8642
7271,8711
7277,8797
7321,8821
7329,8783
7362,8856
7386,8936
7405,8978
7442,8935
7454,8982
7455,9082
7494,9092
7535,9079
7549,9101
7579,9220
7598,9257
7616,9199
7666,9221
7671,9335
7684,9374
7714,9349
7741,9327
7741,9431
7753,9501
7802,9477
7816,9467
7813,9529
7850,9621
7852,9602
7869,9581
7887,9614
7904,9721
7923,9713
7959,9653
7940,9693
7960,9776
7986,9822
8001,9740
8033,9754
8041,9882
8061,9950
8101,9865
8099,9859
8106,9990
8129,10008
8140,9948
8160,9958
8176,10070
8207,10145
8241,10080
8235,10105
8243,10207
8294,10278
8300,10208
8326,10194
8315,10285
8353,10367
8381,10375
8405,10321
8438,10436
8432,10502
8489,10520
8519,10475
8551,10569
8550,10680
8582,10720
8620,10670
8632,10696
8648,10832
8694,10805
8720,10995
8750,10945
8784,10836
8784,10902
8834,11144
8875,11015
8879,11015
8905,11024
8962,11316
8970,11316
8989,11203
9010,11198
9073,11363
9109,11535
9116,11323
9130,11287
9162,11518
9208,11612
9216,11504
9240,11476
9289,11694
9313,11846
9321,11683
9342,11601
9392,11733
9418,11923
9450,11876
9480,11741
9515,11771
9559,12035
9549,12055
9584,11934
9638,11939
9674,12128
9704,12144
9697,11984
9719,11983
9747,12228
9802,12309
9798,12134
9833,12141
9869,12277
9896,12394
9892,12289
9930,12206
9952,12341
9974,12537
9991,12355
10011,12275
10029,12431
10069,12549
10068,12518
10104,12329
10138,12438
10156,12674
10155,12538
10163,12479
10200,12498
10225,12685
10228,12680
10202,12602
10266,12542
10301,12724
10311,12766
10322,12636
10348,12538
10400,12735
10416,12847
10394,12615
10411,12646
10441,12867
10483,12905
10489,12753
10501,12685
10547,12797
10556,12980
10560,12920
10588,12749
10633,12879
10657,13034
10653,13002
10687,12789
10740,12889
10772,13118
10754,12948
10794,12933
10822,13020
10878,13200
10879,13163
10931,13061
10972,13061
10988,13298
10994,13283
11012,13128
11064,13106
11095,13359
11133,13379
11153,13246
11197,13209
11184,13410
11246,13460
11262,13326
11288,13284
11350,13529
11367,13633
11403,13430
11415,13375
11460,13515
11478,13681
11506,13567
11549,13468
11585,13680
11611,13755
11623,13716
11633,13604
11701,13613
11707,13819
11751,13748
11760,13641
11820,13712
11837,13892
11867,13888
11903,13729
11913,13749
11967,13945
11993,14011
12014,13775
12032,13842
12062,14048
12062,14075
12102,13860
12147,13901
12179,14092
12197,14072
12195,13984
12221,13949
12256,14101
12287,14193
12302,13978
12310,14000
12338,14068
12376,14264
12384,14041
12413,14033
12419,14234
12423,14307
12455,14110
12465,14047
12509,14262
12513,14360
12533,14265
12558,14147
12574,14205
12580,14329
12594,14342
12624,14205
12643,14319
12641,14433
12659,14399
12701,14179
12727,14302
12747,14443
12730,14382
12774,14258
12802,14285
12798,14538
12817,14459
12824,14288
12869,14341
12879,14505
12913,14531
12949,14318
12951,14394
12981,14580
12987,14623
12990,14455
13032,14495
13048,14654
13083,14687
13106,14471
13114,14449
13160,14642
13184,14744
13192,14564
13231,14544
13263,14687
13301,14841
13297,14624
13307,14636
13345,14859
13379,14753
13390,14756
13443,14648
13457,14790
13491,14956
13510,14782
13536,14749
13548,14904
13582,15025
13616,14914
13634,14844
13664,14952
13704,15090
13717,14937
13733,14926
13758,15012
13792,15192
13825,15145
13825,15009
13867,15075
13889,15247
13907,15166
13934,15023
13959,15137
13966,15346
14004,15180
14026,15142
14048,15207
14086,15406
14098,15320
14132,15210
14143,15375
14166,15372
14214,15344
14204,15394
14240,15432
14246,15445
14294,15404
14310,15484
14336,15506
14354,15516
14354,15484
14374,15520
14408,15580
14416,15552
14424,15546
14480,15588
14472,15653
14502,15643
14540,15605
14530,15636
14541,15698
14564,15704
14582,15666
14594,15698
14602,15742
14632,15751
14644,15708
14655,15759
14662,15805
14663,15809
14716,15752
14728,15796
14739,15849
14754,15857
14775,15831
14800,15866
14790,15916
14826,15927
14819,15899
14846,15920
14878,15977
14899,16008
14920,15982
14940,15991
14935,16058
14954,16106
14982,16061
15008,16093
15007,16148
15041,16177
15060,16121
15094,16183
15110,16227
15144,16277
15156,16221
15206,16284
15202,16350
15245,16372
15261,16351
15283,16378
15303,92
15349,105
15356,107
15390,98
15387,187
15433,242
15459,211
15487,238
15505,326
15535,359
15566,344
15593,372
15624,480
15635,498
15660,460
15718,540
15688,603
15728,617
15760,631
15822,662
15796,727
15844,805
15864,749
15901,796
15907,907
15951,917
15985,894
16005,936
16029,1055
16061,1101
16083,1039
16093,1081
16123,1181
16149,1257
16193,1201
16208,1222
16206,1349
16259,1410
16288,1327
16302,1366
16321,1513
16357,1565
16367,1457
16375,1500
15,1631
31,1662
64,1600
81,1658
100,1772
128,1786
146,1696
165,1739
152,1831
205,1847
205,1783
235,1842
236,1980
265,2015
305,1879
301,1943
319,2075
336,2073
355,2015
358,2052
374,2170
402,2192
427,2095
447,2182
457,2283
488,2244
517,2226
513,2254
541,2376
575,2375
568,2297
597,2371
629,2487
654,2489
685,2433
671,2533
722,2652
743,2612
769,2542
760,2593
792,2552
840,2865
879,2871
861,2733
921,2727
966,2983
987,3051
981,2913
1043,2875
1065,3146
1091,3181
1091,3048
1127,3081
1184,3345
1196,3314
1194,3224
1232,3238
1301,3443
1303,3489
1343,3316
1377,3413
1417,3570
1435,3670
1453,3465
1490,3572
1519,3741
1540,3778
1572,3616
1611,3598
1657,3830
1663,3831
1698,3706
1734,3821
1746,4064
1769,3875
1784,3865
1790,3900
1861,4163
1871,4055
1893,3981
1945,4119
1978,4289
1997,4158
2047,4051
2072,4252
2098,4312
2100,4241
2143,4172
2186,4288
2206,4456
2226,4372
2250,4230
2274,4422
2290,4506
2301,4422
2316,4283
2346,4468
2375,4640
2396,4536
2409,4459
2436,4537
2462,4754
2483,4471
2467,4506
2523,4721
2558,4754
2558,4542
2592,4553
2630,4686
2646,4822
2622,4626
2652,4564
2687,4759
2681,4865
2725,4731
2722,4623
2749,4827
2775,4905
2783,4687
2814,4719
2829,4892
2839,4918
2860,4723
2885,4797
2915,4957
2934,5020
2965,4886
2990,4799
3034,5046
3022,5113
3030,4894
3072,4898
3120,5112
3128,5160
3133,5011
3184,4997
3212,5188
3236,5217
3241,5049
3284,5101
3320,5214
3331,5295
3368,5139
3389,5187
3442,5322
3461,5353
3482,5180
3493,5246
3577,5452
3571,5473
3574,5292
3612,5276
3668,5505
3707,5549
3705,5403
3744,5393
3792,5615
3798,5621
3815,5461
3849,5505
3901,5693
3911,5723
3949,5583
3969,5575
4015,5719
4041,5691
4057,5639
4085,5643
4121,5837
4137,5815
4153,5644
4177,5776
4211,5929
4240,5917
4271,5751
4291,5770
4335,5999
4349,5970
4367,5818
4401,5821
4455,6103
4477,6097
4489,5862
4522,5875
4540,6141
4558,6005
4570,5969
4600,5938
4640,6158
4639,6181
4675,5984
4688,6051
4722,6261
4715,6223
4732,6011
4768,6062
4774,6256
4790,6232
4814,6136
4816,6098
4862,6303
4862,6284
4886,6146
4916,6137
4928,6336
4950,6382
4938,6146
4980,6146
4988,6336
5002,6353
5018,6212
5056,6180
5088,6444
5066,6446
5104,6304
5109,6210
5130,6400
5165,6539
5170,6313
5188,6305
5207,6541
5225,6553
5253,6394
5269,6364
5301,6519
5325,6622
5339,6416
5367,6427
5379,6642
5419,6648
5431,6533
5443,6465
5497,6574
5486,6705
5535,6555
5536,6538
5598,6642
5602,6786
5630,6694
5658,6601
5679,6760
5712,6917
5722,6768
5752,6680
5777,6872
5805,6928
5837,6927
5833,6753
5875,6839
5915,7039
5939,6835
5972,6862
6005,7051
6011,6977
6029,6981
6050,7028
6077,7085
6114,7064
6136,7044
6144,7106
6181,7160
6208,7160
6229,7134
6269,7172
6262,7234
6301,7221
6319,7203
6345,7229
6381,7329
6386,7321
6421,7308
6425,7337
6453,7398
6462,7405
6503,7393
6526,7406
6552,7476
6566,7479
6586,7456
6617,7475
6644,7542
6644,7574
6671,7549
6696,7540
6719,7598
6735,7639
6752,7617
6778,7591
6792,7674
6805,7726
6820,7684
6846,7638
6846,7726
6873,7755
6890,7743
6900,7734
6917,7764
6924,7844
6941,7811
6976,7779
6978,7836
7009,7888
7038,7865
7022,7850
7058,7888
7078,7935
7091,7948
7085,7900
7107,7927
7137,7988
7150,8021
7177,8015
7178,8009
7216,8064
7242,8110
7244,8082
7280,8098
7283,8182
7305,8193
7325,8159
7340,8162
7356,8228
7384,8304
7408,8291
7430,8262
7446,8323
7482,8401
7499,8398
7519,8383
7552,8453
7560,8542
7597,8527
7622,8496
7660,8561
7662,8635
7694,8673
7729,8620
7755,8664
7779,8774
7818,8825
7860,8786
7856,8826
7877,8923
7917,8991
7937,8939
7959,8975
7989,9049
8005,9087
8060,9114
8071,9102
8096,9166
8110,9294
8159,9284
8180,9247
8191,9317
8231,9434
8254,9461
8286,9421
8297,9448
8354,9617
8362,9632
8403,9573
8414,9584
8432,9751
8474,9815
8456,9710
8509,9781
8529,9892
8581,9985
8586,9914
8608,9890
8634,10024
8667,10087
8677,10057
8719,10015
8732,10121
8767,10224
8786,10226
8814,10165
8830,10223
8820,10335
8866,10343
8889,10287
8910,10322
8932,10452
8934,10492
8954,10402
8977,10406
9001,10543
8991,10606
9029,10521
9053,10494
9060,10631
9075,10684
9122,10586
9125,10582
9123,10707
9170,10788
9209,10737
9198,10704
9234,10792
9240,10904
9257,10844
9285,10787
9285,10851
9307,10979
9336,10969
9360,10916
9379,10976
9410,11113
9409,11144
9465,11046
9501,11054
9478,11181
9526,11262
9578,11162
9581,11164
9593,11354
9620,11420
9684,11340
9701,11326
9691,11467
9756,11556
9780,11493
9782,11470
9802,11598
9863,11715
9903,11637
9881,11609
9935,11729
9954,11794
10012,11845
10036,11766
10058,11819
10113,11943
10145,11947
10153,11897
10191,11943
10206,12077
10248,12143
10275,12062
10296,12072
10301,12198
10359,12252
10392,12182
10409,12140
10436,12311
10476,12385
10514,12336
10523,12287
10543,12405
10603,12489
10617,12423
10660,12382
10676,12504
10722,12612
10748,12588
10773,12493
10769,12615
10831,12684
10845,12655
10880,12620
10894,12670
10932,12779
10957,12786
11006,12709
11011,12758
11035,12858
11056,12866
11085,12814
11098,12810
11119,12929
11154,12980
11194,12877
11219,12869
11222,12995
11266,13043
11269,12945
11276,12935
11296,13042
11330,13097
11348,13010
11332,12998
11360,13084
11387,13153
11412,13095
11419,13041
11447,13117
11456,13174
11508,13169
11502,13111
11511,13158
11547,13263
11577,13207
11584,13152
11596,13228
11624,13300
11644,13296
11658,13212
11668,13279
11698,13362
11744,13367
11751,13303
11771,13309
11785,13432
11827,13427
11837,13355
11860,13360
11866,13487
11924,13495
11934,13443
11959,13437
11977,13509
12013,13585
12040,13520
12066,13511
12098,13593
12128,13648
12139,13607
12179,13559
12176,13650
12216,13724
12247,13679
12277,13649
12310,13715
12329,13807
12371,13772
12388,13715
12378,13787
12440,13897
12456,13857
12476,13806
12533,13854
12541,13964
12584,13931
12609,13894
12632,13938
12648,14028
12688,14011
12702,13981
12722,14000
12764,14087
12805,14070
12819,14057
12829,14071
12865,14160
12925,14182
12923,14109
12954,14144
12985,14208
13008,14246
13042,14199
13062,14192
13101,14284
13118,14310
13130,14257
13157,14249
13205,14333
13208,14386
13247,14343
13255,14319
13265,14384
13295,14429
13315,14408
13346,14383
13343,14442
13387,14499
13399,14457
13423,14424
13432,14463
13452,14547
13498,14506
13499,14478
13510,14511
13526,14585
13558,14550
13556,14506
13574,14576
13599,14631
13608,14605
13612,14551
13642,14604
13674,14660
13680,14641
13695,14595
13715,14637
13710,14727
13759,14666
13775,14645
13769,14684
13797,14748
13815,14730
13845,14687
13853,14706
13865,14781
13901,14798
13917,14735
13931,14785
13967,14875
13967,14855
14005,14797
14005,14821
14026,14924
14043,14921
14072,14839
14090,14909
14116,14970
14153,14969
14161,14925
14194,14966
14221,15038
14234,15051
14265,14981
14298,15034
14328,15114
14328,15105
14347,15089
14400,15109
14399,15190
14419,15196
14470,15155
14483,15157
14521,15264
14534,15281
14557,15232
14588,15250
14604,15333
14620,15368
14671,15338
14685,15326
14734,15436
14728,15449
14764,15393
14777,15434
14798,15506
14825,15529
14843,15491
14853,15513
14908,15598
14933,15623
14948,15570
14960,15584
14991,15673
15027,15705
15041,15698
15061,15697
15101,15743
15109,15800
15125,15742
15175,15774
15173,15828
15203,15871
15217,15838
15237,15857
15273,15925
15293,15961
15303,15930
15335,15923
15359,15985
15369,16049
15391,16016
15398,16000
15430,16062
15432,16099
15468,16074
15470,16052
15501,16148
15492,16185
15549,16143
15558,16148
15547,16208
15577,16238
15601,16189
15605,16228
15645,16287
15665,16313
15653,16270
15674,16255
15679,16334
15694,8
15723,16339
15736,16326
15754,9
15768,51
15800,22
15823,39
15833,111
15855,128
15877,89
15895,116
15887,197
15910,227
15940,182
15972,206
15976,300
15998,283
16040,265
16022,315
16062,405
16096,424
16108,373
16141,420
16148,502
16193,549
16225,509
16228,557
16256,638
16307,675
16326,633
16357,674
16345,789
0,798
45,777
54,831
80,950
100,990
138,939
145,964
201,1113
217,1133
236,1075
277,1151
299,1277
333,1277
352,1245
392,1288
417,1460
446,1449
476,1410
504,1449
513,1604
549,1625
579,1559
611,1657
639,1742
661,1796
702,1736
704,1802
730,1962
772,1906
796,1875
826,1977
857,2109
885,2116
937,2093
951,2185
953,2238
991,2226
1008,2194
1024,2268
1048,2399
1088,2384
1116,2300
1117,2437
1155,2513
1183,2497
1192,2438
1190,2572
1226,2622
1266,2730
1291,2680
1288,2452
1322,2657
1356,2891
1363,2803
1359,2621
1390,2645
1407,2875
1428,2904
1433,2737
1469,2833
1484,2970
1512,2885
1494,2792
1541,2915
1555,3014
1559,2983
1608,2928
1639,3031
1649,3239
1660,3073
1703,3017
1724,3078
1750,3281
1755,3152
1808,3063
1789,3257
1830,3417
1849,3308
1871,3235
1911,3473
1912,3539
1934,3422
1961,3356
1994,3542
2039,3656
2032,3524
2081,3491
2125,3774
2153,3768
2173,3653
2214,3605
2231,3871
2271,3917
2276,3668
2336,3758
2352,3986
2388,4082
2400,3826
2447,3914
2474,4095
2501,4110
2507,3991
2566,4075
2631,4211
2597,4249
2657,4150
2689,4169
2740,4389
2766,4344
2760,4179
2822,4361
2876,4473
2884,4435
2902,4330
2932,4348
2957,4601
2979,4526
3011,4421
3029,4577
3068,4709
3091,4635
3105,4517
3155,4593
3184,4838
3199,4700
3227,4565
3268,4646
3302,4908
3320,4780
3340,4621
3368,4848
3400,4988
3422,4952
3428,4746
3444,4849
3496,5025
3500,4886
3536,4770
3566,5117
3589,5104
3589,4944
3608,4918
3648,5033
3671,5191
3684,5037
3721,4937
3721,5154
3728,5229
3741,5161
3761,5039
3786,5113
3813,5307
3833,5099
3836,5008
3874,5297
3868,5321
3912,5194
3920,5079
3920,5331
3942,5345
3956,5248
4008,5152
4016,5354
4026,5429
4073,5312
4079,5178
4091,5371
4096,5429
4116,5306
4148,5250
4186,5390
4194,5494
4214,5378
4242,5344
4262,5546
4284,5621
4298,5498
4340,5374
4354,5610
4388,5642
4420,5452
4440,5451
4468,5652
4495,5733
4506,5565
4560,5572
4593,5722
4602,5792
4618,5671
4633,5609
4690,5787
4699,5854
4730,5688
4760,5666
4788,5843
4831,5947
4836,5755
4866,5713
4886,5978
4904,6030
4948,5829
4972,5786
5008,5944
5030,6135
5060,5970
5102,5900
5110,6008
5136,6204
5160,6026
5208,5956
5220,6078
5254,6248
5278,6102
5288,6033
5323,6202
5336,6316
5340,6091
5399,6096
5428,6315
5458,6401
5484,6171
5485,6146
5504,6319
5537,6456
5551,6227
5573,6211
5611,6399
5629,6515
5641,6335
5677,6275
5689,6517
5705,6565
5735,6357
5736,6289
5765,6422
5773,6578
5781,6585
5813,6397
5843,6549
5849,6617
5857,6449
5881,6427
5898,6596
5942,6686
5934,6568
5953,6429
5956,6607
5989,6742
6015,6588
6011,6475
6049,6726
6050,6742
6072,6652
6070,6504
6098,6614
6107,6760
6131,6663
6142,6602
6180,6677
6186,6832
6197,6819
6238,6649
6243,6731
6251,6925
6302,6833
6301,6727
6317,6755
6367,6970
6365,6955
6381,6768
6429,6855
6441,7015
6443,6985
6481,6826
6501,6867
6512,7080
6540,7004
6564,6959
6606,6982
6640,7147
6634,7208
6686,6992
6706,7150
6710,7180
6755,7149
6775,7157
6793,7249
6823,7259
6845,7255
6875,7248
6894,7318
6911,7359
6939,7309
6984,7322
6986,7408
7030,7436
7050,7421
7066,7408
7090,7501
7117,7544
7135,7494
7171,7497
7195,7591
7205,7645
7236,7604
7263,7610
7298,7630
7323,7719
7344,7696
7372,7676
7392,7752
7423,7794
7417,7809
7455,7807
7477,7828
7485,7921
7535,7901
7564,7869
7591,7922
7596,8003
7604,8014
7640,8002
7666,7987
7690,8075
7711,8099
7710,8067
7741,8082
7763,8151
7748,8191
7794,8162
7814,8127
7811,8219
7842,8260
7865,8221
7888,8199
7895,8260
7894,8319
7929,8311
7951,8277
7946,8328
7980,8381
7999,8399
8049,8338
8034,8407
8033,8461
8054,8469
8077,8433
8104,8467
8116,8538
8143,8564
8160,8532
8184,8515
8192,8624
8205,8681
8231,8623
8265,8617
8275,8704
8292,8791
8320,8743
8357,8745
8370,8828
8386,8887
8417,8859
8451,8817
8479,8931
8460,9029
8492,9010
8522,8966
8558,9034
8555,9143
8599,9166
8645,9110
8657,9183
8695,9266
8708,9318
8739,9266
8752,9300
8802,9424
8824,9462
8874,9403
8899,9451
8895,9576
8934,9654
8984,9622
9005,9644
9029,9748
9035,9823
9089,9827
9119,9775
9112,9895
9157,10000
9194,10006
9237,9978
9262,10035
9281,10167
9325,10199
9367,10157
9391,10179
9408,10313
9454,10385
9471,10326
9513,10337
9523,10484
9567,10565
9599,10493
9622,10514
9604,10475
9648,10514
9691,10816
9719,10787
9737,10659
9752,10718
9820,10962
9820,10910
9854,10789
9875,10793
9921,10969
9939,11110
9938,10915
9973,10856
9992,11062
10010,11257
10024,11114
10046,11038
10073,11135
10093,11309
10109,11240
10112,11136
10148,11260
10170,11373
10180,11265
10201,11195
10218,11246
10259,11430
10277,11424
10293,11283
10314,11331
10338,11536
10340,11625
10368,11430
10381,11439
10405,11703
10449,11627
10448,11600
10448,11520
10495,11717
10521,11782
10529,11729
10554,11656
10588,11767
10610,11921
10624,11820
10657,11686
10695,11918
10729,12035
10738,11968
10749,11845
10808,12020
10815,12123
10835,12100
10864,11951
10887,12052
10927,12203
10939,12158
10962,12073
10998,12106
11026,12358
11068,12436
11084,12232
11136,12214
11155,12433
11210,12521
11212,12311
11240,12333
11298,12568
11298,12590
11339,12525
11369,12404
11388,12575
11422,12718
11430,12616
11470,12520
11492,12656
11533,12857
11555,12733
11585,12681
11613,12763
11654,12970
11654,12874
11684,12794
11733,12827
11781,13040
11814,13026
11811,12877
11845,12900
11878,13106
11901,13065
11922,12964
11965,12940
11975,13137
12007,13167
12026,13131
12057,13065
12095,13234
12107,13249
12132,13215
12156,13131
12176,13330
12213,13405
12249,13239
12249,13196
12271,13313
12288,13489
12303,13288
12329,13249
12350,13341
12350,13531
12378,13466
12409,13351
12429,13369
12435,13571
12476,13480
12462,13341
12496,13388
12506,13600
12525,13603
12534,13396
12568,13439
12589,13681
12596,13631
12605,13453
12622,13470
12645,13733
12662,13662
12676,13483
12708,13512
12730,13657
12749,13727
12749,13601
12793,13517
12809,13759
12832,13828
12836,13686
12844,13637
12884,13822
12903,13859
12920,13725
12950,13603
12975,13869
12995,13949
13007,13748
13029,13740
13066,13913
13099,14050
13102,13884
13106,13766
13156,13950
13156,14037
13214,14064
13219,13857
13224,14000
13294,14143
13290,14095
13343,13901
13351,13995
13391,14205
13407,14052
13445,13993
13446,14040
13492,14298
13509,14291
13520,14087
13542,14108
13588,14338
13600,14357
13628,14148
13667,14259
13685,14400
13710,14400
13753,14205
13759,14306
13787,14485
13823,14421
13832,14284
13877,14411
13910,14555
13935,14584
13937,14380
13968,14373
13994,14586
14024,14604
14047,14464
14080,14466
14098,14624
14116,14703
14132,14576
14164,14522
14170,14686
14196,14793
14212,14604
14243,14587
14288,14740
14282,14830
14309,14661
14349,14620
14343,14807
14395,14869
14399,14659
14429,14643
14413,14955
14462,14851
14461,14742
14469,14705
14508,14806
14494,14964
14549,14769
14551,14779
14569,14959
14565,14967
14615,14931
14631,14831
14623,15023
14621,15088
14664,14901
14676,14838
14697,15036
14691,15115
14741,14952
14751,14876
14766,15053
14791,15163
14800,15084
14797,14945
14843,15112
14853,15198
14867,15093
14884,14980
14884,15182
14918,15238
14944,15080
14956,15062
14980,15251
15010,15336
15028,15202
15039,15262
15070,15302
15071,15259
15106,15260
15140,15327
15141,15374
15179,15339
15215,15345
15239,15409
15247,15443
15273,15415
15309,15427
15323,15472
15335,15549
15365,15495
15387,15511
15427,15566
15449,15622
15494,15589
15495,15596
15527,15668
15531,15696
15577,15691
15597,15675
15641,15753
15649,15811
15663,15786
15735,15763
15703,15829
15730,15901
15789,15893
15817,15858
15817,15947
15844,16010
15868,15986
15904,15938
15918,16026
15933,16106
15974,16093
15988,16048
16027,16134
16035,16206
16081,16182
16098,16169
16095,16237
16133,16281
16141,16286
16203,16271
16221,16346
16241,20
16260,16372
16288,16365
16310,46
16300,98
16328,79
16360,66
16374,131
0,202
32,176
61,144
79,235
88,306
132,259
132,250
158,321
155,365
182,326
201,317
213,374
218,439
253,427
260,411
272,447
285,504
312,473
341,444
344,525
379,588
396,548
408,536
439,637
453,693
483,646
495,643
513,768
529,783
541,737
574,741
571,876
590,890
636,841
648,831
655,955
664,1005
739,972
751,987
761,1112
797,1156
841,1098
833,1119
864,1258
897,1282
940,1219
966,1273
980,1368
1004,1437
1044,1366
1059,1415
1081,1548
1101,1609
1157,1535
1183,1573
1193,1706
1232,1764
1272,1700
1288,1735
1326,1910
1352,1906
1402,1877
1413,1923
1431,2077
1471,2085
1510,2016
1509,2084
1562,2244
1612,2262
1628,2200
1651,2290
1681,2433
1707,2451
1733,2351
1768,2489
1798,2600
1827,2564
1876,2512
1902,2634
1896,2736
1984,2724
1982,2672
2012,2790
2048,2951
2069,2876
2097,2835
2105,2940
2142,3052
2170,3008
2215,2979
2219,3083
2227,3204
2279,3125
2282,3080
2322,3209
2348,3283
2366,3232
2383,3212
2405,3285
2453,3393
2469,3321
2490,3277
2488,3447
2525,3517
2551,3415
2556,3390
2577,3508
2591,3576
2634,3483
2642,3481
2623,3602
2669,3651
2693,3584
2663,3557
2717,3703
2755,3750
2786,3654
2789,3655
2817,3785
2863,3831
2850,3761
2888,3750
2896,3882
2943,3897
2934,3834
2960,3824
2983,3979
3016,4013
3044,3917
3060,3948
3088,4092
3133,4076
3158,4038
3167,4037
3195,4171
3229,4162
3264,4122
3270,4155
3292,4275
3359,4319
3369,4223
3389,4269
3415,4382
3461,4427
3482,4326
3514,4424
3533,4500
3580,4508
3591,4425
3615,4495
3640,4610
3692,4604
3680,4526
3722,4584
3761,4739
3811,4692
3837,4630
3853,4731
3885,4807
3929,4803
3955,4738
3945,4805
3986,4912
4023,4894
4043,4844
4069,4911
4095,5022
4125,4983
4149,4916
4176,5006
4189,5080
4237,5061
4257,5020
4259,5083
4292,5151
4321,5130
4357,5083
4362,5173
4417,5251
4441,5219
4453,5177
4490,5229
4520,5322
4529,5290
4548,5244
4554,5292
4596,5388
4616,5344
4620,5296
4652,5352
4680,5456
4700,5394
4714,5329
4737,5405
4762,5492
4774,5445
4785,5377
4798,5475
4813,5552
4843,5502
4850,5452
4868,5496
4880,5584
4898,5554
4932,5484
4941,5529
4969,5634
4962,5588
4984,5529
4996,5585
5026,5665
5046,5621
5052,5566
5092,5648
5124,5732
5152,5696
5144,5620
5176,5700
5182,5775
5184,5741
5210,5680
5246,5742
5260,5832
5288,5820
5301,5749
5330,5813
5360,5893
5376,5862
5407,5787
5434,5854
5442,5945
5464,5939
5494,5873
5510,5912
5534,6014
5574,6005
5572,5929
5591,5988
5644,6079
5656,6075
5704,6010
5713,6062
5755,6157
5788,6146
5793,6090
5832,6137
5850,6215
5881,6223
5902,6156
5924,6206
5953,6283
5984,6276
5992,6234
6023,6272
6052,6353
6077,6380
6111,6331
6136,6346
6144,6445
6183,6443
6207,6378
6217,6409
6267,6502
6280,6510
6312,6458
6340,6498
6332,6559
6361,6583
6394,6541
6439,6533
6464,6624
6468,6638
6497,6613
6512,6602
6558,6676
6564,6710
6592,6678
6606,6673
6637,6755
6649,6779
6670,6734
6704,6733
6709,6783
6733,6843
6732,6808
6764,6784
6775,6828
6793,6889
6815,6853
6834,6824
6833,6877
6860,6926
6889,6902
6914,6884
6935,6936
6928,6970
6946,6950
6966,6926
6992,6958
7008,7006
7022,7000
7037,6971
7040,7013
7057,7069
7069,7037
7087,7000
7117,7050
7138,7113
7136,7100
7192,7072
7216,7105
7226,7178
7240,7180
7241,7126
7264,7155
7279,7245
7307,7230
7341,7211
7359,7251
7381,7314
7398,7329
7420,7290
7462,7302
7459,7366
7484,7406
7520,7399
7549,7374
7557,7449
7599,7522
7603,7493
7645,7481
7672,7539
7701,7600
7698,7580
7758,7586
7769,7631
7775,7693
7815,7698
7850,7674
7881,7691
7875,7800
7904,7792
7930,7751
7968,7812
7998,7863
8007,7885
8056,7892
8091,7913
8098,7953
8120,8000
8148,7988
8192,7997
8219,8074
8214,8146
8257,8118
8295,8111
8324,8153
8326,8236
8356,8240
8372,8210
8382,8238
8420,8363
8443,8327
8489,8296
8499,8379
8526,8446
8536,8444
8584,8427
8597,8455
8610,8548
8650,8575
8681,8557
8698,8556
8710,8626
8710,8677
8768,8650
8784,8639
8789,8723
8813,8770
8820,8766
8840,8740
8855,8786
8890,8884
8894,8882
8921,8803
8968,8865
8953,8965
8996,8965
9014,8916
9014,8948
9028,9034
9057,9031
9071,8975
9094,9033
9111,9099
9120,9141
9152,9088
9162,9138
9179,9201
9197,9254
9219,9219
9257,9193
9241,9260
9270,9360
9314,9323
9342,9296
9350,9380
9383,9505
9417,9461
9447,9424
9429,9495
9478,9578
9494,9596
9520,9538
9545,9606
9541,9730
9592,9759
9642,9704
9645,9710
9671,9874
9713,9918
9757,9886
9747,9907
9771,9966
9804,10084
9860,10065
9874,10034
9926,10150
9945,10241
9966,10252
10009,10219
10017,10302
10066,10428
10102,10444
10121,10384
10152,10444
10163,10575
10217,10639
10247,10567
10260,10622
10264,10585
10339,10680
10373,10933
10386,10880
10418,10791
10456,10861
10510,11056
10546,11018
10531,10890
10585,11055
10625,11199
10669,11261
10647,11089
10698,11147
10732,11328
10751,11404
10769,11215
10817,11282
10848,11400
10863,11607
10891,11411
10919,11405
10953,11564
10981,11743
11010,11621
11021,11523
11031,11657
11103,11785
11096,11718
11110,11637
11163,11755
11181,11896
11179,11898
11198,11698
11220,11769
11259,11951
11260,11977
11268,11823
11293,11853
11335,12091
11349,12116
11342,11963
11382,11909
11427,12070
11432,12220
11429,11976
11445,11985
11475,12219
11529,12228
11542,12061
11532,12104
11549,12254
11589,12344
11583,12199
11581,12131
11656,12237
11656,12409
11676,12420
11712,12267
11731,12281
11757,12503
11771,12437
11804,12294
11800,12355
11847,12593
11858,12514
11880,12416
11911,12389
11922,12593
11959,12702
11965,12459
12014,12464
12042,12707
12069,12850
12088,12653
12097,12611
12157,12803
12171,12874
12169,12733
12225,12643
12236,12794
12266,12989
12288,12894
12313,12800
12357,12999
12391,13058
12397,13003
12409,12869
12451,12870
12488,13126
12522,13159
12521,12967
12546,13016
12587,13235
12605,13250
12642,13060
12684,13095
12682,13328
12726,13369
12756,13241
12785,13237
12809,13391
12809,13444
12849,13276
12876,13284
12920,13356
12962,13494
12951,13343
12962,13344
13007,13512
13018,13630
13055,13497
13059,13373
13113,13502
13116,13665
13139,13487
13162,13509
13192,13602
13220,13749
13256,13654
13252,13512
13278,13690
13305,13796
13334,13720
13347,13543
13357,13733
13371,13850
13391,13797
13387,13634
13440,13723
13450,13889
13449,13931
13468,13618
13496,13743
13526,13975
13542,13910
13544,13768
13572,13840
13590,14002
13612,13972
13620,13793
13619,13814
13664,13989
13658,14008
13677,13848
13701,13871
13717,14090
13737,14077
13743,13913
13773,13845
13793,14113
13809,14072
13830,13945
13821,13982
13854,14104
13876,14203
13898,14018
13916,14006
13924,14162
13962,14204
13972,14042
14001,14012
14022,14265
14049,14286
14053,14080
14100,14115
14094,14323
14143,14306
14165,14165
14190,14119
14206,14376
14239,14445
14255,14278
14269,14285
14285,14432
14324,14483
14338,14344
14393,14310
14403,14534
14409,14559
14451,14408
14461,14326
14489,14572
14513,14673
14552,14526
14571,14477
14603,14573
14616,14708
14652,14552
14673,14490
14676,14707
14716,14790
14754,14683
14773,14576
14806,14768
14816,14899
14845,14647
14886,14632
14887,14830
14914,14923
14956,14763
14978,14747
15017,14902
15017,15046
15056,14822
15063,14799
15057,14975
15116,15058
15124,14882
15144,14808
15165,15023
15193,15001
15209,15007
15243,15079
15253,15085
15277,15058
15287,15069
15319,15134
15337,15165
15366,15097
15391,15109
15391,15173
15415,15197
15448,15151
15453,15169
15469,15227
15477,15261
15489,15221
15525,15199
15529,15275
15551,15313
15545,15283
15584,15253
15609,15350
15598,15348
15627,15298
15643,15294
15646,15371
15671,15414
15694,15366
15715,15368
15742,15452
15766,15462
15774,15416
15802,15420
15790,15490
15814,15502
15827,15475
15856,15480
15871,15555
15889,15573
15915,15543
15927,15531
15935,15615
15973,15656
15997,15620
16036,15613
16044,15708
16068,15698
16109,15686
16121,15693
16125,15759
16147,15796
16168,15790
16222,15787
16230,15862
16251,15901
16276,15855
16314,15881
16320,15959
16352,15994
16364,15949
9,15968
27,16055
68,16102
79,16058
127,16084
145,16149
177,16209
209,16166
223,16187
251,16268
269,16315
292,16287
354,16291
362,8
392,28
431,16382
454,31
448,114
483,154
504,114
551,141
569,235
600,274
630,232
647,264
670,376
688,354
731,338
756,366
759,451
792,505
823,447
854,518
894,603
903,631
941,559
949,605
961,712
1001,723
1028,694
1051,731
1064,844
1094,815
1116,792
1136,826
1154,910
1176,941
1178,887
1230,906
1225,1024
1257,1003
1281,974
1284,1026
1306,1126
1334,1127
1372,1048
1365,1110
1364,1217
1405,1170
1425,1140
1435,1233
1461,1289
1510,1277
1526,1272
1536,1336
1544,1407
1580,1404
1583,1324
1605,1437
1626,1517
1653,1499
1676,1472
1675,1593
1709,1648
1752,1607
1756,1602
1765,1691
1812,1775
1842,1708
1874,1697
1853,1845
1920,1899
1964,1865
1956,1869
1971,1987
2028,2070
2080,1992
2090,2034
2090,2171
2125,2047
2166,2348
2198,2351
2197,2168
2261,2231
2277,2515
2300,2472
2325,2401
2385,2403
2412,2652
2432,2564
2434,2470
2492,2554
2534,2788
2546,2716
2576,2640
2618,2815
2655,2999
2671,2916
2699,2785
2727,2989
2767,3115
2805,3043
2815,2966
2854,3094
2892,3306
2921,3125
2943,3127
3000,3284
3030,3433
3047,3259
3071,3267
3100,3503
3143,3567
3167,3503
3191,3392
3231,3621
3240,3682
3257,3615
3284,3510
3311,3768
3334,3799
3346,3618
3376,3612
3404,3874
3433,3951
3451,3786
3469,3743
3503,3951
3537,4025
3551,3950
3569,3877
3616,4021
3614,4109
3614,3974
3644,3964
3658,4154
3670,4175
3688,3998
3729,3986
3756,4233
3740,4168
3774,4052
3782,4129
3825,4292
3827,4331
3853,4021
3875,4117
3901,4346
3912,4369
3947,4179
3941,4276
3985,4452
3990,4473
4009,4247
4036,4281
4054,4498
4066,4478
4096,4347
4096,4418
4138,4612
4152,4496
4166,4416
4174,4489
4220,4674
4236,4630
4266,4480
4308,4558
4314,4810
4335,4753
4359,4563
4406,4723
4421,4804
4433,4859
4464,4605
4500,4746
4517,4919
4552,4874
4549,4745
4595,4861
4611,5038
4643,5012
4678,4852
4692,5028
4733,5139
4749,5064
4768,4925
4806,5034
4832,5197
4858,5172
4876,5020
4917,5135
4930,5336
4959,5261
4996,5075
5014,5206
5033,5396
5057,5332
5094,5171
5120,5250
5132,5454
5183,5456
5194,5269
5228,5275
5235,5492
5254,5493
5294,5363
5301,5471
5318,5641
5368,5601
5369,5408
5410,5525
5421,5683
5445,5636
5481,5482
5487,5548
5501,5718
5549,5706
5550,5501
5553,5615
5596,5815
5609,5749
5626,5578
5656,5628
5676,5789
5678,5722
5715,5634
5722,5736
5746,5883
5754,5835
5779,5700
5801,5732
5822,5919
5825,5845
5832,5703
5881,5792
5876,5976
5894,5903
5910,5770
5926,5800
5927,6023
5942,6004
5975,5826
5997,5855
6012,6048
6024,5985
6046,5923
6048,5851
6084,6094
6093,6100
6103,5888
6135,5925
6156,6162
6178,6133
6205,5929
6219,5961
6239,6177
6236,6179
6270,5957
6296,6082
6301,6239
6335,6261
6355,6103
6400,6139
6405,6249
6429,6288
6452,6137
6464,6100
6484,6356
6511,6350
6534,6207
6558,6181
6584,6383
6598,6452
6634,6334
6662,6262
6672,6471
6693,6534
6743,6345
6750,6291
6763,6493
6821,6600
6823,6483
6843,6402
6864,6599
6909,6695
6934,6500
6957,6477
6991,6641
7000,6787
7040,6624
7058,6539
7080,6693
7133,6816
7150,6702
7152,6644
7192,6754
7205,6914
7219,6833
7259,6695
7277,6896
7317,6975
7317,6853
7331,6750
7364,6985
7393,7062
7416,6988
7455,6842
7474,6937
7498,7092
7530,7064
7513,7006
7554,7089
7573,7085
7590,7029
7619,7080
7637,7157
7666,7125
7658,7098
7680,7116
7708,7185
7708,7177
7750,7133
7748,7168
7797,7229
7793,7229
7812,7190
7835,7218
7840,7292
7869,7292
7888,7259
7907,7244
7914,7348
7916,7348
7951,7328
7968,7312
8004,7390
7990,7401
7999,7361
8045,7349
8061,7433
8076,7460
8092,7450
8144,7429
8119,7501
8140,7540
8179,7521
8200,7504
8222,7534
8242,7609
8241,7583
8270,7563
8290,7617
8311,7652
8333,7672
8341,7641
8398,7668
8396,7768
8414,7786
8463,7740
8477,7752
8490,7831
8511,7871
8541,7839
8582,7844
8608,7937
8630,7989
8657,7948
8689,7969
8721,8040
8729,8069
8757,8059
8805,8023
8798,8131
8838,8188
8855,8196
8907,8158
8919,8216
8945,8308
8989,8299
9016,8300
9032,8322
9060,8431
9100,8442
9134,8397
9166,8461
9179,8538
9210,8559
9237,8545
9269,8560
9274,8644
9312,8743
9341,8689
9377,8691
9371,8785
9395,8816
9445,8821
9477,8804
9488,8874
9498,8966
9542,8980
9590,8896
9607,8987
9637,9094
9659,9113
9696,9074
9712,9100
9725,9213
9758,9240
9801,9158
9797,9215
9821,9337
9825,9345
9880,9335
9876,9310
9914,9419
9936,9458
9983,9434
9985,9413
9987,9545
10011,9591
10056,9547
10082,9504
10094,9569
10083,9692
10123,9665
10159,9601
10150,9679
10182,9788
10198,9768
10216,9728
10225,9741
10245,9859
10275,9888
10307,9817
10314,9853
10326,9962
10350,10001
10384,9947
10409,9932
10422,10056
10439,10128
10479,10063
10531,10077
10499,10181
10532,10252
10575,10233
10607,10188
10599,10293
10617,10387
10656,10366
10695,10335
10716,10390
10743,10552
10750,10573
10800,10485
10816,10492
10837,10489
10861,10595
10932,10792
10950,10857
10960,10618
11004,10751
11032,10953
11041,10914
11079,10772
11121,10926
11152,11088
11169,11086
11199,10989
11221,11016
11267,11320
11303,11347
11335,11201
11352,11236
11394,11428
11452,11495
11458,11352
11481,11378
11523,11554
11545,11655
11585,11587
11581,11549
11648,11724
11686,11793
11704,11729
11727,11623
11754,11783
11781,11964
11790,11868
11820,11796
11863,11859
11894,12098
11926,12014
11921,11935
11981,12021
12014,12161
12038,12212
12046,12071
12082,12132
12099,12247
12142,12323
12137,12159
12153,12161
12188,12366
12228,12446
12238,12244
12266,12243
12269,12288
12278,12529
12287,12278
12314,12300
12353,12497
12372,12607
12372,12468
12399,12385
12424,12469
12440,12624
12454,12549
12483,12447
12497,12579
12541,12719
12510,12689
12561,12497
12576,12598
12589,12807
12598,12758
12620,12553
12627,12687
12669,12837
12690,12856
12697,12668
12708,12661
12753,12840
12766,12926
12780,12721
12809,12705
12818,12998
12843,13037
12856,12850
12880,12806
12912,13011
12936,13088
12950,12849
12987,12874
12987,12941
13029,13156
13027,13069
13061,12996
13095,13136
13106,13282
13141,13174
13150,13025
13191,13176
13236,13389
13228,13215
13273,13139
13298,13341
13316,13350
13347,13409
13368,13191
13417,13285
13419,13514
13444,13500
13463,13301
13514,13350
13530,13583
13550,13564
13579,13486
13578,13422
13616,13615
13646,13607
13657,13508
13713,13522
13729,13692
13745,13642
13767,13521
13777,13608
13831,13767
13854,13837
13895,13630
13904,13777
13925,13816
13934,13856
13964,13722
14002,13728
14038,13934
14046,13940
14054,13812
14081,13802
14084,14002
14112,14037
14157,13860
14183,13805
14197,13991
14209,14123
14229,13941
14233,13872
14278,14130
14269,14133
14325,14059
14337,14005
14345,14111
14371,14214
14371,14085
14407,13945
14407,14216
14428,14253
14454,14092
14482,14046
14466,14228
14496,14260
14510,14156
14549,14069
14538,14281
14590,14274
14572,14227
14614,14159
14607,14261
14628,14400
14659,14222
14666,14190
14680,14336
14700,14455
14708,14262
14736,14212
14746,14366
14786,14452
14782,14324
14798,14280
14844,14430
14862,14508
14867,14401
14877,14314
14908,14484
14924,14565
14954,14381
14970,14375
14994,14542
15012,14647
15048,14448
15080,14412
15074,14490
15102,14700
15112,14504
15138,14458
15202,14504
15196,14752
15194,14582
15232,14526
15274,14683
15290,14754
15308,14642
15332,14616
15354,14765
15391,14898
15430,14712
15452,14646
15464,14772
15484,14937
15518,14825
15542,14764
15582,14835
15591,15011
15614,14945
15654,14811
15680,14958
15684,15179
15723,15016
15758,14900
15762,15136
15788,15204
15823,15136
15862,14991
15879,14990
15904,15296
15926,15085
15969,15095
15979,15170
16004,15371
16043,15189
16049,15297
16075,15315
16117,15290
16115,15281
16145,15353
16171,15385
16187,15344
16247,15365
16228,15426
16252,15458
16290,15411
16312,15425
16330,15498
16341,15520
16356,15484
16380,15502
21,15557
37,15570
40,15537
73,15538
56,15606
72,15639
121,15597
147,15597
153,15661
155,15692
181,15665
187,15634
219,15729
235,15750
283,15713
301,15702
296,15774
324,15813
328,15755
345,15762
376,15837
375,15882
416,15828
449,15824
440,15920
461,15929
479,15892
509,15935
523,15994
525,16000
559,15972
618,16014
601,16031
634,16102
680,16062
704,16071
714,16130
736,16145
776,16143
785,16182
809,16241
829,16267
853,16234
889,16264
901,16359
915,16373
984,16341
1000,16377
1020,86
1050,73
1082,66
1110,125
1134,202
1160,209
1217,184
1237,225
1258,326
1289,320
1329,291
1342,336
1357,480
1396,468
1432,423
1452,474
1464,594
1496,604
1541,549
1559,643
1581,735
1613,723
1673,689
1664,754
1685,863
1764,845
1783,832
1784,890
1820,1000
1852,1016
1899,977
1883,1063
1929,1149
1949,1141
1981,1111
1988,1170
2008,1272
2085,1253
2075,1248
2090,1298
2139,1414
2155,1330
2188,1377
2199,1453
2223,1526
2278,1516
2277,1482
2284,1542
2314,1640
2354,1590
2367,1565
2373,1702
2393,1765
2417,1685
2456,1671
2440,1789
2474,1878
2514,1785
2517,1797
2520,1922
2564,1953
2610,1870
2613,1894
2630,2013
2633,2064
2647,1999
2667,1986
2691,2099
2727,2176
2764,2088
2770,2103
2782,2247
2835,2275
2825,2219
2861,2234
2857,2357
2909,2373
2927,2320
2940,2346
2957,2475
2994,2528
3028,2442
3057,2490
3068,2627
3104,2653
3136,2592
3149,2626
3179,2755
3224,2781
3223,2685
3236,2787
3263,2921
3283,2949
3342,2842
3370,2952
3384,3081
3420,3098
3444,3016
3470,3107
3512,3246
3558,3236
3570,3187
3610,3263
3638,3377
3670,3383
3677,3311
3719,3440
3759,3567
3801,3536
3807,3458
3821,3581
3876,3691
3897,3644
3923,3567
3961,3697
3979,3849
4015,3802
4029,3766
4050,3876
4102,3988
4122,3898
4145,3889
4152,3964
4216,4091
4253,4013
4252,4000
4268,4084
4304,4198
4316,4158
4344,4115
4352,4195
4400,4302
4412,4238
4440,4188
4446,4295
4476,4394
4524,4330
4533,4275
4541,4387
4587,4463
4602,4415
4633,4355
4617,4470
4661,4537
4673,4454
4688,4413
4715,4533
4744,4613
4755,4548
4767,4489
4776,4572
4799,4679
4813,4597
4833,4561
4841,4665
4875,4735
4880,4667
4901,4619
4905,4734
4954,4788
4952,4729
4969,4663
4986,4775
5020,4875
5030,4773
5035,4727
5059,4840
5089,4902
5108,4853
5117,4803
5123,4904
5173,5009
5167,4927
5193,4899
5237,4979
5263,5048
5261,5000
5296,4937
5309,5048
5320,5134
5370,5079
5377,5031
5397,5128
5439,5198
5442,5150
5461,5099
5489,5195
5522,5264
5544,5235
5576,5189
5601,5278
5605,5372
5668,5303
5681,5269
5686,5344
5743,5454
5733,5394
5787,5337
5797,5428
5809,5502
5856,5473
5878,5419
5887,5510
5938,5584
5957,5543
5979,5513
5965,5571
6005,5643
6051,5625
6053,5575
6111,5627
6115,5741
6137,5706
6158,5655
6183,5706
6227,5823
6229,5771
6253,5705
6271,5781
6295,5877
6327,5823
6355,5777
6370,5859
6392,5936
6397,5901
6439,5851
6442,5889
6458,5998
6505,5962
6528,5900
6550,5955
6562,6037
6598,6031
6596,5948
6614,6008
6649,6069
6647,6064
6683,6014
6707,6051
6717,6129
6728,6124
6761,6055
6763,6105
6787,6166
6777,6161
6793,6072
6825,6132
6845,6212
6853,6206
6875,6141
6903,6174
6909,6231
6916,6261
6918,6184
6954,6220
7004,6299
6976,6291
7000,6248
7030,6262
7030,6322
7063,6350
7112,6286
7109,6293
7121,6371
7147,6403
7161,6345
7189,6339
7189,6411
7205,6441
7221,6390
7258,6419
7293,6471
7290,6508
7308,6466
7358,6468
7373,6508
7404,6571
7409,6555
7447,6526
7473,6580
7493,6637
7534,6626
7540,6609
7588,6634
7582,6712
7605,6700
7644,6672
7671,6721
7694,6791
7705,6767
7735,6739
7767,6772
7776,6861
7818,6861
7852,6819
7894,6844
7910,6943
7923,6947
7972,6909
7996,6928
7998,6995
8045,7027
8073,6970
8103,6999
8129,7093
8128,7141
8172,7078
8196,7080
8228,7147
8219,7189
8255,7184
8300,7167
8329,7231
8345,7289
8381,7283
8435,7269
8435,7308
8452,7345
8470,7338
8485,7342
8534,7370
8545,7410
8545,7447
8599,7415
8621,7425
8632,7504
8647,7515
8682,7475
8732,7486
8717,7563
8739,7594
8749,7543
8802,7533
8785,7610
8806,7650
8840,7627
8901,7627
8910,7692
8899,7715
8909,7693
8961,7659
8975,7733
8980,7777
8992,7758
9018,7729
9030,7766
9036,7837
9063,7835
9091,7825
9113,7843
9111,7883
9136,7904
9180,7889
9198,7888
9220,7970
9230,7989
9260,7957
9295,8002
9303,8054
9321,8085
9350,8040
9366,8066
9366,8126
9406,8182
9455,8163
9477,8157
9481,8190
9499,8295
9558,8251
9583,8231
9594,8299
9616,8376
9671,8376
9707,8341
9723,8400
9734,8500
9760,8537
9816,8478
9820,8519
9836,8657
9877,8660
9915,8629
9957,8647
9975,8742
10020,8791
10040,8778
10076,8776
10090,8886
10105,8951
10143,8925
10189,8918
10200,8984
10240,9083
10274,9106
10322,9058
10324,9135
10351,9255
10395,9267
10421,9212
10447,9257
10466,9400
10514,9414
10564,9343
10554,9408
10565,9517
10625,9579
10653,9538
10665,9537
10707,9652
10742,9730
10769,9700
10804,9672
10810,9781
10853,9875
10873,9836
10886,9789
10890,9903
10934,9998
10964,9979
10986,9967
10970,9960
11026,10121
11059,10146
11087,10039
11096,10096
11092,10222
11145,10282
11163,10197
11162,10230
11203,10341
11238,10383
11263,10335
11271,10294
11278,10410
11309,10498
11328,10404
11338,10391
11367,10502
11381,10621
11397,10545
11420,10580
11420,10519
11460,10503
11485,10737
11510,10823
11515,10612
11539,10610
11569,10816
11604,10894
11594,10749
11630,10684
11657,10866
11670,11058
11689,10951
11713,10869
11734,11067
11775,11152
11778,11040
11808,10923
11809,11046
11839,11287
11879,11274
11905,11100
11940,11180
11969,11401
11988,11496
12008,11233
12041,11265
12070,11496
12079,11567
12108,11432
12158,11450
12180,11705
12206,11714
12243,11637
12245,11541
12287,11806
12299,11876
12337,11789
12350,11708
12398,11813
12418,12065
12437,11953
12453,11871
12521,11959
12555,12151
12549,12114
12579,11964
12618,12000
12648,12230
12658,12244
12670,12165
12725,12221
12765,12389
12779,12379
12799,12280
12820,12307
12876,12493
12894,12478
12893,12343
12925,12353
12951,12595
12962,12712
12997,12481
13042,12512
13072,12651
13069,12719
13108,12608
13117,12565
13152,12640
13155,12857
13189,12695
13194,12639
13243,12815
13237,12926
13273,12774
13268,12752
13312,12804
13329,13042
13333,12852
13353,12780
13393,12950
13405,13041
13405,12945
13413,12850
13452,12933
13479,13076
13490,13022
13485,12895
13514,12987
13520,13175
13554,13150
13567,12977
13577,13083
13600,13224
13631,13167
13649,13044
13675,13027
13673,13233
13688,13249
13690,13062
13712,13140
13754,13311
13765,13335
13781,13144
13829,13147
13809,13324
13833,13374
13845,13275
13885,13215
13895,13355
13930,13496
13954,13337
13948,13282
13975,13456
14006,13558
14008,13530
14030,13381
14061,13473
14083,13653
14131,13464
14147,13444
14143,13637
14175,13727
14208,13555
14214,13494
14252,13572
14252,13750
14284,13696
14305,13539
14346,13700
14376,13858
14389,13826
14421,13632
14456,13740
14467,13944
14491,13847
14525,13727
14545,13802
14567,14016
14597,13976
14603,13796
14621,13801
14649,14107
14677,13975
14727,13880
14729,14020
14760,14170
14778,14051
14811,13953
14813,14023
14849,14213
14878,14172
14900,13942
14910,14050
14942,14268
14966,14205
14993,14023
15006,14114
15011,14328
15031,14211
15058,14115
15112,14168
15105,14387
15128,14333
15166,14183
15168,14200
15192,14462
15226,14486
15239,14214
15248,14307
15264,14499
15284,14475
15326,14299
15311,14366
15336,14528
15352,14445
15387,14315
15390,14369
15385,14610
15430,14550
15438,14402
15462,14432
15465,14532
15488,14566
15513,14438
15521,14419
15524,14663
15567,14653
15572,14522
15602,14464
15610,14706
15647,14688
15651,14520
15674,14532
15673,14736
15699,14709
15728,14580
15734,14547
15751,14789
15765,14779
15814,14606
15814,14652
15814,14798
15864,14868
15876,14608
15893,14683
15918,14881
15926,14871
15981,14667
15957,14761
15994,14971
16026,14996
16063,14789
16063,14808
16086,15052
16120,15002
16148,14878
16161,14933
16197,15095
16228,14950
16245,14871
16263,14957
16285,15169
16331,15257
16347,14974
16369,15081
21,15287
69,15125
69,15093
96,15101
128,15338
149,15293
172,15188
190,15221
236,15436
264,15407
286,15339
305,15423
349,15405
388,15366
408,15439
410,15485
471,15474
493,15470
527,15520
522,15561
558,15593
619,15552
627,15600
625,15684
651,15631
709,15629
710,15704
731,15722
766,15728
812,15738
828,15771
834,15832
861,15791
901,15801
905,15861
941,15921
975,15867
995,15871
1006,15951
1024,15996
1042,15956
1078,15944
1088,16002
1102,16050
1116,16024
1157,16007
1171,16076
1188,16124
1217,16108
1237,16057
1247,16140
1238,16204
1304,16143
1323,16124
1312,16201
1341,16241
1376,16205
1395,16214
1397,16302
1428,16331
1449,16296
1447,16287
1454,16353
1485,26
1526,16367
1534,16359
1540,49
1558,87
1608,53
1651,60
1645,129
1683,185
1704,140
1738,174
1745,231
1783,252
1812,223
1830,269
1820,332
1872,354
1892,329
1918,365
1927,457
1971,492
2035,425
2010,481
2038,583
2093,588
2140,578
2146,631
2154,714
2208,730
2268,715
2279,755
2271,911
2321,880
2391,860
2359,900
2403,1035
2462,1042
2467,1014
2500,1083
2516,1186
2556,1207
2594,1156
2605,1226
2628,1342
2672,1338
2731,1289
2727,1365
2766,1508
2795,1522
2838,1458
2844,1538
2895,1662
2932,1642
2942,1616
2955,1685
2994,1808
3045,1797
3059,1758
3055,1851
3081,1957
3126,1938
3130,1906
3164,2002
3191,2108
3232,2048
3252,2032
3268,2142
3308,2221
3324,2169
3335,2163
3363,2269
3384,2384
3430,2309
3439,2279
3444,2413
3484,2361
3506,2598
3512,2534
3518,2391
3558,2425
3568,2681
3597,2619
3595,2430
3641,2503
3642,2746
3688,2730
3693,2538
3737,2773
3748,2854
3770,2820
3766,2686
3808,2864
3830,2992
3838,2903
3838,2780
3869,2983
3897,3125
3898,2968
3927,2931
3953,3076
3967,3130
3996,3088
3989,2967
4039,3111
4045,3312
4078,3204
4104,3112
4137,3292
4156,3433
4148,3316
4171,3240
4204,3364
4238,3566
4258,3454
4262,3333
4313,3569
4324,3660
4368,3561
4380,3482
4422,3601
4442,3804
4455,3692
4490,3582
4529,3803
4568,3945
4580,3839
4597,3703
4645,3947
4667,4027
4683,3845
4707,3871
4734,4023
4763,4199
4785,4002
4833,4041
4843,4191
4872,4314
4873,4226
4927,4139
4958,4365
4982,4454
5000,4264
5038,4189
5046,4451
5086,4542
5120,4390
5136,4287
5176,4576
5200,4582
5222,4493
5244,4464
5256,4613
5281,4719
5301,4579
5324,4519
5353,4704
5378,4826
5394,4665
5398,4640
5450,4773
5462,4901
5491,4688
5511,4707
5528,4850
5552,4971
5568,4859
5593,4797
5593,5014
5634,5025
5639,4899
5661,4825
5676,5025
5697,5088
5716,4984
5712,4871
5742,5094
5754,5158
5783,5002
5790,4908
5810,5087
5816,5218
5855,4992
5856,4964
5874,5082
5894,5260
5906,5074
5924,5081
5938,5182
5948,5297
5973,5132
5990,5131
6017,5183
6022,5349
6041,5202
6070,5160
6083,5312
6120,5448
6124,5332
6132,5206
6154,5378
6182,5488
6206,5350
6214,5236
6238,5448
6270,5554
6275,5409
6316,5365
6329,5530
6348,5615
6378,5434
6394,5377
6410,5623
6443,5689
6457,5565
6487,5445
6519,5581
6549,5718
6561,5579
6588,5507
6599,5710
6631,5845
6645,5659
6675,5597
6712,5766
6713,5901
6760,5681
6785,5697
6793,5778
6806,5985
6860,5940
6878,5766
6912,5896
6902,6018
6962,5948
6982,5811
7018,6008
7038,6112
7038,6016
7075,5865
7094,5969
7114,6145
7146,6092
7168,5968
7193,6012
7213,6214
7242,6114
7274,5972
7280,6090
7305,6261
7326,6132
7330,6044
7361,6203
7389,6378
7413,6330
7432,6139
7452,6190
7472,6374
7484,6386
7517,6196
7536,6277
7548,6439
7583,6449
7588,6290
7610,6280
7627,6481
7652,6477
7689,6242
7677,6386
7683,6495
7721,6503
7735,6314
7743,6366
7747,6579
7788,6602
7807,6482
7831,6349
7824,6574
7856,6680
7879,6397
7885,6407
7893,6610
7933,6681
7949,6508
7967,6469
7964,6610
7985,6708
8015,6694
8038,6534
8057,6675
8072,6734
8103,6654
8106,6567
8134,6652
8141,6819
8165,6718
8201,6578
8211,6689
8251,6933
8267,6735
8287,6671
8302,6780
8326,6955
8370,6934
8382,6749
8396,6825
8432,7030
8463,7004
8492,6836
8487,6844
8507,6975
8574,6957
8579,6981
8597,7070
8624,7057
8650,7034
8692,7071
8705,7134
8750,7148
8793,7114
8803,7151
8831,7244
8841,7258
8899,7211
8965,7200
8948,7309
8978,7343
9022,7304
9073,7309
9072,7390
9104,7437
9141,7404
9165,7408
9179,7479
9215,7533
9251,7522
9275,7510
9313,7547
9299,7626
9356,7600
9402,7587
9417,7647
9431,7709
9467,7698
9513,7693
9529,7742
9518,7790
9545,7782
9607,7751
9612,7784
9618,7854
9656,7909
9688,7859
9726,7900
9732,7937
9733,7974
9807,7951
9814,7949
9813,8016
9832,8062
9896,8046
9908,8035
9892,8061
9941,8154
9957,8122
10009,8085
9997,8143
10001,8225
10038,8199
10064,8147
10056,8214
10078,8295
10132,8251
10122,8246
10162,8261
10161,8351
10198,8363
10239,8320
10231,8369
10256,8406
10263,8435
10320,8405
10334,8427
10352,8527
10350,8534
10397,8507
10425,8491
10421,8591
10432,8623
10469,8581
10491,8602
10504,8678
10542,8749
10595,8733
10607,8714
10622,8780
10626,8825
10674,8822
10705,8828
10712,8876
10736,8934
10793,8985
10820,8954
10831,9019
10865,9098
10891,9136
10928,9079
10954,9143
10962,9261
11020,9297
11048,9234
11070,9287
11103,9409
11149,9468
11169,9439
11212,9449
11219,9575
11274,9628
11300,9589
11304,9616
11338,9704
11373,9799
11413,9783
11422,9728
11454,9838
11483,9933
11528,9954
11564,9903
11573,9961
11593,10113
11625,10121
11677,10063
11684,10129
11696,10292
11750,10310
11770,10243
11775,10275
11807,10381
11853,10387
11868,10629
11899,10544
11910,10382
11961,10439
11963,10687
11977,10733
12002,10505
12014,10627
12064,10805
12084,10804
12096,10620
12127,10659
12148,10937
12163,11002
12179,10774
12201,10863
12241,10984
12262,11047
12262,10902
12282,10913
12311,11035
12329,11201
12329,11132
12350,10996
12378,11057
12394,11310
12403,11241
12425,11115
12450,11186
12471,11384
12477,11333
12498,11212
12532,11206
12559,11486
12576,11468
12573,11344
12613,11315
12638,11530
12652,11608
12660,11400
12692,11413
12716,11638
12734,11728
12729,11591
12768,11594
12784,11717
12805,11817
12825,11697
12858,11662
12888,11806
12913,11954
12927,11862
12961,11752
12967,11917
13010,12011
13034,12027
13046,11911
13079,12016
13093,12145
13133,12120
13129,12057
13172,12060
13204,12256
13228,12347
13246,12174
13271,12180
13297,12357
13331,12466
13367,12335
13364,12222
13422,12472
13435,12625
13478,12366
13493,12419
13528,12490
13567,12675
13581,12589
13609,12451
13623,12700
13675,12835
13675,12644
13704,12610
13736,12864
13756,12907
13784,12851
13806,12746
13829,12778
13844,12987
13889,12941
13905,12845
13930,13006
13943,13030
13977,12965
14009,12891
14034,13033
14043,13156
14050,13174
14086,12991
14092,13134
14145,13273
14162,13282
14172,13068
14188,13104
14205,13346
14233,13344
14226,13087
14265,13120
14269,13427
14325,13314
14341,13186
14331,13282
14364,13431
14377,13398
14377,13257
14397,13325
14411,13507
14441,13504
14466,13253
14469,13342
14502,13476
14524,13544
14526,13396
14554,13453
14538,13576
14579,13647
14588,13398
14624,13411
14626,13590
14632,13697
14682,13466
14672,13431
14711,13699
14726,13717
14743,13517
14757,13524
14795,13704
14797,13726
14811,13586
14833,13517
14833,13812
14863,13797
14883,13697
14905,13644
14933,13746
14948,13896
14993,13721
14995,13757
15007,13861
15031,13915
15069,13772
15097,13771
15115,13968
15132,14037
15160,13838
15179,13840
15204,14044
15237,14080
15272,13959
15294,13881
15295,14051
15328,14160
15358,13973
15382,13973
15393,14125
15431,14219
15477,14091
15475,14026
15475,14199
15513,14307
15537,14156
15591,14086
15611,14369
15633,14405
15676,14172
15673,14171
15721,14398
15733,14452
15759,14304
15779,14204
15797,14476
15827,14486
15861,14271
15863,14341
15883,14551
15913,14583
15961,14497
15960,14360
15991,14516
16009,14623
16055,14437
16063,14413
16075,14628
16112,14590
16136,14533
16138,14467
16158,14705
16190,14757
16208,14593
16222,14498
16234,14756
16279,14757
16280,14571
16307,14618
16317,14803
16356,14856
16369,14639
16383,14691
16383,14833
48,14901
77,14622
67,14713
72,14873
119,14857
127,14741
134,14709
136,14988
192,14853
193,14782
216,14734
226,14982
252,14965
267,14809
281,14857
289,15066
336,15020
358,14912
342,14835
378,15100
418,15120
427,14927
445,14921
473,15181
501,15138
525,14989
547,14961
541,15100
605,15089
623,15132
623,15191
661,15168
683,15147
718,15192
712,15261
758,15227
793,15239
822,15271
825,15336
861,15325
900,15289
922,15356
933,15424
984,15393
1016,15389
1041,15423
1091,15517
1093,15491
1117,15483
1184,15553
1157,15607
1209,15567
1239,15566
1266,15626
1311,15685
1330,15690
1384,15666
1395,15722
1424,15789
1456,15780
1480,15779
1514,15827
1543,15913
1579,15880
1629,15867
1637,15939
1658,15989
1693,15980
1741,15963
1748,16044
1771,16074
1807,16076
1824,16070
1855,16122
1860,16197
1915,16155
1963,16127
1951,16222
1985,16293
2025,16239
2047,16233
2079,16315
2076,16346
2122,16344
2127,16352
2135,28
2164,75
2201,36
2206,32
2221,103
2271,137
2293,109
2305,130
2322,158
2350,215
2385,192
2412,209
2400,268
2428,303
2471,235
2484,282
2496,336
2527,365
2549,340
2564,370
2580,429
2582,456
2625,425
2625,453
2634,505
2658,550
2732,512
2733,520
2739,623
2764,651
2799,587
2822,652
2848,739
2867,747
2885,715
2902,751
2924,835
2976,847
2994,801
2994,834
3022,967
3048,1007
3099,931
3113,973
3130,1082
3169,1116
3195,1069
3219,1097
3243,1246
3277,1278
3312,1224
3320,1268
3366,1385
3389,1419
3426,1368
3447,1435
3470,1558
3505,1539
3553,1507
3533,1641
3571,1747
3635,1745
3648,1716
3676,1810
3684,1894
3734,1934
3766,1858
3771,1993
3818,2038
3873,2092
3885,2048
3905,2125
3945,2255
3967,2244
3974,2184
3994,2302
4030,2410
4072,2352
4086,2351
4094,2444
4135,2552
4176,2541
4180,2507
4203,2627
4230,2704
4237,2647
4271,2617
4275,2741
4345,2819
4358,2765
4362,2760
4390,2736
4414,2754
4430,2998
4446,3078
4442,2880
4484,2880
4519,3139
4525,3121
4538,2948
4567,3059
4597,3275
4615,3287
4649,3050
4655,3148
4675,3361
4677,3317
4691,3169
4725,3277
4756,3463
4751,3395
4755,3270
4787,3323
4812,3516
4834,3525
4863,3358
4878,3428
4891,3585
4914,3616
4914,3403
4938,3506
4976,3720
4978,3678
4998,3535
5002,3590
5039,3809
5054,3732
5093,3655
5119,3785
5123,3953
5135,3867
5167,3681
5189,3864
5201,4024
5218,3935
5275,3862
5273,4027
5301,4147
5317,4025
5325,3932
5381,4119
5405,4255
5413,4181
5439,4045
5490,4264
5505,4345
5522,4289
5552,4179
5568,4324
5620,4483
5625,4471
5649,4260
5679,4514
5701,4584
5717,4521
5753,4385
5786,4514
5811,4722
5838,4588
5856,4462
5892,4654
5904,4829
5952,4659
5968,4610
5998,4847
6026,4942
6040,4838
6074,4694
6106,4800
6119,5001
6148,4916
6171,4790
6188,4925
6200,5082
6232,4976
6266,4896
6278,5000
6290,5177
6331,4995
6337,4967
6364,5064
6362,5239
6406,5105
6406,5019
6446,5170
6462,5289
6492,5166
6520,5106
6499,5238
6536,5387
6556,5281
6584,5146
6604,5210
6610,5425
6648,5278
6676,5194
6678,5330
6670,5488
6697,5338
6728,5236
6726,5444
6741,5478
6776,5407
6789,5297
6801,5378
6829,5573
6839,5465
6857,5373
6867,5473
6888,5646
6895,5630
6921,5420
6945,5465
6969,5667
6981,5639
6999,5487
7010,5568
7045,5686
7037,5687
7064,5504
7094,5611
7098,5769
7114,5786
7162,5552
7174,5630
7182,5872
7192,5799
7244,5562
7250,5748
7271,5906
7300,5897
7339,5693
7337,5745
7359,5963
7369,5941
7409,5755
7415,5765
7449,5999
7470,5973
7532,5829
7539,5873
7558,6130
7594,6078
7638,5945
7643,5927
7657,6104
7717,6122
7735,5976
7765,5959
7774,6105
7815,6250
7843,6128
7859,6053
7877,6303
7904,6310
7923,6206
7956,6096
7977,6269
7998,6395
8024,6224
8042,6144
8078,6257
8119,6433
8139,6367
8157,6227
8187,6391
8181,6517
8244,6350
8277,6277
8256,6318
8284,6609
8321,6428
8336,6354
8344,6469
8383,6618
8397,6572
8441,6464
8459,6569
8463,6715
8505,6655
8494,6468
8538,6537
8546,6756
8583,6707
8618,6591
8616,6565
8637,6714
8650,6757
8695,6535
8695,6664
8712,6812
8732,6792
8788,6654
8792,6787
8766,6783
8831,6754
8843,6765
8863,6838
8875,6847
8895,6795
8918,6796
8961,6881
8952,6910
8971,6871
9012,6870
9018,6911
9030,6953
9053,6907
9088,6891
9087,6962
9109,7013
9124,6975
9176,6960
9180,6998
9213,7054
9220,7036
9253,6999
9272,7084
9277,7127
9338,7114
9365,7115
9412,7136
9387,7197
9438,7214
9482,7181
9502,7188
9507,7277
9525,7270
9555,7243
9621,7278
9613,7357
9631,7367
9684,7347
9713,7362
9726,7438
9755,7479
9800,7443
9860,7445
9874,7529
9881,7577
9933,7551
9999,7547
9989,7622
10025,7660
10036,7645
10092,7662
10112,7718
10139,7774
10189,7771
10217,7773
10239,7794
10256,7866
10284,7892
10326,7884
10347,7903
10366,7988
10431,7985
10459,7986
10513,7985
10511,8097
10520,8113
10574,8094
10618,8084
10611,8179
10650,8220
10678,8223
10711,8191
10719,8253
10751,8335
10780,8315
10804,8290
10828,8345
10828,8422
10863,8408
10914,8374
10923,8421
10909,8499
10985,8515
11010,8485
11022,8516
11019,8595
11054,8584
11077,8561
11106,8578
11101,8666
11133,8709
11170,8683
11188,8680
11195,8735
11221,8800
11245,8767
11247,8761
11265,8825
11299,8885
11324,8870
11356,8826
11362,8900
11375,9004
11410,8959
11460,8953
11464,8988
11457,9082
11454,9094
11512,9042
11516,9034
11547,9175
11562,9198
11589,9167
11605,9145
11606,9272
11660,9320
11692,9242
11718,9255
11739,9358
11755,9437
11811,9443
11803,9376
11842,9505
11852,9606
11876,9585
11892,9546
11899,9649
11959,9749
11980,9728
12021,9709
12038,9778
12050,9910
12105,9956
12135,9869
12139,9924
12181,10050
12212,10117
12253,10092
12274,10071
12288,10227
12327,10262
12357,10241
12391,10225
12411,10380
12416,10450
12466,10445
12482,10421
12495,10515
12534,10642
12573,10625
12588,10587
12609,10669
12632,10790
12667,10819
12705,10757
12733,10775
12741,10962
12779,10994
12802,10900
12816,10931
12846,11081
12875,11122
12899,11087
12905,11226
12935,11063
12948,11171
12978,11366
13017,11340
13006,11218
13041,11270
13075,11407
13085,11423
13103,11277
13129,11321
13154,11572
13174,11585
13184,11461
13209,11424
13236,11601
13259,11695
13267,11598
13259,11516
13295,11645
13335,11803
13336,11672
13362,11588
13380,11753
13404,11874
13419,11765
13429,11689
13453,11864
13471,11973
13487,11985
13509,11794
13521,11833
13547,12088
13565,12054
13584,11872
13603,11883
13621,12184
13635,12089
13657,11948
13674,12022
13678,12212
13695,12225
13738,12082
13741,12115
13769,12276
13773,12333
13809,12164
13842,12152
13850,12380
13890,12488
13884,12364
13912,12201
13942,12422
13963,12572
13979,12445
14019,12329
14029,12525
14063,12689
14072,12539
14115,12457
14126,12634
14168,12712
14182,12690
14208,12565
14209,12736
14235,12908
14285,12871
14295,12706
14329,12902
14349,13031
14385,12922
14409,12781
14437,12897
14462,13110
14510,13023
14528,12863
14551,13000
14566,13208
14586,13118
14628,13007
14651,13102
14669,13270
14697,13246
14729,13125
14745,13129
14773,13380
14787,13404
14819,13200
14839,13237
14853,13351
14887,13532
14921,13261
14950,13320
14936,13505
14962,13540
15001,13366
15015,13387
15014,13601
15054,13600
15070,13414
15086,13408
15118,13631
15130,13637
15150,13426
15160,13513
15184,13715
15196,13710
15238,13554
15252,13520
15275,13751
15295,13809
15301,13575
15324,13624
15348,13817
15369,13856
15376,13662
15400,13648
15402,13826
15423,13861
15449,13671
15459,13633
15481,13904
15499,13889
15501,13765
15533,13675
15537,13873
15566,13996
15578,13872
15607,13783
15625,13937
15662,14038
15675,13884
15676,13890
15703,14035
15693,14060
15733,13886
15749,13899
15757,14060
15789,14062
15821,13959
15828,13893
15832,14167
15869,14195
15899,14032
15933,13983
15923,14201
15989,14224
15999,14034
16039,13984
16044,14251
16077,14291
16097,14195
16139,14171
16127,14313
16171,14367
16193,14175
16229,14187
16237,14377
16285,14429
16317,14277
16342,14235
16355,14397
1,14520
31,14318
42,14318
55,14461
128,14544
137,14516
145,14386
175,14578
223,14723
254,14591
266,14471
284,14595
320,14713
337,14506
371,14577
373,14743
423,14749
455,14579
466,14639
492,14832
554,14879
552,14650
568,14677
600,14819
631,14890
654,14759
690,14740
684,14931
728,14978
772,14782
743,14792
777,14955
802,14988
815,14874
850,14961
881,14969
875,15036
915,14835
925,14855
960,15159
969,15185
989,14908
1023,14937
1041,15045
1071,15221
1090,14944
1110,15124
1114,15251
1188,15079
1184,15116
1174,15188
1196,15183
1244,15152
1274,15188
1278,15244
1276,15249
1297,15190
1333,15225
1362,15303
1370,15290
1404,15262
1439,15275
1446,15350
1457,15351
1493,15323
1516,15356
1493,15403
1541,15402
1581,15377
1597,15414
1620,15493
1638,15477
1684,15426
1708,15476
1728,15546
1744,15559
1812,15525
1844,15584
1820,15628
1876,15628
1904,15616
1963,15674
1951,15722
1976,15703
2043,15697
2067,15761
2079,15812
2116,15834
2131,15803
2182,15852
2202,15917
2246,15934
2282,15893
2294,15960
2352,16021
2358,16044
2423,16033
2449,16076
2477,16147
2501,16147
2557,16115
2558,16187
2599,16272
2628,16271
2673,16219
2676,16316
2692,4
2738,0
2792,16369
2802,37
2842,106
2878,108
2894,75
2905,151
2933,237
2985,225
3017,211
3027,262
3059,330
3087,325
3110,308
3150,400
3116,441
3168,441
3210,408
3200,470
3234,553
3249,525
3290,496
3299,563
3317,634
3357,614
3385,625
3379,663
3391,744
3440,725
3468,696
3476,784
3511,854
3548,802
3546,808
3553,884
3581,917
3592,892
3609,872
3628,970
3658,1025
3675,1022
3673,978
3715,1045
3725,1159
3779,1101
3783,1059
3786,1141
3834,1227
3845,1221
3875,1191
3877,1291
3919,1349
3940,1311
3942,1296
3954,1383
3968,1474
4014,1424
4028,1412
4044,1533
4078,1584
4114,1526
4112,1544
4135,1669
4176,1734
4203,1696
4225,1670
4231,1789
4261,1899
4297,1857
4337,1843
4354,1972
4370,2085
4393,2045
4426,2024
4465,2151
4486,2272
4516,2213
4531,2146
4553,2332
4593,2471
4627,2519
4629,2512
4672,2373
4702,2402
4729,2715
4758,2664
4788,2502
4811,2638
4854,2830
4894,2848
4902,2714
4912,2746
4943,2995
4975,3000
4995,2774
5004,2926
5038,3103
5048,3179
5065,2949
5101,3079
5131,3280
5136,3280
5161,3095
5193,3169
5219,3419
5237,3360
5250,3240
5285,3321
5293,3524
5337,3489
5343,3304
5375,3369
5381,3619
5407,3574
5420,3446
5430,3503
5453,3750
5486,3698
5498,3572
5512,3654
5524,3840
5544,3782
5585,3661
5599,3598
5631,3956
5633,3823
5631,3722
5668,3827
5690,4045
5678,3978
5724,3833
5735,3881
5754,4030
5774,4003
5772,3884
5802,3922
5818,4144
5836,4085
5856,3969
5868,4092
5890,4288
5920,4156
5934,4006
5950,4072
5958,4315
6004,4310
6003,4169
6024,4203
6052,4388
6057,4354
6079,4211
6090,4262
6121,4511
6144,4471
6155,4371
6206,4267
6209,4603
6234,4597
6272,4419
6282,4442
6286,4694
6340,4698
6360,4454
6382,4524
6406,4774
6446,4746
6450,4558
6481,4708
6503,4888
6528,4872
6554,4702
6594,4752
6601,4973
6633,4956
6665,4787
6676,4822
6707,5081
6743,5074
6771,4957
6789,4979
6820,5171
6844,5157
6859,4962
6890,5092
6934,5258
6948,5244
6991,5096
7002,5132
7018,5315
7028,5362
7086,5149
7086,5130
7107,5350
7131,5467
7164,5280
7181,5255
7207,5516
7228,5546
7237,5315
7256,5325
7289,5568
7302,5582
7332,5421
7342,5369
7356,5608
7404,5633
7414,5500
7430,5456
7430,5600
7466,5630
7498,5495
7505,5459
7508,5664
7539,5788
7551,5606
7569,5537
7577,5763
7621,5813
7645,5736
7655,5593
7658,5696
7690,5868
7704,5769
7729,5613
7734,5758
7751,5885
7761,5785
7797,5637
7805,5814
7828,5904
7833,5766
7873,5787
7874,5872
7868,5935
7908,5960
7944,5763
7940,5837
7959,5997
7999,6061
8017,5866
8035,5888
8065,6041
8060,6109
8109,5914
8128,5936
8134,6067
8166,6066
8200,5930
8208,5940
8227,6043
8245,6212
8279,6099
8287,6015
8299,6201
8352,6237
8376,6122
8406,6073
8414,6302
8486,6380
8487,6199
8517,6123
8543,6347
8558,6428
8601,6281
8632,6207
8647,6319
8682,6464
8694,6372
8736,6274
8748,6424
8791,6587
8824,6546
8853,6297
8855,6457
8896,6645
8925,6537
8991,6469
8971,6572
9008,6667
9048,6698
9089,6526
9108,6487
9087,6743
9175,6762
9185,6575
9208,6652
9217,6777
9235,6830
9278,6674
9282,6700
9314,6794
9331,6877
9376,6776
9386,6713
9399,6943
9448,6948
9485,6912
9500,6710
9522,6870
9556,6987
9594,6834
9587,6746
9599,6855
9612,6958
9664,6933
9661,6989
9692,7039
9710,6992
9743,6990
9748,7032
9784,7080
9807,7080
9829,7034
9877,7076
9880,7121
9913,7143
9912,7086
9951,7102
9968,7180
9977,7191
10014,7156
10029,7181
10038,7241
10047,7251
10081,7220
10109,7211
10119,7288
10109,7317
10148,7274
10204,7264
10206,7340
10215,7370
10261,7348
10283,7339
10303,7411
10303,7449
10372,7405
10403,7425
10396,7459
10419,7520
10444,7504
10492,7463
10513,7504
10517,7590
10543,7585
10598,7573
10588,7616
10629,7674
10665,7672
10719,7672
10723,7684
10755,7764
10780,7817
10854,7786
10855,7795
10874,7892
10905,7930
10953,7899
10998,7905
11019,7986
11024,8045
11073,8054
11128,8010
11125,8098
11145,8153
11204,8177
11235,8167
11255,8206
11252,8271
11330,8291
11364,8266
11376,8321
11423,8408
11441,8423
11492,8431
11514,8406
11530,8495
11552,8573
11604,8553
11652,8551
11621,8645
11645,8719
11685,8679
11738,8657
11744,8717
11749,8789
11803,8791
11817,8779
11819,8829
11861,8918
11868,8948
11929,8889
11957,8925
11943,9037
11972,9075
12013,9009
12020,9026
12038,9131
12046,9158
12060,9113
12099,9105
12105,9204
12128,9294
12171,9242
12186,9218
12194,9288
12221,9378
12255,9353
12261,9271
12276,9377
12283,9475
12330,9482
12326,9423
12351,9460
12363,9544
12396,9587
12418,9530
12421,9552
12442,9652
12481,9719
12489,9609
12478,9621
12509,9741
12532,9791
12584,9740
12563,9756
12593,9853
12605,9937
12655,9885
12673,9903
12665,9940
12707,10059
12742,10061
12742,9974
12779,10087
12785,10210
12821,10233
12849,10150
12878,10184
12880,10319
12908,10340
12939,10286
12958,10313
12981,10468
13005,10512
13052,10482
13066,10472
13084,10637
13134,10754
13131,10663
13161,10647
13191,10773
13237,10889
13264,10849
13283,10853
13310,10939
13326,11040
13366,11046
13377,10976
13399,11012
13429,11193
13475,11219
13476,11149
13522,11222
13544,11379
13558,11356
13588,11296
13606,11321
13631,11525
13665,11556
13682,11469
13695,11491
13716,11612
13740,11701
13767,11575
13778,11601
13793,11733
13829,11805
13851,11718
13861,11711
13893,11817
13920,11900
13943,11850
13942,11822
13968,11901
13996,12022
14021,11975
14038,11930
14051,12009
14077,12098
14085,12102
14103,12005
14116,12078
14151,12191
14174,12154
14166,12117
14197,12149
14209,12290
14242,12265
14249,12187
14271,12225
14281,12339
14316,12357
14329,12288
14350,12309
14357,12430
14389,12412
14404,12355
14408,12353
14420,12467
14454,12501
14468,12436
14483,12439
14501,12541
14505,12605
14535,12517
14541,12490
14552,12609
14588,12702
14610,12615
14635,12579
14656,12715
14665,12780
14687,12684
14712,12673
14719,12769
14749,12851
14777,12787
14800,12751
14825,12832
14831,12939
14853,12851
14873,12829
14910,12948
14926,13020
14957,12974
14982,12915
15004,13044
15023,13093
15048,13069
15080,13020
15101,13119
15127,13206
15159,13186
15183,13128
15191,13200
15237,13303
15249,13275
15280,13230
15318,13299
15340,13392
15375,13350
15396,13287
15423,13377
15447,13467
15459,13468
15502,13402
15526,13455
15540,13533
15570,13555
15588,13486
15628,13521
15659,13601
15667,13647
15687,13578
15728,13617
15768,13698
15772,13696
15781,13660
15817,13682
15840,13767
15846,13775
15900,13704
15881,13733
15896,13822
15930,13820
15953,13769
15984,13801
16005,13893
16022,13885
16061,13812
16052,13843
16078,13932
16108,13940
16125,13891
16155,13905
16163,13993
16197,14007
16211,13940
16225,13953
16240,14052
16262,14037
16271,13995
16311,14012
16300,14103
16329,14084
16353,14029
16372,14045
0,14111
8,14140
23,14076
49,14091
61,14163
84,14174
117,14127
137,14141
161,14223
161,14225
173,14173
213,14165
224,14251
235,14262
251,14201
277,14224
273,14317
303,14340
339,14272
383,14273
381,14342
387,14372
429,14322
479,14341
479,14422
502,14431
540,14395
585,14399
578,14468
613,14484
613,14440
679,14441
703,14530
702,14558
736,14500
764,14524
790,14599
824,14613
848,14585
882,14598
925,14670
932,14678
964,14647
1018,14662
1048,14746
1064,14765
1099,14704
1141,14729
1143,14846
1155,14843
1201,14789
1257,14803
1253,14879
1269,14911
1325,14845
1341,14873
1379,14965
1388,14986
1429,14946
1478,14956
1497,15034
1504,15033
1553,14989
1578,15041
1588,15100
1612,15104
1642,15065
1688,15081
1695,15178
1715,15177
1745,15112
1775,15168
1789,15247
1793,15227
1854,15184
1860,15214
1870,15294
1888,15290
1946,15246
1961,15279
1970,15340
1997,15350
2020,15298
2048,15324
2055,15398
2088,15380
2116,15338
2149,15378
2150,15458
2169,15443
2191,15422
2236,15436
2223,15526
2237,15497
2301,15479
2275,15513
2298,15584
2341,15553
2366,15524
2397,15553
2406,15626
2414,15611
2469,15596
2494,15630
2490,15707
2512,15688
2533,15641
2556,15697
2571,15754
2581,15741
2629,15699
2639,15767
2663,15815
2687,15805
2706,15772
2748,15850
2754,15894
2808,15885
2856,15875
2854,15931
2872,15980
2926,15990
2941,15959
2973,16036
2986,16094
3029,16081
3061,16053
3073,16101
3081,16192
3125,16181
3166,16184
3196,16244
3199,16318
3249,16282
3280,16286
3333,16336
3332,43
3391,25
3430,18
3436,100
3470,194
3497,186
3554,123
3573,213
3589,283
3633,305
3667,280
3666,349
3701,463
3745,427
3757,411
3781,483
3812,568
3835,571
3886,533
3897,604
3932,742
3974,696
3982,678
3990,746
4039,842
4065,848
4095,780
4095,875
4113,977
4145,948
4162,910
4183,991
4191,1081
4233,1075
4251,1039
4277,1104
4288,1190
4331,1187
4345,1147
4349,1221
4357,1317
4411,1285
4422,1250
4433,1349
4461,1392
4478,1416
4482,1364
4498,1438
4520,1514
4536,1512
4564,1464
4582,1514
4616,1620
4602,1606
4642,1568
4665,1635
4662,1730
4702,1728
4701,1665
4725,1742
4741,1813
4789,1845
4787,1745
4807,1846
4831,1938
4840,1905
4865,1881
4871,1967
4887,2055
4909,2057
4960,1973
4952,2079
4962,2229
5003,2181
5035,2359
5053,2175
5047,2147
5084,2370
5108,2457
5136,2218
5152,2294
5204,2604
5230,2581
5233,2406
5252,2445
5272,2649
5300,2727
5322,2644
5340,2608
5372,2760
5412,2852
5416,2795
5472,2825
5481,3007
5506,3052
5529,2858
5557,2907
5576,3106
5618,3228
5633,3073
5667,3043
5705,3285
5725,3367
5757,3227
5765,3207
5813,3491
5817,3537
5841,3303
5859,3413
5901,3619
5911,3614
5904,3501
5957,3547
5991,3712
5981,3746
6035,3633
6050,3610
6057,3840
6103,3924
6103,3747
6143,3763
6153,4019
6161,4029
6195,3827
6213,3819
6241,4081
6253,4043
6266,3915
6275,3939
6316,4140
6345,4168
6341,4043
6370,4034
6393,4221
6393,4293
6417,4074
6449,4098
6447,4230
6475,4380
6491,4194
6507,4141
6534,4411
6553,4354
6579,4252
6585,4222
6609,4479
6629,4519
6639,4329
6655,4361
6659,4549
6681,4633
6700,4363
6712,4406
6721,4552
6760,4672
6782,4462
6793,4453
6810,4666
6838,4725
6864,4605
6870,4525
6868,4719
6906,4848
6933,4675
6958,4561
6942,4778
6985,4890
7014,4682
7022,4701
7052,4830
7065,4969
7091,4759
7095,4763
7137,4887
7160,5042
7196,4952
7221,4853
7249,5012
7284,5110
7298,5032
7309,4926
7324,5144
7358,5260
7388,5120
7428,4964
7442,5132
7454,5289
7482,5211
7515,5111
7548,5208
7573,5350
7603,5311
7634,5202
7655,5335
7671,5481
7713,5430
7719,5263
7747,5334
7790,5549
7807,5478
7870,5394
7866,5470
7890,5666
7934,5668
7956,5412
7962,5490
7977,5727
8011,5651
8049,5506
8057,5608
8077,5741
8122,5762
8144,5544
8170,5600
8165,5807
8202,5807
8228,5636
8258,5667
8257,5903
8305,5911
8322,5733
8321,5784
8353,5944
8385,5962
8386,5775
8417,5760
8424,5888
8458,6006
8484,5892
8480,5806
8504,5993
8533,6040
8549,5981
8571,5906
8583,5990
8607,6110
8616,6059
8655,5858
8662,6026
8682,6204
8706,6136
8740,5934
8716,6076
8743,6163
8768,6064
8796,5999
8810,6052
8817,6254
8862,6200
8912,6002
8892,6095
8902,6276
8943,6248
8963,6093
8969,6148
8991,6378
9021,6317
9061,6114
9054,6171
9074,6275
9115,6348
9162,6190
9159,6233
9160,6464
9195,6449
9237,6318
9251,6174
9278,6469
9311,6538
9363,6361
9358,6282
9385,6505
9409,6531
9471,6501
9475,6377
9483,6432
9521,6648
9584,6581
9598,6411
9602,6590
9646,6689
9701,6617
9727,6525
9723,6593
9761,6809
9816,6749
9862,6591
9872,6669
9886,6767
9922,6708
9960,6769
9996,6833
10019,6850
10059,6809
10100,6833
10111,6933
10127,6925
10170,6885
10186,6916
10189,6978
10216,7006
10257,6977
10312,6974
10317,7065
10344,7069
10367,7034
10437,7037
10420,7089
10444,7122
10498,7096
10540,7106
10536,7154
10542,7204
10577,7155
10623,7175
10629,7209
10635,7273
10688,7256
10713,7229
10728,7255
10708,7320
10761,7305
10799,7268
10825,7327
10822,7385
10848,7385
10886,7358
10916,7390
10937,7438
10930,7454
10975,7412
11013,7435
11013,7486
11037,7525
11051,7483
11089,7494
11086,7549
11108,7566
11141,7550
11159,7518
11169,7589
11169,7659
11202,7618
11239,7612
11252,7651
11260,7717
11303,7717
11350,7671
11367,7737
11358,7781
11399,7786
11431,7750
11452,7806
11461,7860
11490,7886
11515,7861
11549,7854
11566,7965
11593,7995
11630,7933
11656,7931
11662,8012
11703,8107
11758,8092
11791,8061
11799,8138
11809,8194
11852,8190
11900,8172
11905,8247
11933,8305
11970,8316
12011,8302
12033,8372
12040,8449
12076,8466
12124,8431
12132,8483
12150,8570
12189,8637
12241,8597
12258,8610
12265,8728
12314,8782
12348,8755
12386,8747
12407,8854
12427,8945
12472,8894
12490,8926
12520,8966
12536,9072
12574,9083
12597,9025
12607,9110
12632,9204
12664,9221
12680,9185
12709,9247
12720,9352
12755,9360
12789,9339
12803,9347
12815,9485
12860,9530
12894,9492
12906,9476
12915,9587
12931,9641
12960,9627
12981,9587
12997,9671
13024,9758
13051,9758
13049,9707
13077,9754
13088,9867
13114,9884
13116,9811
13150,9846
13162,9982
13215,10025
13221,9948
13217,9967
13233,10062
13262,10152
13296,10065
13312,10080
13338,10168
13335,10240
13374,10168
13365,10147
13382,10243
13414,10338
13413,10285
13444,10276
13450,10334
13482,10421
13498,10415
13511,10369
13549,10458
13541,10262
13577,10625
13582,10707
13623,10485
13624,10510
13649,10656
13671,10861
13672,10662
13719,10635
13745,10732
13767,10993
13784,10891
13796,10731
13816,10902
13856,11091
13878,10992
13904,10959
13915,11044
13951,11233
13968,11214
13982,11056
14034,11146
14048,11379
14070,11324
14105,11238
14137,11313
14153,11474
14171,11565
14182,11463
14238,11414
14248,11680
14278,11702
14309,11607
14322,11557
14348,11816
14378,11886
14395,11730
14425,11707
14453,11854
14469,12057
14501,11973
14525,11829
14542,12069
14579,12168
14600,12154
14619,11976
14636,12128
14658,12290
14685,12207
14709,12079
14727,12179
14749,12385
14757,12343
14777,12198
14819,12298
14825,12453
14840,12368
14859,12293
14897,12403
14900,12545
14934,12551
14954,12296
14960,12420
14974,12611
14994,12601
15023,12464
15042,12540
15054,12689
15091,12688
15094,12594
15113,12567
15109,12789
15155,12714
15168,12552
15177,12708
15203,12890
15221,12815
15265,12634
15255,12760
15251,12906
15298,13000
15308,12708
15318,12764
15338,12992
15356,13014
15382,12808
15400,12823
15388,13054
15429,13014
15453,12942
15462,12917
15465,13059
15497,13085
15535,12987
15535,12948
15558,13139
15585,13185
15605,13053
15633,13027
15657,13262
15680,13301
15700,13130
15732,13071
15742,13294
15775,13324
15789,13153
15814,13172
15818,13374
15853,13431
15894,13315
15893,13223
15914,13490
15934,13503
15992,13348
16018,13350
16042,13442
16071,13632
16099,13478
16138,13405
16132,13602
16171,13690
16217,13584
16235,13513
16236,13682
16304,13788
16329,13600
16340,13577
16360,13753
20,13885
39,13718
52,13669
84,13820
106,13972
153,13862
186,13754
210,14005
235,14030
269,13921
291,13821
317,13940
355,14084
365,13922
388,13857
380,14061
423,14141
451,14095
482,13962
486,14140
521,14171
559,14048
572,14000
572,14134
593,14297
648,14096
663,14025
669,14257
717,14304
740,14149
760,14108
760,14260
808,14428
838,14208
830,14154
845,14396
868,14433
905,14265
909,14254
925,14359
953,14421
983,14262
978,14319
989,14425
1036,14469
1082,14296
1073,14281
1087,14501
1097,14563
1139,14335
1148,14301
1152,14555
1203,14571
1244,14378
1228,14360
1216,14549
1260,14640
1296,14438
1311,14419
1330,14612
1350,14608
1388,14508
1402,14493
1416,14684
1454,14768
1507,14499
1499,14563
1531,14712
1568,14713
1581,14559
1616,14600
1631,14801
1675,14814
1700,14688
1701,14794
1739,14918
1780,14795
1830,14698
1821,14815
1855,14985
1913,14957
1933,14771
1959,14850
1975,15045
2047,14854
2056,14841
2091,14993
2109,15080
2168,15124
2187,14937
2211,15057
2242,15208
2279,15053
2291,14977
2315,15047
2341,15319
2407,15227
2407,15059
2449,15287
2481,15412
2537,15170
2544,15173
2566,15369
2598,15449
2644,15441
2640,15251
2648,15400
2712,15518
2752,15396
2761,15354
2760,15427
2813,15457
2827,15441
2846,15516
2857,15547
2899,15519
2937,15498
2974,15586
2948,15608
2997,15572
3036,15584
3056,15663
3072,15690
3112,15623
3130,15637
3142,15711
3140,15746
3180,15736
3200,15728
3228,15776
3212,15825
3262,15771
3306,15784
3305,15826
3304,15859
3330,15863
3375,15847
3391,15918
3386,15940
3431,15904
3469,15904
3469,15969
3496,16006
3511,15974
3532,15965
3536,16034
3557,16069
3600,16046
3609,16049
3624,16108
3638,16176
3674,16125
3704,16115
3716,16179
3753,16263
3775,16219
3816,16218
3820,16312
3844,16336
3876,16313
3924,16295
3919,16375
3950,68
3974,33
4007,43
4027,95
4040,141
4077,150
4099,162
4111,240
4142,301
4179,267
4220,269
4238,348
4269,422
4301,409
4362,390
4366,514
4376,553
4406,547
4442,557
4454,649
4482,728
4532,702
4569,694
4594,789
4620,888
4641,857
4663,845
4675,942
4721,1059
4753,967
4767,991
4797,1121
4813,1195
4853,1161
4886,1182
4901,1262
4927,1336
4968,1304
4966,1312
5002,1413
5018,1470
5038,1414
5065,1446
5063,1514
5120,1620
5129,1569
5157,1593
5157,1678
5195,1757
5205,1702
5219,1667
5249,1839
5255,1898
5303,1800
5304,1830
5325,1964
5364,1998
5374,1912
5398,1966
5400,2037
5427,2076
5436,2002
5448,2010
5482,2172
5484,2234
5517,2138
5541,2117
5545,2274
5573,2335
5577,2238
5612,2231
5611,2388
5641,2448
5665,2331
5687,2338
5697,2478
5699,2543
5721,2439
5761,2443
5763,2610
5772,2643
5794,2540
5802,2572
5820,2707
5844,2778
5876,2678
5894,2669
5908,2812
5920,2906
5952,2790
5982,2808
5998,2964
6026,2999
6022,2898
6046,2943
6066,3106
6094,3143
6110,3062
6134,3081
6163,3235
6200,3294
6218,3223
6220,3226
6263,3371
6306,3417
6313,3348
6330,3388
6379,3523
6404,3570
6409,3519
6447,3526
6465,3663
6479,3735
6521,3631
6557,3643
6567,3803
6589,3839
6607,3760
6636,3772
6665,3955
6693,4009
6723,3931
6725,3897
6761,4073
6779,4099
6825,4043
6837,4060
6859,4162
6875,4213
6897,4157
6931,4127
6949,4257
6949,4329
6996,4268
7017,4229
7044,4353
7042,4408
7074,4342
7112,4359
7114,4439
7126,4506
7134,4438
7178,4420
7188,4510
7208,4598
7233,4519
7257,4487
7256,4605
7275,4649
7310,4578
7322,4550
7361,4651
7370,4734
7377,4669
7393,4611
7433,4736
7445,4813
7451,4747
7478,4697
7501,4791
7510,4863
7531,4796
7535,4771
7565,4836
7575,4921
7591,4881
7615,4817
7649,4891
7656,4964
7664,4918
7691,4890
7716,4952
7725,5037
7742,4996
7776,4922
7800,5011
7805,5100
7810,5067
7853,4999
7875,5073
7879,5160
7900,5139
7929,5080
7981,5121
7977,5219
7985,5207
8024,5139
8056,5201
8068,5308
8105,5310
8126,5257
8158,5262
8192,5365
8200,5351
8237,5323
8254,5358
8286,5444
8299,5446
8330,5396
8348,5393
8392,5528
8416,5551
8446,5508
8496,5488
8495,5584
8524,5614
8553,5583
8575,5580
8629,5671
8648,5712
8679,5667
8726,5654
8763,5733
8759,5797
8770,5744
8833,5707
8862,5793
8856,5870
8895,5843
8933,5789
8958,5862
8965,5927
8992,5910
9044,5856
9074,5922
9106,5991
9106,5976
9174,5920
9175,5981
9200,6044
9217,6033
9250,5965
9296,6032
9283,6113
9307,6099
9328,6049
9374,6080
9392,6152
9382,6154
9420,6102
9458,6113
9470,6204
9495,6209
9513,6167
9543,6157
9555,6226
9564,6267
9610,6199
9624,6208
9645,6279
9669,6300
9693,6261
9711,6251
9730,6313
9743,6367
9774,6322
9778,6270
9806,6334
9820,6405
9830,6388
9866,6349
9903,6369
9899,6446
9921,6423
9942,6369
9991,6404
9990,6476
10007,6479
10046,6430
10068,6441
10091,6522
10079,6511
10132,6479
10161,6507
10175,6570
10174,6582
10218,6551
10240,6547
10265,6623
10299,6651
10329,6617
10370,6616
10376,6673
10399,6718
10443,6675
10460,6677
10516,6746
10526,6784
10552,6744
10616,6756
10622,6798
10632,6856
10653,6839
10689,6821
10751,6866
10747,6927
10780,6918
10808,6907
10878,6928
10872,7020
10910,7023
10949,6974
11002,7014
10998,7079
11047,7115
11067,7061
11119,7063
11133,7172
11178,7201
11192,7152
11236,7175
11254,7254
11252,7273
11298,7240
11337,7237
11359,7304
11376,7341
11408,7328
11458,7333
11456,7398
11498,7444
11529,7425
11541,7398
11561,7451
11578,7487
11625,7489
11666,7458
11664,7498
11671,7580
11696,7584
11718,7548
11743,7563
11757,7626
11781,7648
11825,7630
11838,7630
11836,7687
11850,7727
11901,7696
11931,7680
11963,7757
11966,7794
11999,7777
12016,7762
12034,7835
12042,7886
12068,7844
12109,7822
12092,7883
12093,7931
12133,7922
12168,7893
12180,7946
12210,8005
12208,7993
12237,7960
12261,8011
12267,8067
12305,8086
12317,8065
12343,8073
12348,8165
12384,8185
12416,8153
12431,8169
12419,8228
12475,8280
12490,8246
12518,8252
12542,8314
12554,8396
12595,8347
12641,8341
12655,8402
12649,8484
12676,8495
12712,8449
12734,8527
12752,8620
12802,8616
12813,8603
12841,8623
12871,8740
12893,8771
12940,8752
12940,8785
12964,8887
12993,8927
13027,8901
13061,8924
13085,9028
13118,9105
13168,9084
13168,9075
13197,9159
13230,9257
13250,9253
13282,9239
13307,9321
13327,9434
13379,9423
13384,9394
13424,9459
13438,9590
13465,9599
13488,9547
13515,9632
13547,9736
13574,9793
13581,9701
13596,9745
13617,9903
13672,9965
13678,9878
13702,9880
13728,10021
13736,10088
13778,10025
13782,10042
13806,10146
13829,10239
13869,10157
13871,10117
13883,10252
13898,10348
13952,10303
13950,10289
13962,10400
13979,10447
13999,10431
14015,10403
14037,10462
14057,10547
14073,10581
14072,10495
14101,10612
14134,10720
14132,10710
14162,10627
14174,10690
14206,10808
14205,10801
14221,10724
14249,10751
14262,10904
14279,10925
14288,10816
14314,10818
14314,10975
14356,11020
14358,10948
14381,10932
14390,11075
14423,11140
14433,11054
14465,11033
14469,11161
14505,11225
14502,11188
14542,11170
14556,11304
14572,11336
14596,11296
14610,11264
14630,11392
14643,11497
14665,11441
14697,11388
14709,11504
14731,11629
14763,11585
14784,11537
14806,11638
14824,11762
14849,11749
14870,11677
14904,11764
14944,11888
14934,11888
14985,11822
15001,11916
15032,12038
15057,12045
15081,11965
15093,12001
15143,12161
15139,12152
15169,12121
15200,12146
15238,12274
15244,12317
15284,12227
15302,12285
15338,12384
15356,12434
15378,12356
15392,12368
15444,12496
15454,12541
15481,12471
15518,12468
15516,12606
15536,12647
15559,12584
15597,12583
15621,12681
15611,12739
15649,12690
15673,12647
15685,12770
15725,12823
15738,12738
15766,12722
15780,12862
15804,12898
15822,12823
15858,12819
15884,12922
15885,12969
15896,12912
15920,12876
15942,12992
15949,13040
15965,13013
15984,12935
16013,13046
16024,13092
16034,13057
16073,13017
16105,13105
16091,13179
16127,13122
16153,13091
16173,13159
16178,13237
16192,13185
16209,13135
16231,13213
16255,13304
16254,13230
16271,13177
16313,13260
16330,13328
16310,13296
16352,13238
0,13310
6,13392
16,13383
43,13278
78,13398
105,13460
116,13441
132,13359
169,13449
182,13534
190,13482
231,13428
247,13480
279,13595
296,13582
325,13508
370,13570
366,13655
379,13637
417,13598
453,13658
466,13743
504,13723
544,13650
578,13721
602,13802
617,13792
641,13736
704,13804
686,13873
740,13865
755,13804
809,13865
835,13971
857,13927
905,13889
933,13939
938,14043
965,14032
989,13969
1055,14042
1060,14104
1092,14083
1120,14030
1156,14082
1177,14172
1214,14163
1257,14097
1292,14163
1309,14259
1331,14209
1349,14171
1370,14236
1384,14306
1424,14288
1469,14219
1487,14320
1500,14370
1524,14351
1556,14317
1607,14373
1605,14451
1623,14400
1673,14359
1689,14413
1695,14483
1720,14456
1755,14405
1777,14467
1765,14533
1803,14495
1839,14456
1862,14510
1860,14564
1890,14550
1928,14497
1973,14537
1965,14620
1976,14584
2002,14560
2047,14600
2057,14659
2066,14640
2091,14593
2136,14649
2111,14707
2149,14660
2180,14634
2183,14701
2203,14741
2237,14717
2255,14683
2270,14746
2266,14794
2299,14757
2345,14723
2344,14794
2368,14810
2388,14790
2438,14765
2469,14842
2472,14884
2497,14841
2540,14818
2560,14886
2561,14940
2589,14895
2632,14880
2630,14947
2651,15005
2685,14965
2733,14947
2754,15002
2757,15048
2796,15043
2837,15030
2869,15113
2887,15149
2941,15116
2952,15114
2988,15181
2993,15220
3055,15198
3070,15176
3104,15250
3109,15294
3164,15266
3210,15266
3230,15336
3244,15376
3282,15336
3310,15345
3332,15407
3353,15463
3393,15436
3453,15433
3471,15541
3485,15563
3527,15538
3566,15513
3581,15602
3601,15637
3645,15602
3683,15607
3685,15679
3685,15749
3749,15690
3775,15688
3776,15757
3818,15819
3847,15770
3857,15778
3885,15834
3882,15891
3915,15835
3953,15853
3958,15903
3980,15956
4030,15932
4046,15914
4054,15961
4068,16048
4096,15996
4124,15988
4142,16081
4160,16110
4169,16071
4210,16047
4226,16132
4224,16194
4268,16153
4272,16133
4279,16238
4297,16275
4345,16219
4345,16227
4377,16267
4383,16331
4417,16288
4437,16298
4449,16352
4462,7
4485,3
4509,16347
4527,27
4541,109
4553,79
4586,49
4583,101
4602,194
4658,180
4654,118
4684,216
4716,271
4746,253
4764,212
4764,324
4774,355
4808,367
4844,340
4862,413
4886,496
4912,506
4923,462
4962,533
4980,618
4996,598
5021,566
5034,657
5072,779
5120,746
5143,754
5159,818
5172,940
5228,914
5247,885
5251,977
5307,1041
5333,1079
5365,1049
5371,1110
5405,1242
5429,1234
5441,1213
5477,1305
5499,1391
5549,1373
5564,1392
5598,1495
5610,1575
5636,1568
5667,1540
5698,1630
5705,1735
5743,1747
5768,1712
5794,1836
5814,1916
5846,1880
5858,1870
5876,1932
5902,2102
5934,2075
5946,2022
5976,2070
6004,2235
6024,2248
6030,2172
6044,2244
6076,2356
6070,2360
6122,2272
6140,2372
6140,2472
6160,2464
6188,2571
6225,2437
6240,2404
6248,2592
6258,2704
6281,2575
6304,2537
6309,2727
6340,2830
6352,2694
6378,2659
6387,2791
6400,2958
6431,2826
6442,2727
6452,2863
6472,3016
6480,2837
6504,2878
6529,3042
6532,3127
6562,2960
6576,2980
6586,3052
6610,3240
6635,3045
6626,3045
6648,3271
6657,3323
6694,3178
6712,3124
6717,3355
6742,3432
6782,3376
6806,3236
6822,3350
6835,3536
6834,3426
6890,3384
6898,3536
6909,3625
6958,3575
6974,3460
6992,3614
7001,3778
7037,3759
7046,3616
7085,3665
7107,3931
7135,3893
7161,3743
7162,3849
7211,4043
7221,3977
7257,3886
7261,3877
7319,4183
7330,4012
7357,3995
7383,4110
7412,4295
7429,4249
7458,4064
7498,4172
7508,4398
7536,4344
7558,4178
7598,4292
7590,4518
7628,4470
7676,4302
7688,4403
7701,4614
7757,4615
7761,4438
7787,4467
7819,4675
7844,4705
7864,4557
7885,4582
7894,4762
7938,4803
7969,4590
7973,4654
7996,4817
8000,4828
8028,4644
8061,4718
8061,4867
8093,4955
8125,4718
8135,4753
8157,5033
8173,4971
8191,4930
8201,4858
8236,5020
8262,5144
8286,5028
8294,4840
8325,5071
8339,5190
8347,5057
8373,4931
8381,5113
8408,5241
8418,5082
8450,5024
8455,5152
8477,5249
8513,5168
8533,5084
8533,5188
8546,5334
8609,5259
8603,5094
8631,5233
8634,5385
8669,5333
8683,5160
8702,5228
8716,5438
8733,5357
8764,5268
8777,5289
8799,5456
8842,5503
8857,5314
8878,5342
8892,5516
8934,5571
8966,5410
8968,5446
8983,5638
9047,5641
9063,5515
9095,5438
9127,5645
9145,5723
9184,5559
9224,5515
9234,5689
9260,5778
9294,5650
9325,5598
9334,5851
9362,5894
9418,5798
9453,5638
9453,5849
9492,5960
9552,5827
9580,5731
9592,5825
9622,5968
9661,5852
9697,5809
9731,5935
9765,6118
9803,6007
9841,5886
9858,5923
9862,6204
9903,6070
9954,5984
9966,6011
10006,6230
10045,6165
10069,6128
10102,6133
10147,6307
10164,6305
10198,6156
10206,6097
10220,6275
10276,6336
10287,6194
10312,6163
10321,6380
10357,6421
10367,6277
10421,6223
10397,6369
10440,6488
10468,6264
10501,6320
10528,6403
10555,6509
10569,6381
10605,6338
10619,6513
10654,6570
10675,6575
10678,6367
10701,6438
10708,6644
10756,6556
10772,6391
10799,6479
10799,6629
10855,6637
10857,6476
10866,6520
10888,6722
10906,6628
10954,6505
10958,6520
10975,6719
11031,6753
11030,6561
11033,6649
11058,6750
11086,6807
11112,6702
11124,6614
11147,6845
11182,6872
11205,6741
11236,6648
11216,6844
11264,6919
11302,6905
11322,6720
11342,6950
11373,7042
11422,6882
11420,6741
11439,6975
11472,6923
11526,6916
11554,6987
11551,7046
11584,7040
11611,7000
11655,7031
11659,7108
11691,7123
11735,7088
11764,7122
11774,7203
11822,7208
11859,7166
11892,7193
11913,7281
11911,7287
11973,7280
12019,7289
12021,7366
12056,7394
12076,7386
12136,7380
12160,7447
12155,7483
12197,7463
12209,7467
12244,7493
12263,7588
12288,7556
12340,7564
12358,7607
12372,7690
12403,7670
12451,7652
12453,7711
12475,7768
12510,7760
12526,7755
12558,7753
12562,7825
12573,7866
12625,7832
12639,7841
12640,7932
12669,7956
12700,7911
12738,7903
12735,7981
12742,8023
12793,8010
12814,8006
12813,8046
12834,8105
12880,8088
12873,8068
12901,8119
12915,8193
12939,8187
12988,8154
12990,8184
12990,8271
13020,8257
13052,8238
13051,8263
13067,8324
13097,8372
13125,8329
13134,8330
13152,8395
13152,8444
13198,8394
13225,8427
13223,8475
13254,8534
13255,8511
13311,8500
13303,8545
13320,8628
13352,8613
13377,8568
13379,8647
13415,8718
13447,8718
13449,8683
13469,8748
13484,8846
13510,8846
13524,8822
13565,8871
13585,8981
13635,9005
13639,8963
13649,9004
13666,9089
13708,9154
13742,9110
13760,9136
13770,9256
13820,9266
13827,9265
13861,9265
13885,9372
13912,9459
13935,9441
13968,9450
13987,9520
14026,9667
14064,9659
14058,9612
14075,9692
14120,9822
14137,9825
14175,9813
14198,9863
14205,10015
14257,10008
14274,10010
14306,10036
14314,10169
14373,10207
14366,10161
14394,10186
14435,10345
14452,10396
14477,10330
14491,10325
14529,10500
14537,10563
14580,10496
14584,10493
14600,10627
14632,10732
14640,10669
14666,10668
14684,10790
14700,10828
14736,10766
14765,10749
14781,10868
14784,10779
14809,11056
14845,11103
14855,10942
14861,10873
14868,11072
14898,11096
14920,10970
14914,10978
14952,11274
14975,11242
14993,11107
15001,11129
15011,11265
15047,11399
15045,11159
15071,11223
15101,11451
15116,11530
15122,11362
15150,11269
15158,11420
15167,11594
15189,11452
15215,11363
15229,11479
15247,11686
15253,11593
15281,11417
15287,11612
15326,11756
15328,11757
15366,11544
15386,11722
15380,11889
15428,11790
15418,11694
15459,11779
15464,12017
15503,11953
15515,11785
15549,11881
15561,12065
15581,12085
15613,11924
15635,11963
15657,12250
15661,12270
15717,12085
15731,12114
15770,12312
15788,12310
15819,12153
15833,12172
15852,12436
15882,12465
15926,12294
15942,12386
15943,12516
15989,12607
16006,12422
16026,12444
16068,12610
16079,12684
16140,12584
16156,12552
16175,12787
16199,12785
16257,12771
16253,12659
16273,12846
16306,12940
16341,12769
16357,12775
16383,12965
32,13012
51,12876
61,12839
85,13061
146,13043
136,12952
159,12926
174,13140
220,13218
252,13072
254,12999
273,13188
308,13286
341,13141
351,13100
372,13252
388,13338
428,13208
464,13116
460,13360
475,13411
502,13281
498,13186
506,13322
541,13477
575,13347
614,13242
614,13364
641,13477
656,13409
684,13266
706,13488
717,13591
751,13395
764,13366
759,13583
799,13622
839,13515
846,13397
834,13552
872,13684
909,13573
914,13426
928,13580
962,13713
983,13553
996,13530
1044,13680
1034,13792
1103,13605
1100,13584
1104,13765
1138,13837
1164,13732
1202,13641
1238,13805
1245,13917
1287,13825
1288,13718
1330,13790
1345,13972
1369,13936
1414,13776
1418,13986
1433,14036
1493,13893
1518,13860
1554,13992
1574,14128
1636,13920
1632,13870
1664,14104
1702,14180
1752,14062
1779,13977
1775,14110
1831,14232
1863,14115
1896,14072
1898,14227
1942,14318
1984,14160
2039,14124
2058,14232
2060,14392
2105,14268
2147,14162
2163,14354
2228,14497
2257,14267
2287,14249
2297,14508
2337,14565
2359,14387
2397,14359
2414,14510
2437,14616
2471,14433
2486,14426
2522,14644
2566,14671
2608,14459
2609,14455
2626,14593
2672,14749
2710,14548
2704,14463
2720,14769
2780,14742
2794,14652
2810,14614
2808,14791
2841,14760
2873,14632
2880,14624
2901,14901
2921,14809
2968,14669
2976,14744
2990,14923
3018,14901
3045,14755
3041,14875
3081,14816
3119,14983
3147,14825
3119,14775
3152,15012
3197,14970
3209,14856
3214,14952
3225,15042
3260,14976
3280,14914
3285,14825
3298,15078
3322,15116
3366,14915
3371,14944
3396,15159
3440,15092
3463,14975
3460,14966
3500,15228
3512,15151
3531,15004
3551,15014
3566,15264
3630,15308
3653,15064
3662,15084
3668,15343
3686,15321
3747,15161
3775,15163
3763,15311
3821,15247
3829,15314
3846,15397
3900,15371
3908,15347
3935,15388
3983,15457
3995,15475
4051,15443
4074,15482
4080,15533
4097,15563
4141,15531
4163,15561
4177,15624
4213,15657
4247,15625
4259,15655
4299,15727
4329,15731
4373,15699
4394,15739
4410,15806
4431,15857
4478,15802
4508,15830
4524,15922
4552,15936
4584,15918
4612,15940
4624,16024
4644,16044
4682,15990
4714,16060
4712,16116
4744,16154
4777,16118
4798,16123
4798,16207
4842,16234
4858,16220
4884,16224
4915,16298
4930,16320
4954,16300
4970,16312
4996,2
5018,25
5036,16347
5030,16375
5074,77
5084,78
5100,96
5124,106
5123,164
5159,202
5182,159
5201,191
5229,235
5237,291
5257,249
5283,257
5289,330
5317,372
5345,324
5351,339
5361,428
5389,453
5397,394
5403,439
5441,497
5440,548
5479,481
5492,511
5503,619
5531,618
5551,584
5559,585
5597,716
5604,722
5636,689
5658,688
5675,814
5690,850
5710,826
5736,812
5764,930
5790,1004
5794,961
5828,972
5849,1077
5866,1111
5880,1080
5914,1108
5934,1220
5956,1294
5983,1276
6012,1247
6040,1362
6046,1418
6090,1400
6102,1434
6124,1544
6164,1590
6182,1567
6216,1582
6241,1695
6253,1802
6284,1747
6311,1748
6333,1889
6365,1986
6391,1944
6424,1940
6437,2054
6464,2132
6492,2114
6530,2120
6546,2218
6562,2342
6598,2296
6610,2246
6654,2388
6674,2487
6690,2477
6734,2448
6754,2550
6762,2649
6770,2622
6800,2603
6830,2702
6846,2800
6862,2784
6874,2738
6922,2868
6930,2944
6957,2898
6958,2856
6984,2955
7016,3047
7030,3001
7066,2970
7080,3084
7076,3147
7102,3138
7108,3066
7150,3131
7157,3267
7178,3276
7197,3190
7229,3247
7227,3389
7233,3351
7229,3275
7289,3329
7319,3435
7315,3420
7333,3387
7350,3422
7372,3532
7384,3536
7397,3471
7430,3487
7434,3622
7450,3637
7458,3523
7506,3579
7516,3704
7508,3716
7533,3662
7567,3648
7586,3818
7576,3801
7623,3744
7643,3746
7669,3903
7697,3945
7693,3841
7723,3839
7757,3962
7767,4047
7795,3945
7800,3936
7848,4067
7857,4123
7872,4056
7908,4033
7937,4194
7954,4243
7968,4192
8013,4141
8027,4288
8042,4364
8051,4303
8114,4253
8127,4388
8146,4475
8187,4427
8237,4371
8237,4471
8253,4564
8264,4535
8307,4500
8334,4587
8360,4686
8379,4650
8436,4570
8459,4657
8463,4765
8491,4734
8521,4690
8577,4757
8579,4870
8585,4833
8617,4796
8665,4857
8698,4932
8714,4938
8734,4896
8789,4936
8801,5030
8801,5038
8833,4982
8871,4984
8893,5089
8914,5106
8928,5062
8970,5046
8986,5158
8984,5196
9019,5107
9063,5129
9084,5220
9101,5261
9109,5185
9133,5185
9158,5268
9187,5313
9202,5256
9232,5217
9246,5318
9259,5381
9284,5318
9303,5266
9336,5372
9329,5429
9351,5374
9397,5335
9395,5388
9407,5484
9417,5439
9474,5386
9496,5451
9504,5520
9518,5494
9551,5434
9568,5478
9596,5579
9597,5541
9634,5506
9683,5533
9671,5626
9691,5601
9710,5522
9756,5561
9760,5656
9758,5661
9801,5609
9845,5619
9852,5714
9854,5700
9899,5653
9936,5676
9955,5769
9971,5797
9996,5724
10037,5752
10081,5815
10080,5866
10114,5790
10146,5799
10182,5872
10191,5925
10204,5875
10257,5863
10271,5937
10289,5998
10336,5948
10385,5943
10426,5977
10422,6058
10467,6025
10505,5989
10529,6053
10565,6178
10591,6126
10637,6061
10663,6127
10693,6208
10707,6191
10746,6142
10780,6183
10806,6301
10839,6266
10859,6214
10903,6261
10930,6338
10943,6354
10979,6299
11039,6325
11058,6412
11056,6414
11129,6355
11158,6404
11194,6469
11176,6484
11222,6452
11273,6448
11275,6525
11300,6557
11330,6508
11336,6507
11384,6542
11393,6637
11407,6577
11455,6570
11483,6613
11491,6673
11508,6652
11548,6616
11578,6640
11582,6720
11606,6706
11631,6665
11653,6711
11673,6770
11681,6759
11710,6706
11734,6754
11753,6807
11762,6811
11783,6772
11804,6793
11837,6829
11815,6854
11865,6829
11888,6828
11916,6898
11917,6908
11948,6881
11981,6875
11990,6933
12007,6957
12017,6930
12055,6917
12071,7011
12067,7008
12088,6989
12108,6976
12154,7025
12157,7084
12173,7059
12185,7021
12236,7059
12251,7111
12260,7120
12288,7104
12320,7121
12335,7202
12363,7216
12381,7153
12427,7168
12427,7263
12446,7280
12472,7239
12520,7258
12541,7332
12553,7356
12575,7327
12609,7324
12615,7413
12647,7449
12699,7440
12717,7429
12729,7483
12752,7541
12778,7540
12816,7545
12855,7574
12866,7635
12882,7638
12931,7619
12956,7666
12983,7753
13016,7742
13030,7724
13066,7765
13081,7835
13107,7857
13132,7822
13143,7847
13179,7934
13215,7960
13241,7933
13272,7952
13284,8016
13310,8112
13356,8058
13373,8073
13376,8138
13410,8174
13417,8167
13456,8145
13475,8225
13496,8267
13513,8260
13521,8253
13548,8325
13556,8376
13595,8372
13610,8339
13620,8368
13641,8461
13657,8447
13687,8415
13706,8452
13713,8547
13740,8522
13775,8533
13788,8533
13799,8621
13816,8634
13817,8624
13851,8646
13873,8717
13887,8730
13912,8721
13907,8699
13947,8789
13957,8855
13984,8816
13998,8789
13994,8858
14026,8929
14033,8899
14079,8892
14079,8955
14078,9053
14113,9017
14125,8961
14167,9039
14156,9155
14176,9127
14220,9084
14222,9160
14231,9245
14265,9257
14263,9179
14285,9263
14333,9371
14349,9401
14375,9355
14373,9393
14400,9510
14422,9536
14441,9459
14460,9497
14480,9623
14518,9680
14542,9635
14552,9657
14578,9781
14594,9836
14635,9803
14639,9790
14670,9916
14694,10007
14714,9983
14746,9963
14771,10080
14804,10222
14829,10176
14862,10143
14863,10227
14897,10335
14925,10326
14951,10300
14983,10415
15015,10508
15014,10534
15060,10513
15098,10582
15114,10721
15138,10750
15144,10680
15189,10724
15206,10876
15244,10899
15231,10828
15253,10848
15305,10998
15319,11063
15358,11016
15388,11023
15423,11189
15418,11230
15418,11161
15454,11133
15488,11323
15498,11368
15521,11302
15557,11275
15571,11435
15595,11485
15599,11409
15629,11385
15645,11531
15647,11583
15668,11530
15700,11490
15730,11599
15743,11676
15752,11627
15796,11598
15815,11714
15826,11797
15835,11708
15853,11702
15881,11771
15875,11857
15882,11847
15909,11783
15943,11872
15960,11951
15965,11889
15982,11855
16008,11936
16022,12058
16033,12003
16056,11974
16063,12005
16106,12114
16109,12056
16146,12028
16173,12076
16173,12205
16189,12185
16205,12144
16253,12179
16253,12277
16265,12262
16288,12208
16333,12253
16330,12361
16351,12369
16369,12321
0,12323
41,12448
39,12484
82,12408
108,12422
138,12552
148,12560
169,12493
208,12513
248,12637
230,12686
270,12590
308,12598
334,12720
353,12791
381,12713
419,12711
456,12843
447,12908
456,12846
521,12814
561,12903
583,12951
599,12913
637,12924
709,13041
667,13073
715,13037
765,13017
807,13137
807,13177
836,13098
875,13113
906,13234
907,13275
945,13203
985,13200
1002,13304
1034,13354
1023,13276
1095,13267
1132,13387
1134,13417
1153,13370
1188,13336
1211,13444
1226,13493
1246,13427
1285,13417
1314,13517
1328,13562
1361,13494
1390,13480
1405,13574
1416,13593
1429,13545
1473,13548
1478,13616
1498,13656
1504,13612
1564,13580
1566,13690
1579,13710
1610,13658
1642,13639
1667,13756
1679,13757
1712,13709
1730,13696
1768,13780
1744,13786
1774,13756
1814,13754
1806,13818
1825,13838
1859,13788
1891,13789
1909,13899
1929,13883
1930,13836
1969,13861
2005,13951
2007,13931
2027,13877
2075,13891
2087,13977
2097,13994
2121,13932
2175,13943
2181,14044
2182,14025
2228,13982
2265,14006
2277,14075
2291,14091
2337,14043
2335,14058
2374,14175
2413,14153
2437,14086
2458,14119
2482,14223
2508,14218
2572,14166
2592,14184
2606,14262
2625,14295
2658,14241
2684,14260
2719,14351
2744,14356
2806,14311
2827,14339
2852,14420
2865,14411
2910,14366
2947,14420
2975,14497
2992,14507
3013,14445
3069,14471
3091,14563
3103,14552
3143,14510
3193,14557
3220,14633
3238,14635
3263,14592
3317,14613
3327,14689
3364,14713
3375,14660
3419,14673
3450,14778
3463,14761
3488,14712
3541,14742
3529,14828
3573,14837
3599,14779
3635,14813
3653,14911
3671,14899
3708,14851
3735,14867
3753,14951
3791,14941
3797,14905
3801,14917
3841,14999
3835,15010
3885,14954
3909,14975
3906,15032
3918,15052
3960,15018
3993,15033
4000,15095
4024,15100
4050,15048
4068,15064
4060,15146
4086,15156
4118,15095
4132,15128
4138,15204
4146,15194
4178,15156
4200,15180
4218,15226
4242,15250
4230,15196
4270,15240
4270,15284
4296,15328
4330,15270
4352,15272
4362,15352
4388,15362
4404,15312
4434,15330
4436,15402
4478,15427
4498,15375
4505,15391
4532,15449
4542,15493
4582,15459
4593,15466
4622,15530
4628,15563
4658,15524
4680,15543
4694,15605
4730,15639
4759,15602
4778,15608
4816,15695
4806,15736
4864,15688
4910,15679
4906,15774
4934,15810
4948,15764
4978,15776
5006,15873
5022,15916
5062,15900
5104,15880
5112,15969
5114,16026
5160,15994
5190,15998
5206,16048
5204,16137
5250,16111
5294,16061
5302,16181
5331,16246
5358,16199
5406,16202
5418,16280
5450,16348
5475,16329
5501,16319
5521,16381
5543,72
5567,49
5587,31
5599,113
5633,191
5641,184
5685,167
5691,220
5719,297
5750,286
5778,247
5787,326
5791,389
5815,405
5853,343
5849,407
5875,499
5883,477
5928,453
5929,493
5951,599
5985,563
5987,553
5982,612
6027,693
6042,669
6062,628
6069,703
6091,780
6103,761
6137,717
6165,781
6157,887
6183,887
6199,794
6205,857
6225,972
6241,953
6255,883
6285,945
6306,1078
6327,1056
6339,1003
6355,1063
6364,1162
6379,1160
6403,1115
6399,1147
6439,1275
6467,1313
6479,1235
6491,1269
6517,1415
6533,1419
6563,1367
6577,1389
6594,1529
6637,1559
6634,1501
6668,1557
6686,1681
6706,1724
6719,1640
6761,1708
6769,1837
6805,1889
6804,1797
6859,1849
6868,1981
6898,2021
6922,1940
6943,2008
6969,2143
7008,2189
7021,2133
7059,2148
7054,2348
7090,2399
7122,2297
7164,2342
7184,2510
7209,2573
7233,2482
7251,2532
7307,2696
7317,2720
7316,2666
7365,2679
7389,2841
7397,2927
7432,2840
7473,2832
7509,2991
7514,3092
7525,2995
7580,2989
7598,3146
7638,3230
7631,3193
7669,3171
7699,3293
7701,3393
7729,3310
7744,3277
7810,3408
7811,3480
7813,3428
7846,3417
7870,3530
7900,3629
7912,3569
7932,3515
7967,3629
7958,3708
7976,3650
7997,3607
8041,3708
8026,3803
8037,3732
8083,3708
8087,3771
8103,3880
8123,3827
8133,3772
8161,3836
8191,3946
8197,3910
8213,3863
8242,3932
8242,4025
8256,4004
8283,3925
8326,3984
8322,4082
8338,4065
8363,4023
8393,4068
8397,4177
8411,4167
8429,4108
8461,4123
8475,4232
8495,4264
8492,4172
8535,4192
8571,4327
8570,4340
8593,4271
8628,4271
8648,4399
8687,4405
8693,4370
8737,4359
8745,4476
8783,4535
8798,4464
8824,4440
8850,4582
8862,4629
8876,4543
8934,4549
8966,4647
8964,4720
8997,4673
9050,4643
9086,4739
9097,4843
9125,4763
9155,4731
9187,4840
9201,4911
9231,4859
9268,4837
9304,4908
9320,5033
9350,4977
9398,4939
9425,5013
9440,5101
9436,5058
9501,5024
9538,5095
9563,5191
9577,5183
9633,5121
9675,5171
9676,5250
9690,5271
9744,5203
9788,5216
9793,5346
9800,5339
9851,5277
9869,5287
9919,5399
9919,5417
9955,5337
9967,5384
9985,5458
10013,5482
10052,5420
10103,5412
10093,5508
10119,5532
10130,5476
10189,5460
10192,5550
10220,5608
10237,5525
10277,5518
10316,5600
10309,5680
10301,5616
10353,5568
10374,5648
10380,5694
10378,5662
10450,5608
10470,5688
10478,5744
10485,5705
10525,5674
10557,5724
10589,5781
10601,5759
10612,5701
10635,5760
10664,5851
10660,5802
10675,5778
10709,5813
10718,5887
10743,5875
10777,5832
10805,5865
10812,5929
10822,5921
10871,5875
10894,5900
10928,5976
10942,5978
10979,5937
11007,5935
11027,6034
11029,6039
11071,5999
11116,5996
11124,6093
11134,6094
11166,6067
11208,6068
11232,6131
11258,6178
11263,6151
11323,6129
11341,6191
11364,6251
11385,6211
11443,6201
11471,6259
11499,6316
11541,6267
11564,6258
11590,6305
11608,6381
11620,6366
11667,6344
11715,6379
11731,6481
11746,6442
11803,6415
11825,6442
11865,6520
11866,6524
11905,6473
11942,6532
11954,6620
11992,6604
12021,6568
12073,6572
12119,6657
12113,6694
12146,6626
12159,6643
12194,6718
12196,6742
12225,6711
12269,6725
12289,6779
12320,6811
12337,6788
12357,6783
12379,6845
12404,6892
12419,6857
12476,6846
12485,6893
12468,6935
12483,6900
12529,6895
12553,6927
12575,6995
12597,6984
12610,6922
12648,6977
12644,7044
12665,7038
12683,6984
12705,7027
12725,7084
12709,7111
12763,7046
12759,7058
12785,7135
12784,7150
12839,7098
12864,7110
12867,7190
12893,7213
12893,7153
12921,7148
12945,7216
12940,7250
12970,7225
12997,7230
13009,7273
13017,7323
13056,7294
13053,7286
13094,7325
13084,7369
13126,7352
13152,7348
13185,7372
13182,7450
13209,7447
13224,7401
13269,7451
13271,7509
13281,7518
13310,7481
13345,7498
13378,7562
13390,7620
13404,7563
13442,7590
13464,7668
13482,7712
13497,7680
13529,7693
13575,7762
13589,7812
13603,7797
13638,7769
13636,7848
13674,7921
13726,7892
13745,7897
13774,7968
13796,8025
13828,8009
13825,8015
13847,8087
13873,8147
13923,8128
13938,8128
13960,8163
13976,8249
14003,8261
14046,8251
14052,8292
14094,8355
14105,8375
14129,8379
14149,8378
14171,8481
14213,8550
14233,8486
14268,8508
14284,8606
14292,8648
14314,8646
14328,8624
14375,8685
14388,8790
14407,8751
14424,8728
14449,8787
14460,8872
14476,8844
14486,8850
14503,8883
14538,8987
14543,8959
14557,8919
14589,8992
14611,9117
14635,9095
14641,9053
14676,9083
14678,9184
14690,9171
14694,9123
14714,9158
14741,9271
14755,9274
14793,9251
14797,9271
14791,9349
14817,9413
14831,9347
14857,9354
14879,9449
14894,9512
14913,9429
14943,9452
14962,9573
14960,9640
15001,9575
14992,9573
15013,9681
15057,9751
15053,9674
15079,9695
15103,9745
15135,9840
15136,9842
15155,9780
15174,9881
15198,9972
15213,9975
15237,9932
15252,9996
15277,10129
15313,10151
15325,10073
15353,10130
15387,10283
15386,10288
15428,10217
15430,10272
15461,10416
15490,10490
15507,10390
15537,10454
15574,10613
15590,10637
15606,10594
15637,10592
15678,10760
15681,10816
15716,10730
15741,10784
15791,10922
15793,10997
15811,10908
15840,10926
15885,11100
15907,11155
15920,11110
15957,11092
15986,11218
15997,11311
16020,11252
16059,11233
16088,11369
16102,11478
16130,11447
16151,11398
16179,11527
16232,11623
16239,11603
16264,11552
16284,11643
16323,11744
16325,11715
16377,11689
5,11783
11,11865
24,11857
64,11778
100,11870
102,11998
114,11968
148,11896
172,11989
183,12085
192,12055
199,11973
256,12052
260,12146
270,12154
288,12050
319,12157
332,12235
353,12239
357,12160
391,12214
394,12308
422,12331
441,12254
471,12271
483,12371
508,12393
525,12291
534,12359
575,12437
582,12462
588,12377
624,12424
648,12530
660,12529
670,12470
712,12477
716,12567
726,12632
742,12544
798,12532
824,12656
815,12719
837,12632
874,12638
902,12770
898,12779
934,12725
972,12706
975,12813
1011,12871
1035,12805
1088,12778
1119,12899
1134,12949
1146,12884
1185,12867
1215,12979
1231,13045
1230,12982
1299,12985
1319,13100
1341,13142
1365,13052
1409,13054
1429,13157
1449,13213
1473,13163
1517,13159
1529,13269
1567,13310
1612,13240
1644,13258
1683,13341
1687,13384
1743,13340
1767,13331
1789,13429
1804,13497
1842,13417
1891,13405
1905,13521
1912,13560
1947,13513
2027,13508
2028,13598
2042,13634
2086,13545
2117,13585
2149,13657
2159,13691
2180,13647
2228,13642
2266,13731
2264,13750
2296,13703
2341,13701
2344,13794
2350,13839
2378,13755
2420,13769
2440,13842
2460,13882
2466,13807
2517,13810
2527,13905
2551,13927
2553,13865
2613,13876
2622,13954
2621,13959
2634,13902
2678,13915
2703,14025
2717,14007
2729,13959
2757,13965
2798,14045
2787,14045
2793,14010
2847,14025
2855,14091
2856,14084
2900,14032
2932,14078
2940,14156
2948,14155
2997,14096
3024,14123
3044,14187
3048,14183
3064,14114
3124,14160
3123,14247
3126,14240
3168,14155
3202,14208
3217,14281
3219,14290
3240,14246
3280,14255
3297,14349
3314,14338
3357,14294
3390,14317
3416,14407
3434,14403
3455,14363
3510,14386
3513,14444
3527,14459
3601,14419
3603,14447
3632,14538
3650,14519
3695,14479
3720,14516
3763,14591
3762,14577
3800,14550
3824,14590
3854,14666
3860,14671
3899,14619
3938,14655
3964,14743
3964,14730
4012,14684
4052,14722
4081,14800
4096,14812
4132,14757
4168,14793
4167,14895
4200,14896
4240,14832
4289,14865
4298,14944
4330,14959
4336,14901
4395,14953
4413,15035
4421,15041
4469,14981
4479,15011
4501,15091
4525,15080
4565,15055
4593,15092
4617,15157
4618,15196
4649,15111
4685,15157
4695,15225
4693,15242
4735,15183
4759,15198
4761,15288
4783,15289
4815,15235
4839,15261
4831,15327
4851,15343
4883,15295
4919,15311
4909,15385
4935,15385
4967,15353
4975,15375
5002,15438
5007,15461
5040,15388
5060,15413
5074,15477
5071,15496
5108,15458
5119,15457
5120,15527
5128,15556
5171,15530
5182,15517
5211,15594
5217,15642
5244,15566
5257,15551
5281,15663
5301,15660
5321,15640
5324,15651
5354,15726
5380,15732
5390,15684
5414,15715
5416,15780
5444,15807
5488,15778
5504,15778
5508,15864
5518,15902
5560,15860
5578,15864
5612,15948
5633,15977
5646,15950
5682,15959
5682,16039
5712,16084
5749,16037
5772,16072
5772,16140
5823,16176
5822,16140
5866,16154
5881,16230
5903,16273
5931,16231
5951,16271
5977,16353
5985,18
6029,16370
6065,0
6082,48
6099,104
6131,82
6133,94
6183,213
6205,265
6229,230
6265,239
6277,313
6310,382
6328,343
6338,375
6386,460
6401,546
6435,493
6449,489
6481,584
6498,660
6519,662
6537,647
6559,723
6580,780
6588,750
6628,734
6643,813
6662,912
6676,872
6712,845
6718,957
6753,1016
6782,994
6762,956
6810,1062
6818,1163
6830,1120
6838,1064
6878,1148
6875,1271
6896,1192
6918,1180
6944,1258
6974,1322
6984,1315
6986,1277
7000,1352
7036,1447
7058,1407
7065,1365
7075,1406
7098,1528
7125,1530
7122,1477
7144,1532
7178,1637
7185,1659
7208,1570
7232,1644
7254,1771
7245,1795
7290,1724
7311,1759
7329,1875
7347,1913
7359,1821
7373,1915
7417,2027
7421,2039
7441,1961
7482,2005
7487,2151
7524,2173
7521,2121
7557,2165
7573,2302
7585,2309
7605,2264
7659,2321
7671,2456
7689,2454
7713,2435
7752,2596
7789,2383
7790,2575
7814,2752
7869,2716
7861,2589
7901,2713
7932,2905
7958,2839
7999,2760
7996,2918
8041,3067
8053,3043
8100,2949
8121,3095
8142,3230
8158,3230
8191,3087
8225,3206
8238,3406
8284,3306
8315,3269
8318,3329
8338,3566
8398,3541
8432,3373
8446,3490
8463,3682
8495,3642
8525,3523
8540,3604
8556,3843
8591,3829
8629,3635
8621,3757
8665,3965
8697,3911
8713,3774
8725,3941
8771,4101
8766,4034
8827,3842
8833,3958
8836,4148
8886,4122
8906,4009
8925,4035
8918,4252
8958,4228
8972,4133
8968,4052
8993,4255
9017,4347
9026,4141
9054,4140
9064,4336
9093,4369
9108,4215
9129,4215
9158,4359
9173,4472
9208,4321
9229,4279
9208,4468
9246,4517
9288,4392
9288,4329
9298,4494
9321,4637
9361,4475
9363,4359
9403,4608
9379,4681
9437,4539
9479,4464
9463,4640
9488,4751
9564,4614
9573,4510
9577,4641
9592,4855
9641,4657
9668,4647
9681,4756
9701,4905
9755,4795
9769,4652
9774,4750
9780,5007
9833,4923
9867,4817
9895,4821
9904,5100
9932,4984
9986,4852
9990,4850
10016,5135
10084,5064
10118,4928
10122,5056
10127,5257
10195,5197
10229,5021
10223,5114
10263,5310
10313,5327
10340,5133
10314,5160
10356,5359
10402,5359
10436,5259
10458,5261
10472,5469
10541,5499
10588,5344
10627,5331
10626,5467
10677,5552
10723,5381
10723,5395
10739,5535
10780,5660
10816,5518
10840,5458
10866,5639
10888,5742
10921,5599
10937,5483
10967,5681
11013,5760
11031,5634
11076,5559
11070,5780
11088,5880
11146,5785
11162,5626
11178,5663
11191,5948
11222,5810
11255,5654
11263,5803
11270,5945
11302,5929
11322,5720
11322,5840
11336,5959
11384,5960
11397,5779
11413,5763
11425,6044
11455,5935
11485,5806
11506,5796
11534,6094
11558,6053
11586,5914
11576,5876
11613,6119
11626,6116
11669,5941
11678,5910
11679,6127
11706,6178
11734,6062
11747,5945
11752,6124
11781,6188
11818,6038
11835,6010
11859,6218
11866,6284
11892,6179
11932,6078
11942,6298
11958,6332
12016,6281
12030,6177
12037,6201
12072,6430
12121,6358
12131,6191
12149,6222
12154,6436
12196,6328
12225,6254
12218,6291
12241,6492
12300,6486
12317,6325
12318,6351
12369,6603
12421,6595
12422,6428
12462,6361
12474,6539
12504,6517
12558,6537
12557,6616
12579,6649
12621,6576
12656,6620
12694,6700
12704,6705
12728,6680
12762,6680
12776,6738
12784,6772
12835,6765
12871,6753
12909,6826
12926,6866
12941,6857
12973,6822
13026,6881
13034,6954
13056,6930
13122,6912
13134,6975
13134,7014
13156,7001
13193,6980
13216,7032
13223,7085
13243,7081
13281,7068
13305,7094
13315,7166
13330,7144
13373,7115
13380,7152
13403,7210
13422,7227
13448,7176
13468,7206
13503,7273
13475,7287
13528,7260
13536,7268
13553,7329
13562,7355
13584,7313
13605,7302
13632,7378
13637,7385
13660,7353
13678,7356
13695,7424
13685,7452
13727,7411
13758,7421
13779,7466
13777,7525
13789,7482
13792,7467
13829,7516
13850,7582
13880,7559
13870,7520
13886,7572
13920,7621
13936,7633
13957,7598
13955,7627
13997,7693
14005,7712
14025,7678
14057,7712
14073,7772
14094,7804
14112,7770
14145,7828
14156,7884
14158,7883
14202,7853
14214,7872
14258,7935
14264,7979
14291,7964
14310,7963
14333,8053
14349,8085
14381,8060
14395,8048
14414,8140
14454,8202
14469,8190
14501,8167
14508,8235
14552,8328
14566,8311
14597,8289
14618,8376
14643,8449
14675,8446
14683,8427
14710,8481
14754,8574
14770,8566
14790,8545
14811,8613
14856,8703
14854,8714
14903,8689
14897,8732
14933,8837
14961,8874
14997,8850
15022,8878
15049,8977
15075,9013
15090,9003
15100,9005
15130,9109
15160,9170
15174,9145
15212,9151
15226,9231
15243,9286
15260,9264
15279,9243
15312,9368
15341,9437
15342,9398
15360,9372
15396,9448
15406,9530
15411,9521
15422,9499
15481,9580
15475,9654
15491,9641
15497,9571
15529,9643
15554,9758
15555,9760
15578,9722
15604,9752
15619,9852
15622,9876
15630,9796
15660,9837
15702,9955
15691,9997
15717,9912
15745,9932
15769,10053
15774,10123
15784,10040
15815,10048
15838,10152
15864,10230
15854,10169
15896,10170
15916,10268
15942,10344
15961,10280
15971,10291
16007,10399
16005,10437
16013,10418
16049,10413
16073,10523
16111,10592
16111,10583
16132,10557
16169,10664
16188,10762
16184,10715
16235,10694
16242,10784
16294,10904
16292,10874
16330,10840
16379,10919
2,11074
11,11051
29,10987
69,11088
91,11203
105,11211
160,11166
180,11236
204,11150
228,11390
256,11505
282,11392
318,11336
338,11516
367,11657
403,11613
440,11509
447,11555
481,11785
521,11788
559,11636
549,11737
569,11987
612,11863
646,11803
667,11985
671,12072
752,12068
794,11912
796,11991
852,12212
847,12231
904,12045
910,12193
930,12321
976,12313
1002,12148
993,12256
1029,12460
1049,12391
1094,12234
1074,12313
1115,12515
1147,12469
1181,12295
1179,12443
1193,12577
1230,12546
1269,12372
1282,12451
1289,12609
1337,12725
1363,12515
1363,12576
1379,12703
1400,12707
1413,12561
1423,12534
1429,12784
1452,12748
1482,12640
1502,12697
1515,12846
1549,12860
1583,12636
1583,12700
1616,12910
1630,12922
1672,12750
1674,12700
1672,12964
1711,12944
1753,12809
1754,12830
1765,13017
1803,13099
1846,12898
1854,12874
1841,13069
1887,13153
1926,13012
1959,12931
1947,13163
2006,13254
2031,13078
2053,13014
2069,13277
2089,13295
2136,13107
2166,13124
2185,13313
2217,13383
2259,13220
2264,13227
2263,13370
2321,13438
2351,13233
2378,13250
2390,13442
2441,13518
2481,13375
2494,13330
2527,13567
2561,13623
2597,13417
2623,13385
2653,13632
2668,13677
2740,13575
2747,13486
2783,13737
2842,13828
2873,13558
2873,13582
2877,13818
2915,13840
2953,13679
2995,13685
3002,13888
3041,13931
3101,13727
3121,13747
3138,13918
3189,14017
3205,13815
3244,13820
3236,14017
3263,14060
3300,13867
3318,13878
3345,14127
3382,14100
3400,13956
3414,13886
3446,14121
3463,14149
3479,14009
3511,13979
3505,14229
3561,14221
3590,14041
3602,14008
3600,14243
3643,14278
3652,14128
3686,14072
3708,14340
3735,14321
3757,14147
3772,14151
3769,14258
3781,14305
3824,14194
3834,14162
3850,14369
3872,14387
3893,14207
3913,14249
3935,14383
3951,14373
3995,14271
4017,14276
4017,14442
4044,14477
4083,14327
4089,14318
4097,14441
4125,14586
4161,14362
4177,14411
4179,14505
4209,14648
4239,14397
4239,14450
4258,14606
4295,14686
4308,14583
4335,14510
4353,14664
4368,14641
4418,14645
4421,14510
4470,14718
4480,14794
4496,14564
4554,14611
4556,14826
4572,14866
4628,14745
4635,14659
4675,14863
4695,14946
4721,14879
4724,14724
4750,14879
4782,14999
4814,14890
4858,14830
4872,14932
4919,15086
4935,14961
4940,14865
4997,14995
5012,15133
5044,15020
5062,14936
5082,15112
5125,15099
5150,15086
5188,15192
5190,15196
5209,15159
5220,15178
5262,15242
5285,15261
5309,15249
5349,15259
5369,15321
5415,15359
5437,15361
5453,15349
5487,15405
5498,15441
5519,15391
5551,15409
5551,15455
5591,15523
5609,15503
5615,15475
5627,15530
5665,15580
5665,15545
5701,15539
5719,15584
5722,15641
5765,15629
5789,15585
5792,15637
5810,15693
5814,15673
5858,15643
5846,15713
5875,15771
5879,15730
5905,15709
5905,15759
5937,15803
5967,15803
5951,15795
5971,15809
5981,15865
6021,15859
6035,15853
6045,15885
6085,15927
6086,15914
6103,15897
6129,15949
6135,15993
6169,15977
6164,15956
6190,16032
6199,16061
6241,16066
6264,16046
6277,16081
6293,16151
6297,16167
6321,16129
6345,16177
6377,16257
6402,16252
6405,16213
6439,16264
6450,16328
6458,16353
6490,16327
6517,16348
6547,39
6569,87
6587,52
6601,75
6622,159
6664,176
6664,152
6717,208
6729,293
6759,289
6772,305
6799,301
6820,397
6846,458
6866,382
6880,432
6937,556
6949,582
6966,578
7020,585
7035,675
7058,742
7083,691
7103,727
7129,808
7160,892
7181,865
7194,866
7222,976
7274,1040
7290,1014
7310,1008
7316,1112
7350,1194
7374,1172
7385,1185
7421,1296
7430,1322
7445,1271
7481,1281
7509,1388
7522,1471
7539,1441
7569,1416
7599,1523
7601,1593
7615,1568
7631,1543
7673,1631
7681,1711
7687,1702
7717,1665
7729,1744
7751,1789
7749,1805
7789,1745
7813,1813
7829,1938
7843,1917
7853,1875
7888,1930
7899,2011
7904,2021
7925,1945
7956,2034
7968,2153
7986,2144
8006,2056
8018,2168
8042,2242
8046,2246
8062,2192
8111,2250
8098,2356
8125,2355
8137,2385
8173,2294
8219,2310
8202,2468
8241,2557
8263,2407
8281,2407
8293,2605
8307,2756
8351,2595
8371,2544
8375,2713
8415,2811
8448,2793
8448,2701
8477,2844
8476,3036
8532,2919
8587,2837
8564,2944
8596,3156
8632,3118
8668,2968
8696,3079
8706,3315
8747,3318
8765,3077
8803,3233
8821,3410
8846,3438
8880,3283
8907,3351
8908,3566
8969,3551
8987,3385
9007,3433
9018,3702
9069,3719
9114,3544
9132,3662
9148,3896
9203,3841
9228,3647
9265,3756
9272,3960
9306,4020
9376,3890
9374,3881
9404,4077
9453,4160
9454,4070
9478,3949
9487,4185
9528,4256
9583,4124
9601,4121
9606,4326
9648,4367
9706,4234
9719,4231
9726,4410
9769,4507
9798,4292
9802,4278
9832,4458
9825,4513
9893,4425
9892,4410
9919,4566
9945,4685
9964,4457
10001,4445
9984,4633
9991,4685
10053,4531
10045,4524
10066,4637
10079,4753
10128,4625
10159,4545
10148,4692
10185,4825
10201,4715
10228,4648
10241,4695
10263,4844
10290,4806
10304,4697
10299,4806
10315,4911
10351,4883
10393,4717
10371,4801
10420,4960
10444,4956
10472,4820
10468,4876
10517,5086
10559,5072
10571,4855
10606,4916
10597,5112
10667,5044
10674,4994
10687,4971
10709,5199
10741,5162
10787,5023
10789,5011
10814,5308
10836,5328
10882,5090
10900,5068
10916,5304
10960,5314
10981,5175
11005,5199
11038,5403
11057,5434
11091,5302
11127,5253
11144,5479
11182,5502
11232,5322
11240,5331
11269,5559
11294,5605
11326,5452
11345,5438
11378,5640
11413,5662
11465,5531
11485,5447
11496,5532
11533,5774
11607,5723
11595,5529
11619,5639
11665,5877
11702,5741
11726,5595
11754,5742
11765,5903
11795,5763
11844,5680
11843,5837
11877,5992
11921,5833
11953,5779
11935,5883
11982,6052
12016,5974
12052,5841
12037,5919
12088,6113
12107,6057
12144,5873
12147,5901
12180,6115
12213,6123
12229,5931
12235,5981
12244,6176
12257,6195
12291,5998
12313,6055
12328,6216
12334,6184
12356,6085
12385,6063
12393,6262
12407,6279
12461,6121
12461,6108
12483,6213
12512,6322
12528,6156
12558,6131
12536,6266
12573,6405
12609,6243
12607,6145
12622,6263
12661,6419
12677,6267
12689,6228
12699,6366
12734,6482
12748,6352
12778,6258
12798,6352
12813,6540
12866,6429
12876,6301
12891,6398
12902,6594
12929,6564
12967,6359
12973,6514
12985,6619
13017,6632
13042,6428
13066,6499
13092,6708
13118,6660
13134,6476
13126,6556
13167,6707
13206,6726
13238,6584
13245,6545
13257,6807
13308,6844
13331,6649
13360,6764
13369,6921
13427,6883
13419,6786
13450,6756
13470,6925
13519,6962
13538,6751
13564,6945
13580,6970
13604,6933
13640,6941
13671,7013
13703,7031
13715,7021
13753,7027
13779,7106
13807,7143
13819,7087
13858,7096
13889,7179
13894,7222
13934,7204
13948,7202
13976,7267
14000,7294
14038,7266
14052,7278
14054,7336
14099,7379
14126,7352
14123,7347
14163,7406
14165,7439
14197,7435
14208,7433
14233,7485
14271,7517
14282,7521
14289,7516
14320,7541
14336,7576
14372,7588
14366,7560
14389,7612
14416,7640
14418,7675
14441,7617
14434,7644
14457,7713
14493,7721
14497,7695
14519,7701
14539,7759
14567,7784
14567,7751
14580,7777
14610,7808
14604,7838
14622,7799
14656,7822
14662,7886
14694,7918
14706,7882
14707,7888
14734,7961
14762,7994
14765,7971
14797,7959
14805,8025
14844,8084
14837,8051
14871,8025
14885,8100
14920,8175
14921,8140
14941,8115
14957,8194
15001,8269
15012,8247
15022,8214
15054,8270
15084,8359
15110,8335
15103,8347
15132,8380
15167,8485
15165,8475
15208,8437
15235,8469
15245,8599
15279,8620
15280,8573
15341,8602
15365,8694
15395,8725
15407,8687
15412,8732
15459,8839
15494,8864
15506,8847
15531,8889
15550,8999
15590,9042
15609,8991
15632,9006
15665,9140
15679,9197
15725,9177
15732,9140
15757,9298
15791,9349
15805,9357
15831,9323
15877,9421
15896,9535
15915,9476
15954,9488
15967,9582
15998,9686
16018,9668
16048,9644
16070,9710
16088,9823
16100,9831
16118,9782
16143,9836
16171,9979
16199,9963
16213,9924
16229,9971
16253,10117
16287,10107
16293,10061
16332,10089
16351,10194
16356,10220
16367,10168
0,10183
26,10296
28,10336
45,10243
87,10266
112,10443
99,10451
115,10366
157,10385
161,10513
177,10554
189,10487
216,10498
245,10622
254,10660
278,10601
304,10598
320,10725
353,10780
351,10713
395,10696
415,10843
425,10918
439,10839
469,10821
505,10941
515,11045
521,10993
565,10954
597,11085
603,11032
620,11180
642,11229
684,11125
705,11104
716,11296
736,11383
781,11224
808,11220
822,11451
844,11535
882,11366
892,11378
921,11572
956,11650
988,11546
1004,11464
1024,11714
1054,11806
1109,11679
1119,11681
1138,11869
1201,11958
1231,11786
1261,11774
1268,11934
1313,12112
1366,11924
1389,11935
1411,12117
1443,12217
1465,12102
1469,12079
1493,12227
1561,12343
1575,12285
1619,12223
1663,12367
1651,12517
1716,12355
1755,12336
1766,12533
1803,12590
1865,12449
1877,12451
1899,12535
1924,12650
1953,12649
1969,12556
1981,12657
2021,12809
2067,12651
2103,12603
2109,12841
2129,12919
2175,12771
2180,12722
2181,12843
2217,12997
2259,12827
2280,12771
2282,12971
2317,13004
2347,12903
2340,12836
2369,13033
2401,13063
2401,13019
2411,12858
2419,12957
2449,13141
2494,13008
2530,12908
2539,13068
2554,13265
2585,13131
2589,13046
2589,13201
2631,13306
2666,13154
2684,13000
2685,13218
2707,13322
2737,13163
2759,13100
2771,13283
2806,13411
2821,13222
2835,13161
2875,13295
2894,13483
2930,13268
2941,13201
2949,13401
2973,13525
3017,13398
3059,13311
3059,13414
3069,13566
3133,13412
3125,13366
3181,13597
3195,13649
3235,13513
3255,13419
3269,13525
3281,13701
3342,13580
3371,13509
3383,13696
3405,13818
3442,13642
3479,13611
3491,13824
3530,13834
3571,13772
3595,13655
3625,13849
3645,13929
3683,13825
3709,13725
3731,13841
3769,14009
3813,13873
3845,13791
3855,14007
3895,14075
3925,13997
3938,13875
3943,13929
3961,14127
4017,14006
4057,13935
4085,14114
4095,14247
4159,14062
4161,13987
4175,14163
4212,14294
4251,14263
4250,14094
4264,14173
4312,14390
4324,14282
4354,14140
4363,14241
4384,14420
4430,14282
4444,14166
4454,14302
4486,14484
4529,14285
4520,14259
4532,14354
4556,14512
4572,14366
4618,14298
4606,14418
4640,14561
4660,14426
4659,14262
4672,14481
4696,14609
4728,14430
4736,14360
4740,14420
4752,14674
4802,14548
4818,14416
4816,14528
4845,14718
4890,14623
4890,14486
4893,14649
4927,14737
4946,14679
4964,14560
4977,14526
4991,14743
5041,14657
5047,14565
5071,14669
5098,14824
5108,14785
5121,14632
5149,14724
5167,14894
5185,14843
5205,14695
5229,14707
5253,14956
5282,14840
5297,14713
5301,14828
5333,15041
5376,15026
5385,14768
5395,14840
5428,15012
5440,15038
5478,14852
5478,14916
5510,15136
5558,15064
5558,14958
5578,14908
5606,15182
5642,15204
5666,14969
5684,15009
5724,15272
5756,15154
5792,15176
5807,15272
5826,15265
5846,15226
5874,15278
5906,15362
5924,15369
5956,15322
5970,15369
6000,15442
6034,15447
6042,15394
6063,15409
6096,15520
6108,15534
6158,15512
6164,15529
6206,15595
6194,15623
6252,15576
6268,15615
6318,15701
6317,15711
6344,15679
6368,15711
6382,15758
6406,15798
6416,15768
6451,15777
6468,15844
6477,15872
6510,15842
6518,15850
6538,15928
6565,15956
6591,15914
6595,15928
6620,15983
6628,16011
6636,15982
6664,15979
6670,16060
6705,16095
6715,16053
6741,16025
6751,16100
6763,16147
6781,16103
6768,16094
6794,16162
6831,16207
6835,16194
6861,16173
6866,16237
6885,16292
6909,16248
6926,16234
6939,16290
6967,16373
6989,16328
6979,16308
7019,16370
7033,63
7037,28
7065,9
7101,71
7123,144
7136,124
7173,109
7181,167
7191,257
7207,223
7231,197
7266,252
7274,363
7295,320
7314,303
7346,372
7378,468
7394,441
7422,416
7436,486
7458,591
7502,580
7498,551
7538,582
7558,719
7586,752
7600,698
7621,749
7651,864
7671,882
7711,860
7739,873
7776,993
7780,1026
7798,1020
7839,1024
7876,1171
7898,1197
7926,1142
7959,1199
7996,1331
8004,1382
8027,1307
8061,1357
8081,1459
8113,1527
8114,1500
8153,1505
8201,1638
8206,1701
8229,1649
8253,1681
8279,1817
8327,1895
8334,1828
8358,1802
8392,1932
8404,2011
8422,2004
8448,1927
8480,2049
8492,2156
8518,2136
8537,2110
8587,2167
8571,2283
8571,2261
8590,2183
8643,2277
8669,2378
8660,2335
8686,2319
8722,2366
8723,2488
8741,2467
8745,2433
8794,2462
8801,2588
8832,2584
8832,2480
8868,2578
8870,2683
8893,2727
8918,2621
8937,2674
8952,2803
8954,2797
8993,2753
9033,2803
9055,2927
9059,2918
9067,2854
9117,2855
9129,2975
9139,3064
9166,2958
9208,3003
9242,3135
9241,3154
9252,3093
9299,3091
9318,3256
9340,3317
9342,3222
9365,3211
9388,3335
9428,3426
9443,3319
9479,3343
9523,3462
9533,3547
9549,3471
9604,3454
9652,3585
9652,3672
9674,3613
9702,3581
9775,3701
9756,3810
9777,3738
9819,3704
9862,3828
9856,3950
9892,3886
9927,3832
9968,3958
9982,4071
10015,4029
10063,3999
10093,4079
10103,4183
10149,4163
10208,4116
10232,4177
10248,4304
10290,4287
10318,4238
10360,4318
10383,4393
10400,4412
10433,4349
10453,4413
10500,4524
10517,4539
10544,4460
10595,4503
10621,4617
10645,4625
10665,4587
10711,4597
10732,4696
10755,4737
10787,4684
10816,4653
10850,4782
10846,4805
10871,4736
10900,4744
10943,4851
10953,4914
10969,4816
11003,4803
11019,4929
11039,4972
11060,4896
11080,4854
11110,4961
11102,5028
11112,4930
11147,4895
11188,4984
11179,5079
11212,5016
11237,4977
11261,5051
11252,5114
11276,5055
11327,5040
11338,5105
11319,5177
11358,5144
11385,5084
11423,5133
11445,5243
11435,5186
11474,5124
11513,5198
11518,5270
11547,5277
11574,5206
11614,5236
11622,5338
11620,5327
11657,5267
11698,5309
11715,5382
11699,5400
11731,5345
11785,5353
11813,5441
11788,5478
11856,5400
11872,5420
11905,5506
11912,5548
11942,5492
11968,5477
11994,5555
12047,5614
12051,5550
12093,5543
12107,5630
12139,5685
12156,5638
12179,5621
12212,5687
12234,5760
12271,5716
12288,5691
12325,5773
12336,5849
12381,5808
12409,5763
12436,5823
12445,5916
12484,5876
12514,5824
12554,5894
12569,5987
12592,5956
12624,5898
12659,5968
12676,6047
12707,6029
12758,5967
12749,6016
12779,6116
12813,6098
12848,6058
12870,6100
12886,6155
12900,6161
12922,6115
12958,6140
12990,6218
13013,6230
13028,6189
13061,6193
13065,6278
13089,6296
13131,6236
13129,6243
13147,6320
13170,6353
13160,6281
13212,6298
13201,6367
13226,6390
13260,6345
13291,6325
13295,6383
13305,6425
13321,6411
13337,6373
13356,6423
13371,6479
13384,6445
13419,6421
13455,6468
13448,6514
13477,6500
13490,6456
13511,6502
13529,6575
13546,6560
13565,6517
13587,6546
13599,6629
13624,6599
13634,6563
13652,6606
13678,6672
13698,6670
13720,6618
13730,6640
13748,6716
13772,6730
13792,6686
13816,6716
13825,6770
13852,6794
13898,6726
13895,6767
13911,6836
13949,6856
13977,6793
13985,6821
13997,6885
14017,6901
14049,6867
14072,6864
14094,6949
14112,6973
14140,6964
14158,6952
14188,7015
14214,7060
14244,7032
14262,7027
14278,7094
14325,7131
14329,7107
14365,7101
14383,7173
14424,7237
14433,7219
14454,7189
14480,7267
14508,7315
14537,7325
14548,7282
14593,7335
14617,7422
14638,7404
14672,7384
14698,7407
14718,7499
14753,7509
14779,7496
14788,7498
14831,7603
14845,7612
14873,7590
14877,7625
14917,7701
14945,7711
14937,7677
14969,7701
15027,7750
15015,7808
15037,7781
15064,7796
15084,7874
15127,7886
15113,7863
15146,7864
15180,7938
15188,7967
15210,7931
15216,7927
15236,8014
15259,8043
15266,7992
15276,8017
15288,8069
15316,8094
15338,8065
15332,8061
15367,8133
15377,8159
15403,8145
15403,8135
15433,8190
15449,8242
15479,8217
15487,8191
15498,8238
15531,8317
15531,8292
15551,8272
15577,8340
15592,8404
15600,8375
15616,8360
15652,8416
15656,8476
15680,8488
15698,8432
15720,8500
15748,8594
15762,8587
15770,8522
15810,8583
15836,8672
15850,8671
15866,8652
15903,8709
15925,8797
15931,8823
15953,8765
15991,8790
16009,8902
16023,8955
16041,8860
16063,8927
16096,9043
16114,9072
16138,9049
16167,9064
16222,9179
16214,9234
16232,9202
16280,9192
16313,9300
16330,9358
16350,9326
16373,9390
31,9464
42,9540
54,9553
103,9523
137,9626
151,9689
179,9656
193,9674
245,9766
255,9876
275,9886
300,9844
344,9953
363,10057
390,10058
419,9986
458,10121
488,10240
510,10240
525,10202
566,10246
577,10369
596,10397
605,10344
663,10368
679,10529
697,10545
703,10475
738,10547
773,10649
803,10677
814,10600
852,10608
868,10791
865,10805
889,10737
941,10761
959,10887
960,10897
964,10829
1014,10845
1024,10972
1031,11040
1028,10926
1064,10958
1106,11072
1087,11115
1118,11024
1152,11025
1180,11197
1200,11219
1211,11151
1241,11128
1272,11273
1256,11316
1290,11246
1334,11250
1365,11385
1341,11432
1375,11352
1413,11321
1450,11473
1437,11544
1470,11470
1503,11437
1530,11577
1549,11674
1577,11559
1599,11555
1650,11698
1660,11758
1663,11705
1717,11693
1747,11807
1751,11889
1771,11815
1808,11781
1835,11917
1857,11993
1864,11925
1897,11916
1937,12034
1963,12105
1970,12070
2024,12009
2049,12130
2063,12229
2093,12168
2138,12136
2169,12286
2201,12339
2208,12284
2245,12262
2297,12385
2321,12465
2337,12417
2382,12378
2425,12520
2427,12577
2448,12534
2497,12517
2529,12589
2573,12713
2582,12638
2638,12604
2655,12719
2677,12817
2705,12729
2747,12701
2810,12835
2803,12927
2825,12873
2869,12809
2917,12944
2933,13013
2941,12948
2975,12913
3020,13003
3031,13081
3046,13051
3102,13011
3117,13107
3136,13180
3151,13122
3176,13069
3205,13158
3228,13249
3263,13183
3281,13151
3302,13236
3326,13305
3325,13248
3369,13203
3389,13281
3389,13353
3409,13290
3419,13267
3461,13328
3463,13393
3461,13319
3477,13295
3525,13377
3539,13465
3531,13381
3581,13347
3619,13401
3620,13505
3616,13450
3647,13409
3680,13460
3697,13562
3729,13495
3752,13444
3769,13528
3781,13604
3778,13558
3812,13513
3848,13578
3859,13647
3866,13621
3908,13558
3925,13629
3943,13718
3949,13681
3992,13624
4024,13684
4020,13766
4058,13731
4078,13692
4096,13741
4121,13835
4124,13796
4172,13745
4206,13823
4225,13908
4222,13844
4272,13805
4296,13863
4300,13960
4336,13949
4376,13876
4406,13934
4436,14046
4432,14010
4480,13942
4506,14010
4526,14082
4554,14068
4578,14016
4614,14092
4650,14151
4675,14148
4719,14102
4727,14151
4746,14229
4754,14224
4797,14160
4826,14213
4845,14301
4868,14308
4908,14242
4927,14285
4948,14379
4993,14373
5003,14303
5054,14364
5063,14436
5097,14435
5121,14382
5139,14410
5158,14503
5184,14510
5214,14470
5237,14479
5240,14552
5269,14548
5283,14506
5325,14535
5338,14606
5345,14606
5379,14564
5381,14578
5411,14667
5437,14649
5457,14615
5467,14633
5481,14726
5507,14711
5531,14649
5547,14695
5561,14747
5561,14755
5585,14695
5607,14709
5617,14786
5627,14798
5637,14749
5675,14754
5695,14828
5707,14849
5727,14779
5743,14807
5755,14887
5771,14896
5801,14834
5819,14861
5831,14935
5863,14937
5869,14899
5907,14913
5901,14979
5919,14975
5941,14945
5959,14945
5978,15037
6000,15046
6035,15003
6057,15009
6063,15087
6099,15113
6112,15075
6112,15091
6154,15136
6167,15185
6211,15143
6213,15124
6220,15223
6254,15244
6285,15206
6303,15210
6335,15277
6348,15313
6364,15277
6378,15290
6425,15350
6460,15374
6461,15364
6490,15364
6502,15444
6537,15475
6557,15465
6565,15439
6613,15540
6642,15560
6678,15540
6674,15540
6712,15604
6743,15662
6758,15638
6780,15614
6796,15699
6849,15755
6874,15763
6898,15736
6920,15801
6942,15875
6964,15837
6978,15828
7006,15900
7054,15949
7067,15946
7094,15924
7101,16006
7145,16067
7158,16073
7185,16043
7205,16109
7232,16146
7258,16142
7283,16126
7307,16183
7312,16254
7334,16237
7348,16208
7370,16269
7403,16331
7415,16314
7432,16285
7437,16332
7477,18
7471,39
7505,16374
7528,13
7522,86
7556,97
7563,64
7572,88
7608,145
7614,182
7642,124
7646,143
7663,231
7688,228
7709,213
7718,216
7743,297
7741,324
7763,281
7769,312
7817,391
7813,425
7844,383
7855,391
7895,490
7899,516
7923,456
7921,471
7981,547
7973,617
7995,579
8013,563
8034,693
8031,715
8070,686
8088,712
8141,762
8149,818
8169,809
8172,806
8214,864
8240,956
8240,919
8279,937
8324,1023
8336,1107
8338,1100
8384,1058
8409,1143
8448,1223
8455,1242
8475,1220
8512,1328
8538,1428
8547,1393
8579,1365
8617,1443
8663,1567
8659,1582
8692,1527
8737,1637
8764,1721
8783,1727
8812,1703
8860,1785
8880,1876
8887,1932
8932,1899
8976,1934
8978,2074
8996,2114
9011,2029
9057,2090
9114,2254
9112,2279
9140,2231
9196,2255
9222,2446
9224,2476
9268,2430
9295,2393
9322,2588
9345,2602
9353,2537
9401,2557
9425,2674
9457,2760
9450,2677
9499,2653
9503,2803
9522,2860
9545,2809
9595,2789
9611,2935
9615,2984
9612,2935
9678,2892
9690,3009
9713,3094
9696,3016
9754,2970
9768,3101
9786,3182
9782,3112
9834,3090
9850,3171
9854,3292
9862,3244
9890,3138
9917,3282
9934,3383
9959,3301
9975,3255
10016,3376
10027,3465
10055,3441
10077,3367
10113,3454
10107,3589
10133,3533
10161,3489
10204,3554
10205,3672
10229,3647
10272,3575
10296,3662
10300,3766
10312,3731
10362,3704
10390,3734
10428,3868
10424,3892
10453,3806
10493,3859
10492,3984
10524,3978
10581,3927
10597,3973
10621,4072
10617,4097
10671,4018
10705,4059
10736,4179
10733,4194
10765,4123
10815,4189
10840,4272
10868,4321
10894,4227
10910,4280
10941,4359
10956,4424
11001,4357
11065,4360
11097,4505
11101,4559
11122,4482
11185,4472
11205,4587
11215,4677
11253,4587
11286,4598
11342,4696
11350,4788
11372,4702
11430,4676
11432,4808
11468,4868
11480,4811
11529,4779
11581,4859
11583,4961
11613,4903
11677,4867
11700,4962
11705,5041
11721,4998
11780,4939
11784,5049
11792,5122
11834,5087
11856,5028
11892,5106
11894,5186
11903,5136
11923,5099
11953,5163
11965,5242
11996,5205
12021,5158
12043,5199
12076,5290
12064,5261
12084,5212
12108,5260
12128,5346
12150,5316
12172,5256
12217,5314
12213,5385
12223,5407
12229,5308
12259,5325
12279,5428
12289,5417
12313,5357
12332,5387
12349,5443
12340,5490
12382,5438
12404,5423
12423,5515
12448,5542
12458,5460
12484,5467
12509,5563
12525,5592
12545,5550
12579,5519
12589,5587
12611,5653
12614,5588
12658,5573
12668,5651
12686,5700
12714,5680
12746,5635
12766,5682
12770,5782
12802,5727
12827,5683
12839,5762
12869,5845
12893,5789
12937,5755
12955,5811
12958,5896
13006,5863
13020,5814
13060,5873
13070,5951
13106,5941
13120,5897
13134,5923
13184,6039
13174,6005
13215,5968
13245,6001
13272,6099
13299,6082
13320,6047
13351,6072
13387,6156
13408,6160
13438,6103
13463,6143
13501,6232
13524,6246
13557,6192
13582,6212
13582,6311
13624,6307
13646,6240
13685,6277
13696,6353
13726,6380
13740,6332
13756,6341
13797,6413
13806,6438
13847,6401
13854,6407
13894,6474
13900,6514
13933,6463
13957,6473
13958,6536
13991,6544
13997,6540
14029,6510
14041,6575
14079,6605
14094,6569
14088,6560
14112,6623
14130,6662
14162,6617
14172,6594
14181,6662
14206,6704
14225,6661
14207,6655
14252,6706
14237,6745
14289,6727
14289,6689
14329,6748
14312,6804
14335,6771
14357,6758
14384,6799
14385,6840
14419,6824
14447,6803
14451,6851
14484,6889
14500,6883
14507,6834
14536,6898
14550,6956
14570,6949
14598,6907
14606,6941
14632,7015
14666,7010
14662,6987
14674,6996
14725,7062
14744,7060
14758,7027
14774,7078
14793,7131
14811,7144
14841,7084
14858,7129
14872,7211
14896,7226
14913,7190
14949,7205
14959,7264
15005,7305
15009,7249
15047,7271
15071,7360
15110,7382
15121,7348
15135,7367
15161,7433
15201,7470
15225,7442
15217,7451
15261,7539
15287,7571
15308,7551
15333,7540
15364,7651
15410,7685
15412,7642
15438,7675
15479,7733
15500,7781
15514,7759
15546,7774
15574,7842
15608,7900
15638,7882
15650,7892
15703,7961
15716,8003
15733,7986
15728,7966
15770,8030
15795,8106
15819,8100
15851,8088
15865,8141
15897,8217
15926,8209
15925,8199
15943,8212
15987,8294
15998,8311
16014,8282
16042,8306
16074,8365
16068,8385
16084,8369
16103,8398
16138,8451
16138,8473
16158,8432
16178,8464
16199,8536
16206,8573
16234,8515
16255,8513
16275,8599
16297,8656
16295,8594
16327,8586
16349,8654
16341,8707
16383,8689
7,8695
24,8763
31,8779
48,8783
63,8772
81,8858
99,8894
101,8879
140,8848
160,8938
200,9027
204,8961
220,8977
260,9049
284,9112
290,9084
307,9071
347,9147
372,9204
390,9217
413,9195
442,9293
458,9356
457,9353
486,9297
521,9404
539,9485
559,9489
593,9449
627,9543
649,9633
677,9654
676,9603
736,9680
773,9788
807,9814
814,9770
856,9850
898,9953
890,10009
929,9956
976,9975
1014,10122
1025,10163
1038,10119
1087,10156
1131,10319
1132,10348
1158,10301
1216,10348
1232,10468
1258,10527
1288,10488
1343,10494
1380,10685
1371,10714
1396,10633
1453,10681
1469,10823
1515,10879
1515,10833
1557,10833
1595,10985
1595,11029
1641,10984
1661,10940
1718,11124
1701,11168
1713,11082
1769,11093
1804,11246
1827,11295
1835,11239
1873,11212
1899,11353
1903,11415
1941,11313
1965,11311
1999,11433
1975,11497
2005,11445
2044,11408
2051,11547
2070,11622
2075,11514
2116,11496
2153,11617
2165,11692
2150,11616
2204,11596
2222,11726
2236,11796
2254,11708
2294,11682
2316,11806
2333,11884
2323,11818
2368,11786
2396,11882
2407,11983
2412,11909
2456,11846
2475,11984
2490,12062
2504,12010
2544,11973
2592,12071
2596,12156
2623,12102
2664,12070
2672,12154
2704,12258
2738,12198
2766,12186
2800,12272
2802,12370
2822,12311
2845,12262
2895,12357
2909,12463
2920,12417
2963,12367
3010,12438
3016,12553
3030,12506
3062,12480
3102,12563
3116,12659
3148,12582
3169,12600
3231,12655
3239,12755
3255,12721
3311,12681
3353,12761
3375,12877
3383,12835
3415,12783
3476,12872
3471,12975
3501,12939
3535,12896
3591,12957
3607,13054
3618,13045
3661,12997
3703,13065
3724,13152
3737,13164
3787,13089
3833,13163
3837,13269
3855,13235
3911,13197
3939,13261
3951,13334
3955,13331
3989,13257
4035,13337
4045,13441
4057,13386
4085,13336
4144,13402
4137,13491
4150,13476
4172,13418
4206,13456
4222,13538
4230,13541
4262,13486
4309,13527
4310,13615
4302,13616
4328,13514
4367,13568
4383,13634
4398,13637
4404,13580
4449,13609
4429,13693
4459,13692
4486,13633
4499,13648
4521,13725
4535,13749
4581,13689
4586,13687
4601,13780
4618,13779
4618,13739
4650,13730
4665,13808
4686,13832
4692,13770
4724,13772
4722,13873
4754,13877
4766,13820
4814,13834
4808,13930
4862,13947
4864,13877
4900,13899
4920,13956
4930,14006
4960,13930
4976,13954
5000,14012
5014,14052
5034,14019
5055,14012
5087,14072
5076,14114
5133,14073
5149,14062
5166,14128
5187,14177
5230,14124
5245,14123
5277,14215
5311,14228
5318,14202
5343,14154
5377,14260
5387,14312
5421,14279
5445,14257
5493,14336
5498,14416
5527,14333
5555,14319
5577,14409
5581,14471
5619,14418
5655,14410
5684,14475
5700,14532
5737,14508
5764,14454
5785,14542
5819,14578
5845,14576
5872,14554
5894,14601
5921,14659
5926,14649
5968,14604
5986,14682
6022,14746
6056,14714
6062,14691
6089,14738
6101,14800
6128,14776
6152,14753
6169,14783
6201,14860
6207,14846
6222,14801
6248,14847
6276,14926
6291,14883
6297,14853
6335,14887
6349,14963
6353,14954
6382,14918
6393,14928
6414,15027
6432,14988
6437,14953
6469,14989
6469,15041
6507,15035
6521,14993
6523,15021
6547,15085
6557,15075
6573,15049
6600,15064
6611,15150
6636,15156
6650,15104
6656,15137
6673,15204
6714,15217
6704,15140
6722,15158
6754,15242
6792,15262
6806,15222
6818,15234
6842,15314
6856,15330
6872,15290
6910,15294
6919,15373
6964,15390
6976,15363
6982,15375
7000,15453
7032,15470
7070,15424
7053,15437
7081,15507
7120,15543
7134,15488
7140,15512
7187,15589
7216,15613
7229,15574
7246,15610
7274,15675
7305,15695
7317,15669
7327,15671
7364,15742
7399,15786
7421,15775
7446,15771
7469,15842
7511,15899
7513,15890
7549,15877
7601,15942
7627,15991
7627,15979
7654,15997
7681,16044
7716,16129
7749,16113
7753,16093
7788,16154
7816,16236
7848,16250
7864,16212
7898,16275
7930,16343
7967,16368
7971,16347
7998,16378
8048,51
8060,103
8084,76
8118,110
8146,188
8150,214
8170,164
8201,199
8217,321
8247,303
8243,285
8289,283
8311,387
8317,396
8333,368
8353,367
8383,467
8382,515
8415,450
8434,482
8456,562
8476,586
8484,530
8490,544
8522,614
8544,700
8537,635
8553,626
8578,681
8592,778
8621,703
8621,709
8657,771
8687,838
8702,825
8697,785
8745,867
8763,957
8769,918
8788,884
8820,961
8855,1051
8838,1033
8876,1008
8905,1049
8938,1170
8948,1152
8960,1130
8997,1172
9041,1272
9024,1294
9050,1247
9092,1263
9133,1400
9132,1420
9158,1348
9207,1426
9220,1538
9243,1578
9247,1496
9303,1577
9316,1703
9342,1727
9353,1681
9401,1726
9424,1864
9451,1881
9463,1832
9497,1842
9562,1997
9563,2059
9591,2005
9629,2021
9679,2191
9682,2224
9713,2168
9752,2200
9799,2319
9811,2393
9841,2340
9880,2383
9923,2519
9925,2609
9931,2534
9992,2510
10037,2707
10034,2734
10063,2689
10106,2728
10158,2846
10174,2972
10175,2843
10235,2830
10264,2992
10284,3110
10312,3018
10359,2988
10395,3143
10429,3230
10433,3179
10475,3154
10479,3266
10507,3359
10521,3315
10567,3266
10597,3355
10621,3454
10617,3433
10640,3373
10681,3462
10690,3572
10709,3515
10765,3469
10780,3563
10774,3635
10800,3624
10818,3532
10856,3605
10858,3723
10873,3729
10886,3643
10920,3666
10924,3808
10952,3783
10986,3708
10999,3768
11027,3893
11015,3866
11049,3785
11112,3876
11112,3991
11146,3975
11149,3916
11185,3955
11199,4076
11226,4072
11248,3995
11280,4042
11296,4142
11294,4156
11336,4117
11368,4102
11383,4229
11400,4276
11424,4200
11468,4206
11501,4327
11512,4351
11527,4304
11555,4310
11596,4428
11613,4449
11621,4388
11674,4412
11685,4498
11705,4577
11750,4488
11769,4457
11801,4587
11805,4655
11820,4596
11876,4568
11889,4682
11912,4754
11944,4705
11984,4671
12030,4778
12040,4857
12038,4784
12095,4777
12148,4851
12169,4942
12189,4891
12228,4853
12277,4935
12279,5071
12287,5007
12325,4955
12361,5048
12375,5144
12416,5110
12428,5066
12468,5123
12514,5242
12518,5200
12551,5128
12580,5197
12603,5291
12609,5276
12663,5248
12701,5285
12726,5384
12717,5370
12748,5310
12769,5349
12802,5428
12818,5409
12836,5376
12876,5403
12864,5492
12892,5489
12937,5445
12957,5453
12971,5544
12996,5558
13017,5491
13019,5505
13045,5582
13071,5613
13068,5542
13096,5544
13105,5623
13132,5663
13138,5578
13150,5585
13176,5674
13165,5701
13189,5627
13225,5609
13227,5691
13242,5729
13267,5667
13293,5645
13301,5729
13332,5783
13349,5738
13374,5710
13382,5772
13402,5834
13422,5794
13458,5753
13464,5813
13477,5885
13497,5839
13521,5799
13522,5879
13551,5948
13573,5911
13611,5859
13625,5930
13632,5995
13657,5972
13677,5921
13704,5984
13720,6061
13749,6022
13754,5996
13796,6031
13838,6110
13858,6087
13876,6049
13894,6078
13895,6199
13929,6176
13954,6103
13990,6139
13999,6235
14033,6223
14061,6184
14089,6209
14109,6299
14120,6299
14163,6250
14178,6289
14222,6379
14237,6377
14268,6342
14274,6354
14314,6430
14340,6464
14356,6409
14368,6436
14414,6499
14452,6519
14465,6491
14492,6524
14504,6598
14536,6612
14569,6542
14573,6570
14618,6665
14621,6671
14655,6625
14671,6633
14697,6711
14735,6744
14739,6707
14769,6711
14779,6762
14812,6803
14833,6766
14847,6749
14873,6839
14891,6847
14905,6825
14923,6828
14924,6882
14956,6903
14971,6889
14997,6864
15006,6916
15030,6960
15039,6929
15047,6905
15060,6960
15104,7005
15094,6984
15117,6968
15142,7000
15151,7058
15200,7035
15187,7019
15201,7064
15228,7103
15245,7087
15260,7065
15282,7094
15295,7141
15314,7154
15321,7103
15351,7145
15381,7225
15389,7194
15417,7191
15433,7209
15445,7286
15481,7287
15494,7231
15517,7267
15537,7343
15571,7337
15583,7313
15572,7339
15622,7408
15650,7441
15656,7410
15668,7416
15698,7474
15730,7508
15733,7471
15766,7494
15778,7574
15824,7574
15816,7548
15854,7580
15879,7652
15918,7686
15926,7638
15956,7668
15956,7718
16012,7780
16024,7738
16058,7744
16060,7836
16132,7882
16114,7844
16172,7825
16184,7924
16220,7972
16235,7961
16260,7937
16291,8057
16328,8132
16347,8105
16371,8087
25,8146
53,8217
61,8212
81,8213
139,8268
171,8359
181,8357
213,8317
222,8379
285,8472
261,8487
297,8443
336,8514
376,8588
367,8635
398,8570
440,8619
468,8713
485,8715
504,8686
524,8734
575,8806
573,8844
594,8790
613,8808
647,8901
645,8941
655,8873
681,8919
719,9001
729,9013
721,8966
767,8986
787,9073
796,9093
815,9040
853,9079
876,9172
887,9201
883,9139
908,9163
944,9236
943,9289
936,9231
965,9246
1009,9334
1025,9371
1023,9334
1067,9338
1096,9438
1088,9502
1124,9462
1156,9464
1194,9561
1206,9612
1206,9583
1261,9583
1281,9673
1298,9740
1313,9690
1327,9694
1376,9790
1406,9894
1408,9832
1432,9846
1479,9913
1487,10008
1490,9968
1539,9944
1549,10045
1596,10125
1616,10135
1641,10100
1692,10216
1700,10294
1724,10264
1751,10262
1819,10346
1826,10483
1830,10450
1871,10427
1935,10441
1925,10494
1943,10665
1998,10785
2039,10609
2049,10621
2065,10883
2117,10935
2165,10850
2197,10802
2222,10945
2269,11162
2302,10942
2315,10964
2327,11217
2385,11295
2412,11216
2449,11142
2467,11302
2488,11478
2552,11356
2558,11288
2570,11430
2615,11651
2653,11503
2671,11449
2682,11565
2736,11754
2751,11638
2798,11552
2798,11698
2851,11901
2869,11669
2903,11671
2909,11817
2927,11967
2959,11857
2991,11801
2987,11873
3022,12049
3048,11978
3042,11840
3066,11971
3083,12181
3113,12042
3133,11887
3153,12051
3156,12238
3185,12196
3231,12033
3229,12117
3248,12320
3288,12206
3309,12151
3310,12216
3325,12364
3372,12308
3364,12163
3399,12401
3412,12456
3452,12427
3472,12296
3480,12332
3493,12522
3526,12494
3560,12294
3574,12446
3584,12630
3629,12572
3658,12453
3654,12498
3685,12713
3710,12635
3764,12491
3759,12562
3785,12795
3825,12789
3842,12575
3837,12649
3887,12903
3895,12921
3939,12759
3951,12701
3978,12935
4007,12948
4059,12741
4075,12859
4065,13003
4105,12962
4133,12920
4161,12923
4171,13123
4203,13159
4243,12997
4267,13024
4287,13227
4340,13250
4352,13005
4364,13134
4382,13288
4440,13315
4452,13179
4469,13206
4524,13396
4544,13434
4588,13196
4600,13251
4608,13462
4636,13487
4693,13395
4702,13387
4732,13589
4782,13605
4802,13420
4826,13422
4834,13605
4871,13696
4907,13553
4927,13515
4935,13729
4962,13707
5005,13585
5018,13629
5031,13738
5053,13798
5087,13639
5119,13659
5132,13850
5149,13893
5188,13713
5184,13715
5206,13878
5224,13944
5252,13766
5254,13747
5274,13920
5294,14018
5317,13834
5330,13781
5328,13981
5344,14067
5384,13858
5383,13802
5397,13989
5411,14077
5447,13975
5455,13879
5483,14039
5485,14107
5509,13978
5527,13881
5525,14030
5543,14193
5561,13979
5593,13983
5597,14041
5620,14211
5636,14013
5650,13958
5665,14106
5688,14283
5724,14146
5742,14022
5766,14166
5784,14350
5790,14167
5818,14064
5849,14288
5854,14374
5876,14166
5905,14135
5918,14287
5940,14405
5954,14242
5988,14190
6002,14292
6024,14456
6050,14372
6062,14264
6078,14474
6113,14551
6114,14433
6153,14319
6198,14574
6216,14572
6242,14398
6256,14405
6276,14468
6302,14703
6351,14517
6361,14483
6383,14460
6401,14710
6443,14700
6435,14551
6485,14653
6504,14843
6526,14771
6568,14620
6601,14712
6621,14881
6643,14889
6657,14701
6665,14799
6735,14987
6729,14828
6761,14810
6785,14878
6814,15057
6821,15016
6862,14932
6888,14936
6938,15126
6928,15134
6966,14920
6986,15098
7005,15125
7016,15200
7042,15014
7070,14984
7088,15265
7108,15232
7120,15132
7139,15201
7155,15201
7185,15161
7191,15190
7226,15256
7225,15273
7237,15219
7267,15240
7293,15294
7305,15307
7316,15258
7342,15287
7354,15341
7359,15365
7370,15353
7394,15332
7422,15416
7443,15426
7443,15355
7464,15385
7500,15453
7525,15503
7525,15438
7538,15448
7557,15507
7593,15525
7599,15507
7628,15493
7647,15572
7677,15617
7666,15602
7686,15566
7731,15642
7756,15690
7760,15654
7780,15650
7801,15705
7855,15761
7862,15739
7884,15708
7895,15787
7943,15825
7953,15833
7951,15805
7977,15835
8025,15913
8041,15920
8055,15903
8081,15947
8108,16027
8133,16045
8138,16014
8160,16024
8195,16097
8213,16100
8242,16102
8263,16141
8299,16204
8339,16250
8355,16207
8383,16221
8414,16304
8466,16336
8467,16316
8501,16350
8541,12
8551,89
8577,74
8606,86
8644,155
8669,215
8687,187
8714,208
8744,282
8794,376
8815,357
8825,338
8871,426
8913,503
8943,502
8948,455
9005,558
9049,635
9043,634
9061,598
9101,667
9121,751
9147,798
9174,723
9199,769
9235,883
9233,930
9241,843
9282,894
9286,997
9326,1015
9330,977
9372,985
9410,1070
9436,1116
9410,1036
9443,1077
9487,1203
9484,1204
9481,1147
9525,1146
9548,1272
9531,1275
9544,1249
9589,1238
9617,1370
9633,1393
9637,1342
9670,1345
9712,1445
9719,1519
9724,1430
9752,1446
9781,1536
9800,1598
9799,1562
9836,1556
9862,1630
9872,1724
9890,1670
9941,1662
9951,1749
9971,1855
9972,1797
10019,1800
10071,1872
10082,1957
10091,1935
10123,1907
10157,2035
10181,2127
10191,2103
10225,2024
10262,2152
10272,2304
10299,2251
10322,2214
10358,2262
10387,2431
10395,2393
10430,2364
10472,2382
10506,2554
10516,2576
10546,2520
10605,2601
10614,2712
10655,2754
10694,2763
10728,2747
10762,2676
10767,2918
10801,3031
10833,2979
10900,2882
10883,3011
10917,3182
10977,3127
10989,3063
11019,3237
11046,3422
11100,3355
11115,3217
11139,3388
11178,3492
11210,3502
11254,3384
11260,3455
11308,3704
11336,3588
11366,3459
11380,3618
11399,3837
11441,3784
11488,3580
11499,3695
11494,3939
11546,3893
11563,3738
11581,3924
11596,3964
11636,4043
11661,3859
11692,3872
11692,4069
11723,4094
11756,3914
11768,3965
11763,4110
11803,4172
11837,3983
11831,4039
11852,4226
11892,4233
11910,4091
11900,4070
11908,4267
11943,4348
11960,4127
12004,4142
11981,4335
12037,4422
12055,4269
12071,4226
12089,4433
12113,4488
12151,4437
12159,4273
12183,4417
12216,4553
12232,4424
12235,4360
12272,4488
12288,4674
12320,4606
12314,4434
12343,4664
12344,4740
12399,4634
12433,4557
12443,4653
12454,4802
12494,4832
12524,4624
12530,4666
12540,4887
12584,4810
12611,4694
12622,4768
12662,4993
12664,4978
12698,4810
12730,4869
12748,5020
12783,4993
12809,4875
12835,4967
12853,5115
12870,5121
12905,5025
12908,4929
12941,5189
12996,5200
13022,5126
13041,5101
13068,5306
13092,5363
13134,5128
13146,5227
13148,5370
13208,5430
13236,5224
13268,5240
13288,5429
13303,5525
13334,5318
13359,5347
13399,5552
13405,5580
13445,5432
13473,5387
13501,5622
13527,5655
13549,5527
13573,5493
13585,5680
13624,5800
13656,5581
13651,5530
13682,5772
13724,5782
13731,5630
13746,5585
13768,5769
13796,5876
13790,5780
13830,5652
13844,5822
13862,5904
13887,5802
13902,5699
13919,5844
13942,5983
13956,5774
13959,5713
13993,5965
13994,5997
14022,5902
14033,5820
14034,5950
14067,6016
14085,5957
14073,5807
14103,5993
14121,6109
14132,5909
14150,5882
14162,6049
14188,6100
14214,5920
14218,5928
14258,5992
14256,6140
14296,5967
14311,5935
14309,6089
14344,6228
14342,6014
14380,6011
14389,6096
14412,6313
14425,6129
14441,6052
14469,6214
14489,6328
14511,6189
14526,6075
14543,6271
14579,6362
14599,6320
14621,6163
14639,6325
14672,6474
14703,6315
14704,6243
14745,6328
14753,6501
14771,6399
14811,6274
14837,6386
14875,6583
14882,6457
14901,6398
14931,6462
14955,6604
14975,6535
15001,6457
15028,6520
15062,6698
15071,6596
15101,6528
15157,6625
15181,6757
15198,6766
15222,6594
15232,6622
15260,6836
15292,6825
15322,6752
15360,6714
15376,6910
15396,6878
15425,6761
15458,6825
15484,7022
15502,7030
15524,6837
15539,6831
15586,7090
15585,6969
15614,6972
15637,7061
15674,7063
15681,7026
15698,7072
15721,7133
15763,7131
15775,7081
15787,7096
15809,7177
15841,7207
15845,7151
15845,7174
15877,7212
15897,7255
15911,7211
15921,7201
15961,7299
15981,7297
15985,7265
15986,7280
16027,7337
16027,7355
16053,7319
16075,7314
16091,7404
16117,7423
16131,7368
16133,7378
16153,7454
16189,7471
16187,7437
16215,7447
16229,7529
16283,7564
16283,7527
16291,7503
16341,7573
16349,7645
16365,7589
1,7581
32,7660
43,7699
65,7665
85,7661
117,7744
126,7771
138,7748
179,7741
205,7813
209,7873
245,7860
265,7831
311,7909
324,7954
349,7954
363,7933
409,8029
437,8101
433,8045
465,8039
497,8131
547,8151
545,8163
579,8143
617,8225
645,8301
657,8275
661,8269
720,8317
759,8413
767,8399
806,8390
840,8459
879,8534
893,8565
906,8537
984,8626
1000,8674
1026,8704
1034,8646
1086,8715
1112,8819
1125,8862
1146,8811
1184,8865
1220,8962
1240,9009
1264,8927
1324,9024
1362,9136
1372,9156
1376,9120
1415,9159
1469,9262
1480,9290
1480,9211
1551,9275
1575,9381
1556,9390
1586,9365
1614,9379
1639,9490
1663,9538
1657,9484
1707,9469
1725,9574
1751,9615
1749,9564
1775,9554
1819,9661
1816,9721
1831,9640
1861,9650
1890,9751
1897,9819
1911,9759
1925,9762
1966,9862
1981,9896
1965,9823
2019,9852
2031,9946
2049,10003
2056,9948
2101,9949
2115,10064
2132,10125
2143,10081
2193,10079
2215,10181
2245,10269
2243,10170
2264,10185
2335,10312
2317,10390
2335,10308
2348,10303
2407,10414
2407,10502
2431,10477
2474,10425
2498,10554
2511,10656
2540,10602
2573,10573
2626,10664
2626,10782
2638,10772
2687,10746
2742,10839
2734,10853
2766,11016
2796,11008
2848,10876
2848,10924
2870,11072
2909,11252
2950,11136
2967,11055
3007,11177
3043,11363
3083,11272
3092,11207
3116,11445
3146,11569
3199,11398
3241,11385
3239,11654
3280,11710
3313,11634
3349,11532
3358,11780
3404,11802
3436,11844
3484,11682
3473,11915
3514,12028
3560,12004
3572,11799
3606,12018
3628,12142
3686,12030
3700,11938
3713,12060
3749,12294
3785,12105
3793,12037
3823,12151
3855,12335
3905,12338
3909,12185
3907,12329
3925,12449
3962,12281
4024,12230
3983,12322
4020,12538
4036,12470
4066,12346
4062,12480
4088,12621
4114,12577
4132,12387
4150,12461
4164,12637
4199,12632
4216,12448
4226,12564
4253,12727
4275,12722
4283,12515
4309,12661
4306,12797
4345,12799
4361,12620
4376,12674
4383,12847
4416,12881
4440,12731
4446,12724
4483,12976
4503,12985
4528,12763
4560,12766
4549,12964
4575,13079
4617,12839
4637,12798
4643,13010
4668,13071
4708,12914
4722,12921
4746,13122
4757,13150
4792,13026
4828,12990
4827,13206
4868,13232
4866,13090
4904,13112
4909,13290
4960,13338
4967,13218
4998,13181
5035,13347
5055,13469
5076,13286
5087,13250
5105,13458
5147,13468
5166,13350
5177,13338
5212,13509
5228,13592
5275,13496
5280,13350
5322,13632
5360,13642
5388,13510
5378,13493
5438,13600
5456,13753
5482,13603
5520,13532
5537,13719
5558,13814
5594,13728
5622,13608
5633,13720
5668,13925
5705,13815
5714,13708
5761,13839
5761,14031
5801,13893
5815,13767
5829,13955
5892,14077
5893,14056
5926,13886
5951,13940
5961,14165
5985,14073
5998,13909
6025,14052
6042,14139
6063,14088
6077,13948
6097,14053
6118,14232
6130,14212
6136,14029
6172,14117
6183,14273
6205,14276
6210,14077
6228,14223
6238,14290
6266,14243
6268,14117
6300,14113
6314,14324
6327,14337
6335,14139
6361,14217
6363,14334
6377,14323
6399,14274
6417,14234
6447,14422
6459,14349
6455,14267
6477,14335
6508,14479
6529,14461
6526,14288
6568,14380
6592,14549
6598,14575
6626,14379
6636,14430
6654,14538
6674,14550
6694,14442
6741,14433
6741,14596
6767,14618
6783,14466
6807,14471
6831,14669
6841,14753
6855,14644
6881,14512
6933,14702
6947,14715
6945,14602
6968,14563
7024,14783
7029,14777
7054,14682
7082,14618
7108,14824
7130,14901
7164,14761
7166,14722
7198,14822
7226,14985
7240,14890
7282,14773
7302,14951
7324,15040
7352,14970
7366,15000
7391,15020
7437,15000
7447,15005
7469,15069
7527,15101
7534,15074
7573,15078
7595,15157
7639,15187
7642,15158
7679,15155
7696,15218
7732,15265
7756,15252
7777,15227
7814,15307
7842,15350
7873,15348
7873,15296
7880,15358
7935,15418
7950,15419
7970,15372
7983,15417
8005,15481
8049,15479
8052,15459
8077,15509
8110,15541
8121,15542
8121,15527
8133,15547
8172,15602
8201,15608
8192,15565
8208,15588
8242,15664
8240,15660
8252,15624
8257,15636
8292,15690
8324,15707
8322,15695
8332,15700
8392,15764
8400,15788
8407,15754
8441,15753
8457,15833
8469,15869
8483,15805
8495,15821
8529,15881
8542,15929
8558,15898
8580,15893
8600,15956
8628,15986
8633,15971
8650,15966
8692,16012
8720,16085
8734,16054
8746,16040
8789,16115
8811,16192
8844,16156
8858,16144
8885,16181
8908,16282
8934,16246
8941,16237
8988,16292
9016,16374
9026,16354
9048,16332
9068,16352
9124,101
9131,82
9157,47
9186,93
9222,178
9231,221
9276,192
9307,235
9341,303
9374,316
9390,310
9415,347
9457,421
9473,477
9483,450
9525,465
9581,566
9587,611
9613,609
9652,596
9684,721
9719,771
9720,791
9774,751
9844,850
9854,938
9894,934
9931,929
9967,996
9995,1089
9989,1090
10020,1076
10064,1159
10114,1268
10102,1226
10136,1232
10182,1282
10218,1408
10194,1382
10254,1328
10288,1439
10316,1548
10326,1536
10334,1454
10357,1536
10390,1660
10415,1647
10437,1600
10464,1646
10491,1766
10496,1741
10503,1674
10559,1753
10553,1833
10549,1857
10581,1797
10593,1826
10621,1941
10651,1959
10647,1879
10676,1943
10714,2052
10711,2074
10742,1983
10772,1984
10790,2159
10812,2185
10821,2075
10852,2105
10888,2245
10864,2284
10906,2187
10937,2239
10978,2346
10946,2386
10981,2330
11021,2311
11045,2483
11056,2512
11095,2415
11121,2455
11143,2627
11174,2658
11211,2705
11228,2693
11265,2546
11265,2638
11297,2832
11322,2862
11353,2705
11368,2880
11389,3085
11426,2997
11455,2853
11471,2936
11510,3139
11530,3188
11592,2978
11605,3092
11593,3351
11668,3317
11696,3150
11724,3249
11711,3484
11757,3486
11814,3353
11808,3464
11847,3556
11893,3597
11918,3473
11948,3494
11965,3777
12007,3811
12050,3634
12066,3612
12090,3915
12125,3943
12172,3770
12194,3839
12228,3985
12246,4086
12282,3947
12304,3909
12322,4035
12343,4205
12373,4034
12418,3986
12419,4258
12453,4321
12479,4209
12505,4139
12495,4251
12546,4422
12572,4285
12609,4220
12636,4412
12639,4526
12660,4380
12695,4305
12688,4467
12731,4601
12744,4537
12764,4382
12779,4510
12782,4653
12828,4596
12828,4442
12846,4487
12864,4736
12894,4614
12928,4476
12908,4556
12932,4770
12952,4734
12995,4560
12990,4617
13005,4817
13029,4772
13044,4599
13065,4727
13083,4870
13125,4861
13125,4759
13147,4698
13158,4939
13196,4926
13216,4738
13219,4811
13262,5012
13268,5046
13281,4919
13318,4940
13340,5046
13348,5123
13372,4952
13396,4936
13408,5143
13446,5131
13463,4965
13475,5023
13527,5207
13545,5294
13545,5059
13571,5059
13605,5273
13616,5347
13659,5145
13669,5148
13695,5345
13730,5402
13740,5288
13774,5237
13798,5422
13810,5510
13831,5369
13869,5296
13886,5527
13910,5562
13934,5492
13955,5325
13972,5600
14009,5655
14027,5504
14046,5457
14073,5647
14095,5717
14133,5639
14183,5519
14191,5721
14205,5827
14233,5697
14263,5629
14289,5769
14319,5893
14329,5826
14372,5678
14385,5880
14423,5952
14449,5899
14459,5709
14502,5901
14525,6004
14543,5913
14561,5811
14583,6015
14585,6095
14633,5923
14641,5879
14653,6033
14703,6141
14681,5977
14715,5911
14748,6091
14759,6203
14769,6062
14777,5950
14801,6038
14832,6264
14844,6126
14844,5978
14852,6146
14890,6268
14910,6204
14914,6066
14920,6166
14953,6315
14946,6222
14966,6102
14980,6331
15000,6346
15010,6271
15032,6115
15050,6280
15072,6394
15088,6216
15091,6246
15124,6281
15142,6426
15146,6352
15177,6214
15196,6328
15209,6453
15221,6415
15241,6274
15278,6378
15274,6580
15294,6465
15313,6297
15343,6429
15361,6593
15387,6490
15401,6342
15423,6503
15459,6662
15476,6614
15488,6449
15529,6516
15543,6703
15567,6577
15583,6513
15621,6633
15649,6754
15661,6591
15665,6653
15720,6582
15741,6841
15751,6807
15769,6627
15807,6667
15827,6921
15859,6924
15882,6743
15903,6893
15945,6880
15977,6854
15992,6918
16040,6957
16065,6969
16083,6964
16086,6996
16130,7057
16173,7033
16179,7031
16204,7068
16252,7133
16278,7155
16267,7124
16328,7158
16345,7233
5,7229
1,7210
36,7256
72,7314
110,7304
105,7281
133,7314
176,7362
193,7415
208,7386
244,7406
256,7460
282,7494
314,7446
315,7461
335,7523
374,7561
359,7525
380,7520
430,7594
442,7619
454,7584
472,7592
506,7662
519,7656
545,7647
546,7639
564,7706
590,7723
614,7693
620,7711
656,7764
676,7827
681,7769
704,7773
732,7832
766,7863
762,7829
774,7836
806,7896
836,7954
866,7903
870,7916
922,7970
922,8032
934,7994
953,8005
988,8056
1012,8096
1008,8101
1046,8064
1080,8152
1111,8192
1126,8170
1146,8158
1184,8243
1212,8322
1204,8292
1255,8279
1285,8302
1326,8431
1330,8399
1372,8389
1395,8442
1434,8523
1436,8532
1471,8505
1485,8568
1529,8646
1578,8639
1577,8629
1613,8716
1658,8787
1653,8800
1701,8748
1729,8826
1768,8923
1791,8933
1815,8916
1849,8979
1887,9079
1901,9073
1933,9055
1995,9118
2018,9241
2054,9233
2059,9188
2097,9284
2143,9363
2163,9445
2195,9385
2217,9459
2273,9563
2283,9590
2312,9543
2367,9587
2377,9736
2410,9752
2433,9718
2482,9777
2513,9861
2547,9922
2535,9839
2581,9867
2633,10022
2607,10077
2651,9985
2673,10028
2703,10148
2702,10185
2716,10089
2770,10136
2799,10221
2778,10273
2830,10241
2859,10250
2874,10344
2890,10405
2895,10309
2942,10332
2956,10421
2960,10500
2956,10431
3001,10418
3020,10519
3030,10585
3039,10480
3081,10511
3103,10607
3101,10697
3133,10613
3158,10599
3178,10720
3185,10785
3199,10735
3249,10686
3263,10799
3277,10899
3311,10839
3324,10812
3360,10914
3364,11024
3386,11062
3428,11185
3448,10947
3451,10984
3470,11133
3496,11238
3526,11154
3544,11096
3580,11348
3615,11423
3621,11238
3658,11224
3687,11433
3729,11504
3756,11432
3788,11338
3795,11471
3825,11667
3844,11554
3881,11475
3902,11702
3908,11802
3967,11708
3985,11578
3996,11835
4038,11968
4067,11853
4096,11811
4125,11952
4157,12082
4168,11977
4213,11911
4231,12091
4293,12217
4302,12139
4331,12029
4343,12168
4377,12313
4429,12287
4423,12197
4453,12353
4492,12522
4532,12388
4550,12274
4583,12347
4593,12573
4635,12546
4659,12397
4666,12487
4700,12718
4735,12686
4764,12502
4812,12529
4788,12831
4838,12686
4857,12621
4891,12629
4901,12909
4913,12850
4941,12658
4953,12737
4982,12926
4991,12993
5029,12740
5014,12834
5042,13048
5079,13029
5101,12807
5106,12898
5126,13082
5136,13098
5135,12874
5165,12950
5169,13103
5222,13149
5241,13004
5248,12958
5256,13063
5288,13176
5285,13086
5299,13015
5334,13219
5340,13269
5368,13097
5390,13124
5406,13226
5413,13310
5456,13165
5463,13184
5486,13331
5504,13420
5515,13281
5541,13186
5574,13326
5601,13491
5624,13356
5617,13300
5667,13454
5677,13499
5693,13423
5719,13365
5745,13487
5759,13644
5785,13440
5811,13387
5819,13593
5852,13728
5868,13558
5901,13516
5922,13649
5932,13770
5970,13576
5992,13546
6006,13641
6034,13797
6067,13704
6077,13601
6130,13761
6131,13882
6144,13721
6170,13630
6190,13876
6218,13940
6266,13889
6268,13793
6310,13850
6339,13997
6369,14013
6397,13837
6403,13912
6441,14130
6475,14041
6503,13901
6507,14021
6546,14161
6585,14155
6586,13993
6608,14067
6652,14280
6664,14290
6673,14095
6708,14171
6742,14332
6771,14283
6778,14116
6812,14221
6830,14366
6845,14366
6873,14171
6882,14195
6911,14437
6935,14456
6959,14267
6977,14393
6996,14496
7010,14513
7018,14305
7042,14281
7044,14470
7074,14542
7076,14302
7082,14398
7124,14554
7126,14575
7146,14389
7160,14352
7183,14537
7182,14607
7194,14414
7215,14415
7245,14646
7261,14625
7273,14472
7293,14441
7332,14628
7322,14715
7332,14522
7360,14542
7390,14681
7393,14752
7412,14580
7408,14578
7464,14695
7468,14825
7480,14673
7501,14624
7534,14753
7557,14904
7571,14749
7603,14653
7613,14850
7633,14914
7651,14886
7688,14708
7698,14952
7729,14993
7763,14899
7758,14811
7786,14900
7805,15035
7830,14923
7854,14778
7895,14872
7924,15101
7938,15053
7957,14929
8005,14969
8009,15168
8031,15131
8057,14993
8093,15069
8123,15217
8141,15121
8170,15145
8196,15244
8213,15248
8240,15206
8255,15238
8310,15313
8350,15339
8368,15308
8379,15338
8420,15403
8460,15440
8470,15374
8504,15429
8543,15517
8593,15511
8593,15496
8609,15500
8637,15587
8689,15617
8697,15595
8711,15599
8764,15674
8780,15708
8792,15668
8818,15658
8854,15758
8898,15794
8896,15772
8892,15752
8945,15821
8999,15889
9001,15865
9013,15839
9061,15917
9079,15931
9095,15926
9106,15893
9116,15957
9149,16006
9164,15992
9174,15958
9201,16024
9229,16077
9238,16059
9244,16058
9253,16082
9313,16138
9320,16125
9312,16100
9350,16148
9378,16217
9389,16210
9397,16153
9430,16215
9476,16277
9475,16295
9484,16255
9510,16272
9558,16326
9574,16375
9574,16353
9621,16347
9618,40
9658,82
9662,54
9688,43
9743,112
9746,185
9764,124
9795,153
9839,201
9863,278
9873,243
9876,274
9918,329
9948,380
9955,353
10005,345
10045,436
10069,503
10069,500
10097,484
10136,545
10180,634
10174,629
10201,604
10263,647
10289,780
10307,787
10322,728
10364,822
10426,918
10428,911
10445,874
10479,933
10514,1051
10529,1089
10559,1037
10591,1076
10638,1223
10649,1244
10655,1192
10721,1223
10742,1379
10778,1429
10788,1339
10846,1410
10892,1544
10916,1602
10942,1544
10962,1599
11013,1723
11050,1764
11051,1733
11091,1751
11124,1843
11130,1932
11154,1862
11198,1880
11231,2002
11250,2104
11273,2049
11309,2023
11345,2149
11373,2217
11399,2181
11420,2164
11428,2295
11471,2359
11464,2287
11498,2297
11528,2375
11550,2460
11548,2432
11596,2382
11602,2510
11603,2597
11612,2528
11650,2481
11666,2573
11692,2672
11688,2623
11723,2556
11761,2648
11763,2743
11769,2721
11804,2659
11817,2725
11839,2825
11860,2824
11873,2733
11905,2851
11923,2945
11925,2943
11957,2871
11980,2925
11989,3048
12004,3098
12018,3137
12074,2983
12067,2946
12094,3120
12122,3276
12168,3119
12188,3098
12180,3302
12202,3399
12244,3318
12268,3176
12288,3280
12316,3500
12344,3520
12352,3305
12354,3339
12401,3612
12429,3533
12449,3452
12478,3614
12502,3792
12539,3696
12559,3601
12582,3631
12593,3897
12645,3811
12659,3685
12683,3851
12720,4025
12741,4002
12783,3903
12794,4048
12820,4187
12852,4089
12880,3956
12898,4148
12934,4227
12968,4208
13014,4081
13036,4199
13049,4396
13090,4332
13102,4229
13158,4259
13160,4547
13193,4516
13231,4377
13247,4379
13285,4588
13301,4652
13332,4418
13371,4511
13361,4749
13395,4719
13421,4583
13433,4605
13464,4820
13480,4781
13510,4639
13531,4715
13552,4905
13570,4909
13594,4712
13614,4750
13612,4885
13671,4934
13676,4768
13706,4833
13720,5023
13723,5065
13748,4893
13754,4886
13772,5026
13794,5078
13797,4894
13808,4941
13832,5098
13846,5153
13852,4896
13899,4952
13901,5205
13944,5178
13958,4981
13963,5018
13981,5201
13989,5189
14015,5069
14037,5057
14053,5205
14073,5372
14089,5225
14089,5127
14125,5284
14151,5336
14169,5189
14185,5181
14200,5374
14232,5467
14268,5249
14264,5284
14268,5490
14310,5482
14318,5359
14348,5338
14369,5552
14387,5534
14417,5445
14435,5326
14470,5527
14466,5638
14524,5518
14518,5494
14550,5642
14578,5740
14581,5586
14624,5503
14642,5701
14666,5798
14686,5664
14699,5559
14739,5872
14754,5868
14774,5683
14807,5662
14847,5829
14837,5885
14890,5752
14916,5679
14921,5878
14954,5989
14985,5934
15001,5783
15017,6016
15064,6072
15091,6008
15085,5864
15128,6075
15151,6143
15181,5964
15213,5931
15237,6030
15257,6212
15293,6087
15301,5999
15339,6163
15342,6267
15367,6113
15397,6025
15417,6273
15451,6339
15473,6208
15488,6138
15503,6343
15528,6383
15553,6232
15552,6166
15595,6239
15613,6442
15638,6296
15641,6227
15677,6333
15693,6479
15699,6362
15726,6263
15728,6396
15757,6515
15771,6497
15780,6324
15815,6533
15822,6578
15824,6508
15858,6382
15848,6524
15878,6610
15878,6424
15900,6398
15920,6600
15950,6649
15958,6529
15968,6455
15996,6598
16024,6691
16026,6661
16044,6468
16084,6594
16090,6754
16094,6605
16140,6562
16154,6659
16146,6784
16176,6610
16185,6565
16242,6822
16251,6856
16254,6865
16294,6637
16328,6689
16336,6926
16352,6800
0,6701
24,6746
52,6988
70,6919
74,6764
116,6959
140,6918
138,6910
160,6981
210,7016
238,7018
228,6994
286,7045
320,7074
330,7076
348,7078
396,7114
440,7184
442,7178
476,7150
506,7211
562,7259
574,7259
582,7240
628,7285
672,7372
696,7354
718,7335
744,7393
792,7441
795,7459
816,7438
852,7493
876,7548
929,7583
944,7540
970,7572
1018,7642
1036,7656
1056,7650
1102,7674
1136,7752
1156,7778
1174,7724
1198,7764
1244,7832
1278,7848
1278,7828
1294,7844
1320,7902
1362,7912
1376,7891
1376,7928
1418,7986
1444,7996
1450,7999
1472,8016
1504,8052
1530,8093
1540,8052
1540,8056
1591,8129
1620,8160
1617,8088
1646,8104
1663,8189
1678,8212
1672,8174
1712,8172
1742,8270
1758,8296
1768,8252
1778,8281
1832,8352
1856,8360
1855,8355
1884,8365
1938,8414
1936,8458
1936,8442
1962,8438
2004,8510
2024,8560
2039,8534
2063,8527
2103,8605
2129,8651
2150,8664
2151,8635
2185,8712
2214,8780
2239,8747
2263,8722
2310,8817
2330,8918
2335,8881
2375,8867
2415,8940
2452,9036
2462,9009
2489,8992
2538,9086
2527,9176
2568,9143
2574,9135
2647,9202
2663,9323
2695,9309
2707,9261
2749,9349
2763,9473
2799,9503
2823,9415
2877,9527
2903,9615
2915,9621
2977,9609
2990,9679
3025,9829
3028,9778
3083,9765
3112,9838
3141,9961
3173,9969
3179,9929
3216,10005
3246,10144
3300,10150
3298,10077
3344,10177
3366,10304
3398,10346
3432,10288
3463,10322
3488,10496
3512,10487
3532,10436
3582,10471
3600,10613
3624,10650
3633,10581
3671,10600
3700,10727
3711,10791
3750,10710
3759,10723
3809,10861
3805,10918
3810,10843
3845,10835
3868,10970
3883,11024
3885,10931
3927,10943
3949,11081
3964,11115
3986,11054
4012,11008
4026,11130
4016,11194
4040,11127
4054,11096
4076,11208
4086,11275
4097,11203
4127,11200
4157,11305
4166,11399
4175,11331
4193,11310
4233,11395
4237,11490
4247,11434
4268,11363
4303,11441
4319,11558
4336,11546
4343,11498
4387,11572
4386,11677
4416,11634
4452,11604
4464,11682
4484,11789
4497,11819
4534,11722
4549,11739
4575,11883
4564,11912
4613,11817
4664,11857
4674,12004
4678,12002
4710,11944
4753,11970
4773,12087
4777,12139
4824,12072
4844,12112
4851,12243
4870,12246
4927,12209
4951,12216
4979,12353
5007,12388
5013,12310
5038,12339
5089,12466
5101,12523
5122,12463
5162,12451
5202,12566
5210,12630
5244,12567
5266,12533
5301,12691
5334,12758
5344,12712
5381,12679
5417,12792
5421,12875
5443,12803
5487,12779
5497,12885
5532,12969
5580,12897
5581,12867
5621,12995
5641,13054
5636,13007
5693,12983
5706,13059
5720,13170
5751,13097
5778,13069
5790,13157
5814,13220
5828,13181
5839,13126
5881,13203
5892,13283
5909,13255
5927,13217
5941,13272
5977,13350
5985,13319
6004,13254
6015,13328
6021,13398
6060,13368
6081,13311
6081,13357
6105,13446
6126,13429
6144,13352
6149,13412
6157,13491
6180,13469
6201,13426
6211,13449
6233,13536
6252,13550
6269,13493
6305,13497
6319,13604
6332,13600
6344,13539
6368,13563
6376,13656
6384,13658
6412,13612
6432,13608
6450,13688
6485,13721
6504,13670
6532,13675
6534,13754
6552,13800
6591,13734
6598,13722
6634,13806
6651,13844
6675,13795
6679,13801
6707,13890
6727,13918
6759,13879
6757,13849
6787,13930
6832,13994
6847,13945
6866,13906
6905,13993
6914,14062
6938,14009
6960,13977
6998,14052
7022,14131
7030,14088
7080,14046
7057,14127
7093,14196
7141,14153
7173,14115
7173,14189
7215,14265
7245,14245
7249,14187
7277,14257
7311,14335
7353,14315
7369,14257
7388,14323
7409,14408
7438,14384
7474,14332
7482,14383
7519,14487
7558,14446
7546,14410
7582,14456
7603,14518
7654,14508
7653,14483
7685,14494
7701,14577
7735,14589
7773,14541
7772,14583
7808,14649
7833,14654
7862,14608
7852,14619
7870,14685
7912,14698
7925,14641
7930,14678
7951,14737
7992,14771
7995,14718
8017,14707
8016,14770
8056,14797
8066,14752
8075,14750
8118,14800
8120,14854
8126,14819
8150,14804
8170,14851
8192,14898
8204,14857
8190,14814
8211,14874
8259,14933
8261,14890
8279,14867
8283,14917
8310,14958
8319,14958
8335,14922
8344,14967
8376,15019
8394,15006
8420,14961
8414,15006
8460,15082
8502,15058
8506,15022
8527,15045
8557,15129
8581,15127
8587,15089
8599,15109
8651,15191
8661,15179
8675,15147
8696,15161
8728,15242
8752,15268
8776,15213
8803,15233
8822,15323
8886,15318
8880,15304
8928,15305
8933,15384
8979,15428
9005,15389
9003,15397
9054,15453
9078,15493
9117,15478
9115,15479
9158,15568
9204,15612
9212,15591
9252,15584
9272,15646
9320,15692
9325,15680
9371,15665
9414,15740
9441,15789
9476,15800
9500,15786
9551,15836
9601,15901
9618,15908
9629,15883
9663,15952
9703,16009
9710,15999
9743,15997
9762,16021
9800,16097
9821,16103
9855,16078
9857,16126
9926,16199
9940,16217
9942,16218
9986,16223
10040,16310
10054,16332
10075,16314
10083,16319
10138,16370
10144,50
10154,13
10182,18
10221,83
10238,111
10256,99
10267,101
10313,149
10330,191
10305,168
10347,153
10359,204
10401,309
10403,241
10410,232
10470,299
10489,367
10490,316
10502,315
10534,375
10581,468
10576,412
10590,398
10626,426
10636,515
10662,530
10687,482
10702,532
10739,646
10749,639
10762,587
10809,666
10843,737
10863,714
10863,713
10904,740
10933,840
10962,859
10971,807
10986,876
11036,970
11058,1005
11061,954
11104,979
11136,1101
11158,1152
11182,1076
11228,1122
11248,1258
11254,1306
11281,1233
11343,1305
11380,1401
11402,1441
11403,1409
11447,1411
11473,1553
11494,1605
11531,1562
11533,1565
11585,1695
11608,1795
11631,1753
11680,1750
11704,1868
11716,1983
11728,1928
11781,1905
11816,2014
11846,2120
11854,2082
11942,2100
11962,2203
11968,2325
11980,2257
12020,2258
12071,2355
12093,2453
12086,2442
12131,2434
12159,2521
12194,2633
12214,2626
12229,2567
12277,2640
12287,2774
12314,2819
12333,2727
12368,2799
12395,2903
12400,2942
12440,2816
12452,2896
12472,3017
12480,3079
12514,2989
12542,3014
12572,3128
12568,3158
12598,3072
12607,3096
12632,3229
12634,3274
12653,3158
12679,3185
12717,3299
12709,3351
12711,3245
12744,3277
12757,3394
12796,3439
12793,3357
12813,3341
12851,3483
12838,3557
12863,3426
12895,3440
12902,3564
12920,3585
12944,3512
12972,3518
12972,3634
12990,3704
13000,3626
13028,3593
13068,3738
13083,3792
13089,3731
13116,3706
13150,3816
13133,3888
13189,3815
13205,3776
13234,3921
13250,4008
13263,3952
13284,3901
13315,4026
13321,4067
13353,4027
13393,4027
13403,4114
13433,4201
13448,4144
13481,4121
13495,4230
13527,4313
13555,4256
13572,4209
13613,4339
13618,4413
13655,4359
13681,4345
13709,4481
13733,4521
13765,4490
13790,4451
13828,4571
13826,4652
13835,4602
13885,4567
13916,4666
13932,4752
13958,4712
14009,4671
14024,4760
14060,4868
14074,4828
14090,4771
14125,4857
14153,4960
14177,4913
14200,4869
14235,4973
14249,5058
14282,5032
14291,4951
14325,5027
14328,5122
14373,5087
14392,5075
14426,5123
14427,5205
14452,5156
14462,5108
14506,5202
14504,5279
14539,5236
14546,5200
14566,5253
14584,5333
14612,5271
14639,5221
14648,5294
14646,5382
14684,5346
14686,5282
14701,5355
14724,5441
14729,5404
14767,5334
14777,5397
14790,5486
14825,5420
14828,5387
14836,5452
14852,5519
14878,5485
14904,5425
14921,5489
14928,5557
14963,5538
14971,5488
14978,5524
14996,5612
15008,5576
15040,5530
15054,5598
15068,5672
15104,5667
15121,5585
15148,5655
15140,5725
15188,5723
15205,5639
15208,5710
15250,5810
15269,5780
15274,5701
15298,5741
15330,5875
15346,5826
15363,5792
15396,5835
15404,5911
15448,5889
15489,5838
15494,5894
15522,5973
15544,5943
15562,5915
15584,5954
15614,6065
15630,6015
15668,5984
15670,6048
15693,6114
15740,6090
15756,6049
15784,6101
15814,6196
15864,6162
15874,6128
15882,6162
15932,6276
15945,6238
15981,6203
15982,6228
16032,6324
16052,6298
16078,6246
16106,6303
16132,6399
16178,6381
16180,6326
16192,6374
16235,6473
16278,6459
16281,6397
16308,6445
16326,6516
16364,6516
16379,6461
11,6514
30,6572
77,6579
100,6541
82,6569
128,6646
186,6636
168,6597
189,6630
218,6688
238,6684
251,6631
264,6673
276,6754
322,6730
329,6687
347,6710
377,6775
389,6791
405,6735
407,6759
441,6831
445,6824
450,6789
472,6799
493,6864
521,6864
539,6819
561,6835
579,6919
609,6917
605,6871
609,6873
649,6963
677,6955
685,6899
704,6932
737,7015
757,7005
779,6949
787,6983
817,7065
828,7075
825,7028
859,7057
881,7129
925,7136
941,7091
951,7112
986,7200
1037,7201
1061,7153
1061,7175
1094,7259
1150,7290
1146,7228
1164,7271
1209,7328
1249,7355
1248,7328
1261,7337
1326,7415
1352,7430
1371,7408
1393,7433
1409,7511
1460,7550
1491,7512
1505,7532
1545,7616
1580,7669
1599,7595
1638,7630
1683,7708
1720,7730
1704,7712
1730,7715
1793,7791
1849,7842
1852,7820
1870,7824
1924,7914
1966,7980
1960,7960
1992,7948
2034,8036
2080,8090
2108,8057
2135,8061
2163,8135
2188,8194
2214,8171
2248,8167
2282,8222
2317,8284
2326,8279
2357,8263
2375,8345
2418,8402
2413,8390
2441,8362
2485,8453
2520,8504
2542,8470
2543,8453
2589,8521
2607,8617
2621,8565
2621,8529
2657,8589
2691,8700
2697,8674
2710,8639
2734,8690
2779,8752
2785,8740
2789,8689
2824,8769
2851,8830
2837,8830
2871,8793
2890,8847
2923,8920
2931,8919
2941,8868
2997,8935
3001,9020
3029,9040
3041,8973
3071,9028
3103,9139
3093,9128
3101,9101
3184,9132
3186,9234
3198,9236
3204,9202
3252,9234
3274,9331
3278,9386
3294,9321
3336,9349
3380,9471
3391,9509
3416,9474
3458,9490
3484,9616
3482,9650
3531,9603
3549,9589
3581,9750
3598,9820
3627,9755
3653,9809
3691,9901
3709,9960
3713,9925
3745,9929
3785,10061
3814,10149
3838,10098
3883,10098
3910,10219
3948,10302
3944,10276
3984,10245
4025,10379
4074,10480
4070,10440
4105,10464
4144,10536
4142,10437
4161,10685
4193,10735
4239,10624
4267,10657
4297,10805
4300,10990
4354,10780
4382,10751
4402,10977
4431,11123
4458,10989
4486,10872
4507,11154
4521,11291
4557,11111
4571,11097
4593,11240
4625,11433
4650,11377
4671,11181
4717,11311
4724,11560
4762,11517
4771,11342
4790,11410
4804,11679
4810,11638
4863,11491
4862,11594
4877,11733
4899,11717
4921,11556
4932,11597
4963,11811
4977,11704
5019,11682
4991,11677
5025,11920
5037,11833
5079,11739
5068,11816
5069,11957
5122,11898
5134,11805
5130,11814
5126,12090
5180,12016
5200,11890
5194,11924
5230,12113
5254,12038
5253,11961
5291,11968
5289,12159
5309,12199
5349,12172
5353,12086
5357,12241
5374,12318
5417,12185
5422,12167
5438,12285
5454,12388
5506,12248
5519,12238
5530,12388
5561,12528
5581,12437
5619,12344
5626,12540
5663,12621
5667,12499
5695,12388
5719,12527
5732,12738
5758,12579
5791,12572
5816,12652
5846,12869
5850,12714
5899,12626
5910,12768
5930,12964
5938,12785
5989,12716
6023,12881
6041,13025
6071,12987
6077,12887
6119,12946
6145,13116
6188,13070
6211,12912
6227,13055
6254,13196
6290,13239
6302,12998
6334,13100
6357,13327
6390,13310
6414,13144
6440,13214
6480,13418
6485,13376
6509,13233
6543,13267
6550,13510
6572,13526
6597,13362
6637,13411
6650,13595
6674,13580
6689,13360
6710,13410
6721,13645
6754,13646
6770,13521
6797,13466
6787,13663
6838,13690
6845,13543
6859,13552
6881,13718
6895,13785
6917,13563
6939,13611
6959,13799
6975,13777
6988,13638
6992,13670
7034,13858
7046,13857
7050,13709
7081,13681
7097,13878
7109,13954
7112,13839
7123,13696
7157,13861
7167,13983
7190,13797
7213,13728
7237,13901
7245,14009
7270,13918
7279,13760
7332,14012
7343,14073
7346,13883
7372,13841
7404,13989
7408,14160
7420,14075
7423,13911
7453,14040
7477,14149
7511,14133
7525,13933
7548,14020
7587,14277
7598,14104
7620,14023
7664,14135
7672,14279
7682,14238
7710,14061
7756,14137
7782,14344
7801,14363
7797,14158
7841,14302
7865,14401
7873,14341
7901,14187
7942,14296
7968,14492
8005,14499
8010,14259
8040,14350
8080,14525
8082,14538
8114,14398
8149,14432
8170,14655
8192,14627
8210,14486
8269,14450
8280,14661
8325,14733
8323,14567
8353,14527
8393,14679
8417,14818
8439,14708
8468,14582
8514,14820
8518,14869
8535,14683
8566,14644
8594,14796
8622,14930
8642,14754
8683,14697
8704,14896
8731,15009
8750,14884
8763,14787
8809,14886
8835,15063
8862,14892
8884,14825
8912,14988
8926,15105
8926,15157
8932,14925
8982,15094
8990,15202
9006,15186
9051,14985
9057,15084
9083,15217
9081,15229
9111,15037
9143,15029
9161,15286
9171,15204
9176,15084
9220,15181
9256,15218
9232,15160
9252,15201
9268,15264
9314,15248
9296,15211
9315,15215
9345,15285
9383,15303
9373,15265
9405,15284
9413,15343
9465,15365
9477,15325
9489,15331
9518,15416
9584,15442
9558,15381
9560,15408
9604,15466
9628,15492
9640,15456
9678,15460
9701,15534
9749,15565
9735,15552
9747,15533
9806,15608
9845,15649
9861,15641
9881,15623
9932,15702
9964,15742
9965,15717
10003,15711
10042,15763
10094,15820
10078,15828
10128,15812
10123,15871
10186,15941
10206,15913
10219,15903
10262,15974
10308,16054
10336,16033
10330,16018
10401,16071
10432,16152
10456,16139
10487,16152
10537,16174
10575,16259
10581,16278
10615,16238
10640,16282
10694,0
10702,14
10742,11
10785,25
10817,106
10831,158
10846,139
10884,148
10933,212
10969,272
10953,268
11001,273
11059,333
11063,421
11083,378
11094,372
11141,448
11177,517
11199,481
11207,475
11253,533
11271,629
11289,617
11304,596
11330,656
11352,739
11371,693
11380,664
11412,733
11419,806
11434,787
11468,757
11493,814
11509,886
11530,889
11534,838
11587,874
11600,979
11632,984
11620,932
11650,974
11678,1089
11671,1085
11683,1024
11711,1076
11748,1204
11768,1190
11782,1122
11805,1180
11816,1307
11862,1308
11868,1250
11891,1289
11931,1408
11935,1438
11944,1390
12005,1428
12024,1533
12031,1564
12039,1505
12069,1551
12100,1652
12111,1699
12130,1645
12166,1692
12209,1780
12211,1848
12236,1812
12269,1815
12303,1956
12305,2041
12344,1956
12400,2002
12424,2119
12416,2226
12461,2115
12488,2130
12508,2278
12526,2334
12550,2285
12598,2316
12614,2446
12634,2509
12658,2467
12703,2441
12728,2603
12746,2683
12764,2609
12797,2620
12846,2776
12837,2878
12892,2837
12931,2803
12935,2923
12955,3033
12991,2961
13025,2951
13056,3071
13089,3174
13097,3117
13131,3098
13155,3217
13167,3331
13187,3272
13221,3267
13247,3342
13263,3463
13300,3444
13332,3390
13334,3463
13383,3577
13388,3557
13412,3500
13422,3580
13453,3700
13466,3654
13500,3606
13514,3682
13508,3780
13539,3768
13560,3715
13598,3773
13588,3871
13633,3841
13638,3773
13658,3855
13668,3940
13692,3928
13704,3866
13726,3915
13736,4005
13748,3985
13758,3907
13776,3995
13792,4081
13826,4062
13826,3982
13830,4037
13852,4158
13860,4124
13882,4056
13894,4123
13917,4231
13932,4193
13968,4127
13986,4200
13982,4273
14015,4273
14026,4208
14048,4275
14072,4382
14098,4354
14106,4284
14136,4364
14158,4442
14170,4438
14198,4384
14213,4460
14254,4558
14249,4540
14269,4459
14300,4560
14325,4666
14344,4622
14370,4571
14398,4645
14427,4741
14437,4702
14463,4647
14483,4729
14517,4835
14537,4828
14561,4748
14595,4825
14605,4935
14645,4896
14663,4868
14707,4915
14727,5001
14757,4996
14749,4962
14781,5016
14829,5112
14843,5094
14877,5037
14883,5122
14917,5201
14945,5198
14969,5127
14983,5182
15017,5308
15047,5264
15077,5227
15099,5279
15141,5379
15143,5353
15161,5293
15170,5361
15227,5427
15252,5417
15278,5376
15287,5427
15305,5517
15350,5494
15344,5439
15355,5510
15401,5586
15432,5553
15434,5486
15457,5559
15486,5636
15508,5608
15535,5554
15534,5624
15560,5682
15582,5674
15610,5603
15604,5659
15623,5759
15634,5730
15654,5660
15658,5729
15693,5791
15708,5753
15722,5690
15724,5761
15745,5835
15786,5794
15792,5744
15790,5795
15828,5864
15860,5840
15876,5776
15865,5837
15900,5924
15919,5899
15943,5843
15940,5888
15981,5975
16007,5935
16019,5891
16037,5941
16059,6025
16081,5981
16091,5943
16105,6007
16147,6077
16181,6049
16169,5981
16175,6071
16249,6124
16256,6096
16282,6049
16296,6136
16340,6206
16356,6164
16352,6144
0,6205
36,6246
79,6223
78,6191
103,6261
132,6346
164,6276
184,6261
216,6313
257,6390
274,6345
292,6323
326,6385
356,6454
370,6426
378,6412
408,6455
457,6521
511,6488
506,6474
539,6533
567,6591
615,6577
616,6545
626,6609
674,6666
709,6614
739,6622
765,6679
806,6711
827,6714
851,6683
881,6731
916,6810
941,6779
936,6782
985,6808
1017,6867
1032,6855
1038,6814
1070,6886
1138,6934
1144,6929
1167,6889
1168,6955
1222,6992
1240,6989
1258,6969
1284,7016
1328,7066
1339,7037
1336,7020
1364,7081
1383,7112
1417,7085
1409,7063
1433,7117
1457,7151
1469,7121
1469,7123
1536,7170
1545,7219
1541,7179
1565,7163
1587,7209
1616,7241
1604,7206
1645,7210
1649,7239
1692,7273
1688,7254
1714,7256
1735,7307
1766,7344
1772,7315
1784,7296
1808,7360
1854,7400
1847,7379
1872,7384
1908,7431
1936,7480
1956,7452
1966,7442
1998,7492
2042,7562
2047,7522
2063,7512
2098,7573
2140,7634
2157,7596
2157,7615
2201,7659
2231,7695
2249,7693
2261,7665
2297,7761
2325,7793
2347,7801
2397,7803
2435,7845
2478,7895
2485,7888
2514,7886
2547,7956
2583,8030
2608,8016
2637,7978
2685,8062
2695,8109
2745,8103
2749,8123
2820,8178
2840,8270
2861,8271
2881,8241
2920,8280
2975,8374
2984,8402
2981,8384
3056,8400
3084,8503
3104,8554
3132,8512
3170,8562
3230,8649
3224,8669
3256,8635
3298,8663
3348,8762
3329,8809
3365,8781
3386,8806
3412,8922
3458,8936
3466,8901
3491,8899
3527,8989
3528,9069
3564,9011
3599,9001
3645,9126
3643,9175
3659,9135
3694,9142
3711,9233
3744,9292
3745,9253
3776,9258
3817,9301
3810,9363
3809,9375
3822,9330
3875,9418
3874,9476
3906,9468
3904,9442
3946,9466
3946,9564
3961,9528
3989,9517
4023,9586
4032,9661
4031,9637
4045,9635
4097,9677
4097,9769
4123,9767
4138,9723
4157,9769
4181,9890
4204,9902
4214,9841
4249,9896
4272,10010
4291,10050
4308,9994
4345,10030
4360,10147
4371,10165
4411,10083
4421,10118
4443,10272
4465,10321
4495,10251
4536,10288
4560,10437
4573,10457
4582,10386
4614,10408
4639,10558
4664,10363
4690,10676
4727,10692
4752,10549
4769,10675
4801,10904
4829,10879
4847,10775
4873,10796
4909,10946
4920,11068
4970,10968
4993,10984
5022,11190
5047,11279
5074,11167
5098,11100
5111,11361
5138,11433
5155,11317
5189,11293
5221,11432
5247,11579
5269,11479
5302,11445
5334,11585
5356,11716
5361,11606
5389,11520
5429,11621
5437,11913
5493,11819
5497,11715
5526,11827
5552,12028
5562,11906
5584,11752
5608,11976
5634,12107
5648,12093
5689,11938
5674,12077
5723,12154
5725,12167
5739,12047
5779,12081
5804,12275
5814,12259
5834,12129
5860,12203
5868,12351
5888,12382
5898,12140
5928,12174
5938,12453
5948,12467
5969,12285
5979,12263
5996,12449
6001,12511
6027,12345
6029,12261
6069,12535
6078,12613
6085,12360
6097,12418
6100,12644
6132,12599
6144,12526
6166,12436
6182,12656
6202,12716
6223,12542
6217,12508
6265,12637
6285,12830
6289,12638
6319,12576
6347,12753
6343,12809
6366,12702
6388,12660
6390,12862
6437,12975
6434,12862
6472,12738
6472,12917
6511,13037
6525,12877
6546,12831
6593,12956
6605,13118
6609,13092
6641,12929
6668,12999
6694,13237
6700,13109
6738,12997
6751,13167
6781,13264
6823,13264
6830,13137
6855,13172
6888,13319
6909,13326
6942,13185
6967,13222
6991,13419
7026,13414
7022,13310
7072,13299
7104,13493
7126,13583
7149,13450
7176,13385
7218,13598
7232,13614
7240,13482
7267,13515
7308,13725
7345,13701
7365,13575
7385,13550
7407,13761
7426,13856
7454,13618
7469,13647
7520,13718
7531,13844
7550,13701
7568,13708
7608,13922
7619,13946
7639,13781
7668,13757
7699,13915
7709,14115
7727,13978
7737,13828
7793,14023
7802,14109
7788,13935
7810,13850
7864,14008
7875,14140
7882,14016
7900,13882
7931,14051
7948,14194
7957,14141
7967,13941
7997,14042
8017,14233
8018,14174
8037,13977
8048,14038
8076,14250
8084,14240
8104,14037
8134,14071
8136,14286
8166,14209
8164,14088
8201,14079
8233,14288
8235,14399
8245,14134
8285,14171
8295,14405
8307,14347
8312,14178
8363,14177
8372,14443
8377,14449
8414,14211
8431,14248
8473,14475
8499,14511
8495,14358
8529,14298
8554,14524
8587,14586
8582,14448
8621,14357
8671,14513
8670,14644
8680,14469
8729,14425
8775,14556
8777,14731
8801,14603
8835,14506
8860,14603
8903,14768
8905,14690
8932,14578
8978,14659
8984,14823
9016,14714
9053,14612
9094,14757
9130,14896
9127,14857
9162,14711
9207,14817
9251,14996
9259,14889
9288,14772
9325,14939
9349,14988
9364,15030
9404,14828
9435,14988
9478,15042
9483,15097
9505,14902
9527,14933
9581,15158
9598,15184
9613,15013
9657,15023
9707,15221
9721,15257
9742,15192
9800,15110
9822,15364
9830,15342
9835,15173
9862,15161
9922,15276
9942,15286
9946,15309
9983,15361
10003,15393
10027,15362
10036,15365
10057,15460
10093,15457
10093,15405
10122,15424
10138,15496
10190,15514
10206,15473
10204,15482
10236,15531
10278,15550
10285,15537
10290,15527
10288,15572
10343,15621
10351,15565
10363,15571
10372,15636
10410,15676
10416,15668
10415,15622
10448,15655
10476,15710
10488,15695
10502,15665
10536,15712
10566,15764
10584,15786
10596,15760
10611,15763
10661,15821
10647,15845
10693,15825
10705,15837
10735,15906
10777,15898
10773,15889
10804,15917
10821,15969
10853,15997
10868,16012
10894,15985
10924,16082
10976,16110
10984,16078
11009,16101
11050,16164
11062,16203
11092,16194
11114,16202
11149,16279
11210,16346
11196,16300
11223,16301
11268,2
11299,64
11322,43
11333,45
11392,109
11438,198
11438,165
11477,159
11514,215
11550,327
11575,309
11612,287
11647,377
11684,462
11711,483
11732,441
11782,511
11806,646
11820,623
11818,604
11876,634
11922,751
11938,773
11968,742
12020,784
12036,875
12048,907
12053,891
12107,931
12157,1035
12162,1058
12183,1019
12223,1047
12252,1170
12259,1183
12267,1160
12289,1181
12317,1302
12358,1358
12359,1272
12379,1283
12405,1401
12419,1437
12432,1394
12472,1402
12478,1501
12499,1575
12530,1512
12556,1510
12584,1606
12578,1662
12598,1627
12620,1582
12644,1700
12645,1763
12656,1718
12682,1686
12716,1794
12718,1856
12730,1828
12763,1793
12772,1896
12802,1958
12810,1895
12821,1865
12851,1996
12874,2063
12869,2063
12935,2023
12935,2121
12953,2189
12971,2186
12989,2128
13015,2247
13034,2309
13063,2335
13081,2298
13113,2357
13139,2477
13139,2475
13140,2421
13208,2499
13230,2590
13230,2631
13272,2566
13304,2616
13318,2766
13347,2779
13359,2719
13392,2789
13413,2921
13429,2921
13464,2869
13503,2912
13519,3100
13537,3094
13560,3054
13602,3062
13607,3233
13631,3271
13674,3176
13702,3224
13702,3372
13734,3376
13765,3331
13785,3404
13816,3540
13844,3564
13878,3495
13899,3489
13919,3685
13954,3683
13974,3613
13994,3692
14038,3799
14057,3794
14072,3743
14085,3773
14121,3919
14135,3937
14156,3873
14190,3909
14215,4033
14222,4052
14275,3997
14284,4045
14298,4147
14326,4158
14353,4084
14368,4123
14393,4242
14409,4258
14418,4160
14440,4177
14464,4326
14488,4330
14494,4265
14501,4307
14535,4400
14562,4400
14580,4320
14574,4351
14598,4457
14608,4472
14630,4403
14635,4407
14664,4519
14675,4572
14705,4463
14701,4485
14731,4592
14729,4603
14777,4530
14787,4548
14771,4656
14809,4645
14819,4586
14817,4593
14841,4692
14861,4698
14873,4615
14887,4667
14895,4755
14933,4753
14949,4684
14956,4716
14990,4858
15016,4846
15026,4766
15038,4814
15072,4910
15104,4890
15134,4834
15116,4870
15144,4994
15152,4974
15192,4902
15208,4968
15246,5074
15282,5036
15278,5008
15302,5038
15345,5151
15353,5120
15385,5084
15391,5151
15444,5248
15452,5215
15505,5170
15495,5221
15541,5315
15565,5303
15571,5234
15599,5296
15648,5405
15662,5379
15693,5329
15727,5410
15733,5461
15777,5469
15807,5401
15817,5488
15834,5576
15874,5543
15905,5485
15942,5573
15976,5651
15992,5621
16029,5575
16045,5628
16061,5720
16084,5692
16131,5648
16140,5701
16165,5795
16184,5776
16230,5719
16219,5773
16254,5857
16285,5827
16316,5794
16328,5845
16366,5936
12,5907
20,5829
40,5888
64,5972
104,5951
100,5904
114,5952
148,6024
172,6008
190,5958
191,5993
239,6104
238,6051
263,5990
251,6058
292,6121
319,6076
325,6027
347,6097
377,6157
406,6144
410,6055
414,6138
437,6203
465,6183
469,6111
483,6172
518,6245
517,6206
555,6169
567,6227
597,6283
618,6261
618,6222
642,6266
670,6348
707,6295
722,6262
742,6328
788,6385
809,6387
818,6330
843,6379
868,6448
912,6438
906,6384
932,6444
960,6513
991,6486
1007,6471
1025,6513
1061,6574
1096,6544
1101,6508
1151,6574
1185,6636
1244,6613
1239,6613
1281,6655
1306,6707
1357,6714
1365,6664
1397,6705
1425,6781
1448,6775
1466,6736
1515,6814
1533,6880
1544,6848
1576,6824
1627,6885
1668,6939
1692,6914
1704,6904
1748,6954
1794,7024
1831,7010
1827,6980
1858,7046
1928,7100
1919,7081
1946,7069
1998,7127
2009,7186
2035,7148
2049,7137
2087,7209
2121,7250
2126,7232
2171,7228
2183,7283
2240,7324
2260,7308
2259,7307
2320,7357
2348,7397
2369,7349
2401,7354
2405,7404
2455,7467
2448,7450
2463,7418
2491,7482
2543,7528
2546,7499
2538,7484
2556,7527
2592,7576
2621,7545
2621,7527
2640,7591
2704,7630
2673,7604
2699,7607
2739,7648
2778,7686
2768,7660
2775,7641
2786,7712
2857,7722
2831,7717
2850,7708
2872,7759
2896,7796
2923,7796
2902,7762
2950,7812
2980,7874
2999,7840
3000,7839
3021,7898
3077,7942
3095,7937
3113,7917
3143,7963
3183,8051
3223,8025
3220,7993
3260,8066
3277,8130
3304,8128
3296,8102
3336,8163
3376,8194
3397,8209
3405,8225
3442,8242
3500,8310
3510,8338
3508,8326
3554,8346
3606,8463
3624,8492
3647,8447
3688,8493
3731,8584
3725,8603
3758,8583
3798,8618
3840,8738
3852,8778
3900,8762
3915,8779
3948,8874
3967,8919
3989,8899
4020,8934
4075,9028
4097,9080
4112,9072
4149,9089
4185,9183
4211,9269
4222,9241
4261,9232
4302,9300
4330,9402
4342,9403
4380,9382
4400,9454
4420,9550
4452,9561
4471,9519
4503,9591
4505,9717
4555,9699
4583,9655
4611,9737
4631,9850
4655,9872
4661,9786
4700,9858
4717,9975
4724,9973
4750,9937
4780,9948
4792,10089
4816,10104
4841,10017
4841,10051
4873,10194
4889,10217
4891,10147
4916,10160
4931,10282
4962,10334
4960,10260
5000,10252
5006,10410
5038,10438
5022,10346
5056,10350
5072,10442
5110,10511
5089,10467
5127,10457
5151,10561
5161,10635
5176,10568
5182,10583
5212,10683
5246,10754
5282,10717
5295,10658
5308,10778
5322,10870
5343,10853
5352,10826
5379,10893
5421,11008
5440,11019
5467,10966
5485,11001
5506,11154
5508,11163
5549,11141
5576,11160
5584,11275
5610,11296
5631,11234
5663,11254
5668,11205
5693,11409
5743,11619
5765,11506
5787,11379
5813,11509
5822,11704
5880,11652
5906,11557
5892,11632
5940,11836
5954,11803
5998,11699
6018,11849
6069,11928
6069,11989
6093,11853
6117,11919
6137,12094
6189,12146
6192,11950
6220,12036
6237,12248
6262,12271
6298,12143
6322,12156
6346,12382
6375,12389
6393,12235
6405,12293
6441,12446
6457,12513
6487,12345
6512,12321
6541,12629
6554,12646
6558,12420
6592,12463
6614,12588
6624,12702
6649,12659
6675,12543
6701,12743
6743,12804
6725,12681
6763,12613
6772,12838
6798,12897
6820,12768
6814,12656
6862,12844
6868,12970
6878,12848
6878,12741
6909,12815
6937,12985
6949,12984
6963,12768
6963,12875
6998,13053
7011,13043
7029,12829
7048,12958
7056,13134
7059,13068
7076,12889
7096,13004
7129,13197
7138,13142
7143,12964
7158,12992
7180,13188
7203,13229
7213,12976
7242,13089
7280,13271
7276,13274
7296,13081
7302,13128
7342,13318
7345,13329
7381,13155
7397,13167
7405,13429
7424,13427
7463,13280
7505,13231
7516,13423
7525,13478
7560,13310
7590,13344
7624,13514
7625,13542
7636,13440
7673,13406
7677,13639
7713,13713
7731,13525
7759,13453
7816,13709
7826,13774
7860,13612
7884,13525
7908,13626
7936,13787
7950,13704
7983,13620
8044,13786
8053,13935
8055,13848
8086,13671
8135,13847
8158,13965
8179,13864
8206,13800
8248,13894
8264,14014
8278,14068
8305,13874
8339,13905
8389,14095
8391,14059
8409,14011
8454,14002
8501,14160
8494,14192
8533,14011
8572,14046
8616,14231
8594,14262
8643,14123
8654,14095
8697,14316
8703,14353
8705,14245
8742,14138
8788,14328
8784,14409
8813,14216
8826,14174
8866,14386
8888,14469
8902,14297
8913,14251
8971,14365
8973,14555
8991,14426
8995,14306
9029,14473
9069,14533
9047,14521
9056,14318
9092,14482
9109,14575
9106,14488
9129,14392
9171,14460
9204,14677
9199,14509
9199,14359
9237,14572
9285,14705
9282,14656
9272,14439
9326,14549
9364,14718
9372,14686
9379,14515
9427,14551
9417,14739
9456,14662
9473,14616
9515,14608
9538,14806
9545,14799
9549,14609
9602,14630
9615,14867
9643,14873
9661,14782
9712,14706
9751,14918
9756,14908
9784,14860
9802,14764
9864,14928
9848,14986
9887,14945
9920,14840
9963,15074
9981,15113
9985,14881
10030,14875
10095,15120
10108,15152
10127,14997
10196,15003
10212,15087
10220,15258
10264,15092
10296,15067
10347,15187
10360,15380
10382,15321
10431,15174
10463,15316
10501,15297
10509,15301
10533,15375
10589,15413
10605,15415
10620,15365
10646,15454
10692,15496
10714,15491
10753,15474
10768,15531
10799,15556
10856,15594
10864,15550
10905,15607
10935,15654
10969,15671
10971,15651
10992,15674
11052,15727
11062,15760
11068,15728
11091,15724
11126,15822
11162,15819
11166,15794
11161,15823
11209,15890
11232,15918
11261,15875
11277,15892
11309,15943
11359,15971
11351,15947
11366,15921
11404,16026
11413,16065
11419,16011
11434,16010
11482,16068
11483,16103
11498,16079
11493,16042
11539,16101
11562,16162
11581,16143
11591,16141
11617,16153
11641,16244
11653,16208
11666,16176
11702,16236
11712,16275
11732,16273
11723,16253
11760,16293
11780,16372
11810,16380
11813,16321
11831,16372
11884,56
11899,70
11900,54
11959,91
11997,145
11979,185
12005,171
12036,180
12067,262
12097,300
12112,265
12129,259
12168,357
12177,423
12216,388
12248,415
12268,499
12289,549
12308,538
12354,566
12383,630
12407,702
12432,694
12479,707
12494,793
12518,870
12535,839
12575,849
12618,928
12642,1047
12660,1037
12687,985
12729,1073
12755,1165
12759,1181
12793,1185
12837,1231
12875,1344
12877,1355
12929,1328
12948,1407
12987,1550
12982,1536
13022,1495
13062,1557
13087,1694
13121,1730
13127,1663
13158,1711
13187,1868
13204,1872
13224,1801
13258,1832
13288,1994
13302,2012
13316,1920
13354,1982
13350,2120
13380,2148
13400,2104
13410,2128
13446,2240
13470,2307
13470,2198
13508,2214
13526,2364
13538,2372
13570,2296
13574,2332
13594,2457
13631,2535
13626,2420
13648,2426
13666,2560
13684,2600
13696,2514
13706,2546
13734,2648
13731,2655
13768,2562
13772,2632
13792,2752
13818,2786
13844,2722
13849,2723
13876,2889
13874,2903
13893,2815
13914,2830
13931,2954
13961,3045
13978,2933
14002,2931
14015,3093
14037,3131
14061,3053
14089,3081
14107,3201
14129,3280
14149,3161
14167,3204
14187,3360
14207,3378
14245,3326
14268,3341
14271,3473
14303,3562
14347,3449
14371,3457
14393,3613
14401,3679
14446,3594
14454,3613
14476,3762
14503,3791
14527,3736
14539,3754
14572,3891
14598,3927
14617,3853
14655,3864
14668,4016
14705,4079
14730,4022
14760,4009
14777,4148
14797,4169
14840,4116
14858,4140
14885,4244
14914,4316
14929,4238
14942,4241
14981,4369
14987,4418
15036,4340
15050,4351
15082,4466
15098,4522
15118,4436
15134,4446
15164,4573
15208,4590
15208,4548
15244,4567
15256,4660
15280,4699
15314,4649
15334,4624
15344,4746
15366,4776
15397,4711
15402,4729
15430,4822
15440,4819
15466,4766
15479,4797
15500,4887
15525,4908
15537,4849
15553,4845
15556,4941
15592,4958
15607,4896
15613,4923
15649,4998
15669,4995
15655,4945
15679,4971
15696,5073
15721,5045
15735,4993
15731,5031
15763,5101
15785,5135
15786,5052
15807,5080
15825,5158
15827,5167
15840,5083
15888,5122
15885,5216
15920,5210
15931,5124
15932,5167
15961,5274
16015,5249
16010,5209
16046,5265
16052,5339
16084,5335
16118,5263
16120,5333
16137,5421
16166,5401
16187,5348
16201,5386
16248,5478
16255,5447
16290,5414
16299,5457
16340,5568
16367,5553
18,5480
25,5555
53,5625
87,5607
117,5571
101,5595
173,5709
195,5690
215,5624
226,5691
277,5786
306,5765
331,5687
337,5767
399,5843
421,5843
443,5782
456,5842
496,5950
539,5906
570,5861
600,5929
603,5997
666,6012
690,5936
672,5995
724,6074
772,6051
774,6004
809,6058
840,6132
879,6147
898,6077
898,6115
944,6209
976,6180
992,6141
1012,6189
1043,6262
1085,6243
1106,6215
1102,6235
1152,6336
1182,6327
1171,6259
1182,6305
1231,6363
1269,6345
1276,6302
1259,6340
1318,6427
1347,6398
1351,6359
1373,6395
1415,6463
1435,6439
1453,6391
1447,6437
1471,6503
1514,6487
1528,6430
1523,6493
1565,6522
1590,6526
1584,6480
1598,6515
1646,6586
1629,6557
1658,6529
1656,6558
1714,6627
1735,6606
1737,6577
1750,6629
1798,6679
1827,6649
1853,6631
1871,6682
1900,6720
1912,6726
1933,6682
1955,6709
2009,6777
2020,6770
2004,6736
2049,6804
2088,6854
2104,6838
2132,6819
2165,6872
2203,6911
2228,6918
2268,6884
2258,6934
2332,6990
2354,6990
2398,6974
2422,7027
2432,7087
2479,7056
2490,7047
2521,7102
2552,7162
2592,7156
2598,7128
2636,7180
2676,7243
2693,7232
2736,7223
2755,7278
2805,7350
2831,7326
2851,7319
2882,7372
2918,7408
2961,7415
2979,7401
2995,7467
3031,7513
3071,7488
3080,7493
3103,7538
3161,7606
3189,7600
3193,7584
3217,7644
3249,7694
3277,7690
3285,7648
3337,7725
3357,7771
3396,7774
3406,7748
3441,7786
3489,7872
3483,7872
3495,7847
3529,7869
3561,7935
3579,7955
3574,7904
3627,7935
3659,8015
3645,8021
3681,7975
3701,8010
3730,8072
3731,8100
3758,8065
3765,8072
3789,8132
3824,8180
3808,8135
3856,8140
3871,8199
3883,8221
3921,8195
3922,8182
3949,8264
3970,8274
3968,8260
3984,8259
4010,8317
4024,8354
4015,8311
4046,8328
4078,8412
4095,8422
4094,8416
4141,8408
4148,8489
4179,8530
4185,8509
4216,8504
4255,8573
4269,8627
4277,8616
4309,8612
4321,8659
4375,8779
4358,8751
4386,8746
4432,8780
4444,8885
4453,8841
4494,8838
4544,8898
4543,9029
4593,9010
4601,8984
4639,9053
4671,9171
4684,9189
4713,9138
4740,9177
4786,9327
4787,9346
4829,9305
4862,9344
4892,9478
4882,9494
4914,9467
4956,9507
4996,9630
5000,9676
5033,9645
5065,9667
5113,9809
5119,9885
5137,9865
5188,9829
5201,9983
5235,10048
5262,10004
5287,9992
5319,10136
5324,10227
5370,10208
5406,10178
5407,10267
5442,10364
5447,10330
5481,10335
5511,10412
5529,10509
5553,10523
5584,10598
5594,10494
5618,10464
5660,10635
5651,10817
5700,10661
5706,10603
5704,10780
5725,10932
5762,10737
5787,10747
5819,10893
5803,11073
5837,10933
5851,10833
5874,10979
5880,11095
5910,11136
5948,10918
5958,11029
5960,11248
5998,11165
6005,11041
6005,11095
6035,11293
6045,11254
6056,11147
6069,11214
6080,11359
6112,11426
6129,11226
6144,11318
6158,11457
6189,11411
6196,11282
6220,11342
6229,11649
6244,11620
6265,11445
6291,11546
6299,11682
6345,11769
6370,11569
6371,11610
6400,11842
6412,11919
6432,11707
6464,11716
6512,11876
6507,11997
6541,11871
6549,11821
6595,12060
6605,12107
6639,12061
6654,11932
6664,12088
6706,12243
6724,12158
6749,12077
6781,12206
6801,12379
6819,12240
6853,12173
6883,12302
6901,12493
6935,12439
6964,12277
6974,12422
7022,12591
7034,12534
7046,12452
7084,12559
7114,12726
7146,12710
7160,12521
7203,12561
7226,12795
7239,12790
7261,12688
7279,12679
7317,12902
7330,12940
7346,12750
7394,12800
7419,13025
7427,13023
7459,12890
7505,12876
7509,13109
7523,13077
7547,12923
7584,12997
7608,13206
7605,13193
7614,12948
7646,12982
7677,13280
7696,13302
7717,13149
7741,13118
7753,13218
7775,13353
7791,13231
7834,13160
7828,13199
7854,13360
7878,13326
7890,13196
7919,13306
7928,13453
7933,13417
7942,13238
7979,13307
7981,13475
8002,13488
8008,13297
8048,13400
8063,13572
8065,13544
8096,13338
8123,13450
8129,13561
8125,13585
8155,13410
8169,13485
8186,13627
8191,13623
8220,13468
8235,13528
8256,13682
8274,13646
8286,13553
8305,13481
8349,13675
8351,13742
8363,13647
8385,13561
8436,13780
8450,13809
8461,13618
8485,13625
8531,13770
8541,13941
8543,13781
8563,13685
8628,13928
8636,13988
8644,13856
8671,13765
8716,13914
8750,14051
8763,13953
8780,13863
8841,13898
8868,14040
8890,14122
8902,13889
8947,13995
8998,14205
9005,14161
9038,13984
9091,14041
9115,14241
9125,14235
9146,14023
9187,14107
9215,14345
9231,14272
9254,14130
9299,14146
9325,14341
9342,14393
9348,14219
9405,14239
9449,14309
9479,14469
9494,14293
9543,14293
9576,14526
9589,14564
9620,14372
9635,14330
9700,14538
9691,14655
9710,14419
9740,14371
9809,14638
9795,14679
9807,14503
9843,14468
9875,14621
9895,14749
9898,14648
9958,14536
9957,14606
10000,14860
10030,14730
10043,14573
10081,14605
10107,14812
10086,14877
10125,14677
10175,14695
10183,14897
10183,14779
10184,14712
10240,14708
10240,14960
10260,14857
10252,14734
10298,14804
10326,14966
10337,14893
10349,14783
10407,14811
10432,14987
10439,15023
10409,14803
10469,14827
10481,15061
10491,15062
10494,14886
10524,14912
10572,15137
10576,15110
10588,14917
10622,14903
10666,15130
10670,15214
10678,15050
10737,14992
10751,15133
10795,15217
10797,15128
10831,15036
10854,15205
10891,15170
10919,15188
10944,15270
10990,15286
11006,15264
11008,15260
11042,15328
11069,15350
11098,15348
11111,15357
11177,15381
11190,15457
11233,15431
11245,15435
11269,15483
11338,15513
11326,15540
11372,15504
11400,15567
11434,15626
11466,15618
11484,15622
11511,15648
11565,15713
11589,15734
11598,15705
11631,15738
11657,15823
11705,15843
11707,15811
11748,15816
11792,15901
11797,15910
11822,15907
11854,15908
11919,15999
11932,16046
11929,16022
11965,16017
12013,16082
12041,16163
12061,16116
12053,16087
12097,16169
12137,16241
12141,16219
12161,16184
12208,16251
12226,16310
12237,16303
12246,16282
12270,16335
12312,8
12318,16364
12350,16370
12362,21
12396,104
12401,77
12416,62
12460,121
12474,159
12481,169
12478,130
12535,181
12541,251
12557,261
12549,208
12598,228
12597,314
12621,308
12645,250
12633,316
12681,389
12673,400
12681,344
12729,365
12739,455
12747,477
12758,412
12790,451
12802,539
12837,539
12827,512
12834,518
12844,625
12888,638
12904,604
12926,627
12965,704
12964,771
12998,737
13013,740
13048,817
13083,879
13088,823
13104,857
13137,952
13150,1005
13176,970
13202,994
13234,1095
13269,1178
13290,1122
13303,1148
13352,1263
13350,1330
13380,1307
13416,1298
13442,1413
13459,1466
13478,1445
13510,1452
13540,1567
13563,1654
13610,1633
13616,1661
13647,1751
13667,1838
13698,1827
13728,1808
13758,1929
13782,2010
13820,1998
13830,1971
13848,2090
13902,2208
13882,2186
13941,2140
13954,2256
13995,2387
14018,2358
14044,2310
14056,2440
14081,2558
14108,2490
14152,2469
14166,2585
14179,2695
14222,2638
14236,2606
14262,2711
14286,2840
14301,2816
14336,2724
14364,2823
14372,2926
14368,2932
14398,2886
14426,2993
14436,3092
14474,3049
14484,2998
14514,3098
14527,3194
14546,3159
14560,3098
14583,3183
14591,3303
14615,3239
14629,3202
14625,3302
14656,3406
14661,3310
14687,3287
14701,3356
14717,3475
14743,3407
14758,3352
14764,3449
14786,3553
14814,3515
14832,3462
14842,3558
14837,3631
14864,3561
14900,3528
14906,3644
14940,3754
14948,3686
14970,3667
14976,3762
15000,3855
15020,3760
15048,3756
15052,3860
15092,3945
15116,3897
15132,3878
15168,3988
15193,4062
15212,4018
15218,3963
15257,4077
15276,4166
15289,4125
15326,4087
15336,4199
15377,4295
15409,4233
15427,4195
15443,4332
15485,4441
15493,4339
15521,4331
15551,4437
15581,4511
15593,4457
15623,4423
15657,4543
15693,4639
15693,4565
15716,4535
15733,4649
15766,4749
15813,4679
15812,4639
15848,4748
15890,4832
15928,4782
15928,4733
15954,4843
15987,4918
16020,4846
16048,4836
16044,4949
16078,4998
16131,4927
16148,4922
16156,4991
16197,5095
16209,5029
16225,5027
16261,5120
16290,5182
16301,5072
16323,5106
16365,5177
16377,5248
10,5148
28,5150
43,5232
63,5285
74,5205
68,5213
103,5300
148,5344
160,5275
166,5271
179,5385
227,5391
230,5332
242,5309
262,5407
308,5432
312,5381
298,5355
336,5456
345,5473
372,5418
374,5414
414,5492
416,5532
429,5460
430,5469
455,5541
472,5564
515,5503
513,5512
561,5578
567,5601
580,5533
596,5562
601,5645
643,5649
679,5577
667,5605
685,5694
729,5706
747,5621
774,5674
785,5747
829,5771
844,5719
860,5730
886,5820
934,5816
937,5786
964,5809
1019,5885
1046,5884
1060,5836
1082,5881
1118,5958
1160,5954
1167,5924
1185,5944
1257,6026
1285,6032
1277,5986
1329,6020
1341,6113
1373,6117
1405,6056
1429,6100
1461,6197
1537,6175
1549,6127
1563,6173
1612,6247
1649,6238
1670,6221
1663,6252
1731,6323
1792,6322
1785,6281
1800,6327
1840,6409
1894,6407
1910,6348
1922,6389
1950,6460
2014,6454
2024,6401
2043,6460
2079,6544
2127,6523
2139,6471
2161,6522
2189,6611
2221,6592
2238,6531
2263,6592
2297,6657
2325,6659
2334,6583
2358,6648
2377,6717
2429,6697
2429,6665
2430,6701
2481,6771
2510,6751
2535,6707
2517,6738
2599,6801
2594,6799
2614,6744
2627,6795
2654,6854
2689,6839
2684,6818
2696,6833
2734,6902
2752,6881
2748,6854
2785,6874
2792,6921
2810,6939
2816,6876
2814,6906
2877,6981
2895,6970
2913,6949
2942,6963
2970,7046
3002,7039
3013,7002
3000,7046
3070,7088
3073,7102
3100,7059
3101,7102
3164,7170
3177,7149
3176,7127
3212,7170
3262,7242
3276,7240
3304,7230
3334,7230
3360,7314
3372,7336
3414,7298
3418,7327
3468,7377
3506,7425
3530,7376
3548,7402
3607,7502
3614,7527
3650,7478
3644,7518
3704,7562
3738,7621
3746,7602
3777,7573
3828,7685
3850,7707
3864,7683
3878,7678
3935,7755
3958,7798
3992,7799
4011,7796
4043,7857
4077,7906
4113,7907
4117,7913
4147,7971
4165,8059
4207,8015
4231,8007
4253,8077
4297,8169
4307,8119
4309,8103
4360,8184
4372,8238
4402,8221
4436,8183
4454,8264
4494,8339
4508,8318
4515,8291
4534,8336
4576,8416
4584,8428
4609,8393
4648,8428
4658,8525
4661,8534
4695,8501
4723,8521
4740,8608
4740,8627
4752,8582
4798,8623
4831,8686
4830,8697
4846,8655
4868,8696
4869,8755
4899,8793
4911,8768
4927,8776
4963,8844
4975,8863
4983,8817
4996,8835
5000,8904
5020,8951
5032,8920
5048,8906
5072,8967
5120,9033
5092,9006
5106,8990
5138,9070
5158,9140
5154,9079
5188,9053
5192,9122
5233,9203
5227,9222
5255,9177
5285,9224
5321,9359
5311,9332
5350,9322
5384,9371
5380,9470
5400,9472
5441,9414
5450,9488
5480,9618
5522,9618
5518,9598
5575,9634
5586,9767
5593,9827
5623,9725
5653,9764
5689,9917
5701,9979
5721,9890
5750,9932
5788,10062
5822,10108
5825,10105
5850,10089
5896,10254
5920,10322
5921,10277
5952,10256
5979,10401
6003,10490
6035,10475
6072,10430
6094,10556
6119,10644
6144,10638
6170,10591
6188,10718
6216,10831
6261,10800
6265,10797
6287,10891
6297,10995
6329,10992
6379,10923
6399,11027
6405,11141
6447,11178
6468,11109
6470,11132
6503,11273
6526,11317
6545,11209
6559,11261
6593,11426
6610,11438
6635,11370
6654,11361
6670,11519
6719,11576
6736,11478
6743,11489
6745,11631
6781,11683
6777,11623
6789,11571
6826,11683
6836,11768
6864,11702
6892,11696
6903,11808
6920,11898
6936,11822
6953,11754
6949,11846
6971,11967
7006,11902
7016,11825
7032,11904
7049,12027
7068,11970
7072,11934
7080,12008
7103,12099
7129,12085
7144,12005
7147,12054
7155,12141
7178,12180
7206,12100
7224,12120
7228,12242
7267,12260
7303,12177
7305,12208
7327,12323
7343,12343
7393,12293
7393,12298
7420,12412
7445,12466
7470,12405
7478,12379
7495,12479
7535,12589
7549,12516
7583,12455
7587,12614
7624,12682
7645,12615
7673,12573
7686,12676
7732,12782
7744,12758
7774,12690
7792,12746
7807,12867
7869,12846
7863,12811
7887,12871
7924,12970
7960,12960
7986,12887
8004,12959
8034,13074
8067,13071
8069,13013
8104,13043
8135,13142
8168,13174
8192,13103
8204,13133
8230,13232
8276,13276
8289,13217
8300,13210
8337,13292
8370,13349
8397,13305
8428,13291
8432,13374
8486,13456
8496,13386
8515,13345
8525,13430
8550,13511
8596,13465
8611,13419
8610,13506
8656,13578
8680,13555
8694,13492
8720,13549
8745,13643
8765,13611
8805,13571
8803,13615
8837,13693
8868,13680
8883,13617
8884,13665
8906,13743
8932,13750
8944,13675
8951,13708
8981,13772
8993,13783
9031,13732
9020,13736
9038,13815
9079,13849
9098,13782
9108,13761
9124,13852
9160,13880
9194,13826
9179,13816
9188,13894
9237,13924
9242,13867
9231,13853
9256,13923
9281,13964
9310,13923
9304,13880
9326,13965
9360,14002
9381,13989
9387,13911
9384,13994
9442,14065
9475,14049
9489,13983
9506,14050
9552,14120
9590,14084
9576,14034
9601,14089
9628,14196
9682,14154
9686,14091
9715,14161
9758,14233
9795,14226
9801,14183
9823,14213
9852,14304
9893,14303
9900,14251
9930,14272
9965,14358
10015,14379
10030,14336
10065,14351
10114,14431
10141,14460
10151,14410
10186,14414
10212,14497
10250,14526
10284,14470
10299,14484
10318,14548
10383,14590
10396,14567
10420,14567
10458,14635
10518,14674
10530,14639
10551,14621
10568,14695
10630,14747
10670,14734
10682,14684
10689,14761
10746,14828
10788,14808
10808,14760
10809,14824
10857,14880
10905,14873
10911,14833
10928,14889
10949,14947
10989,14957
10995,14896
11012,14942
11072,15020
11100,15018
11100,14973
11130,14992
11195,15065
11207,15086
11216,15004
11239,15029
11249,15121
11293,15147
11294,15064
11299,15097
11331,15147
11365,15178
11387,15150
11358,15142
11419,15221
11444,15229
11442,15196
11446,15174
11485,15243
11519,15293
11524,15238
11554,15232
11559,15285
11589,15315
11599,15287
11615,15289
11633,15321
11677,15395
11670,15354
11690,15339
11697,15387
11748,15421
11753,15401
11766,15408
11796,15431
11830,15494
11842,15478
11858,15462
11876,15506
11924,15554
11943,15559
11978,15535
12031,15583
12037,15639
12057,15654
12063,15610
12077,15638
12131,15711
12160,15759
12157,15698
12193,15731
12226,15812
12248,15848
12276,15810
12300,15835
12326,15909
12343,15934
12370,15897
12416,15933
12458,16018
12488,16044
12502,16018
12533,15993
12552,16125
12573,16154
12599,16137
12611,16125
12665,16202
12677,16283
12707,16253
12743,16211
12769,16320
12777,16355
12820,16364
12829,16367
12877,40
12905,137
12909,121
12957,77
12974,148
12994,236
13034,222
13034,184
13068,244
13102,333
13130,343
13141,316
13138,371
13185,454
13191,452
13212,453
13260,467
13282,580
13298,575
13330,517
13350,572
13360,656
13382,688
13398,632
13426,673
13452,777
13454,792
13468,749
13491,755
13510,875
13537,890
13524,831
13574,833
13586,944
13602,974
13606,914
13632,930
13656,1018
13668,1060
13682,998
13694,1028
13732,1143
13718,1149
13730,1057
13750,1094
13772,1210
13802,1215
13810,1173
13820,1195
13840,1305
13860,1328
13870,1277
13889,1277
13912,1364
13926,1415
13942,1342
13957,1382
13974,1481
13989,1531
14018,1479
14051,1527
14057,1648
14079,1696
14103,1592
14138,1655
14155,1758
14171,1812
14183,1750
14217,1824
14239,1954
14275,1995
14295,1939
14325,1941
14328,2089
14362,2129
14385,2067
14420,2124
14425,2256
14460,2336
14488,2255
14520,2317
14546,2442
14564,2488
14576,2431
14618,2472
14649,2626
14669,2708
14696,2586
14729,2631
14735,2805
14765,2869
14807,2770
14824,2844
14855,2974
14867,3024
14891,2920
14923,2999
14953,3145
14978,3157
15016,3085
15029,3140
15064,3282
15074,3324
15118,3229
15128,3304
15142,3437
15169,3487
15196,3406
15198,3414
15202,3536
15257,3570
15284,3497
15289,3534
15316,3679
15346,3670
15359,3581
15380,3669
15391,3769
15417,3777
15447,3731
15461,3773
15489,3879
15503,3874
15518,3793
15538,3857
15542,3972
15570,3988
15578,3882
15602,3936
15614,4040
15638,4016
15670,3933
15662,4006
15692,4122
15688,4079
15724,4015
15737,4081
15749,4175
15755,4137
15784,4080
15790,4144
15817,4260
15845,4215
15842,4138
15873,4227
15881,4322
15906,4287
15943,4230
15938,4340
15966,4398
15992,4358
16001,4302
16014,4393
16056,4485
16077,4463
16098,4375
16092,4496
16132,4600
16166,4542
16175,4491
16217,4580
16252,4680
16289,4635
16287,4591
16313,4704
16337,4791
16375,4720
1,4687
13,4791
55,4869
80,4821
90,4785
118,4878
171,4956
188,4910
214,4873
227,4996
260,5050
310,5008
314,4944
355,5069
382,5149
436,5093
442,5062
464,5171
492,5223
542,5188
536,5156
565,5243
605,5329
627,5237
655,5245
659,5326
703,5398
743,5347
775,5293
799,5412
830,5447
855,5409
871,5395
885,5488
931,5526
963,5459
962,5462
990,5559
1030,5589
1047,5516
1056,5528
1084,5618
1128,5646
1169,5579
1141,5598
1170,5672
1200,5692
1253,5621
1231,5654
1247,5716
1299,5736
1323,5660
1327,5705
1351,5771
1381,5793
1382,5723
1371,5739
1413,5825
1432,5824
1470,5754
1462,5792
1478,5862
1516,5847
1524,5797
1532,5824
1548,5906
1610,5896
1599,5851
1622,5876
1639,5944
1675,5934
1684,5879
1681,5914
1709,5994
1765,5955
1752,5936
1760,5967
1807,6042
1824,6032
1850,5972
1854,6031
1903,6090
1926,6072
1942,6008
1948,6064
2006,6156
2037,6129
2049,6073
2072,6137
2140,6226
2163,6204
2191,6161
2183,6193
2247,6291
2269,6256
2272,6231
2290,6265
2349,6353
2375,6325
2375,6279
2425,6358
2460,6411
2493,6428
2527,6359
2533,6417
2595,6481
2623,6487
2644,6454
2661,6476
2725,6542
2771,6567
2762,6499
2794,6561
2835,6633
2883,6634
2886,6596
2911,6643
2964,6712
3008,6718
3016,6674
3034,6729
3093,6781
3121,6783
3131,6751
3139,6795
3200,6846
3224,6842
3258,6824
3286,6852
3316,6932
3334,6911
3364,6891
3382,6921
3422,6982
3438,6977
3448,6939
3498,6982
3524,7048
3528,7051
3560,7020
3582,7046
3602,7102
3624,7102
3636,7072
3662,7118
3708,7184
3728,7192
3726,7128
3731,7185
3762,7225
3794,7222
3803,7176
3824,7213
3858,7270
3872,7263
3876,7218
3904,7285
3920,7322
3937,7331
3937,7282
3964,7295
3996,7378
4002,7378
4025,7331
4034,7366
4078,7416
4080,7454
4093,7415
4120,7432
4142,7498
4185,7521
4202,7478
4202,7495
4212,7549
4245,7610
4283,7545
4288,7566
4345,7644
4359,7693
4379,7644
4397,7654
4431,7731
4448,7758
4473,7750
4497,7749
4549,7823
4573,7896
4599,7874
4613,7845
4649,7904
4666,8000
4686,7968
4707,7950
4776,8020
4774,8114
4790,8097
4826,8062
4865,8143
4894,8216
4894,8202
4937,8185
4975,8226
4995,8348
5017,8359
5043,8321
5080,8342
5106,8462
5112,8480
5134,8461
5166,8493
5214,8597
5226,8600
5250,8595
5265,8593
5287,8674
5335,8741
5342,8721
5381,8737
5395,8827
5403,8875
5446,8842
5473,8846
5498,8930
5508,9005
5537,8988
5557,8965
5573,9047
5614,9108
5620,9120
5641,9079
5655,9144
5689,9273
5709,9236
5735,9216
5746,9256
5743,9340
5782,9343
5789,9315
5812,9331
5834,9463
5865,9453
5864,9410
5875,9430
5888,9544
5910,9567
5944,9494
5950,9508
5964,9648
6006,9658
5994,9590
6011,9602
6022,9710
6021,9756
6056,9661
6045,9673
6087,9808
6099,9827
6109,9768
6133,9748
6139,9881
6149,9948
6174,9864
6216,9862
6209,9978
6228,10058
6257,10011
6268,9999
6293,10093
6295,10169
6329,10146
6351,10134
6354,10176
6393,10342
6404,10310
6438,10242
6463,10323
6473,10441
6514,10476
6533,10407
6551,10440
6593,10609
6617,10650
6629,10583
6634,10641
6675,10772
6708,10806
6732,10746
6758,10792
6777,10939
6803,10993
6833,10939
6865,10955
6869,11061
6917,11179
6938,11102
6950,11104
6977,11257
7008,11346
7037,11297
7060,11256
7091,11387
7100,11498
7139,11464
7179,11439
7182,11535
7227,11664
7240,11653
7266,11580
7278,11659
7310,11775
7333,11793
7373,11713
7398,11757
7414,11916
7465,11931
7464,11858
7480,11889
7515,12002
7551,12098
7549,11979
7569,11969
7596,12127
7627,12190
7661,12097
7652,12090
7678,12222
7705,12279
7737,12236
7767,12177
7771,12287
7786,12385
7834,12324
7818,12259
7832,12364
7865,12457
7895,12393
7899,12353
7907,12425
7926,12525
7969,12480
7962,12419
7973,12483
7986,12580
8008,12563
8041,12493
8033,12549
8046,12612
8084,12638
8112,12557
8112,12600
8130,12689
8156,12706
8180,12630
8187,12651
8191,12727
8226,12766
8243,12712
8243,12693
8259,12801
8299,12872
8340,12773
8336,12763
8341,12868
8389,12965
8414,12898
8434,12833
8442,12941
8492,13034
8520,12972
8524,12922
8543,13007
8578,13107
8613,13084
8624,13022
8643,13129
8668,13196
8709,13172
8752,13124
8762,13199
8802,13280
8841,13286
8873,13225
8875,13261
8905,13367
8939,13368
8958,13330
8996,13319
9014,13418
9042,13483
9078,13421
9079,13410
9109,13503
9165,13563
9187,13524
9223,13490
9250,13583
9297,13638
9314,13604
9310,13563
9357,13659
9410,13731
9432,13692
9451,13647
9467,13704
9533,13810
9528,13774
9564,13721
9581,13784
9626,13868
9651,13842
9654,13792
9691,13861
9702,13926
9751,13921
9757,13863
9783,13895
9828,14000
9868,13994
9883,13920
9884,13962
9932,14052
9967,14047
9968,13993
9963,13994
10009,14108
10031,14092
10068,14041
10054,14046
10102,14130
10114,14139
10148,14094
10138,14092
10143,14158
10199,14201
10213,14142
10215,14115
10231,14188
10277,14231
10301,14181
10295,14136
10314,14212
10359,14285
10360,14252
10376,14197
10385,14269
10415,14329
10441,14274
10422,14219
10453,14283
10488,14348
10501,14323
10520,14266
10524,14308
10548,14403
10620,14389
10622,14324
10624,14361
10663,14446
10700,14438
10717,14363
10726,14438
10757,14520
10789,14509
10829,14447
10838,14474
10865,14555
10914,14579
10916,14518
10946,14559
10995,14614
11016,14643
11043,14612
11072,14615
11101,14696
11160,14701
11183,14679
11207,14684
11232,14746
11274,14808
11295,14781
11308,14765
11345,14817
11399,14870
11413,14848
11435,14826
11465,14881
11504,14958
11541,14931
11546,14898
11599,14964
11634,15032
11676,15028
11687,14984
11725,15044
11759,15108
11802,15127
11813,15053
11831,15113
11885,15187
11913,15197
11921,15157
11949,15195
11975,15262
12020,15260
12032,15248
12046,15256
12090,15342
12104,15364
12130,15286
12158,15320
12168,15390
12208,15416
12236,15361
12242,15380
12264,15468
12311,15495
12331,15446
12329,15446
12365,15504
12393,15541
12389,15526
12401,15515
12443,15591
12458,15622
12463,15583
12483,15567
12516,15622
12510,15665
12540,15628
12569,15636
12584,15694
12619,15725
12628,15694
12649,15682
12657,15715
12670,15780
12688,15753
12678,15715
12717,15773
12749,15817
12765,15828
12769,15802
12803,15839
12822,15900
12849,15879
12828,15867
12870,15906
12897,15948
12914,15964
12940,15934
12966,15965
12980,16029
13002,16080
13017,16050
13062,16053
13090,16122
13107,16170
13118,16127
13124,16141
13178,16252
13180,16247
13194,16246
13252,16236
13270,16338
13302,16378
13318,16346
13354,2
13360,78
13394,96
13414,92
13438,95
13486,179
13514,242
13530,200
13561,207
13576,322
13622,349
13631,360
13645,339
13682,418
13708,503
13739,485
13758,475
13783,552
13802,647
13832,658
13861,623
13879,721
13920,760
13944,745
13950,743
13983,851
14005,906
14020,919
14068,898
14090,992
14106,1040
14110,1030
14158,1028
14172,1104
14189,1230
14210,1220
14237,1155
14254,1254
14276,1326
14277,1303
14329,1292
14345,1380
14361,1468
14387,1472
14415,1400
14413,1481
14435,1587
14441,1535
14468,1559
14499,1609
14507,1693
14535,1649
14537,1605
14553,1686
14573,1765
14590,1705
14603,1691
14605,1785
14639,1893
14650,1829
14654,1820
14683,1895
14708,1996
14702,1904
14726,1894
14750,2020
14752,2064
14778,2003
14793,1989
14798,2079
14818,2164
14838,2096
14846,2060
14877,2205
14889,2274
14904,2223
14910,2168
14937,2301
14945,2397
14989,2323
14989,2272
14987,2417
15044,2490
15059,2655
15071,2569
15103,2462
15127,2543
15165,2642
15180,2746
15192,2598
15214,2774
15238,2862
15265,2960
15296,2726
15308,2790
15346,3059
15370,3002
15390,2882
15405,2922
15451,3219
15467,3192
15502,3029
15517,3193
15557,3378
15569,3388
15589,3240
15631,3413
15653,3525
15668,3510
15713,3338
15729,3419
15764,3691
15766,3666
15797,3471
15832,3606
15876,3792
15890,3748
15900,3600
15936,3752
15985,3970
15997,3919
16016,3750
16053,3951
16097,4077
16119,4027
16111,3900
16165,4098
16173,4251
16192,4131
16223,3987
16235,4210
16276,4314
16288,4257
16315,4121
16336,4278
16362,4444
16371,4276
4,4191
48,4368
68,4485
75,4345
89,4286
129,4405
166,4605
159,4360
191,4391
208,4539
220,4678
229,4491
247,4440
276,4630
308,4654
287,4555
322,4503
346,4698
356,4782
374,4539
396,4543
409,4731
411,4814
437,4643
463,4626
500,4833
497,4819
508,4737
539,4641
564,4941
582,4878
582,4690
613,4847
661,5001
655,4971
649,4835
701,4849
738,5033
739,5039
753,4887
798,4871
821,5157
839,5115
884,4946
912,4998
959,5220
964,5176
982,5017
1021,5125
1052,5310
1058,5228
1064,5087
1143,5253
1157,5417
1181,5397
1209,5259
1243,5253
1272,5464
1277,5371
1329,5247
1351,5445
1416,5562
1418,5480
1442,5365
1487,5450
1519,5616
1539,5580
1569,5407
1604,5596
1639,5683
1651,5574
1685,5491
1701,5706
1737,5781
1739,5629
1795,5553
1831,5747
1865,5877
1873,5743
1917,5679
1942,5816
1981,5940
1983,5747
2039,5722
2077,5937
2094,5970
2112,5858
2153,5779
2175,5926
2192,6038
2189,5865
2234,5847
2272,5990
2295,6054
2298,5972
2324,5875
2367,6064
2373,6117
2399,6033
2445,5919
2441,6129
2467,6162
2475,6020
2502,6009
2567,6159
2550,6225
2579,6030
2590,6000
2618,6228
2624,6231
2642,6075
2655,6071
2682,6263
2694,6342
2695,6082
2734,6088
2778,6324
2784,6336
2780,6134
2812,6160
2840,6374
2847,6390
2844,6190
2886,6177
2904,6415
2915,6397
2937,6251
2973,6257
3007,6422
2997,6470
3019,6287
3033,6291
3091,6515
3094,6543
3107,6326
3150,6369
3181,6558
3199,6561
3221,6418
3273,6431
3300,6666
3305,6619
3339,6485
3381,6536
3415,6709
3405,6747
3445,6505
3488,6559
3521,6767
3516,6703
3566,6654
3597,6631
3631,6837
3656,6849
3683,6702
3717,6651
3780,6950
3772,6877
3803,6825
3852,6790
3868,6972
3892,6996
3925,6901
3949,6847
3967,7031
4011,7111
4031,6929
4075,7073
4097,7080
4113,7072
4140,7070
4197,7162
4206,7197
4232,7144
4263,7153
4289,7229
4326,7258
4335,7215
4378,7228
4396,7314
4417,7349
4448,7313
4470,7308
4504,7377
4528,7434
4534,7397
4564,7388
4580,7441
4612,7523
4617,7468
4640,7467
4672,7533
4710,7565
4730,7546
4755,7509
4747,7575
4781,7625
4789,7577
4813,7579
4839,7646
4877,7703
4882,7689
4889,7637
4914,7693
4917,7736
4916,7692
4950,7724
4961,7741
4972,7814
5003,7785
5002,7784
5039,7801
5048,7879
5080,7853
5078,7822
5109,7879
5137,7941
5123,7917
5154,7896
5193,7911
5199,7990
5193,8001
5214,7969
5262,7997
5268,8080
5292,8079
5297,8063
5330,8075
5356,8145
5376,8204
5410,8160
5436,8191
5459,8284
5488,8315
5507,8283
5522,8275
5573,8364
5591,8461
5587,8407
5635,8416
5645,8496
5674,8585
5724,8568
5730,8540
5753,8597
5788,8664
5806,8716
5831,8672
5859,8718
5891,8822
5897,8827
5944,8786
5946,8880
5981,8985
6014,8980
6030,8961
6060,9004
6076,9127
6098,9142
6143,9130
6162,9171
6169,9235
6203,9278
6227,9274
6241,9264
6277,9399
6302,9460
6330,9426
6362,9436
6380,9512
6383,9621
6421,9568
6446,9566
6465,9685
6484,9773
6493,9754
6539,9700
6544,9812
6577,9928
6604,9883
6622,9836
6632,9904
6649,10025
6691,10019
6707,9979
6729,9981
6724,10168
6756,10162
6798,10090
6787,10145
6814,10272
6842,10284
6854,10207
6872,10224
6883,10359
6909,10435
6917,10352
6946,10340
6946,10439
6946,10492
6990,10414
6998,10418
7004,10514
7015,10576
7032,10506
7063,10497
7062,10630
7085,10707
7112,10622
7114,10604
7126,10682
7132,10758
7162,10746
7185,10697
7201,10779
7207,10881
7245,10847
7249,10805
7285,10850
7290,10983
7306,11019
7336,10938
7341,10976
7380,11111
7393,11147
7408,11068
7442,11077
7442,11242
7478,11292
7526,11210
7530,11218
7527,11378
7587,11443
7615,11376
7630,11371
7651,11513
7700,11605
7726,11552
7736,11528
7758,11634
7797,11722
7834,11731
7855,11692
7877,11755
7890,11881
7932,11883
7950,11817
7986,11904
7991,12004
8047,12023
8071,11968
8093,11999
8108,12154
8166,12184
8182,12115
8210,12135
8231,12266
8258,12311
8287,12256
8295,12255
8336,12356
8364,12458
8410,12396
8404,12342
8440,12463
8463,12559
8497,12482
8517,12443
8540,12556
8560,12665
8598,12600
8622,12586
8649,12677
8673,12747
8693,12726
8709,12659
8724,12730
8754,12833
8783,12847
8818,12756
8805,12781
8839,12891
8876,12912
8905,12849
8888,12864
8918,12945
8951,12973
8962,12905
8984,12901
9017,12981
9024,13047
9062,13006
9067,12956
9082,13058
9109,13104
9120,13041
9143,13033
9133,13090
9169,13173
9200,13110
9199,13065
9238,13147
9264,13232
9264,13166
9282,13116
9285,13207
9318,13279
9349,13245
9383,13177
9376,13245
9414,13342
9453,13310
9438,13262
9467,13260
9519,13397
9546,13391
9557,13357
9577,13347
9610,13458
9637,13467
9668,13427
9682,13426
9713,13530
9755,13581
9807,13523
9799,13503
9827,13587
9879,13668
9915,13604
9940,13590
9946,13665
9998,13721
10054,13690
10049,13637
10057,13743
10121,13811
10134,13780
10183,13735
10185,13789
10228,13906
10252,13840
10280,13799
10290,13868
10343,13960
10392,13944
10401,13883
10413,13954
10479,14037
10509,14023
10531,13978
10557,13997
10604,14098
10630,14099
10652,14031
10686,14066
10711,14163
10756,14174
10757,14129
10786,14132
10817,14225
10864,14223
10886,14167
10891,14194
10927,14266
10951,14305
10964,14268
10990,14245
11035,14334
11085,14373
11091,14316
11108,14291
11125,14357
11164,14409
11174,14377
11197,14352
11212,14409
11252,14480
11266,14424
11292,14386
11303,14455
11321,14508
11345,14487
11361,14433
11365,14497
11429,14553
11425,14527
11438,14473
11449,14533
11492,14598
11492,14560
11514,14520
11500,14553
11558,14618
11592,14620
11568,14557
11568,14563
11594,14666
11645,14666
11647,14607
11645,14640
11678,14708
11732,14711
11724,14657
11741,14669
11772,14739
11812,14745
11818,14704
11830,14700
11855,14772
11889,14799
11897,14764
11911,14759
11933,14852
11966,14876
11993,14847
11999,14836
12052,14905
12093,14956
12105,14924
12122,14900
12141,14964
12191,15026
12207,14989
12229,14964
12268,15043
12305,15101
12334,15099
12351,15074
12384,15134
12412,15196
12456,15185
12462,15144
12480,15153
12534,15264
12564,15262
12568,15225
12597,15264
12637,15335
12657,15369
12695,15332
12715,15351
12748,15428
12788,15453
12811,15411
12830,15426
12874,15535
12882,15548
12906,15535
12944,15544
12978,15604
12997,15646
13014,15608
13042,15630
13086,15687
13107,15745
13118,15718
13147,15685
13173,15760
13191,15820
13237,15812
13261,15793
13273,15871
13298,15920
13312,15876
13323,15867
13368,15949
13385,15978
13403,15966
13424,15954
13442,15994
13486,16055
13490,16048
13480,16040
13524,16062
13535,16118
13566,16107
13574,16071
13602,16141
13611,16184
13631,16166
13644,16143
13646,16190
13674,16256
13698,16253
13690,16217
13714,16248
13726,16306
13750,16331
13763,16291
13780,16306
13792,8
13822,3
13832,16353
13850,12
13882,71
13894,75
13887,47
13944,85
13953,150
13976,165
13986,128
13996,179
14038,254
14080,255
14096,217
14112,300
14146,394
14148,410
14162,351
14216,409
14224,501
14261,538
14266,504
14292,540
14320,630
14344,676
14358,628
14409,672
14415,789
14454,838
14469,784
14497,803
14513,915
14544,978
14568,928
14601,988
14638,1075
14638,1127
14655,1098
14700,1132
14725,1233
14747,1302
14773,1236
14797,1275
14805,1390
14839,1445
14860,1423
14890,1420
14912,1576
14954,1606
14942,1543
14989,1610
14997,1743
15039,1803
15049,1722
15091,1756
15109,1868
15128,1919
15160,1876
15181,1891
15200,2084
15221,2077
15255,2015
15259,2025
15293,2190
15310,2212
15326,2163
15342,2174
15368,2334
15380,2338
15408,2249
15418,2302
15438,2454
15472,2464
15499,2389
15485,2397
15516,2547
15530,2592
15575,2477
15575,2525
15579,2636
15603,2684
15627,2567
15617,2616
15633,2720
15679,2765
15677,2656
15690,2734
15722,2862
15744,2842
15747,2779
15776,2792
15762,2917
15808,2930
15805,2815
15823,2876
15832,3057
15865,3015
15901,2948
15907,2971
15914,3104
15929,3103
15964,3036
15965,3120
15985,3236
16007,3195
16042,3158
16031,3235
16086,3346
16109,3352
16128,3260
16130,3387
16166,3499
16207,3477
16225,3410
16233,3509
16265,3627
16298,3603
16299,3547
16332,3670
16375,3776
32,3728
28,3682
58,3783
90,3904
127,3837
138,3806
158,3922
204,4028
236,3974
270,3943
287,4051
331,4169
363,4137
363,4075
404,4176
429,4273
471,4224
467,4193
503,4306
549,4412
575,4336
594,4289
614,4416
652,4520
697,4438
729,4424
750,4539
775,4606
794,4537
820,4534
842,4654
880,4717
893,4629
927,4638
960,4735
993,4808
1013,4743
1022,4705
1059,4824
1097,4882
1118,4809
1112,4787
1153,4910
1185,4949
1204,4862
1216,4875
1234,4998
1284,4976
1290,4935
1293,4947
1313,5050
1366,5052
1389,4970
1361,5009
1419,5108
1415,5117
1421,5021
1461,5061
1474,5158
1514,5137
1518,5058
1538,5130
1560,5222
1576,5215
1611,5137
1605,5189
1629,5257
1657,5248
1663,5164
1677,5239
1703,5321
1737,5287
1736,5228
1758,5284
1790,5356
1815,5344
1833,5296
1840,5342
1878,5426
1947,5394
1935,5334
1950,5430
2010,5490
2053,5476
2035,5413
2067,5494
2141,5590
2151,5549
2171,5487
2191,5571
2237,5670
2258,5591
2281,5556
2305,5644
2361,5724
2376,5672
2416,5652
2422,5727
2468,5809
2514,5733
2530,5739
2563,5789
2583,5867
2631,5853
2646,5805
2672,5886
2710,5934
2759,5886
2757,5878
2785,5959
2812,6007
2875,5960
2868,5944
2916,6024
2958,6085
2959,6047
3019,6018
3046,6101
3082,6136
3103,6102
3123,6084
3154,6151
3199,6219
3225,6177
3245,6143
3247,6215
3319,6277
3326,6227
3327,6211
3353,6296
3401,6332
3418,6284
3444,6292
3456,6351
3497,6376
3526,6339
3550,6331
3573,6402
3590,6418
3598,6410
3619,6387
3646,6444
3676,6485
3708,6431
3694,6427
3710,6478
3759,6519
3782,6484
3782,6463
3803,6530
3812,6551
3846,6548
3848,6529
3864,6572
3904,6600
3900,6554
3922,6545
3939,6599
3996,6638
3980,6615
4014,6576
4022,6656
4040,6696
4070,6630
4056,6630
4082,6710
4096,6734
4128,6710
4132,6688
4146,6724
4185,6794
4192,6769
4222,6738
4230,6808
4260,6846
4299,6810
4330,6814
4346,6857
4356,6906
4398,6909
4426,6892
4430,6946
4480,6998
4506,6968
4537,6961
4538,7028
4581,7076
4612,7079
4645,7036
4658,7107
4703,7163
4730,7153
4737,7123
4761,7176
4815,7237
4851,7225
4863,7205
4890,7266
4921,7329
4950,7323
4969,7315
4987,7340
5005,7409
5053,7431
5091,7415
5100,7415
5120,7512
5176,7540
5182,7493
5198,7550
5230,7592
5270,7646
5296,7589
5326,7611
5356,7702
5376,7720
5386,7708
5438,7715
5469,7788
5485,7835
5503,7816
5527,7783
5547,7885
5569,7937
5599,7906
5612,7904
5637,7969
5663,8022
5690,8015
5707,7989
5724,8056
5760,8130
5737,8058
5799,8058
5798,8101
5818,8188
5830,8179
5845,8150
5869,8188
5888,8263
5897,8243
5929,8203
5937,8270
5941,8337
5965,8343
5955,8285
6002,8322
6006,8384
6026,8411
6059,8367
6058,8384
6072,8461
6102,8494
6119,8452
6143,8467
6157,8544
6163,8564
6173,8541
6189,8526
6209,8612
6230,8650
6242,8627
6278,8628
6298,8717
6327,8756
6335,8768
6384,8759
6397,8820
6401,8912
6421,8907
6472,8880
6461,8962
6498,9014
6536,9019
6550,9005
6588,9094
6581,9187
6637,9193
6663,9157
6681,9241
6711,9356
6737,9369
6751,9320
6782,9384
6798,9510
6813,9547
6844,9481
6880,9522
6906,9646
6937,9705
6949,9655
6985,9705
7002,9805
7044,9874
7070,9832
7094,9875
7110,9961
7124,10049
7184,10026
7189,10033
7219,10140
7231,10207
7262,10210
7289,10181
7290,10258
7342,10387
7358,10402
7388,10358
7413,10402
7427,10514
7471,10574
7497,10513
7507,10527
7538,10684
7556,10734
7586,10644
7615,10680
7613,10825
7637,10867
7649,10825
7682,10783
7694,10932
7726,11014
7748,10924
7753,10916
7769,11037
7805,11152
7819,11079
7844,11007
7868,11120
7863,11224
7899,11158
7914,11098
7919,11189
7927,11306
7964,11293
7976,11190
7992,11272
8002,11383
8030,11418
8040,11271
8048,11290
8044,11450
8077,11463
8117,11378
8125,11409
8118,11536
8149,11574
8192,11508
8176,11460
8207,11617
8235,11685
8255,11597
8239,11570
8284,11684
8289,11777
8332,11712
8342,11670
8333,11781
8381,11880
8409,11853
8433,11799
8449,11847
8462,11987
8509,11963
8510,11898
8555,11961
8587,12113
8607,12117
8637,12053
8664,12074
8686,12205
8715,12249
8757,12192
8751,12188
8784,12319
8832,12413
8846,12299
8870,12298
8882,12425
8949,12503
8987,12465
8991,12425
9012,12533
9060,12624
9092,12589
9104,12540
9116,12581
9187,12706
9207,12685
9234,12663
9237,12747
9300,12823
9324,12808
9339,12765
9368,12811
9383,12930
9437,12925
9464,12851
9473,12923
9508,12994
9544,13044
9576,12977
9586,13002
9620,13092
9687,13133
9695,13070
9713,13073
9751,13157
9776,13237
9807,13174
9812,13147
9832,13223
9882,13320
9902,13249
9921,13205
9929,13306
9975,13397
9997,13320
9995,13274
10012,13339
10048,13447
10074,13405
10078,13338
10128,13399
10137,13469
10172,13438
10157,13380
10205,13451
10212,13535
10232,13517
10260,13455
10273,13488
10298,13567
10313,13553
10331,13502
10329,13527
10367,13608
10383,13595
10401,13575
10424,13574
10439,13642
10474,13684
10508,13621
10504,13585
10513,13685
10559,13749
10555,13688
10592,13643
10590,13732
10648,13797
10676,13758
10686,13706
10687,13771
10734,13861
10763,13820
10778,13749
10804,13849
10864,13904
10876,13898
10905,13839
10918,13885
10953,13989
10997,13951
11032,13919
11039,13952
11069,14051
11104,14041
11137,13995
11152,14038
11194,14144
11224,14113
11244,14064
11272,14091
11301,14191
11346,14200
11358,14144
11389,14147
11438,14226
11476,14276
11496,14231
11507,14229
11532,14296
11571,14356
11605,14293
11639,14291
11658,14364
11689,14414
11738,14389
11751,14351
11770,14423
11804,14485
11845,14452
11837,14410
11872,14493
11909,14548
11935,14513
11958,14486
11984,14555
12025,14622
12065,14606
12079,14545
12093,14599
12110,14672
12164,14664
12178,14610
12186,14641
12219,14737
12278,14733
12264,14672
12283,14703
12311,14784
12333,14776
12337,14747
12357,14750
12372,14836
12405,14854
12413,14766
12432,14781
12465,14855
12470,14895
12500,14832
12504,14824
12530,14892
12544,14920
12557,14867
12594,14874
12607,14942
12631,14958
12618,14921
12617,14914
12646,14978
12673,14998
12709,14976
12709,14947
12748,15025
12760,15077
12772,15004
12792,15008
12804,15051
12841,15097
12850,15082
12870,15066
12874,15106
12892,15144
12933,15146
12918,15105
12975,15175
12997,15219
13015,15200
13023,15191
13045,15229
13081,15297
13097,15297
13111,15253
13131,15295
13165,15356
13212,15372
13225,15311
13248,15374
13304,15447
13304,15449
13326,15424
13363,15469
13404,15536
13429,15554
13435,15513
13444,15547
13492,15626
13516,15652
13552,15626
13582,15616
13594,15737
13621,15772
13631,15712
13659,15717
13728,15791
13752,15858
13768,15812
13796,15848
13814,15900
13838,15944
13883,15914
13870,15945
13913,16024
13951,16046
13957,16046
14021,16041
14004,16134
14040,16188
14079,16160
14083,16159
14126,16205
14131,16310
14167,16259
14185,16253
14222,16332
14230,13
14270,16358
14292,16357
14305,49
14326,76
14352,89
14378,57
14400,129
14414,190
14428,183
14454,147
14472,215
14488,270
14508,252
14510,248
14538,319
14562,374
14573,335
14585,326
14610,364
14609,429
14639,415
14655,383
14685,464
14667,512
14699,485
14731,492
14733,543
14748,593
14761,591
14777,549
14802,588
14820,682
14813,640
14846,632
14860,716
14898,780
14906,738
14918,727
14936,817
14958,862
14978,856
14990,856
15002,923
15038,1027
15060,988
15089,984
15104,1097
15133,1115
15143,1127
15185,1134
15190,1210
15207,1305
15231,1249
15273,1257
15300,1376
15321,1437
15343,1397
15365,1420
15408,1505
15437,1613
15450,1606
15460,1616
15468,1720
15528,1786
15565,1769
15578,1774
15596,1854
15622,1952
15657,1906
15685,1893
15671,2030
15720,2141
15767,2075
15789,2095
15782,2201
15837,2273
15869,2277
15883,2271
15901,2399
15933,2436
15961,2409
15989,2424
15998,2580
16038,2639
16056,2578
16072,2562
16116,2697
16128,2792
16161,2912
16179,2854
16194,2700
16220,2796
16261,3003
16287,3031
16303,2870
16319,2893
16369,3098
16365,3179
16379,2943
45,3013
69,3239
51,3162
79,3003
94,3174
136,3368
122,3352
124,3245
180,3307
189,3437
195,3385
220,3259
241,3441
261,3546
269,3393
297,3307
319,3423
354,3629
340,3500
374,3429
404,3600
420,3718
426,3626
434,3488
466,3665
479,3779
467,3663
495,3594
539,3719
531,3859
543,3693
569,3658
616,3826
606,3937
633,3809
635,3763
696,3984
700,4067
725,3903
769,3839
780,4074
799,4104
802,3897
851,3913
885,4250
919,4289
937,4128
951,4083
960,4307
1012,4323
1020,4184
1084,4184
1116,4419
1117,4477
1148,4311
1196,4306
1246,4547
1229,4527
1260,4388
1301,4464
1356,4647
1359,4703
1378,4495
1420,4615
1488,4754
1477,4848
1486,4595
1540,4744
1601,4916
1585,4835
1624,4701
1668,4735
1711,4971
1739,4928
1781,4743
1806,4893
1834,5096
1853,4999
1875,4875
1935,5013
1951,5149
1962,5050
1994,4988
2036,5159
2069,5278
2080,5152
2100,5060
2152,5170
2154,5344
2175,5152
2205,5142
2244,5262
2269,5357
2285,5320
2313,5147
2377,5443
2374,5445
2386,5266
2409,5253
2489,5445
2433,5520
2456,5373
2500,5345
2522,5486
2536,5582
2547,5420
2580,5334
2609,5561
2617,5640
2622,5377
2653,5387
2693,5643
2684,5621
2712,5485
2758,5436
2749,5583
2777,5722
2791,5531
2833,5491
2856,5660
2839,5745
2834,5520
2888,5528
2904,5766
2899,5768
2959,5630
2966,5636
3007,5815
3039,5858
3024,5575
3092,5708
3093,5851
3103,5881
3145,5661
3189,5717
3202,5875
3225,5948
3259,5676
3271,5841
3331,5995
3340,5958
3327,5778
3395,5869
3447,6081
3449,6065
3471,5977
3519,5941
3551,6093
3565,6137
3589,5953
3617,6052
3678,6189
3708,6201
3722,6055
3761,6125
3784,6359
3800,6299
3827,6098
3867,6137
3872,6341
3898,6353
3957,6148
3967,6235
4005,6403
4019,6395
4041,6193
4081,6317
4109,6509
4117,6517
4163,6305
4191,6357
4257,6590
4231,6492
4251,6367
4305,6359
4339,6656
4321,6682
4357,6505
4397,6438
4417,6661
4456,6722
4467,6586
4502,6605
4538,6798
4534,6710
4578,6578
4604,6632
4632,6783
4634,6858
4644,6715
4666,6661
4714,6779
4705,6884
4739,6788
4776,6709
4776,6899
4798,6897
4822,6743
4838,6759
4848,6895
4860,6846
4870,6858
4898,6920
4914,6945
4937,6881
4961,6904
4978,6977
4997,6995
4991,6950
5001,6921
5031,7014
5033,7047
5080,6993
5077,6999
5109,7060
5133,7089
5140,7029
5135,7032
5160,7126
5206,7151
5229,7093
5223,7102
5254,7155
5279,7183
5288,7154
5318,7150
5326,7215
5352,7260
5390,7228
5403,7236
5438,7287
5444,7330
5475,7330
5481,7318
5508,7364
5558,7425
5569,7407
5593,7417
5619,7456
5660,7513
5677,7533
5683,7498
5716,7545
5743,7614
5765,7609
5782,7590
5812,7633
5868,7723
5872,7718
5918,7702
5926,7754
5973,7807
5972,7851
6000,7813
6024,7844
6061,7927
6087,7961
6119,7936
6133,7964
6161,8028
6192,8089
6223,8072
6251,8057
6276,8130
6299,8175
6328,8152
6348,8155
6376,8259
6396,8322
6419,8289
6453,8288
6484,8368
6501,8457
6511,8414
6542,8403
6571,8458
6581,8549
6601,8554
6638,8515
6654,8586
6672,8649
6703,8670
6724,8615
6720,8676
6747,8745
6773,8773
6787,8700
6815,8730
6843,8851
6876,8849
6881,8825
6882,8838
6894,8949
6924,8967
6946,8942
6951,8911
6966,9006
6993,9071
7002,9012
7015,9001
7022,9054
7036,9127
7064,9094
7082,9094
7110,9150
7104,9208
7139,9203
7157,9184
7161,9271
7181,9325
7217,9323
7226,9282
7216,9356
7256,9455
7282,9466
7288,9396
7329,9447
7329,9569
7361,9594
7391,9535
7406,9579
7415,9709
7476,9741
7492,9703
7502,9718
7521,9824
7575,9903
7590,9873
7593,9877
7626,9995
7646,10052
7690,10048
7719,10039
7722,10141
7773,10245
7783,10230
7813,10199
7835,10322
7853,10432
7911,10423
7920,10395
7942,10448
7972,10614
8010,10596
8039,10557
8059,10622
8069,10746
8119,10779
8137,10712
8155,10775
8176,10916
8216,10948
8244,10895
8251,10895
8280,11064
8313,11151
8352,11060
8360,11080
8370,11096
8417,11083
8451,11306
8460,11386
8478,11256
8535,11239
8578,11464
8592,11566
8588,11435
8629,11407
8645,11599
8671,11647
8701,11535
8719,11545
8747,11687
8756,11738
8771,11725
8789,11583
8825,11741
8841,11901
8873,11822
8866,11680
8904,11781
8940,11960
8958,11956
8985,11727
8991,11941
8999,12049
9032,12096
9036,11880
9064,11917
9094,12153
9079,12136
9091,11931
9132,11988
9160,12194
9154,12221
9159,12010
9211,12053
9220,12147
9239,12289
9239,12163
9269,12020
9300,12250
9321,12378
9328,12256
9351,12151
9392,12350
9407,12463
9407,12396
9445,12249
9471,12334
9490,12533
9486,12492
9511,12310
9575,12413
9581,12638
9585,12576
9640,12477
9680,12508
9720,12752
9726,12755
9751,12545
9772,12557
9824,12717
9836,12875
9851,12744
9908,12689
9930,12880
9964,12956
9964,12780
10017,12768
10059,12939
10098,13092
10087,12935
10130,12835
10205,13097
10214,13185
10227,13035
10264,12960
10301,13137
10331,13277
10349,13291
10393,13067
10430,13198
10457,13338
10490,13286
10500,13177
10562,13248
10586,13416
10561,13431
10637,13251
10670,13350
10712,13534
10723,13455
10748,13372
10772,13382
10840,13638
10856,13678
10874,13445
10894,13470
10944,13660
10969,13669
10967,13508
11007,13546
11056,13678
11077,13747
11086,13626
11106,13576
11153,13761
11166,13842
11165,13639
11185,13627
11237,13816
11258,13935
11273,13765
11287,13676
11328,13775
11334,13940
11353,13867
11373,13704
11405,13761
11422,13980
11413,13955
11434,13763
11466,13914
11492,14025
11509,13968
11508,13768
11539,13875
11566,13989
11565,13977
11584,13846
11629,13924
11644,14094
11655,14115
11680,13926
11722,13972
11726,14169
11740,14146
11775,13997
11765,13991
11797,14180
11822,14207
11828,14082
11872,14027
11892,14170
11913,14276
11934,14156
11961,14072
11991,14270
12031,14337
12041,14292
12069,14158
12121,14303
12125,14407
12161,14324
12182,14202
12212,14273
12248,14466
12255,14464
12273,14274
12301,14383
12342,14567
12348,14496
12373,14333
12412,14349
12450,14605
12480,14586
12506,14421
12531,14448
12556,14655
12593,14548
12600,14526
12629,14545
12686,14760
12698,14775
12715,14559
12759,14609
12777,14811
12799,14833
12810,14634
12860,14663
12874,14855
12898,14892
12932,14800
12941,14675
12993,14946
13019,14958
13033,14840
13071,14769
13093,14974
13113,15060
13145,14970
13169,14817
13201,15053
13218,15141
13245,14999
13272,14928
13294,15029
13332,15174
13314,15194
13340,14969
13369,15229
13385,15230
13400,15044
13433,14991
13428,15142
13464,15310
13478,15121
13511,15195
13525,15231
13541,15214
13557,15211
13577,15285
13605,15291
13621,15262
13617,15255
13615,15279
13660,15331
13669,15312
13684,15294
13702,15363
13719,15401
13725,15348
13727,15337
13765,15388
13763,15425
13799,15409
13807,15371
13833,15435
13845,15490
13866,15476
13878,15430
13898,15468
13904,15540
13925,15532
13949,15511
13965,15562
13988,15615
13991,15607
14035,15581
14066,15624
14077,15668
14088,15673
14116,15639
14145,15720
14164,15788
14181,15770
14200,15733
14256,15797
14270,15862
14281,15875
14304,15855
14328,15879
14364,15964
14398,15978
14414,15946
14420,15988
14464,16068
14480,16090
14510,16058
14528,16100
14576,16182
14574,16214
14614,16173
14632,16205
14686,16289
14680,16337
14712,16297
14743,16329
14774,34
14793,65
14829,35
14840,52
14877,142
14911,175
14913,129
14941,191
14961,254
15007,319
15033,304
15053,317
15073,397
15081,430
15133,434
15153,455
15167,510
15200,565
15239,537
15247,561
15278,688
15289,722
15318,666
15344,686
15374,782
15364,814
15391,768
15423,810
15420,904
15453,924
15471,879
15500,900
15502,1016
15528,1033
15558,1000
15546,994
15580,1097
15601,1131
15627,1073
15626,1092
15635,1177
15643,1227
15697,1137
15690,1187
15710,1293
15744,1310
15766,1275
15749,1282
15774,1395
15807,1431
15804,1352
15836,1380
15835,1481
15844,1532
15887,1431
15893,1472
15909,1553
15929,1626
15977,1564
15973,1605
16021,1727
16026,1769
16056,1674
16070,1738
16101,1876
16122,1877
16130,1833
16156,1855
16172,2022
16218,2071
16239,1965
16268,2024
16276,2178
16324,2208
16325,2155
16358,2216
0,2323
35,2379
78,2272
76,2362
98,2524
132,2534
170,2472
183,2533
216,2679
264,2692
256,2832
277,2730
317,2628
363,2897
368,2971
390,2829
417,2802
463,3068
487,3096
497,2950
525,2970
575,3143
606,3287
618,3058
648,3047
692,3377
696,3400
723,3259
743,3251
786,3505
799,3579
825,3373
854,3377
895,3648
908,3672
922,3536
948,3505
994,3725
1002,3780
1036,3625
1065,3648
1102,3881
1133,3881
1129,3795
1186,3788
1211,4024
1191,3955
1209,3821
1235,3883
1271,4056
1274,4061
1286,3852
1326,3959
1336,4154
1365,4196
1368,3925
1417,4073
1421,4298
1419,4134
1459,3971
1471,4196
1487,4285
1505,4169
1552,4058
1559,4216
1558,4375
1588,4204
1608,4148
1636,4293
1647,4425
1657,4307
1675,4222
1701,4423
1715,4459
1720,4298
1771,4311
1803,4450
1810,4585
1830,4464
1847,4369
1904,4528
1898,4650
1907,4471
1948,4435
1991,4689
1987,4709
2015,4519
2039,4551
2092,4749
2085,4774
2132,4680
2182,4647
2224,4886
2214,4876
2240,4680
2296,4754
2335,4974
2343,4949
2375,4805
2415,4861
2449,5048
2441,5043
2493,4859
2531,5023
2564,5174
2582,5102
2600,5010
2642,5103
2687,5257
2698,5214
2712,5054
2788,5173
2809,5370
2815,5315
2855,5132
2889,5245
2913,5442
2948,5358
2981,5203
3023,5369
3028,5517
3066,5467
3107,5328
3137,5441
3177,5566
3179,5546
3195,5380
3264,5468
3260,5669
3286,5604
3304,5446
3361,5605
3386,5729
3410,5671
3434,5519
3480,5676
3509,5800
3497,5731
3520,5598
3574,5679
3580,5855
3598,5679
3614,5621
3643,5744
3694,5904
3676,5806
3706,5636
3746,5779
3739,5930
3759,5822
3775,5706
3804,5967
3815,5990
3821,5819
3849,5775
3889,5865
3893,6031
3906,5879
3944,5809
3947,5990
3965,6061
3973,5928
4006,5836
4040,5993
4035,6114
4053,5938
4061,5871
4091,5999
4103,6125
4133,5985
4142,5881
4174,6104
4183,6190
4217,6060
4224,5991
4259,6174
4273,6271
4301,6175
4314,6051
4353,6286
4377,6335
4391,6173
4415,6113
4459,6301
4477,6393
4505,6293
4539,6177
4551,6315
4587,6465
4627,6367
4638,6274
4665,6435
4709,6503
4740,6381
4750,6342
4791,6502
4813,6594
4819,6450
4877,6375
4885,6496
4917,6685
4927,6575
4956,6468
4989,6619
5015,6755
5035,6644
5070,6528
5110,6723
5126,6816
5130,6710
5164,6630
5176,6794
5212,6772
5226,6766
5266,6802
5310,6847
5330,6836
5351,6838
5352,6884
5394,6940
5423,6914
5441,6906
5466,6962
5486,7008
5509,6989
5554,6956
5555,7036
5589,7079
5602,7059
5620,7017
5649,7057
5683,7141
5701,7134
5711,7117
5741,7149
5751,7207
5753,7200
5775,7161
5806,7177
5813,7254
5849,7255
5857,7205
5845,7232
5881,7293
5902,7318
5914,7268
5936,7284
5956,7334
5956,7359
5987,7322
5991,7325
6020,7408
6028,7432
6064,7378
6068,7391
6085,7445
6083,7464
6120,7432
6125,7429
6165,7493
6164,7537
6181,7502
6200,7500
6217,7560
6228,7604
6250,7573
6278,7548
6312,7626
6310,7676
6347,7650
6375,7628
6371,7711
6408,7747
6421,7737
6451,7714
6483,7780
6499,7855
6518,7828
6546,7821
6551,7886
6569,7934
6624,7944
6638,7924
6648,7987
6668,8054
6707,8079
6725,8049
6773,8095
6779,8170
6815,8187
6847,8173
6866,8190
6894,8271
6920,8300
6946,8314
6960,8324
6994,8391
7013,8472
7047,8436
7095,8458
7100,8526
7135,8603
7146,8604
7196,8574
7194,8633
7217,8732
7251,8737
7288,8706
7305,8777
7311,8896
7357,8902
7387,8855
7384,8906
7422,9038
7476,9029
7492,9010
7511,9039
7538,9154
7549,9181
7587,9143
7587,9163
7615,9292
7636,9301
7676,9259
7683,9304
7706,9383
7729,9447
7747,9422
7778,9417
7789,9515
7804,9569
7862,9564
7840,9502
7850,9556
7869,9662
7905,9637
7925,9601
7921,9673
7929,9788
7984,9782
7979,9697
7996,9711
8011,9853
8051,9863
8049,9794
8060,9828
8084,9942
8104,9986
8120,9924
8148,9918
8150,10026
8187,10077
8209,10018
8223,10021
8239,10149
8241,10204
8283,10155
8290,10126
8303,10217
8317,10312
8355,10287
8385,10295
8390,10338
8398,10473
8460,10498
8476,10426
8498,10485
8516,10624
8565,10587
8589,10730
8620,10680
8616,10566
8654,10762
8687,10928
8714,10861
8743,10750
8757,10879
8795,11042
8818,11025
8823,10919
8883,10991
8927,11246
8911,11237
8961,11109
8976,11165
9032,11438
9054,11393
9078,11272
9097,11323
9143,11493
9153,11574
9189,11411
9190,11379
9265,11538
9279,11732
9294,11694
9319,11575
9373,11705
9397,11866
9404,11800
9424,11716
9480,11746
9500,11958
9527,11932
9543,11833
9601,11847
9647,12107
9631,12120
9652,11954
9683,11946
9736,12194
9752,12208
9738,12041
9781,12045
9823,12248
9853,12325
9863,12201
9888,12193
9934,12385
9946,12458
9964,12250
9989,12199
10023,12455
10040,12527
10048,12394
10052,12347
10104,12474
10115,12602
10122,12546
10138,12412
10165,12573
10191,12653
10191,12557
10196,12479
10238,12531
10278,12682
10286,12719
10281,12541
10343,12573
10354,12797
10374,12818
10358,12620
10410,12610
10436,12845
10432,12856
10442,12684
10465,12661
10527,12884
10515,12963
10536,12767
10566,12765
10608,12965
10601,12978
10626,12853
10647,12870
10677,13027
10701,13117
10711,13027
10756,12868
10794,13004
10812,13186
10840,13070
10871,13000
10900,13108
10928,13262
10936,13230
10960,13019
11011,13109
11024,13294
11036,13370
11082,13157
11115,13263
11160,13429
11169,13403
11197,13239
11229,13273
11264,13531
11285,13503
11312,13408
11360,13314
11406,13526
11418,13594
11439,13426
11481,13430
11510,13656
11533,13692
11556,13562
11592,13540
11638,13778
11652,13802
11655,13694
11697,13561
11737,13776
11741,13896
11789,13745
11824,13621
11852,13739
11886,13947
11895,13856
11926,13728
11977,13906
11996,13985
12006,13879
12035,13827
12103,13996
12111,14093
12112,14049
12130,13874
12196,14024
12211,14143
12232,14136
12246,13987
12263,13947
12277,14160
12302,14174
12321,13974
12351,14073
12376,14209
12382,14250
12414,14014
12426,14025
12458,14212
12474,14189
12489,14107
12505,14073
12526,14272
12525,14339
12543,14127
12583,14151
12570,14341
12611,14337
12606,14301
12636,14124
12672,14350
12690,14454
12692,14254
12727,14246
12736,14379
12759,14477
12761,14319
12793,14220
12817,14381
12833,14485
12851,14287
12849,14298
12901,14326
12920,14549
12916,14378
12934,14372
12966,14492
12990,14626
13000,14564
13032,14411
13058,14548
13089,14687
13089,14595
13109,14485
13153,14547
13177,14762
13195,14664
13221,14512
13257,14736
13281,14829
13315,14797
13324,14551
13360,14730
13384,14840
13401,14837
13441,14703
13465,14685
13488,14958
13502,14951
13530,14766
13578,14788
13600,14999
13613,14919
13621,14843
13676,14945
13701,15125
13697,15091
13739,14939
13787,14967
13793,15161
13831,15057
13856,15068
13855,15166
13894,15151
13905,15082
13937,15131
13971,15247
13980,15232
14013,15176
14037,15207
14051,15285
14085,15319
14083,15253
14125,15276
14129,15372
14185,15393
14184,15345
14214,15358
14239,15464
14255,15459
14289,15413
14271,15443
14347,15523
14351,15534
14353,15481
14407,15495
14399,15561
14429,15585
14437,15547
14455,15555
14457,15633
14477,15663
14513,15597
14517,15619
14543,15673
14552,15710
14585,15671
14587,15673
14599,15727
14625,15775
14616,15718
14633,15735
14662,15767
14661,15813
14713,15768
14709,15770
14725,15850
14753,15871
14757,15803
14783,15828
14775,15911
14813,15917
14821,15902
14847,15882
14863,15958
14893,16019
14875,15963
14925,15973
14928,16029
14974,16078
14969,16033
15004,16067
15037,16109
15036,16156
15050,16132
15084,16125
15112,16216
15109,16269
15132,16259
15186,16228
15184,16308
15224,16373
15248,16350
15273,16365
15296,58
15310,103
15344,70
15373,79
15375,159
15417,224
15432,209
15459,182
15481,283
15505,353
15541,321
15574,341
15592,440
15622,518
15653,478
15685,481
15704,578
15720,634
15758,610
15804,628
15808,692
15827,780
15864,723
15904,762
15891,861
15930,945
15984,939
15993,910
16017,1005
16025,1107
16081,1075
16096,1083
16117,1165
16148,1257
16173,1201
16201,1225
16204,1344
16262,1380
16290,1356
16316,1350
16326,1476
16340,1522
16360,1483
3,1491
7,1612
53,1661
43,1601
87,1617
96,1726
110,1763
137,1684
144,1720
158,1861
184,1899
194,1807
233,1817
230,1959
280,2013
298,1906
319,1929
299,2052
330,2108
343,2019
365,1993
357,2162
393,2226
426,2094
441,2127
438,2257
464,2277
498,2200
507,2193
522,2333
557,2398
588,2298
595,2377
631,2483
649,2501
678,2439
665,2465
689,2622
740,2626
754,2530
777,2622
780,2789
822,2736
842,2681
867,2790
897,2885
931,2927
964,2852
978,2922
1009,3075
1035,3076
1088,2972
1102,3073
1138,3219
1184,3220
1212,3128
1204,3270
1239,3363
1289,3330
1293,3305
1303,3362
1354,3518
1401,3479
1417,3441
1422,3544
1481,3671
1524,3602
1529,3569
1572,3686
1600,3804
1635,3724
1659,3692
1670,3809
1693,3905
1759,3863
1766,3847
1781,3967
1823,4037
1839,3962
1855,3945
1886,4084
1932,4167
1980,4068
1985,4077
2002,4174
2051,4250
2095,4200
2087,4162
2125,4284
2175,4359
2205,4282
2209,4295
2232,4366
2271,4433
2298,4352
2306,4366
2309,4480
2362,4519
2364,4445
2382,4446
2420,4554
2450,4570
2475,4504
2469,4515
2478,4619
2528,4643
2543,4583
2534,4606
2594,4687
2620,4693
2618,4612
2616,4651
2646,4754
2672,4743
2686,4658
2684,4726
2708,4826
2750,4801
2739,4746
2781,4772
2809,4877
2835,4840
2842,4783
2839,4841
2879,4935
2930,4907
2936,4831
2952,4928
2983,4985
3014,4982
3012,4888
3040,4981
3060,5064
3100,5018
3115,4959
3132,5059
3172,5121
3197,5099
3197,5047
3219,5156
3253,5241
3303,5175
3319,5127
3345,5229
3375,5269
3433,5262
3447,5208
3465,5285
3507,5384
3526,5346
3540,5281
3594,5390
3610,5470
3654,5412
3664,5375
3699,5458
3728,5543
3768,5479
3788,5453
3815,5544
3845,5620
3879,5571
3902,5532
3916,5629
3967,5683
4015,5648
4021,5586
4026,5697
4086,5768
4096,5710
4112,5687
4150,5774
4186,5814
4206,5798
4234,5752
4260,5840
4294,5917
4315,5856
4348,5842
4364,5912
4390,5958
4449,5943
4448,5888
4482,5977
4511,6051
4530,5976
4536,5970
4548,6028
4594,6096
4618,6040
4616,6010
4646,6084
4672,6153
4704,6078
4708,6078
4730,6138
4756,6193
4771,6152
4778,6119
4806,6169
4829,6239
4852,6178
4861,6173
4865,6209
4900,6272
4920,6238
4940,6201
4952,6258
4959,6305
4976,6278
4993,6242
4997,6308
5030,6345
5069,6322
5059,6292
5070,6331
5094,6395
5129,6350
5132,6328
5148,6397
5172,6428
5183,6401
5209,6369
5240,6429
5262,6492
5280,6454
5290,6427
5316,6488
5336,6548
5371,6535
5372,6486
5402,6535
5422,6608
5467,6587
5470,6544
5496,6615
5532,6684
5550,6700
5586,6628
5606,6678
5638,6742
5645,6739
5680,6707
5701,6753
5732,6833
5761,6808
5785,6779
5785,6813
5831,6903
5833,6871
5877,6845
5899,6902
5940,6971
5957,6980
5974,6925
5983,6966
6025,7025
6047,7060
6083,7001
6103,7031
6145,7135
6161,7153
6183,7105
6215,7112
6206,7195
6249,7217
6264,7177
6303,7164
6323,7264
6333,7282
6374,7254
6390,7278
6404,7346
6434,7383
6464,7362
6481,7349
6499,7438
6535,7461
6535,7438
6571,7406
6587,7497
6612,7530
6633,7521
6653,7508
6693,7542
6686,7602
6709,7573
6734,7541
6743,7623
6765,7684
6794,7652
6805,7628
6808,7692
6830,7747
6831,7721
6855,7687
6870,7730
6911,7755
6893,7771
6924,7759
6965,7817
6958,7852
6966,7860
6991,7806
7006,7840
7017,7897
7042,7910
7072,7873
7071,7882
7066,7953
7107,7973
7129,7956
7139,7976
7153,8019
7201,8047
7195,8016
7214,8012
7248,8105
7246,8137
7262,8104
7290,8106
7331,8195
7341,8246
7365,8211
7395,8191
7405,8252
7421,8342
7436,8358
7482,8318
7481,8373
7508,8456
7533,8466
7561,8423
7587,8475
7611,8573
7636,8595
7662,8564
7686,8608
7712,8685
7744,8735
7773,8679
7804,8736
7819,8821
7852,8885
7877,8847
7915,8872
7922,8973
7962,9070
7996,9019
8014,9033
8038,9103
8061,9203
8106,9197
8124,9154
8128,9233
8170,9350
8195,9349
8230,9356
8253,9373
8275,9538
8333,9582
8371,9505
8373,9511
8384,9666
8419,9708
8444,9648
8466,9657
8471,9809
8528,9849
8551,9823
8591,9851
8608,9952
8616,10058
8653,10006
8673,9959
8687,10066
8713,10173
8744,10197
8753,10149
8772,10194
8804,10299
8823,10279
8849,10260
8883,10291
8863,10421
8915,10443
8923,10321
8958,10370
8950,10486
8987,10552
8992,10472
9019,10472
9031,10598
9056,10641
9072,10564
9088,10562
9094,10716
9128,10732
9151,10693
9175,10671
9205,10764
9217,10861
9228,10787
9228,10720
9256,10862
9291,10952
9308,10918
9329,10851
9341,10909
9339,11079
9396,11061
9422,10948
9414,11024
9441,10996
9483,11130
9507,11305
9547,11309
9556,11100
9608,11281
9636,11436
9648,11447
9651,11204
9705,11367
9710,11621
9739,11493
9758,11407
9796,11537
9846,11674
9862,11747
9861,11604
9913,11548
9949,11792
9974,11869
9993,11679
10028,11715
10084,11900
10106,12027
10113,11897
10163,11860
10207,12130
10215,12187
10239,12041
10260,11969
10308,12095
10324,12307
10346,12091
10383,12116
10421,12252
10455,12367
10470,12354
10491,12225
10553,12262
10583,12507
10572,12530
10604,12314
10659,12450
10704,12603
10709,12599
10735,12438
10769,12507
10809,12650
10806,12734
10830,12513
10868,12596
10897,12780
10933,12823
10935,12669
10965,12644
11016,12830
11023,12946
11058,12765
11078,12757
11137,12894
11130,12991
11158,12902
11173,12767
11193,12980
11229,13110
11243,12983
11238,12845
11290,12961
11304,13169
11304,13067
11328,12934
11362,12992
11365,13185
11369,13087
11419,12992
11432,12985
11477,13220
11460,13225
11482,13009
11520,13129
11526,13330
11541,13215
11565,13052
11593,13083
11605,13336
11599,13314
11618,13140
11657,13200
11692,13408
11688,13405
11706,13220
11745,13230
11788,13448
11789,13471
11797,13335
11821,13269
11852,13433
11861,13532
11902,13411
11939,13319
11960,13532
11976,13611
11978,13443
12041,13383
12059,13643
12077,13673
12103,13604
12134,13470
12170,13636
12204,13785
12206,13627
12212,13564
12272,13622
12288,13839
12311,13832
12326,13663
12375,13723
12417,13910
12430,13921
12444,13716
12507,13782
12525,13970
12542,14016
12548,13844
12595,13813
12619,14085
12659,13960
12665,13914
12696,13880
12711,14115
12754,14124
12794,14003
12822,14040
12852,14179
12865,14209
12908,14079
12932,14046
12968,14228
12994,14308
13004,14098
13041,14093
13053,14307
13081,14354
13097,14222
13159,14197
13170,14323
13182,14456
13186,14291
13242,14232
13256,14366
13274,14506
13294,14372
13299,14299
13342,14357
13366,14611
13383,14430
13401,14311
13423,14503
13445,14623
13459,14491
13509,14399
13520,14497
13524,14619
13509,14495
13539,14427
13573,14499
13561,14693
13601,14578
13614,14475
13618,14554
13666,14740
13676,14588
13688,14466
13706,14660
13710,14776
13726,14652
13734,14561
13770,14720
13783,14850
13810,14775
13808,14610
13841,14728
13858,14887
13858,14849
13894,14636
13900,14882
13942,14908
13962,14802
13984,14664
13988,14844
14022,14977
14021,14938
14053,14804
14072,14805
14078,15000
14126,14997
14147,14812
14177,14978
14191,15111
14218,15060
14228,15008
14264,15078
14278,15055
14301,15026
14335,15100
14373,15160
14379,15141
14393,15099
14430,15162
14467,15230
14478,15207
14521,15179
14535,15260
14557,15294
14591,15301
14605,15254
14634,15316
14666,15396
14698,15376
14686,15354
14738,15401
14746,15466
14764,15434
14812,15449
14827,15476
14838,15558
14882,15551
14900,15530
14938,15556
14936,15649
14950,15622
14982,15617
15010,15672
15024,15712
15052,15728
15074,15701
15100,15746
15134,15810
15167,15799
15165,15797
15211,15809
15215,15895
15237,15895
15273,15867
15285,15903
15294,15987
15327,15963
15335,15946
15374,15998
15386,16050
15403,16051
15414,16038
15438,16060
15450,16114
15460,16117
15502,16070
15499,16131
15516,16212
15532,16172
15568,16143
15575,16205
15595,16256
15599,16233
15633,16211
15635,16249
15627,16327
15658,16321
15706,16275
15689,16315
15726,1
15729,16370
15761,16332
15774,6
15802,74
15814,62
15842,32
15852,77
15853,161
15880,141
15924,124
15930,172
15943,254
15956,247
16004,211
15985,242
16021,361
16023,331
16073,327
16083,376
16091,461
16125,451
16164,406
16182,480
16206,599
16247,577
16260,546
16285,637
16315,721
16340,694
16357,680
16367,782
22,845
31,863
81,815
90,910
127,983
155,1017
181,995
220,1084
216,1176
272,1162
310,1120
308,1227
338,1350
410,1303
406,1304
423,1405
456,1500
480,1479
519,1464
555,1573
575,1661
606,1635
625,1611
643,1738
666,1850
736,1827
744,1790
766,1892
800,1994
831,1973
867,1959
869,2107
913,1995
935,2218
953,2247
966,2122
1014,2170
1060,2473
1057,2387
1082,2260
1116,2300
1152,2548
1127,2458
1165,2355
1185,2457
1257,2637
1227,2605
1245,2465
1270,2546
1322,2809
1336,2700
1329,2584
1375,2665
1390,2860
1384,2741
1397,2620
1430,2826
1446,2971
1466,2865
1498,2760
1512,2986
1526,3010
1535,2941
1551,2835
1581,3123
1597,3167
1626,2980
1663,2959
1679,3086
1712,3302
1720,3099
1733,3061
1780,3286
1793,3329
1815,3161
1851,3212
1869,3431
1874,3474
1881,3267
1922,3272
1948,3517
1984,3537
2004,3424
2022,3477
2092,3683
2109,3613
2116,3532
2155,3633
2188,3841
2204,3818
2244,3608
2292,3747
2293,3954
2331,3872
2334,3766
2391,3920
2420,4111
2428,4049
2453,3888
2523,4119
2540,4180
2552,4045
2588,4040
2630,4209
2647,4317
2674,4279
2706,4152
2756,4298
2797,4392
2799,4288
2833,4275
2879,4436
2886,4507
2919,4401
2935,4379
2991,4461
3002,4678
3019,4451
3057,4461
3108,4604
3134,4730
3135,4613
3170,4553
3210,4742
3239,4833
3257,4636
3312,4693
3323,4855
3349,4906
3383,4781
3391,4719
3423,4908
3454,4965
3466,4782
3486,4826
3521,4986
3530,5071
3530,4849
3568,4904
3616,5092
3607,5157
3639,4947
3664,4963
3676,5124
3695,5151
3715,4951
3735,5046
3765,5230
3781,5251
3789,4973
3812,5065
3842,5200
3836,5248
3850,5026
3872,5112
3911,5328
3913,5292
3915,5132
3952,5176
3960,5408
3998,5326
3997,5155
4048,5278
4054,5386
4057,5371
4081,5212
4112,5358
4145,5498
4151,5376
4177,5247
4211,5355
4219,5540
4222,5490
4248,5369
4281,5436
4315,5623
4328,5509
4357,5407
4389,5501
4405,5666
4436,5615
4457,5493
4501,5635
4513,5752
4543,5751
4568,5530
4607,5689
4627,5817
4645,5752
4678,5601
4705,5767
4739,5889
4741,5865
4769,5699
4823,5774
4824,5968
4832,5926
4886,5751
4927,5831
4942,6060
4980,5980
4992,5835
5030,5894
5068,6107
5061,6053
5096,5912
5156,6088
5138,6166
5182,6133
5209,5992
5235,6118
5252,6265
5288,6239
5321,6031
5328,6108
5355,6341
5399,6206
5418,6117
5439,6223
5453,6371
5479,6387
5519,6220
5538,6342
5566,6469
5585,6399
5597,6217
5621,6345
5647,6513
5667,6521
5687,6265
5699,6415
5707,6539
5729,6522
5741,6302
5776,6383
5790,6599
5804,6547
5830,6392
5846,6430
5865,6636
5887,6634
5882,6436
5936,6526
5926,6656
5964,6573
5982,6452
5990,6527
6002,6680
6017,6728
6010,6511
6020,6534
6072,6790
6080,6758
6098,6653
6086,6618
6144,6751
6162,6764
6167,6591
6173,6618
6203,6833
6227,6892
6245,6688
6261,6676
6298,6893
6313,6871
6339,6705
6342,6698
6362,6959
6394,7050
6427,6879
6432,6944
6492,6978
6488,6930
6493,6945
6546,7017
6554,7060
6584,6990
6604,7003
6635,7095
6658,7131
6675,7105
6701,7093
6744,7179
6743,7213
6777,7175
6798,7184
6810,7258
6860,7316
6870,7288
6908,7262
6930,7344
6954,7376
6989,7372
6994,7346
7026,7426
7038,7464
7080,7451
7099,7453
7136,7488
7164,7567
7201,7561
7193,7521
7235,7576
7261,7663
7285,7663
7292,7621
7328,7683
7346,7718
7354,7746
7384,7714
7416,7770
7414,7845
7473,7860
7493,7824
7508,7851
7520,7911
7553,7949
7579,7902
7601,7930
7624,8008
7637,8030
7664,8019
7687,8008
7693,8077
7717,8130
7732,8110
7757,8105
7784,8160
7791,8213
7810,8200
7832,8184
7845,8217
7854,8254
7869,8252
7903,8239
7927,8292
7922,8361
7942,8339
7959,8309
7998,8358
7988,8414
8030,8406
8032,8366
8056,8435
8063,8454
8068,8512
8097,8459
8123,8450
8148,8546
8161,8603
8176,8570
8192,8567
8193,8639
8233,8696
8257,8661
8297,8654
8299,8729
8317,8794
8354,8776
8392,8756
8377,8812
8413,8921
8460,8914
8465,8899
8488,8902
8499,9057
8535,9074
8545,9029
8583,9054
8596,9165
8640,9205
8672,9156
8694,9226
8722,9314
8747,9377
8780,9339
8809,9341
8815,9433
8844,9552
8920,9532
8932,9538
8954,9569
8962,9710
9025,9745
9029,9671
9031,9743
9088,9871
9128,9896
9144,9854
9167,9891
9186,10063
9254,10111
9294,10021
9294,10039
9322,10186
9367,10263
9391,10245
9417,10230
9425,10331
9466,10469
9508,10406
9519,10363
9544,10494
9589,10614
9627,10597
9636,10545
9641,10628
9700,10750
9708,10809
9754,10746
9781,10737
9785,10897
9827,10949
9863,10837
9880,10869
9901,10789
9918,11002
9976,11111
9977,11004
9993,10981
10019,11049
10047,11207
10054,11260
10072,11029
10089,11103
10111,11361
10135,11419
10125,11171
10175,11161
10212,11368
10196,11453
10238,11318
10239,11284
10289,11485
10292,11460
10307,11374
10328,11345
10349,11598
10386,11659
10374,11493
10427,11422
10450,11527
10457,11746
10436,11654
10484,11473
10504,11582
10542,11850
10543,11789
10561,11665
10603,11695
10662,11917
10655,11929
10677,11746
10716,11815
10740,12020
10750,12106
10758,11913
10805,11839
10845,12042
10885,12163
10889,11960
10948,12026
10934,12209
10982,12333
10966,12120
11015,12119
11067,12293
11083,12464
11099,12302
11133,12232
11190,12332
11221,12510
11224,12506
11267,12345
11301,12479
11325,12617
11357,12645
11374,12518
11420,12634
11440,12741
11457,12618
11483,12567
11525,12617
11551,12869
11583,12836
11593,12713
11654,12728
11681,12870
11706,12918
11704,12823
11766,12822
11780,12961
11813,13059
11835,12915
11855,12867
11892,13075
11926,13170
11936,13024
11971,12990
12003,13189
12021,13259
12020,13131
12061,13039
12104,13135
12131,13307
12128,13237
12162,13151
12200,13240
12224,13382
12240,13384
12263,13235
12275,13335
12298,13489
12322,13404
12334,13241
12368,13321
12398,13518
12398,13484
12404,13292
12446,13395
12470,13598
12463,13517
12466,13353
12502,13367
12528,13588
12547,13590
12552,13454
12561,13410
12629,13639
12606,13664
12631,13527
12632,13477
12678,13701
12682,13654
12676,13560
12716,13550
12743,13680
12748,13772
12761,13614
12786,13547
12841,13735
12824,13819
12847,13704
12880,13652
12906,13689
12940,13922
12932,13792
12979,13672
12989,13830
13009,13977
13031,13934
13055,13797
13077,13881
13103,14016
13114,14005
13138,13812
13180,13920
13208,14104
13216,14036
13232,13923
13257,13931
13292,14104
13319,14113
13335,13987
13382,13965
13423,14243
13427,14231
13443,13999
13479,14004
13509,14265
13532,14274
13540,14106
13566,14191
13607,14309
13640,14358
13644,14214
13678,14201
13728,14464
13720,14456
13767,14269
13795,14261
13827,14495
13849,14480
13865,14335
13897,14322
13917,14553
13921,14601
13959,14415
14011,14377
14002,14575
14028,14651
14066,14441
14090,14472
14130,14645
14142,14711
14149,14604
14170,14500
14192,14692
14232,14799
14251,14717
14261,14584
14298,14741
14300,14832
14322,14640
14358,14608
14388,14681
14396,14873
14418,14733
14432,14670
14438,14851
14464,14888
14482,14800
14506,14736
14524,14847
14520,14945
14558,14786
14570,14766
14569,14961
14597,14906
14604,14899
14617,14945
14642,14970
14658,14920
14692,14921
14689,15013
14718,15037
14719,14972
14757,14981
14766,15036
14783,15061
14797,15028
14814,15027
14833,15096
14861,15126
14874,15092
14895,15088
14902,15173
14923,15179
14920,15137
14960,15148
14982,15211
14984,15239
15016,15216
15040,15218
15054,15278
15078,15310
15118,15289
15142,15274
15164,15335
15182,15390
15196,15363
15228,15356
15258,15415
15286,15469
15304,15439
15334,15436
15348,15508
15364,15556
15374,15537
15409,15530
15442,15599
15454,15636
15490,15605
15504,15605
15553,15670
15567,15727
15595,15711
15631,15695
15646,15776
15687,15814
15687,15801
15713,15801
15743,15860
15753,15931
15809,15898
15837,15884
15848,15972
15861,16056
15905,15999
15927,16004
15946,16061
15953,16133
16005,16114
16036,16078
16030,16164
16073,16217
16094,16214
16144,16191
16149,16260
16156,16323
16194,16295
16220,16305
16228,16358
16255,49
16285,34
16296,1
16301,69
16346,133
16373,119
4,107
14,155
38,246
70,172
84,176
104,239
116,308
119,277
156,254
162,324
176,413
218,349
237,352
227,413
261,455
281,438
289,428
299,497
321,556
351,505
364,503
374,590
400,637
424,616
444,587
454,662
488,728
508,682
535,684
527,765
549,845
619,803
593,786
615,894
629,930
685,894
684,920
701,1033
748,1074
763,1019
789,1028
814,1149
851,1201
889,1158
898,1172
923,1285
949,1342
983,1283
1012,1338
1016,1437
1047,1511
1096,1458
1116,1496
1136,1669
1169,1702
1227,1594
1221,1671
1265,1805
1320,1837
1302,1794
1357,1827
1373,1977
1435,2049
1460,1936
1479,2004
1503,2183
1549,2205
1579,2129
1607,2201
1623,2311
1671,2340
1688,2298
1697,2336
1745,2506
1780,2538
1803,2454
1808,2513
1866,2635
1903,2687
1947,2606
1943,2665
1993,2807
2011,2811
2038,2768
2054,2874
2094,2974
2136,2955
2136,2912
2168,2976
2190,3169
2225,3104
2259,3053
2263,3153
2308,3226
2345,3186
2323,3083
2354,3254
2409,3366
2417,3303
2442,3242
2463,3345
2490,3457
2522,3375
2514,3366
2528,3453
2573,3555
2585,3450
2595,3420
2593,3526
2635,3591
2662,3531
2660,3494
2688,3652
2720,3697
2773,3612
2736,3581
2753,3706
2800,3792
2806,3690
2812,3688
2847,3805
2895,3869
2905,3777
2899,3784
2937,3900
2982,3965
2985,3877
2980,3868
3009,3988
3067,4049
3090,3979
3094,3996
3122,4114
3150,4156
3198,4079
3208,4089
3230,4200
3293,4255
3300,4186
3318,4194
3360,4311
3400,4346
3413,4258
3406,4291
3456,4424
3492,4454
3517,4391
3543,4413
3573,4556
3614,4540
3623,4508
3621,4539
3678,4666
3717,4653
3741,4571
3765,4631
3805,4747
3824,4743
3867,4689
3894,4742
3921,4851
3951,4855
3999,4780
3989,4824
4005,4923
4074,4927
4062,4874
4102,4922
4132,5040
4182,5019
4181,4953
4213,4982
4228,5101
4287,5136
4280,5051
4309,5091
4362,5182
4372,5200
4384,5119
4414,5163
4435,5259
4491,5236
4474,5195
4522,5230
4508,5340
4561,5316
4580,5275
4604,5286
4613,5369
4646,5380
4678,5298
4658,5334
4692,5425
4737,5445
4722,5358
4740,5408
4767,5513
4819,5475
4810,5424
4798,5462
4842,5541
4866,5535
4854,5461
4892,5499
4912,5593
4934,5584
4930,5505
4960,5563
4972,5639
4998,5605
5020,5572
5024,5596
5052,5650
5062,5660
5080,5594
5106,5642
5154,5717
5160,5715
5158,5659
5174,5681
5204,5775
5227,5781
5238,5714
5272,5756
5293,5837
5310,5835
5334,5781
5370,5823
5362,5893
5410,5890
5430,5834
5466,5876
5465,5944
5518,5953
5520,5904
5550,5935
5592,6026
5606,6045
5626,5988
5630,6011
5678,6085
5726,6113
5722,6046
5766,6081
5792,6158
5818,6190
5824,6114
5856,6154
5877,6231
5900,6250
5922,6190
5956,6220
5992,6291
6017,6332
6037,6274
6076,6303
6081,6369
6134,6412
6145,6371
6154,6354
6195,6440
6217,6478
6263,6439
6261,6403
6288,6493
6325,6527
6335,6507
6361,6493
6378,6554
6404,6600
6428,6581
6458,6564
6484,6621
6500,6678
6520,6630
6548,6620
6568,6686
6582,6737
6605,6715
6638,6694
6649,6741
6661,6789
6685,6764
6709,6743
6733,6769
6737,6860
6743,6826
6790,6807
6794,6815
6802,6876
6804,6877
6851,6836
6846,6853
6887,6924
6900,6924
6916,6886
6944,6908
6954,6988
6947,6995
6967,6935
6991,6952
7021,7031
7007,7049
7046,6966
7062,7003
7068,7063
7085,7087
7118,7054
7148,7056
7160,7128
7161,7162
7187,7118
7237,7109
7222,7182
7230,7189
7271,7187
7293,7173
7325,7234
7327,7278
7358,7240
7402,7232
7401,7304
7402,7330
7426,7323
7477,7329
7477,7372
7504,7418
7545,7421
7558,7411
7575,7448
7611,7508
7627,7505
7676,7502
7692,7543
7734,7620
7748,7610
7786,7594
7795,7613
7837,7696
7819,7701
7860,7691
7895,7700
7908,7779
7944,7835
7972,7788
8003,7801
7999,7874
8029,7929
8069,7907
8094,7889
8132,7990
8162,8057
8192,8039
8222,8022
8240,8071
8239,8143
8270,8151
8317,8142
8339,8184
8339,8264
8375,8269
8398,8239
8438,8281
8445,8361
8474,8378
8493,8366
8525,8389
8544,8448
8579,8499
8626,8478
8635,8467
8649,8550
8661,8610
8692,8602
8729,8582
8728,8669
8756,8728
8781,8719
8791,8679
8810,8713
8841,8825
8856,8803
8874,8774
8897,8791
8902,8886
8937,8916
8969,8854
8976,8878
8965,8981
9009,8986
9038,8935
9043,8948
9047,9034
9071,9122
9093,9031
9115,9037
9132,9150
9154,9184
9180,9188
9228,9120
9218,9198
9231,9295
9258,9269
9291,9247
9306,9301
9332,9434
9342,9400
9384,9354
9397,9389
9417,9525
9465,9529
9495,9502
9486,9527
9518,9647
9524,9680
9567,9638
9603,9665
9617,9773
9628,9829
9696,9767
9690,9761
9730,9890
9745,10004
9813,9997
9817,9951
9849,10041
9886,10154
9920,10172
9949,10110
9966,10202
9989,10311
10043,10367
10081,10268
10077,10387
10112,10511
10164,10540
10182,10680
10194,10572
10221,10446
10271,10673
10318,10795
10333,10717
10352,10650
10404,10697
10455,10985
10454,11034
10479,10835
10509,10879
10556,11150
10580,11243
10600,11112
10625,11055
10674,11205
10687,11364
10706,11212
10748,11180
10790,11350
10804,11481
10824,11422
10852,11346
10891,11447
10922,11623
10941,11445
10960,11462
11012,11598
11033,11731
11033,11724
11079,11525
11090,11683
11113,11865
11161,11819
11160,11684
11180,11744
11219,11935
11233,11957
11235,11734
11253,11792
11298,12029
11310,12050
11322,11909
11344,11836
11365,12006
11389,12161
11409,11980
11423,11989
11455,12196
11473,12239
11476,12095
11510,11998
11523,12125
11553,12289
11541,12154
11563,12103
11612,12204
11622,12384
11647,12306
11652,12160
11699,12227
11735,12485
11726,12392
11761,12313
11792,12303
11814,12465
11816,12526
11841,12394
11876,12442
11916,12647
11933,12607
11925,12510
11963,12447
12001,12718
12042,12730
12041,12609
12059,12555
12093,12762
12138,12844
12150,12699
12172,12598
12221,12811
12242,12921
12258,12856
12289,12739
12329,12813
12327,13087
12361,12996
12385,12915
12421,12898
12462,13158
12474,13181
12498,12949
12523,13090
12551,13235
12587,13233
12615,12989
12636,13127
12672,13304
12701,13333
12712,13154
12743,13190
12789,13424
12807,13435
12829,13170
12861,13223
12907,13359
12915,13524
12934,13356
12952,13340
13004,13468
12994,13624
13029,13487
13041,13425
13087,13620
13087,13691
13120,13576
13144,13429
13172,13595
13202,13748
13222,13664
13236,13552
13284,13607
13296,13796
13304,13696
13356,13566
13353,13741
13351,13877
13392,13709
13399,13685
13417,13736
13439,13950
13445,13843
13457,13655
13503,13758
13513,13990
13506,13900
13556,13734
13574,13810
13572,13966
13586,13966
13593,13777
13639,13892
13639,14083
13665,14043
13692,13895
13705,13897
13713,14065
13733,14024
13736,13858
13779,13871
13782,14102
13798,14130
13836,13983
13846,13935
13868,14204
13898,14188
13908,14012
13916,13979
13963,14198
13981,14261
14006,14066
14029,14027
14023,14283
14083,14346
14069,14135
14090,14166
14115,14303
14139,14376
14177,14212
14181,14175
14211,14354
14247,14428
14242,14290
14292,14242
14312,14378
14322,14482
14356,14362
14387,14365
14420,14529
14450,14627
14486,14482
14496,14350
14506,14593
14546,14702
14578,14604
14580,14414
14614,14646
14624,14762
14673,14615
14688,14507
14712,14749
14755,14793
14764,14693
14805,14616
14846,14834
14841,14913
14877,14754
14915,14668
14921,14887
14934,14970
14966,14768
14992,14729
15026,14898
15053,15040
15068,14931
15076,14782
15110,14898
15131,15083
15173,14980
15174,14922
15205,15071
15225,15155
15253,15095
15268,14926
15274,15138
15308,15206
15352,15148
15354,14982
15358,15074
15394,15238
15408,15151
15434,15194
15448,15230
15456,15198
15468,15182
15480,15261
15508,15270
15515,15221
15538,15244
15552,15273
15565,15330
15592,15292
15596,15268
15628,15352
15622,15393
15660,15361
15687,15332
15705,15403
15705,15419
15711,15385
15753,15393
15761,15459
15771,15485
15801,15447
15832,15461
15831,15531
15836,15549
15865,15506
15899,15503
15915,15593
15922,15612
15953,15567
16005,15596
16006,15653
16021,15677
16044,15648
16078,15642
16118,15745
16080,15796
16148,15744
16190,15734
16187,15830
16204,15855
16228,15850
16271,15822
16294,15902
16311,15945
16341,15946
16377,15919
7,16024
21,16071
68,16028
89,16047
124,16131
132,16148
170,16145
172,16159
210,16234
258,16294
270,16229
321,16252
317,16325
338,0
374,16376
411,16378
424,82
454,111
477,91
515,75
555,186
569,216
617,207
639,228
644,314
687,380
723,349
738,340
742,441
775,487
807,449
816,480
854,536
879,601
929,543
932,563
932,695
970,738
1022,666
1026,713
1036,786
1063,841
1100,767
1123,814
1125,910
1180,935
1192,876
1201,893
1221,1030
1248,1028
1270,968
1282,998
1293,1100
1322,1121
1357,1077
1354,1086
1366,1224
1395,1263
1424,1160
1432,1206
1452,1314
1492,1303
1517,1254
1529,1309
1545,1433
1579,1397
1603,1347
1597,1392
1610,1522
1652,1518
1685,1471
1664,1538
1688,1650
1758,1626
1751,1609
1797,1635
1802,1768
1855,1779
1864,1742
1882,1836
1932,1878
1944,1882
1982,1872
1986,1978
2023,2075
2076,2017
2085,2007
2075,2139
2122,2228
2180,2192
2192,2186
2213,2325
2260,2436
2302,2337
2316,2356
2346,2495
2367,2582
2437,2532
2464,2501
2465,2697
2511,2733
2548,2668
2563,2663
2591,2830
2636,2914
2672,2835
2700,2740
2716,2802
2751,3025
2809,3196
2811,3093
2823,3044
2881,3109
2905,3317
2938,3207
2958,3168
3009,3324
3037,3528
3050,3450
3091,3287
3111,3512
3137,3663
3173,3480
3188,3397
3226,3653
3263,3729
3273,3669
3299,3530
3337,3736
3357,3863
3368,3790
3390,3665
3429,3896
3454,3968
3459,3852
3492,3784
3530,3957
3540,4078
3544,3868
3578,3870
3620,4018
3638,4103
3623,3918
3664,3947
3696,4200
3707,4206
3709,4001
3749,4011
3762,4160
3765,4263
3785,4069
3809,4117
3841,4287
3850,4325
3856,4147
3903,4163
3925,4352
3946,4449
3922,4303
3973,4258
3996,4478
4026,4542
4038,4268
4034,4285
4073,4522
4085,4516
4110,4335
4134,4386
4168,4626
4180,4677
4197,4452
4224,4470
4251,4699
4258,4705
4314,4508
4327,4558
4361,4727
4378,4861
4393,4683
4425,4648
4453,4839
4473,4887
4489,4743
4525,4771
4563,5011
4579,4953
4589,4815
4647,4795
4667,5079
4693,5059
4693,4883
4755,4929
4773,5168
4791,5138
4809,5014
4843,5045
4879,5261
4901,5211
4924,5059
4961,5041
4992,5319
5002,5292
5033,5182
5069,5189
5085,5393
5113,5403
5132,5269
5145,5250
5186,5450
5211,5541
5252,5336
5260,5348
5285,5585
5313,5589
5336,5385
5353,5420
5367,5617
5408,5612
5421,5501
5424,5470
5478,5737
5490,5726
5523,5508
5539,5520
5554,5769
5595,5814
5594,5572
5634,5596
5652,5762
5646,5780
5690,5634
5702,5554
5724,5803
5728,5842
5742,5687
5778,5710
5790,5864
5803,5955
5822,5813
5834,5765
5864,5963
5882,5984
5892,5770
5903,5749
5920,5988
5926,5984
5970,5826
5972,5832
5984,5966
6012,6034
6010,5889
6044,5853
6067,5979
6086,6072
6112,5881
6129,5865
6130,6057
6152,6163
6169,6037
6191,5933
6211,6115
6217,6213
6257,6007
6267,6040
6295,6225
6299,6239
6342,6089
6357,6026
6375,6221
6399,6308
6431,6206
6454,6146
6478,6335
6509,6373
6524,6278
6554,6152
6565,6271
6604,6500
6640,6305
6648,6263
6665,6385
6698,6565
6729,6480
6737,6313
6765,6493
6788,6607
6823,6509
6837,6400
6862,6478
6896,6682
6922,6524
6960,6468
7000,6647
7009,6781
7041,6726
7059,6593
7093,6553
7107,6832
7135,6800
7165,6613
7185,6745
7220,6905
7229,6887
7254,6700
7290,6696
7300,6980
7350,6930
7368,6877
7388,6818
7411,7015
7421,7047
7466,6858
7471,6824
7493,7081
7525,7130
7572,6971
7552,6908
7570,7101
7594,7172
7649,7057
7651,6998
7657,7031
7675,7099
7715,7124
7713,7180
7729,7217
7757,7177
7778,7168
7784,7249
7804,7268
7840,7248
7837,7223
7864,7283
7878,7315
7909,7284
7925,7276
7933,7321
7960,7362
7968,7375
7974,7326
7994,7363
8012,7421
8031,7427
8069,7385
8101,7423
8105,7488
8111,7498
8149,7453
8154,7474
8174,7530
8192,7546
8206,7509
8240,7534
8250,7613
8277,7653
8288,7610
8326,7601
8357,7681
8340,7717
8380,7692
8400,7681
8421,7750
8432,7811
8477,7786
8507,7788
8534,7853
8566,7910
8596,7906
8641,7876
8660,7932
8657,7998
8709,8023
8714,7983
8777,8015
8785,8113
8808,8140
8835,8140
8865,8161
8878,8195
8901,8255
8968,8213
8993,8235
8978,8323
9032,8393
9083,8362
9103,8376
9108,8422
9156,8528
9205,8502
9221,8493
9231,8550
9270,8655
9294,8643
9343,8618
9328,8677
9365,8774
9381,8783
9422,8767
9446,8798
9473,8897
9502,8961
9549,8912
9581,8927
9591,9015
9629,9065
9639,9023
9676,9036
9673,9144
9716,9180
9749,9166
9787,9141
9799,9193
9813,9332
9823,9345
9874,9278
9880,9312
9897,9447
9925,9456
9951,9384
9961,9398
9982,9542
10012,9554
10040,9489
10058,9511
10080,9629
10085,9649
10118,9628
10137,9609
10137,9717
10158,9764
10200,9717
10230,9728
10204,9787
10245,9859
10290,9854
10307,9800
10330,9878
10312,9967
10373,9960
10381,9885
10403,9973
10398,10130
10459,10135
10490,10029
10497,10092
10521,10201
10541,10244
10586,10140
10591,10201
10590,10347
10636,10406
10694,10337
10681,10330
10701,10435
10741,10517
10778,10509
10805,10489
10802,10583
10889,10709
10895,10694
10935,10621
10941,10711
10966,10876
11007,10883
11062,10779
11083,10858
11089,11019
11137,11101
11175,10982
11193,11015
11225,11197
11261,11255
11291,11169
11312,11121
11341,11317
11375,11401
11416,11352
11432,11324
11466,11471
11496,11570
11560,11528
11573,11486
11598,11612
11634,11700
11668,11697
11676,11664
11713,11729
11746,11864
11764,11846
11801,11813
11821,11851
11869,11973
11903,12002
11894,11935
11932,11975
11971,12084
12005,12171
12021,12069
12047,12065
12072,12212
12096,12268
12120,12178
12145,12153
12164,12283
12203,12349
12213,12297
12223,12247
12228,12375
12257,12427
12328,12377
12313,12313
12325,12428
12332,12511
12383,12458
12392,12412
12383,12496
12428,12580
12448,12550
12474,12494
12484,12506
12499,12621
12525,12647
12543,12573
12549,12567
12562,12696
12608,12742
12628,12643
12607,12647
12633,12749
12671,12798
12681,12711
12717,12717
12740,12805
12748,12865
12764,12780
12787,12757
12812,12868
12834,12944
12881,12905
12877,12867
12901,12945
12904,13020
12971,12993
12968,12928
13000,13035
13032,13112
13044,13066
13051,13015
13073,13093
13122,13180
13139,13156
13159,13101
13183,13169
13214,13266
13258,13241
13267,13194
13292,13246
13327,13335
13343,13373
13395,13289
13397,13319
13431,13418
13467,13440
13473,13382
13496,13401
13538,13509
13556,13514
13571,13482
13608,13495
13611,13565
13654,13638
13666,13550
13696,13549
13745,13651
13745,13695
13803,13624
13815,13622
13829,13728
13837,13777
13881,13739
13906,13703
13945,13814
13949,13856
13982,13810
13992,13778
14028,13842
14058,13916
14062,13874
14102,13843
14117,13912
14126,13987
14145,13931
14190,13868
14207,13979
14238,14031
14248,13989
14258,13938
14282,14040
14322,14122
14336,14047
14348,13996
14375,14080
14369,14142
14394,14099
14405,14071
14441,14106
14451,14177
14474,14142
14469,14091
14498,14154
14535,14251
14534,14203
14555,14131
14583,14212
14597,14276
14614,14230
14609,14177
14639,14260
14655,14317
14669,14287
14677,14243
14713,14289
14713,14369
14740,14331
14749,14281
14771,14333
14794,14408
14822,14360
14813,14353
14876,14380
14891,14472
14886,14443
14932,14387
14938,14416
14948,14506
14975,14502
14988,14434
15036,14484
15028,14584
15069,14569
15102,14518
15116,14556
15134,14635
15156,14641
15178,14578
15218,14616
15222,14713
15254,14718
15270,14653
15309,14689
15342,14767
15348,14766
15400,14732
15425,14771
15442,14863
15461,14856
15494,14797
15506,14841
15552,14939
15552,14952
15612,14886
15646,14928
15646,14989
15679,15008
15704,14962
15740,14994
15746,15078
15777,15087
15802,15055
15844,15064
15871,15146
15878,15181
15898,15123
15940,15146
15979,15241
15989,15236
16009,15186
16057,15220
16055,15287
16080,15321
16110,15271
16153,15304
16159,15376
16157,15385
16199,15347
16222,15366
16242,15443
16256,15455
16292,15394
16306,15446
16344,15522
16350,15543
10,15491
29,15518
33,15582
42,15575
72,15558
102,15570
94,15646
102,15653
139,15589
154,15629
157,15690
178,15672
225,15677
235,15662
240,15736
250,15771
298,15748
317,15755
339,15807
325,15804
363,15784
382,15800
408,15860
408,15871
434,15824
456,15866
459,15946
477,15956
516,15927
543,15965
551,15991
593,16009
615,15988
638,16023
643,16080
669,16093
713,16067
732,16107
758,16190
774,16183
807,16182
832,16208
831,16294
880,16293
914,16294
927,16313
939,16382
993,27
1015,16383
1047,56
1057,140
1088,145
1149,127
1181,173
1188,245
1223,294
1276,244
1275,308
1313,411
1370,391
1380,368
1377,448
1395,530
1441,503
1479,533
1511,556
1536,682
1578,675
1599,618
1617,718
1648,812
1699,817
1748,772
1735,841
1774,952
1825,927
1823,908
1859,985
1879,1101
1925,1089
1940,1052
1953,1122
1968,1228
2017,1197
2059,1148
2053,1303
2093,1361
2119,1319
2171,1314
2144,1426
2217,1486
2226,1468
2258,1432
2251,1563
2299,1602
2326,1556
2343,1561
2344,1696
2381,1704
2402,1636
2426,1675
2422,1764
2456,1827
2495,1723
2486,1774
2483,1871
2527,1900
2580,1850
2556,1849
2581,2011
2618,2036
2643,1962
2655,1980
2678,2108
2711,2141
2740,2062
2731,2103
2753,2225
2792,2212
2804,2147
2836,2221
2844,2324
2884,2332
2908,2425
2930,2306
2930,2376
2997,2525
3000,2663
3012,2454
3056,2460
3072,2652
3115,2720
3118,2630
3155,2568
3189,2813
3223,2893
3217,2683
3264,2749
3299,3003
3315,2936
3345,2898
3367,2933
3408,3132
3417,3140
3454,3015
3486,3092
3541,3225
3571,3341
3587,3144
3609,3173
3652,3430
3661,3400
3689,3263
3753,3372
3766,3608
3785,3527
3808,3449
3846,3573
3890,3734
3900,3736
3904,3632
3968,3618
4015,3872
4021,3816
4031,3657
4085,3885
4105,4000
4127,3886
4141,3893
4209,3967
4223,4171
4240,4077
4245,3905
4284,4184
4298,4316
4305,4099
4327,4053
4375,4208
4388,4358
4424,4274
4452,4155
4482,4337
4490,4455
4501,4309
4529,4233
4557,4407
4583,4519
4609,4426
4624,4303
4657,4504
4665,4637
4669,4448
4686,4382
4721,4575
4733,4663
4729,4563
4761,4456
4781,4651
4812,4764
4804,4575
4849,4554
4848,4725
4872,4826
4901,4594
4935,4579
4942,4774
4937,4859
4974,4760
4989,4628
5002,4806
5027,4882
5031,4831
5056,4703
5083,4876
5083,4952
5120,4758
5134,4740
5166,5000
5180,5084
5198,4894
5212,4838
5260,5010
5270,5112
5270,4978
5311,4891
5328,5068
5362,5198
5382,5040
5400,4997
5439,5087
5458,5267
5476,5150
5499,5049
5538,5260
5536,5363
5569,5270
5600,5177
5634,5331
5652,5427
5656,5344
5706,5224
5710,5378
5746,5472
5776,5396
5808,5323
5839,5539
5844,5566
5887,5462
5900,5413
5912,5494
5930,5642
5969,5533
6009,5546
6035,5678
6047,5743
6073,5679
6094,5531
6120,5558
6127,5811
6179,5675
6193,5572
6223,5673
6233,5916
6259,5785
6305,5708
6315,5781
6335,5940
6375,5869
6374,5753
6398,5841
6436,6021
6450,6004
6469,5801
6480,5972
6500,6092
6529,6019
6540,5842
6557,5974
6584,6106
6606,5982
6626,5924
6640,6040
6655,6162
6684,6065
6703,5956
6713,6092
6719,6227
6765,6187
6769,5987
6782,6096
6799,6279
6841,6157
6847,6091
6845,6115
6863,6319
6883,6235
6892,6067
6917,6115
6933,6299
6972,6288
6958,6151
6975,6160
7006,6442
7012,6352
7032,6191
7073,6216
7054,6439
7106,6418
7116,6243
7140,6188
7160,6487
7179,6511
7185,6271
7205,6298
7225,6446
7257,6563
7289,6381
7272,6372
7326,6589
7346,6650
7374,6445
7382,6422
7418,6642
7448,6710
7474,6489
7495,6467
7511,6589
7531,6747
7583,6592
7593,6583
7592,6744
7640,6797
7668,6623
7684,6586
7724,6646
7746,6908
7787,6827
7804,6715
7823,6963
7857,6834
7886,6832
7915,6907
7947,6952
7976,6935
7996,6952
8004,7002
8058,7054
8072,7028
8099,7003
8112,7060
8131,7127
8157,7115
8191,7100
8237,7115
8247,7180
8262,7198
8300,7162
8336,7208
8356,7281
8365,7284
8411,7275
8451,7270
8462,7367
8466,7359
8504,7344
8535,7326
8546,7427
8556,7460
8575,7414
8628,7412
8619,7481
8631,7537
8666,7496
8696,7483
8718,7532
8717,7564
8752,7562
8767,7532
8800,7588
8807,7657
8832,7643
8879,7588
8905,7638
8903,7710
8900,7700
8926,7671
8956,7710
8969,7730
8973,7781
9004,7740
9033,7773
9048,7817
9052,7843
9070,7817
9101,7832
9108,7867
9119,7932
9177,7903
9217,7881
9219,7949
9234,7986
9260,7962
9276,7956
9280,8000
9306,8072
9351,8054
9353,8033
9382,8100
9402,8168
9412,8161
9472,8125
9478,8158
9491,8250
9535,8271
9563,8235
9583,8267
9607,8346
9616,8360
9670,8366
9686,8390
9725,8452
9755,8519
9785,8500
9797,8505
9854,8553
9872,8656
9896,8628
9942,8610
9960,8672
9973,8785
10031,8797
10055,8757
10049,8799
10094,8905
10145,8904
10175,8868
10187,8963
10221,9050
10260,9095
10318,9068
10334,9097
10328,9198
10377,9223
10419,9225
10439,9237
10449,9318
10469,9378
10509,9376
10562,9374
10562,9474
10607,9541
10653,9565
10687,9502
10683,9559
10708,9670
10764,9704
10790,9625
10794,9698
10813,9855
10837,9859
10911,9795
10885,9814
10920,9937
10943,10011
10964,9940
10984,9959
11011,10063
11030,10141
11065,10069
11070,10066
11106,10161
11124,10264
11156,10212
11178,10186
11173,10255
11225,10379
11242,10449
11259,10471
11264,10362
11304,10233
11314,10516
11324,10529
11341,10404
11369,10368
11389,10519
11428,10634
11420,10598
11435,10476
11468,10602
11514,10793
11497,10745
11539,10538
11565,10741
11610,10924
11612,10854
11610,10780
11646,10790
11669,10939
11707,11060
11693,10819
11732,10838
11744,11072
11764,11092
11780,11058
11827,11009
11860,11134
11874,11341
11895,11165
11911,11135
11961,11321
11986,11464
11992,11342
12051,11269
12073,11356
12087,11571
12117,11507
12128,11376
12156,11537
12209,11730
12205,11732
12252,11598
12284,11641
12300,11853
12342,11890
12355,11758
12375,11768
12413,12017
12446,12059
12463,11861
12504,11897
12535,12148
12552,12148
12596,12022
12609,12005
12642,12173
12699,12344
12693,12208
12728,12136
12758,12353
12784,12455
12806,12321
12837,12215
12870,12296
12893,12560
12889,12475
12934,12388
12974,12420
12987,12677
13014,12709
13046,12502
13057,12584
13089,12775
13111,12767
13120,12535
13151,12576
13173,12798
13193,12903
13192,12704
13232,12725
13258,12885
13264,12922
13298,12787
13317,12741
13331,12863
13341,12998
13357,12871
13389,12810
13405,13033
13435,13051
13441,12943
13484,12883
13476,13088
13488,13147
13529,12969
13546,13013
13534,13176
13565,13187
13587,13005
13599,13007
13612,13195
13641,13259
13652,13139
13672,13044
13670,13178
13703,13288
13720,13150
13754,13068
13752,13297
13776,13366
13794,13246
13834,13176
13838,13300
13840,13410
13869,13335
13877,13229
13919,13303
13933,13482
13955,13417
13975,13273
14019,13463
14021,13564
14034,13466
14065,13388
14078,13458
14094,13662
14112,13564
14144,13480
14160,13480
14196,13736
14212,13686
14244,13520
14258,13582
14288,13731
14309,13798
14336,13579
14374,13643
14399,13837
14417,13837
14441,13649
14457,13733
14501,13929
14501,13888
14535,13769
14567,13837
14573,13985
14627,14014
14640,13838
14661,13864
14683,14080
14712,14078
14733,13904
14759,13891
14779,14074
14808,14113
14829,13952
14857,14041
14874,14196
14905,14179
14923,14032
14942,14038
14960,14301
14984,14293
15004,14096
15038,14081
15053,14384
15082,14300
15108,14189
15118,14185
15131,14380
15160,14415
15170,14230
15174,14195
15208,14401
15231,14373
15273,14249
15261,14239
15295,14539
15315,14515
15335,14339
15345,14325
15353,14467
15385,14571
15395,14340
15436,14322
15431,14560
15456,14504
15477,14360
15485,14391
15499,14612
15527,14666
15537,14499
15562,14535
15580,14665
15589,14624
15612,14524
15642,14491
15633,14699
15652,14728
15680,14510
15710,14506
15710,14789
15754,14744
15767,14586
15768,14665
15789,14721
15814,14784
15852,14615
15839,14693
15890,14834
15882,14890
15950,14790
15931,14705
15960,14887
16018,14924
16017,14743
16019,14798
16066,15040
16090,14924
16099,14787
16134,14823
16151,15029
16181,15101
16215,14911
16249,14883
16269,15140
16313,15206
16331,14968
16343,14971
16353,15213
9,15239
30,15019
58,15101
98,15318
128,15290
158,15105
146,15230
198,15449
254,15378
263,15198
286,15240
310,15527
356,15439
365,15363
381,15457
411,15578
470,15561
493,15381
527,15591
531,15522
575,15534
584,15589
616,15640
620,15628
689,15626
690,15679
718,15726
734,15707
761,15711
819,15766
808,15829
857,15779
889,15773
910,15839
914,15920
955,15846
986,15868
992,15914
1005,15981
1021,15958
1078,15914
1058,16012
1105,16061
1110,16024
1137,16009
1143,16065
1167,16123
1207,16079
1231,16071
1212,16134
1254,16210
1276,16119
1300,16135
1312,16212
1346,16265
1368,16222
1413,16230
1391,16279
1429,16316
1449,16276
1467,16277
1462,16353
1479,4
1522,16332
1551,16341
1534,31
1576,77
1616,60
1651,65
1642,140
1670,173
1722,143
1722,165
1740,240
1794,279
1825,231
1852,275
1842,366
1872,359
1908,318
1934,378
1945,494
1965,496
2039,433
2040,484
2042,614
2108,607
2151,574
2155,648
2169,763
2214,745
2245,739
2282,773
2301,915
2342,918
2401,858
2398,954
2420,1055
2468,1064
2495,1048
2506,1108
2540,1211
2591,1225
2602,1189
2622,1273
2660,1384
2716,1325
2764,1314
2754,1410
2793,1559
2829,1513
2867,1517
2878,1620
2902,1656
2945,1662
2958,1644
2994,1791
3004,1822
3025,1791
3061,1789
3089,1919
3108,1988
3143,1905
3161,1926
3198,2107
3227,2138
3270,2030
3290,2036
3313,2191
3315,2258
3355,2176
3365,2195
3385,2343
3432,2402
3449,2303
3450,2334
3464,2464
3500,2494
3515,2375
3515,2399
3537,2553
3577,2597
3610,2527
3597,2499
3635,2683
3670,2648
3688,2631
3704,2660
3710,2783
3740,2800
3777,2717
3750,2726
3788,2894
3829,2899
3837,2839
3853,2865
3851,2986
3900,2992
3915,3066
3921,2959
3954,2898
3976,3098
4000,3209
4016,3068
4040,3043
4078,3249
4094,3294
4104,3114
4120,3182
4159,3381
4166,3484
4197,3228
4220,3265
4256,3489
4287,3591
4277,3467
4321,3394
4349,3655
4357,3659
4365,3507
4428,3530
4463,3771
4469,3779
4509,3681
4565,3697
4574,3852
4592,3956
4621,3823
4663,3854
4709,4030
4699,4004
4714,3916
4758,3992
4790,4196
4816,4211
4849,4064
4862,4115
4894,4324
4937,4344
4953,4116
4984,4217
5003,4390
5031,4385
5049,4246
5088,4321
5120,4523
5129,4561
5165,4339
5187,4457
5227,4631
5217,4592
5260,4550
5279,4468
5313,4796
5327,4715
5347,4569
5384,4698
5395,4789
5430,4794
5431,4607
5458,4650
5471,4971
5497,4859
5511,4693
5554,4769
5573,4988
5584,5012
5600,4776
5622,4838
5640,5032
5654,4966
5670,4880
5702,4948
5696,5102
5746,5070
5736,4920
5758,4968
5780,5178
5810,5082
5825,4981
5832,5033
5842,5207
5862,5162
5894,5020
5898,5017
5922,5271
5927,5210
5950,5051
5982,5151
5979,5339
6008,5273
6017,5140
6044,5184
6044,5416
6094,5356
6094,5174
6135,5175
6126,5414
6150,5424
6192,5276
6208,5292
6231,5474
6232,5425
6256,5369
6269,5336
6300,5533
6321,5493
6362,5395
6345,5403
6393,5640
6427,5583
6443,5402
6461,5434
6483,5653
6498,5713
6533,5536
6555,5519
6566,5771
6592,5804
6637,5595
6647,5581
6660,5794
6691,5828
6732,5722
6772,5702
6784,5892
6822,5890
6838,5752
6860,5770
6866,5966
6899,6033
6930,5848
6950,5798
6974,5984
6985,6008
7013,5920
7039,5883
7072,6087
7093,6115
7134,5972
7153,5941
7163,6149
7206,6195
7231,6105
7239,6042
7268,6149
7274,6242
7316,6175
7312,6140
7350,6253
7364,6351
7404,6199
7418,6092
7419,6287
7445,6408
7475,6216
7495,6149
7515,6339
7549,6430
7567,6333
7587,6209
7596,6428
7626,6518
7639,6307
7646,6232
7676,6361
7690,6519
7730,6430
7736,6260
7737,6415
7762,6628
7778,6457
7805,6359
7807,6411
7819,6637
7837,6645
7871,6443
7884,6430
7899,6672
7919,6623
7948,6436
7978,6522
7984,6660
7993,6708
8020,6523
8035,6541
8052,6742
8082,6730
8103,6579
8107,6587
8133,6804
8135,6790
8192,6710
8204,6656
8218,6772
8266,6892
8287,6680
8294,6687
8307,6871
8333,6935
8377,6747
8375,6708
8407,6959
8428,7031
8470,6841
8482,6808
8498,6962
8532,7083
8565,7039
8572,7006
8595,7068
8631,7036
8690,7035
8707,7082
8720,7166
8727,7130
8816,7110
8810,7162
8826,7221
8861,7240
8916,7215
8941,7243
8962,7318
8998,7338
9011,7310
9072,7348
9056,7386
9073,7426
9121,7388
9165,7400
9194,7477
9211,7525
9241,7482
9290,7498
9312,7579
9320,7616
9364,7597
9377,7584
9421,7645
9431,7719
9473,7671
9509,7687
9522,7750
9524,7784
9570,7768
9613,7766
9624,7810
9613,7879
9668,7868
9703,7873
9721,7877
9724,7964
9747,7958
9784,7916
9818,7954
9839,8029
9857,8053
9895,8026
9905,8042
9901,8072
9922,8144
9938,8089
9994,8080
9996,8168
10001,8212
10031,8187
10061,8159
10046,8222
10065,8269
10104,8240
10149,8217
10152,8297
10164,8366
10207,8336
10241,8321
10255,8345
10261,8409
10284,8452
10324,8408
10355,8416
10328,8498
10385,8531
10395,8466
10415,8482
10414,8596
10439,8617
10496,8608
10508,8610
10520,8694
10552,8743
10579,8719
10611,8687
10610,8754
10640,8843
10690,8844
10730,8809
10739,8903
10755,8991
10803,8989
10829,8934
10843,9001
10868,9104
10896,9123
10928,9094
10962,9139
10986,9266
11004,9295
11073,9267
11089,9307
11110,9405
11134,9468
11190,9424
11206,9433
11233,9535
11266,9659
11320,9626
11333,9599
11340,9706
11388,9790
11422,9806
11442,9730
11463,9821
11481,9961
11510,9981
11550,9932
11567,9995
11592,10130
11631,10143
11669,10105
11695,10116
11693,10267
11757,10333
11788,10274
11788,10274
11815,10410
11837,10436
11885,10378
11895,10372
11903,10498
11934,10620
11966,10591
11986,10520
11997,10618
12035,10749
12074,10730
12075,10657
12075,10765
12112,10858
12164,10876
12178,10794
12192,10867
12205,10977
12221,10998
12242,10896
12264,10941
12272,11086
12302,11101
12320,11018
12338,11015
12359,11183
12373,11247
12387,11167
12433,11112
12412,11254
12456,11296
12472,11254
12490,11222
12509,11296
12545,11434
12577,11384
12575,11332
12592,11420
12608,11496
12639,11502
12661,11397
12665,11447
12684,11623
12702,11600
12729,11524
12742,11566
12776,11679
12793,11721
12811,11676
12835,11675
12844,11787
12894,11886
12919,11774
12937,11769
12959,11911
12980,11971
13023,11943
13021,11883
13046,12021
13092,12084
13106,12071
13138,12016
13133,12108
13185,12227
13206,12186
13231,12149
13243,12235
13284,12348
13290,12324
13338,12277
13356,12332
13390,12458
13400,12457
13417,12429
13465,12449
13493,12565
13524,12606
13550,12546
13577,12575
13608,12654
13644,12707
13667,12662
13674,12648
13709,12782
13739,12848
13767,12767
13759,12733
13807,12875
13827,12934
13855,12859
13890,12843
13896,12943
13924,13026
13960,12966
13990,12931
14002,13048
14014,13102
14050,13048
14064,13007
14084,13137
14120,13192
14115,13124
14141,13086
14161,13182
14207,13264
14217,13223
14239,13143
14255,13245
14260,13330
14278,13266
14291,13230
14322,13302
14346,13370
14346,13328
14368,13278
14377,13332
14396,13436
14423,13381
14438,13342
14453,13395
14471,13483
14487,13458
14497,13374
14526,13423
14547,13516
14565,13482
14569,13433
14591,13519
14615,13583
14626,13540
14629,13493
14673,13530
14674,13635
14693,13615
14716,13540
14742,13584
14744,13680
14770,13674
14782,13607
14806,13641
14828,13749
14824,13713
14868,13651
14878,13705
14913,13796
14931,13794
14942,13712
14964,13765
14987,13843
15000,13842
15029,13774
15066,13826
15087,13913
15110,13916
15141,13847
15160,13886
15174,13991
15196,13991
15225,13924
15241,13965
15278,14044
15298,14049
15307,13999
15364,14024
15382,14115
15395,14116
15411,14080
15464,14098
15483,14179
15509,14199
15533,14131
15567,14177
15588,14259
15613,14259
15617,14219
15648,14234
15678,14326
15709,14334
15727,14284
15760,14312
15778,14382
15791,14400
15821,14355
15853,14373
15869,14456
15880,14466
15910,14408
15944,14432
15970,14532
15994,14522
16005,14493
16043,14478
16060,14573
16072,14574
16098,14546
16128,14544
16144,14622
16157,14627
16172,14598
16200,14608
16234,14678
16238,14695
16262,14662
16296,14656
16291,14726
16326,14748
16332,14671
16380,14704
0,14766
13,14781
37,14749
46,14749
79,14828
95,14842
106,14786
128,14804
143,14875
157,14893
177,14829
197,14847
224,14931
219,14928
249,14864
269,14892
291,14958
311,15003
327,14937
356,14933
376,15016
398,15029
411,14972
467,14987
448,15082
472,15088
500,15035
526,15046
567,15146
578,15162
620,15107
622,15122
648,15199
666,15226
689,15175
744,15190
739,15270
765,15281
782,15239
849,15274
853,15316
887,15379
943,15320
970,15332
982,15438
987,15453
1032,15406
1073,15433
1105,15518
1111,15531
1154,15498
1182,15526
1187,15610
1238,15636
1294,15593
1323,15647
1331,15703
1334,15741
1417,15682
1429,15731
1462,15794
1494,15820
1556,15819
1565,15819
1569,15910
1600,15904
1662,15896
1677,15935
1701,16023
1719,16019
1759,16002
1767,16041
1785,16084
1836,16124
1878,16076
1891,16153
1918,16222
1948,16203
1996,16188
1998,16230
2017,16318
2056,16264
2094,16260
2103,16335
2103,16383
2159,20
2201,16320
2173,32
2202,100
2238,79
2269,53
2278,88
2271,186
2324,165
2366,119
2351,201
2374,255
2427,217
2454,215
2452,294
2468,340
2496,315
2520,290
2524,346
2526,427
2594,412
2602,383
2583,443
2621,511
2677,478
2674,471
2695,546
2703,633
2747,573
2791,550
2782,638
2798,698
2836,686
2869,665
2876,751
2900,788
2929,777
2953,784
2959,866
3002,945
3046,906
3043,891
3051,1013
3118,1080
3137,1015
3156,1030
3169,1122
3222,1208
3240,1218
3269,1157
3291,1280
3320,1363
3375,1289
3403,1333
3401,1462
3447,1547
3495,1496
3501,1517
3514,1620
3551,1678
3584,1638
3612,1684
3636,1825
3673,1881
3702,1806
3741,1825
3754,1981
3804,2061
3848,1982
3852,1997
3872,2148
3920,2233
3929,2131
3944,2151
3967,2314
4042,2374
4051,2299
4081,2337
4084,2481
4115,2537
4161,2437
4166,2496
4181,2621
4218,2672
4253,2578
4238,2643
4284,2770
4322,2808
4336,2697
4352,2755
4380,2892
4404,2922
4425,2826
4424,2882
4472,2979
4479,3036
4519,2995
4533,2975
4531,3123
4562,3177
4570,3058
4605,3106
4625,3208
4641,3282
4664,3166
4693,3202
4703,3309
4735,3347
4738,3265
4751,3292
4756,3414
4788,3459
4816,3353
4822,3384
4847,3527
4866,3548
4876,3454
4892,3484
4917,3624
4927,3630
4959,3523
4978,3567
4994,3687
5035,3691
5055,3649
5067,3667
5092,3831
5125,3801
5125,3725
5133,3777
5173,3886
5207,3931
5193,3871
5228,3885
5273,4020
5283,4057
5317,3951
5325,4035
5353,4133
5402,4145
5393,4094
5409,4139
5475,4234
5498,4244
5500,4204
5530,4198
5576,4350
5602,4372
5608,4320
5630,4382
5669,4498
5690,4498
5704,4428
5760,4489
5764,4598
5798,4624
5832,4519
5857,4605
5876,4708
5935,4708
5946,4619
5970,4701
5980,4808
6014,4790
6042,4742
6060,4813
6088,4907
6106,4911
6125,4820
6169,4889
6198,4991
6198,5038
6246,4922
6272,4974
6264,5078
6282,5078
6327,5008
6354,5034
6382,5139
6368,5130
6396,5073
6431,5136
6427,5227
6455,5243
6471,5151
6511,5185
6519,5265
6543,5281
6564,5196
6577,5241
6597,5338
6616,5334
6629,5270
6641,5290
6683,5393
6681,5391
6690,5326
6713,5323
6728,5440
6753,5436
6767,5376
6814,5379
6801,5487
6830,5514
6849,5431
6849,5448
6867,5513
6905,5555
6922,5486
6928,5481
6958,5566
6973,5615
6985,5545
6995,5500
7011,5617
7035,5680
7065,5604
7079,5578
7117,5664
7131,5702
7137,5675
7144,5638
7166,5691
7191,5778
7222,5728
7264,5695
7286,5759
7288,5827
7308,5776
7332,5760
7357,5832
7387,5911
7397,5864
7417,5822
7455,5891
7486,5966
7497,5933
7524,5884
7562,5937
7588,6031
7588,6006
7641,5980
7661,6013
7703,6096
7729,6097
7741,6045
7783,6093
7817,6173
7823,6173
7845,6111
7877,6154
7878,6238
7926,6252
7935,6204
7984,6223
8010,6296
8015,6335
8049,6271
8081,6278
8102,6345
8133,6393
8173,6342
8191,6334
8214,6400
8208,6440
8226,6414
8260,6406
8299,6460
8318,6496
8317,6476
8384,6467
8368,6514
8401,6571
8408,6528
8449,6482
8478,6560
8482,6624
8516,6618
8536,6562
8548,6595
8573,6685
8574,6671
8605,6616
8657,6645
8651,6736
8673,6735
8714,6652
8736,6683
8735,6756
8752,6753
8759,6732
8800,6723
8804,6815
8835,6836
8865,6775
8888,6797
8903,6841
8904,6874
8950,6831
8976,6822
8986,6898
9011,6919
9025,6894
9031,6881
9073,6919
9063,6990
9102,6960
9108,6928
9134,6997
9156,7032
9147,7022
9215,6995
9221,7045
9237,7100
9270,7083
9308,7050
9349,7077
9350,7156
9372,7161
9414,7106
9454,7134
9462,7249
9465,7229
9527,7180
9557,7232
9541,7313
9569,7329
9600,7270
9670,7304
9690,7369
9696,7404
9744,7358
9783,7398
9797,7465
9829,7524
9869,7513
9932,7479
9939,7555
9960,7622
10006,7605
10023,7576
10046,7652
10085,7712
10111,7728
10160,7723
10178,7748
10208,7818
10225,7834
10286,7807
10309,7843
10318,7921
10367,7945
10405,7922
10437,7939
10455,8010
10490,8075
10509,8066
10552,8046
10561,8110
10585,8163
10628,8159
10653,8125
10659,8190
10660,8276
10712,8282
10758,8225
10760,8285
10777,8377
10821,8366
10879,8328
10874,8370
10888,8454
10928,8481
10962,8441
10962,8452
10975,8529
10996,8558
11045,8539
11067,8507
11078,8613
11074,8683
11109,8624
11121,8609
11126,8690
11161,8757
11174,8756
11218,8696
11217,8755
11247,8832
11292,8821
11313,8797
11319,8830
11355,8932
11382,8925
11412,8886
11406,8931
11411,9030
11439,9032
11467,8980
11469,8997
11487,9057
11495,9144
11554,9112
11562,9109
11559,9195
11613,9249
11637,9211
11653,9188
11670,9288
11690,9372
11750,9383
11752,9322
11775,9389
11789,9513
11834,9523
11850,9478
11858,9510
11884,9644
11917,9684
11967,9641
11972,9650
12011,9777
12044,9842
12054,9796
12092,9792
12103,9928
12119,10008
12176,9956
12219,9996
12212,10088
12254,10190
12288,10156
12304,10111
12319,10245
12345,10369
12404,10381
12425,10331
12436,10416
12470,10510
12495,10555
12541,10507
12541,10534
12569,10687
12614,10711
12622,10632
12656,10691
12684,10844
12738,10915
12742,10836
12761,10831
12777,10832
12813,10935
12832,11121
12848,11138
12875,11008
12902,11008
12913,11268
12937,11279
12965,11115
12999,11191
13005,11389
13042,11394
13044,11277
13075,11246
13099,11464
13113,11459
13143,11415
13151,11352
13186,11525
13212,11598
13211,11576
13244,11493
13249,11668
13266,11809
13307,11679
13317,11545
13345,11690
13359,11815
13374,11788
13394,11625
13420,11727
13430,11955
13438,11916
13461,11688
13485,11819
13495,12048
13501,12025
13534,11847
13563,11874
13574,12142
13590,12079
13608,11962
13607,11923
13644,12144
13665,12213
13689,11999
13718,12008
13704,12248
13724,12282
13770,12135
13776,12142
13800,12286
13817,12395
13829,12234
13856,12204
13895,12307
13915,12488
13927,12452
13950,12283
13972,12514
13992,12612
14034,12531
14051,12421
14057,12498
14083,12729
14105,12656
14153,12536
14191,12627
14197,12803
14203,12742
14256,12636
14269,12720
14290,12896
14336,12749
14348,12728
14366,12768
14402,13022
14412,13053
14438,12847
14467,12903
14501,13109
14547,13199
14537,12930
14599,13003
14605,13217
14625,13229
14640,13025
14682,13112
14661,13272
14728,13319
14752,13156
14772,13180
14792,13330
14830,13388
14853,13296
14884,13290
14901,13437
14924,13494
14945,13320
14949,13355
14982,13486
14995,13553
15022,13397
15045,13409
15045,13559
15089,13636
15097,13508
15127,13444
15141,13622
15155,13647
15174,13496
15192,13458
15205,13695
15241,13739
15255,13663
15273,13557
15264,13754
15303,13834
15327,13616
15345,13623
15366,13771
15382,13872
15394,13752
15424,13626
15434,13816
15450,13900
15460,13747
15486,13690
15474,13811
15514,13965
15540,13805
15546,13758
15573,13965
15582,13976
15616,13853
15608,13780
15644,13853
15652,14006
15690,13860
15708,13817
15710,14028
15755,14142
15763,13936
15773,13917
15797,14079
15820,14172
15821,14073
15859,13965
15870,14034
15904,14245
15922,14069
15950,14010
15982,14174
15982,14297
16020,14141
16050,14060
16065,14236
16095,14356
16107,14168
16152,14074
16174,14235
16175,14384
16217,14243
16238,14171
16260,14415
16301,14437
16337,14352
16348,14251
16372,14382
16383,14518
71,14352
70,14335
96,14516
126,14662
180,14534
186,14453
207,14597
240,14662
285,14543
285,14438
292,14702
332,14757
361,14603
382,14551
394,14740
430,14808
472,14730
500,14630
508,14758
529,14873
575,14739
587,14661
612,14829
626,14931
674,14700
679,14737
701,14889
720,14996
761,14839
783,14776
797,14960
791,15053
845,14951
863,14825
857,15025
892,15116
940,14895
945,14904
968,15048
986,15142
1039,14937
1032,14924
1036,15159
1077,15199
1110,15024
1114,15020
1122,15182
1174,15285
1173,15181
1188,15036
1204,15209
1236,15234
1252,15181
1272,15126
1261,15283
1341,15375
1371,15232
1357,15139
1373,15341
1427,15260
1462,15300
1440,15355
1474,15352
1504,15297
1510,15347
1554,15400
1556,15410
1588,15353
1613,15428
1627,15476
1631,15471
1685,15453
1731,15488
1725,15550
1753,15549
1789,15518
1824,15557
1836,15646
1884,15620
1944,15601
1962,15670
1975,15734
1992,15746
2043,15701
2062,15756
2087,15835
2115,15809
2157,15805
2174,15877
2187,15953
2238,15928
2306,15893
2300,15958
2322,16038
2366,16028
2401,16019
2445,16081
2462,16154
2485,16169
2553,16133
2599,16189
2603,16268
2639,16269
2663,16261
2668,16321
2710,3
2744,16380
2756,16364
2799,27
2822,117
2879,106
2920,102
2918,172
2929,231
2984,211
3009,195
3021,267
3059,351
3078,334
3101,293
3118,358
3141,455
3185,442
3204,404
3212,479
3219,549
3277,542
3285,484
3296,557
3316,645
3367,622
3381,605
3399,660
3415,744
3432,718
3453,678
3477,781
3499,851
3538,811
3554,799
3552,872
3568,944
3610,888
3610,891
3626,981
3647,1047
3685,1018
3712,950
3699,1051
3740,1170
3773,1081
3799,1070
3791,1162
3802,1237
3849,1220
3859,1198
3861,1283
3909,1309
3924,1330
3933,1298
3926,1371
3988,1467
4008,1422
4038,1424
4045,1539
4075,1585
4101,1559
4115,1585
4141,1690
4165,1763
4215,1678
4213,1683
4245,1829
4281,1882
4296,1844
4330,1878
4339,1990
4382,2094
4402,2002
4422,2022
4448,2166
4479,2227
4502,2188
4534,2184
4571,2325
4600,2389
4626,2350
4653,2372
4652,2527
4707,2605
4737,2523
4774,2515
4781,2661
4811,2748
4875,2685
4889,2678
4885,2870
4921,2911
4942,2855
4971,2831
4980,2967
5016,3060
5046,2970
5057,2989
5076,3141
5106,3225
5132,3104
5156,3114
5172,3223
5184,3320
5242,3252
5213,3233
5256,3380
5285,3441
5319,3349
5317,3364
5359,3515
5369,3548
5381,3477
5404,3485
5434,3604
5445,3654
5451,3590
5485,3575
5510,3723
5512,3737
5528,3660
5561,3676
5591,3807
5603,3837
5614,3739
5635,3754
5641,3900
5689,3945
5692,3856
5701,3832
5714,3973
5752,4006
5742,3931
5762,3954
5800,4046
5810,4102
5832,4012
5836,4011
5864,4143
5883,4167
5890,4087
5910,4109
5936,4211
5973,4260
5956,4171
6008,4206
6008,4271
6036,4314
6040,4262
6060,4248
6089,4389
6114,4382
6144,4334
6144,4366
6178,4475
6200,4508
6208,4420
6236,4435
6280,4577
6290,4604
6306,4526
6342,4545
6397,4671
6391,4714
6396,4611
6436,4639
6445,4755
6506,4796
6514,4719
6551,4745
6566,4872
6573,4878
6604,4850
6638,4864
6684,4974
6650,4985
6695,4929
6745,4936
6766,5042
6786,5099
6818,5043
6842,5037
6872,5150
6898,5174
6922,5144
6944,5124
6960,5217
6994,5261
7009,5206
7054,5191
7064,5312
7084,5340
7114,5282
7149,5284
7153,5365
7184,5422
7201,5382
7208,5346
7259,5453
7267,5497
7293,5433
7310,5402
7349,5481
7357,5563
7371,5504
7391,5458
7417,5576
7433,5609
7445,5551
7485,5526
7492,5603
7503,5669
7498,5604
7550,5574
7556,5652
7578,5715
7596,5656
7614,5628
7640,5708
7655,5758
7672,5696
7695,5680
7715,5743
7721,5819
7725,5777
7750,5697
7779,5774
7789,5837
7807,5826
7814,5766
7852,5821
7844,5902
7886,5867
7896,5798
7924,5862
7946,5944
7948,5932
7981,5848
8020,5899
8023,5974
8030,5973
8053,5918
8079,5957
8095,6029
8107,6036
8138,5975
8184,6012
8190,6077
8212,6095
8214,6041
8245,6056
8270,6135
8309,6167
8321,6096
8357,6117
8385,6193
8405,6229
8412,6174
8492,6187
8502,6252
8524,6302
8547,6258
8578,6243
8605,6293
8608,6386
8642,6340
8689,6317
8707,6373
8749,6437
8765,6414
8820,6400
8826,6451
8860,6502
8874,6500
8910,6480
8958,6528
8966,6595
8990,6578
9037,6543
9073,6560
9072,6667
9103,6628
9151,6607
9171,6635
9167,6728
9198,6716
9232,6675
9248,6701
9268,6780
9276,6790
9333,6740
9377,6751
9386,6830
9403,6854
9444,6798
9474,6800
9492,6878
9492,6906
9531,6874
9548,6874
9576,6936
9574,6952
9605,6945
9637,6918
9679,6980
9671,7030
9700,7000
9714,6960
9744,7028
9758,7058
9802,7070
9817,7033
9853,7063
9849,7127
9884,7110
9903,7089
9933,7121
9959,7188
9962,7198
10004,7147
10028,7186
10012,7231
10033,7235
10059,7202
10107,7218
10102,7264
10121,7305
10164,7245
10185,7272
10210,7345
10211,7376
10240,7324
10288,7319
10284,7405
10307,7423
10341,7407
10378,7397
10388,7475
10405,7521
10438,7500
10480,7482
10492,7543
10504,7607
10531,7594
10603,7573
10620,7625
10643,7693
10670,7693
10700,7670
10736,7732
10762,7777
10794,7801
10823,7794
10866,7793
10881,7893
10900,7910
10957,7908
10994,7904
10999,7992
11053,8033
11063,8013
11126,8039
11146,8100
11148,8154
11183,8169
11258,8123
11265,8205
11266,8282
11316,8289
11372,8250
11375,8315
11412,8424
11443,8416
11483,8413
11491,8427
11525,8545
11565,8543
11599,8505
11618,8537
11608,8637
11654,8688
11680,8656
11725,8640
11743,8762
11762,8793
11798,8792
11817,8771
11808,8842
11848,8887
11899,8893
11921,8885
11939,8949
11957,9037
11988,9038
12016,8970
12002,9044
12046,9136
12068,9132
12090,9100
12100,9148
12105,9242
12157,9250
12165,9193
12177,9235
12202,9319
12220,9357
12267,9271
12256,9309
12283,9414
12293,9466
12350,9446
12346,9400
12339,9530
12378,9590
12385,9538
12429,9517
12423,9637
12440,9689
12456,9652
12484,9589
12481,9687
12516,9800
12541,9779
12545,9721
12567,9811
12589,9897
12636,9900
12655,9853
12666,9891
12686,10042
12716,10041
12743,9997
12753,10032
12751,10126
12804,10239
12832,10136
12840,10146
12852,10251
12885,10364
12918,10315
12927,10287
12957,10412
12997,10533
13028,10457
13045,10451
13074,10576
13103,10667
13134,10646
13153,10632
13167,10723
13221,10850
13255,10829
13262,10802
13282,10890
13292,11058
13347,11058
13364,10976
13395,11046
13419,11089
13447,11143
13467,11306
13491,11192
13513,11160
13553,11369
13585,11533
13612,11389
13624,11305
13662,11354
13662,11689
13692,11462
13726,11411
13746,11506
13750,11745
13773,11705
13817,11536
13847,11675
13861,11868
13861,11801
13884,11670
13892,11744
13930,11986
13966,11980
13970,11820
13982,11853
13998,12077
14014,12082
14038,11954
14076,11949
14077,12171
14117,12141
14133,11967
14157,12039
14157,12255
14186,12202
14196,12122
14232,12057
14238,12314
14251,12381
14258,12197
14289,12175
14318,12377
14322,12474
14336,12238
14354,12256
14372,12350
14394,12545
14418,12340
14427,12355
14461,12477
14461,12578
14473,12497
14515,12426
14513,12595
14555,12707
14559,12562
14565,12456
14580,12596
14602,12745
14620,12640
14641,12533
14669,12745
14686,12886
14704,12736
14737,12604
14754,12718
14779,12921
14817,12873
14821,12723
14847,12766
14877,13001
14903,12949
14915,12825
14922,12941
14949,13099
14991,13093
15011,12931
15032,13059
15046,13191
15070,13170
15072,13029
15134,13143
15157,13270
15167,13238
15231,13059
15246,13140
15250,13385
15295,13290
15339,13191
15337,13269
15365,13476
15424,13433
15442,13254
15450,13389
15472,13582
15506,13515
15534,13460
15558,13481
15578,13677
15610,13587
15639,13431
15649,13486
15686,13771
15719,13688
15764,13523
15750,13599
15768,13772
15819,13705
15830,13631
15846,13639
15861,13840
15893,13829
15936,13708
15932,13781
15960,13947
15986,13856
16010,13698
16034,13791
16046,13939
16076,13983
16100,13799
16094,13843
16098,14022
16142,14027
16164,13811
16182,13871
16193,14060
16229,14110
16264,13888
16249,13898
16258,14116
16280,14096
16312,13956
16341,13936
16333,14196
16359,14113
16377,14027
16382,14036
23,14242
55,14177
64,14039
78,13989
117,14254
138,14260
152,14056
154,14094
184,14340
200,14240
216,14108
243,14188
253,14372
280,14309
298,14122
294,14260
332,14392
360,14408
396,14218
400,14328
426,14460
456,14488
494,14272
505,14387
518,14524
559,14483
574,14351
593,14463
618,14569
661,14479
689,14408
685,14590
737,14646
765,14517
781,14427
814,14540
839,14693
879,14705
909,14559
940,14579
964,14858
1002,14744
1041,14591
1045,14804
1074,14897
1124,14799
1152,14708
1167,14761
1201,14935
1233,14854
1265,14747
1290,14838
1306,15021
1361,14900
1374,14809
1399,14923
1439,15091
1487,14945
1496,14910
1524,14986
1544,15148
1584,15012
1596,15080
1606,15116
1622,15076
1695,15076
1706,15144
1714,15165
1752,15133
1779,15129
1795,15226
1797,15235
1853,15203
1875,15205
1890,15276
1885,15300
1955,15245
1972,15262
1982,15332
1992,15352
2012,15325
2056,15316
2083,15398
2097,15411
2135,15365
2165,15376
2153,15452
2161,15475
2189,15443
2229,15439
2228,15515
2262,15532
2292,15484
2302,15481
2302,15564
2348,15573
2360,15541
2412,15544
2423,15616
2431,15640
2489,15589
2495,15646
2512,15693
2512,15688
2569,15656
2574,15658
2569,15742
2584,15768
2634,15723
2652,15769
2676,15823
2710,15847
2732,15816
2770,15845
2780,15916
2795,15925
2859,15878
2865,15937
2891,16000
2935,15989
2948,15980
2979,16021
3002,16099
3036,16096
3062,16072
3099,16138
3100,16214
3148,16219
3183,16183
3213,16264
3239,16312
3257,16329
3313,16307
3316,16361
3347,72
3413,81
3452,42
3454,98
3482,194
3534,204
3568,167
3589,244
3594,350
3640,339
3673,309
3709,370
3710,479
3758,450
3793,467
3835,493
3845,607
3876,629
3913,581
3925,651
3944,741
3995,745
4021,712
4032,773
4030,882
4086,859
4106,818
4118,901
4127,1004
4176,978
4177,947
4199,1007
4210,1104
4255,1128
4275,1069
4295,1166
4317,1243
4339,1226
4359,1165
4377,1239
4398,1374
4413,1323
4445,1271
4444,1360
4490,1476
4496,1426
4513,1364
4524,1465
4546,1548
4581,1536
4582,1478
4592,1566
4629,1656
4640,1622
4643,1615
4686,1646
4688,1785
4735,1700
4745,1693
4763,1805
4777,1889
4795,1856
4805,1803
4821,1905
4849,1991
4873,1939
4902,1915
4901,1992
4908,2111
4940,2046
4969,2020
4990,2126
5006,2238
5024,2190
5052,2148
5072,2268
5108,2378
5118,2480
5157,2471
5144,2362
5184,2331
5232,2605
5239,2568
5271,2441
5285,2503
5311,2700
5341,2751
5365,2617
5387,2643
5422,2859
5427,2923
5453,2831
5487,2845
5520,3110
5537,3093
5563,2962
5566,3009
5629,3200
5638,3312
5674,3122
5707,3135
5738,3333
5742,3374
5778,3242
5792,3262
5823,3567
5837,3522
5849,3393
5873,3511
5913,3676
5938,3641
5960,3510
5985,3584
6003,3783
6045,3808
6049,3680
6055,3700
6098,3965
6115,3937
6133,3749
6153,3771
6169,4021
6201,4053
6207,3817
6245,3940
6260,4072
6259,4110
6281,3965
6304,3905
6323,4144
6349,4167
6363,4016
6389,4088
6399,4219
6411,4349
6445,4106
6457,4140
6476,4323
6507,4345
6525,4176
6528,4252
6535,4434
6585,4402
6595,4229
6627,4249
6621,4497
6641,4499
6663,4322
6673,4361
6671,4600
6703,4561
6699,4403
6725,4454
6733,4643
6777,4643
6811,4487
6813,4507
6818,4744
6836,4707
6867,4512
6889,4585
6889,4768
6907,4795
6939,4586
6969,4617
6973,4859
7006,4809
7026,4672
7050,4746
7070,4938
7086,4938
7110,4800
7118,4774
7154,5020
7174,5024
7202,4817
7232,4882
7253,5071
7278,5149
7288,4979
7338,4948
7349,5137
7385,5247
7395,5121
7423,5002
7447,5191
7497,5328
7537,5116
7539,5138
7535,5361
7597,5381
7620,5237
7660,5217
7651,5470
7678,5486
7730,5365
7748,5298
7775,5477
7808,5584
7848,5402
7854,5365
7875,5480
7904,5645
7940,5417
7953,5442
7991,5598
7997,5695
8035,5605
8073,5531
8083,5702
8108,5818
8120,5688
8159,5568
8178,5695
8192,5925
8226,5712
8242,5647
8269,5731
8283,5917
8297,5739
8349,5696
8335,5780
8371,5956
8390,5919
8418,5712
8418,5860
8429,6001
8451,5992
8489,5809
8486,5907
8509,6042
8557,6029
8568,5888
8583,5906
8608,6052
8622,6047
8670,5898
8674,5950
8670,6141
8713,6137
8735,5923
8750,5987
8736,6175
8772,6203
8809,5982
8808,5959
8828,6160
8858,6240
8879,6041
8900,6061
8915,6157
8943,6266
8974,6267
8973,6079
9009,6205
9018,6334
9062,6224
9072,6104
9065,6228
9098,6374
9131,6303
9146,6203
9167,6337
9201,6433
9225,6343
9257,6245
9281,6393
9318,6537
9338,6490
9363,6326
9388,6386
9430,6562
9463,6513
9499,6325
9509,6419
9545,6536
9583,6603
9623,6444
9636,6459
9657,6683
9676,6734
9723,6557
9751,6555
9761,6718
9817,6834
9849,6632
9856,6588
9913,6669
9930,6760
9978,6750
10026,6842
10014,6864
10070,6835
10113,6816
10127,6904
10125,6924
10191,6902
10235,6891
10223,6961
10235,6997
10260,6987
10314,6972
10350,7022
10324,7072
10379,7055
10415,7033
10445,7082
10454,7132
10471,7141
10522,7111
10571,7129
10546,7212
10583,7214
10622,7146
10648,7198
10643,7253
10685,7273
10710,7246
10751,7243
10741,7321
10744,7329
10788,7290
10830,7312
10815,7379
10845,7417
10891,7355
10912,7356
10939,7430
10942,7468
10988,7441
11008,7418
11018,7501
11036,7530
11078,7507
11091,7503
11096,7534
11109,7585
11122,7593
11154,7555
11158,7606
11186,7645
11216,7650
11259,7617
11269,7649
11269,7721
11315,7738
11345,7697
11370,7703
11384,7784
11409,7821
11412,7792
11432,7777
11464,7863
11484,7873
11527,7870
11563,7865
11553,7930
11598,7989
11627,7993
11658,7950
11674,8049
11697,8101
11760,8062
11807,8087
11797,8131
11814,8221
11863,8218
11908,8198
11920,8224
11931,8287
11972,8358
11999,8335
12018,8361
12056,8434
12097,8492
12122,8464
12158,8483
12172,8553
12205,8667
12249,8644
12265,8620
12288,8695
12313,8794
12351,8789
12384,8758
12403,8841
12437,8950
12477,8959
12513,8917
12536,8976
12528,9064
12580,9103
12608,9058
12616,9108
12651,9197
12671,9247
12713,9211
12703,9232
12740,9343
12782,9394
12808,9368
12823,9394
12820,9412
12860,9537
12893,9508
12911,9497
12924,9547
12937,9644
12966,9641
12976,9594
12990,9668
13031,9787
13026,9792
13059,9722
13086,9771
13096,9883
13118,9904
13134,9815
13136,9860
13175,9992
13203,10021
13229,9936
13246,9962
13252,10104
13284,10104
13290,10067
13318,10056
13306,10192
13351,10241
13356,10185
13379,10153
13379,10267
13428,10386
13434,10294
13426,10284
13450,10366
13477,10459
13499,10441
13524,10371
13531,10441
13568,10569
13600,10582
13596,10520
13608,10598
13641,10670
13669,10724
13667,10637
13701,10704
13726,10848
13744,10841
13764,10803
13783,10809
13810,10960
13836,11012
13854,10953
13877,10935
13913,11094
13917,11167
13935,11127
13980,11055
14000,11228
14018,11340
14056,11265
14082,11256
14117,11382
14121,11467
14155,11445
14185,11394
14193,11543
14235,11636
14276,11608
14264,11586
14296,11650
14336,11793
14354,11749
14388,11723
14412,11791
14440,11910
14461,11934
14501,11857
14513,11927
14553,12051
14577,12081
14579,12007
14604,11991
14632,12152
14632,12160
14660,12112
14710,12115
14714,12262
14732,12283
14727,12213
14769,12229
14802,12363
14802,12375
14826,12334
14847,12291
14873,12427
14889,12477
14903,12417
14938,12388
14927,12519
14959,12589
14984,12500
14997,12477
15027,12569
15032,12657
15066,12589
15072,12552
15112,12654
15107,12754
15107,12675
15140,12651
15163,12727
15195,12783
15203,12758
15227,12705
15251,12798
15259,12885
15273,12829
15301,12775
15317,12853
15333,12949
15332,12872
15370,12847
15377,12916
15394,12987
15416,12947
15425,12897
15468,12988
15456,13074
15486,13036
15523,12956
15546,13025
15566,13110
15560,13102
15587,13020
15621,13091
15635,13207
15667,13157
15675,13102
15711,13151
15719,13254
15741,13237
15764,13186
15799,13255
15817,13356
15831,13352
15837,13274
15909,13352
15911,13431
15940,13426
15968,13361
16016,13416
16020,13520
16043,13498
16076,13457
16122,13488
16130,13592
16148,13588
16200,13530
16224,13592
16252,13669
16270,13672
16296,13619
16337,13685
16336,13761
16360,13751
3,13701
50,13737
76,13842
93,13814
118,13793
170,13844
176,13917
214,13911
216,13855
260,13898
283,13964
317,13971
327,13923
366,13959
384,14042
388,14030
439,13989
462,14034
458,14098
484,14110
508,14037
536,14083
579,14168
577,14170
619,14100
630,14154
657,14221
658,14186
702,14143
740,14166
749,14259
755,14249
788,14197
818,14244
819,14313
828,14313
849,14239
871,14267
893,14355
907,14348
933,14295
967,14332
975,14414
981,14367
1015,14340
1056,14361
1054,14435
1085,14439
1114,14383
1126,14411
1136,14490
1132,14488
1180,14407
1214,14451
1211,14537
1210,14520
1263,14466
1272,14520
1306,14582
1314,14576
1350,14499
1401,14544
1391,14633
1395,14611
1447,14556
1477,14591
1511,14697
1494,14660
1555,14629
1578,14656
1585,14732
1633,14718
1655,14674
1695,14735
1688,14782
1696,14790
1760,14766
1777,14799
1802,14864
1821,14857
1884,14822
1925,14891
1927,14935
1967,14925
2006,14886
2039,14947
2049,15013
2095,15003
2155,14971
2165,15047
2194,15090
2221,15085
2274,15041
2280,15113
2286,15166
2314,15145
2360,15122
2395,15191
2437,15272
2461,15234
2520,15228
2543,15279
2552,15316
2579,15310
2613,15295
2649,15337
2647,15404
2679,15354
2722,15352
2752,15423
2755,15480
2781,15425
2816,15430
2847,15511
2835,15533
2872,15501
2929,15485
2942,15564
2941,15587
2983,15569
3007,15560
3022,15637
3042,15670
3068,15647
3104,15640
3116,15705
3120,15764
3160,15693
3195,15702
3188,15782
3190,15819
3230,15770
3269,15789
3274,15826
3289,15880
3325,15831
3357,15828
3384,15898
3385,15905
3423,15882
3452,15887
3461,15980
3472,16006
3513,15961
3518,15953
3524,16029
3562,16058
3596,16027
3592,16023
3613,16122
3629,16146
3668,16113
3692,16094
3718,16176
3732,16227
3757,16209
3761,16186
3806,16260
3845,16301
3869,16277
3900,16291
3901,16370
3929,28
3964,5
3993,16371
3989,115
4041,146
4058,120
4095,119
4095,227
4129,236
4168,246
4203,265
4220,331
4234,401
4296,372
4321,385
4337,460
4350,538
4399,525
4412,516
4424,606
4476,685
4525,656
4523,682
4560,767
4579,821
4629,813
4631,825
4672,950
4700,1003
4741,1008
4783,991
4787,1119
4799,1188
4836,1109
4866,1131
4885,1248
4912,1338
4956,1296
4952,1304
4985,1399
5005,1462
5040,1401
5054,1416
5072,1538
5092,1617
5126,1558
5131,1507
5159,1662
5175,1741
5193,1657
5230,1665
5247,1756
5264,1853
5289,1808
5300,1819
5303,1923
5327,1971
5351,1945
5377,1902
5405,2033
5423,2104
5432,2028
5456,2038
5460,2149
5492,2206
5501,2134
5524,2090
5534,2262
5546,2353
5569,2244
5583,2365
5613,2155
5635,2332
5644,2550
5680,2455
5695,2268
5689,2405
5701,2615
5725,2538
5744,2357
5773,2497
5773,2703
5799,2720
5825,2524
5843,2633
5867,2831
5877,2735
5901,2583
5928,2727
5950,2964
5956,2929
5970,2760
6008,2844
6016,3006
6044,3004
6059,2923
6098,2990
6126,3182
6144,3124
6156,3026
6186,3189
6202,3332
6232,3314
6248,3199
6280,3323
6296,3478
6334,3444
6372,3375
6374,3495
6404,3662
6434,3617
6452,3526
6484,3627
6516,3762
6550,3710
6561,3692
6596,3726
6620,3982
6630,3898
6666,3738
6694,3892
6714,4032
6753,4082
6764,3938
6792,4104
6808,4212
6842,4234
6882,4031
6878,4087
6909,4327
6921,4267
6957,4101
6965,4238
6985,4388
7017,4433
7037,4191
7037,4267
7085,4475
7115,4481
7113,4317
7139,4398
7145,4551
7165,4555
7187,4398
7199,4506
7223,4675
7259,4635
7267,4455
7303,4537
7301,4697
7328,4707
7350,4589
7360,4543
7400,4802
7410,4828
7436,4592
7448,4624
7470,4810
7480,4892
7519,4721
7516,4664
7541,4937
7533,4948
7561,4747
7573,4760
7599,5015
7625,4994
7647,4862
7665,4810
7679,4983
7683,5079
7715,4896
7737,4857
7744,5082
7760,5116
7812,5018
7814,4962
7846,5099
7852,5199
7906,5015
7898,4937
7904,5114
7933,5250
7964,5100
7984,5072
7995,5275
8031,5341
8062,5099
8080,5116
8087,5332
8129,5407
8167,5279
8197,5223
8205,5393
8243,5482
8268,5350
8297,5275
8316,5372
8330,5589
8378,5486
8422,5390
8416,5530
8441,5673
8495,5567
8513,5437
8531,5501
8564,5749
8603,5704
8635,5524
8672,5600
8672,5833
8714,5810
8766,5589
8766,5658
8792,5892
8829,5850
8874,5707
8871,5705
8900,5934
8971,5910
8961,5809
9005,5817
9017,5993
9060,6026
9088,5854
9114,5856
9122,6092
9165,6110
9192,5928
9223,5911
9237,6045
9251,6147
9288,5936
9303,5921
9318,6084
9336,6217
9388,6026
9404,5994
9393,6235
9427,6277
9465,6067
9477,6062
9500,6236
9514,6308
9552,6197
9582,6118
9592,6216
9606,6373
9640,6218
9661,6161
9681,6265
9697,6409
9722,6310
9734,6189
9749,6217
9756,6412
9798,6286
9817,6254
9829,6297
9816,6496
9877,6480
9915,6293
9900,6293
9933,6521
9989,6462
10012,6362
10000,6337
10009,6553
10050,6588
10087,6329
10094,6326
10124,6564
10148,6652
10177,6448
10175,6398
10183,6539
10238,6656
10280,6626
10284,6482
10308,6694
10348,6756
10377,6655
10416,6560
10427,6739
10449,6838
10509,6677
10519,6585
10538,6677
10574,6907
10604,6830
10638,6697
10641,6781
10674,7002
10727,6916
10762,6763
10776,6931
10787,7044
10863,6933
10877,6858
10908,6914
10936,7128
11001,7138
11018,7037
11029,7055
11069,7166
11111,7234
11144,7075
11176,7010
11159,7252
11184,7322
11225,7203
11265,7123
11273,7231
11309,7384
11352,7257
11369,7317
11388,7366
11456,7330
11464,7330
11486,7360
11497,7419
11535,7438
11560,7399
11577,7464
11602,7507
11626,7514
11658,7491
11669,7514
11666,7571
11697,7595
11742,7536
11770,7586
11774,7621
11794,7678
11835,7628
11847,7633
11865,7696
11875,7734
11916,7702
11952,7690
11958,7762
11980,7808
11998,7789
12036,7767
12036,7825
12043,7880
12069,7863
12094,7842
12114,7884
12122,7959
12156,7945
12175,7928
12196,7949
12193,8024
12222,8011
12255,7979
12282,8024
12298,8091
12298,8095
12343,8068
12364,8100
12347,8152
12391,8198
12404,8142
12436,8138
12450,8240
12460,8272
12496,8253
12521,8247
12535,8320
12549,8385
12568,8381
12604,8329
12642,8390
12650,8511
12684,8504
12729,8475
12741,8524
12761,8585
12805,8648
12836,8616
12866,8652
12870,8727
12886,8774
12931,8755
12939,8778
12969,8874
13009,8925
13052,8935
13064,8929
13064,9018
13126,9100
13161,9084
13191,9063
13187,9177
13225,9257
13271,9261
13290,9243
13312,9288
13330,9448
13372,9450
13402,9392
13417,9459
13436,9586
13473,9623
13507,9587
13510,9614
13552,9747
13552,9790
13588,9743
13612,9790
13647,9899
13667,9951
13677,9903
13703,9903
13726,10012
13741,10093
13776,10036
13777,10043
13828,10112
13833,10219
13847,10196
13894,10196
13889,10263
13920,10347
13926,10343
13950,10294
13948,10330
13994,10464
14012,10437
14013,10404
14029,10437
14065,10565
14071,10589
14097,10511
14101,10553
14134,10650
14136,10699
14183,10628
14178,10605
14198,10789
14211,10825
14219,10741
14229,10748
14269,10858
14287,10941
14293,10846
14310,10852
14318,10981
14344,11018
14356,10949
14380,10934
14395,11044
14433,11131
14435,11093
14445,11065
14479,11149
14495,11263
14503,11213
14538,11185
14568,11279
14566,11360
14586,11345
14614,11295
14642,11374
14652,11500
14674,11460
14698,11425
14729,11511
14747,11637
14749,11581
14779,11517
14805,11609
14841,11764
14848,11754
14875,11706
14907,11729
14934,11899
14940,11916
14994,11872
15021,11866
15027,11993
15049,12057
15081,12020
15117,11964
15141,12154
15165,12187
15169,12127
15209,12133
15221,12257
15244,12310
15268,12246
15308,12233
15348,12377
15378,12449
15390,12370
15405,12337
15447,12470
15440,12593
15477,12503
15521,12457
15519,12609
15551,12665
15561,12612
15597,12579
15621,12666
15633,12738
15637,12691
15686,12651
15710,12741
15730,12815
15738,12774
15762,12724
15790,12828
15809,12893
15823,12842
15843,12777
15882,12867
15866,12972
15883,12941
15915,12896
15935,12963
15965,13057
15980,13013
15989,12944
16011,13007
16025,13099
16025,13088
16053,13018
16091,13091
16106,13164
16122,13128
16149,13092
16181,13141
16185,13237
16195,13211
16204,13155
16236,13205
16266,13284
16266,13258
16312,13198
16322,13250
16338,13325
16327,13324
16364,13264
0,13268
16,13393
24,13380
50,13325
92,13370
115,13449
122,13452
130,13396
168,13432
189,13524
193,13513
239,13467
271,13484
290,13574
290,13586
329,13538
395,13546
389,13661
404,13666
446,13608
491,13630
482,13727
497,13742
539,13678
573,13712
623,13796
626,13811
657,13745
695,13777
714,13859
747,13893
777,13833
815,13876
854,13944
860,13962
892,13916
944,13917
966,14044
959,14037
1009,13977
1044,14029
1062,14110
1097,14104
1132,14061
1168,14090
1213,14190
1233,14167
1255,14118
1304,14173
1301,14226
1335,14225
1347,14203
1397,14225
1426,14302
1425,14311
1456,14268
1525,14293
1519,14373
1522,14368
1569,14296
1589,14354
1610,14433
1616,14414
1658,14372
1718,14410
1717,14483
1702,14473
1763,14407
1812,14457
1810,14530
1822,14519
1851,14456
1874,14515
1877,14558
1871,14575
1909,14499
1975,14556
1961,14631
1988,14602
2030,14539
2041,14599
2067,14669
2055,14640
2107,14595
2136,14652
2128,14708
2146,14690
2204,14637
2226,14700
2220,14754
2218,14707
2244,14672
2287,14728
2283,14811
2300,14765
2347,14728
2367,14799
2387,14824
2418,14812
2454,14782
2485,14839
2487,14913
2521,14867
2547,14855
2586,14894
2582,14932
2627,14919
2652,14886
2665,14971
2660,15017
2709,14979
2754,14979
2776,15038
2772,15096
2802,15062
2864,15041
2878,15104
2898,15150
2949,15115
2985,15137
3007,15191
3021,15228
3079,15205
3131,15217
3142,15272
3162,15318
3180,15296
3226,15284
3253,15348
3262,15384
3298,15353
3340,15359
3375,15452
3397,15484
3442,15465
3464,15495
3505,15527
3529,15579
3559,15542
3593,15541
3614,15622
3639,15653
3660,15648
3689,15611
3722,15695
3716,15754
3773,15713
3792,15694
3804,15794
3806,15822
3852,15812
3874,15792
3884,15860
3920,15920
3944,15897
3976,15854
3976,15941
4016,16001
4049,15934
4052,15936
4059,16009
4102,16054
4124,16048
4148,16014
4162,16080
4186,16129
4176,16103
4213,16073
4225,16143
4232,16221
4271,16171
4287,16163
4319,16206
4341,16287
4349,16253
4393,16221
4401,16275
4399,16347
4445,16325
4474,16265
4479,3
4487,37
4504,41
4536,16380
4541,38
4543,129
4587,105
4613,55
4629,147
4627,204
4672,174
4682,182
4702,248
4736,299
4760,290
4774,246
4796,337
4796,422
4858,383
4855,350
4883,437
4932,558
4936,527
4966,510
4968,564
5000,642
5038,660
5058,642
5074,727
5108,814
5149,812
5168,772
5197,833
5208,957
5247,955
5277,927
5309,1008
5309,1121
5352,1115
5399,1079
5405,1171
5441,1289
5457,1279
5486,1251
5522,1365
5554,1472
5546,1471
5602,1443
5624,1514
5634,1600
5684,1615
5696,1618
5718,1658
5744,1815
5772,1822
5782,1762
5831,1854
5854,1950
5856,1953
5894,1915
5892,2019
5932,2142
5958,2140
5976,2048
5990,2156
6014,2252
6032,2250
6054,2213
6070,2256
6097,2404
6121,2385
6136,2301
6152,2376
6177,2492
6182,2500
6226,2425
6224,2504
6234,2615
6290,2627
6296,2561
6295,2612
6336,2740
6345,2723
6361,2654
6380,2730
6389,2881
6383,2809
6430,2948
6452,2902
6437,2733
6471,2939
6497,3010
6511,2846
6527,2894
6550,3061
6568,3137
6585,2967
6601,2896
6611,3123
6620,3249
6650,3138
6661,3070
6661,3221
6705,3343
6719,3168
6725,3219
6760,3311
6764,3480
6793,3376
6808,3311
6834,3484
6855,3594
6873,3444
6909,3393
6917,3524
6957,3679
6987,3550
6987,3549
7001,3679
7031,3803
7070,3678
7079,3639
7111,3789
7129,3947
7157,3698
7185,3754
7211,3938
7213,4103
7247,3949
7271,3881
7301,4055
7331,4193
7348,4086
7373,4013
7413,4143
7420,4317
7475,4181
7501,4127
7500,4364
7524,4429
7570,4367
7592,4244
7614,4366
7632,4557
7640,4472
7686,4357
7712,4468
7727,4658
7763,4600
7796,4472
7822,4560
7807,4774
7870,4695
7881,4534
7895,4628
7925,4807
7952,4809
7986,4615
7986,4678
8006,4879
8036,4774
8078,4702
8074,4804
8062,4946
8098,4961
8134,4754
8158,4838
8178,4995
8192,4991
8227,4847
8218,4906
8227,5086
8285,5017
8319,4930
8325,4952
8312,5141
8340,5136
8390,4963
8384,5012
8410,5148
8420,5151
8479,5082
8462,5068
8488,5222
8499,5247
8525,5106
8534,5107
8525,5225
8580,5327
8612,5204
8618,5120
8636,5282
8663,5383
8684,5227
8706,5194
8709,5272
8751,5451
8774,5305
8777,5245
8797,5440
8811,5510
8855,5349
8866,5299
8883,5495
8922,5583
8952,5489
8988,5364
8980,5484
9026,5657
9061,5473
9082,5466
9109,5540
9127,5727
9180,5611
9196,5516
9223,5639
9236,5755
9288,5676
9310,5622
9346,5679
9344,5900
9382,5849
9424,5675
9455,5732
9476,5888
9519,5939
9549,5768
9570,5741
9605,5930
9640,5970
9701,5832
9712,5864
9734,6028
9766,6116
9817,5912
9830,5898
9847,6108
9900,6120
9912,6042
9956,5976
9960,6163
10006,6256
10050,6118
10083,6026
10069,6223
10119,6304
10165,6259
10198,6084
10219,6257
10238,6363
10268,6304
10302,6152
10289,6251
10328,6400
10349,6323
10380,6234
10381,6287
10401,6473
10453,6405
10469,6221
10503,6393
10520,6523
10540,6486
10600,6319
10589,6382
10608,6538
10637,6515
10682,6353
10677,6385
10685,6620
10729,6575
10759,6381
10753,6420
10757,6696
10803,6643
10824,6443
10824,6445
10836,6612
10881,6763
10909,6547
10923,6483
10925,6587
10966,6748
11015,6629
11018,6547
11028,6727
11039,6819
11071,6777
11079,6601
11101,6717
11118,6864
11163,6789
11182,6648
11185,6688
11228,6870
11259,6705
11268,6815
11287,6863
11318,6860
11355,6821
11365,6871
11386,6932
11416,6908
11457,6870
11518,6920
11500,6990
11513,6989
11561,6953
11593,7009
11603,7077
11655,7075
11660,7032
11680,7049
11726,7137
11740,7172
11771,7116
11819,7148
11834,7216
11869,7255
11894,7213
11929,7212
11956,7293
11986,7333
12012,7346
12048,7331
12045,7375
12095,7429
12123,7415
12157,7409
12175,7453
12184,7504
12242,7519
12248,7498
12292,7520
12308,7599
12330,7642
12375,7622
12399,7632
12408,7690
12428,7728
12448,7692
12492,7711
12506,7762
12529,7801
12566,7790
12585,7769
12575,7844
12622,7904
12634,7862
12652,7862
12678,7906
12699,7949
12736,7957
12759,7925
12776,7990
12787,8044
12804,8041
12828,7994
12840,8053
12878,8129
12881,8123
12921,8114
12925,8117
12937,8190
12972,8227
12984,8191
13004,8184
13024,8246
13015,8270
13059,8265
13073,8257
13087,8329
13092,8369
13130,8351
13158,8354
13165,8404
13169,8458
13205,8443
13229,8411
13245,8467
13255,8548
13284,8530
13288,8492
13319,8550
13330,8632
13341,8645
13375,8613
13387,8646
13409,8721
13438,8757
13466,8735
13470,8756
13498,8851
13503,8877
13546,8852
13579,8862
13591,8962
13621,9013
13649,8989
13671,8987
13685,9085
13720,9148
13724,9135
13752,9151
13772,9212
13816,9312
13827,9324
13850,9292
13887,9341
13909,9501
13945,9475
13951,9453
13978,9481
14016,9636
14032,9676
14046,9621
14086,9687
14118,9802
14138,9819
14165,9754
14182,9820
14219,9997
14241,10038
14264,9954
14279,10026
14305,10169
14347,10199
14381,10118
14389,10186
14408,10330
14442,10380
14456,10314
14482,10326
14492,10464
14524,10563
14533,10481
14563,10483
14585,10605
14619,10689
14645,10637
14662,10621
14661,10733
14716,10808
14718,10793
14743,10748
14754,10832
14772,10961
14790,10866
14804,10860
14817,10946
14847,11027
14845,11029
14869,10957
14901,11031
14925,11142
14940,11162
14956,11061
14970,11168
14994,11241
15007,11283
15026,11189
15042,11206
15059,11381
15073,11345
15089,11265
15115,11288
15129,11435
15130,11469
15161,11365
15175,11407
15179,11538
15190,11593
15204,11466
15232,11468
15252,11633
15288,11658
15297,11591
15320,11566
15340,11692
15346,11730
15351,11682
15389,11647
15401,11811
15423,11893
15437,11827
15465,11771
15499,11877
15502,11988
15514,11897
15528,11881
15572,11980
15600,12089
15610,12039
15638,11980
15670,12112
15690,12218
15700,12164
15729,12118
15753,12222
15776,12283
15811,12266
15817,12234
15869,12320
15904,12426
15911,12391
15931,12345
15970,12429
15983,12549
15981,12514
16019,12475
16064,12522
16084,12652
16110,12639
16152,12585
16176,12652
16208,12765
16228,12755
16262,12670
16300,12769
16303,12868
16310,12838
16354,12812
0,12865
32,12972
53,12981
65,12896
88,12954
125,13059
122,13040
173,12981
180,13000
196,13110
226,13105
250,13054
279,13116
309,13210
324,13174
349,13116
385,13138
380,13262
384,13260
415,13222
445,13231
461,13315
469,13305
502,13252
526,13277
533,13376
547,13374
571,13322
617,13340
634,13437
647,13430
654,13369
712,13381
719,13489
719,13489
756,13409
778,13454
795,13554
801,13564
836,13493
845,13495
863,13590
862,13590
897,13540
933,13561
941,13662
943,13655
989,13585
1023,13607
1035,13681
1047,13711
1087,13629
1115,13647
1126,13762
1147,13784
1158,13709
1207,13736
1213,13831
1242,13837
1264,13762
1299,13783
1319,13864
1341,13883
1365,13821
1401,13849
1423,13937
1446,13946
1477,13889
1531,13930
1544,14006
1568,14012
1608,13978
1663,13993
1672,14074
1704,14093
1730,14030
1780,14072
1812,14180
1829,14152
1845,14090
1885,14155
1910,14232
1921,14231
1981,14197
2029,14218
2047,14320
2066,14305
2103,14241
2157,14293
2175,14376
2180,14392
2252,14320
2291,14359
2286,14448
2296,14452
2362,14383
2374,14461
2410,14527
2420,14508
2488,14468
2498,14501
2511,14582
2532,14574
2574,14525
2609,14565
2621,14649
2641,14623
2687,14579
2731,14626
2731,14689
2739,14701
2797,14628
2806,14671
2811,14757
2833,14742
2869,14693
2889,14730
2902,14805
2905,14767
2954,14730
2986,14780
2983,14836
2990,14841
3036,14770
3045,14804
3072,14874
3087,14867
3123,14812
3152,14871
3154,14922
3176,14924
3188,14878
3213,14923
3215,14977
3252,14968
3270,14905
3281,14957
3301,15013
3337,15018
3363,14961
3382,15004
3391,15065
3428,15036
3439,15017
3475,15053
3487,15121
3513,15105
3519,15069
3571,15107
3556,15180
3597,15155
3638,15143
3651,15174
3664,15232
3685,15226
3718,15214
3758,15270
3770,15315
3804,15295
3822,15275
3873,15329
3877,15395
3884,15369
3938,15352
3954,15400
3974,15477
4012,15442
4030,15438
4078,15478
4096,15574
4124,15542
4144,15528
4142,15566
4186,15628
4212,15641
4244,15617
4278,15677
4303,15727
4312,15717
4365,15707
4413,15780
4421,15839
4441,15815
4485,15801
4509,15872
4523,15943
4537,15940
4575,15897
4607,15949
4634,16046
4655,16027
4693,15999
4717,16059
4713,16135
4742,16120
4762,16116
4801,16158
4801,16200
4829,16216
4870,16198
4876,16230
4908,16278
4920,16288
4942,16275
4958,16307
4994,16376
5006,3
5024,16375
5034,16372
5052,79
5084,76
5114,68
5104,98
5126,168
5172,164
5181,124
5183,177
5203,250
5216,244
5248,207
5261,267
5299,341
5317,348
5331,295
5345,350
5357,445
5385,417
5408,382
5417,408
5431,503
5469,520
5459,463
5492,515
5493,582
5512,624
5546,558
5558,581
5598,695
5598,722
5612,648
5636,720
5646,828
5680,847
5706,763
5727,821
5767,966
5782,932
5774,934
5794,949
5838,1052
5850,1124
5872,1045
5897,1107
5921,1231
5954,1238
5971,1200
5986,1221
6028,1394
6061,1435
6067,1339
6091,1389
6101,1535
6145,1599
6157,1511
6195,1590
6217,1694
6245,1768
6277,1704
6290,1765
6335,1904
6347,1914
6383,1883
6406,1925
6409,2094
6449,2117
6479,2040
6490,2088
6528,2248
6535,2323
6575,2244
6602,2250
6617,2422
6637,2468
6679,2409
6693,2422
6743,2589
6745,2643
6765,2575
6793,2577
6817,2723
6829,2793
6849,2714
6874,2702
6901,2845
6909,2915
6947,2830
6961,2812
6976,2991
6986,3055
7017,2960
7031,2979
7059,3093
7073,3141
7089,3050
7123,3075
7133,3215
7139,3259
7155,3185
7191,3129
7179,3309
7207,3347
7223,3265
7238,3258
7276,3377
7283,3467
7293,3397
7298,3341
7341,3467
7355,3542
7368,3462
7400,3417
7399,3542
7420,3629
7438,3548
7462,3518
7488,3626
7494,3734
7527,3652
7528,3609
7556,3710
7585,3804
7582,3757
7596,3706
7628,3796
7640,3912
7668,3856
7707,3816
7720,3903
7737,4005
7743,3933
7775,3900
7801,4007
7819,4105
7834,4071
7864,4009
7903,4083
7913,4207
7925,4181
7956,4149
7999,4197
8003,4289
8043,4260
8050,4208
8098,4316
8108,4396
8142,4428
8185,4363
8210,4403
8215,4507
8236,4519
8255,4433
8309,4489
8325,4625
8345,4627
8375,4571
8417,4607
8440,4710
8449,4749
8489,4661
8512,4664
8549,4815
8574,4842
8594,4781
8632,4781
8654,4904
8673,4919
8693,4873
8735,4877
8773,4973
8788,5039
8809,4971
8848,4948
8887,5063
8888,5126
8893,5050
8926,5010
8958,5122
8973,5187
8984,5120
9043,5103
9032,5173
9047,5257
9075,5192
9113,5136
9138,5197
9161,5305
9180,5262
9193,5206
9218,5280
9238,5379
9250,5327
9284,5274
9316,5335
9319,5405
9319,5392
9350,5314
9401,5375
9377,5459
9391,5421
9455,5369
9480,5435
9500,5514
9499,5496
9520,5431
9564,5465
9588,5566
9584,5557
9603,5499
9659,5484
9675,5598
9660,5609
9690,5530
9721,5551
9752,5646
9742,5653
9783,5603
9801,5580
9854,5682
9864,5714
9891,5665
9922,5662
9963,5735
9971,5772
9978,5734
10031,5709
10045,5779
10067,5852
10088,5820
10140,5775
10160,5850
10175,5935
10215,5899
10251,5837
10283,5916
10298,6001
10305,5947
10372,5909
10384,5954
10407,6060
10433,6032
10486,5980
10530,6043
10545,6126
10580,6089
10608,6064
10652,6120
10691,6209
10685,6185
10737,6150
10771,6185
10813,6268
10814,6266
10854,6228
10880,6234
10914,6323
10958,6343
10971,6309
11026,6314
11045,6402
11062,6418
11110,6385
11149,6370
11183,6461
11192,6484
11204,6459
11268,6436
11284,6512
11292,6548
11314,6524
11337,6513
11385,6557
11390,6615
11400,6610
11462,6562
11469,6606
11480,6662
11501,6663
11547,6598
11565,6642
11570,6719
11597,6723
11647,6645
11662,6692
11654,6775
11672,6753
11717,6708
11736,6749
11762,6801
11733,6815
11775,6773
11804,6803
11812,6846
11818,6868
11872,6822
11879,6819
11916,6883
11903,6923
11964,6868
11977,6865
11996,6919
12006,6956
12026,6926
12048,6922
12071,6977
12059,6999
12102,7011
12142,6965
12135,7018
12158,7069
12168,7072
12220,7033
12224,7066
12260,7124
12247,7140
12288,7112
12315,7138
12344,7211
12357,7211
12389,7174
12418,7175
12434,7254
12448,7267
12486,7258
12510,7257
12543,7338
12578,7380
12571,7341
12623,7346
12622,7406
12666,7441
12678,7428
12720,7436
12737,7479
12728,7552
12781,7536
12824,7530
12849,7564
12863,7647
12885,7637
12928,7619
12977,7667
12980,7724
13006,7766
13030,7727
13058,7754
13064,7811
13090,7848
13150,7850
13147,7850
13183,7925
13231,7983
13244,7953
13278,7971
13290,8032
13313,8092
13332,8085
13373,8047
13378,8131
13413,8199
13429,8187
13453,8151
13463,8218
13481,8299
13502,8260
13516,8250
13558,8301
13554,8358
13580,8372
13596,8329
13624,8378
13625,8466
13669,8462
13677,8428
13709,8446
13730,8543
13748,8556
13781,8545
13780,8543
13808,8656
13817,8654
13857,8627
13853,8659
13872,8723
13885,8762
13899,8725
13897,8721
13936,8804
13966,8842
13979,8825
14010,8798
14007,8895
14026,8974
14045,8929
14058,8877
14081,8973
14097,9042
14110,9025
14139,8995
14162,9039
14188,9160
14190,9134
14222,9098
14229,9142
14244,9277
14264,9273
14284,9192
14302,9253
14336,9401
14356,9391
14365,9339
14377,9403
14413,9499
14433,9537
14458,9468
14473,9521
14498,9651
14518,9714
14547,9639
14566,9646
14593,9797
14622,9860
14639,9810
14668,9847
14675,9954
14709,10033
14747,9968
14783,9999
14783,10128
14813,10207
14841,10165
14869,10154
14871,10280
14932,10366
14950,10350
14959,10326
15001,10461
15032,10570
15038,10538
15080,10488
15090,10637
15143,10759
15153,10777
15172,10685
15193,10757
15209,10881
15238,10922
15270,10845
15278,10934
15311,11050
15345,11097
15352,11019
15384,11064
15425,11185
15437,11204
15456,11156
15482,11202
15502,11311
15536,11357
15533,11287
15565,11363
15581,11442
15592,11517
15617,11413
15648,11419
15663,11550
15670,11588
15702,11504
15708,11513
15738,11649
15740,11720
15757,11614
15783,11582
15804,11744
15846,11798
15841,11723
15857,11675
15869,11824
15880,11864
15905,11823
15938,11792
15933,11886
15949,11980
15972,11874
16012,11900
16020,11988
16035,12060
16052,11972
16074,11942
16100,12062
16102,12147
16123,12102
16139,12039
16151,12090
16171,12219
16203,12196
16221,12118
16245,12203
16265,12312
16285,12249
16303,12201
16332,12275
16355,12393
16353,12349
16382,12296
42,12367
41,12479
62,12458
92,12400
116,12454
156,12576
153,12571
178,12481
204,12554
229,12651
264,12664
286,12602
327,12651
346,12776
374,12776
390,12716
424,12750
444,12878
454,12852
511,12806
529,12829
562,12977
580,12962
615,12922
649,12929
677,13069
691,13064
731,12996
764,13055
801,13138
809,13170
829,13113
888,13161
920,13235
935,13241
941,13188
982,13221
1021,13313
1033,13342
1052,13282
1094,13316
1113,13418
1119,13427
1178,13350
1200,13361
1251,13478
1261,13487
1275,13420
1316,13448
1320,13552
1345,13542
1367,13481
1396,13522
1396,13594
1420,13592
1442,13522
1470,13565
1489,13640
1506,13651
1526,13580
1548,13626
1572,13710
1600,13700
1626,13652
1640,13684
1666,13751
1677,13743
1704,13686
1736,13732
1741,13815
1747,13788
1803,13732
1797,13771
1831,13866
1835,13833
1880,13785
1906,13826
1905,13920
1929,13869
1947,13837
1985,13889
1995,13957
2004,13930
2049,13851
2087,13931
2080,14007
2108,13980
2142,13919
2184,13973
2212,14052
2210,14030
2252,13974
2284,14034
2272,14122
2279,14091
2346,14004
2387,14093
2395,14180
2409,14155
2469,14103
2485,14147
2507,14257
2541,14212
2569,14163
2623,14210
2627,14299
2637,14296
2705,14233
2722,14302
2738,14367
2773,14356
2835,14297
2856,14388
2851,14445
2896,14420
2930,14372
2966,14441
2977,14511
3016,14469
3074,14452
3086,14510
3120,14604
3128,14568
3197,14520
3230,14602
3222,14663
3254,14638
3305,14620
3327,14693
3357,14719
3375,14698
3421,14675
3454,14731
3466,14790
3486,14766
3529,14735
3562,14792
3563,14867
3595,14811
3637,14805
3663,14862
3674,14920
3697,14887
3742,14881
3744,14925
3758,14958
3791,14951
3806,14926
3830,14971
3838,15022
3858,14974
3876,14975
3900,15029
3916,15069
3958,15030
3986,15034
4006,15077
4006,15112
4040,15087
4088,15062
4064,15129
4096,15164
4112,15152
4130,15110
4149,15163
4161,15231
4176,15176
4202,15162
4207,15219
4219,15272
4241,15230
4292,15228
4295,15281
4305,15342
4335,15289
4361,15277
4365,15322
4385,15379
4424,15338
4455,15331
4457,15387
4481,15437
4511,15407
4525,15383
4527,15450
4559,15499
4583,15471
4602,15458
4624,15507
4650,15567
4665,15545
4706,15538
4724,15592
4740,15643
4772,15632
4810,15630
4838,15688
4832,15742
4868,15724
4912,15708
4920,15781
4942,15827
4963,15817
5004,15810
5010,15861
5042,15945
5079,15941
5108,15904
5126,15949
5162,16032
5194,16016
5225,16029
5219,16068
5260,16144
5303,16127
5316,16115
5346,16183
5341,16260
5380,16247
5409,16241
5439,16283
5461,16369
5507,16378
5525,16325
5526,34
5535,94
5581,104
5603,77
5623,130
5651,213
5669,223
5701,193
5710,213
5740,309
5767,323
5801,273
5792,308
5818,395
5856,433
5866,375
5885,437
5888,522
5919,537
5934,503
5949,508
5986,585
5982,606
6012,590
6014,623
6062,720
6046,708
6089,683
6096,710
6118,794
6130,814
6151,764
6178,792
6170,883
6207,900
6232,845
6252,906
6257,1020
6282,1001
6287,965
6315,995
6337,1129
6339,1108
6357,1057
6373,1099
6391,1199
6423,1237
6443,1179
6435,1215
6479,1331
6500,1332
6517,1284
6541,1334
6557,1480
6573,1488
6597,1425
6627,1481
6651,1580
6665,1638
6683,1573
6697,1607
6728,1749
6743,1779
6776,1718
6814,1736
6839,1887
6840,1947
6869,1903
6898,1931
6937,2083
6945,2118
6964,2065
7007,2100
7032,2224
7060,2330
7082,2243
7106,2262
7124,2428
7152,2486
7196,2414
7204,2452
7218,2606
7258,2660
7290,2578
7322,2791
7329,2509
7372,2703
7378,2927
7420,2902
7454,2780
7464,2893
7498,3095
7539,2984
7537,2942
7570,3007
7594,3189
7615,3222
7626,3038
7670,3218
7657,3366
7707,3360
7737,3228
7747,3377
7778,3544
7795,3543
7824,3330
7831,3403
7855,3634
7880,3568
7917,3446
7933,3500
7932,3722
7960,3755
8002,3562
7986,3524
8006,3843
8032,3810
8060,3594
8061,3586
8072,3851
8086,3831
8126,3758
8134,3778
8142,3966
8169,3989
8209,3848
8206,3875
8220,4021
8235,4050
8269,3879
8303,3942
8282,4095
8317,4153
8335,4014
8343,3968
8359,4145
8396,4280
8418,4026
8434,3997
8434,4216
8450,4300
8502,4134
8502,4092
8518,4215
8553,4379
8575,4194
8615,4166
8630,4384
8637,4485
8672,4400
8705,4230
8699,4427
8750,4596
8756,4410
8796,4363
8802,4482
8835,4641
8864,4548
8850,4455
8888,4598
8936,4763
8972,4687
9004,4553
9013,4655
9042,4855
9095,4799
9129,4641
9139,4729
9162,4957
9202,4882
9242,4794
9262,4852
9279,5000
9318,4974
9353,4811
9368,4958
9381,5122
9437,5163
9453,4922
9463,5007
9507,5169
9541,5181
9587,5011
9605,5078
9622,5288
9672,5245
9724,5122
9720,5118
9756,5335
9782,5366
9815,5198
9816,5235
9855,5426
9885,5425
9920,5330
9945,5308
9935,5479
9989,5553
10012,5350
10038,5332
10046,5642
10078,5567
10124,5430
10162,5362
10134,5540
10189,5670
10216,5444
10224,5445
10241,5637
10256,5695
10297,5585
10317,5488
10323,5692
10333,5712
10367,5673
10397,5518
10404,5609
10430,5768
10457,5692
10475,5582
10467,5640
10501,5831
10547,5869
10549,5613
10581,5818
10598,5868
10635,5861
10670,5708
10668,5805
10676,5941
10729,5905
10750,5730
10737,5711
10745,6018
10789,5897
10797,5778
10837,5791
10844,6019
10882,6020
10923,5870
10934,5855
10942,6054
10977,6074
11042,5885
11035,5895
11065,6050
11093,6172
11143,5957
11167,5953
11171,6150
11204,6169
11232,6022
11257,6022
11264,6137
11301,6305
11344,6116
11361,6074
11403,6278
11433,6387
11464,6180
11480,6164
11513,6328
11538,6450
11585,6370
11605,6199
11630,6370
11659,6448
11701,6390
11737,6309
11739,6348
11779,6597
11828,6543
11849,6366
11836,6452
11883,6604
11928,6652
11956,6410
11996,6499
12013,6701
12050,6661
12103,6553
12103,6585
12131,6636
12160,6826
12198,6582
12230,6681
12232,6754
12261,6716
12297,6745
12293,6796
12324,6835
12337,6799
12366,6796
12370,6888
12422,6894
12452,6852
12487,6855
12473,6907
12499,6935
12511,6928
12555,6887
12571,6960
12590,7005
12610,6979
12626,6956
12662,7004
12662,7066
12679,7041
12689,7003
12707,7048
12731,7100
12749,7119
12778,7036
12788,7087
12818,7154
12821,7152
12851,7094
12877,7133
12883,7220
12899,7205
12912,7167
12950,7170
12957,7231
12968,7255
12984,7218
13021,7231
13032,7287
13041,7338
13055,7271
13085,7293
13095,7370
13123,7393
13140,7362
13176,7358
13198,7410
13201,7455
13226,7447
13261,7443
13279,7480
13290,7537
13341,7521
13352,7509
13381,7559
13396,7598
13414,7635
13441,7589
13453,7627
13477,7729
13503,7742
13540,7704
13556,7738
13593,7805
13590,7833
13633,7798
13663,7815
13694,7892
13718,7936
13736,7928
13766,7924
13782,8029
13806,8057
13840,8032
13864,8039
13886,8103
13923,8165
13929,8152
13949,8135
13966,8205
14021,8285
14041,8285
14062,8270
14085,8334
14102,8418
14152,8434
14158,8380
14199,8448
14204,8534
14230,8538
14259,8498
14281,8557
14293,8661
14329,8670
14343,8626
14357,8689
14382,8756
14412,8773
14426,8768
14432,8783
14464,8851
14482,8880
14482,8890
14509,8869
14553,8959
14556,8986
14569,8953
14601,8970
14601,9037
14623,9086
14645,9057
14672,9080
14664,9141
14708,9231
14720,9180
14738,9167
14754,9237
14770,9309
14790,9276
14784,9241
14801,9346
14837,9426
14862,9393
14861,9363
14882,9423
14925,9499
14931,9521
14949,9463
14972,9531
14976,9638
15004,9634
15016,9576
15046,9610
15048,9736
15070,9762
15093,9698
15103,9742
15145,9894
15155,9901
15165,9837
15177,9809
15220,9983
15237,10021
15257,9975
15286,9984
15296,10120
15320,10175
15336,10166
15378,10126
15399,10172
15427,10251
15438,10421
15463,10413
15513,10261
15539,10342
15527,10597
15572,10668
15578,10510
15613,10596
15639,10791
15660,10860
15688,10711
15711,10666
15754,10922
15780,11014
15800,10918
15822,10848
15854,11080
15884,11137
15905,11061
15936,11048
15959,11231
15976,11363
16001,11239
16055,11157
16041,11321
16073,11487
16114,11408
16133,11325
16159,11598
16191,11639
16212,11472
16256,11484
16268,11646
16275,11757
16322,11700
16360,11603
0,11869
16374,11881
36,11774
46,11712
65,11828
65,12080
125,11931
114,11819
137,11957
171,12131
212,12070
185,11905
219,11977
239,12142
263,12087
299,11959
296,12098
308,12306
354,12211
368,12123
383,12173
388,12351
424,12284
457,12177
447,12206
450,12422
479,12418
519,12205
520,12322
532,12506
557,12427
577,12280
572,12331
610,12578
625,12507
669,12367
688,12459
688,12654
722,12584
762,12464
760,12524
782,12702
799,12652
856,12548
840,12566
860,12834
879,12785
922,12601
934,12649
949,12873
983,12889
1032,12667
1062,12774
1057,12986
1097,12915
1132,12789
1139,12845
1187,13041
1209,13073
1268,12851
1244,13012
1279,13121
1316,13114
1344,12972
1346,13104
1384,13260
1432,13266
1454,13028
1469,13068
1480,13353
1560,13240
1586,13174
1598,13157
1618,13454
1686,13412
1720,13166
1728,13316
1748,13470
1796,13481
1829,13342
1827,13444
1864,13590
1890,13506
1931,13357
1955,13425
1983,13686
2034,13673
2063,13496
2081,13491
2101,13675
2141,13669
2166,13494
2173,13653
2232,13826
2269,13732
2279,13607
2291,13676
2321,13894
2355,13790
2393,13641
2389,13805
2399,13929
2431,13847
2458,13702
2479,13816
2497,13986
2521,13780
2544,13764
2568,13831
2602,13969
2628,13942
2647,13830
2654,14012
2681,14075
2712,13953
2748,13826
2752,13956
2788,14097
2779,13998
2791,13888
2822,14038
2835,14169
2873,13993
2890,13921
2878,14114
2921,14272
2991,14050
3003,14023
2989,14179
3013,14268
3047,14107
3047,14016
3090,14235
3108,14304
3155,14118
3144,14080
3158,14254
3189,14400
3237,14178
3232,14130
3252,14373
3269,14448
3328,14296
3334,14194
3354,14446
3392,14473
3452,14296
3436,14257
3468,14360
3508,14543
3551,14403
3559,14329
3571,14435
3616,14596
3647,14471
3675,14407
3689,14559
3708,14674
3743,14455
3775,14515
3781,14671
3829,14729
3893,14544
3899,14529
3913,14721
3957,14793
4005,14609
4029,14665
4027,14821
4065,14845
4118,14708
4127,14682
4152,14846
4189,14970
4212,14786
4236,14789
4235,14859
4289,14979
4324,14854
4353,14879
4350,15043
4389,15106
4418,14879
4453,14963
4473,15067
4489,15213
4522,15041
4560,14970
4582,15144
4606,15207
4638,15102
4645,15046
4666,15211
4688,15169
4719,15177
4748,15253
4750,15264
4779,15195
4806,15239
4808,15298
4831,15302
4852,15290
4866,15271
4886,15368
4902,15362
4936,15346
4954,15340
4956,15432
4986,15438
5012,15366
5031,15402
5037,15436
5040,15479
5080,15437
5091,15440
5106,15510
5125,15541
5147,15489
5153,15493
5149,15573
5181,15590
5219,15534
5237,15556
5229,15631
5273,15646
5296,15619
5313,15608
5345,15694
5317,15705
5367,15669
5397,15689
5412,15749
5423,15783
5456,15750
5459,15750
5494,15851
5508,15873
5516,15809
5550,15841
5570,15919
5594,15962
5598,15907
5640,15920
5662,16000
5692,16060
5706,16034
5728,16012
5772,16112
5796,16146
5806,16122
5832,16106
5851,16209
5874,16255
5898,16231
5929,16218
5952,16307
5982,16372
6015,16368
6041,16353
6050,41
6071,91
6102,69
6137,79
6158,155
6192,228
6214,231
6228,215
6253,271
6286,358
6318,342
6329,336
6354,405
6358,511
6417,486
6418,473
6450,521
6469,647
6497,623
6508,610
6533,669
6550,752
6577,762
6614,718
6621,801
6649,868
6667,879
6697,818
6723,925
6733,1008
6745,977
6767,929
6775,1004
6806,1104
6803,1090
6828,1070
6833,1109
6867,1241
6884,1205
6893,1137
6909,1213
6947,1297
6929,1290
6981,1257
6973,1321
6999,1427
7013,1395
7049,1356
7083,1434
7085,1510
7099,1514
7108,1478
7129,1541
7164,1640
7172,1620
7185,1575
7194,1650
7232,1737
7229,1740
7229,1671
7276,1750
7306,1861
7305,1862
7356,1814
7383,1874
7393,1975
7406,1993
7428,1938
7429,1992
7464,2118
7484,2118
7505,2044
7540,2148
7562,2295
7582,2272
7599,2231
7628,2278
7642,2430
7655,2447
7705,2661
7705,2485
7760,2352
7755,2507
7785,2750
7825,2547
7874,2561
7868,2693
7881,2844
7927,2745
7969,2655
8001,2815
8001,3059
8039,2989
8073,2942
8075,3053
8097,3216
8136,3065
8169,3014
8191,3284
8213,3407
8245,3279
8289,3193
8299,3405
8325,3536
8372,3523
8390,3384
8423,3493
8424,3670
8470,3600
8500,3449
8509,3609
8534,3850
8565,3786
8603,3667
8617,3722
8629,3911
8661,3867
8684,3795
8708,3781
8731,4017
8758,3977
8799,3878
8799,3941
8827,4132
8841,4123
8880,3942
8892,4060
8898,4174
8928,4200
8964,4010
8973,4125
8972,4257
9004,4292
9036,4140
9036,4138
9060,4382
9097,4305
9099,4211
9117,4228
9130,4388
9161,4441
9189,4230
9205,4256
9211,4451
9228,4517
9252,4367
9284,4308
9279,4498
9322,4586
9344,4456
9366,4377
9357,4630
9401,4642
9427,4559
9433,4451
9446,4575
9481,4732
9525,4639
9523,4493
9543,4691
9574,4776
9627,4610
9640,4556
9644,4802
9665,4850
9716,4869
9732,4682
9760,4812
9768,4954
9821,4769
9846,4762
9837,4984
9865,5021
9925,4961
9957,4875
9942,4918
9991,5103
10037,5089
10089,4881
10077,5083
10114,5215
10174,5126
10196,5018
10203,5048
10237,5269
10276,5247
10302,5092
10324,5139
10343,5370
10382,5399
10412,5132
10465,5277
10461,5451
10526,5474
10557,5224
10571,5277
10602,5556
10644,5544
10682,5353
10702,5372
10720,5632
10754,5582
10816,5420
10793,5445
10836,5662
10863,5712
10897,5557
10909,5464
10929,5727
10964,5788
11022,5595
11039,5618
11038,5808
11093,5833
11124,5669
11138,5638
11138,5837
11163,5890
11193,5749
11225,5669
11243,5819
11265,5950
11291,5901
11304,5701
11319,5928
11348,5956
11382,5862
11378,5736
11403,5869
11420,6024
11449,5878
11472,5802
11479,5911
11520,6060
11547,5962
11565,5842
11571,5949
11581,6119
11620,6154
11662,5870
11664,5931
11667,6127
11700,6158
11718,5965
11742,5936
11761,6185
11786,6188
11806,6050
11823,6019
11841,6255
11872,6259
11904,6052
11913,6127
11923,6285
11968,6326
11987,6200
11995,6157
12013,6338
12060,6320
12085,6150
12099,6167
12127,6362
12151,6471
12179,6276
12194,6246
12215,6406
12250,6468
12271,6363
12302,6252
12317,6501
12331,6596
12377,6439
12423,6345
12449,6546
12458,6632
12498,6590
12547,6412
12550,6594
12565,6719
12629,6699
12661,6510
12669,6738
12685,6789
12715,6755
12749,6546
12761,6642
12778,6853
12835,6799
12864,6743
12876,6738
12893,6852
12944,6990
12987,6827
12989,6837
13019,7017
13033,6835
13089,6903
13109,6981
13102,7001
13138,6954
13165,6974
13190,7061
13222,7063
13236,7032
13263,7054
13277,7109
13301,7117
13321,7117
13353,7122
13385,7175
13382,7208
13424,7172
13442,7166
13444,7238
13482,7265
13483,7235
13500,7242
13520,7282
13542,7312
13558,7294
13567,7280
13593,7328
13609,7387
13632,7372
13657,7323
13661,7374
13656,7414
13693,7422
13706,7377
13718,7422
13750,7486
13770,7473
13762,7457
13806,7498
13808,7543
13830,7535
13843,7537
13861,7533
13857,7612
13895,7614
13935,7589
13924,7617
13958,7676
13961,7689
13998,7654
14034,7657
14020,7723
14035,7769
14068,7751
14084,7740
14110,7812
14128,7855
14150,7809
14180,7813
14210,7879
14225,7935
14255,7923
14261,7912
14277,7993
14301,8029
14313,8024
14325,7994
14384,8047
14386,8142
14400,8118
14450,8122
14465,8185
14474,8241
14510,8235
14534,8214
14556,8260
14597,8387
14606,8365
14636,8334
14655,8407
14687,8479
14705,8499
14749,8449
14741,8513
14753,8595
14790,8627
14824,8587
14845,8619
14884,8744
14902,8762
14918,8755
14942,8764
14964,8884
14984,8920
15008,8869
15024,8916
15078,9008
15090,9080
15122,9033
15134,9047
15175,9144
15195,9195
15207,9184
15225,9156
15247,9254
15265,9369
15277,9275
15289,9301
15317,9391
15339,9474
15354,9442
15368,9407
15404,9500
15418,9564
15428,9550
15452,9500
15474,9561
15508,9672
15498,9649
15529,9632
15540,9682
15570,9810
15577,9779
15595,9723
15622,9773
15616,9886
15639,9871
15645,9823
15672,9861
15685,9976
15712,9988
15734,9926
15731,9982
15776,10087
15798,10130
15800,10018
15814,10065
15848,10208
15878,10201
15885,10128
15903,10169
15919,10357
15942,10343
15949,10268
15967,10305
16009,10443
16015,10480
16029,10399
16061,10415
16093,10553
16107,10595
16130,10530
16132,10557
16185,10702
16191,10757
16211,10721
16240,10682
16286,10828
16288,10906
16298,10828
16334,10838
16365,10957
0,11026
16381,10987
40,10972
72,11150
96,11221
102,11132
145,11257
193,11181
188,11164
213,11411
261,11460
300,11259
316,11359
325,11559
377,11611
423,11449
405,11536
451,11727
459,11726
498,11611
529,11679
540,11892
582,11890
625,11808
629,11777
653,11997
706,12039
736,11918
761,11873
780,12144
813,12204
842,12015
859,12042
902,12192
928,12281
968,12173
981,12162
983,12308
1016,12444
1037,12253
1061,12253
1062,12488
1102,12533
1134,12313
1161,12328
1156,12542
1204,12610
1216,12380
1238,12360
1261,12603
1276,12644
1316,12460
1328,12486
1322,12678
1352,12700
1396,12500
1402,12554
1408,12728
1420,12792
1462,12614
1448,12584
1474,12754
1496,12862
1540,12683
1533,12656
1557,12812
1582,12890
1620,12748
1620,12732
1648,12974
1660,13003
1712,12833
1720,12773
1750,13023
1778,13040
1788,12890
1808,12843
1824,13055
1853,13121
1874,12993
1878,12874
1898,13132
1950,13178
1976,13048
1985,13003
2008,13195
2040,13238
2082,13176
2097,13095
2110,13280
2149,13285
2197,13219
2222,13118
2211,13313
2273,13387
2281,13230
2321,13200
2321,13445
2348,13452
2375,13270
2414,13315
2431,13470
2487,13542
2522,13320
2548,13353
2567,13571
2611,13626
2645,13409
2659,13411
2691,13594
2718,13721
2787,13542
2785,13508
2805,13771
2849,13767
2887,13619
2899,13625
2905,13789
2965,13917
3014,13678
3004,13631
3035,13909
3071,13937
3117,13740
3136,13873
3132,14003
3195,13995
3244,13903
3254,13884
3268,14100
3320,14099
3318,13909
3338,13948
3364,14066
3397,14163
3418,14028
3434,13970
3452,14154
3478,14207
3514,13992
3516,14014
3534,14182
3576,14195
3608,14056
3634,14089
3628,14236
3661,14266
3685,14025
3682,14126
3706,14300
3748,14316
3760,14077
3771,14173
3777,14340
3821,14361
3844,14145
3840,14232
3860,14425
3888,14406
3928,14203
3944,14290
3937,14487
3980,14397
4002,14296
4018,14316
4024,14469
4074,14479
4082,14317
4060,14318
4096,14512
4134,14519
4152,14345
4176,14368
4166,14604
4199,14562
4242,14377
4232,14471
4279,14624
4292,14650
4325,14459
4341,14445
4364,14694
4402,14701
4422,14599
4444,14564
4466,14602
4487,14756
4532,14587
4547,14617
4574,14826
4584,14785
4600,14687
4626,14640
4656,14869
4690,14890
4727,14799
4734,14789
4759,14966
4808,14956
4840,14827
4854,14808
4868,15032
4927,15066
4926,14942
4941,14913
4990,15051
5013,15169
5038,15046
5082,14982
5080,15210
5110,15082
5148,15100
5170,15182
5190,15218
5226,15162
5252,15184
5274,15258
5292,15270
5337,15238
5346,15260
5380,15328
5398,15386
5443,15340
5444,15322
5486,15414
5488,15434
5528,15410
5548,15424
5572,15486
5578,15502
5606,15472
5616,15470
5630,15542
5669,15561
5680,15546
5692,15536
5722,15618
5724,15644
5760,15600
5770,15617
5789,15663
5790,15670
5822,15634
5834,15656
5844,15737
5868,15758
5870,15734
5894,15712
5914,15776
5936,15813
5941,15758
5958,15748
5966,15841
6009,15875
6012,15848
6014,15838
6047,15914
6076,15925
6070,15887
6098,15892
6122,15946
6144,16016
6163,15971
6177,15942
6192,16022
6211,16062
6246,16026
6238,16034
6257,16096
6298,16163
6296,16130
6304,16104
6354,16164
6377,16250
6382,16203
6397,16189
6408,16253
6430,16344
6457,16317
6501,16307
6494,16354
6542,70
6551,8
6568,39
6612,76
6637,171
6660,170
6675,135
6691,209
6733,277
6743,309
6761,277
6803,329
6811,403
6841,414
6845,383
6887,455
6905,561
6917,541
6957,531
7011,600
7021,714
7035,715
7073,670
7113,714
7107,823
7147,829
7161,787
7197,865
7217,998
7239,1046
7257,967
7293,1035
7318,1160
7324,1151
7367,1101
7377,1182
7404,1292
7429,1281
7477,1248
7465,1302
7511,1426
7529,1435
7529,1354
7561,1443
7593,1563
7599,1587
7621,1505
7633,1539
7675,1667
7673,1676
7681,1634
7711,1666
7731,1782
7729,1796
7737,1730
7771,1755
7801,1896
7801,1875
7825,1809
7878,1854
7879,1989
7900,2033
7898,1940
7948,1963
7956,2087
7960,2110
7957,2078
8002,2088
8020,2188
8036,2280
8048,2171
8065,2185
8102,2315
8112,2343
8138,2306
8156,2322
8186,2418
8192,2480
8206,2437
8215,2423
8263,2534
8268,2546
8293,2631
8305,2683
8343,2523
8368,2605
8377,2804
8403,2851
8435,2719
8447,2677
8471,2870
8496,2962
8530,2858
8540,2868
8568,3118
8596,3108
8640,2982
8656,2948
8706,3277
8717,3322
8749,3118
8766,3088
8780,3418
8809,3421
8861,3396
8863,3226
8900,3420
8917,3582
8957,3504
8974,3429
9003,3569
9043,3671
9091,3669
9119,3598
9131,3653
9164,3912
9206,3689
9252,3664
9259,3833
9278,3970
9311,3923
9357,3823
9367,3973
9400,4153
9410,3984
9484,3946
9468,4051
9485,4247
9538,4145
9571,4097
9599,4249
9614,4333
9656,4231
9679,4192
9706,4230
9731,4420
9771,4381
9806,4298
9799,4295
9820,4554
9868,4504
9894,4331
9889,4512
9898,4585
9932,4632
9968,4362
9974,4526
9985,4694
10005,4617
10041,4477
10044,4526
10042,4712
10101,4637
10121,4557
10139,4687
10152,4811
10160,4857
10192,4579
10212,4680
10214,4868
10270,4861
10288,4746
10282,4675
10303,4883
10333,4953
10353,4778
10366,4788
10372,4976
10411,4999
10445,4864
10453,4765
10454,4964
10516,5041
10554,4907
10555,4874
10586,5064
10601,5135
10637,4971
10656,4928
10682,5106
10699,5177
10728,5040
10758,4948
10762,5220
10780,5262
10817,5122
10845,5068
10844,5205
10896,5354
10943,5197
10969,5159
10990,5244
11003,5408
11049,5321
11070,5220
11111,5354
11127,5463
11186,5460
11185,5250
11210,5348
11253,5549
11280,5484
11284,5328
11321,5467
11347,5656
11386,5678
11427,5467
11446,5519
11470,5730
11519,5713
11531,5527
11565,5580
11595,5781
11629,5771
11673,5639
11706,5624
11710,5828
11740,5870
11766,5655
11789,5723
11816,5890
11856,5940
11878,5795
11900,5736
11925,5991
11954,5979
11973,5813
11999,5809
12031,5975
12064,6082
12084,5902
12116,5867
12117,6071
12154,6145
12177,5973
12186,5898
12188,5994
12235,6185
12243,6041
12261,5965
12267,6111
12301,6239
12313,6073
12332,6020
12352,6151
12370,6268
12379,6099
12409,5983
12421,6185
12437,6296
12477,6238
12479,6109
12501,6163
12528,6344
12560,6380
12562,6141
12573,6213
12600,6405
12632,6386
12634,6242
12645,6211
12658,6428
12697,6369
12708,6244
12731,6237
12756,6488
12774,6474
12820,6298
12826,6271
12843,6502
12870,6536
12892,6383
12892,6346
12935,6564
12948,6612
12982,6439
12974,6399
13000,6580
13012,6650
13056,6513
13064,6483
13122,6690
13128,6714
13150,6502
13160,6506
13193,6685
13230,6813
13247,6633
13259,6589
13292,6634
13317,6882
13340,6776
13362,6659
13414,6709
13412,6932
13452,6898
13453,6717
13501,6781
13529,6931
13545,6977
13559,6798
13595,6821
13619,7064
13647,7089
13675,6833
13699,6889
13728,7095
13741,7208
13760,6930
13798,7035
13828,7252
13862,7105
13866,7145
13918,7218
13924,7222
13941,7170
13972,7208
13996,7289
14017,7330
14061,7293
14087,7303
14087,7378
14109,7395
14117,7365
14159,7375
14172,7444
14200,7479
14222,7452
14250,7456
14261,7520
14280,7534
14286,7498
14302,7506
14330,7560
14362,7603
14368,7571
14389,7580
14399,7623
14414,7678
14449,7635
14455,7622
14472,7696
14470,7735
14505,7693
14507,7685
14536,7724
14534,7794
14559,7751
14583,7749
14580,7792
14626,7838
14643,7834
14638,7820
14652,7857
14678,7902
14690,7922
14702,7876
14736,7931
14756,7972
14771,7982
14777,7943
14807,7988
14819,8054
14841,8057
14853,8036
14873,8054
14897,8139
14901,8147
14931,8101
14969,8145
14982,8225
15014,8253
15014,8220
15022,8227
15045,8309
15072,8324
15094,8315
15100,8321
15144,8411
15170,8466
15174,8428
15214,8449
15220,8541
15254,8578
15271,8545
15303,8552
15317,8654
15343,8734
15371,8719
15397,8705
15449,8759
15443,8869
15474,8862
15504,8794
15520,8878
15550,8980
15556,8975
15608,8948
15620,9040
15663,9167
15672,9136
15684,9124
15732,9182
15753,9291
15765,9292
15791,9265
15829,9355
15857,9461
15879,9479
15906,9437
15945,9472
15965,9591
15968,9644
16000,9592
16029,9603
16060,9762
16063,9809
16082,9747
16114,9746
16128,9878
16141,9960
16165,9850
16181,9875
16216,10023
16247,10092
16265,10008
16291,10023
16307,10126
16326,10175
16327,10143
16349,10111
16380,10220
11,10298
6,10213
30,10200
60,10314
64,10397
70,10337
100,10318
128,10426
150,10490
148,10487
171,10431
200,10493
221,10611
227,10597
238,10541
274,10608
306,10725
303,10702
331,10621
347,10725
393,10863
398,10833
415,10727
430,10852
464,10951
454,10960
481,10871
518,10932
534,11064
564,11090
593,11012
610,11040
628,11186
646,11238
665,11116
701,11178
723,11325
745,11357
783,11261
807,11297
831,11429
835,11457
850,11378
898,11398
917,11574
939,11630
989,11527
985,11560
1025,11680
1051,11753
1060,11672
1124,11666
1160,11832
1174,11892
1202,11846
1263,11819
1286,11971
1279,12033
1309,11985
1361,11949
1411,12106
1407,12197
1424,12121
1468,12080
1496,12208
1518,12300
1544,12225
1591,12189
1614,12326
1650,12408
1688,12378
1728,12352
1756,12464
1790,12515
1800,12450
1862,12448
1875,12557
1897,12650
1922,12570
1966,12538
1986,12654
1994,12723
2012,12666
2045,12641
2087,12753
2072,12819
2121,12736
2168,12710
2171,12803
2192,12905
2216,12828
2238,12789
2295,12906
2289,12943
2298,12885
2324,12847
2346,12942
2356,13000
2374,12947
2404,12925
2415,13022
2431,13083
2440,12990
2482,12960
2512,13070
2510,13131
2518,13046
2558,13017
2608,13114
2612,13182
2630,13111
2634,13087
2671,13179
2685,13247
2678,13160
2740,13138
2763,13236
2766,13303
2766,13241
2814,13188
2845,13299
2852,13349
2854,13285
2886,13255
2903,13361
2924,13417
2946,13355
2984,13317
3018,13407
3048,13483
3072,13426
3092,13381
3122,13476
3132,13546
3173,13487
3198,13469
3245,13540
3224,13604
3258,13555
3288,13514
3326,13628
3344,13690
3352,13614
3412,13602
3434,13678
3448,13758
3486,13698
3524,13686
3550,13758
3580,13840
3610,13790
3648,13730
3684,13852
3693,13904
3711,13846
3744,13814
3772,13910
3816,13972
3800,13934
3856,13910
3890,13978
3914,14049
3916,13996
3956,13964
3998,14054
4007,14112
4054,14060
4096,14043
4121,14123
4125,14168
4156,14141
4184,14100
4226,14188
4232,14242
4260,14203
4282,14181
4312,14242
4304,14300
4342,14277
4372,14211
4396,14304
4422,14351
4418,14310
4470,14297
4484,14355
4503,14407
4521,14384
4528,14325
4562,14377
4580,14455
4599,14419
4610,14380
4624,14419
4658,14484
4671,14461
4676,14384
4688,14468
4714,14526
4737,14491
4764,14453
4778,14503
4782,14584
4808,14550
4832,14504
4854,14547
4846,14612
4884,14582
4904,14534
4937,14607
4940,14659
4941,14639
4973,14588
5011,14630
5000,14720
5016,14669
5075,14652
5080,14705
5082,14774
5095,14745
5125,14689
5157,14761
5168,14816
5185,14785
5216,14760
5244,14808
5260,14866
5274,14850
5316,14808
5320,14855
5342,14940
5368,14926
5387,14876
5418,14927
5428,14996
5450,14986
5472,14944
5506,14985
5526,15060
5532,15056
5584,15004
5594,15052
5622,15127
5636,15124
5676,15100
5687,15137
5720,15204
5736,15200
5762,15154
5786,15188
5830,15272
5835,15287
5872,15229
5902,15261
5922,15356
5944,15384
5971,15347
5992,15384
6014,15450
6048,15460
6070,15414
6076,15452
6108,15542
6140,15551
6166,15500
6204,15556
6230,15633
6242,15643
6263,15604
6278,15632
6310,15710
6340,15736
6351,15693
6370,15711
6386,15763
6405,15810
6436,15748
6444,15772
6464,15870
6494,15886
6530,15842
6541,15871
6549,15935
6570,15932
6568,15926
6595,15917
6618,15987
6626,16010
6662,16002
6670,15993
6661,16049
6702,16064
6714,16030
6728,16025
6741,16122
6768,16154
6788,16120
6811,16097
6805,16166
6815,16203
6833,16169
6877,16153
6891,16208
6873,16265
6911,16248
6903,16216
6945,16279
6961,16361
6981,16325
6985,16316
7012,16368
7029,33
7049,4
7063,15
7091,51
7103,133
7116,115
7132,102
7165,145
7184,218
7183,208
7229,186
7244,244
7268,330
7273,294
7292,300
7320,352
7349,457
7368,456
7390,398
7424,454
7434,544
7454,548
7483,508
7507,587
7548,669
7564,691
7593,661
7596,717
7650,822
7650,860
7654,756
7696,838
7757,952
7743,986
7767,939
7791,1001
7834,1087
7858,1175
7884,1098
7929,1157
7956,1280
7975,1337
7989,1271
8027,1285
8047,1419
8071,1481
8100,1433
8123,1489
8173,1589
8183,1659
8177,1647
8213,1625
8245,1731
8276,1825
8307,1733
8323,1743
8354,1887
8371,1958
8394,1916
8420,2102
8440,1843
8486,1948
8488,2185
8506,2172
8537,2060
8548,2061
8559,2293
8574,2326
8626,2190
8626,2188
8608,2382
8647,2541
8681,2261
8693,2282
8715,2562
8717,2543
8748,2450
8774,2323
8770,2573
8806,2639
8815,2500
8839,2472
8874,2694
8878,2788
8909,2633
8929,2561
8938,2816
8950,2872
8976,2790
9016,2657
9030,2838
9017,2996
9077,2921
9101,2839
9113,3007
9121,3105
9158,2902
9186,2878
9210,2964
9223,3243
9243,3175
9263,2961
9289,3211
9294,3352
9320,3304
9340,3138
9409,3207
9380,3396
9418,3418
9460,3288
9492,3275
9506,3507
9530,3510
9575,3455
9596,3454
9593,3708
9665,3665
9695,3497
9700,3578
9711,3760
9753,3739
9797,3674
9811,3691
9816,3946
9865,3975
9903,3764
9916,3870
9940,4068
9991,4083
10040,3893
10040,3942
10068,4129
10120,4189
10178,4048
10186,4079
10200,4293
10247,4307
10304,4184
10311,4197
10321,4440
10363,4393
10397,4257
10427,4312
10415,4475
10468,4580
10514,4403
10544,4397
10536,4575
10604,4643
10634,4546
10656,4482
10666,4675
10707,4795
10755,4665
10751,4589
10790,4745
10801,4831
10853,4745
10863,4656
10853,4796
10904,4917
10956,4784
10948,4758
10974,4799
10990,5025
11004,4808
11022,4764
11054,4897
11065,5072
11082,4928
11123,4817
11135,4949
11142,5102
11169,5015
11193,4889
11209,4946
11214,5154
11269,5096
11262,4957
11287,4993
11286,5190
11323,5121
11344,5050
11347,5051
11368,5284
11392,5198
11442,5035
11439,5107
11441,5289
11470,5318
11524,5136
11506,5141
11534,5395
11574,5336
11594,5162
11616,5198
11643,5381
11675,5446
11706,5271
11731,5201
11699,5432
11752,5518
11772,5351
11796,5274
11810,5477
11844,5537
11882,5420
11894,5344
11914,5563
11951,5651
11978,5486
12007,5425
12027,5613
12049,5717
12097,5555
12125,5452
12129,5601
12139,5742
12190,5715
12228,5552
12222,5693
12259,5837
12265,5785
12315,5588
12321,5693
12353,5900
12392,5867
12422,5672
12431,5732
12468,6013
12516,5955
12544,5800
12569,5841
12575,6034
12621,6029
12635,5858
12657,5887
12682,6073
12713,6117
12748,5982
12768,5958
12801,6152
12820,6193
12852,6004
12868,6039
12885,6241
12927,6212
12953,6033
12969,6107
12995,6312
13035,6338
13069,6144
13061,6117
13066,6352
13092,6387
13126,6219
13143,6167
13162,6394
13192,6459
13188,6232
13218,6222
13209,6413
13247,6493
13271,6439
13285,6235
13301,6398
13305,6479
13324,6344
13350,6269
13360,6435
13378,6575
13418,6412
13411,6320
13440,6521
13456,6574
13470,6538
13474,6380
13499,6413
13528,6657
13545,6637
13583,6445
13568,6620
13609,6715
13607,6625
13631,6484
13645,6555
13684,6748
13704,6745
13714,6496
13718,6609
13743,6765
13775,6832
13805,6601
13800,6709
13842,6870
13846,6859
13871,6663
13887,6709
13923,6896
13933,6955
13973,6690
13967,6687
13994,6946
14011,6965
14033,6746
14063,6806
14081,6969
14114,7120
14129,6845
14150,6880
14173,7046
14198,7073
14212,7018
14266,7094
14270,7101
14286,7068
14334,7078
14336,7175
14368,7185
14389,7151
14414,7158
14446,7245
14481,7278
14495,7247
14509,7257
14528,7302
14565,7369
14591,7351
14616,7341
14649,7423
14674,7440
14701,7445
14736,7422
14750,7498
14762,7552
14796,7517
14816,7520
14830,7590
14858,7654
14894,7628
14908,7632
14921,7678
14965,7744
14986,7741
14991,7711
15031,7777
15057,7827
15079,7829
15067,7792
15077,7823
15121,7905
15141,7893
15152,7877
15165,7892
15190,7964
15222,7981
15222,7958
15250,7982
15244,8035
15277,8034
15297,8021
15316,8019
15332,8084
15338,8112
15347,8076
15363,8080
15380,8153
15385,8171
15407,8158
15432,8136
15445,8219
15462,8264
15485,8235
15472,8210
15514,8278
15538,8344
15538,8299
15554,8284
15582,8366
15611,8432
15611,8364
15628,8344
15628,8438
15670,8500
15685,8488
15697,8443
15735,8537
15777,8601
15779,8618
15781,8534
15813,8614
15857,8693
15855,8719
15881,8645
15912,8720
15933,8797
15943,8827
15962,8764
15990,8842
16016,8944
16006,8931
16040,8891
16102,8933
16118,9075
16132,9083
16132,9022
16176,9078
16214,9194
16258,9228
16268,9167
16288,9193
16312,9350
16331,9394
16345,9313
16383,9384
21,9479
47,9543
69,9487
106,9531
140,9639
147,9715
165,9654
198,9700
234,9802
274,9910
304,9860
316,9844
350,9973
394,10064
405,10048
429,10014
469,10132
469,10221
489,10216
534,10194
569,10259
593,10367
593,10381
619,10351
645,10438
667,10534
689,10545
724,10478
738,10516
764,10644
779,10687
840,10618
852,10666
874,10786
870,10789
903,10726
923,10766
961,10903
950,10891
969,10767
1011,10859
1010,11002
1022,10980
1043,10926
1087,10932
1087,11067
1114,11084
1120,11023
1165,11021
1170,11197
1181,11235
1213,11147
1240,11155
1270,11290
1280,11299
1291,11251
1319,11251
1335,11360
1340,11436
1370,11328
1418,11344
1442,11482
1424,11544
1456,11478
1510,11444
1514,11586
1538,11656
1567,11571
1583,11579
1640,11685
1641,11762
1662,11682
1713,11676
1730,11788
1740,11874
1735,11767
1807,11789
1844,11933
1835,11998
1857,11915
1885,11887
1909,12022
1934,12126
1943,12017
1985,12011
2022,12128
2060,12214
2056,12148
2107,12137
2164,12284
2180,12336
2201,12257
2231,12227
2269,12357
2299,12425
2303,12384
2340,12373
2406,12473
2402,12556
2418,12510
2481,12472
2535,12591
2541,12685
2560,12628
2589,12594
2645,12682
2650,12803
2694,12723
2733,12677
2783,12830
2805,12895
2823,12853
2855,12801
2891,12906
2899,12994
2915,12924
2969,12887
2989,12986
3001,13091
3013,13025
3080,12987
3091,13084
3101,13149
3113,13087
3177,13063
3195,13153
3209,13217
3231,13185
3273,13125
3297,13191
3287,13295
3309,13239
3347,13197
3375,13271
3379,13344
3378,13287
3419,13241
3437,13301
3437,13390
3457,13352
3480,13292
3508,13372
3532,13439
3526,13389
3568,13345
3592,13404
3592,13490
3596,13445
3648,13382
3672,13448
3664,13516
3680,13500
3724,13452
3732,13502
3744,13596
3772,13548
3778,13472
3826,13552
3826,13648
3848,13613
3869,13544
3919,13604
3910,13704
3936,13661
3981,13608
4006,13671
4026,13751
4030,13746
4049,13678
4063,13723
4102,13821
4128,13782
4157,13737
4195,13789
4189,13883
4191,13842
4234,13790
4265,13862
4280,13926
4314,13914
4329,13863
4379,13925
4400,14009
4423,13986
4455,13936
4485,13977
4502,14064
4509,14062
4553,14004
4599,14060
4599,14153
4634,14137
4656,14078
4678,14114
4691,14209
4725,14185
4764,14149
4782,14180
4819,14253
4817,14256
4876,14231
4888,14252
4923,14341
4927,14331
4976,14298
4994,14330
5032,14406
5066,14408
5063,14365
5102,14379
5100,14469
5136,14478
5160,14433
5201,14465
5222,14518
5248,14531
5234,14497
5288,14517
5296,14577
5306,14593
5336,14540
5344,14577
5370,14627
5370,14648
5440,14578
5454,14615
5460,14699
5476,14692
5479,14635
5518,14680
5518,14713
5537,14718
5559,14668
5569,14701
5582,14756
5594,14768
5619,14738
5638,14737
5654,14795
5672,14815
5684,14753
5706,14784
5718,14853
5734,14869
5758,14825
5786,14834
5802,14898
5822,14930
5840,14880
5858,14880
5864,14942
5882,14978
5906,14944
5929,14926
5946,14976
5946,15014
5976,14978
5998,14980
5999,15065
6042,15081
6047,15022
6081,15038
6092,15106
6110,15142
6148,15106
6152,15098
6182,15158
6216,15194
6216,15155
6268,15181
6252,15246
6294,15266
6296,15235
6335,15221
6353,15306
6368,15342
6389,15315
6418,15309
6451,15358
6457,15424
6493,15380
6524,15392
6527,15457
6559,15501
6588,15471
6606,15482
6647,15559
6659,15589
6681,15571
6714,15558
6733,15631
6777,15679
6797,15677
6809,15676
6835,15721
6842,15782
6887,15774
6899,15753
6923,15818
6959,15857
6982,15892
7023,15876
7033,15923
7083,15968
7091,15987
7101,15947
7137,16015
7141,16071
7167,16063
7195,16057
7219,16079
7260,16146
7281,16162
7286,16165
7324,16189
7336,16255
7346,16258
7358,16214
7370,16282
7400,16332
7418,16354
7420,16336
7460,16329
7479,21
7494,39
7506,2
7538,6
7543,74
7560,90
7596,103
7581,70
7597,165
7617,189
7635,160
7637,140
7675,203
7696,258
7679,231
7691,201
7723,285
7755,331
7765,305
7778,272
7800,349
7825,431
7829,386
7841,354
7884,432
7900,505
7913,482
7928,463
7944,531
7971,612
7997,592
7997,581
8025,637
8061,727
8051,682
8106,680
8108,752
8134,838
8164,826
8174,792
8215,864
8226,943
8257,939
8266,924
8290,979
8322,1082
8346,1072
8359,1044
8389,1071
8438,1267
8434,1230
8445,1199
8505,1251
8536,1375
8547,1395
8549,1345
8605,1390
8609,1534
8637,1578
8655,1511
8714,1564
8743,1705
8759,1737
8800,1684
8821,1721
8868,1857
8881,1901
8912,1853
8937,1868
8978,2020
8994,2094
9000,2043
9032,2048
9083,2168
9089,2282
9110,2184
9164,2226
9201,2384
9222,2432
9240,2342
9294,2337
9314,2490
9326,2568
9340,2498
9386,2536
9419,2628
9432,2717
9446,2664
9453,2621
9515,2777
9531,2851
9509,2803
9565,2748
9581,2853
9605,2959
9613,2903
9645,2853
9686,2963
9681,3058
9676,3000
9736,2957
9744,3072
9759,3160
9773,3104
9796,3058
9816,3153
9834,3242
9840,3200
9880,3137
9892,3235
9917,3342
9928,3299
9928,3257
9982,3298
9986,3426
10000,3391
10031,3360
10079,3397
10105,3515
10115,3489
10121,3451
10158,3516
10179,3607
10189,3619
10218,3543
10269,3615
10263,3737
10298,3728
10318,3675
10362,3671
10368,3812
10362,3834
10426,3757
10446,3811
10456,3942
10487,3978
10517,3892
10561,3885
10597,4034
10585,4075
10614,3986
10669,3986
10683,4093
10691,4201
10712,4093
10767,4078
10796,4181
10794,4269
10816,4217
10868,4190
10912,4300
10896,4388
10926,4329
10981,4295
11006,4417
11039,4520
11067,4453
11112,4401
11143,4511
11148,4605
11174,4554
11206,4520
11278,4610
11301,4694
11302,4653
11362,4637
11388,4704
11402,4807
11391,4782
11438,4727
11507,4814
11513,4896
11543,4893
11560,4838
11638,4878
11644,4976
11654,4985
11696,4920
11730,4964
11758,5078
11733,5050
11801,4993
11841,5067
11845,5145
11859,5140
11877,5053
11911,5109
11924,5188
11924,5212
11964,5140
11990,5143
12005,5255
12020,5248
12056,5181
12084,5182
12094,5278
12103,5309
12105,5255
12159,5248
12153,5295
12156,5371
12173,5294
12212,5280
12218,5360
12236,5400
12246,5361
12266,5318
12300,5401
12288,5460
12287,5409
12349,5361
12369,5430
12358,5513
12391,5481
12418,5413
12432,5487
12448,5552
12466,5498
12495,5466
12526,5526
12530,5605
12552,5578
12583,5510
12597,5577
12601,5652
12610,5640
12663,5572
12685,5629
12685,5706
12704,5717
12738,5648
12768,5694
12785,5764
12806,5768
12821,5700
12856,5721
12867,5817
12883,5806
12921,5762
12959,5783
12981,5883
13001,5895
13012,5839
13038,5846
13056,5936
13082,5958
13134,5895
13144,5915
13171,5991
13184,6042
13214,5986
13228,5979
13270,6072
13299,6107
13333,6075
13363,6056
13375,6115
13399,6169
13424,6142
13452,6116
13478,6186
13505,6244
13523,6213
13554,6177
13592,6228
13596,6314
13616,6285
13659,6255
13689,6303
13699,6374
13725,6365
13737,6298
13773,6371
13791,6441
13801,6426
13828,6385
13856,6420
13866,6493
13914,6488
13928,6439
13944,6475
13968,6546
13973,6550
14004,6490
14023,6517
14042,6593
14047,6585
14077,6541
14089,6574
14115,6634
14111,6636
14143,6592
14145,6615
14160,6668
14185,6683
14197,6649
14224,6637
14209,6723
14234,6724
14280,6680
14274,6696
14306,6759
14310,6768
14328,6721
14340,6724
14354,6796
14368,6832
14395,6795
14417,6779
14431,6847
14441,6893
14475,6831
14487,6826
14497,6894
14513,6929
14549,6905
14568,6888
14572,6954
14598,6988
14628,6958
14646,6945
14648,6995
14664,7046
14720,7039
14722,7012
14734,7054
14784,7100
14782,7104
14790,7072
14804,7118
14841,7178
14856,7162
14878,7146
14892,7184
14923,7251
14929,7255
14955,7215
14985,7248
15001,7321
15029,7296
15053,7291
15073,7314
15102,7378
15134,7393
15151,7373
15162,7398
15196,7486
15219,7486
15245,7497
15264,7483
15295,7575
15332,7613
15330,7582
15366,7591
15396,7667
15420,7705
15434,7670
15470,7683
15494,7766
15534,7808
15566,7798
15564,7812
15608,7854
15626,7914
15653,7886
15676,7871
15679,7981
15749,8046
15739,8003
15773,7971
15801,8063
15814,8133
15835,8097
15859,8105
15893,8155
15922,8228
15926,8219
15950,8191
15972,8237
15996,8308
16008,8298
16024,8252
16048,8314
16063,8382
16078,8358
16074,8354
16112,8382
16132,8468
16133,8460
16156,8430
16173,8475
16201,8562
16196,8561
16224,8501
16261,8529
16261,8590
16271,8619
16278,8567
16305,8606
16328,8674
16342,8678
16366,8632
16366,8705
10,8787
37,8777
32,8729
59,8775
88,8840
94,8894
88,8841
119,8845
161,8924
181,8951
173,8933
229,8945
249,9033
258,9085
261,9057
276,9044
310,9117
350,9194
356,9162
410,9158
431,9274
440,9337
446,9320
468,9287
501,9354
532,9464
538,9443
567,9393
607,9499
641,9595
639,9576
648,9554
703,9630
737,9753
769,9736
772,9751
800,9781
854,9902
852,9912
901,9870
932,9926
942,10053
970,10111
994,10041
1040,10109
1055,10230
1082,10286
1108,10184
1139,10254
1182,10416
1202,10420
1218,10410
1285,10435
1307,10561
1332,10660
1349,10757
1383,10683
1451,10559
1447,10721
1463,10886
1507,10854
1533,10697
1546,10868
1573,11099
1621,10989
1643,10857
1655,10975
1680,11187
1732,11193
1738,11042
1769,11084
1784,11319
1812,11272
1859,11134
1852,11188
1880,11412
1892,11391
1944,11255
1948,11355
1952,11504
1996,11488
2032,11409
2008,11447
2018,11604
2060,11622
2079,11468
2100,11483
2105,11724
2145,11711
2182,11533
2175,11530
2168,11767
2214,11780
2259,11613
2256,11588
2279,11805
2303,11895
2343,11731
2357,11712
2358,11902
2366,11978
2427,11800
2426,11764
2431,11976
2476,12056
2508,11860
2513,11922
2534,12159
2558,12128
2609,12018
2638,11970
2648,12232
2672,12248
2712,12142
2716,12068
2726,12300
2770,12354
2793,12262
2816,12164
2819,12416
2865,12453
2879,12327
2889,12241
2921,12503
2950,12557
2998,12448
3011,12360
3017,12572
3042,12643
3102,12519
3128,12455
3127,12686
3181,12796
3232,12713
3246,12549
3279,12711
3299,12849
3317,12727
3353,12607
3355,12893
3399,12935
3441,12843
3479,12775
3471,12951
3516,13070
3547,12948
3587,12870
3608,13033
3638,13178
3692,13028
3710,12998
3722,13166
3756,13249
3794,13093
3812,13072
3838,13218
3876,13346
3916,13228
3922,13121
3944,13217
3960,13404
4007,13445
4037,13264
4055,13279
4073,13475
4095,13448
4105,13357
4139,13406
4165,13552
4179,13459
4217,13364
4215,13461
4240,13643
4272,13538
4287,13450
4298,13468
4331,13679
4334,13595
4351,13430
4352,13565
4372,13742
4408,13608
4428,13500
4434,13631
4444,13767
4478,13744
4489,13590
4507,13676
4517,13762
4546,13766
4562,13563
4570,13662
4589,13839
4613,13861
4635,13642
4649,13732
4665,13910
4683,13784
4707,13698
4713,13741
4729,13916
4745,13893
4788,13697
4784,13840
4793,13989
4829,13979
4854,13796
4859,13899
4897,14054
4924,14038
4946,13882
4961,13837
4980,14085
5002,14108
5030,13918
5035,13955
5054,14172
5096,14176
5104,13988
5126,13974
5132,14179
5167,14145
5191,14052
5209,14042
5228,14280
5276,14249
5303,14167
5313,14120
5327,14295
5366,14354
5385,14178
5421,14202
5439,14372
5476,14371
5473,14333
5498,14221
5540,14375
5569,14518
5593,14276
5590,14340
5637,14433
5641,14564
5682,14421
5714,14341
5746,14630
5764,14621
5793,14496
5823,14407
5836,14666
5878,14726
5908,14520
5918,14509
5948,14726
5950,14749
6012,14683
6022,14532
6016,14759
6055,14794
6074,14761
6103,14598
6124,14760
6144,14910
6168,14842
6168,14724
6196,14892
6216,14966
6242,14804
6250,14778
6285,14875
6293,15006
6304,14928
6314,14808
6347,14971
6357,14925
6377,14918
6393,14950
6412,14990
6427,14974
6443,14952
6444,15005
6456,15042
6494,15018
6514,15009
6532,15049
6538,15105
6552,15056
6582,15050
6593,15104
6607,15165
6618,15110
6634,15094
6654,15152
6682,15202
6710,15157
6717,15153
6723,15200
6764,15264
6780,15241
6805,15205
6809,15249
6825,15315
6853,15302
6876,15261
6898,15308
6901,15375
6929,15377
6955,15321
6969,15373
7005,15425
7037,15440
7033,15402
7058,15443
7077,15485
7100,15523
7126,15500
7137,15518
7180,15594
7178,15606
7206,15546
7209,15602
7260,15663
7286,15673
7290,15640
7322,15639
7347,15757
7369,15783
7399,15748
7411,15745
7457,15855
7469,15869
7505,15836
7516,15870
7559,15927
7575,15984
7585,15941
7621,15945
7643,16022
7685,16101
7701,16077
7724,16054
7752,16152
7790,16214
7794,16168
7824,16184
7850,16233
7897,16305
7909,16295
7938,16296
7971,16351
7998,40
8016,46
8033,28
8073,71
8101,143
8112,151
8135,107
8171,161
8217,234
8197,245
8217,230
8233,261
8276,350
8277,365
8284,332
8334,356
8346,432
8370,462
8364,412
8398,437
8438,504
8430,528
8445,514
8449,513
8493,585
8507,637
8499,571
8538,570
8535,667
8581,699
8576,664
8594,658
8619,731
8626,817
8635,752
8650,740
8710,838
8712,852
8726,857
8742,839
8773,907
8786,985
8822,944
8831,921
8865,999
8896,1058
8897,1085
8912,1049
8925,1090
8963,1205
8951,1186
8991,1163
9019,1231
9055,1317
9047,1321
9070,1308
9128,1339
9150,1435
9170,1448
9168,1384
9244,1462
9242,1582
9236,1617
9281,1539
9318,1595
9344,1738
9354,1756
9372,1702
9413,1744
9440,1873
9453,1911
9475,1854
9521,1917
9565,2046
9595,2100
9607,1995
9638,2040
9692,2184
9687,2265
9727,2183
9763,2211
9833,2361
9812,2450
9846,2545
9901,2508
9926,2395
9956,2503
9962,2691
10004,2654
10038,2552
10059,2620
10094,2884
10123,2909
10184,2770
10189,2737
10211,3059
10261,3110
10273,2889
10324,2887
10323,3129
10367,3202
10401,3055
10419,3035
10426,3290
10456,3261
10488,3134
10518,3160
10532,3415
10545,3445
10584,3251
10610,3284
10604,3408
10637,3550
10667,3399
10675,3319
10709,3466
10717,3622
10757,3484
10793,3445
10779,3589
10806,3677
10835,3589
10853,3483
10848,3640
10887,3819
10928,3694
10917,3626
10942,3807
10944,3886
10995,3785
11014,3734
11004,3878
11039,3985
11083,3851
11092,3749
11097,3862
11137,4059
11145,3941
11183,3871
11183,3924
11199,4153
11248,4084
11282,3992
11284,4038
11306,4286
11318,4158
11356,4030
11354,4098
11385,4304
11435,4336
11449,4197
11455,4198
11478,4399
11531,4397
11551,4177
11561,4271
11570,4532
11632,4468
11662,4336
11667,4308
11696,4569
11716,4604
11765,4461
11778,4450
11790,4631
11804,4692
11853,4560
11870,4548
11865,4779
11893,4802
11955,4633
11983,4598
11988,4838
12042,4866
12084,4773
12093,4714
12096,4885
12166,4982
12183,4915
12210,4817
12228,4964
12259,5118
12305,5020
12315,4886
12321,5100
12369,5165
12400,5056
12435,4987
12446,5153
12476,5263
12531,5071
12528,5096
12540,5192
12569,5360
12619,5281
12647,5157
12649,5251
12677,5438
12713,5379
12759,5196
12751,5299
12769,5531
12802,5444
12817,5298
12848,5347
12852,5576
12874,5506
12896,5394
12907,5430
12939,5618
12944,5624
12977,5375
13005,5553
12997,5662
13025,5637
13060,5414
13083,5429
13073,5673
13100,5657
13120,5443
13128,5476
13145,5716
13168,5722
13190,5584
13182,5552
13193,5747
13217,5762
13238,5608
13242,5633
13257,5771
13285,5854
13325,5668
13331,5559
13331,5851
13375,5843
13394,5756
13408,5645
13424,5897
13448,5917
13460,5722
13474,5748
13476,5892
13498,5987
13544,5832
13558,5763
13570,5990
13582,6044
13600,5902
13632,5848
13632,5992
13672,6080
13704,5974
13713,5861
13749,6048
13763,6119
13801,6051
13813,5987
13831,6103
13848,6209
13889,6018
13886,5992
13901,6153
13944,6270
13954,6204
13979,6053
14024,6149
14048,6328
14063,6226
14089,6148
14123,6262
14127,6407
14165,6363
14185,6185
14217,6276
14239,6443
14273,6278
14285,6267
14297,6390
14329,6545
14353,6565
14390,6351
14404,6392
14436,6585
14460,6584
14492,6400
14504,6452
14538,6665
14562,6543
14566,6514
14594,6552
14628,6647
14654,6620
14688,6660
14678,6718
14732,6712
14738,6688
14758,6739
14790,6788
14816,6765
14817,6727
14860,6766
14853,6835
14871,6821
14911,6779
14901,6814
14922,6899
14947,6887
14954,6820
14973,6861
15011,6948
15031,6935
15031,6883
15063,6917
15063,6977
15083,6995
15097,6934
15131,6974
15133,7015
15149,7026
15159,6985
15162,7006
15183,7072
15224,7090
15216,7022
15256,7040
15264,7119
15278,7132
15290,7078
15326,7111
15340,7185
15344,7210
15363,7155
15378,7180
15416,7228
15442,7266
15454,7219
15472,7222
15490,7321
15522,7322
15534,7288
15554,7300
15587,7365
15612,7402
15600,7379
15629,7363
15667,7407
15691,7481
15689,7449
15715,7419
15741,7509
15741,7542
15783,7512
15817,7509
15841,7610
15861,7633
15885,7608
15905,7602
15929,7677
15973,7705
15955,7721
15983,7703
16028,7765
16040,7814
16069,7793
16087,7785
16120,7856
16138,7910
16162,7909
16186,7886
16216,7950
16255,8020
16285,8029
16290,8019
16330,8061
16378,8151
8,8151
34,8144
70,8182
86,8251
120,8265
132,8250
157,8299
214,8366
215,8421
247,8373
261,8409
289,8490
333,8539
344,8519
379,8511
399,8619
431,8671
443,8653
457,8638
490,8706
511,8782
529,8759
565,8738
582,8836
614,8876
604,8853
636,8833
652,8900
680,8954
678,8947
708,8928
720,8998
744,9025
758,9047
796,9006
803,9071
826,9136
831,9139
861,9095
897,9137
899,9219
909,9216
905,9169
953,9216
961,9342
972,9305
999,9263
1037,9299
1053,9395
1039,9400
1068,9350
1100,9421
1122,9518
1135,9528
1152,9482
1180,9506
1210,9628
1238,9649
1247,9558
1290,9626
1324,9753
1330,9741
1324,9718
1387,9748
1426,9892
1421,9893
1429,9832
1470,9878
1494,10005
1507,10019
1520,9975
1568,10010
1573,10151
1619,10215
1636,10124
1681,10152
1717,10334
1724,10336
1754,10284
1804,10298
1842,10480
1840,10524
1866,10394
1927,10453
1968,10643
1948,10674
1973,10588
2031,10631
2046,10812
2074,10862
2101,10779
2131,10779
2175,10940
2194,11018
2211,10953
2281,10952
2320,11113
2322,11166
2343,11115
2407,11132
2429,11239
2452,11350
2474,11293
2505,11252
2545,11405
2565,11502
2575,11419
2629,11407
2659,11563
2682,11630
2692,11541
2732,11548
2776,11682
2782,11754
2804,11694
2842,11675
2879,11781
2874,11862
2896,11783
2944,11770
2958,11866
2964,11965
2981,11887
2989,11857
3036,11968
3040,12034
3056,11980
3091,11946
3115,12048
3143,12125
3133,12083
3179,12029
3198,12108
3205,12212
3211,12150
3245,12103
3281,12159
3269,12264
3307,12241
3319,12159
3352,12232
3363,12346
3370,12300
3400,12242
3448,12329
3440,12427
3465,12411
3504,12359
3530,12396
3549,12511
3550,12489
3573,12423
3620,12488
3634,12597
3642,12558
3691,12514
3700,12570
3724,12675
3738,12658
3766,12600
3808,12643
3807,12752
3826,12749
3866,12661
3890,12732
3904,12855
3928,12834
3944,12760
3992,12814
4022,12930
4008,12938
4059,12888
4085,12908
4121,13013
4118,13000
4153,12956
4187,12985
4203,13100
4227,13103
4265,13045
4274,13063
4316,13179
4317,13196
4342,13135
4384,13119
4409,13265
4452,13294
4456,13224
4498,13230
4522,13344
4557,13385
4575,13319
4606,13327
4624,13424
4657,13514
4688,13411
4712,13400
4745,13517
4775,13541
4785,13522
4812,13504
4853,13595
4867,13641
4899,13585
4913,13566
4937,13666
4961,13717
4975,13649
5019,13621
5061,13719
5060,13773
5085,13720
5120,13702
5125,13777
5147,13817
5168,13791
5188,13759
5187,13846
5204,13898
5224,13825
5246,13797
5260,13882
5266,13935
5298,13881
5300,13852
5326,13914
5360,13966
5369,13922
5381,13873
5396,13954
5406,14030
5424,13953
5441,13919
5457,13985
5480,14063
5491,14015
5513,13945
5539,14021
5533,14105
5552,14071
5564,14023
5606,14066
5601,14130
5636,14124
5666,14068
5660,14114
5688,14186
5702,14160
5728,14098
5754,14153
5747,14233
5780,14189
5790,14162
5818,14188
5834,14290
5852,14264
5881,14214
5903,14252
5925,14325
5936,14322
5964,14254
5985,14309
5991,14382
6013,14393
6027,14342
6073,14366
6083,14457
6105,14442
6145,14369
6160,14412
6186,14515
6192,14503
6213,14452
6245,14509
6274,14579
6290,14578
6330,14536
6358,14540
6392,14641
6394,14647
6410,14609
6442,14620
6455,14697
6477,14710
6524,14686
6541,14699
6569,14765
6597,14811
6631,14743
6647,14778
6673,14842
6698,14874
6723,14852
6753,14859
6779,14905
6797,14951
6839,14920
6857,14932
6883,14979
6897,15015
6916,14992
6938,14974
6956,15024
6986,15101
6992,15068
7021,15037
7049,15108
7055,15149
7088,15129
7102,15098
7117,15134
7141,15189
7175,15209
7169,15149
7183,15209
7209,15247
7225,15253
7247,15225
7251,15243
7286,15309
7299,15283
7300,15274
7320,15276
7338,15346
7359,15346
7373,15285
7378,15349
7412,15402
7416,15392
7432,15362
7457,15394
7466,15453
7496,15450
7519,15406
7513,15437
7543,15511
7565,15518
7587,15447
7605,15492
7620,15556
7637,15604
7667,15522
7665,15549
7709,15626
7712,15655
7742,15605
7741,15604
7784,15688
7804,15704
7806,15670
7838,15697
7848,15768
7900,15788
7917,15773
7922,15742
7943,15845
7968,15879
7997,15853
8013,15849
8036,15911
8075,15963
8104,15944
8089,15927
8126,16010
8148,16058
8161,16055
8179,16039
8204,16088
8246,16151
8278,16148
8266,16125
8310,16184
8363,16239
8384,16258
8395,16230
8419,16275
8449,16351
8489,16375
8487,16380
8511,16380
8555,82
8596,102
8623,95
8640,102
8672,208
8699,273
8724,243
8748,264
8796,340
8802,388
8828,367
8866,393
8912,485
8937,535
8948,514
8991,523
9025,590
9054,672
9054,645
9077,631
9103,693
9151,771
9146,772
9173,759
9205,821
9221,917
9251,873
9246,868
9295,921
9313,1008
9336,1014
9336,944
9383,1020
9403,1100
9407,1075
9416,1042
9462,1090
9490,1216
9466,1187
9495,1120
9526,1182
9550,1281
9534,1281
9563,1224
9604,1254
9621,1367
9631,1402
9620,1315
9673,1337
9699,1445
9702,1499
9709,1411
9742,1410
9763,1550
9775,1595
9789,1518
9824,1548
9875,1649
9866,1704
9878,1626
9904,1666
9934,1772
9944,1832
9957,1755
9997,1759
10040,1886
10062,1921
10052,1877
10085,1865
10126,2019
10126,2072
10144,2032
10194,2022
10224,2175
10248,2195
10276,2179
10304,2169
10353,2296
10362,2358
10375,2292
10396,2306
10431,2434
10441,2499
10455,2451
10489,2451
10547,2563
10561,2654
10589,2608
10625,2630
10669,2713
10695,2841
10707,2806
10760,2765
10780,2838
10800,2808
10839,3022
10864,3080
10916,2962
10942,3000
10942,3197
10987,3315
11028,3167
11039,3205
11064,3367
11104,3422
11140,3346
11164,3298
11201,3489
11226,3598
11276,3474
11300,3434
11327,3707
11357,3702
11401,3572
11431,3509
11423,3677
11458,3857
11497,3833
11499,3644
11502,3876
11541,3935
11586,3870
11588,3786
11604,3871
11627,4009
11674,3883
11692,3874
11710,4054
11729,4126
11759,4059
11772,3926
11783,4039
11797,4219
11814,4082
11848,4035
11871,4114
11877,4330
11914,4122
11908,4017
11915,4167
11932,4370
11976,4362
12017,4154
11998,4220
12024,4357
12054,4336
12066,4214
12077,4325
12097,4488
12132,4456
12162,4291
12157,4295
12195,4552
12229,4551
12254,4399
12252,4423
12266,4663
12288,4620
12314,4422
12324,4499
12350,4698
12394,4725
12416,4582
12430,4544
12444,4777
12465,4787
12501,4608
12531,4631
12551,4853
12561,4956
12607,4750
12617,4717
12624,4849
12664,4968
12684,4886
12704,4848
12728,5018
12744,5084
12764,4974
12801,4921
12813,5076
12845,5161
12883,5063
12896,4914
12937,5138
12951,5203
12987,5085
13004,5003
13047,5174
13052,5314
13105,5204
13118,5180
13154,5222
13162,5416
13195,5364
13226,5200
13260,5342
13275,5480
13300,5370
13314,5226
13337,5404
13381,5551
13407,5449
13411,5370
13449,5462
13461,5635
13510,5513
13539,5424
13555,5521
13571,5705
13577,5652
13621,5495
13639,5647
13664,5725
13684,5678
13706,5560
13746,5641
13736,5841
13776,5804
13786,5660
13812,5669
13826,5878
13847,5803
13868,5664
13867,5782
13885,5924
13901,5860
13927,5711
13936,5824
13956,5935
13965,5927
14005,5773
14005,5785
14030,6018
14045,6019
14055,5745
14043,5862
14070,6075
14103,6006
14106,5826
14120,5884
14129,6096
14169,6017
14164,5898
14178,5947
14222,6088
14220,6148
14246,5952
14259,5959
14288,6134
14300,6184
14314,6014
14325,5939
14349,6185
14374,6167
14389,6031
14409,6095
14436,6239
14445,6258
14461,6104
14489,6094
14505,6263
14534,6312
14533,6230
14572,6111
14590,6355
14613,6372
14641,6203
14663,6176
14685,6435
14719,6474
14716,6275
14744,6216
14766,6460
14802,6504
14815,6397
14850,6337
14854,6517
14886,6606
14892,6472
14918,6382
14938,6514
14973,6651
14993,6540
15027,6484
15049,6648
15085,6724
15086,6562
15127,6514
15186,6595
15188,6726
15208,6687
15238,6603
15264,6768
15284,6900
15292,6739
15331,6689
15359,6758
15385,6959
15407,6965
15430,6708
15461,6811
15479,7050
15503,6939
15521,6801
15552,7003
15575,6970
15579,6960
15613,7028
15660,7063
15672,7046
15686,7030
15714,7084
15720,7114
15740,7092
15752,7084
15774,7147
15798,7203
15818,7169
15836,7148
15836,7180
15864,7246
15875,7218
15897,7205
15896,7233
15948,7290
15950,7283
15965,7240
15986,7280
15990,7338
16016,7330
16020,7294
16058,7324
16078,7382
16078,7390
16104,7348
16109,7400
16143,7443
16155,7428
16170,7419
16187,7451
16204,7492
16237,7494
16239,7487
16269,7499
16279,7583
16309,7589
16323,7555
16349,7560
16369,7631
31,7656
3,7611
47,7651
69,7705
89,7718
94,7700
121,7717
167,7792
166,7826
187,7774
191,7773
244,7866
264,7909
293,7849
318,7875
342,7956
377,7998
379,7982
406,7974
429,8024
465,8081
476,8054
518,8064
536,8136
556,8216
578,8184
592,8180
630,8242
672,8316
670,8309
692,8271
735,8394
772,8435
789,8438
812,8412
870,8506
904,8556
910,8555
919,8529
975,8610
1023,8704
1016,8700
1056,8672
1093,8750
1124,8867
1133,8862
1161,8812
1209,8886
1254,9003
1261,8993
1279,8945
1319,9012
1353,9138
1377,9131
1387,9078
1437,9138
1458,9249
1480,9256
1483,9223
1521,9263
1547,9379
1565,9371
1567,9343
1602,9368
1642,9494
1641,9521
1659,9437
1692,9475
1713,9601
1711,9610
1729,9541
1770,9554
1805,9671
1798,9707
1831,9632
1855,9661
1896,9757
1888,9790
1887,9719
1908,9732
1934,9861
1947,9890
1950,9806
1970,9835
2020,9945
2024,9974
2012,9914
2048,9952
2091,10052
2096,10085
2109,10011
2159,10080
2188,10173
2189,10231
2227,10147
2249,10155
2283,10285
2289,10319
2299,10277
2337,10263
2376,10408
2396,10437
2389,10384
2429,10415
2463,10499
2465,10607
2489,10541
2532,10519
2564,10642
2591,10734
2589,10679
2646,10790
2686,10686
2686,10748
2709,10899
2736,10985
2788,10806
2779,10787
2814,11015
2850,11114
2895,11006
2916,11039
2912,11200
2965,11338
3007,11150
3035,11125
3041,11303
3105,11439
3151,11313
3163,11275
3173,11495
3205,11592
3261,11503
3286,11446
3301,11725
3346,11718
3376,11674
3421,11637
3430,11758
3456,11912
3500,11865
3541,11713
3519,11862
3562,12062
3620,12011
3639,11878
3646,12060
3653,12234
3703,12101
3731,11987
3765,12064
3783,12342
3813,12247
3842,12116
3840,12244
3888,12407
3902,12338
3922,12192
3940,12352
3958,12449
3988,12412
4004,12222
4022,12340
4024,12545
4061,12479
4097,12360
4097,12388
4109,12550
4117,12597
4152,12405
4159,12495
4192,12664
4204,12633
4220,12484
4236,12516
4251,12730
4272,12719
4292,12527
4298,12518
4329,12757
4357,12843
4353,12644
4361,12665
4393,12834
4417,12872
4435,12724
4469,12737
4463,12967
4507,12965
4530,12746
4547,12798
4561,12925
4576,13034
4612,12858
4634,12840
4628,13083
4676,13123
4708,12909
4727,12906
4718,13087
4757,13204
4778,13010
4795,13009
4815,13135
4843,13233
4905,13146
4887,13052
4907,13270
4935,13368
4963,13221
4983,13095
5013,13307
5033,13415
5053,13284
5071,13171
5094,13426
5124,13500
5152,13423
5178,13259
5188,13420
5226,13537
5254,13480
5279,13313
5294,13450
5317,13680
5349,13603
5369,13423
5405,13554
5439,13688
5445,13662
5479,13504
5509,13604
5533,13847
5553,13787
5585,13615
5615,13674
5635,13880
5647,13801
5690,13716
5708,13730
5742,13927
5751,13875
5784,13757
5804,13827
5830,14015
5848,14034
5872,13808
5897,13889
5915,14084
5937,14045
5950,13922
5991,13993
5985,14085
6021,14180
6039,13941
6065,13998
6085,14184
6103,14168
6113,14067
6138,14024
6143,14266
6170,14240
6169,14069
6191,14101
6205,14273
6214,14216
6246,14128
6246,14083
6271,14300
6280,14379
6303,14091
6339,14148
6335,14314
6355,14351
6363,14167
6383,14159
6401,14362
6413,14408
6416,14292
6440,14202
6457,14366
6471,14422
6506,14264
6516,14249
6523,14343
6555,14484
6557,14447
6595,14314
6591,14454
6615,14517
6641,14403
6659,14332
6675,14439
6689,14600
6713,14476
6738,14364
6770,14605
6777,14680
6794,14503
6810,14431
6834,14552
6849,14715
6901,14635
6907,14523
6928,14709
6943,14787
6973,14713
6975,14620
7008,14715
7037,14855
7046,14748
7068,14702
7113,14693
7158,14895
7164,14771
7178,14680
7183,14752
7238,14942
7266,15006
7276,14810
7306,14844
7334,15072
7353,15061
7385,14941
7408,14870
7435,15141
7457,15143
7477,14902
7496,15008
7556,15170
7568,15114
7588,15107
7615,15185
7676,15195
7680,15159
7688,15176
7718,15249
7749,15278
7757,15241
7795,15245
7821,15345
7837,15357
7871,15331
7878,15328
7904,15382
7935,15434
7942,15406
7967,15404
8002,15454
8009,15515
8034,15476
8061,15467
8070,15502
8106,15574
8119,15530
8123,15521
8149,15547
8192,15598
8187,15590
8195,15579
8216,15614
8232,15652
8246,15655
8240,15629
8270,15654
8297,15720
8313,15719
8329,15705
8334,15699
8389,15777
8388,15801
8405,15749
8432,15752
8468,15834
8498,15848
8486,15806
8494,15824
8540,15884
8558,15928
8572,15868
8586,15877
8593,15941
8627,15987
8631,15969
8649,15957
8681,16031
8713,16070
8724,16035
8746,16044
8783,16115
8824,16160
8822,16143
8850,16102
8904,16194
8898,16262
8924,16237
8935,16210
8967,16273
9001,16343
9003,16331
9017,16315
9058,16372
9105,49
9119,47
9113,43
9154,82
9208,168
9217,147
9230,148
9260,185
9333,284
9326,285
9366,272
9378,296
9421,400
9444,411
9462,401
9493,427
9537,517
9543,548
9557,529
9587,538
9645,653
9668,712
9691,680
9727,703
9764,807
9792,866
9820,860
9852,856
9894,944
9930,1004
9941,1018
9979,977
10028,1070
10025,1179
10053,1172
10081,1153
10129,1208
10136,1321
10151,1313
10171,1285
10214,1341
10247,1460
10255,1476
10270,1405
10302,1455
10341,1562
10368,1586
10365,1516
10395,1548
10419,1689
10457,1698
10444,1642
10477,1675
10516,1751
10512,1802
10536,1704
10555,1740
10582,1857
10568,1886
10575,1767
10619,1831
10637,1945
10663,1969
10667,1909
10718,1912
10731,2038
10737,2079
10755,2010
10805,2015
10805,2143
10809,2174
10841,2125
10864,2120
10904,2246
10908,2284
10894,2222
10946,2216
10966,2330
10960,2412
10987,2346
11005,2342
11053,2448
11087,2527
11081,2481
11137,2446
11153,2581
11158,2666
11184,2600
11187,2571
11260,2694
11275,2783
11290,2744
11314,2714
11340,2804
11348,2923
11369,2871
11390,2851
11448,2940
11456,3069
11479,3041
11497,2999
11528,3062
11558,3165
11593,3206
11613,3141
11661,3195
11687,3346
11703,3335
11725,3262
11789,3335
11789,3496
11816,3478
11849,3441
11905,3453
11898,3623
11936,3667
11950,3595
11992,3618
12012,3761
12034,3807
12085,3719
12115,3726
12157,3885
12151,3954
12206,3869
12241,3856
12247,3999
12279,4058
12300,4002
12344,4004
12374,4105
12368,4189
12405,4130
12452,4094
12464,4231
12483,4305
12505,4216
12513,4202
12570,4292
12543,4375
12588,4340
12616,4291
12652,4393
12639,4468
12671,4396
12708,4346
12730,4450
12734,4539
12742,4487
12790,4416
12784,4506
12802,4615
12824,4545
12853,4485
12851,4575
12857,4660
12881,4617
12897,4558
12935,4617
12953,4730
12978,4690
12974,4626
13006,4681
13000,4774
13026,4762
13056,4683
13074,4750
13100,4818
13097,4823
13119,4765
13147,4795
13167,4891
13180,4940
13189,4834
13230,4849
13232,4967
13252,4982
13272,4902
13318,4894
13298,5028
13332,5046
13374,4988
13391,4997
13406,5094
13440,5131
13443,5077
13493,5032
13503,5134
13504,5181
13525,5126
13563,5127
13581,5221
13605,5245
13624,5210
13648,5197
13676,5305
13682,5350
13712,5291
13734,5253
13766,5341
13786,5428
13804,5376
13830,5340
13867,5416
13871,5492
13917,5465
13935,5387
13945,5485
13961,5565
14003,5532
14013,5485
14055,5564
14075,5640
14103,5611
14125,5575
14169,5644
14164,5724
14196,5674
14206,5651
14249,5701
14283,5786
14309,5778
14335,5730
14354,5792
14388,5870
14404,5840
14428,5784
14438,5854
14470,5924
14496,5921
14529,5865
14544,5908
14551,5981
14587,5958
14591,5924
14622,5974
14641,6040
14664,6018
14667,5959
14705,6023
14723,6083
14711,6083
14745,6016
14745,6052
14785,6149
14797,6127
14825,6065
14823,6100
14841,6177
14861,6144
14885,6109
14889,6137
14919,6207
14921,6203
14929,6139
14945,6164
14956,6251
14973,6239
14990,6164
15014,6202
15044,6284
15048,6270
15070,6237
15086,6243
15096,6300
15134,6325
15130,6263
15144,6290
15152,6368
15188,6378
15196,6324
15220,6339
15214,6400
15253,6425
15281,6384
15301,6387
15312,6456
15335,6477
15343,6440
15375,6442
15409,6513
15413,6523
15457,6497
15455,6497
15477,6575
15501,6589
15533,6558
15537,6540
15560,6631
15595,6671
15624,6624
15639,6620
15672,6669
15680,6735
15706,6696
15736,6671
15755,6751
15772,6807
15804,6786
15845,6754
15842,6815
15884,6862
15922,6838
15930,6841
15948,6905
15992,6956
16014,6930
16048,6922
16067,6962
16121,7044
16136,7026
16154,6997
16177,7049
16209,7111
16243,7123
16253,7109
16279,7131
16321,7205
16349,7221
16352,7184
7,7203
34,7279
57,7290
67,7263
81,7295
140,7367
163,7365
175,7331
181,7385
237,7425
253,7427
265,7413
284,7435
293,7482
325,7524
343,7505
348,7490
383,7546
399,7577
412,7546
418,7550
459,7623
496,7664
496,7604
528,7588
539,7652
563,7692
570,7649
576,7654
623,7725
635,7761
628,7714
650,7704
670,7782
701,7842
700,7800
723,7775
745,7849
756,7907
764,7857
812,7853
833,7941
869,7985
887,7951
891,7945
919,7999
949,8053
979,8003
952,7991
1023,8082
1039,8157
1043,8126
1071,8121
1103,8165
1143,8235
1155,8205
1160,8185
1213,8252
1221,8345
1242,8302
1283,8266
1311,8336
1349,8433
1341,8445
1364,8403
1404,8454
1449,8538
1465,8549
1474,8497
1516,8567
1552,8666
1577,8693
1578,8634
1616,8715
1662,8791
1640,8799
1702,8743
1734,8811
1784,8940
1796,8954
1812,8935
1854,8944
1900,9048
1914,9070
1908,9045
1970,9095
2015,9204
2033,9286
2048,9215
2085,9231
2119,9357
2153,9405
2169,9367
2221,9429
2250,9527
2277,9607
2279,9523
2322,9559
2373,9668
2383,9735
2417,9682
2445,9725
2487,9836
2511,9903
2517,9821
2558,9828
2595,9949
2589,10036
2616,9956
2640,9962
2684,10084
2686,10148
2692,10087
2725,10072
2766,10154
2772,10256
2778,10186
2816,10172
2852,10288
2856,10368
2860,10334
2900,10280
2898,10380
2922,10453
2934,10407
2960,10354
2997,10445
2979,10541
3017,10526
3037,10445
3059,10507
3073,10620
3065,10594
3096,10563
3126,10620
3144,10736
3176,10716
3180,10638
3242,10708
3222,10827
3258,10850
3269,10784
3299,10828
3334,10951
3327,10939
3350,10875
3381,10910
3397,11041
3421,11087
3434,10996
3472,11005
3483,11181
3491,11210
3525,11112
3577,11185
3607,11277
3604,11342
3634,11259
3676,11289
3702,11402
3708,11464
3736,11356
3768,11403
3792,11550
3795,11606
3847,11513
3873,11517
3899,11693
3911,11741
3939,11721
3979,11655
4010,11781
4034,11884
4040,11824
4080,11824
4112,11929
4128,12024
4164,11996
4207,11934
4244,12052
4244,12159
4288,12117
4297,12055
4349,12167
4363,12278
4397,12253
4421,12209
4457,12283
4480,12383
4503,12361
4530,12328
4562,12407
4580,12506
4602,12493
4631,12471
4666,12500
4680,12630
4696,12620
4723,12564
4781,12591
4775,12715
4799,12720
4821,12647
4861,12673
4863,12774
4873,12784
4880,12728
4937,12758
4947,12848
4959,12880
4982,12813
4992,12807
5044,12912
5046,12965
5058,12856
5061,12878
5094,12982
5089,13005
5105,12936
5146,12907
5147,13012
5167,13075
5183,12975
5209,12941
5221,13073
5246,13126
5252,13054
5270,13019
5290,13113
5302,13185
5310,13120
5327,13079
5362,13173
5385,13246
5385,13179
5415,13139
5433,13229
5445,13305
5481,13237
5501,13205
5521,13279
5529,13369
5553,13320
5564,13270
5592,13359
5606,13425
5630,13394
5654,13334
5678,13409
5694,13508
5712,13467
5740,13405
5768,13479
5761,13575
5791,13528
5829,13495
5833,13555
5871,13628
5891,13605
5919,13551
5930,13592
5958,13708
5986,13677
5995,13639
6014,13660
6056,13770
6089,13764
6088,13713
6126,13759
6132,13824
6166,13834
6192,13767
6221,13812
6255,13895
6257,13911
6297,13860
6315,13901
6336,13968
6381,13979
6399,13940
6415,13958
6436,14047
6472,14070
6504,14020
6504,14023
6540,14090
6572,14135
6580,14080
6606,14100
6628,14164
6640,14195
6690,14143
6710,14151
6744,14215
6771,14285
6787,14238
6799,14208
6809,14278
6849,14351
6870,14290
6885,14268
6902,14326
6919,14397
6930,14352
6968,14316
6972,14371
6984,14443
7024,14414
7028,14356
7037,14425
7067,14488
7093,14439
7094,14407
7095,14447
7129,14519
7155,14518
7137,14429
7147,14481
7178,14560
7213,14540
7200,14493
7228,14511
7244,14592
7266,14573
7297,14519
7288,14556
7304,14634
7330,14612
7319,14562
7361,14584
7369,14677
7393,14653
7405,14618
7429,14642
7432,14702
7477,14700
7471,14662
7498,14682
7523,14751
7550,14772
7566,14713
7583,14733
7610,14819
7638,14823
7652,14774
7664,14783
7677,14857
7713,14867
7725,14844
7734,14838
7757,14924
7792,14941
7809,14903
7829,14900
7842,14962
7910,15008
7919,14981
7950,14986
7954,15030
8004,15086
8012,15066
8042,15044
8061,15099
8117,15165
8105,15148
8135,15135
8153,15162
8191,15223
8215,15227
8230,15211
8268,15256
8286,15313
8322,15330
8346,15279
8360,15340
8401,15424
8445,15414
8447,15377
8477,15408
8526,15484
8561,15508
8575,15485
8606,15498
8637,15577
8660,15588
8693,15563
8704,15580
8738,15646
8767,15687
8788,15703
8796,15669
8837,15741
8870,15786
8871,15766
8898,15731
8937,15807
8956,15866
8977,15834
9002,15814
9030,15887
9056,15937
9068,15911
9092,15908
9098,15943
9101,16001
9133,16010
9158,15970
9191,16010
9209,16061
9233,16066
9233,16021
9254,16058
9258,16112
9304,16121
9293,16079
9324,16113
9352,16168
9368,16186
9376,16144
9409,16168
9423,16237
9453,16278
9453,16239
9478,16227
9517,16315
9531,16349
9536,16288
9544,16322
9586,16379
9627,56
9605,16382
9648,18
9691,85
9716,108
9718,114
9732,79
9781,167
9806,210
9832,205
9838,166
9868,278
9904,330
9928,310
9929,303
9956,365
9993,491
10004,413
10016,400
10055,432
10115,555
10119,549
10115,511
10174,582
10218,693
10239,674
10245,628
10289,716
10329,833
10323,827
10349,775
10413,823
10454,945
10450,982
10464,940
10510,976
10552,1116
10572,1124
10580,1083
10615,1101
10676,1230
10681,1275
10711,1245
10758,1279
10781,1434
10827,1465
10816,1399
10861,1447
10927,1557
10919,1611
10966,1607
10984,1610
11036,1709
11038,1822
11070,1760
11104,1761
11150,1863
11152,1970
11179,1942
11185,1896
11247,2007
11256,2113
11275,2109
11321,2059
11333,2108
11353,2211
11374,2212
11421,2166
11462,2216
11458,2332
11453,2334
11496,2263
11532,2334
11538,2454
11540,2472
11543,2354
11595,2412
11608,2566
11628,2550
11641,2449
11673,2502
11685,2623
11685,2627
11693,2555
11737,2605
11757,2700
11762,2738
11781,2636
11809,2673
11825,2775
11830,2830
11860,2755
11882,2754
11906,2885
11894,2946
11911,2869
11949,2866
11982,2986
11986,3034
12007,2973
12039,2939
12042,3084
12063,3153
12097,3075
12125,3047
12145,3180
12160,3248
12181,3192
12211,3199
12223,3331
12251,3384
12270,3296
12278,3290
12314,3405
12344,3488
12332,3444
12374,3406
12400,3506
12410,3592
12426,3576
12466,3517
12526,3635
12515,3744
12547,3693
12558,3685
12604,3761
12623,3879
12642,3831
12678,3768
12708,3869
12746,3977
12747,3989
12784,3935
12820,3996
12838,4108
12871,4093
12889,4040
12917,4111
12943,4222
12967,4211
13004,4175
13039,4213
13063,4355
13097,4374
13128,4319
13161,4309
13160,4450
13200,4471
13226,4411
13250,4412
13269,4563
13296,4581
13318,4528
13352,4529
13360,4637
13390,4690
13408,4628
13442,4616
13449,4716
13481,4771
13493,4703
13527,4696
13541,4799
13571,4863
13579,4802
13617,4742
13625,4869
13653,4912
13655,4837
13675,4821
13695,4925
13705,4979
13737,4902
13730,4865
13769,4976
13772,5047
13800,4968
13802,4935
13818,5027
13804,5080
13854,5002
13868,4987
13880,5062
13899,5128
13912,5081
13942,5039
13957,5109
13967,5203
14001,5137
14003,5089
14028,5160
14043,5241
14064,5204
14095,5166
14095,5231
14121,5288
14132,5241
14144,5207
14169,5291
14199,5359
14207,5307
14233,5255
14253,5343
14273,5427
14297,5385
14305,5335
14336,5398
14328,5490
14370,5434
14389,5399
14440,5471
14426,5566
14463,5500
14466,5458
14512,5524
14520,5607
14543,5594
14580,5529
14582,5595
14625,5677
14633,5646
14654,5596
14682,5666
14686,5756
14726,5726
14752,5666
14790,5724
14798,5825
14846,5783
14842,5746
14867,5805
14890,5883
14928,5859
14932,5817
14948,5859
14994,5946
15022,5947
15044,5890
15052,5937
15088,6020
15094,6012
15130,5964
15168,6025
15176,6087
15239,6097
15222,6033
15254,6089
15279,6157
15319,6144
15319,6086
15360,6155
15367,6215
15413,6193
15427,6155
15423,6192
15477,6261
15504,6262
15501,6238
15535,6258
15550,6339
15581,6348
15594,6267
15608,6315
15625,6377
15639,6372
15663,6345
15671,6351
15693,6423
15721,6421
15725,6385
15751,6401
15759,6461
15799,6451
15785,6404
15801,6425
15829,6500
15833,6491
15847,6449
15865,6469
15893,6525
15901,6517
15915,6477
15923,6508
15956,6584
15976,6568
15986,6528
15977,6540
16024,6618
16036,6620
16060,6588
16052,6607
16088,6651
16105,6668
16120,6605
16124,6624
16162,6693
16188,6711
16186,6673
16204,6680
16235,6751
16266,6784
16272,6733
16280,6754
16319,6815
16356,6838
16369,6808
16378,6795
35,6871
52,6894
74,6873
81,6864
114,6931
156,6959
158,6932
170,6929
202,7006
252,7053
262,6995
278,6988
298,7083
334,7102
374,7074
378,7094
428,7164
456,7172
469,7161
508,7194
528,7231
568,7284
586,7264
616,7250
646,7298
676,7360
684,7360
708,7353
736,7410
790,7462
820,7462
823,7448
888,7509
906,7554
924,7531
956,7542
992,7596
1048,7662
1070,7661
1064,7614
1108,7689
1136,7746
1146,7734
1178,7726
1197,7757
1240,7816
1256,7834
1276,7806
1278,7852
1326,7912
1350,7899
1344,7895
1398,7928
1414,7990
1425,7981
1444,7964
1502,7994
1506,8074
1522,8074
1524,8024
1553,8071
1595,8111
1594,8124
1601,8096
1620,8112
1656,8201
1678,8195
1668,8160
1690,8200
1728,8262
1722,8290
1740,8240
1764,8262
1826,8342
1834,8364
1846,8296
1883,8343
1918,8406
1919,8441
1926,8421
1952,8432
1983,8498
2010,8532
2006,8508
2060,8512
2083,8589
2094,8623
2093,8609
2118,8612
2189,8708
2195,8742
2198,8720
2231,8724
2261,8800
2296,8842
2317,8815
2333,8832
2391,8940
2414,8979
2406,8954
2473,8939
2489,9075
2507,9107
2543,9083
2555,9091
2585,9197
2613,9273
2625,9245
2674,9236
2703,9306
2716,9421
2731,9367
2780,9328
2821,9452
2860,9570
2874,9534
2906,9552
2955,9600
2956,9711
2986,9714
3014,9670
3060,9750
3086,9874
3082,9919
3147,9823
3155,9917
3203,10080
3219,10058
3217,9994
3283,10077
3325,10216
3337,10272
3367,10187
3389,10249
3423,10346
3448,10421
3477,10327
3511,10371
3549,10551
3549,10589
3592,10475
3612,10513
3631,10688
3664,10699
3664,10620
3711,10645
3714,10785
3739,10819
3762,10760
3792,10755
3814,10910
3818,10934
3839,10871
3869,10900
3912,11001
3917,11035
3935,10949
3930,10958
3973,11111
3987,11162
3997,11059
4029,11055
4025,11149
4046,11221
4055,11147
4076,11128
4096,11232
4098,11322
4138,11244
4152,11248
4168,11322
4178,11422
4193,11351
4197,11311
4245,11411
4258,11524
4263,11425
4300,11404
4327,11490
4325,11590
4344,11556
4376,11505
4387,11589
4414,11702
4424,11672
4450,11606
4476,11679
4482,11775
4507,11789
4533,11721
4556,11783
4588,11877
4599,11905
4620,11873
4662,11919
4681,11999
4688,12012
4714,11932
4748,11956
4768,12137
4779,12150
4824,12046
4849,12116
4855,12252
4873,12305
4931,12193
4929,12237
4955,12327
4994,12381
5001,12327
5063,12325
5078,12457
5098,12514
5128,12430
5158,12407
5186,12561
5210,12643
5218,12566
5256,12551
5282,12660
5304,12748
5325,12715
5351,12689
5377,12778
5417,12852
5441,12806
5474,12755
5492,12863
5528,12967
5543,12922
5557,12877
5586,12961
5626,13064
5632,13021
5666,12971
5703,13026
5715,13135
5733,13102
5751,13031
5791,13136
5801,13205
5831,13179
5841,13121
5868,13186
5877,13268
5882,13260
5922,13183
5927,13241
5952,13338
5957,13331
5991,13273
5998,13314
6008,13377
6042,13392
6043,13318
6073,13325
6081,13418
6098,13424
6121,13366
6133,13379
6144,13466
6162,13476
6158,13415
6198,13422
6200,13509
6212,13552
6241,13459
6257,13479
6281,13552
6293,13607
6315,13524
6319,13522
6353,13611
6371,13647
6392,13600
6404,13560
6408,13640
6448,13718
6466,13661
6476,13616
6490,13710
6518,13776
6540,13715
6545,13661
6573,13754
6609,13817
6629,13772
6641,13743
6655,13823
6681,13881
6709,13842
6710,13812
6754,13880
6774,13950
6792,13918
6811,13863
6835,13935
6854,14028
6880,13998
6909,13930
6931,14004
6952,14064
6971,14070
7009,14017
7017,14062
7054,14147
7079,14122
7091,14073
7112,14122
7145,14222
7176,14204
7192,14163
7220,14169
7250,14260
7269,14270
7301,14226
7323,14241
7329,14329
7359,14370
7397,14311
7420,14320
7438,14401
7454,14425
7486,14375
7497,14366
7522,14449
7568,14500
7558,14454
7602,14452
7625,14498
7657,14547
7669,14524
7699,14503
7723,14571
7766,14618
7760,14578
7774,14561
7807,14621
7840,14671
7867,14658
7886,14622
7889,14664
7913,14732
7941,14709
7951,14655
7954,14699
7969,14799
8009,14757
8019,14700
8026,14751
8039,14816
8073,14803
8074,14755
8102,14792
8122,14856
8140,14838
8147,14813
8167,14803
8171,14881
8191,14880
8217,14832
8213,14852
8233,14908
8266,14940
8262,14873
8274,14904
8318,14967
8331,14975
8350,14930
8355,14916
8372,14985
8397,15015
8417,14981
8420,14982
8449,15049
8500,15080
8510,15050
8534,15044
8548,15083
8567,15146
8608,15129
8595,15099
8625,15153
8657,15185
8663,15178
8675,15149
8711,15191
8744,15257
8797,15249
8782,15224
8809,15258
8834,15322
8876,15335
8882,15308
8913,15322
8951,15435
8987,15410
9006,15395
9029,15400
9049,15475
9091,15504
9099,15488
9122,15480
9169,15567
9202,15573
9222,15564
9226,15560
9280,15649
9330,15676
9323,15673
9345,15667
9373,15745
9442,15781
9446,15779
9485,15775
9515,15844
9553,15873
9592,15883
9604,15881
9632,15946
9694,16012
9685,15990
9700,15974
9758,16028
9784,16079
9822,16099
9831,16103
9868,16112
9926,16182
9929,16197
9931,16169
9968,16209
10024,16289
10059,16314
10044,16266
10066,16301
10120,16368
10126,4
10148,16356
10159,1
10193,45
10211,85
10239,63
10248,92
10282,138
10274,188
10279,137
10323,125
10351,229
10375,253
10365,209
10396,194
10437,279
10464,307
10450,280
10471,269
10519,334
10529,388
10524,372
10567,342
10593,408
10606,500
10624,482
10635,457
10676,496
10700,590
10694,571
10709,547
10753,609
10786,707
10787,672
10825,623
10851,699
10894,804
10877,789
10905,763
10960,806
10991,899
10987,900
11018,866
11059,935
11070,1046
11080,1047
11096,1018
11168,1056
11194,1182
11206,1190
11216,1164
11268,1181
11288,1312
11308,1354
11327,1281
11389,1333
11396,1456
11419,1489
11453,1440
11489,1475
11497,1595
11547,1673
11563,1622
11586,1652
11618,1766
11646,1819
11656,1802
11699,1821
11740,1911
11764,1984
11770,1945
11823,1931
11837,2050
11889,2173
11895,2171
11934,2129
11985,2217
11991,2321
12007,2368
12054,2303
12072,2373
12106,2506
12132,2492
12160,2460
12188,2526
12210,2660
12240,2716
12244,2704
12276,2722
12292,2644
12318,2654
12337,2872
12385,2786
12413,2757
12432,2832
12441,3043
12473,2942
12479,2846
12509,3150
12532,3178
12533,3079
12549,3017
12565,3148
12601,3255
12618,3130
12633,3072
12646,3124
12668,3384
12670,3282
12701,3136
12718,3294
12734,3417
12760,3360
12780,3290
12779,3375
12785,3466
12817,3393
12836,3277
12835,3374
12866,3612
12876,3454
12897,3387
12905,3426
12939,3651
12945,3535
12966,3524
13000,3480
13002,3747
13028,3646
13040,3548
13062,3667
13087,3825
13105,3835
13132,3660
13139,3753
13170,3959
13204,3932
13210,3755
13242,3859
13230,4007
13277,4046
13296,3873
13311,3913
13323,4167
13369,4162
13375,4032
13397,3994
13421,4187
13445,4261
13491,4151
13503,4087
13514,4310
13541,4394
13566,4238
13582,4268
13618,4408
13640,4476
13666,4368
13692,4292
13716,4484
13746,4600
13778,4475
13796,4386
13814,4659
13847,4701
13869,4565
13894,4565
13918,4712
13954,4830
13990,4694
14022,4652
14044,4740
14059,4902
14072,4825
14120,4742
14138,4953
14156,5038
14182,4895
14201,4812
14224,5045
14226,5071
14278,4928
14296,4884
14312,5057
14353,5137
14376,5089
14383,4950
14407,5123
14431,5205
14453,5143
14453,4999
14493,5275
14513,5347
14517,5217
14549,5100
14569,5285
14583,5382
14608,5218
14601,5188
14643,5351
14657,5410
14657,5275
14675,5224
14698,5402
14727,5504
14731,5411
14741,5247
14759,5453
14784,5479
14799,5363
14817,5296
14829,5474
14836,5580
14847,5372
14865,5361
14901,5567
14905,5635
14925,5487
14953,5447
14969,5635
14988,5678
14991,5539
15004,5436
15032,5649
15039,5757
15069,5599
15085,5567
15115,5643
15113,5747
15127,5663
15167,5613
15191,5705
15224,5796
15237,5717
15252,5611
15292,5801
15295,5866
15305,5724
15344,5695
15357,5767
15372,5963
15396,5849
15436,5748
15448,5947
15464,6024
15509,5912
15513,5808
15532,5941
15558,6100
15585,6037
15592,5937
15652,6084
15660,6139
15675,6061
15702,5944
15746,6085
15768,6199
15780,6070
15814,6020
15846,6104
15883,6272
15880,6202
15922,6124
15946,6214
15966,6314
15987,6308
16002,6196
16040,6180
16076,6417
16079,6320
16104,6206
16134,6340
16177,6464
16190,6382
16218,6302
16269,6510
16286,6546
16283,6384
16328,6379
16364,6467
16383,6645
16368,6455
19,6418
77,6591
69,6715
90,6633
92,6469
140,6668
164,6743
174,6644
184,6526
220,6605
245,6807
250,6751
280,6569
293,6729
327,6838
331,6708
338,6631
384,6735
381,6879
389,6718
397,6654
436,6800
452,6942
451,6773
462,6658
499,6862
499,6881
510,6814
538,6863
564,6919
575,6891
573,6869
613,6895
645,6933
661,6923
661,6891
695,6943
729,7007
723,6963
728,6956
763,7017
785,7041
801,7030
823,7011
828,7057
879,7106
882,7070
919,7064
933,7133
969,7197
1007,7141
1002,7140
1012,7184
1077,7239
1101,7218
1115,7210
1151,7246
1177,7311
1195,7298
1203,7290
1232,7330
1272,7399
1287,7402
1309,7368
1334,7412
1383,7458
1407,7474
1427,7455
1450,7499
1492,7562
1525,7550
1543,7559
1573,7608
1647,7648
1637,7671
1642,7637
1682,7692
1742,7738
1750,7774
1785,7743
1798,7796
1858,7878
1882,7912
1909,7871
1925,7917
1962,7982
2000,7996
2008,7960
2062,8012
2096,8082
2140,8100
2158,8088
2164,8106
2220,8172
2238,8206
2262,8192
2287,8207
2332,8294
2338,8322
2355,8300
2350,8318
2416,8370
2432,8415
2430,8413
2478,8408
2498,8465
2523,8507
2548,8482
2568,8476
2616,8590
2636,8616
2636,8584
2658,8558
2684,8621
2700,8690
2690,8646
2731,8652
2751,8705
2765,8773
2757,8725
2800,8714
2823,8780
2838,8842
2867,8813
2871,8795
2905,8849
2930,8921
2942,8892
2961,8877
2996,8969
3027,9055
3026,9038
3038,8980
3083,9054
3106,9126
3102,9130
3134,9082
3143,9138
3181,9250
3184,9258
3217,9200
3263,9259
3290,9355
3300,9360
3313,9330
3333,9374
3381,9481
3397,9529
3409,9434
3449,9491
3501,9633
3489,9657
3516,9583
3544,9634
3574,9757
3590,9797
3613,9755
3650,9764
3702,9900
3693,9967
3716,9912
3764,9920
3799,10050
3806,10113
3830,10037
3873,10101
3899,10211
3933,10261
3929,10229
3979,10224
4017,10353
4021,10463
4035,10416
4094,10391
4096,10519
4136,10624
4132,10586
4174,10570
4212,10679
4256,10766
4267,10765
4293,10739
4310,10815
4355,10918
4366,10950
4405,10898
4431,10993
4435,11111
4477,11130
4508,11044
4533,11104
4558,11217
4576,11248
4600,11212
4617,11210
4638,11371
4659,11387
4685,11320
4738,11342
4741,11452
4749,11528
4790,11446
4808,11446
4810,11590
4846,11635
4856,11550
4870,11558
4908,11667
4919,11720
4921,11665
4968,11642
4963,11741
4989,11820
5000,11744
5012,11699
5028,11826
5038,11884
5050,11816
5059,11772
5110,11848
5107,11971
5109,11893
5145,11859
5139,11930
5171,11997
5157,11975
5221,11915
5229,12001
5234,12108
5249,12081
5268,12019
5296,12069
5308,12177
5321,12162
5335,12095
5368,12157
5375,12243
5399,12229
5429,12181
5439,12241
5449,12359
5466,12373
5507,12290
5509,12329
5547,12433
5568,12454
5592,12389
5602,12403
5622,12522
5636,12550
5669,12503
5703,12487
5732,12615
5740,12647
5757,12595
5787,12566
5821,12701
5823,12737
5861,12697
5860,12680
5907,12804
5950,12875
5958,12799
5976,12782
5998,12910
6031,12960
6068,12908
6085,12863
6104,12978
6143,13077
6160,13026
6193,12981
6219,13087
6230,13151
6254,13130
6316,13078
6311,13183
6334,13268
6370,13229
6386,13190
6394,13264
6434,13343
6465,13315
6491,13269
6531,13350
6521,13421
6563,13390
6581,13329
6598,13391
6612,13488
6644,13479
6664,13421
6702,13453
6714,13560
6724,13565
6756,13496
6771,13537
6785,13616
6823,13622
6840,13578
6841,13587
6858,13669
6896,13684
6888,13614
6920,13639
6929,13712
6959,13737
6971,13675
6985,13670
6991,13771
7021,13802
7043,13741
7057,13706
7069,13768
7084,13829
7124,13761
7102,13735
7126,13814
7140,13884
7160,13818
7171,13797
7181,13845
7207,13939
7231,13896
7241,13841
7278,13914
7267,13981
7326,13938
7330,13908
7331,13960
7366,14029
7397,14011
7411,13944
7424,14003
7449,14086
7484,14055
7481,13993
7517,14032
7524,14120
7553,14112
7576,14075
7582,14108
7605,14181
7651,14173
7669,14132
7677,14162
7685,14239
7740,14239
7745,14193
7780,14206
7810,14306
7836,14329
7872,14286
7884,14286
7887,14354
7938,14380
7949,14349
7983,14335
7985,14411
8017,14466
8053,14429
8063,14400
8106,14453
8133,14526
8154,14509
8172,14483
8192,14534
8239,14604
8264,14587
8279,14523
8327,14594
8338,14659
8379,14652
8383,14617
8414,14658
8424,14744
8452,14720
8482,14680
8510,14736
8536,14804
8592,14815
8589,14747
8607,14789
8640,14867
8677,14878
8691,14833
8685,14852
8736,14924
8776,14942
8798,14904
8811,14902
8832,14980
8883,14989
8886,14968
8893,14967
8923,15030
8943,15055
8965,15041
8966,14992
8988,15086
9034,15114
9046,15064
9069,15051
9074,15097
9077,15150
9114,15109
9128,15102
9155,15155
9173,15189
9219,15182
9207,15146
9197,15187
9242,15216
9257,15230
9260,15186
9262,15199
9296,15286
9332,15248
9308,15216
9321,15237
9382,15316
9415,15332
9407,15283
9431,15287
9472,15368
9490,15397
9503,15351
9523,15369
9540,15434
9587,15438
9576,15406
9614,15414
9630,15490
9685,15500
9680,15478
9673,15481
9719,15536
9751,15581
9767,15563
9775,15572
9832,15622
9868,15676
9882,15648
9865,15636
9938,15701
9984,15748
9992,15740
9986,15730
10059,15770
10103,15810
10103,15833
10121,15813
10167,15859
10193,15939
10211,15947
10252,15917
10238,15979
10296,16041
10342,16032
10360,16022
10382,16046
10431,16131
10454,16172
10475,16156
10517,16157
10577,16251
10611,16293
10603,16281
10637,16286
10703,16352
10719,41
10747,21
10766,16362
10805,89
10842,143
10860,124
10888,118
10904,197
10955,279
10966,255
10986,254
11037,324
11066,395
11090,383
11099,373
11143,455
11185,507
11191,485
11205,461
11239,524
11253,615
11285,628
11297,571
11319,624
11351,704
11362,742
11370,673
11404,705
11452,786
11454,808
11454,760
11491,775
11516,891
11516,912
11531,851
11577,859
11591,978
11594,1012
11607,927
11641,947
11663,1038
11671,1098
11657,1030
11699,1037
11733,1135
11745,1165
11760,1148
11780,1114
11824,1230
11834,1294
11838,1245
11884,1259
11926,1365
11925,1403
11918,1352
11962,1348
11988,1460
12001,1518
12020,1489
12023,1473
12059,1566
12095,1671
12105,1617
12143,1608
12165,1693
12197,1807
12211,1788
12229,1738
12256,1856
12289,1984
12315,1954
12336,1908
12355,1981
12402,2149
12418,2136
12434,2069
12490,2114
12493,2267
12502,2269
12545,2220
12556,2266
12586,2449
12601,2453
12639,2401
12681,2443
12689,2583
12719,2631
12745,2555
12786,2593
12808,2761
12815,2765
12839,2696
12895,2778
12913,2899
12931,2936
12960,2865
12980,2885
13016,3062
13028,3136
13058,3022
13096,3045
13116,3218
13134,3105
13154,3386
13176,3348
13198,3176
13238,3272
13235,3461
13268,3457
13301,3335
13328,3408
13345,3580
13366,3602
13380,3423
13399,3513
13417,3747
13442,3659
13447,3476
13481,3549
13501,3790
13527,3770
13551,3600
13561,3605
13573,3928
13596,3887
13611,3671
13621,3737
13633,3901
13659,3967
13689,3796
13690,3799
13709,4021
13709,3957
13733,3876
13762,3866
13778,4127
13789,4025
13812,3903
13813,3984
13828,4134
13852,4196
13859,3941
13856,3975
13892,4204
13913,4251
13913,4084
13930,4054
13958,4288
13987,4335
14000,4079
14010,4160
14020,4336
14047,4392
14066,4242
14082,4184
14110,4460
14115,4438
14142,4317
14162,4336
14188,4523
14207,4556
14240,4355
14258,4420
14271,4585
14286,4616
14313,4527
14335,4528
14345,4708
14372,4696
14399,4567
14411,4552
14445,4833
14483,4775
14501,4685
14517,4614
14543,4854
14559,4924
14585,4794
14617,4756
14645,4958
14671,5033
14669,4870
14719,4877
14737,5014
14757,5130
14783,4960
14813,4948
14849,5125
14875,5169
14885,5026
14911,5011
14934,5278
14969,5287
14989,5194
15030,5106
15038,5409
15080,5429
15079,5254
15135,5211
15143,5424
15153,5454
15195,5277
15212,5294
15239,5529
15271,5561
15289,5394
15274,5341
15333,5506
15339,5626
15361,5395
15382,5460
15413,5665
15423,5700
15453,5506
15465,5464
15512,5714
15507,5716
15521,5615
15545,5522
15559,5709
15599,5745
15595,5616
15613,5567
15629,5712
15641,5837
15667,5625
15685,5631
15709,5825
15716,5879
15713,5705
15755,5645
15777,5901
15788,5860
15787,5752
15809,5749
15843,5895
15845,5893
15855,5748
15877,5747
15901,6009
15921,5953
15913,5827
15977,5743
15977,6031
16003,6017
16005,5861
16017,5847
16061,6047
16081,6085
16077,5906
16117,5894
16121,6119
16159,6113
16167,6029
16195,5967
16236,6127
16254,6233
16255,6004
16297,6020
16316,6226
16330,6260
16359,6104
9,6097
31,6286
32,6298
37,6155
84,6191
131,6300
129,6415
175,6186
176,6201
227,6410
260,6485
263,6342
284,6242
329,6491
365,6509
388,6404
408,6342
430,6534
462,6524
464,6479
510,6387
534,6547
568,6646
579,6422
624,6444
660,6659
688,6740
678,6607
710,6524
777,6666
794,6803
812,6783
836,6596
874,6850
892,6848
916,6784
953,6694
980,6804
1016,6942
1008,6795
1037,6741
1082,7016
1102,6910
1116,6912
1140,6802
1176,6871
1175,7089
1213,6899
1244,6845
1287,7029
1295,6981
1321,6997
1331,7063
1378,7092
1362,7052
1375,7053
1396,7108
1457,7147
1437,7087
1445,7097
1471,7147
1509,7181
1501,7133
1533,7153
1577,7219
1571,7217
1569,7183
1589,7177
1621,7247
1645,7260
1680,7230
1666,7237
1704,7276
1725,7334
1720,7263
1731,7287
1763,7333
1793,7357
1808,7339
1811,7345
1840,7405
1873,7435
1902,7416
1902,7393
1959,7462
1993,7513
1997,7473
2011,7479
2048,7535
2092,7585
2100,7537
2122,7546
2146,7602
2172,7661
2180,7633
2199,7619
2247,7688
2284,7723
2292,7726
2308,7718
2353,7775
2401,7843
2426,7836
2419,7799
2457,7869
2513,7933
2519,7919
2545,7931
2601,7997
2623,8043
2655,8017
2663,8009
2718,8076
2749,8162
2779,8145
2799,8141
2805,8198
2854,8280
2888,8288
2895,8257
2953,8330
2985,8412
3002,8422
3017,8395
3069,8445
3085,8526
3132,8531
3163,8510
3190,8562
3232,8665
3251,8683
3266,8644
3312,8674
3308,8770
3340,8838
3378,8781
3405,8799
3424,8912
3464,8928
3448,8920
3504,8908
3539,9009
3551,9070
3576,9030
3594,9052
3634,9122
3658,9179
3663,9132
3672,9126
3709,9185
3741,9264
3748,9232
3762,9242
3803,9298
3813,9388
3818,9386
3824,9348
3864,9410
3874,9484
3875,9440
3905,9428
3925,9465
3947,9589
3954,9554
3985,9517
4021,9577
4015,9675
4049,9664
4054,9600
4074,9628
4106,9773
4114,9784
4118,9720
4160,9756
4176,9863
4176,9886
4209,9826
4230,9879
4259,9994
4287,10028
4289,9986
4325,9977
4329,10125
4348,10153
4384,10070
4415,10127
4444,10229
4452,10314
4461,10239
4493,10245
4549,10368
4557,10437
4575,10402
4587,10393
4627,10519
4646,10586
4674,10555
4688,10556
4714,10664
4752,10772
4772,10744
4790,10700
4841,10785
4851,10905
4887,10914
4901,10808
4941,10939
4972,11066
4975,11114
5000,11024
5052,11086
5057,11227
5068,11286
5120,11182
5139,11236
5149,11362
5187,11433
5205,11361
5233,11374
5247,11281
5278,11497
5299,11640
5326,11528
5364,11480
5378,11542
5413,11767
5438,11751
5473,11633
5497,11722
5512,11908
5535,11893
5561,11708
5574,11845
5606,12032
5633,12073
5654,11881
5670,11926
5698,12160
5719,12189
5727,12007
5743,11964
5760,12250
5785,12275
5820,12148
5810,12138
5842,12344
5854,12326
5874,12230
5880,12192
5916,12337
5924,12416
5929,12257
5957,12222
5977,12378
5997,12513
6006,12399
6020,12290
6028,12424
6034,12592
6076,12466
6078,12338
6114,12404
6097,12593
6134,12487
6133,12399
6149,12557
6167,12710
6189,12685
6218,12469
6214,12615
6242,12774
6270,12712
6268,12509
6304,12665
6298,12848
6314,12798
6345,12604
6364,12665
6382,12917
6405,12828
6419,12702
6455,12823
6483,12865
6486,12932
6517,12814
6532,12884
6568,13101
6591,13072
6602,12886
6638,12926
6660,13118
6681,13185
6691,12999
6713,12972
6743,13215
6757,13275
6779,13057
6800,13085
6829,13269
6870,13390
6877,13206
6910,13145
6936,13372
6965,13430
6985,13292
7029,13250
7035,13430
7085,13534
7079,13331
7108,13358
7144,13514
7185,13617
7204,13498
7226,13428
7260,13544
7278,13730
7292,13679
7335,13461
7371,13682
7363,13813
7393,13758
7432,13584
7446,13723
7482,13892
7504,13814
7527,13652
7564,13709
7586,13868
7593,13898
7625,13717
7651,13735
7659,14000
7683,13981
7713,13812
7725,13849
7767,14025
7766,14028
7762,13847
7792,13878
7826,14084
7861,14144
7867,13963
7889,13889
7918,14114
7921,14154
7941,14048
7965,13969
7988,14186
7968,14218
7998,14123
8016,13971
8048,14218
8073,14227
8066,14092
8091,14033
8115,14163
8121,14285
8134,14166
8144,14074
8182,14197
8198,14308
8216,14232
8230,14119
8256,14288
8280,14386
8292,14362
8323,14167
8342,14262
8373,14446
8363,14333
8388,14207
8420,14308
8433,14484
8458,14415
8460,14276
8515,14297
8517,14526
8543,14492
8550,14341
8600,14504
8643,14541
8642,14648
8654,14434
8696,14438
8746,14628
8753,14728
8764,14422
8795,14594
8836,14752
8846,14726
8857,14621
8924,14586
8925,14739
8954,14824
8969,14719
8988,14580
9056,14736
9078,14896
9094,14812
9129,14680
9165,14779
9187,14977
9215,14822
9233,14723
9296,14830
9309,15041
9330,14818
9350,14806
9399,14926
9407,15057
9434,15038
9461,14875
9495,15022
9521,15173
9544,15187
9567,14943
9599,15016
9616,15178
9672,15278
9658,15075
9740,15094
9744,15219
9794,15187
9787,15207
9845,15277
9853,15273
9862,15248
9880,15276
9931,15347
9977,15373
9969,15289
9979,15326
10020,15402
10040,15405
10064,15380
10066,15381
10101,15459
10148,15489
10148,15434
10132,15437
10191,15518
10226,15544
10224,15487
10228,15497
10257,15559
10298,15593
10302,15530
10301,15539
10343,15601
10366,15645
10363,15597
10360,15598
10400,15642
10452,15700
10452,15646
10454,15630
10473,15673
10484,15742
10523,15713
10537,15677
10544,15759
10581,15786
10605,15788
10604,15764
10637,15803
10691,15875
10687,15845
10694,15821
10740,15887
10772,15936
10774,15926
10801,15903
10817,15962
10872,16006
10884,16025
10890,15992
10931,16023
10961,16089
10989,16125
10999,16108
11035,16094
11073,16183
11099,16237
11109,16190
11146,16189
11184,16267
11192,16336
11216,16296
11244,16306
11287,19
11315,81
11350,59
11350,34
11405,135
11434,200
11454,179
11467,181
11511,245
11561,311
11584,333
11615,287
11645,389
11680,461
11697,469
11722,437
11773,491
11814,600
11824,603
11838,574
11874,637
11894,747
11926,764
11944,736
11995,745
12027,879
12043,915
12057,866
12097,905
12119,1037
12153,1059
12162,1026
12192,1008
12224,1112
12237,1183
12260,1158
12282,1136
12315,1264
12320,1317
12353,1268
12350,1270
12404,1362
12413,1422
12420,1409
12449,1393
12463,1457
12487,1521
12493,1498
12526,1481
12549,1543
12561,1627
12579,1595
12576,1544
12636,1633
12627,1714
12640,1722
12648,1640
12688,1748
12692,1832
12712,1794
12750,1753
12748,1848
12774,1913
12771,1904
12800,1818
12824,1896
12840,2022
12854,2018
12858,1960
12900,2020
12905,2168
12938,2161
12956,2092
12965,2126
13014,2257
13029,2265
13041,2205
13057,2259
13105,2377
13099,2401
13121,2326
13147,2354
13183,2553
13191,2553
13205,2701
13224,2575
13267,2527
13266,2700
13297,2840
13341,2677
13356,2684
13379,2811
13405,2987
13433,2802
13453,2831
13481,3000
13501,3098
13521,2990
13561,2975
13579,3075
13597,3319
13641,3179
13647,3119
13668,3254
13695,3420
13725,3320
13747,3259
13778,3394
13803,3579
13829,3477
13824,3397
13875,3535
13901,3723
13929,3608
13947,3507
13968,3659
13990,3793
14015,3797
14026,3678
14058,3759
14094,3989
14123,3908
14123,3818
14156,3870
14181,4021
14204,3970
14237,3835
14244,4025
14274,4164
14306,4072
14306,3964
14338,4068
14361,4242
14380,4164
14400,4102
14408,4168
14426,4362
14442,4322
14466,4164
14496,4298
14494,4450
14508,4394
14542,4266
14545,4307
14569,4458
14599,4460
14608,4293
14627,4429
14638,4584
14658,4576
14663,4352
14689,4440
14700,4598
14719,4538
14714,4402
14744,4510
14769,4669
14796,4654
14783,4445
14791,4547
14823,4745
14807,4710
14838,4549
14860,4570
14878,4804
14883,4710
14904,4571
14926,4685
14944,4849
14965,4826
14985,4627
15005,4807
15037,4930
15047,4825
15068,4770
15069,4860
15113,5006
15115,4859
15131,4821
15161,4856
15166,5097
15185,4990
15231,4877
15237,5017
15252,5182
15283,5139
15295,4899
15341,5049
15357,5233
15365,5171
15405,5053
15413,5169
15469,5307
15472,5181
15493,5109
15529,5185
15565,5395
15581,5313
15593,5211
15645,5369
15657,5427
15671,5437
15709,5307
15741,5431
15753,5563
15789,5499
15816,5369
15843,5436
15865,5656
15885,5604
15905,5411
15959,5579
15983,5707
15999,5583
16037,5519
16054,5647
16069,5797
16103,5755
16107,5588
16139,5713
16173,5865
16199,5829
16215,5675
16249,5844
16261,5937
16284,5910
16311,5726
16338,5792
16345,5980
16374,5933
18,5806
60,6022
68,6056
60,5944
88,5836
128,5867
141,6122
144,5994
186,5831
202,5984
218,6170
234,6056
238,5924
269,6043
280,6184
296,6010
318,5940
325,6120
360,6219
366,6153
383,5959
405,6064
432,6299
438,6093
458,6100
472,6240
493,6261
500,6208
520,6078
536,6204
555,6365
573,6210
615,6111
632,6330
651,6402
658,6331
668,6178
716,6342
744,6481
756,6388
766,6216
816,6300
831,6566
836,6452
868,6318
904,6358
932,6556
931,6547
966,6345
1013,6479
1007,6631
1041,6563
1077,6404
1103,6610
1127,6712
1126,6559
1173,6458
1214,6728
1239,6775
1261,6613
1313,6563
1329,6782
1362,6779
1378,6735
1397,6591
1442,6700
1472,6898
1490,6797
1518,6722
1541,6828
1584,7002
1594,6922
1641,6825
1687,6957
1708,7045
1725,6985
1752,6848
1795,7112
1802,7123
1821,7092
1877,6944
1919,7094
1922,7166
1951,7113
1961,6979
2044,7184
2048,7138
2032,7142
2078,7224
2106,7256
2135,7205
2164,7232
2202,7276
2212,7330
2258,7310
2272,7286
2301,7334
2355,7395
2342,7365
2359,7364
2400,7398
2448,7448
2426,7440
2462,7398
2486,7468
2506,7506
2524,7473
2540,7473
2552,7515
2608,7564
2600,7550
2616,7540
2631,7584
2669,7637
2684,7628
2681,7580
2701,7621
2742,7675
2776,7655
2751,7634
2766,7643
2820,7723
2812,7695
2827,7687
2845,7727
2889,7789
2891,7770
2901,7759
2919,7785
2943,7824
2968,7825
2971,7800
2983,7855
3034,7898
3042,7930
3078,7900
3089,7912
3139,7975
3179,8009
3176,7961
3178,7996
3220,8077
3245,8083
3252,8066
3279,8101
3324,8143
3326,8193
3356,8159
3394,8178
3424,8272
3442,8295
3460,8280
3484,8290
3536,8355
3561,8412
3563,8393
3618,8398
3654,8485
3678,8564
3699,8537
3736,8530
3758,8626
3797,8678
3814,8662
3837,8656
3870,8715
3898,8821
3918,8855
3951,8808
3990,8876
4016,9013
4033,8962
4069,8946
4089,9032
4126,9119
4145,9144
4179,9106
4247,9177
4250,9290
4254,9296
4276,9263
4292,9300
4358,9443
4358,9479
4368,9427
4409,9467
4465,9564
4467,9632
4479,9535
4515,9581
4538,9701
4563,9747
4595,9717
4607,9737
4644,9873
4651,9903
4686,9862
4691,9844
4740,9930
4740,10026
4738,9975
4769,9978
4801,10025
4805,10133
4831,10085
4856,10051
4869,10121
4877,10221
4890,10205
4906,10168
4930,10194
4962,10326
4965,10332
4974,10258
5016,10276
5017,10417
5019,10397
5040,10325
5053,10388
5079,10513
5085,10542
5112,10477
5148,10479
5174,10580
5176,10626
5182,10561
5197,10603
5231,10746
5243,10795
5271,10730
5301,10706
5315,10847
5348,10903
5352,10858
5380,10834
5426,10998
5431,11056
5430,11004
5474,10970
5482,11092
5517,11203
5535,11137
5551,11059
5565,11224
5606,11290
5630,11274
5635,11245
5675,11354
5690,11439
5726,11448
5749,11372
5757,11496
5791,11611
5833,11605
5837,11520
5871,11615
5907,11737
5930,11747
5958,11656
5956,11707
5993,11878
6015,11917
6038,11859
6066,11874
6087,11995
6112,12049
6135,11971
6144,11968
6186,12126
6212,12188
6237,12123
6268,12116
6277,12224
6324,12288
6313,12239
6359,12207
6379,12316
6407,12401
6433,12350
6463,12329
6472,12424
6492,12516
6524,12456
6566,12420
6548,12510
6577,12621
6601,12572
6625,12522
6629,12610
6646,12677
6710,12664
6720,12629
6722,12678
6720,12781
6774,12754
6789,12691
6799,12729
6839,12847
6847,12839
6868,12770
6868,12789
6885,12888
6900,12905
6920,12823
6943,12855
6960,12935
6952,12976
6967,12903
6991,12918
7008,12976
7027,13013
7019,12977
7045,12932
7068,13043
7090,13098
7108,13009
7108,12977
7134,13080
7140,13154
7175,13075
7178,13017
7187,13127
7206,13209
7250,13146
7231,13087
7272,13186
7280,13254
7321,13199
7318,13163
7337,13245
7345,13304
7391,13273
7389,13225
7430,13275
7457,13389
7485,13351
7506,13309
7503,13375
7538,13462
7568,13449
7600,13401
7602,13423
7627,13528
7669,13514
7679,13462
7707,13507
7728,13588
7746,13620
7788,13556
7786,13588
7840,13650
7872,13729
7893,13649
7905,13626
7927,13740
7960,13767
8005,13757
8011,13734
8034,13800
8106,13865
8110,13824
8127,13793
8144,13891
8164,13944
8201,13901
8215,13867
8259,13940
8285,14041
8321,13986
8338,13950
8350,14013
8402,14080
8433,14066
8438,14016
8455,14064
8493,14150
8520,14153
8551,14097
8571,14131
8606,14221
8636,14203
8658,14161
8670,14175
8691,14255
8726,14289
8717,14240
8763,14231
8780,14312
8812,14336
8833,14293
8838,14294
8877,14341
8896,14416
8929,14347
8927,14314
8949,14380
8981,14431
9000,14385
9020,14356
9005,14406
9052,14474
9076,14452
9076,14405
9074,14450
9113,14517
9125,14501
9151,14447
9140,14482
9191,14564
9216,14523
9212,14488
9220,14516
9260,14584
9290,14597
9301,14539
9303,14564
9329,14628
9381,14637
9391,14582
9398,14596
9423,14679
9459,14691
9484,14633
9478,14664
9537,14711
9533,14760
9563,14714
9571,14708
9605,14772
9637,14821
9669,14766
9686,14782
9716,14826
9777,14881
9770,14840
9787,14837
9801,14888
9867,14949
9897,14925
9908,14903
9927,14941
9964,15014
9998,15003
10023,14950
10034,15027
10077,15096
10138,15091
10118,15064
10155,15109
10209,15164
10244,15162
10259,15145
10281,15156
10329,15243
10366,15235
10361,15221
10398,15232
10446,15316
10478,15352
10513,15284
10530,15306
10540,15392
10592,15432
10602,15365
10634,15372
10665,15461
10697,15503
10733,15483
10759,15465
10782,15549
10822,15596
10826,15567
10849,15568
10890,15630
10943,15669
10950,15660
10981,15627
11001,15690
11015,15753
11034,15721
11056,15721
11084,15751
11130,15814
11140,15830
11144,15784
11179,15821
11213,15896
11227,15902
11216,15852
11272,15876
11299,15945
11337,15959
11331,15935
11351,15957
11381,16027
11389,16033
11416,15993
11404,15998
11458,16072
11472,16108
11472,16056
11480,16043
11504,16114
11540,16146
11556,16124
11565,16079
11599,16176
11599,16215
11623,16157
11621,16156
11669,16228
11689,16277
11688,16227
11710,16214
11728,16288
11784,16338
11790,16319
11797,16322
11807,16363
11860,46
11870,32
11873,12
11911,57
11939,127
11921,133
11945,79
11987,155
12029,236
12053,239
12063,187
12103,246
12142,338
12133,376
12153,313
12202,370
12223,480
12241,489
12272,455
12292,506
12334,618
12350,628
12361,596
12406,650
12428,726
12448,786
12484,722
12513,763
12555,855
12578,899
12592,881
12642,913
12664,1000
12695,1085
12699,1074
12737,1088
12769,1168
12800,1256
12803,1235
12843,1225
12883,1319
12897,1403
12937,1394
12938,1372
12964,1471
13021,1573
13020,1564
13072,1540
13080,1619
13122,1767
13135,1733
13164,1716
13204,1794
13205,1879
13247,1890
13276,1862
13282,1916
13312,2058
13324,2040
13347,2014
13362,2071
13375,2149
13407,2154
13426,2110
13440,2156
13457,2301
13449,2281
13489,2190
13518,2291
13539,2430
13562,2411
13584,2344
13604,2374
13618,2503
13627,2503
13644,2403
13649,2468
13665,2569
13685,2609
13701,2500
13705,2565
13731,2671
13749,2681
13758,2610
13787,2616
13791,2767
13837,2801
13839,2871
13851,2729
13877,2677
13875,2815
13905,3043
13925,2935
13947,2853
13963,2903
14003,3161
13999,3044
14015,2915
14043,3047
14055,3237
14077,3107
14095,3029
14133,3257
14147,3371
14167,3289
14185,3211
14213,3309
14220,3481
14261,3405
14283,3287
14301,3501
14329,3573
14347,3533
14383,3441
14400,3610
14412,3761
14445,3673
14469,3545
14495,3678
14517,3927
14551,3885
14565,3679
14589,3877
14603,3994
14639,3917
14647,3875
14683,3987
14719,4143
14743,4003
14757,3937
14797,4141
14820,4212
14832,4195
14856,4090
14876,4228
14904,4374
14925,4259
14952,4180
14980,4296
14982,4472
15018,4384
15038,4317
15053,4356
15083,4625
15110,4452
15123,4378
15163,4491
15193,4695
15196,4593
15219,4481
15251,4633
15270,4718
15285,4683
15317,4575
15322,4654
15370,4875
15374,4686
15378,4577
15404,4715
15411,4927
15444,4817
15462,4709
15498,4790
15499,4964
15512,4885
15533,4746
15557,4860
15572,5065
15577,4953
15620,4808
15628,4984
15642,5098
15656,5105
15664,4884
15690,4935
15692,5174
15704,5020
15712,4920
15738,5120
15754,5178
15766,5088
15776,4926
15810,5084
15824,5248
15814,5098
15836,4996
15856,5145
15882,5280
15881,5224
15924,5061
15937,5150
15935,5356
15972,5277
16006,5123
16026,5287
16044,5395
16050,5295
16074,5199
16118,5302
16124,5456
16138,5354
16156,5234
16200,5424
16212,5514
16210,5352
16248,5344
16292,5492
16322,5606
16322,5464
16348,5378
5,5491
29,5659
55,5640
68,5501
111,5622
145,5741
126,5657
170,5505
208,5790
238,5857
250,5703
277,5598
319,5747
342,5906
361,5709
391,5728
431,5916
437,5981
483,5842
516,5784
533,5919
587,6033
572,5849
621,5872
645,5978
682,6120
690,5947
708,5884
764,6023
779,6195
812,6110
849,5949
876,6153
897,6252
914,6117
946,6053
988,6225
983,6293
1013,6237
1045,6103
1069,6211
1102,6381
1107,6304
1136,6127
1156,6327
1182,6423
1191,6228
1232,6131
1279,6312
1267,6471
1273,6301
1302,6232
1349,6435
1337,6527
1349,6393
1394,6255
1410,6439
1413,6532
1442,6394
1448,6359
1489,6387
1511,6577
1505,6385
1541,6357
1569,6517
1567,6598
1568,6477
1604,6538
1622,6570
1647,6534
1651,6534
1709,6587
1713,6617
1725,6582
1721,6574
1752,6643
1789,6659
1834,6621
1838,6635
1867,6688
1909,6728
1906,6688
1934,6678
1960,6744
1992,6784
2002,6748
2013,6770
2055,6823
2100,6860
2114,6779
2106,6840
2136,6877
2212,6927
2207,6870
2236,6869
2268,6969
2309,6971
2339,6945
2346,6968
2399,7031
2434,7069
2443,7023
2480,7050
2508,7118
2547,7137
2551,7107
2573,7123
2625,7187
2679,7227
2670,7194
2701,7209
2739,7256
2777,7305
2778,7276
2816,7283
2862,7354
2906,7419
2936,7364
2931,7385
2965,7443
3035,7497
3047,7469
3051,7475
3105,7531
3124,7589
3147,7551
3151,7545
3198,7602
3228,7682
3243,7648
3239,7624
3283,7687
3322,7758
3331,7719
3344,7723
3402,7768
3436,7828
3440,7835
3469,7799
3497,7826
3518,7914
3556,7904
3536,7892
3574,7928
3615,7963
3626,7976
3622,7948
3661,7978
3691,8061
3711,8045
3711,8019
3733,8046
3762,8108
3801,8115
3786,8088
3807,8114
3847,8169
3855,8165
3857,8133
3884,8170
3900,8228
3915,8256
3954,8226
3952,8248
3964,8271
3984,8309
3988,8287
4014,8253
4042,8351
4052,8394
4054,8354
4085,8349
4103,8438
4122,8458
4132,8416
4159,8429
4169,8496
4210,8590
4207,8540
4223,8529
4263,8607
4293,8667
4288,8642
4322,8638
4350,8731
4390,8792
4408,8767
4398,8734
4450,8817
4472,8880
4486,8899
4515,8861
4531,8943
4577,9048
4620,9056
4631,9001
4669,9078
4674,9192
4708,9200
4742,9181
4767,9194
4794,9317
4813,9366
4851,9299
4866,9367
4895,9481
4925,9547
4953,9512
4957,9497
4994,9648
4998,9697
5054,9638
5066,9689
5106,9813
5122,9888
5169,9873
5165,9857
5227,9943
5225,10065
5270,10061
5301,10003
5325,10118
5330,10235
5354,10214
5382,10194
5411,10266
5425,10373
5449,10373
5471,10314
5509,10390
5516,10493
5552,10576
5574,10448
5598,10500
5632,10638
5640,10718
5662,10630
5671,10633
5688,10770
5741,10845
5735,10771
5764,10757
5786,10891
5786,10935
5832,10865
5825,10865
5842,10984
5863,11072
5882,11145
5907,11187
5924,10945
5945,10955
5962,11175
5970,11206
5981,11054
6004,11098
6014,11236
6022,11283
6044,11180
6062,11087
6077,11335
6093,11422
6103,11270
6123,11290
6157,11465
6162,11528
6194,11279
6180,11280
6219,11559
6222,11577
6260,11464
6287,11418
6295,11617
6325,11799
6335,11645
6341,11540
6380,11761
6392,11840
6418,11790
6440,11651
6468,11809
6476,11934
6525,11940
6525,11755
6555,11877
6569,12057
6596,12031
6608,11914
6630,12011
6672,12208
6680,12216
6724,12033
6748,12095
6773,12316
6791,12357
6817,12209
6836,12213
6878,12418
6890,12448
6904,12292
6930,12294
6976,12508
6989,12613
7010,12511
7047,12389
7087,12644
7089,12691
7116,12590
7138,12500
7147,12580
7186,12804
7189,12653
7237,12607
7257,12708
7281,12914
7299,12827
7324,12712
7370,12811
7376,12994
7400,12915
7442,12840
7449,12900
7470,13082
7481,13085
7524,12913
7539,12903
7564,13162
7572,13176
7587,12974
7632,13036
7640,13194
7673,13286
7675,13099
7707,13006
7740,13298
7742,13348
7764,13177
7778,13170
7822,13279
7820,13411
7832,13289
7853,13181
7889,13362
7909,13469
7897,13380
7936,13236
7959,13394
7946,13520
7949,13401
8005,13291
8012,13423
8027,13562
8039,13427
8050,13325
8088,13402
8074,13605
8106,13569
8113,13392
8144,13441
8161,13644
8153,13589
8175,13419
8201,13434
8220,13625
8240,13680
8246,13474
8260,13526
8291,13692
8301,13693
8313,13506
8351,13551
8388,13693
8383,13805
8416,13674
8454,13616
8490,13733
8503,13860
8504,13706
8523,13679
8575,13759
8588,13957
8605,13839
8622,13706
8676,13869
8666,13984
8710,13936
8729,13765
8789,13849
8783,14079
8811,14115
8833,13925
8896,13942
8906,14146
8932,14070
8981,13943
9005,13990
9035,14191
9047,14199
9053,14059
9101,14055
9146,14192
9178,14226
9192,14103
9232,14091
9244,14366
9274,14267
9285,14167
9329,14183
9367,14329
9394,14464
9420,14272
9455,14275
9496,14491
9522,14530
9551,14397
9584,14306
9613,14477
9649,14587
9649,14479
9682,14366
9709,14454
9748,14650
9746,14493
9774,14434
9819,14488
9838,14690
9844,14583
9875,14465
9913,14594
9923,14783
9955,14676
9956,14545
10006,14644
10042,14837
10045,14751
10053,14621
10097,14613
10136,14797
10117,14837
10150,14731
10213,14687
10207,14883
10206,14914
10217,14701
10252,14692
10309,14878
10279,15013
10296,14781
10333,14696
10347,15001
10361,15044
10373,14852
10408,14796
10441,14990
10467,15037
10444,14986
10472,14781
10520,15062
10518,15080
10516,14908
10560,14868
10585,15076
10621,15139
10633,15059
10663,14967
10692,15063
10717,15219
10726,15127
10769,14995
10806,15055
10817,15276
10823,15206
10860,15070
10887,15124
10926,15320
10925,15235
10977,15098
11008,15214
11037,15389
11047,15375
11061,15214
11121,15325
11137,15400
11161,15357
11192,15385
11220,15482
11258,15470
11278,15460
11292,15474
11354,15551
11364,15572
11407,15541
11414,15556
11474,15648
11497,15683
11529,15649
11528,15636
11576,15722
11624,15762
11624,15752
11648,15744
11690,15828
11716,15859
11718,15823
11765,15821
11799,15907
11848,15975
11854,15944
11889,15921
11912,15988
11925,16066
11949,16047
11990,16018
12019,16071
12036,16137
12068,16140
12086,16102
12125,16187
12141,16227
12151,16247
12163,16207
12205,16244
12221,16339
12247,16337
12266,16285
12276,16327
12330,20
12342,30
12340,14
12358,4
12404,107
12436,104
12410,77
12448,89
12474,154
12476,186
12505,157
12527,155
12553,227
12569,296
12581,254
12577,230
12613,288
12626,332
12635,293
12674,320
12682,368
12697,416
12674,383
12730,364
12741,430
12759,491
12776,442
12784,432
12819,477
12814,568
12830,555
12850,525
12874,586
12894,654
12918,648
12934,602
12955,665
12987,749
12988,752
13003,717
13033,779
13071,891
13089,914
13099,832
13137,894
13169,1031
13191,1043
13205,1005
13222,1019
13255,1171
13283,1211
13293,1145
13341,1161
13340,1325
13371,1351
13405,1286
13421,1342
13464,1467
13470,1509
13488,1471
13545,1502
13564,1618
13598,1698
13614,1604
13650,1674
13689,1803
13697,1845
13732,1816
13756,1812
13773,1965
13802,2027
13816,2002
13840,2019
13897,2120
13907,2233
13914,2144
13940,2168
13960,2329
13991,2379
14036,2517
14082,2414
14085,2308
14094,2436
14128,2662
14177,2629
14168,2491
14181,2484
14219,2780
14227,2732
14248,2610
14282,2674
14302,2912
14346,2872
14345,2721
14351,2741
14388,3021
14396,3046
14432,2898
14453,3002
14474,3090
14479,3193
14498,3021
14505,3020
14534,3201
14548,3214
14558,3115
14597,3093
14617,3351
14617,3344
14644,3125
14651,3277
14677,3435
14661,3435
14667,3214
14717,3451
14736,3504
14757,3482
14767,3356
14790,3444
14791,3548
14803,3570
14825,3391
14831,3467
14859,3709
14887,3675
14893,3517
14922,3626
14935,3796
14941,3795
14965,3683
14985,3690
15014,3930
15046,3900
15054,3700
15072,3786
15085,4019
15112,3904
15130,3805
15158,3902
15184,4151
15210,4024
15226,3888
15262,4123
15281,4210
15304,4160
15342,4045
15345,4177
15387,4352
15401,4334
15421,4162
15452,4307
15487,4449
15501,4341
15529,4245
15543,4502
15569,4616
15586,4499
15619,4375
15673,4482
15705,4677
15705,4608
15716,4443
15757,4609
15771,4815
15817,4775
15825,4568
15867,4675
15884,4847
15889,4827
15943,4653
15969,4743
15997,5017
16018,4841
16025,4733
16057,4882
16075,5081
16090,4962
16126,4898
16156,4965
16174,5162
16190,5034
16224,4894
16257,5153
16285,5245
16279,5083
16310,4982
16342,5150
16364,5301
16363,5187
16,5068
44,5219
43,5331
43,5242
84,5077
132,5229
127,5397
133,5251
175,5205
203,5399
202,5484
188,5306
241,5231
280,5364
287,5485
299,5362
326,5323
340,5467
347,5530
329,5414
369,5337
403,5462
415,5597
419,5406
441,5412
446,5531
469,5595
471,5519
509,5375
537,5545
561,5667
544,5480
579,5453
616,5675
616,5746
628,5530
661,5541
696,5676
702,5730
730,5642
740,5568
770,5690
792,5820
813,5758
840,5622
896,5748
896,5938
899,5757
932,5683
982,5921
1020,5945
1026,5857
1040,5792
1104,5932
1102,6052
1135,5918
1164,5851
1223,6000
1229,6075
1222,5977
1278,5900
1337,6077
1343,6175
1379,6045
1403,6008
1445,6234
1478,6225
1499,6095
1522,6033
1592,6218
1599,6300
1623,6169
1650,6124
1685,6293
1725,6368
1727,6232
1767,6217
1831,6419
1842,6413
1855,6283
1906,6320
1906,6430
1942,6536
1976,6364
1999,6352
2047,6501
2054,6629
2080,6432
2128,6426
2184,6636
2168,6676
2188,6415
2243,6482
2288,6698
2276,6721
2297,6537
2321,6525
2362,6777
2361,6786
2376,6619
2408,6619
2430,6805
2464,6778
2490,6628
2504,6669
2548,6910
2547,6827
2542,6657
2596,6702
2615,6816
2647,6758
2632,6788
2688,6856
2681,6866
2703,6819
2712,6846
2733,6898
2769,6915
2775,6867
2795,6891
2797,6933
2850,6948
2849,6909
2861,6934
2915,7007
2946,7011
2951,6964
2961,7018
2986,7066
3019,7067
3031,7021
3049,7043
3077,7103
3114,7113
3129,7095
3136,7095
3171,7179
3205,7205
3220,7168
3240,7175
3281,7267
3297,7279
3321,7244
3337,7264
3384,7355
3420,7338
3440,7314
3465,7339
3513,7433
3555,7459
3549,7423
3573,7427
3633,7504
3635,7549
3665,7510
3672,7518
3722,7584
3764,7647
3767,7610
3805,7623
3845,7684
3861,7749
3903,7707
3945,7729
3973,7809
4003,7871
4007,7833
4046,7816
4072,7900
4109,7961
4122,7930
4154,7919
4166,7986
4208,8060
4220,8038
4252,8027
4290,8109
4299,8158
4316,8156
4336,8109
4364,8203
4399,8254
4434,8266
4448,8236
4473,8267
4509,8355
4528,8349
4542,8322
4572,8381
4596,8470
4612,8473
4632,8448
4644,8440
4661,8520
4697,8568
4703,8553
4721,8522
4755,8616
4787,8683
4794,8623
4806,8612
4840,8712
4844,8720
4854,8704
4868,8701
4891,8765
4918,8850
4936,8792
4944,8759
4967,8844
4976,8902
5000,8886
5009,8849
5017,8939
5033,8986
5057,8937
5060,8910
5086,8984
5098,9060
5104,9041
5130,9004
5158,9060
5188,9167
5197,9164
5197,9087
5232,9160
5257,9242
5275,9240
5283,9193
5299,9242
5327,9377
5352,9415
5372,9345
5406,9388
5417,9509
5433,9554
5462,9494
5483,9507
5521,9651
5540,9705
5573,9655
5585,9654
5614,9792
5622,9864
5644,9813
5700,9850
5708,9923
5734,10018
5758,10012
5769,9975
5815,10076
5843,10185
5845,10195
5892,10162
5910,10264
5938,10359
5980,10376
5980,10350
6020,10424
6061,10561
6077,10585
6083,10512
6133,10583
6159,10722
6180,10772
6204,10699
6244,10738
6258,10877
6271,10863
6309,10977
6328,11000
6367,10897
6388,10946
6404,11201
6440,11154
6430,11011
6454,11119
6514,11378
6524,11358
6537,11175
6561,11247
6591,11377
6601,11486
6625,11349
6635,11379
6668,11602
6685,11610
6706,11463
6717,11412
6758,11586
6775,11717
6787,11608
6800,11514
6823,11730
6852,11844
6866,11667
6860,11561
6880,11700
6899,11919
6921,11818
6929,11713
6945,11834
6976,12032
6974,11905
7015,11807
7021,11860
7037,12091
7059,11974
7058,11837
7096,11884
7092,12098
7114,12188
7130,11989
7143,11920
7165,12211
7195,12242
7187,12134
7224,12066
7258,12225
7266,12386
7264,12175
7310,12102
7327,12349
7343,12397
7363,12270
7377,12225
7418,12364
7438,12510
7456,12418
7470,12327
7489,12528
7515,12614
7551,12630
7557,12403
7586,12643
7620,12786
7654,12619
7654,12552
7683,12674
7719,12806
7753,12771
7765,12691
7801,12733
7832,12925
7850,12874
7876,12783
7898,12804
7940,13024
7939,13073
7987,12920
8007,12862
8036,13086
8079,13167
8075,12967
8108,12986
8144,13124
8174,13321
8191,13047
8229,13074
8237,13211
8286,13373
8258,13350
8307,13143
8364,13249
8374,13450
8394,13335
8415,13223
8465,13296
8479,13525
8489,13488
8516,13340
8560,13402
8584,13554
8586,13578
8593,13373
8606,13448
8665,13657
8684,13625
8698,13422
8742,13456
8754,13696
8778,13664
8775,13530
8797,13530
8843,13772
8844,13737
8875,13618
8906,13546
8932,13752
8937,13816
8942,13646
8961,13624
8985,13847
9005,13852
9020,13720
9029,13647
9072,13867
9084,13922
9089,13914
9118,13700
9131,13844
9162,13930
9161,13823
9175,13765
9233,13831
9211,13990
9237,13918
9252,13790
9259,13873
9310,14074
9286,13947
9328,13778
9318,13877
9378,14052
9356,14122
9406,13887
9424,13957
9446,14112
9474,14122
9482,13972
9530,13936
9559,14213
9579,14246
9594,13968
9620,13991
9670,14182
9676,14266
9697,14121
9712,14052
9743,14273
9782,14330
9795,14249
9832,14171
9899,14251
9897,14413
9907,14275
9960,14231
10000,14405
10019,14497
10038,14354
10055,14285
10103,14447
10148,14558
10155,14486
10194,14337
10241,14494
10275,14633
10295,14600
10313,14407
10359,14489
10382,14722
10404,14700
10437,14492
10461,14590
10515,14758
10543,14739
10583,14663
10619,14592
10668,14854
10666,14854
10686,14756
10740,14720
10764,14734
10780,14924
10809,14817
10831,14728
10877,14962
10877,14929
10875,14777
10930,14776
10980,15004
10988,15028
11000,14963
11046,14890
11098,15055
11115,15097
11116,14943
11149,14900
11172,15044
11198,15184
11197,15142
11238,15006
11287,15120
11302,15100
11298,15084
11312,15120
11341,15170
11364,15163
11375,15123
11396,15164
11433,15238
11445,15209
11453,15193
11472,15194
11500,15248
11555,15259
11530,15220
11556,15248
11597,15333
11620,15321
11595,15277
11623,15286
11645,15360
11665,15358
11687,15317
11696,15346
11718,15414
11744,15452
11762,15398
11788,15390
11799,15475
11850,15488
11836,15461
11864,15467
11911,15534
11943,15563
11963,15538
12005,15539
12004,15598
12036,15638
12060,15636
12090,15632
12108,15697
12140,15731
12166,15716
12172,15716
12213,15774
12245,15825
12261,15841
12273,15827
12322,15846
12349,15929
12383,15915
12403,15926
12444,15936
12472,16042
12488,16042
12516,16027
12544,16068
12566,16138
12616,16161
12616,16140
12657,16192
12661,16238
12706,16278
12711,16253
12735,16269
12786,16353
12814,28
12842,16374
12863,16381
12885,79
12933,133
12931,102
12957,119
12991,166
13017,263
13060,262
13066,202
13090,298
13130,371
13152,372
13157,316
13190,410
13234,485
13229,479
13258,443
13293,515
13311,609
13300,609
13333,559
13357,617
13381,715
13399,726
13423,645
13447,708
13465,782
13487,807
13489,738
13513,791
13531,909
13563,890
13572,841
13582,891
13612,1000
13602,1025
13637,931
13641,976
13674,1063
13671,1083
13697,994
13713,1043
13750,1158
13752,1167
13760,1100
13790,1108
13796,1232
13792,1246
13817,1199
13854,1219
13846,1332
13867,1333
13894,1287
13900,1292
13914,1421
13951,1461
13953,1392
13990,1395
14019,1525
14026,1570
14060,1541
14072,1556
14086,1673
14110,1741
14145,1668
14150,1680
14172,1843
14203,1892
14224,1794
14254,1867
14282,2012
14298,2078
14328,1984
14353,2012
14352,2162
14407,2223
14409,2168
14447,2156
14481,2348
14501,2388
14524,2341
14557,2366
14577,2365
14613,2461
14609,2660
14659,2710
14691,2502
14706,2592
14737,2854
14754,2868
14773,2715
14811,2813
14847,2999
14866,3047
14876,2910
14919,2985
14947,3137
14965,3211
14975,3019
15017,3106
15036,3318
15050,3312
15063,3159
15108,3163
15126,3496
15167,3484
15172,3318
15214,3361
15238,3596
15233,3560
15266,3420
15296,3540
15324,3730
15323,3623
15340,3540
15376,3571
15390,3876
15414,3812
15431,3626
15444,3701
15476,3935
15498,3819
15515,3761
15528,3771
15564,4024
15562,3945
15576,3856
15620,3909
15609,4088
15630,4027
15650,3851
15676,4044
15696,4195
15694,4101
15718,3971
15720,3973
15734,4242
15768,4138
15772,4060
15800,4088
15801,4309
15835,4228
15840,4096
15860,4199
15892,4368
15883,4287
15885,4153
15947,4337
15975,4511
15983,4386
15989,4259
16035,4449
16029,4547
16059,4500
16089,4386
16105,4493
16149,4657
16169,4564
16201,4477
16228,4557
16235,4747
16263,4666
16295,4541
16331,4673
16345,4849
16382,4771
5,4638
26,4738
56,4947
90,4909
118,4720
152,4880
177,5016
168,4946
222,4837
246,5060
284,5156
301,5057
308,4938
352,5007
380,5187
414,5062
460,5037
471,5140
510,5295
524,5196
562,5074
591,5213
621,5375
619,5226
652,5205
704,5324
713,5463
727,5353
777,5204
819,5418
837,5518
851,5421
869,5327
919,5530
934,5657
957,5458
963,5424
1017,5528
1024,5651
1051,5532
1061,5428
1121,5643
1119,5737
1111,5569
1151,5515
1191,5710
1188,5804
1192,5686
1264,5584
1280,5732
1320,5846
1305,5631
1342,5581
1367,5843
1368,5847
1372,5725
1424,5664
1464,5854
1443,5879
1459,5766
1494,5711
1520,5916
1523,5937
1519,5891
1541,5742
1577,5941
1586,5946
1614,5843
1635,5773
1660,6003
1653,6019
1671,5867
1689,5858
1747,5967
1747,6098
1753,5905
1799,5913
1811,6073
1820,6121
1835,5889
1867,5919
1914,6104
1902,6218
1940,5956
2002,6019
2022,6212
2032,6137
2028,6134
2101,6081
2123,6267
2152,6286
2177,6133
2208,6102
2252,6302
2275,6341
2288,6199
2316,6222
2374,6399
2379,6355
2409,6231
2452,6333
2495,6508
2488,6471
2530,6331
2568,6356
2606,6512
2621,6591
2670,6461
2687,6439
2751,6683
2766,6563
2795,6465
2823,6509
2867,6673
2893,6743
2901,6543
2933,6540
2993,6798
2977,6777
3021,6606
3058,6655
3111,6910
3151,6936
3146,6706
3197,6721
3234,6878
3238,6973
3270,6820
3289,6740
3332,6993
3338,7061
3381,6839
3416,6809
3434,7094
3449,6951
3464,6980
3502,7058
3555,7076
3563,7000
3571,7041
3602,7116
3637,7123
3626,7072
3659,7105
3693,7175
3711,7196
3721,7146
3745,7151
3787,7215
3801,7227
3795,7203
3819,7202
3845,7274
3884,7288
3881,7240
3888,7254
3932,7296
3949,7323
3938,7299
3952,7292
3988,7368
4010,7390
4010,7339
4038,7344
4063,7421
4090,7448
4094,7398
4096,7406
4152,7492
4184,7511
4182,7484
4198,7480
4210,7538
4246,7584
4264,7551
4272,7556
4315,7623
4361,7685
4355,7663
4379,7637
4409,7701
4437,7775
4459,7733
4484,7737
4528,7803
4570,7858
4583,7847
4602,7834
4627,7883
4658,7971
4657,7981
4702,7956
4725,7996
4763,8082
4782,8082
4801,8079
4843,8120
4869,8203
4899,8208
4909,8193
4939,8194
4994,8320
5002,8338
5016,8318
5040,8348
5104,8422
5093,8448
5141,8447
5157,8451
5165,8545
5211,8605
5215,8576
5249,8567
5299,8641
5322,8734
5322,8746
5364,8703
5398,8781
5406,8866
5413,8869
5437,8830
5489,8889
5501,9000
5526,8987
5549,8962
5583,8989
5583,9097
5619,9126
5641,9073
5641,9097
5663,9216
5694,9259
5716,9202
5736,9215
5740,9326
5758,9346
5797,9323
5813,9322
5817,9430
5845,9455
5864,9408
5874,9433
5890,9528
5898,9554
5926,9504
5952,9522
5960,9582
5960,9659
5983,9591
6017,9577
6017,9645
6034,9727
6046,9693
6070,9670
6078,9737
6090,9864
6104,9820
6121,9767
6144,9829
6151,9863
6161,9927
6181,9821
6210,9913
6234,10036
6230,10033
6271,9980
6274,10029
6326,10127
6325,10179
6335,10106
6335,10111
6379,10274
6396,10309
6420,10254
6458,10314
6465,10427
6506,10509
6508,10417
6536,10420
6567,10553
6571,10653
6631,10587
6627,10513
6667,10619
6690,10614
6712,10857
6746,10864
6761,10784
6768,10824
6815,11039
6825,11137
6853,10981
6881,10919
6912,11190
6956,11288
6967,11314
6990,11106
7002,11314
7039,11417
7080,11400
7089,11279
7111,11403
7148,11546
7178,11524
7184,11468
7232,11534
7256,11744
7273,11685
7295,11571
7317,11735
7361,11902
7396,11935
7382,11686
7412,11804
7460,12010
7484,12004
7493,11983
7495,11847
7533,12087
7563,12165
7577,11966
7592,12016
7640,12150
7653,12314
7681,12066
7693,12070
7721,12249
7733,12337
7739,12290
7772,12180
7803,12310
7816,12438
7822,12383
7843,12214
7879,12346
7892,12558
7889,12399
7908,12327
7944,12378
7969,12546
7958,12494
7991,12426
8011,12454
8039,12654
8051,12633
8052,12479
8076,12548
8084,12645
8098,12733
8103,12533
8141,12549
8165,12739
8185,12747
8168,12591
8197,12631
8222,12854
8240,12815
8253,12741
8303,12654
8309,12837
8349,12948
8367,12829
8362,12722
8396,12856
8411,13065
8442,12936
8448,12804
8493,12941
8508,13093
8519,13129
8556,12981
8588,13040
8624,13177
8650,13200
8665,13017
8704,13028
8731,13256
8747,13286
8776,13057
8812,13140
8855,13421
8851,13370
8885,13229
8927,13254
8978,13367
8997,13509
9011,13318
9026,13240
9072,13521
9082,13554
9094,13433
9151,13389
9175,13562
9201,13633
9218,13639
9246,13454
9297,13608
9331,13721
9336,13720
9371,13513
9411,13605
9465,13805
9467,13717
9475,13614
9528,13750
9566,13892
9569,13808
9581,13677
9621,13747
9647,13951
9687,13960
9694,13813
9738,13732
9780,13994
9777,13943
9770,13818
9835,13830
9867,14037
9873,14102
9899,13891
9915,13857
9973,14096
9975,14096
9982,14082
10000,13976
10053,14118
10046,14177
10061,14039
10079,13951
10119,14103
10143,14237
10141,14076
10150,14052
10185,14148
10218,14332
10202,14137
10243,14054
10277,14111
10303,14333
10300,14205
10317,14073
10354,14204
10381,14359
10377,14334
10377,14143
10437,14190
10448,14414
10446,14354
10449,14155
10475,14200
10529,14423
10520,14393
10543,14273
10590,14220
10616,14458
10616,14510
10647,14276
10683,14287
10693,14487
10727,14537
10725,14360
10764,14348
10799,14571
10812,14626
10840,14455
10870,14425
10912,14632
10912,14669
10944,14547
10959,14477
11005,14662
11041,14771
11063,14627
11117,14547
11154,14719
11180,14802
11190,14637
11220,14609
11256,14862
11302,14886
11311,14840
11319,14672
11375,14805
11389,14924
11426,14871
11437,14783
11498,14808
11537,15085
11543,14900
11574,14950
11614,14996
11664,15002
11678,14994
11701,15007
11760,15104
11780,15106
11797,15065
11798,15084
11854,15173
11893,15169
11899,15138
11923,15183
11956,15256
11993,15259
12019,15217
12052,15252
12073,15316
12106,15341
12115,15271
12126,15310
12173,15375
12194,15423
12221,15355
12222,15367
12249,15446
12297,15481
12303,15442
12313,15437
12345,15502
12368,15549
12371,15514
12378,15480
12416,15545
12435,15584
12458,15566
12466,15564
12499,15624
12528,15667
12540,15630
12543,15609
12561,15645
12608,15714
12582,15686
12621,15663
12621,15701
12664,15779
12670,15764
12674,15729
12700,15754
12742,15816
12744,15801
12746,15789
12774,15815
12776,15860
12812,15856
12820,15836
12834,15876
12860,15939
12891,15935
12919,15928
12938,15952
12955,16019
12981,16033
13003,15991
13027,16024
13053,16107
13055,16116
13078,16092
13119,16083
13148,16172
13173,16227
13195,16197
13208,16210
13224,16305
13258,16343
13287,16308
13315,16319
13345,10
13365,77
13372,48
13432,34
13458,128
13472,196
13494,184
13508,172
13548,241
13558,326
13612,315
13614,280
13630,366
13677,455
13693,459
13712,431
13738,491
13764,595
13785,591
13821,557
13841,625
13873,722
13909,743
13939,705
13952,763
13988,857
14008,876
14008,819
14037,884
14062,1011
14102,1027
14114,976
14156,1028
14156,1165
14198,1171
14207,1114
14218,1166
14255,1291
14276,1303
14273,1228
14298,1289
14342,1394
14334,1389
14364,1374
14384,1398
14406,1530
14438,1565
14440,1497
14477,1515
14480,1624
14500,1636
14502,1565
14544,1615
14546,1721
14554,1735
14584,1693
14592,1741
14608,1835
14616,1858
14644,1778
14648,1810
14669,1940
14693,1950
14702,1845
14705,1892
14733,2016
14745,2007
14763,1973
14795,2021
14792,2117
14797,2149
14835,2015
14838,2125
14855,2203
14887,2238
14889,2153
14903,2177
14925,2335
14931,2325
14971,2458
14982,2348
14996,2293
15008,2488
15052,2554
15056,2467
15077,2416
15092,2528
15144,2690
15153,2582
15182,2519
15178,2759
15224,2882
15234,2704
15264,2654
15286,2889
15327,3006
15336,2948
15364,2895
15382,3016
15434,3182
15428,2989
15472,2962
15496,3191
15529,3352
15550,3198
15558,3167
15600,3349
15628,3459
15639,3323
15675,3273
15709,3535
15733,3630
15749,3436
15775,3475
15805,3602
15827,3734
15863,3655
15861,3569
15913,3797
15923,3913
15969,3787
15979,3687
16019,3896
16044,4041
16058,3923
16090,3841
16116,4068
16150,4116
16158,4045
16182,3959
16217,4149
16228,4250
16250,4110
16288,4020
16324,4285
16320,4357
16352,4186
16353,4140
4,4303
9,4451
46,4230
62,4277
92,4494
109,4508
102,4336
162,4351
181,4506
193,4588
189,4442
213,4408
235,4561
269,4671
265,4479
293,4513
309,4661
324,4683
328,4523
352,4527
381,4770
400,4810
392,4581
415,4616
452,4810
460,4776
460,4732
496,4641
516,4878
539,4892
541,4693
584,4676
585,4939
594,4972
632,4744
656,4772
670,5030
694,5035
698,4821
744,4850
767,5072
777,5037
819,4907
864,4943
893,5131
894,5146
929,4946
981,5053
1001,5285
1004,5223
1037,5028
1077,5133
1106,5349
1098,5332
1128,5140
1180,5252
1223,5431
1217,5376
1258,5219
1296,5315
1330,5504
1361,5441
1393,5284
1432,5396
1460,5564
1470,5494
1498,5383
1540,5525
1565,5636
1566,5606
1599,5482
1657,5542
1682,5700
1708,5660
1724,5497
1761,5671
1786,5827
1819,5774
1835,5605
1885,5812
1910,5852
1902,5719
1946,5706
2016,5776
2044,5934
2022,5834
2073,5743
2099,5783
2110,6024
2132,5892
2164,5756
2203,5917
2233,6033
2242,5952
2247,5851
2299,5938
2312,6106
2329,5956
2337,5914
2407,6013
2423,6145
2421,6008
2437,5916
2475,6023
2505,6208
2498,6069
2533,5978
2561,6197
2586,6233
2559,6123
2608,5986
2634,6218
2654,6260
2633,6088
2682,6101
2732,6239
2732,6334
2726,6179
2764,6112
2788,6340
2789,6327
2802,6292
2848,6146
2870,6362
2870,6359
2888,6189
2905,6196
2952,6331
2940,6430
2943,6245
3000,6267
3031,6403
3023,6491
3039,6379
3068,6305
3085,6485
3121,6531
3129,6387
3171,6339
3235,6491
3259,6599
3262,6456
3309,6419
3341,6617
3353,6733
3359,6689
3398,6631
3413,6643
3463,6588
3479,6632
3519,6701
3556,6711
3590,6675
3575,6704
3638,6780
3661,6789
3701,6762
3706,6766
3764,6851
3800,6876
3813,6833
3836,6854
3882,6930
3892,6962
3944,6939
3944,6950
3990,7003
4031,7038
4064,7010
4062,7019
4108,7096
4124,7138
4150,7092
4170,7111
4217,7159
4233,7213
4283,7199
4281,7189
4329,7242
4361,7303
4379,7269
4398,7271
4413,7306
4465,7383
4481,7370
4508,7344
4533,7402
4571,7444
4566,7446
4584,7418
4620,7449
4654,7500
4674,7500
4668,7482
4718,7524
4733,7597
4757,7614
4765,7553
4777,7587
4810,7639
4821,7649
4841,7603
4858,7626
4887,7696
4886,7749
4896,7673
4909,7699
4953,7742
4967,7778
4989,7757
4997,7758
5026,7820
5034,7841
5050,7795
5060,7809
5076,7878
5119,7929
5112,7882
5134,7872
5140,7942
5177,7968
5185,7925
5203,7943
5228,8012
5251,8067
5253,8048
5293,8025
5313,8076
5328,8137
5344,8152
5367,8119
5384,8165
5419,8255
5452,8237
5471,8204
5502,8272
5509,8357
5553,8373
5561,8347
5584,8368
5628,8476
5620,8486
5668,8521
5690,8502
5711,8561
5725,8613
5763,8617
5781,8616
5808,8727
5828,8782
5866,8716
5884,8767
5914,8847
5946,8928
5956,8915
5995,8883
6027,8973
6025,9076
6073,9063
6089,9039
6120,9115
6139,9207
6154,9256
6195,9168
6231,9275
6249,9364
6272,9382
6297,9344
6325,9385
6327,9530
6352,9569
6370,9498
6396,9536
6410,9661
6464,9722
6474,9616
6510,9662
6524,9796
6559,9829
6564,9795
6585,9785
6607,9899
6632,9998
6635,9908
6681,9932
6673,10031
6710,10140
6726,10101
6743,10024
6762,10098
6774,10221
6800,10232
6831,10116
6830,10202
6844,10305
6873,10351
6889,10273
6909,10316
6916,10427
6918,10494
6954,10354
6977,10375
6960,10506
6984,10534
7007,10449
7025,10493
7046,10616
7061,10642
7086,10560
7097,10560
7108,10698
7118,10747
7132,10636
7155,10656
7161,10763
7182,10826
7221,10775
7196,10712
7240,10838
7263,10963
7287,10888
7303,10850
7311,10955
7345,11085
7365,11053
7359,10966
7386,11038
7416,11173
7456,11204
7481,11150
7499,11193
7529,11332
7554,11372
7568,11312
7596,11320
7618,11450
7634,11544
7676,11471
7719,11459
7743,11619
7760,11686
7777,11620
7797,11605
7816,11707
7859,11809
7896,11790
7915,11749
7934,11843
7969,11945
7994,11955
8018,11908
8041,11989
8069,12083
8132,12120
8126,12074
8161,12083
8187,12227
8221,12283
8249,12202
8247,12207
8294,12326
8324,12399
8350,12316
8375,12317
8390,12431
8420,12526
8450,12470
8475,12413
8492,12520
8535,12636
8581,12589
8583,12528
8609,12611
8624,12712
8688,12698
8689,12639
8695,12697
8731,12787
8745,12795
8779,12750
8782,12735
8814,12880
8838,12901
8878,12807
8862,12822
8894,12943
8929,12977
8937,12923
8947,12880
8961,12977
9018,13050
9042,12973
9056,12939
9064,13026
9076,13115
9113,13041
9118,12971
9132,13077
9152,13153
9184,13124
9175,13048
9202,13125
9221,13209
9241,13189
9268,13104
9268,13170
9268,13241
9311,13248
9350,13154
9349,13211
9385,13293
9431,13301
9459,13248
9454,13259
9483,13362
9514,13376
9535,13334
9559,13323
9558,13409
9625,13487
9640,13389
9670,13394
9688,13486
9716,13571
9768,13502
9766,13471
9779,13561
9845,13649
9866,13587
9881,13549
9926,13639
9970,13712
9992,13687
10020,13622
10028,13702
10089,13789
10119,13779
10141,13705
10130,13764
10188,13846
10232,13856
10243,13800
10263,13817
10298,13926
10351,13935
10375,13880
10375,13899
10414,13989
10483,14013
10516,13971
10546,13953
10555,14048
10600,14078
10633,14039
10627,14021
10673,14111
10697,14161
10748,14122
10764,14089
10772,14171
10818,14248
10836,14200
10861,14163
10882,14220
10929,14293
10974,14276
10991,14209
10997,14283
11022,14365
11080,14344
11077,14277
11089,14325
11121,14383
11149,14388
11166,14340
11183,14365
11228,14451
11224,14447
11256,14387
11242,14404
11294,14471
11321,14490
11322,14444
11335,14455
11393,14510
11413,14543
11412,14495
11419,14498
11465,14565
11472,14585
11504,14544
11484,14523
11513,14571
11537,14605
11561,14588
11562,14563
11583,14619
11598,14667
11635,14634
11628,14580
11648,14637
11688,14702
11720,14702
11708,14645
11737,14700
11778,14734
11787,14761
11797,14695
11816,14737
11852,14800
11904,14813
11902,14746
11902,14783
11939,14855
11982,14868
12006,14789
12021,14844
12059,14920
12080,14941
12082,14890
12124,14921
12166,14967
12184,15014
12228,14971
12262,14980
12273,15054
12302,15080
12328,15076
12339,15065
12360,15133
12406,15176
12458,15158
12452,15144
12474,15183
12532,15271
12538,15247
12558,15231
12597,15286
12604,15346
12654,15342
12679,15303
12704,15351
12745,15421
12767,15427
12799,15398
12815,15451
12845,15521
12869,15526
12888,15494
12912,15518
12973,15586
12975,15607
13000,15579
13044,15606
13066,15686
13082,15734
13116,15685
13125,15671
13189,15779
13177,15811
13191,15787
13229,15771
13267,15843
13300,15879
13303,15840
13318,15844
13336,15914
13374,15980
13380,15926
13408,15944
13415,15998
13464,16050
13466,16043
13510,16008
13506,16040
13530,16122
13534,16064
13550,16061
13584,16124
13610,16220
13618,16166
13617,16135
13642,16201
13683,16239
13673,16235
13677,16199
13711,16235
13745,16291
13745,16294
13759,16255
13777,16320
13781,16345
13805,16372
13829,16360
13841,16370
13857,73
13863,69
13893,18
13933,44
13931,139
13961,155
13975,110
13982,144
14005,235
14033,250
14055,209
14101,282
14107,362
14117,352
14143,338
14177,379
14193,472
14241,502
14249,486
14277,517
14293,607
14305,601
14329,622
14367,654
14394,748
14408,773
14419,743
14484,773
14493,887
14512,964
14543,930
14565,937
14594,1036
14619,1097
14654,1054
14649,1068
14687,1169
14717,1275
14749,1189
14751,1203
14797,1361
14804,1430
14840,1351
14857,1409
14877,1508
14908,1556
14938,1535
14958,1550
14980,1672
14996,1735
15038,1664
15056,1672
15066,1811
15104,1859
15140,1827
15129,1855
15160,1978
15200,2075
15222,1962
15232,1994
15244,2126
15292,2191
15292,2079
15322,2130
15329,2257
15357,2314
15385,2226
15386,2236
15416,2387
15435,2427
15475,2343
15487,2363
15500,2519
15499,2552
15526,2474
15550,2459
15550,2596
15586,2637
15605,2541
15600,2565
15622,2712
15640,2722
15654,2640
15667,2655
15672,2787
15692,2841
15719,2744
15745,2741
15744,2876
15766,2912
15783,2811
15781,2800
15800,2960
15830,2989
15843,2923
15846,2936
15874,3062
15902,3102
15928,3004
15936,3034
15948,3164
15976,3170
15997,3074
15983,3111
16032,3272
16067,3285
16079,3198
16097,3283
16133,3431
16169,3402
16169,3361
16183,3397
16205,3561
16245,3512
16273,3493
16294,3552
16310,3671
16340,3658
16366,3611
0,3732
40,3807
72,3793
93,3751
116,3845
140,3960
179,3920
191,3879
223,3966
271,4089
283,4065
333,4015
319,4109
357,4223
407,4163
410,4110
454,4238
483,4329
519,4291
534,4232
564,4364
610,4472
639,4422
640,4354
658,4450
688,4574
763,4498
769,4469
795,4572
839,4679
878,4623
907,4569
898,4649
947,4735
981,4697
984,4664
998,4757
1043,4827
1056,4799
1046,4750
1082,4855
1137,4917
1174,4856
1176,4829
1202,4907
1236,5003
1254,4932
1281,4882
1289,5001
1311,5037
1338,4976
1323,4987
1352,5063
1399,5099
1412,5032
1408,5012
1454,5120
1470,5175
1475,5062
1512,5076
1514,5158
1574,5174
1567,5119
1573,5135
1624,5224
1627,5230
1643,5150
1657,5203
1691,5268
1711,5297
1725,5226
1723,5253
1757,5325
1780,5333
1788,5268
1810,5323
1841,5396
1895,5384
1902,5343
1922,5396
1982,5470
2015,5442
2019,5399
2048,5449
2094,5557
2109,5543
2135,5487
2155,5531
2211,5605
2230,5608
2223,5545
2240,5600
2291,5713
2329,5680
2338,5606
2370,5677
2415,5767
2460,5746
2472,5682
2508,5764
2542,5834
2578,5820
2610,5770
2618,5832
2654,5898
2721,5895
2733,5834
2736,5891
2790,5984
2812,5962
2815,5911
2866,5979
2890,6058
2950,6028
2953,5979
2977,6053
3022,6116
3057,6093
3063,6063
3079,6104
3153,6189
3173,6169
3191,6117
3193,6169
3257,6231
3268,6240
3298,6194
3319,6233
3353,6319
3373,6280
3389,6229
3409,6294
3455,6378
3493,6340
3485,6302
3517,6338
3541,6411
3568,6399
3575,6359
3589,6386
3637,6461
3653,6433
3671,6393
3663,6441
3708,6506
3711,6487
3737,6429
3743,6476
3775,6554
3778,6530
3811,6487
3825,6511
3846,6596
3882,6585
3861,6515
3889,6562
3936,6632
3957,6606
3959,6553
3960,6590
3978,6660
4010,6649
3997,6599
4040,6628
4064,6714
4096,6703
4102,6656
4120,6688
4115,6729
4150,6747
4161,6708
4158,6724
4192,6808
4253,6821
4242,6764
4280,6801
4300,6869
4333,6880
4346,6813
4374,6845
4407,6939
4432,6926
4466,6932
4472,6929
4512,6995
4547,7031
4571,6999
4565,7005
4609,7073
4647,7121
4663,7086
4681,7093
4711,7154
4751,7185
4766,7155
4799,7153
4819,7264
4873,7288
4885,7246
4925,7265
4915,7346
4977,7375
4985,7347
5019,7325
5048,7420
5078,7476
5092,7451
5123,7450
5162,7514
5192,7554
5214,7555
5230,7546
5253,7594
5280,7650
5306,7644
5334,7644
5373,7689
5377,7751
5421,7741
5437,7735
5459,7802
5488,7858
5533,7862
5525,7846
5537,7863
5576,7938
5600,7933
5618,7934
5632,7952
5665,8019
5686,8046
5697,7997
5722,8028
5746,8098
5747,8123
5779,8092
5805,8100
5809,8169
5821,8197
5845,8191
5869,8170
5897,8232
5897,8291
5889,8238
5923,8251
5944,8284
5952,8337
5966,8326
5997,8290
5998,8363
6028,8394
6045,8410
6066,8365
6079,8403
6077,8495
6111,8478
6133,8425
6143,8496
6167,8555
6190,8545
6205,8510
6226,8582
6229,8666
6264,8642
6262,8610
6293,8648
6294,8724
6317,8764
6340,8712
6349,8759
6375,8877
6415,8896
6423,8883
6451,8890
6468,8986
6496,9004
6532,8974
6544,9000
6576,9106
6607,9172
6626,9168
6639,9165
6665,9254
6706,9331
6713,9317
6750,9328
6771,9381
6780,9506
6825,9478
6832,9444
6849,9543
6885,9655
6935,9645
6954,9613
6967,9677
6997,9828
7032,9846
7048,9746
7074,9845
7069,9965
7133,10016
7157,9932
7174,9989
7177,10137
7212,10197
7252,10127
7272,10118
7290,10263
7314,10342
7343,10280
7350,10300
7367,10429
7404,10491
7429,10457
7469,10654
7476,10484
7508,10431
7540,10688
7571,10725
7560,10567
7605,10647
7631,10834
7655,10880
7666,10816
7680,10728
7719,10939
7730,11036
7733,10802
7727,10850
7783,11062
7785,11169
7801,11084
7818,10979
7834,11104
7876,11223
7898,11187
7892,11012
7915,11198
7961,11403
7949,11315
7961,11174
8000,11226
8005,11446
8019,11405
8027,11222
8053,11264
8063,11440
8066,11541
8084,11354
8104,11315
8134,11515
8144,11587
8159,11413
8177,11448
8213,11581
8229,11732
8230,11519
8248,11520
8257,11643
8259,11831
8304,11672
8325,11597
8326,11772
8383,11920
8384,11870
8408,11651
8422,11812
8454,12033
8463,12031
8476,11822
8525,11853
8583,12070
8574,12127
8586,11974
8627,12049
8685,12193
8691,12251
8719,12107
8748,12190
8782,12353
8794,12413
8835,12250
8859,12233
8881,12384
8919,12534
8913,12402
8966,12388
9012,12472
9030,12639
9078,12568
9086,12453
9113,12638
9175,12770
9188,12766
9198,12625
9248,12668
9298,12856
9297,12859
9321,12666
9359,12801
9415,12975
9402,13028
9409,12851
9474,12819
9508,13073
9550,13079
9543,12956
9601,12936
9641,13127
9644,13170
9651,13019
9718,13006
9760,13165
9774,13338
9780,13139
9818,13078
9865,13240
9875,13343
9882,13203
9908,13148
9932,13278
9950,13434
9982,13293
9989,13202
10029,13289
10045,13467
10061,13399
10086,13299
10116,13387
10134,13572
10154,13557
10160,13368
10209,13424
10238,13553
10230,13576
10241,13437
10249,13398
10307,13595
10315,13604
10302,13468
10345,13478
10376,13617
10398,13684
10409,13583
10439,13481
10462,13728
10477,13734
10499,13627
10538,13531
10559,13768
10563,13786
10574,13600
10612,13598
10640,13764
10664,13859
10692,13680
10689,13619
10717,13858
10753,13911
10781,13826
10810,13718
10848,13856
10886,14007
10866,13907
10918,13785
10954,13854
10984,14099
11000,13922
11033,13853
11073,13950
11118,14129
11133,14065
11133,13979
11204,13953
11211,14217
11262,14194
11262,13969
11310,14102
11350,14310
11340,14149
11384,14042
11411,14243
11453,14292
11481,14338
11497,14155
11525,14182
11577,14414
11590,14420
11626,14230
11656,14222
11680,14476
11706,14480
11736,14286
11781,14374
11800,14449
11806,14558
11845,14381
11877,14356
11925,14606
11927,14621
11948,14468
11998,14413
12020,14642
12040,14678
12062,14590
12082,14460
12124,14692
12148,14767
12162,14664
12193,14561
12221,14683
12234,14813
12243,14693
12282,14626
12302,14736
12324,14898
12326,14770
12342,14650
12368,14775
12398,14906
12410,14746
12431,14741
12455,14689
12471,14971
12455,14938
12513,14768
12537,14773
12549,14999
12577,14999
12590,14814
12592,14864
12622,15042
12620,15035
12634,14872
12654,14911
12668,15078
12688,15035
12713,14841
12727,14883
12763,15112
12763,15148
12787,14933
12808,15004
12833,15063
12814,15228
12838,15006
12876,14947
12900,15104
12908,15122
12928,15100
12942,15190
12981,15213
12993,15151
13013,15173
13036,15241
13059,15281
13078,15233
13113,15261
13141,15319
13167,15337
13177,15304
13195,15305
13241,15395
13279,15433
13271,15393
13313,15389
13353,15459
13372,15511
13376,15486
13412,15494
13434,15555
13468,15596
13503,15570
13510,15573
13549,15670
13568,15706
13588,15647
13608,15682
13634,15748
13670,15797
13703,15789
13722,15766
13757,15853
13773,15889
13802,15875
13826,15872
13856,15911
13882,16011
13902,16017
13941,15960
13982,16045
13982,16102
14012,16104
14044,16093
14049,16126
14077,16208
14108,16208
14128,16188
14140,16256
14171,16300
14204,16321
14222,16290
14233,16344
14246,23
14297,11
14320,13
14335,49
14361,131
14379,118
14397,90
14413,144
14427,193
14435,218
14469,164
14477,212
14511,306
14531,305
14543,251
14563,297
14563,373
14591,371
14591,341
14607,375
14635,461
14649,433
14681,406
14703,457
14701,557
14710,520
14733,490
14739,509
14737,583
14771,622
14807,557
14812,612
14817,696
14842,704
14870,642
14870,704
14890,770
14904,787
14918,751
14932,781
14954,884
14994,921
15004,864
15034,915
15051,1027
15072,1058
15112,988
15122,1034
15143,1170
15175,1201
15184,1114
15194,1150
15221,1272
15259,1339
15273,1290
15299,1350
15317,1466
15373,1505
15389,1443
15410,1499
15411,1614
15476,1646
15496,1626
15505,1669
15550,1789
15574,1825
15588,1764
15614,1844
15640,1944
15648,2016
15692,1931
15699,1977
15731,2169
15756,2184
15765,2087
15792,2142
15813,2313
15858,2331
15868,2250
15888,2307
15915,2441
15976,2468
15994,2412
16014,2447
16025,2588
16069,2637
16087,2527
16115,2601
16134,2775
16137,2797
16168,2683
16190,2809
16216,2714
16246,2978
16268,3085
16292,2840
16316,2895
16336,3144
16357,3148
16371,3001
9,3011
47,3203
59,3265
77,3131
83,3141
116,3240
126,3398
147,3179
175,3203
196,3424
220,3461
189,3276
227,3282
266,3564
268,3495
275,3340
302,3405
329,3615
339,3548
345,3437
385,3503
395,3626
399,3660
409,3553
415,3529
460,3732
456,3715
489,3616
503,3606
538,3854
529,3813
558,3692
587,3806
618,3956
624,3926
645,3767
658,3882
703,4051
705,3953
726,3788
757,4023
795,4121
798,4077
823,3936
843,4043
896,4249
902,4186
924,3992
959,4182
976,4352
990,4238
1034,4124
1080,4402
1121,4490
1103,4373
1141,4257
1201,4389
1199,4536
1221,4449
1271,4367
1311,4543
1336,4680
1343,4509
1381,4500
1425,4733
1458,4768
1457,4557
1511,4663
1553,4680
1546,4884
1575,4713
1625,4661
1670,4885
1691,4982
1684,4790
1727,4745
1809,5057
1829,5083
1816,4904
1861,4888
1921,5095
1935,5128
1949,5000
1987,5009
2032,5204
2031,5250
2066,5041
2096,5026
2134,5316
2143,5275
2148,5129
2201,5167
2229,5364
2254,5429
2291,5169
2311,5238
2349,5450
2357,5348
2365,5257
2407,5366
2440,5456
2442,5485
2460,5258
2508,5430
2526,5565
2508,5500
2542,5316
2575,5448
2590,5636
2607,5488
2600,5385
2636,5418
2669,5629
2671,5547
2689,5383
2743,5529
2751,5713
2762,5642
2764,5467
2827,5651
2829,5744
2831,5561
2841,5482
2890,5599
2894,5774
2906,5746
2912,5512
2977,5672
2997,5829
2985,5787
3019,5604
3067,5724
3070,5876
3078,5774
3122,5619
3135,5860
3199,5944
3196,5841
3214,5728
3280,5932
3289,6010
3296,5844
3332,5794
3376,5997
3385,6050
3406,6069
3441,5881
3475,5993
3501,6158
3503,6012
3566,5908
3590,6119
3623,6190
3653,6077
3689,5993
3706,6107
3739,6280
3751,6150
3781,6035
3828,6231
3840,6339
3847,6266
3888,6156
3924,6299
3954,6448
3979,6276
3997,6218
4042,6358
4055,6508
4076,6338
4124,6289
4148,6300
4156,6532
4204,6466
4203,6342
4260,6537
4293,6627
4301,6591
4320,6429
4352,6428
4398,6702
4408,6598
4410,6464
4454,6582
4475,6744
4488,6671
4520,6563
4551,6589
4562,6776
4591,6633
4614,6612
4643,6700
4661,6887
4661,6805
4676,6633
4723,6649
4734,6893
4737,6865
4765,6732
4789,6820
4805,6982
4817,6955
4835,6766
4863,6924
4863,6950
4885,6943
4871,6789
4937,6759
4945,7063
4937,7013
4968,6823
4988,6889
5015,7071
5017,7083
5024,6866
5063,6952
5072,7129
5078,6990
5104,6998
5139,7086
5121,7081
5146,7034
5149,7081
5200,7115
5213,7152
5222,7099
5247,7121
5266,7193
5287,7194
5317,7161
5325,7177
5342,7254
5369,7284
5404,7216
5405,7252
5463,7337
5470,7353
5469,7309
5508,7348
5550,7405
5567,7447
5608,7414
5606,7426
5630,7494
5679,7529
5672,7500
5701,7516
5726,7578
5765,7642
5783,7610
5811,7618
5844,7670
5864,7717
5893,7717
5914,7707
5936,7759
5960,7825
5993,7819
6020,7805
6036,7892
6084,7958
6102,7959
6109,7935
6157,7980
6172,8055
6181,8056
6213,8047
6246,8068
6274,8148
6309,8193
6334,8172
6334,8193
6358,8265
6386,8300
6409,8265
6443,8298
6463,8379
6495,8395
6517,8417
6538,8374
6561,8488
6590,8546
6616,8520
6640,8522
6659,8593
6663,8627
6689,8633
6704,8594
6713,8648
6741,8747
6767,8762
6770,8719
6802,8724
6809,8813
6844,8857
6864,8794
6878,8835
6884,8921
6894,8927
6925,8909
6947,8924
6936,8998
6966,9022
6984,9006
7004,8989
7006,9060
7025,9117
7059,9068
7061,9051
7093,9134
7100,9230
7126,9197
7140,9160
7168,9228
7164,9314
7165,9311
7203,9241
7211,9319
7225,9407
7284,9400
7282,9358
7322,9432
7310,9537
7319,9557
7357,9493
7391,9527
7395,9679
7432,9700
7464,9664
7492,9672
7501,9831
7545,9869
7561,9821
7577,9835
7596,9943
7636,10018
7657,9991
7664,9988
7698,10121
7721,10177
7761,10218
7791,10144
7795,10246
7822,10375
7864,10362
7880,10332
7914,10396
7933,10544
7983,10531
8002,10494
8012,10520
8026,10651
8086,10744
8098,10667
8111,10701
8133,10840
8173,10907
8191,10833
8206,10856
8232,10970
8257,10836
8297,11067
8321,11191
8347,11018
8354,11056
8412,11258
8434,11349
8451,11173
8470,11169
8524,11393
8526,11430
8554,11339
8578,11300
8612,11415
8625,11595
8649,11474
8668,11465
8693,11593
8724,11737
8728,11650
8744,11547
8785,11574
8813,11808
8815,11869
8834,11652
8864,11747
8901,11936
8890,11920
8915,11777
8931,11778
8978,11987
8990,12062
8988,11964
9000,11792
9065,12038
9043,12179
9061,12043
9077,11883
9116,12077
9136,12212
9125,12077
9157,11916
9196,12190
9185,12231
9215,12233
9208,12079
9252,12206
9290,12296
9296,12282
9301,12157
9338,12240
9355,12429
9356,12320
9382,12230
9398,12280
9455,12485
9448,12481
9455,12365
9481,12287
9522,12560
9549,12560
9563,12453
9622,12380
9645,12611
9657,12757
9663,12476
9690,12456
9773,12699
9776,12820
9791,12694
9819,12620
9857,12735
9873,12907
9923,12845
9906,12691
9968,12772
10007,13027
10020,12952
10033,12853
10077,12875
10136,13084
10161,13045
10175,12927
10196,12936
10249,13159
10268,13228
10294,13096
10325,13075
10377,13231
10403,13315
10409,13104
10466,13152
10494,13307
10521,13412
10520,13267
10573,13193
10589,13417
10636,13440
10655,13351
10681,13285
10718,13502
10760,13629
10766,13453
10810,13346
10859,13548
10878,13689
10897,13590
10921,13441
10953,13482
10987,13755
11016,13677
11036,13504
11072,13532
11092,13755
11105,13799
11123,13609
11161,13641
11193,13837
11197,13819
11214,13668
11256,13643
11284,13833
11298,13846
11296,13816
11325,13705
11366,13900
11373,13931
11374,13844
11395,13752
11450,13992
11454,13991
11462,13832
11478,13742
11507,14015
11519,14037
11519,13902
11565,13811
11579,14029
11592,14096
11598,14000
11647,13842
11672,13947
11692,14148
11698,14070
11725,13887
11751,13989
11776,14223
11757,14099
11772,13965
11835,14022
11850,14251
11870,14177
11872,14013
11909,14125
11945,14278
11955,14266
11975,14131
12043,14136
12065,14343
12099,14345
12096,14166
12124,14199
12158,14392
12192,14461
12222,14226
12244,14248
12267,14445
12288,14460
12312,14414
12329,14313
12387,14481
12394,14523
12406,14434
12436,14432
12474,14524
12510,14672
12508,14579
12576,14420
12587,14625
12616,14715
12656,14593
12682,14516
12713,14685
12739,14771
12745,14729
12775,14590
12806,14726
12832,14866
12862,14764
12892,14642
12914,14776
12934,14955
12944,14842
12998,14742
13006,14883
13028,14979
13061,14983
13088,14805
13129,14892
13157,15067
13155,15043
13186,14905
13211,14945
13235,15140
13261,15118
13281,14912
13315,14915
13312,15253
13345,15148
13362,15026
13382,14988
13408,15210
13418,15256
13443,15075
13475,15223
13484,15195
13479,15162
13521,15202
13527,15269
13554,15266
13557,15220
13581,15240
13606,15308
13631,15315
13630,15251
13657,15280
13661,15355
13677,15366
13699,15301
13710,15314
13726,15399
13741,15408
13747,15373
13771,15375
13804,15436
13816,15447
13838,15413
13848,15417
13859,15502
13889,15514
13898,15480
13908,15474
13936,15572
13962,15589
13980,15533
13987,15562
14024,15634
14029,15645
14064,15616
14085,15620
14079,15700
14116,15756
14143,15691
14176,15714
14190,15796
14241,15813
14225,15798
14253,15802
14294,15872
14322,15918
14343,15885
14379,15872
14384,15984
14415,16028
14433,16028
14468,16010
14502,16073
14523,16144
14540,16122
14584,16122
14606,16206
14609,16261
14659,16265
14689,16243
14696,16301
14699,15
14733,16360
14779,16343
14823,54
14835,109
14851,104
14877,77
14911,178
14923,229
14981,235
14983,207
15011,297
15029,364
15060,370
15102,327
15109,394
15118,482
15156,486
15194,454
15188,562
15216,634
15256,600
15269,574
15292,656
15322,764
15344,734
15356,712
15377,763
15396,863
15428,818
15427,813
15445,868
15479,965
15495,967
15503,924
15517,993
15537,1065
15557,1067
15582,985
15592,1079
15603,1152
15639,1140
15648,1098
15676,1182
15690,1282
15708,1245
15732,1222
15736,1288
15740,1357
15752,1310
15773,1299
15789,1381
15811,1439
15821,1406
15865,1360
15853,1481
15895,1556
15893,1517
15933,1499
15942,1587
15946,1668
15996,1638
16017,1596
16038,1720
16056,1811
16080,1773
16110,1719
16112,1856
16140,1964
16152,1903
16207,1920
16209,2023
16237,2101
16261,2074
16287,2049
16285,2207
16333,2277
16367,2222
14,2215
24,2368
58,2452
92,2393
112,2378
140,2525
180,2616
200,2534
224,2552
248,2709
293,2808
322,2714
327,2709
343,2829
395,2937
415,2885
431,2980
455,2891
498,2934
525,3115
559,3081
581,3002
604,3116
627,3357
648,3318
680,3130
716,3218
738,3450
762,3355
780,3307
831,3465
830,3608
876,3562
874,3485
897,3559
953,3709
952,3589
1001,3535
1024,3774
1070,3826
1068,3808
1090,3680
1134,3750
1168,3962
1164,3868
1194,3741
1222,3937
1247,4076
1229,3910
1261,3867
1293,4009
1328,4118
1313,3966
1348,3916
1367,4200
1383,4224
1402,4034
1408,3986
1464,4236
1467,4273
1460,4073
1500,4038
1544,4148
1537,4332
1558,4131
1592,4143
1599,4392
1597,4399
1617,4181
1635,4133
1677,4485
1688,4413
1692,4269
1740,4328
1770,4506
1751,4514
1790,4308
1833,4346
1848,4546
1861,4585
1878,4362
1916,4463
1957,4655
1963,4609
1965,4434
2019,4466
2053,4766
2079,4676
2085,4561
2117,4635
2155,4865
2178,4840
2191,4628
2239,4766
2278,4920
2294,4851
2311,4746
2352,4840
2403,5029
2430,4961
2446,4880
2482,4930
2517,5170
2547,5086
2564,4961
2598,5008
2635,5233
2638,5147
2679,5019
2711,5136
2762,5329
2775,5201
2794,5096
2846,5138
2893,5379
2882,5303
2923,5183
2987,5332
2990,5512
3024,5373
3036,5280
3090,5412
3127,5559
3132,5525
3164,5365
3211,5488
3236,5642
3234,5484
3276,5438
3305,5622
3341,5725
3361,5612
3377,5490
3433,5742
3453,5784
3473,5593
3489,5529
3515,5681
3543,5839
3553,5680
3572,5621
3604,5745
3631,5895
3635,5731
3663,5669
3690,5867
3706,5899
3707,5793
3730,5712
3772,5881
3763,5961
3788,5792
3805,5718
3837,5949
3854,5988
3864,5923
3887,5822
3908,5952
3932,6046
3931,5904
3976,5804
4000,5897
4002,6066
4002,5974
4022,5844
4040,6030
4056,6126
4057,5967
4096,5917
4125,6110
4137,6155
4171,6032
4176,5941
4201,6120
4230,6214
4259,6014
4273,6086
4310,6228
4314,6260
4368,6088
4360,6098
4404,6299
4408,6359
4446,6174
4471,6179
4506,6390
4521,6390
4534,6251
4576,6204
4628,6406
4642,6490
4656,6282
4676,6280
4712,6426
4728,6572
4747,6517
4789,6345
4835,6537
4831,6661
4879,6458
4901,6440
4920,6545
4933,6761
4969,6593
4995,6503
5019,6543
5047,6815
5079,6647
5080,6521
5121,6770
5155,6855
5169,6711
5202,6757
5227,6795
5255,6771
5257,6767
5307,6836
5341,6867
5363,6865
5377,6841
5397,6910
5409,6953
5451,6917
5459,6907
5483,6955
5511,6989
5526,6999
5556,6984
5587,7036
5603,7080
5608,7064
5638,7046
5675,7112
5694,7132
5700,7124
5718,7096
5730,7163
5780,7206
5797,7184
5798,7180
5818,7208
5822,7268
5842,7231
5844,7210
5879,7245
5900,7317
5909,7283
5919,7273
5939,7297
5942,7341
5957,7356
5993,7307
6001,7337
6015,7401
6047,7407
6057,7383
6073,7401
6073,7450
6100,7460
6118,7426
6127,7429
6152,7494
6150,7519
6183,7511
6196,7484
6196,7579
6228,7605
6238,7547
6267,7558
6299,7629
6313,7653
6334,7637
6361,7637
6368,7705
6399,7751
6419,7707
6453,7702
6477,7792
6480,7854
6498,7829
6543,7802
6551,7890
6581,7942
6608,7912
6628,7900
6648,7982
6685,8051
6707,8041
6727,8023
6756,8077
6789,8157
6797,8191
6837,8130
6853,8193
6883,8297
6909,8313
6936,8272
6962,8324
6988,8408
7020,8427
7040,8424
7078,8445
7077,8535
7097,8601
7143,8555
7172,8574
7175,8663
7202,8689
7240,8679
7263,8684
7278,8806
7297,8856
7358,8873
7371,8831
7393,8913
7423,9014
7448,9012
7490,8966
7477,9036
7522,9144
7546,9166
7572,9076
7599,9176
7613,9277
7623,9305
7667,9242
7681,9269
7684,9407
7710,9434
7758,9351
7767,9395
7776,9508
7816,9531
7817,9477
7847,9490
7845,9614
7869,9637
7896,9598
7909,9580
7924,9700
7942,9750
7966,9699
7982,9713
7983,9773
8013,9837
8047,9823
8045,9764
8062,9858
8080,9930
8119,9932
8130,9862
8142,9956
8135,10043
8187,10067
8199,9964
8201,10031
8208,10167
8237,10201
8257,10103
8254,10120
8293,10298
8316,10312
8357,10239
8364,10240
8360,10418
8416,10461
8432,10403
8437,10397
8459,10513
8518,10602
8544,10559
8568,10540
8583,10658
8621,10763
8641,10745
8672,10716
8697,10765
8708,10925
8756,10938
8778,10878
8785,10951
8815,11097
8880,10850
8879,11239
8916,11218
8924,11057
8965,11144
9013,11369
9025,11374
9059,11189
9088,11265
9136,11550
9130,11507
9151,11397
9199,11438
9243,11555
9259,11695
9278,11626
9296,11529
9354,11802
9345,11845
9360,11696
9421,11657
9445,11868
9473,11965
9494,11878
9536,11796
9568,12005
9596,12052
9616,12027
9634,11892
9670,12004
9707,12207
9719,12151
9716,12020
9779,12053
9800,12242
9808,12317
9851,12121
9861,12241
9909,12442
9909,12425
9942,12234
9972,12232
10000,12486
10020,12501
10011,12353
10047,12381
10084,12520
10073,12563
10100,12412
10131,12439
10144,12560
10162,12668
10156,12462
10181,12416
10233,12654
10235,12691
10249,12549
10262,12562
10302,12689
10322,12793
10314,12717
10349,12536
10389,12706
10407,12858
10395,12767
10434,12671
10443,12696
10488,12939
10496,12858
10509,12764
10531,12769
10560,12958
10575,12944
10588,12806
10632,12868
10664,13054
10656,13061
10692,12840
10733,12880
10751,13113
10764,13109
10797,13041
10824,12947
10862,13171
10898,13217
10888,13075
10943,13029
10975,13223
10976,13309
11008,13236
11056,13104
11094,13276
11101,13365
11108,13390
11153,13208
11181,13369
11226,13493
11219,13434
11258,13278
11318,13412
11363,13552
11368,13622
11399,13478
11453,13455
11484,13630
11509,13735
11533,13480
11556,13459
11616,13723
11634,13750
11627,13602
11674,13564
11705,13751
11720,13825
11731,13644
11788,13632
11836,13846
11854,13908
11884,13749
11932,13698
11951,13838
11962,13970
11993,13869
12018,13784
12071,13983
12079,14069
12126,13959
12123,13880
12168,14082
12160,14140
12204,13997
12209,13917
12262,14075
12272,14170
12283,14085
12300,13961
12340,13976
12364,14165
12374,14114
12378,14021
12423,14106
12453,14295
12437,14239
12448,14066
12497,14162
12523,14301
12536,14356
12522,14170
12564,14144
12596,14342
12600,14370
12595,14198
12640,14168
12669,14351
12677,14410
12689,14246
12715,14207
12720,14339
12736,14450
12755,14308
12784,14273
12786,14456
12819,14488
12832,14462
12848,14270
12883,14499
12908,14589
12909,14374
12935,14338
12965,14550
12977,14617
13007,14510
13020,14435
13052,14540
13072,14669
13095,14484
13142,14485
13158,14544
13184,14726
13202,14623
13229,14563
13259,14653
13265,14806
13290,14750
13313,14601
13357,14683
13384,14883
13397,14823
13408,14674
13475,14736
13476,14966
13490,14844
13533,14771
13547,14910
13611,15046
13625,14979
13650,14842
13670,14921
13679,15060
13701,15052
13736,14958
13759,14902
13790,15170
13814,15110
13833,14969
13860,15004
13887,15151
13903,15244
13926,15147
13961,15091
13965,15281
14007,15317
14033,15219
14038,15122
14085,15377
14088,15267
14105,15281
14150,15363
14161,15373
14191,15337
14231,15379
14243,15433
14277,15453
14281,15407
14303,15419
14317,15506
14337,15524
14349,15493
14365,15487
14399,15558
14397,15600
14429,15558
14457,15553
14473,15627
14497,15656
14499,15600
14533,15620
14545,15686
14561,15712
14562,15665
14593,15662
14596,15736
14613,15747
14637,15715
14633,15719
14645,15781
14675,15799
14698,15764
14709,15789
14717,15855
14734,15906
14760,15846
14790,15801
14799,15897
14799,15943
14829,15888
14827,15887
14857,15965
14868,16020
14897,15974
14936,15961
14940,16031
14964,16078
14982,16040
14980,16041
15002,16125
15028,16156
15038,16128
15084,16113
15085,16211
15115,16255
15143,16230
15169,16217
15182,16303
15206,16351
15234,16346
15264,16331
15270,8
15302,94
15340,56
15368,60
15375,155
15417,213
15440,195
15452,194
15480,260
15495,357
15533,316
15561,328
15581,380
15597,485
15641,486
15661,457
15693,558
15702,617
15740,568
15778,589
15794,655
15826,762
15858,714
15869,744
15913,851
15927,896
15968,881
15992,868
15987,979
16025,1067
16033,1058
16064,1042
16089,1137
16121,1223
16155,1170
16169,1173
16191,1288
16221,1372
16267,1323
16299,1321
16276,1412
16308,1506
16356,1464
16357,1439
16364,1562
0,1608
34,1588
53,1566
59,1673
81,1727
108,1671
125,1659
133,1785
147,1823
199,1786
191,1783
210,1888
232,1932
261,1838
286,1873
289,1999
316,2038
322,1950
333,1970
332,2105
377,2147
394,2076
399,2088
397,2205
435,2235
461,2155
476,2162
490,2312
501,2332
540,2217
552,2274
572,2453
606,2476
637,2373
637,2475
633,2325
684,2471
689,2657
711,2575
729,2463
793,2662
800,2792
813,2736
842,2636
872,2796
884,3011
898,2850
941,2813
982,2955
1023,3097
1039,3049
1070,2977
1100,3166
1129,3240
1131,3045
1167,3081
1212,3246
1242,3382
1254,3272
1296,3195
1320,3437
1368,3568
1346,3328
1388,3416
1439,3573
1465,3678
1467,3501
1533,3491
1559,3699
1574,3766
1596,3662
1643,3642
1676,3797
1693,3923
1724,3736
1741,3769
1810,4011
1817,4092
1816,3820
1857,3899
1880,4170
1893,4078
1927,4001
1960,4100
1996,4168
2014,4258
2037,4047
2072,4104
2108,4394
2118,4250
2160,4200
2184,4240
2228,4429
2221,4371
2235,4206
2277,4433
2333,4545
2331,4572
2342,4358
2400,4504
2400,4580
2397,4512
2408,4416
2474,4584
2494,4704
2494,4572
2504,4495
2550,4677
2564,4711
2557,4679
2595,4541
2613,4763
2637,4845
2659,4711
2657,4575
2693,4785
2720,4903
2727,4705
2728,4682
2782,4791
2772,4923
2778,4751
2833,4684
2842,4870
2856,4990
2871,4910
2900,4747
2948,4941
2938,5079
2971,4897
2999,4851
3035,5040
3017,5126
3027,4891
3085,4901
3113,5123
3116,5217
3130,4910
3185,4967
3216,5096
3226,5236
3261,5105
3259,5070
3319,5292
3334,5320
3368,5128
3394,5130
3444,5320
3440,5437
3476,5147
3488,5178
3542,5487
3570,5512
3596,5315
3616,5297
3651,5516
3663,5524
3706,5338
3744,5357
3773,5558
3799,5641
3821,5469
3841,5521
3901,5679
3909,5683
3917,5547
3973,5527
4004,5782
4040,5762
4037,5606
4064,5604
4114,5854
4135,5764
4134,5688
4171,5675
4221,5878
4236,5878
4256,5710
4289,5825
4325,6000
4345,5932
4363,5792
4400,5849
4434,6063
4445,6002
4471,5863
4497,5864
4541,6107
4538,6124
4553,5981
4597,5896
4627,6160
4645,6134
4641,5995
4672,5991
4721,6211
4705,6261
4725,6023
4751,6039
4785,6261
4787,6177
4798,6104
4813,6071
4863,6309
4864,6298
4849,6128
4901,6133
4917,6343
4932,6375
4937,6116
4974,6180
4984,6335
4996,6428
4994,6192
5034,6252
5054,6398
5064,6398
5094,6234
5088,6220
5100,6463
5128,6495
5142,6262
5172,6322
5220,6414
5226,6538
5231,6364
5259,6364
5257,6555
5275,6581
5305,6429
5345,6369
5363,6653
5383,6619
5393,6575
5423,6455
5457,6641
5489,6706
5505,6651
5501,6505
5549,6749
5577,6777
5597,6593
5624,6567
5639,6799
5688,6857
5685,6655
5719,6671
5741,6744
5760,6944
5782,6781
5834,6728
5857,6785
5846,6998
5896,6924
5934,6802
5958,6872
5970,7040
5997,6943
6036,6831
6039,6978
6053,7127
6099,7131
6131,6993
6145,7093
6165,7246
6193,7101
6213,7149
6253,7203
6249,7208
6291,7180
6310,7244
6332,7284
6365,7285
6376,7265
6392,7316
6433,7356
6448,7349
6480,7358
6491,7381
6513,7442
6533,7448
6549,7419
6591,7439
6611,7505
6625,7533
6654,7497
6686,7514
6692,7601
6690,7620
6720,7590
6732,7577
6759,7641
6753,7679
6789,7643
6804,7644
6815,7719
6837,7745
6850,7691
6876,7662
6883,7751
6880,7806
6933,7764
6934,7739
6960,7798
6969,7851
6999,7826
7001,7803
7001,7830
7023,7917
7037,7897
7082,7883
7063,7921
7114,7976
7136,7990
7136,7963
7158,7972
7140,8067
7175,8051
7218,8021
7203,8050
7237,8119
7257,8128
7288,8114
7294,8119
7317,8207
7329,8225
7376,8207
7378,8216
7393,8283
7433,8332
7453,8326
7487,8334
7490,8374
7514,8459
7548,8444
7584,8408
7596,8508
7605,8590
7631,8558
7661,8529
7678,8622
7701,8685
7752,8707
7782,8676
7799,8711
7824,8846
7859,8857
7881,8839
7893,8835
7909,8976
7944,9032
7993,8981
8006,9018
8028,9105
8061,9154
8081,9136
8111,9145
8113,9276
8156,9330
8186,9304
8212,9320
8247,9382
8261,9508
8279,9497
8318,9483
8367,9537
8368,9656
8383,9657
8450,9624
8446,9669
8469,9772
8503,9854
8534,9815
8550,9802
8564,9948
8582,9988
8609,9933
8633,9939
8645,10062
8685,10117
8730,10088
8702,10054
8756,10172
8784,10272
8816,10237
8814,10185
8827,10285
8849,10357
8897,10395
8915,10280
8926,10398
8922,10490
8963,10463
8965,10413
8971,10459
8990,10582
9028,10596
9066,10527
9062,10518
9069,10680
9087,10703
9127,10626
9109,10591
9145,10747
9181,10806
9206,10736
9217,10720
9241,10841
9235,10889
9283,10864
9285,10807
9312,10885
9342,11011
9349,10952
9363,10917
9383,11025
9418,11123
9429,11116
9466,11023
9482,11074
9485,11213
9544,11266
9595,11197
9583,11192
9602,11324
9663,11443
9680,11324
9686,11347
9683,11495
9743,11521
9785,11487
9815,11468
9812,11622
9858,11704
9876,11659
9891,11615
9917,11746
9977,11803
10003,11789
10040,11761
10053,11847
10083,11968
10151,11963
10160,11916
10162,11955
10212,12098
10240,12108
10264,12031
10287,12034
10315,12216
10342,12239
10387,12177
10414,12188
10422,12289
10472,12359
10512,12294
10518,12289
10541,12415
10579,12489
10619,12401
10654,12395
10652,12482
10696,12579
10742,12540
10732,12503
10785,12573
10821,12681
10845,12647
10843,12582
10896,12678
10910,12743
10949,12765
10956,12709
10991,12721
11000,12848
11045,12852
11061,12787
11100,12806
11108,12913
11144,12964
11162,12877
11175,12865
11203,12967
11239,13016
11245,12950
11259,12910
11282,13022
11310,13073
11336,13026
11334,12966
11349,13066
11369,13125
11401,13084
11405,13026
11422,13113
11430,13206
11492,13154
11484,13070
11480,13130
11532,13240
11551,13187
11537,13128
11582,13199
11597,13275
11636,13260
11612,13209
11646,13259
11676,13342
11712,13356
11721,13273
11707,13281
11741,13395
11787,13379
11801,13331
11822,13337
11864,13447
11878,13482
11898,13405
11919,13398
11968,13501
11989,13556
12005,13499
12016,13459
12028,13565
12102,13638
12093,13561
12126,13518
12140,13642
12179,13710
12211,13678
12204,13605
12263,13697
12287,13764
12317,13742
12342,13690
12358,13745
12399,13850
12420,13822
12437,13780
12480,13824
12485,13939
12533,13907
12549,13857
12572,13903
12612,13976
12642,13987
12662,13944
12688,13972
12725,14053
12767,14055
12769,14003
12811,14018
12839,14133
12869,14131
12881,14102
12897,14083
12935,14194
12974,14233
13002,14177
13020,14168
13033,14242
13070,14277
13105,14239
13115,14222
13153,14298
13165,14355
13207,14302
13201,14283
13222,14366
13256,14406
13286,14381
13286,14349
13320,14400
13340,14470
13380,14441
13387,14390
13405,14452
13431,14520
13442,14493
13469,14443
13469,14469
13511,14569
13531,14558
13533,14487
13539,14534
13569,14601
13579,14551
13582,14527
13610,14566
13630,14666
13641,14637
13680,14579
13678,14620
13706,14674
13708,14664
13728,14620
13748,14639
13779,14737
13800,14717
13814,14667
13820,14684
13825,14756
13844,14780
13868,14734
13879,14743
13915,14802
13942,14836
13957,14767
13967,14799
13987,14866
13997,14877
14031,14831
14047,14851
14079,14926
14101,14943
14105,14899
14127,14905
14172,14985
14200,15006
14209,14944
14205,14970
14269,15061
14289,15074
14319,15042
14337,15065
14359,15129
14365,15167
14397,15127
14429,15143
14457,15196
14465,15240
14502,15199
14536,15219
14549,15267
14574,15299
14596,15281
14626,15276
14658,15361
14681,15400
14701,15361
14726,15374
14749,15438
14771,15478
14794,15445
14814,15455
14834,15525
14857,15566
14876,15550
14887,15529
14934,15604
14957,15667
14987,15611
15011,15621
15041,15703
15048,15729
15081,15718
15109,15712
15117,15784
15153,15824
15154,15792
15209,15797
15209,15874
15247,15901
15253,15890
15284,15851
15295,15941
15321,15969
15335,15954
15372,15954
15372,16018
15396,16052
15412,16030
15444,16010
15458,16089
15452,16146
15496,16096
15518,16097
15538,16149
15544,16197
15554,16190
15578,16168
15590,16211
15577,16268
15621,16252
15633,16207
15663,16299
15651,16351
15685,16310
15707,16297
15722,16345
15717,17
15737,16374
15779,16363
15784,24
15788,88
15806,62
15840,28
15846,116
15878,161
15898,115
15915,130
15933,200
15942,287
15972,252
15999,219
16006,300
16026,362
16053,315
16089,325
16111,413
16127,459
16154,473
16182,436
16198,527
16232,592
16246,570
16252,576
16291,661
16324,747
16365,676
1,715
17,807
17,887
50,847
96,877
113,960
138,1018
190,1004
187,1012
192,1126
256,1204
267,1129
305,1174
315,1287
373,1353
410,1312
416,1333
443,1475
485,1517
513,1477
515,1486
538,1627
584,1706
611,1647
633,1657
651,1773
683,1856
745,1770
741,1807
759,1932
807,2005
832,1940
836,1943
877,2108
903,2175
941,2076
965,2131
984,2250
1009,2317
1042,2191
1037,2286
1073,2405
1107,2433
1120,2358
1124,2396
1166,2537
1190,2524
1215,2427
1227,2508
1251,2653
1289,2600
1300,2762
1299,2613
1349,2596
1365,2777
1366,2814
1371,2596
1395,2624
1448,2834
1432,2890
1459,2745
1475,2766
1493,3036
1507,3021
1526,2854
1551,2954
1600,3119
1589,3015
1612,2961
1646,3028
1662,3187
1675,3175
1674,3046
1723,3124
1775,3281
1765,3302
1785,3205
1824,3155
1860,3368
1854,3454
1878,3249
1926,3405
1916,3546
1933,3504
1972,3359
2023,3494
2040,3654
2049,3509
2113,3440
2146,3656
2174,3834
2192,3681
2235,3615
2248,3881
2275,3908
2291,3805
2299,3761
2373,3845
2397,4029
2402,3959
2437,3947
2494,4104
2504,4185
2513,4020
2556,4004
2608,4254
2635,4262
2655,4136
2678,4129
2719,4269
2742,4391
2752,4242
2794,4203
2847,4449
2867,4433
2873,4315
2921,4324
2967,4581
2986,4570
2990,4392
3014,4422
3068,4658
3080,4700
3104,4526
3125,4575
3166,4798
3198,4769
3222,4576
3276,4714
3285,4878
3313,4867
3321,4647
3349,4780
3405,4926
3395,4889
3429,4701
3445,4815
3487,5000
3491,5012
3484,4809
3562,4857
3559,5099
3562,5104
3582,4880
3632,4967
3642,5130
3650,5136
3667,4985
3712,4992
3733,5216
3734,5166
3738,4994
3778,5073
3785,5242
3821,5260
3825,5060
3860,5039
3866,5301
3865,5212
3886,5105
3925,5137
3932,5320
3952,5328
3968,5139
4005,5204
4029,5427
4037,5329
4055,5187
4077,5356
4096,5453
4096,5398
4133,5233
4163,5317
4197,5493
4196,5354
4201,5297
4238,5397
4246,5569
4265,5467
4296,5402
4334,5574
4358,5646
4372,5580
4388,5470
4422,5571
4477,5708
4490,5650
4507,5495
4532,5650
4568,5749
4582,5711
4605,5580
4638,5718
4670,5864
4698,5765
4716,5612
4744,5770
4773,5925
4783,5767
4811,5733
4858,5890
4880,6012
4892,5830
4938,5793
4971,5948
5005,6039
5029,6005
5064,5847
5066,6008
5102,6136
5110,6018
5176,5892
5170,6093
5200,6224
5240,6102
5258,5970
5284,6098
5310,6260
5324,6176
5365,6032
5384,6158
5413,6353
5429,6309
5461,6139
5485,6269
5503,6384
5535,6379
5554,6175
5577,6245
5615,6493
5613,6394
5650,6297
5653,6395
5679,6508
5695,6491
5729,6325
5738,6455
5739,6542
5779,6560
5787,6356
5799,6393
5807,6603
5831,6609
5875,6443
5868,6440
5881,6664
5914,6579
5930,6454
5961,6500
5961,6656
5973,6687
5995,6478
5998,6514
6015,6729
6042,6706
6054,6648
6072,6564
6083,6845
6113,6764
6129,6563
6144,6663
6144,6838
6178,6714
6196,6727
6228,6661
6249,6867
6276,6940
6277,6717
6319,6685
6329,6982
6333,6947
6356,6772
6385,6829
6405,6931
6419,6954
6448,6855
6468,6984
6485,6969
6538,6940
6554,6969
6554,7066
6593,7067
6628,7034
6638,7046
6661,7131
6675,7172
6719,7153
6741,7139
6760,7219
6791,7241
6807,7215
6841,7207
6861,7274
6867,7305
6896,7275
6926,7296
6956,7370
6980,7412
6996,7400
7036,7392
7040,7430
7074,7499
7111,7467
7146,7466
7155,7530
7166,7586
7215,7572
7237,7575
7253,7609
7274,7670
7304,7676
7320,7666
7351,7696
7354,7772
7397,7775
7437,7744
7429,7772
7457,7856
7483,7908
7535,7849
7536,7866
7563,7930
7578,7976
7596,7930
7620,7959
7652,8019
7655,8096
7701,8053
7723,8025
7712,8084
7749,8165
7781,8156
7792,8111
7792,8151
7807,8255
7850,8228
7836,8192
7864,8232
7872,8298
7877,8286
7921,8231
7940,8272
7934,8364
7980,8381
8010,8336
8014,8348
8017,8433
8050,8453
8063,8429
8081,8397
8086,8474
8083,8532
8136,8503
8148,8501
8163,8558
8161,8625
8193,8616
8219,8597
8239,8643
8233,8700
8258,8689
8309,8674
8319,8743
8335,8815
8362,8827
8412,8787
8407,8840
8416,8913
8460,8950
8496,8891
8493,8944
8529,9038
8554,9087
8600,9074
8610,9057
8630,9192
8651,9238
8704,9203
8693,9222
8744,9316
8772,9372
8804,9406
8824,9372
8846,9438
8865,9527
8914,9584
8941,9529
8945,9615
8988,9723
9020,9768
9064,9713
9057,9731
9093,9889
9128,9947
9168,9882
9190,9923
9212,10047
9258,10110
9287,10089
9319,10091
9331,10182
9346,10297
9423,10246
9428,10236
9457,10361
9477,10451
9536,10448
